# Blender 4.4.3
# www.blender.org
mtllib fan.mtl
o 平面.001
v -0.020624 -0.093341 0.021672
v 0.029065 -0.092300 0.021611
v 0.008339 -0.347942 0.033867
v 0.099478 -0.329362 0.032571
v -0.042918 -0.287343 0.030450
v -0.045903 -0.186439 0.026042
v 0.050088 -0.173861 0.024879
v 0.078173 -0.261034 0.028661
v -0.031942 -0.118070 0.023280
v 0.037423 -0.108752 0.022145
v -0.092855 -0.022873 0.019603
v -0.067100 -0.065379 0.019621
v -0.299013 -0.175385 0.026516
v -0.237320 -0.245002 0.025712
v -0.272123 -0.100664 0.024306
v -0.186178 -0.047579 0.022001
v -0.127257 -0.124401 0.021210
v -0.188749 -0.192348 0.023205
v -0.119955 -0.025453 0.020681
v -0.077173 -0.080848 0.019820
v -0.067936 0.074932 0.018922
v -0.091853 0.031375 0.018082
v -0.303211 0.177121 0.022415
v -0.332610 0.088893 0.020230
v -0.225031 0.191222 0.021795
v -0.136046 0.143367 0.020697
v -0.173068 0.053937 0.018371
v -0.262685 0.073189 0.018877
v -0.083744 0.097099 0.019915
v -0.110288 0.032360 0.017947
v 0.029214 0.102270 0.020310
v -0.020442 0.101207 0.018534
v -0.000056 0.357071 0.025665
v -0.091102 0.338430 0.021606
v 0.051265 0.296430 0.025429
v 0.054362 0.195454 0.023434
v -0.041535 0.182814 0.019201
v -0.069699 0.270039 0.020005
v 0.040479 0.127034 0.021748
v -0.028807 0.117664 0.018399
v 0.101445 0.031802 0.022379
v 0.075722 0.074286 0.020525
v 0.307297 0.184514 0.033016
v 0.245697 0.254070 0.028464
v 0.280470 0.109751 0.031573
v 0.194637 0.056593 0.027476
v 0.135810 0.133353 0.022870
v 0.197223 0.201353 0.025462
v 0.128492 0.034417 0.024346
v 0.085789 0.089761 0.020723
v 0.076526 -0.066004 0.023060
v 0.100476 -0.022467 0.022063
v 0.311494 -0.167993 0.037117
v 0.340987 -0.079825 0.033947
v 0.233378 -0.182135 0.034084
v 0.144505 -0.134353 0.028780
v 0.181622 -0.044984 0.025709
v 0.271158 -0.064184 0.029789
v 0.092281 -0.088135 0.025112
v 0.118904 -0.023448 0.022596
v -0.020624 -0.093341 0.021672
v 0.029065 -0.092300 0.021611
v 0.008339 -0.347942 0.033867
v 0.099478 -0.329362 0.032571
v -0.042918 -0.287343 0.030450
v -0.045903 -0.186439 0.026043
v 0.050088 -0.173861 0.024879
v 0.078172 -0.261034 0.028661
v -0.031942 -0.118070 0.023280
v 0.037422 -0.108752 0.022145
v -0.020630 -0.092608 0.026614
v 0.029055 -0.091537 0.026551
v 0.008362 -0.347709 0.038861
v 0.099502 -0.329129 0.037565
v -0.042884 -0.287041 0.037110
v -0.045860 -0.186101 0.032699
v 0.050129 -0.173505 0.031533
v 0.078207 -0.260732 0.035321
v -0.031920 -0.117406 0.029908
v 0.037437 -0.108010 0.028764
v -0.092315 -0.022547 0.024560
v -0.066537 -0.065035 0.024575
v -0.298893 -0.175336 0.031515
v -0.237200 -0.244953 0.030711
v -0.271968 -0.100605 0.030970
v -0.185988 -0.047510 0.028663
v -0.127051 -0.124321 0.027871
v -0.188594 -0.192289 0.029869
v -0.119491 -0.025203 0.027322
v -0.076647 -0.080552 0.026454
v -0.067476 0.074581 0.023885
v -0.091367 0.031012 0.023043
v -0.303201 0.176995 0.027414
v -0.332600 0.088766 0.025228
v -0.225027 0.191055 0.028460
v -0.136015 0.143174 0.027359
v -0.173020 0.053736 0.025032
v -0.262681 0.073021 0.025541
v -0.083419 0.096760 0.026560
v -0.109892 0.031990 0.024586
v 0.029048 0.101649 0.025265
v -0.020606 0.100557 0.023487
v -0.000254 0.356953 0.030660
v -0.091300 0.338311 0.026601
v 0.050998 0.296280 0.032088
v 0.054086 0.195267 0.030091
v -0.041809 0.182609 0.025856
v -0.069967 0.269889 0.026665
v 0.040224 0.126521 0.028384
v -0.029053 0.117074 0.025029
v 0.100732 0.031589 0.027320
v 0.074986 0.074056 0.025463
v 0.307002 0.184579 0.038007
v 0.245402 0.254135 0.033455
v 0.280082 0.109845 0.038228
v 0.194214 0.056676 0.034127
v 0.135372 0.133425 0.029519
v 0.196835 0.201446 0.032116
v 0.127796 0.034318 0.030970
v 0.085031 0.089616 0.027340
v 0.075893 -0.065540 0.027995
v 0.099816 -0.021991 0.026994
v 0.311310 -0.167752 0.042107
v 0.340802 -0.079585 0.038937
v 0.233141 -0.181815 0.040739
v 0.144241 -0.134008 0.035431
v 0.181341 -0.044632 0.032358
v 0.270921 -0.063864 0.036444
v 0.091724 -0.087645 0.031732
v 0.118276 -0.022927 0.029207
v -0.020631 -0.092608 0.026614
v 0.029055 -0.091537 0.026551
v 0.008362 -0.347709 0.038861
v 0.099502 -0.329129 0.037565
v -0.042884 -0.287040 0.037110
v -0.045860 -0.186101 0.032699
v 0.050129 -0.173505 0.031533
v 0.078207 -0.260732 0.035321
v -0.031920 -0.117406 0.029908
v 0.037436 -0.108010 0.028764
v -0.030899 -0.112694 0.022917
v -0.029991 -0.107998 0.022553
v -0.029043 -0.103973 0.022219
v -0.027875 -0.100612 0.021945
v -0.026350 -0.097901 0.021754
v -0.024489 -0.095798 0.021652
v -0.022407 -0.094259 0.021635
v -0.016572 -0.092979 0.021442
v -0.010471 -0.092583 0.021197
v -0.003325 -0.092274 0.021025
v 0.004317 -0.092086 0.020959
v 0.011941 -0.092031 0.021016
v 0.019040 -0.092080 0.021177
v 0.025075 -0.092190 0.021403
v 0.083311 -0.272061 0.029149
v 0.088457 -0.282818 0.029639
v 0.093153 -0.293097 0.030137
v 0.096942 -0.302687 0.030648
v 0.099442 -0.311382 0.031173
v 0.100575 -0.318981 0.031698
v 0.100405 -0.325232 0.032196
v 0.093105 -0.332328 0.032564
v 0.083085 -0.336151 0.032600
v 0.070835 -0.339890 0.032699
v 0.057171 -0.343121 0.032864
v 0.042915 -0.345542 0.033094
v 0.029075 -0.347102 0.033365
v 0.016803 -0.347840 0.033647
v 0.002549 -0.345411 0.033597
v -0.005086 -0.341109 0.033227
v -0.012986 -0.335309 0.032817
v -0.020591 -0.328076 0.032382
v -0.027516 -0.319490 0.031932
v -0.033607 -0.309713 0.031463
v -0.038772 -0.298935 0.030970
v -0.045985 -0.275121 0.029900
v -0.048054 -0.262443 0.029327
v -0.049238 -0.249482 0.028744
v -0.049652 -0.236409 0.028160
v -0.049412 -0.223397 0.027588
v -0.048630 -0.210616 0.027036
v -0.047423 -0.198240 0.026518
v 0.038162 -0.114231 0.022413
v 0.039169 -0.120666 0.022703
v 0.040431 -0.127960 0.023014
v 0.041933 -0.136013 0.023346
v 0.043663 -0.144728 0.023698
v 0.045608 -0.154007 0.024071
v 0.047754 -0.163751 0.024465
v 0.052606 -0.184250 0.025313
v 0.055335 -0.194866 0.025763
v 0.058312 -0.205669 0.026228
v 0.061572 -0.216617 0.026705
v 0.065152 -0.227668 0.027189
v 0.069088 -0.238782 0.027678
v 0.073416 -0.249918 0.028170
v 0.040055 -0.175205 0.024455
v 0.028334 -0.176761 0.024207
v 0.015490 -0.178455 0.024128
v 0.002085 -0.180216 0.024213
v -0.011320 -0.181968 0.024453
v -0.024161 -0.183638 0.024843
v -0.035876 -0.185153 0.025375
v 0.065517 -0.263808 0.028301
v 0.050733 -0.267037 0.028130
v 0.034531 -0.270568 0.028135
v 0.017621 -0.274245 0.028307
v 0.000711 -0.277916 0.028635
v -0.015488 -0.281425 0.029108
v -0.030268 -0.284619 0.029717
v -0.044177 -0.175357 0.025618
v -0.042319 -0.165014 0.025237
v -0.040390 -0.155403 0.024889
v -0.038456 -0.146518 0.024564
v -0.036580 -0.138349 0.024251
v -0.034827 -0.130890 0.023940
v -0.033259 -0.124133 0.023620
v 0.030706 -0.092700 0.021510
v 0.032560 -0.093407 0.021422
v 0.034127 -0.094465 0.021389
v 0.035297 -0.095969 0.021422
v 0.036051 -0.098026 0.021525
v 0.036535 -0.100758 0.021688
v 0.036930 -0.104291 0.021899
v 0.030173 -0.109786 0.021720
v 0.021705 -0.110965 0.021471
v 0.012424 -0.112235 0.021389
v 0.002737 -0.113543 0.021470
v -0.006950 -0.114835 0.021706
v -0.016230 -0.116055 0.022091
v -0.024696 -0.117152 0.022618
v -0.114772 -0.023665 0.020432
v -0.110245 -0.022099 0.020167
v -0.106279 -0.020904 0.019919
v -0.102781 -0.020233 0.019716
v -0.099668 -0.020196 0.019583
v -0.096914 -0.020754 0.019527
v -0.094541 -0.021788 0.019545
v -0.090511 -0.026199 0.019386
v -0.087112 -0.031281 0.019156
v -0.083267 -0.037313 0.018998
v -0.079281 -0.043836 0.018944
v -0.075421 -0.050411 0.019012
v -0.071915 -0.056584 0.019179
v -0.068997 -0.061867 0.019410
v -0.195735 -0.202316 0.023469
v -0.202483 -0.212156 0.023740
v -0.209042 -0.221367 0.024029
v -0.215460 -0.229449 0.024344
v -0.221746 -0.235967 0.024690
v -0.227768 -0.240752 0.025058
v -0.233275 -0.243736 0.025425
v -0.243075 -0.240967 0.025636
v -0.251397 -0.234203 0.025581
v -0.260763 -0.225465 0.025588
v -0.270398 -0.215250 0.025670
v -0.279628 -0.204118 0.025833
v -0.287906 -0.192916 0.026056
v -0.294688 -0.182662 0.026308
v -0.299713 -0.169103 0.026293
v -0.299801 -0.160337 0.026004
v -0.298722 -0.150591 0.025705
v -0.296257 -0.140385 0.025413
v -0.292278 -0.130091 0.025134
v -0.286852 -0.119923 0.024862
v -0.280095 -0.110056 0.024589
v -0.263066 -0.091891 0.024007
v -0.253114 -0.083755 0.023697
v -0.242475 -0.076242 0.023383
v -0.231354 -0.069341 0.023071
v -0.219957 -0.063037 0.022771
v -0.208492 -0.057317 0.022487
v -0.197163 -0.052169 0.022228
v -0.081551 -0.084231 0.019975
v -0.086624 -0.088324 0.020132
v -0.092314 -0.093066 0.020292
v -0.098541 -0.098398 0.020458
v -0.105227 -0.104257 0.020630
v -0.112294 -0.110585 0.020812
v -0.119663 -0.117319 0.021005
v -0.134999 -0.131780 0.021430
v -0.142834 -0.139457 0.021662
v -0.150706 -0.147441 0.021905
v -0.158562 -0.155743 0.022157
v -0.166348 -0.164374 0.022414
v -0.174010 -0.173345 0.022676
v -0.181495 -0.182666 0.022940
v -0.133430 -0.116380 0.020747
v -0.140634 -0.107007 0.020453
v -0.148524 -0.096731 0.020324
v -0.156754 -0.086004 0.020357
v -0.164980 -0.075275 0.020545
v -0.172856 -0.064994 0.020885
v -0.180037 -0.055612 0.021372
v -0.197474 -0.182772 0.022773
v -0.207660 -0.171584 0.022517
v -0.218820 -0.159320 0.022430
v -0.230465 -0.146517 0.022506
v -0.242106 -0.133713 0.022738
v -0.253255 -0.121444 0.023119
v -0.263424 -0.110249 0.023644
v -0.175712 -0.043527 0.021809
v -0.165821 -0.039961 0.021647
v -0.156530 -0.036822 0.021502
v -0.147864 -0.034050 0.021364
v -0.139848 -0.031587 0.021224
v -0.132508 -0.029373 0.021070
v -0.125868 -0.027348 0.020893
v -0.066624 -0.066999 0.019513
v -0.066307 -0.068958 0.019412
v -0.066438 -0.070843 0.019359
v -0.067156 -0.072608 0.019362
v -0.068561 -0.074291 0.019423
v -0.070688 -0.076077 0.019530
v -0.073553 -0.078189 0.019668
v -0.081686 -0.075084 0.019366
v -0.086938 -0.068338 0.019082
v -0.092678 -0.060936 0.018964
v -0.098657 -0.053202 0.019006
v -0.104624 -0.045462 0.019204
v -0.110329 -0.038041 0.019553
v -0.115523 -0.031263 0.020047
v -0.079599 0.093507 0.019709
v -0.075974 0.090373 0.019482
v -0.072952 0.087539 0.019263
v -0.070617 0.084847 0.019078
v -0.069025 0.082171 0.018950
v -0.068130 0.079508 0.018886
v -0.067838 0.076936 0.018884
v -0.069638 0.071242 0.018638
v -0.072334 0.065759 0.018306
v -0.075630 0.059415 0.018026
v -0.079283 0.052702 0.017842
v -0.083046 0.046071 0.017776
v -0.086640 0.039947 0.017819
v -0.089758 0.034776 0.017943
v -0.274814 0.074250 0.018925
v -0.286713 0.075171 0.018983
v -0.297973 0.076242 0.019072
v -0.308185 0.077754 0.019211
v -0.316979 0.079935 0.019414
v -0.324140 0.082753 0.019675
v -0.329485 0.086026 0.019973
v -0.331993 0.095896 0.020231
v -0.330298 0.106485 0.020308
v -0.327418 0.118965 0.020486
v -0.323395 0.132415 0.020771
v -0.318377 0.145973 0.021155
v -0.312824 0.158741 0.021602
v -0.307343 0.169739 0.022060
v -0.298118 0.180871 0.022322
v -0.290567 0.185333 0.022216
v -0.281585 0.189276 0.022122
v -0.271510 0.192247 0.022046
v -0.260603 0.193952 0.021986
v -0.249082 0.194341 0.021932
v -0.237155 0.193427 0.021873
v -0.212901 0.187769 0.021690
v -0.200874 0.183223 0.021561
v -0.189043 0.177770 0.021416
v -0.177500 0.171594 0.021261
v -0.166336 0.164881 0.021105
v -0.155645 0.157815 0.020954
v -0.145517 0.150582 0.020816
v -0.115409 0.034458 0.018027
v -0.121493 0.036803 0.018092
v -0.128447 0.039356 0.018147
v -0.136180 0.042081 0.018194
v -0.144600 0.044939 0.018237
v -0.153616 0.047893 0.018278
v -0.163136 0.050905 0.018322
v -0.183333 0.056949 0.018428
v -0.193902 0.059892 0.018491
v -0.204756 0.062714 0.018558
v -0.215877 0.065363 0.018627
v -0.227248 0.067787 0.018696
v -0.238852 0.069933 0.018762
v -0.250670 0.071751 0.018823
v -0.169203 0.063298 0.018068
v -0.164686 0.074226 0.017961
v -0.159734 0.086198 0.018038
v -0.154564 0.098689 0.018285
v -0.149393 0.111175 0.018688
v -0.144438 0.123133 0.019233
v -0.139917 0.134038 0.019907
v -0.258751 0.085536 0.018635
v -0.254155 0.099954 0.018601
v -0.249117 0.115752 0.018757
v -0.243859 0.132237 0.019086
v -0.238601 0.148718 0.019572
v -0.233563 0.164504 0.020197
v -0.228966 0.178903 0.020943
v -0.127299 0.136333 0.020602
v -0.119262 0.129552 0.020525
v -0.111895 0.123078 0.020456
v -0.105158 0.116961 0.020387
v -0.099014 0.111253 0.020307
v -0.093423 0.106006 0.020208
v -0.088346 0.101270 0.020080
v -0.093016 0.030154 0.017941
v -0.094551 0.028900 0.017800
v -0.096248 0.028072 0.017707
v -0.098136 0.027811 0.017672
v -0.100297 0.028185 0.017697
v -0.102908 0.029132 0.017764
v -0.106172 0.030556 0.017854
v -0.107546 0.039155 0.017608
v -0.104327 0.047078 0.017459
v -0.100788 0.055752 0.017489
v -0.097084 0.064796 0.017686
v -0.093371 0.073832 0.018038
v -0.089806 0.082480 0.018535
v -0.086545 0.090362 0.019164
v 0.039447 0.121650 0.021471
v 0.038551 0.116946 0.021184
v 0.037613 0.112914 0.020909
v 0.036454 0.109548 0.020670
v 0.034935 0.106833 0.020488
v 0.033079 0.104727 0.020369
v 0.030998 0.103187 0.020314
v 0.025173 0.101901 0.019947
v 0.019084 0.101497 0.019497
v 0.011948 0.101181 0.019082
v 0.004313 0.100989 0.018753
v -0.003308 0.100932 0.018545
v -0.010409 0.100982 0.018456
v -0.016447 0.101095 0.018468
v -0.074847 0.281072 0.020062
v -0.080003 0.291836 0.020126
v -0.084709 0.302121 0.020224
v -0.088510 0.311719 0.020383
v -0.091024 0.320423 0.020622
v -0.092171 0.328031 0.020933
v -0.092016 0.334292 0.021293
v -0.084731 0.341398 0.021754
v -0.074717 0.345224 0.022054
v -0.062476 0.348969 0.022495
v -0.048824 0.352209 0.023065
v -0.034584 0.354640 0.023738
v -0.020762 0.356212 0.024458
v -0.008507 0.356961 0.025151
v 0.005739 0.354537 0.025656
v 0.013381 0.350231 0.025651
v 0.021288 0.344426 0.025650
v 0.028901 0.337188 0.025648
v 0.035833 0.328596 0.025636
v 0.041933 0.318814 0.025604
v 0.047108 0.308030 0.025539
v 0.054345 0.284200 0.025265
v 0.056427 0.271513 0.025056
v 0.057626 0.258543 0.024810
v 0.058055 0.245460 0.024540
v 0.057829 0.232438 0.024257
v 0.057063 0.219648 0.023971
v 0.055869 0.207263 0.023693
v -0.029554 0.123148 0.018516
v -0.030568 0.129587 0.018624
v -0.031836 0.136885 0.018724
v -0.033346 0.144944 0.018819
v -0.035084 0.153664 0.018911
v -0.037036 0.162948 0.019004
v -0.039191 0.172697 0.019100
v -0.044062 0.193209 0.019309
v -0.046801 0.203832 0.019421
v -0.049788 0.214641 0.019535
v -0.053058 0.225595 0.019646
v -0.056649 0.236653 0.019753
v -0.060595 0.247774 0.019850
v -0.064933 0.258916 0.019935
v -0.031492 0.184151 0.019097
v -0.019769 0.185706 0.019224
v -0.006930 0.187403 0.019556
v 0.006465 0.189170 0.020069
v 0.019854 0.190933 0.020739
v 0.032674 0.192617 0.021539
v 0.044364 0.194148 0.022446
v -0.057038 0.272809 0.020026
v -0.042256 0.276039 0.020298
v -0.026063 0.279575 0.020789
v -0.009167 0.283263 0.021468
v 0.007722 0.286946 0.022304
v 0.023897 0.290472 0.023264
v 0.038647 0.293685 0.024316
v 0.052648 0.184363 0.023203
v 0.050800 0.174014 0.022994
v 0.048881 0.164397 0.022798
v 0.046956 0.155506 0.022609
v 0.045089 0.147331 0.022417
v 0.043344 0.139867 0.022215
v 0.041786 0.133103 0.021995
v -0.022078 0.101605 0.018366
v -0.023929 0.102309 0.018197
v -0.025493 0.103365 0.018085
v -0.026662 0.104869 0.018043
v -0.027419 0.106927 0.018073
v -0.027907 0.109662 0.018157
v -0.028308 0.113199 0.018273
v -0.021547 0.118691 0.018205
v -0.013074 0.119868 0.018225
v -0.003796 0.121139 0.018440
v 0.005883 0.122453 0.018829
v 0.015556 0.123753 0.019375
v 0.024817 0.124986 0.020056
v 0.033260 0.126098 0.020853
v 0.123320 0.032621 0.023956
v 0.118804 0.031047 0.023569
v 0.114850 0.029846 0.023209
v 0.111360 0.029169 0.022899
v 0.108253 0.029128 0.022659
v 0.105504 0.029683 0.022494
v 0.103131 0.030716 0.022405
v 0.099111 0.035120 0.022004
v 0.095724 0.040195 0.021539
v 0.091890 0.046220 0.021109
v 0.087911 0.052738 0.020767
v 0.084054 0.059312 0.020550
v 0.080547 0.065486 0.020453
v 0.077624 0.070771 0.020461
v 0.204199 0.211327 0.025742
v 0.210938 0.221174 0.026025
v 0.217486 0.230391 0.026332
v 0.223892 0.238481 0.026687
v 0.230165 0.245008 0.027104
v 0.236172 0.249802 0.027573
v 0.241664 0.252796 0.028064
v 0.251450 0.250037 0.028681
v 0.259766 0.243276 0.029072
v 0.269122 0.234544 0.029606
v 0.278744 0.224338 0.030259
v 0.287958 0.213216 0.030999
v 0.296219 0.202026 0.031767
v 0.302984 0.191782 0.032490
v 0.308001 0.178229 0.032961
v 0.308095 0.169458 0.032875
v 0.307024 0.159708 0.032761
v 0.304566 0.149497 0.032616
v 0.300595 0.139197 0.032433
v 0.295178 0.129024 0.032204
v 0.288431 0.119150 0.031920
v 0.271425 0.100970 0.031158
v 0.261487 0.092825 0.030686
v 0.250862 0.085303 0.030171
v 0.239756 0.078392 0.029629
v 0.228375 0.072078 0.029073
v 0.216924 0.066349 0.028520
v 0.205609 0.061192 0.027982
v 0.090160 0.093148 0.020954
v 0.095226 0.097245 0.021195
v 0.100908 0.101992 0.021446
v 0.107128 0.107328 0.021707
v 0.113806 0.113193 0.021979
v 0.120865 0.119526 0.022264
v 0.128226 0.126266 0.022560
v 0.143543 0.140739 0.023191
v 0.151368 0.148422 0.023522
v 0.159230 0.156412 0.023858
v 0.167076 0.164721 0.024194
v 0.174851 0.173359 0.024527
v 0.182504 0.182337 0.024852
v 0.189979 0.191664 0.025165
v 0.141993 0.125326 0.022805
v 0.149199 0.115952 0.022978
v 0.157085 0.105679 0.023360
v 0.165304 0.094959 0.023926
v 0.173514 0.084240 0.024647
v 0.181369 0.073973 0.025497
v 0.188525 0.064608 0.026449
v 0.205953 0.191773 0.025554
v 0.216138 0.180586 0.025910
v 0.227289 0.168328 0.026494
v 0.238919 0.155534 0.027269
v 0.250540 0.142744 0.028201
v 0.261664 0.130492 0.029253
v 0.271803 0.119315 0.030388
v 0.184183 0.052534 0.027011
v 0.174302 0.048961 0.026584
v 0.165021 0.045816 0.026185
v 0.156364 0.043038 0.025808
v 0.148357 0.040569 0.025444
v 0.141025 0.038349 0.025084
v 0.134395 0.036318 0.024721
v 0.075251 0.075904 0.020364
v 0.074938 0.077859 0.020207
v 0.075072 0.079743 0.020115
v 0.075791 0.081508 0.020103
v 0.077193 0.083193 0.020175
v 0.079315 0.084982 0.020315
v 0.082175 0.087097 0.020505
v 0.090312 0.083989 0.020559
v 0.095568 0.077241 0.020613
v 0.101306 0.069840 0.020865
v 0.107276 0.062112 0.021293
v 0.113230 0.054380 0.021877
v 0.118917 0.046971 0.022594
v 0.124087 0.040208 0.023424
v 0.088147 -0.084551 0.024679
v 0.084533 -0.081424 0.024255
v 0.081522 -0.078597 0.023865
v 0.079196 -0.075911 0.023537
v 0.077611 -0.073239 0.023292
v 0.076720 -0.070579 0.023136
v 0.076429 -0.068007 0.023065
v 0.078239 -0.062320 0.022752
v 0.080947 -0.056845 0.022389
v 0.084253 -0.050507 0.022080
v 0.087913 -0.043799 0.021870
v 0.091678 -0.037170 0.021785
v 0.095271 -0.031045 0.021814
v 0.098385 -0.025871 0.021928
v 0.283278 -0.065239 0.030286
v 0.295167 -0.066154 0.030782
v 0.306417 -0.067218 0.031289
v 0.316617 -0.068723 0.031819
v 0.325398 -0.070895 0.032380
v 0.332544 -0.073703 0.032956
v 0.337874 -0.076966 0.033515
v 0.340368 -0.086827 0.034086
v 0.338667 -0.097412 0.034346
v 0.335777 -0.109885 0.034708
v 0.331741 -0.123327 0.035158
v 0.326708 -0.136875 0.035677
v 0.321137 -0.149631 0.036221
v 0.315639 -0.160619 0.036738
v 0.306406 -0.171745 0.036931
v 0.298861 -0.176212 0.036662
v 0.289887 -0.180159 0.036345
v 0.279820 -0.183135 0.035984
v 0.268920 -0.184845 0.035581
v 0.257408 -0.185240 0.035134
v 0.245491 -0.184332 0.034636
v 0.221260 -0.178690 0.033475
v 0.209247 -0.174153 0.032822
v 0.197430 -0.168709 0.032138
v 0.185902 -0.162543 0.031439
v 0.174754 -0.155840 0.030739
v 0.164077 -0.148784 0.030053
v 0.153964 -0.141560 0.029395
v 0.124018 -0.025541 0.022903
v 0.130094 -0.027882 0.023234
v 0.137041 -0.030430 0.023591
v 0.144767 -0.033150 0.023970
v 0.153179 -0.036003 0.024373
v 0.162187 -0.038952 0.024797
v 0.171698 -0.041958 0.025243
v 0.191877 -0.047991 0.026193
v 0.202436 -0.050927 0.026694
v 0.213280 -0.053742 0.027205
v 0.224391 -0.056385 0.027724
v 0.235752 -0.058801 0.028245
v 0.247345 -0.060942 0.028766
v 0.259153 -0.062753 0.029282
v 0.177766 -0.054352 0.025484
v 0.173251 -0.065281 0.025469
v 0.168295 -0.077250 0.025646
v 0.163114 -0.089734 0.025997
v 0.157927 -0.102210 0.026504
v 0.152952 -0.114154 0.027149
v 0.148405 -0.125043 0.027913
v 0.267230 -0.076535 0.029692
v 0.262632 -0.090952 0.029827
v 0.257586 -0.106744 0.030167
v 0.252313 -0.123219 0.030689
v 0.247034 -0.139687 0.031367
v 0.241971 -0.155457 0.032175
v 0.237346 -0.169836 0.033089
v 0.135770 -0.127326 0.028218
v 0.127743 -0.120552 0.027705
v 0.120385 -0.114084 0.027231
v 0.113658 -0.107973 0.026786
v 0.107522 -0.102271 0.026361
v 0.101940 -0.097030 0.025947
v 0.096872 -0.092300 0.025534
v 0.101643 -0.021249 0.021935
v 0.103183 -0.019999 0.021819
v 0.104882 -0.019172 0.021767
v 0.106770 -0.018911 0.021792
v 0.108929 -0.019284 0.021901
v 0.111536 -0.020228 0.022081
v 0.114794 -0.021648 0.022318
v 0.116172 -0.030250 0.022317
v 0.112958 -0.038176 0.022236
v 0.109416 -0.046848 0.022340
v 0.105703 -0.055886 0.022614
v 0.101977 -0.064913 0.023042
v 0.098393 -0.073550 0.023612
v 0.095109 -0.081417 0.024306
v -0.030899 -0.112694 0.022917
v -0.029991 -0.107998 0.022553
v -0.029043 -0.103973 0.022219
v -0.027875 -0.100612 0.021945
v -0.026350 -0.097901 0.021754
v -0.024489 -0.095798 0.021652
v -0.022407 -0.094259 0.021635
v -0.016572 -0.092979 0.021442
v -0.010471 -0.092583 0.021197
v -0.003325 -0.092274 0.021025
v 0.004317 -0.092086 0.020959
v 0.011941 -0.092031 0.021016
v 0.019040 -0.092080 0.021177
v 0.025075 -0.092190 0.021403
v 0.083311 -0.272061 0.029149
v 0.088457 -0.282818 0.029639
v 0.093152 -0.293097 0.030137
v 0.096942 -0.302687 0.030648
v 0.099442 -0.311382 0.031173
v 0.100574 -0.318981 0.031698
v 0.100405 -0.325233 0.032196
v 0.093105 -0.332328 0.032564
v 0.083085 -0.336151 0.032600
v 0.070835 -0.339890 0.032699
v 0.057170 -0.343121 0.032864
v 0.042915 -0.345542 0.033094
v 0.029074 -0.347102 0.033365
v 0.016803 -0.347840 0.033647
v 0.002549 -0.345411 0.033597
v -0.005087 -0.341109 0.033227
v -0.012987 -0.335309 0.032817
v -0.020592 -0.328076 0.032382
v -0.027516 -0.319489 0.031932
v -0.033607 -0.309713 0.031463
v -0.038773 -0.298935 0.030970
v -0.045985 -0.275120 0.029900
v -0.048054 -0.262443 0.029328
v -0.049238 -0.249482 0.028744
v -0.049653 -0.236409 0.028161
v -0.049412 -0.223397 0.027588
v -0.048630 -0.210616 0.027037
v -0.047423 -0.198240 0.026518
v 0.038162 -0.114231 0.022413
v 0.039169 -0.120666 0.022703
v 0.040431 -0.127960 0.023014
v 0.041933 -0.136013 0.023346
v 0.043663 -0.144728 0.023698
v 0.045607 -0.154007 0.024071
v 0.047754 -0.163750 0.024465
v 0.052606 -0.184250 0.025313
v 0.055335 -0.194866 0.025763
v 0.058312 -0.205669 0.026228
v 0.061572 -0.216616 0.026705
v 0.065152 -0.227668 0.027189
v 0.069088 -0.238782 0.027678
v 0.073416 -0.249918 0.028170
v 0.040054 -0.175205 0.024455
v 0.028334 -0.176760 0.024207
v 0.015490 -0.178455 0.024128
v 0.002085 -0.180215 0.024213
v -0.011320 -0.181967 0.024453
v -0.024161 -0.183638 0.024843
v -0.035876 -0.185153 0.025375
v 0.065517 -0.263808 0.028302
v 0.050733 -0.267037 0.028130
v 0.034531 -0.270568 0.028135
v 0.017621 -0.274245 0.028307
v 0.000711 -0.277916 0.028635
v -0.015488 -0.281425 0.029108
v -0.030268 -0.284618 0.029717
v -0.044178 -0.175356 0.025618
v -0.042319 -0.165014 0.025237
v -0.040390 -0.155403 0.024889
v -0.038456 -0.146518 0.024564
v -0.036580 -0.138349 0.024251
v -0.034827 -0.130890 0.023940
v -0.033260 -0.124133 0.023620
v 0.030706 -0.092700 0.021510
v 0.032560 -0.093407 0.021422
v 0.034127 -0.094465 0.021389
v 0.035297 -0.095969 0.021422
v 0.036051 -0.098026 0.021525
v 0.036535 -0.100758 0.021688
v 0.036930 -0.104291 0.021899
v 0.030173 -0.109786 0.021720
v 0.021705 -0.110965 0.021471
v 0.012424 -0.112235 0.021390
v 0.002737 -0.113543 0.021470
v -0.006950 -0.114835 0.021706
v -0.016230 -0.116055 0.022091
v -0.024696 -0.117152 0.022618
v -0.030881 -0.111975 0.029534
v -0.029979 -0.107228 0.029134
v -0.029035 -0.103164 0.028710
v -0.027872 -0.099781 0.028266
v -0.026351 -0.097070 0.027809
v -0.024493 -0.094987 0.027356
v -0.022413 -0.093487 0.026931
v -0.016580 -0.092185 0.026731
v -0.010481 -0.091721 0.026858
v -0.003336 -0.091362 0.026948
v 0.004304 -0.091152 0.026979
v 0.011928 -0.091109 0.026938
v 0.019028 -0.091199 0.026835
v 0.025064 -0.091370 0.026689
v 0.083344 -0.271757 0.035804
v 0.088489 -0.282514 0.036263
v 0.093184 -0.292794 0.036676
v 0.096972 -0.302392 0.037022
v 0.099471 -0.311098 0.037283
v 0.100602 -0.318712 0.037457
v 0.100430 -0.324983 0.037546
v 0.093130 -0.332079 0.037909
v 0.083112 -0.335884 0.038323
v 0.070863 -0.339611 0.038688
v 0.057199 -0.342837 0.038953
v 0.042943 -0.345263 0.039084
v 0.029101 -0.346835 0.039088
v 0.016828 -0.347591 0.038992
v 0.002574 -0.345162 0.038947
v -0.005059 -0.340841 0.038986
v -0.012958 -0.335025 0.038927
v -0.020561 -0.327781 0.038756
v -0.027484 -0.319187 0.038471
v -0.033575 -0.309408 0.038086
v -0.038739 -0.298631 0.037626
v -0.045949 -0.274821 0.036560
v -0.048017 -0.262146 0.035987
v -0.049199 -0.249186 0.035404
v -0.049613 -0.236112 0.034820
v -0.049371 -0.223096 0.034247
v -0.048588 -0.210308 0.033695
v -0.047380 -0.197920 0.033175
v 0.038181 -0.113545 0.029039
v 0.039193 -0.120036 0.029334
v 0.040458 -0.127384 0.029650
v 0.041964 -0.135491 0.029986
v 0.043698 -0.144255 0.030343
v 0.045645 -0.153579 0.030720
v 0.047793 -0.163362 0.031117
v 0.052648 -0.183918 0.031969
v 0.055377 -0.194551 0.032421
v 0.058353 -0.205364 0.032887
v 0.061612 -0.216318 0.033364
v 0.065191 -0.227372 0.033849
v 0.069126 -0.238485 0.034338
v 0.073452 -0.249618 0.034830
v 0.040103 -0.174792 0.032201
v 0.028388 -0.176309 0.032733
v 0.015547 -0.177982 0.033123
v 0.002142 -0.179738 0.033364
v -0.011263 -0.181501 0.033449
v -0.024107 -0.183199 0.033371
v -0.035827 -0.184757 0.033123
v 0.065557 -0.263456 0.036054
v 0.050777 -0.266650 0.036662
v 0.034578 -0.270159 0.037136
v 0.017668 -0.273829 0.037464
v 0.000758 -0.277507 0.037636
v -0.015444 -0.281037 0.037641
v -0.030228 -0.284267 0.037469
v -0.044135 -0.174994 0.032272
v -0.042277 -0.164621 0.031889
v -0.040351 -0.154976 0.031539
v -0.038419 -0.146050 0.031211
v -0.036546 -0.137837 0.030894
v -0.034796 -0.130330 0.030578
v -0.033232 -0.123522 0.030253
v 0.030696 -0.091893 0.026802
v 0.032552 -0.092555 0.027121
v 0.034120 -0.093584 0.027438
v 0.035293 -0.095080 0.027737
v 0.036051 -0.097152 0.028008
v 0.036539 -0.099917 0.028261
v 0.036939 -0.103496 0.028509
v 0.030191 -0.108932 0.029427
v 0.021725 -0.110037 0.029955
v 0.012447 -0.111271 0.030340
v 0.002762 -0.112576 0.030578
v -0.006924 -0.113898 0.030660
v -0.016203 -0.115181 0.030580
v -0.024671 -0.116369 0.030332
v -0.114263 -0.023383 0.027063
v -0.109695 -0.021787 0.026762
v -0.105696 -0.020567 0.026424
v -0.102178 -0.019879 0.026053
v -0.099061 -0.019837 0.025654
v -0.096321 -0.020399 0.025246
v -0.093973 -0.021447 0.024855
v -0.089925 -0.025844 0.024689
v -0.086476 -0.030894 0.024833
v -0.082593 -0.036903 0.024939
v -0.078590 -0.043414 0.024983
v -0.074739 -0.049994 0.024952
v -0.071264 -0.056186 0.024855
v -0.068391 -0.061497 0.024712
v -0.195579 -0.202256 0.030129
v -0.202327 -0.212094 0.030369
v -0.208887 -0.221305 0.030573
v -0.215307 -0.229387 0.030723
v -0.221600 -0.235908 0.030805
v -0.227629 -0.240696 0.030821
v -0.233146 -0.243684 0.030778
v -0.242947 -0.240915 0.030985
v -0.251259 -0.234146 0.031309
v -0.260619 -0.225406 0.031582
v -0.270251 -0.215190 0.031764
v -0.279484 -0.204059 0.031828
v -0.287768 -0.192860 0.031784
v -0.294559 -0.182609 0.031657
v -0.299584 -0.169051 0.031647
v -0.299662 -0.160280 0.031767
v -0.298576 -0.150532 0.031820
v -0.296105 -0.140324 0.031792
v -0.292122 -0.130029 0.031678
v -0.286695 -0.119861 0.031491
v -0.279939 -0.109995 0.031249
v -0.262912 -0.091835 0.030672
v -0.252962 -0.083701 0.030362
v -0.242323 -0.076191 0.030047
v -0.231201 -0.069290 0.029736
v -0.219800 -0.062985 0.029435
v -0.208328 -0.057262 0.029151
v -0.196989 -0.052109 0.028891
v -0.081071 -0.083967 0.026614
v -0.086190 -0.088092 0.026775
v -0.091925 -0.092865 0.026939
v -0.098196 -0.098226 0.027108
v -0.104924 -0.104114 0.027284
v -0.112029 -0.110466 0.027468
v -0.119431 -0.117222 0.027663
v -0.134815 -0.131713 0.028092
v -0.142664 -0.139398 0.028325
v -0.150546 -0.147387 0.028569
v -0.158407 -0.155691 0.028821
v -0.166196 -0.164322 0.029079
v -0.173859 -0.173291 0.029341
v -0.181342 -0.182610 0.029605
v -0.133193 -0.116288 0.028500
v -0.140376 -0.106908 0.028987
v -0.148254 -0.096629 0.029327
v -0.156483 -0.085901 0.029516
v -0.164716 -0.075176 0.029548
v -0.172608 -0.064902 0.029420
v -0.179814 -0.055530 0.029126
v -0.197294 -0.182704 0.030531
v -0.207462 -0.171509 0.031056
v -0.218611 -0.159241 0.031438
v -0.230252 -0.146436 0.031669
v -0.241897 -0.133634 0.031745
v -0.253057 -0.121369 0.031658
v -0.263244 -0.110181 0.031402
v -0.175502 -0.043445 0.028470
v -0.165585 -0.039864 0.028306
v -0.156264 -0.036705 0.028159
v -0.147565 -0.033912 0.028019
v -0.139512 -0.031423 0.027876
v -0.132132 -0.029182 0.027719
v -0.125450 -0.027128 0.027538
v -0.066029 -0.066637 0.024821
v -0.065679 -0.068578 0.025127
v -0.065792 -0.070454 0.025425
v -0.066506 -0.072220 0.025694
v -0.067926 -0.073916 0.025923
v -0.070080 -0.075723 0.026119
v -0.072983 -0.077862 0.026292
v -0.081082 -0.074745 0.027089
v -0.086283 -0.067972 0.027584
v -0.091998 -0.060558 0.027933
v -0.097977 -0.052826 0.028132
v -0.103967 -0.045101 0.028176
v -0.109717 -0.037706 0.028059
v -0.114976 -0.030966 0.027776
v -0.079224 0.093146 0.026345
v -0.075552 0.089991 0.026083
v -0.072490 0.087141 0.025775
v -0.070127 0.084442 0.025422
v -0.068524 0.081768 0.025028
v -0.067633 0.079118 0.024612
v -0.067358 0.076565 0.024201
v -0.069138 0.070862 0.023948
v -0.071787 0.065348 0.023991
v -0.075049 0.058980 0.023975
v -0.078685 0.052258 0.023888
v -0.082455 0.045633 0.023725
v -0.086076 0.039528 0.023502
v -0.089234 0.034386 0.023252
v -0.274808 0.074082 0.025585
v -0.286705 0.075004 0.025612
v -0.297964 0.076076 0.025616
v -0.308175 0.077593 0.025590
v -0.316969 0.079781 0.025529
v -0.324130 0.082607 0.025438
v -0.329475 0.085890 0.025327
v -0.331983 0.095760 0.025581
v -0.330287 0.106340 0.026035
v -0.327407 0.118813 0.026480
v -0.323383 0.132261 0.026864
v -0.318366 0.145821 0.027150
v -0.312813 0.158596 0.027330
v -0.307333 0.169603 0.027410
v -0.298108 0.180735 0.027676
v -0.290556 0.185187 0.027979
v -0.281574 0.189121 0.028237
v -0.271500 0.192086 0.028425
v -0.260593 0.193787 0.028530
v -0.249073 0.194174 0.028561
v -0.237148 0.193259 0.028533
v -0.212900 0.187602 0.028354
v -0.200876 0.183056 0.028225
v -0.189046 0.177602 0.028080
v -0.177503 0.171424 0.027926
v -0.166337 0.164708 0.027769
v -0.155640 0.157638 0.027618
v -0.145502 0.150398 0.027479
v -0.115064 0.034112 0.024670
v -0.121198 0.036480 0.024739
v -0.128202 0.039058 0.024797
v -0.135983 0.041806 0.024847
v -0.144448 0.044686 0.024892
v -0.153505 0.047660 0.024936
v -0.163060 0.050689 0.024981
v -0.183307 0.056760 0.025090
v -0.193890 0.059712 0.025154
v -0.204753 0.062540 0.025222
v -0.215879 0.065192 0.025291
v -0.227252 0.067618 0.025360
v -0.238854 0.069766 0.025426
v -0.250669 0.071584 0.025487
v -0.169150 0.063065 0.025821
v -0.164630 0.073972 0.026496
v -0.159678 0.085931 0.027041
v -0.154510 0.098418 0.027445
v -0.149343 0.110911 0.027691
v -0.144394 0.122883 0.027769
v -0.139879 0.133813 0.027662
v -0.258746 0.085341 0.026393
v -0.254150 0.099739 0.027140
v -0.249112 0.115525 0.027764
v -0.243854 0.132006 0.028250
v -0.238595 0.148492 0.028579
v -0.233558 0.164289 0.028736
v -0.228962 0.178707 0.028701
v -0.127247 0.136128 0.027263
v -0.119184 0.129334 0.027185
v -0.111785 0.122843 0.027115
v -0.105012 0.116708 0.027043
v -0.098828 0.110981 0.026961
v -0.093194 0.105712 0.026860
v -0.088070 0.100955 0.026729
v -0.092504 0.029769 0.023256
v -0.094015 0.028493 0.023523
v -0.095701 0.027649 0.023781
v -0.097593 0.027382 0.024012
v -0.099775 0.027761 0.024204
v -0.102420 0.028721 0.024359
v -0.105727 0.030164 0.024485
v -0.107094 0.038728 0.025337
v -0.103841 0.046614 0.025967
v -0.100288 0.055267 0.026465
v -0.096588 0.064309 0.026818
v -0.092897 0.073359 0.027016
v -0.089369 0.082037 0.027047
v -0.086158 0.089964 0.026898
v 0.039197 0.121082 0.028099
v 0.038308 0.116327 0.027775
v 0.037378 0.112254 0.027411
v 0.036230 0.108861 0.027005
v 0.034724 0.106140 0.026557
v 0.032883 0.104047 0.026086
v 0.030818 0.102536 0.025623
v 0.024996 0.101228 0.025249
v 0.018896 0.100764 0.025173
v 0.011752 0.100404 0.025021
v 0.004115 0.100192 0.024790
v -0.003503 0.100145 0.024484
v -0.010595 0.100230 0.024130
v -0.016622 0.100395 0.023768
v -0.075114 0.280920 0.026717
v -0.080267 0.291682 0.026750
v -0.084969 0.301968 0.026763
v -0.088763 0.311569 0.026757
v -0.091267 0.320279 0.026732
v -0.092399 0.327894 0.026692
v -0.092228 0.334165 0.026643
v -0.084943 0.341271 0.027099
v -0.074944 0.345088 0.027777
v -0.062714 0.348827 0.028485
v -0.049066 0.352064 0.029154
v -0.034822 0.354498 0.029728
v -0.020989 0.356076 0.030181
v -0.008719 0.356834 0.030497
v 0.005526 0.354410 0.031006
v 0.013152 0.350094 0.031410
v 0.021046 0.344281 0.031761
v 0.028648 0.337038 0.032022
v 0.035573 0.328443 0.032175
v 0.041669 0.318661 0.032228
v 0.046842 0.307877 0.032194
v 0.054076 0.284052 0.031925
v 0.056157 0.271368 0.031715
v 0.057354 0.258399 0.031470
v 0.057782 0.245316 0.031199
v 0.057555 0.232290 0.030916
v 0.056788 0.219492 0.030629
v 0.055593 0.207094 0.030351
v -0.029804 0.122613 0.025151
v -0.030823 0.129108 0.025262
v -0.032096 0.136462 0.025366
v -0.033610 0.144573 0.025464
v -0.035351 0.153343 0.025560
v -0.037307 0.162672 0.025655
v -0.039464 0.172461 0.025753
v -0.044337 0.193029 0.025965
v -0.047076 0.203668 0.026079
v -0.050062 0.214488 0.026193
v -0.053332 0.225449 0.026305
v -0.056921 0.236509 0.026412
v -0.060865 0.247629 0.026510
v -0.065202 0.258769 0.026595
v -0.031811 0.183915 0.026844
v -0.020121 0.185449 0.027751
v -0.007301 0.187136 0.028552
v 0.006087 0.188902 0.029222
v 0.019482 0.190672 0.029735
v 0.032321 0.192373 0.030068
v 0.044043 0.193929 0.030195
v -0.057349 0.272634 0.027778
v -0.042599 0.275847 0.028830
v -0.026424 0.279372 0.029790
v -0.009535 0.283056 0.030625
v 0.007361 0.286743 0.031305
v 0.023554 0.290280 0.031796
v 0.038336 0.293510 0.032068
v 0.052373 0.184153 0.029858
v 0.050525 0.173773 0.029648
v 0.048608 0.164121 0.029451
v 0.046686 0.155190 0.029259
v 0.044822 0.146971 0.029065
v 0.043081 0.139458 0.028859
v 0.041527 0.132644 0.028635
v -0.022254 0.100918 0.023672
v -0.024120 0.101587 0.023911
v -0.025698 0.102622 0.024150
v -0.026880 0.104125 0.024373
v -0.027647 0.106201 0.024570
v -0.028142 0.108971 0.024743
v -0.028549 0.112555 0.024894
v -0.021834 0.118013 0.025924
v -0.013392 0.119134 0.026722
v -0.004133 0.120379 0.027404
v 0.005539 0.121694 0.027950
v 0.015216 0.123021 0.028341
v 0.024493 0.124306 0.028557
v 0.032965 0.125491 0.028578
v 0.122580 0.032491 0.030570
v 0.118024 0.030886 0.030146
v 0.114039 0.029658 0.029697
v 0.110535 0.028960 0.029218
v 0.107435 0.028907 0.028712
v 0.104711 0.029459 0.028195
v 0.102378 0.030496 0.027699
v 0.098341 0.034887 0.027291
v 0.094890 0.039938 0.027198
v 0.091008 0.045945 0.027031
v 0.087009 0.052455 0.026786
v 0.083164 0.059031 0.026470
v 0.079697 0.065218 0.026110
v 0.076833 0.070523 0.025745
v 0.203810 0.211419 0.032392
v 0.210549 0.221263 0.032644
v 0.217102 0.230479 0.032867
v 0.223516 0.238565 0.033056
v 0.229805 0.245088 0.033210
v 0.235832 0.249878 0.033328
v 0.241348 0.252866 0.033410
v 0.251134 0.250106 0.034023
v 0.259428 0.243350 0.034791
v 0.268768 0.234622 0.035591
v 0.278384 0.224417 0.036343
v 0.287604 0.213294 0.036984
v 0.295881 0.202100 0.037486
v 0.302668 0.191852 0.037831
v 0.307685 0.178299 0.038306
v 0.307755 0.169534 0.038629
v 0.306664 0.159788 0.038867
v 0.304191 0.149581 0.038986
v 0.300211 0.139285 0.038968
v 0.294790 0.129113 0.038823
v 0.288042 0.119242 0.038570
v 0.271039 0.101066 0.037813
v 0.261102 0.092923 0.037341
v 0.250478 0.085403 0.036826
v 0.239370 0.078493 0.036283
v 0.227985 0.072178 0.035728
v 0.216527 0.066446 0.035173
v 0.205202 0.061283 0.034635
v 0.089448 0.093035 0.027576
v 0.094560 0.097164 0.027822
v 0.100287 0.101943 0.028077
v 0.106551 0.107309 0.028343
v 0.113270 0.113201 0.028620
v 0.120367 0.119559 0.028907
v 0.127761 0.126321 0.029207
v 0.143126 0.140824 0.029843
v 0.150965 0.148515 0.030175
v 0.158837 0.156511 0.030512
v 0.166688 0.164822 0.030849
v 0.174466 0.173459 0.031182
v 0.182119 0.182435 0.031507
v 0.189592 0.191761 0.031820
v 0.141485 0.125412 0.030546
v 0.148642 0.116047 0.031498
v 0.156500 0.105782 0.032348
v 0.164712 0.095065 0.033070
v 0.172935 0.084347 0.033635
v 0.180823 0.074076 0.034018
v 0.188031 0.064703 0.034191
v 0.205502 0.191882 0.033301
v 0.215641 0.180706 0.034437
v 0.226765 0.168454 0.035488
v 0.238386 0.155663 0.036420
v 0.250016 0.142870 0.037195
v 0.261167 0.130612 0.037779
v 0.271352 0.119424 0.038135
v 0.183739 0.052604 0.033660
v 0.173833 0.049016 0.033231
v 0.164522 0.045851 0.032830
v 0.155831 0.043051 0.032450
v 0.147788 0.040557 0.032082
v 0.140416 0.038310 0.031718
v 0.133744 0.036250 0.031350
v 0.074470 0.075662 0.025654
v 0.074111 0.077610 0.025904
v 0.074214 0.079492 0.026163
v 0.074919 0.081265 0.026416
v 0.076330 0.082965 0.026656
v 0.078477 0.084777 0.026885
v 0.081373 0.086921 0.027111
v 0.089438 0.083826 0.028262
v 0.094616 0.077069 0.029093
v 0.100312 0.069667 0.029811
v 0.106277 0.061944 0.030396
v 0.112259 0.054224 0.030826
v 0.118007 0.046831 0.031079
v 0.123270 0.040088 0.031134
v 0.087540 -0.084038 0.031288
v 0.083880 -0.080892 0.030826
v 0.080832 -0.078051 0.030346
v 0.078485 -0.075361 0.029849
v 0.076898 -0.072698 0.029338
v 0.076023 -0.070058 0.028830
v 0.075763 -0.067515 0.028353
v 0.077553 -0.061819 0.028032
v 0.080201 -0.056305 0.028041
v 0.083464 -0.049938 0.027994
v 0.087104 -0.043217 0.027881
v 0.090880 -0.036597 0.027698
v 0.094509 -0.030497 0.027463
v 0.097676 -0.025360 0.027205
v 0.283038 -0.064919 0.036936
v 0.294927 -0.065835 0.037401
v 0.306178 -0.066903 0.037823
v 0.316384 -0.068416 0.038189
v 0.325173 -0.070600 0.038486
v 0.332332 -0.073426 0.038710
v 0.337677 -0.076708 0.038861
v 0.340171 -0.086569 0.039428
v 0.338456 -0.097136 0.040064
v 0.335556 -0.109596 0.040693
v 0.331516 -0.123034 0.041243
v 0.326487 -0.136586 0.041662
v 0.320926 -0.149356 0.041940
v 0.315442 -0.160361 0.042079
v 0.306209 -0.171487 0.042277
v 0.298649 -0.175934 0.042417
v 0.289662 -0.179865 0.042450
v 0.279586 -0.182828 0.042353
v 0.268682 -0.184531 0.042116
v 0.257168 -0.184921 0.041753
v 0.245251 -0.184012 0.041286
v 0.221026 -0.178370 0.040130
v 0.209016 -0.173834 0.039477
v 0.197201 -0.168389 0.038793
v 0.185673 -0.162221 0.038094
v 0.174522 -0.155515 0.037393
v 0.163839 -0.148454 0.036706
v 0.153715 -0.141224 0.036047
v 0.123441 -0.025044 0.029520
v 0.129568 -0.027408 0.029857
v 0.136564 -0.029980 0.030219
v 0.144338 -0.032723 0.030604
v 0.152795 -0.035598 0.031011
v 0.161843 -0.038567 0.031440
v 0.171389 -0.041591 0.031889
v 0.191618 -0.047649 0.032844
v 0.202191 -0.050595 0.033346
v 0.213044 -0.053416 0.033859
v 0.224160 -0.056062 0.034378
v 0.235522 -0.058481 0.034900
v 0.247114 -0.060622 0.035421
v 0.258919 -0.062433 0.035937
v 0.177441 -0.053942 0.033224
v 0.172897 -0.064832 0.033989
v 0.167924 -0.076777 0.034634
v 0.162740 -0.089254 0.035141
v 0.157562 -0.101740 0.035492
v 0.152608 -0.113710 0.035670
v 0.148095 -0.124640 0.035655
v 0.266954 -0.076163 0.037439
v 0.262329 -0.090542 0.038353
v 0.257266 -0.106312 0.039161
v 0.251987 -0.122780 0.039839
v 0.246714 -0.139255 0.040361
v 0.241668 -0.155047 0.040701
v 0.237070 -0.169464 0.040836
v 0.135485 -0.126969 0.034867
v 0.127432 -0.120182 0.034352
v 0.120042 -0.113698 0.033875
v 0.113279 -0.107569 0.033426
v 0.107104 -0.101847 0.032997
v 0.101478 -0.096584 0.032578
v 0.096364 -0.091833 0.032159
v 0.100945 -0.020743 0.027219
v 0.102447 -0.019461 0.027509
v 0.104123 -0.018611 0.027807
v 0.106006 -0.018338 0.028098
v 0.108179 -0.018712 0.028374
v 0.110818 -0.019667 0.028644
v 0.114117 -0.021105 0.028918
v 0.115450 -0.029647 0.030013
v 0.112174 -0.037517 0.030709
v 0.108602 -0.046158 0.031280
v 0.104889 -0.055191 0.031710
v 0.101189 -0.064236 0.031985
v 0.097659 -0.072912 0.032091
v 0.094452 -0.080842 0.032011
v -0.030881 -0.111975 0.029534
v -0.029979 -0.107228 0.029134
v -0.029035 -0.103164 0.028710
v -0.027872 -0.099781 0.028266
v -0.026351 -0.097070 0.027809
v -0.024493 -0.094987 0.027356
v -0.022413 -0.093487 0.026931
v -0.016580 -0.092185 0.026731
v -0.010481 -0.091721 0.026858
v -0.003336 -0.091362 0.026948
v 0.004304 -0.091152 0.026979
v 0.011928 -0.091109 0.026938
v 0.019028 -0.091199 0.026835
v 0.025064 -0.091370 0.026689
v 0.083344 -0.271757 0.035804
v 0.088489 -0.282514 0.036263
v 0.093184 -0.292795 0.036676
v 0.096972 -0.302392 0.037022
v 0.099471 -0.311098 0.037283
v 0.100601 -0.318712 0.037457
v 0.100430 -0.324983 0.037546
v 0.093130 -0.332079 0.037909
v 0.083112 -0.335884 0.038323
v 0.070863 -0.339611 0.038688
v 0.057199 -0.342837 0.038953
v 0.042943 -0.345263 0.039084
v 0.029101 -0.346835 0.039088
v 0.016828 -0.347591 0.038992
v 0.002574 -0.345162 0.038947
v -0.005060 -0.340841 0.038986
v -0.012958 -0.335025 0.038927
v -0.020561 -0.327781 0.038756
v -0.027485 -0.319187 0.038471
v -0.033575 -0.309408 0.038086
v -0.038739 -0.298631 0.037626
v -0.045950 -0.274821 0.036560
v -0.048017 -0.262146 0.035987
v -0.049200 -0.249186 0.035404
v -0.049613 -0.236112 0.034820
v -0.049371 -0.223096 0.034247
v -0.048588 -0.210308 0.033695
v -0.047380 -0.197919 0.033176
v 0.038181 -0.113545 0.029039
v 0.039193 -0.120036 0.029334
v 0.040458 -0.127384 0.029650
v 0.041964 -0.135490 0.029986
v 0.043698 -0.144255 0.030343
v 0.045645 -0.153579 0.030720
v 0.047793 -0.163362 0.031117
v 0.052648 -0.183918 0.031969
v 0.055377 -0.194551 0.032421
v 0.058353 -0.205364 0.032887
v 0.061612 -0.216318 0.033364
v 0.065191 -0.227372 0.033849
v 0.069125 -0.238485 0.034338
v 0.073452 -0.249618 0.034830
v 0.040102 -0.174792 0.032201
v 0.028387 -0.176309 0.032733
v 0.015547 -0.177982 0.033123
v 0.002142 -0.179738 0.033364
v -0.011263 -0.181501 0.033449
v -0.024107 -0.183199 0.033371
v -0.035827 -0.184757 0.033123
v 0.065557 -0.263456 0.036054
v 0.050777 -0.266650 0.036662
v 0.034578 -0.270159 0.037136
v 0.017668 -0.273829 0.037464
v 0.000757 -0.277507 0.037636
v -0.015444 -0.281037 0.037641
v -0.030228 -0.284267 0.037469
v -0.044135 -0.174994 0.032273
v -0.042278 -0.164621 0.031889
v -0.040351 -0.154976 0.031539
v -0.038419 -0.146050 0.031211
v -0.036546 -0.137837 0.030894
v -0.034796 -0.130330 0.030578
v -0.033232 -0.123522 0.030253
v 0.030696 -0.091893 0.026802
v 0.032552 -0.092555 0.027121
v 0.034120 -0.093584 0.027438
v 0.035293 -0.095080 0.027737
v 0.036051 -0.097152 0.028008
v 0.036539 -0.099917 0.028261
v 0.036939 -0.103496 0.028509
v 0.030191 -0.108932 0.029427
v 0.021725 -0.110037 0.029955
v 0.012447 -0.111271 0.030341
v 0.002762 -0.112576 0.030578
v -0.006924 -0.113898 0.030660
v -0.016203 -0.115181 0.030580
v -0.024671 -0.116369 0.030332
v -0.022375 -0.092921 0.022011
v -0.024265 -0.092430 0.022547
v -0.025603 -0.092031 0.023206
v -0.026102 -0.091805 0.023945
v -0.025605 -0.091804 0.024722
v -0.024269 -0.091993 0.025479
v -0.022381 -0.092305 0.026152
v 0.030875 -0.092070 0.021982
v 0.032828 -0.091808 0.022555
v 0.034209 -0.091589 0.023242
v 0.034722 -0.091433 0.023993
v 0.034206 -0.091352 0.024757
v 0.032822 -0.091352 0.025485
v 0.030867 -0.091428 0.026120
v 0.006259 -0.349915 0.034375
v 0.004028 -0.352023 0.035096
v 0.002459 -0.353492 0.035889
v 0.001879 -0.354014 0.036684
v 0.002466 -0.353421 0.037422
v 0.004042 -0.351885 0.038059
v 0.006279 -0.349720 0.038559
v 0.103655 -0.330199 0.032997
v 0.108145 -0.331101 0.033629
v 0.111312 -0.331731 0.034361
v 0.112491 -0.331944 0.035133
v 0.111319 -0.331660 0.035893
v 0.108159 -0.330963 0.036592
v 0.103674 -0.330004 0.037180
v -0.052848 -0.289469 0.031293
v -0.059939 -0.290974 0.032211
v -0.064191 -0.291859 0.033165
v -0.065605 -0.292125 0.034116
v -0.064181 -0.291774 0.035025
v -0.059920 -0.290809 0.035853
v -0.052820 -0.289230 0.036561
v -0.053773 -0.187436 0.026833
v -0.059392 -0.188132 0.027714
v -0.062761 -0.188530 0.028646
v -0.063880 -0.188630 0.029589
v -0.062749 -0.188436 0.030505
v -0.059368 -0.187948 0.031354
v -0.053739 -0.187170 0.032099
v 0.057967 -0.172792 0.025479
v 0.063596 -0.172011 0.026223
v 0.066976 -0.171521 0.027072
v 0.068107 -0.171323 0.027988
v 0.066988 -0.171420 0.028931
v 0.063619 -0.171815 0.029862
v 0.057999 -0.172509 0.030742
v 0.088109 -0.258844 0.029210
v 0.095209 -0.257266 0.029918
v 0.099471 -0.256300 0.030746
v 0.100894 -0.255950 0.031655
v 0.099480 -0.256216 0.032606
v 0.095228 -0.257100 0.033560
v 0.088137 -0.258605 0.034478
v -0.037630 -0.118766 0.024066
v -0.041691 -0.119233 0.024941
v -0.044126 -0.119474 0.025868
v -0.044936 -0.119493 0.026807
v -0.044120 -0.119292 0.027720
v -0.041678 -0.118875 0.028567
v -0.037611 -0.118245 0.029309
v 0.043114 -0.107910 0.022743
v 0.047180 -0.107271 0.023484
v 0.049620 -0.106842 0.024330
v 0.050435 -0.106627 0.025241
v 0.049624 -0.106631 0.026178
v 0.047187 -0.106860 0.027104
v 0.043125 -0.107318 0.027979
v -0.093373 -0.021150 0.019949
v -0.093903 -0.019273 0.020493
v -0.094239 -0.017921 0.021158
v -0.094307 -0.017383 0.021901
v -0.094072 -0.017820 0.022678
v -0.093581 -0.019078 0.023433
v -0.092920 -0.020876 0.024101
v -0.066002 -0.066835 0.019998
v -0.064810 -0.068401 0.020579
v -0.063942 -0.069493 0.021272
v -0.063564 -0.069867 0.022026
v -0.063767 -0.069386 0.022792
v -0.064473 -0.068195 0.023518
v -0.065528 -0.066546 0.024148
v -0.301771 -0.174576 0.026981
v -0.304726 -0.173704 0.027655
v -0.306797 -0.173088 0.028416
v -0.307553 -0.172854 0.029199
v -0.306760 -0.173073 0.029949
v -0.304655 -0.173675 0.030621
v -0.301670 -0.174535 0.031168
v -0.235964 -0.249042 0.026125
v -0.234511 -0.253387 0.026744
v -0.233486 -0.256452 0.027466
v -0.233095 -0.257586 0.028235
v -0.233449 -0.256437 0.028999
v -0.234440 -0.253358 0.029710
v -0.235863 -0.249000 0.030312
v -0.278946 -0.093137 0.025093
v -0.283812 -0.087758 0.025971
v -0.286723 -0.084527 0.026901
v -0.287678 -0.083444 0.027845
v -0.286680 -0.084510 0.028762
v -0.283728 -0.087726 0.029615
v -0.278824 -0.093091 0.030364
v -0.190992 -0.041270 0.022762
v -0.194421 -0.036761 0.023621
v -0.196468 -0.034051 0.024540
v -0.197132 -0.033142 0.025480
v -0.196415 -0.034032 0.026401
v -0.194318 -0.036724 0.027265
v -0.190842 -0.041216 0.028032
v -0.122402 -0.130694 0.021841
v -0.118924 -0.135185 0.022608
v -0.116824 -0.137875 0.023471
v -0.116105 -0.138764 0.024392
v -0.116767 -0.137852 0.025332
v -0.118811 -0.135141 0.026250
v -0.122238 -0.130630 0.027110
v -0.181894 -0.199863 0.023811
v -0.176990 -0.205228 0.024560
v -0.174038 -0.208443 0.025413
v -0.173039 -0.209509 0.026330
v -0.173995 -0.208427 0.027274
v -0.176905 -0.205196 0.028204
v -0.181771 -0.199816 0.029083
v -0.123416 -0.020884 0.021446
v -0.125868 -0.017608 0.022307
v -0.127312 -0.015629 0.023226
v -0.127750 -0.014946 0.024164
v -0.127185 -0.015561 0.025081
v -0.125619 -0.017475 0.025939
v -0.123054 -0.020689 0.026699
v -0.073608 -0.085361 0.020443
v -0.071036 -0.088570 0.021202
v -0.069460 -0.090476 0.022059
v -0.068883 -0.091083 0.022975
v -0.069310 -0.090391 0.023911
v -0.070744 -0.088404 0.024829
v -0.073188 -0.085124 0.025690
v -0.066710 0.076240 0.019303
v -0.065360 0.077632 0.019885
v -0.064370 0.078593 0.020578
v -0.063952 0.078914 0.021332
v -0.064227 0.078485 0.022101
v -0.065085 0.077423 0.022830
v -0.066323 0.075946 0.023460
v -0.092573 0.029692 0.018431
v -0.093342 0.027871 0.018980
v -0.093867 0.026567 0.019651
v -0.094016 0.026046 0.020398
v -0.093715 0.026455 0.021173
v -0.093050 0.027655 0.021923
v -0.092163 0.029387 0.022586
v -0.303898 0.179910 0.022894
v -0.304634 0.182898 0.023583
v -0.305150 0.184993 0.024354
v -0.305340 0.185757 0.025141
v -0.305147 0.184954 0.025887
v -0.304628 0.182823 0.026548
v -0.303890 0.179804 0.027081
v -0.335436 0.085696 0.020560
v -0.338483 0.082258 0.021090
v -0.340637 0.079832 0.021748
v -0.341438 0.078919 0.022494
v -0.340634 0.079793 0.023282
v -0.338477 0.082183 0.024055
v -0.335428 0.085589 0.024747
v -0.221942 0.200887 0.022731
v -0.219735 0.207783 0.023715
v -0.218411 0.211910 0.024710
v -0.217969 0.213270 0.025674
v -0.218410 0.211863 0.026571
v -0.219733 0.207691 0.027360
v -0.221939 0.200755 0.028003
v -0.133005 0.150683 0.021584
v -0.130833 0.155900 0.022533
v -0.129528 0.159018 0.023506
v -0.129090 0.160040 0.024464
v -0.129520 0.158965 0.025367
v -0.130817 0.155795 0.026177
v -0.132982 0.150531 0.026854
v -0.176100 0.046580 0.018876
v -0.178263 0.041315 0.019553
v -0.179558 0.038144 0.020362
v -0.179984 0.037068 0.021265
v -0.179544 0.038087 0.022223
v -0.178236 0.041205 0.023196
v -0.176061 0.046421 0.024145
v -0.265774 0.063489 0.019334
v -0.267979 0.056552 0.019976
v -0.269303 0.052380 0.020765
v -0.269743 0.050973 0.021662
v -0.269302 0.052333 0.022627
v -0.267977 0.056460 0.023621
v -0.265771 0.063356 0.024605
v -0.081533 0.102374 0.020771
v -0.079940 0.106127 0.021697
v -0.078966 0.108359 0.022656
v -0.078611 0.109071 0.023607
v -0.078878 0.108265 0.024512
v -0.079768 0.105944 0.025332
v -0.081281 0.102108 0.026027
v -0.112423 0.027010 0.018480
v -0.113929 0.023171 0.019175
v -0.114807 0.020845 0.019993
v -0.115060 0.020034 0.020897
v -0.114693 0.020740 0.021847
v -0.113707 0.022967 0.022805
v -0.112106 0.026716 0.023731
v 0.030952 0.101858 0.020720
v 0.032822 0.101380 0.021333
v 0.034136 0.100997 0.022046
v 0.034608 0.100788 0.022808
v 0.034085 0.100805 0.023566
v 0.032723 0.101010 0.024272
v 0.030813 0.101337 0.024871
v -0.022265 0.100985 0.018847
v -0.024237 0.100736 0.019357
v -0.025641 0.100532 0.020000
v -0.026180 0.100393 0.020735
v -0.025691 0.100330 0.021519
v -0.024333 0.100347 0.022295
v -0.022401 0.100438 0.022995
v 0.002006 0.359056 0.026201
v 0.004212 0.361181 0.026951
v 0.005752 0.362669 0.027765
v 0.006304 0.363208 0.028568
v 0.005692 0.362632 0.029297
v 0.004094 0.361111 0.029914
v 0.001840 0.358957 0.030385
v -0.095290 0.339275 0.021866
v -0.099799 0.340189 0.022320
v -0.102990 0.340835 0.022926
v -0.104194 0.341065 0.023651
v -0.103050 0.340798 0.024458
v -0.099917 0.340119 0.025284
v -0.095456 0.339176 0.026050
v 0.061160 0.298579 0.026570
v 0.068215 0.300107 0.027700
v 0.072432 0.301015 0.028782
v 0.073812 0.301303 0.029776
v 0.072357 0.300973 0.030642
v 0.068069 0.300025 0.031342
v 0.060948 0.298461 0.031837
v 0.062200 0.196471 0.024477
v 0.067785 0.197190 0.025538
v 0.071119 0.197610 0.026577
v 0.072205 0.197732 0.027557
v 0.071042 0.197558 0.028437
v 0.067634 0.197089 0.029178
v 0.061982 0.196325 0.029743
v -0.049430 0.181755 0.019549
v -0.055082 0.180989 0.020113
v -0.058490 0.180517 0.020855
v -0.059652 0.180340 0.021734
v -0.058567 0.180459 0.022713
v -0.055232 0.180876 0.023753
v -0.049646 0.181593 0.024813
v -0.079650 0.267858 0.020256
v -0.086771 0.266294 0.020752
v -0.091059 0.265346 0.021452
v -0.092514 0.265015 0.022318
v -0.091134 0.265304 0.023312
v -0.086917 0.266212 0.024394
v -0.079862 0.267740 0.025524
v 0.046136 0.127750 0.022716
v 0.050165 0.128238 0.023722
v 0.052566 0.128501 0.024728
v 0.053342 0.128541 0.025694
v 0.052495 0.128361 0.026582
v 0.050025 0.127963 0.027352
v 0.045934 0.127349 0.027966
v -0.034516 0.116833 0.018817
v -0.038606 0.116210 0.019430
v -0.041074 0.115800 0.020199
v -0.041920 0.115605 0.021085
v -0.041143 0.115631 0.022051
v -0.038740 0.115882 0.023055
v -0.034710 0.116361 0.024061
v 0.101950 0.030087 0.022783
v 0.102460 0.028223 0.023387
v 0.102772 0.026887 0.024094
v 0.102814 0.026366 0.024852
v 0.102552 0.026821 0.025610
v 0.102036 0.028095 0.026318
v 0.101352 0.029908 0.026921
v 0.074613 0.075751 0.020831
v 0.073401 0.077328 0.021333
v 0.072510 0.078436 0.021970
v 0.072106 0.078827 0.022702
v 0.072282 0.078364 0.023485
v 0.072961 0.077190 0.024262
v 0.073994 0.075556 0.024967
v 0.310036 0.183717 0.033595
v 0.312965 0.182862 0.034392
v 0.315008 0.182264 0.035238
v 0.315736 0.182048 0.036053
v 0.314918 0.182284 0.036770
v 0.312790 0.182901 0.037353
v 0.309789 0.183771 0.037776
v 0.244329 0.258117 0.028737
v 0.242857 0.262475 0.029205
v 0.241809 0.265555 0.029821
v 0.241392 0.266706 0.030549
v 0.241718 0.265575 0.031352
v 0.242682 0.262514 0.032166
v 0.244082 0.258172 0.032918
v 0.287258 0.102247 0.032770
v 0.292089 0.096891 0.033940
v 0.294964 0.093683 0.035045
v 0.295885 0.092623 0.036046
v 0.294855 0.093709 0.036904
v 0.291877 0.096942 0.037579
v 0.286952 0.102321 0.038034
v 0.199419 0.050306 0.028548
v 0.202814 0.045818 0.029630
v 0.204826 0.043131 0.030682
v 0.205457 0.042243 0.031665
v 0.204709 0.043155 0.032540
v 0.202584 0.045864 0.033268
v 0.199085 0.050372 0.033810
v 0.130939 0.139657 0.023186
v 0.127438 0.144164 0.023728
v 0.125311 0.146871 0.024456
v 0.124560 0.147781 0.025330
v 0.125188 0.146891 0.026313
v 0.127197 0.144202 0.027364
v 0.130591 0.139714 0.028446
v 0.190353 0.208877 0.025656
v 0.185428 0.214255 0.026110
v 0.182449 0.217488 0.026785
v 0.181420 0.218575 0.027643
v 0.182341 0.217514 0.028644
v 0.185216 0.214307 0.029749
v 0.190046 0.208951 0.030920
v 0.131922 0.029867 0.025335
v 0.134341 0.026613 0.026356
v 0.135751 0.024656 0.027370
v 0.136157 0.023995 0.028338
v 0.135560 0.024630 0.029221
v 0.133965 0.026563 0.029979
v 0.131376 0.029792 0.030576
v 0.082206 0.094285 0.021117
v 0.079610 0.097509 0.021713
v 0.078005 0.099434 0.022470
v 0.077397 0.100061 0.023352
v 0.077791 0.099391 0.024318
v 0.079191 0.097426 0.025330
v 0.081603 0.094167 0.026351
v 0.075287 -0.067303 0.023428
v 0.073917 -0.068682 0.023995
v 0.072903 -0.069627 0.024674
v 0.072459 -0.069931 0.025420
v 0.072707 -0.069484 0.026188
v 0.073539 -0.068406 0.026922
v 0.074755 -0.066914 0.027562
v 0.101183 -0.020777 0.022398
v 0.101933 -0.018944 0.022932
v 0.102435 -0.017624 0.023591
v 0.102558 -0.017086 0.024330
v 0.102230 -0.017477 0.025104
v 0.101539 -0.018660 0.025857
v 0.100628 -0.020377 0.026529
v 0.312163 -0.170769 0.037682
v 0.312873 -0.173740 0.038465
v 0.313361 -0.175817 0.039301
v 0.313523 -0.176563 0.040111
v 0.313305 -0.175743 0.040832
v 0.312764 -0.173597 0.041426
v 0.312008 -0.170567 0.041863
v 0.343801 -0.076620 0.034302
v 0.346829 -0.073170 0.034860
v 0.348959 -0.070728 0.035538
v 0.349734 -0.069798 0.036290
v 0.348903 -0.070654 0.037069
v 0.346720 -0.073027 0.037821
v 0.343647 -0.076418 0.038483
v 0.230255 -0.191777 0.035131
v 0.228012 -0.198650 0.036195
v 0.226652 -0.202754 0.037237
v 0.226176 -0.204091 0.038216
v 0.226586 -0.202664 0.039095
v 0.227882 -0.198475 0.039835
v 0.230067 -0.191524 0.040395
v 0.141432 -0.141648 0.029727
v 0.139226 -0.146843 0.030719
v 0.137886 -0.149939 0.031716
v 0.137415 -0.150938 0.032681
v 0.137813 -0.149843 0.033574
v 0.139083 -0.146654 0.034356
v 0.141225 -0.141376 0.034988
v 0.184637 -0.037616 0.026152
v 0.186777 -0.032337 0.026783
v 0.188044 -0.029147 0.027565
v 0.188439 -0.028051 0.028457
v 0.187965 -0.029049 0.029422
v 0.186622 -0.032143 0.030419
v 0.184414 -0.037337 0.031411
v 0.274233 -0.054475 0.030132
v 0.276418 -0.047524 0.030693
v 0.277714 -0.043335 0.031433
v 0.278124 -0.041908 0.032312
v 0.277648 -0.043246 0.033291
v 0.276288 -0.047349 0.034333
v 0.274045 -0.054222 0.035396
v 0.090039 -0.093391 0.026010
v 0.088413 -0.097122 0.026966
v 0.087405 -0.099332 0.027941
v 0.087017 -0.100022 0.028895
v 0.087253 -0.099196 0.029790
v 0.088114 -0.096856 0.030587
v 0.089604 -0.093005 0.031247
v 0.121021 -0.018087 0.023080
v 0.122503 -0.014232 0.023740
v 0.123352 -0.011887 0.024535
v 0.123575 -0.011055 0.025429
v 0.123174 -0.011740 0.026382
v 0.122154 -0.013945 0.027355
v 0.120520 -0.017672 0.028309
v -0.022375 -0.092921 0.022011
v -0.024265 -0.092430 0.022547
v -0.025603 -0.092031 0.023206
v -0.026102 -0.091805 0.023945
v -0.025605 -0.091804 0.024722
v -0.024269 -0.091993 0.025479
v -0.022381 -0.092305 0.026152
v 0.030875 -0.092070 0.021982
v 0.032828 -0.091808 0.022555
v 0.034209 -0.091589 0.023242
v 0.034722 -0.091433 0.023993
v 0.034206 -0.091352 0.024757
v 0.032822 -0.091352 0.025485
v 0.030867 -0.091428 0.026120
v 0.006259 -0.349915 0.034375
v 0.004027 -0.352023 0.035096
v 0.002458 -0.353492 0.035889
v 0.001879 -0.354014 0.036684
v 0.002465 -0.353421 0.037422
v 0.004041 -0.351885 0.038059
v 0.006279 -0.349720 0.038559
v 0.103654 -0.330199 0.032997
v 0.108145 -0.331101 0.033629
v 0.111312 -0.331732 0.034361
v 0.112490 -0.331945 0.035133
v 0.111319 -0.331660 0.035893
v 0.108159 -0.330963 0.036592
v 0.103674 -0.330004 0.037180
v -0.052848 -0.289469 0.031293
v -0.059939 -0.290974 0.032211
v -0.064191 -0.291858 0.033165
v -0.065605 -0.292124 0.034116
v -0.064182 -0.291774 0.035025
v -0.059920 -0.290809 0.035853
v -0.052821 -0.289230 0.036561
v -0.053773 -0.187436 0.026834
v -0.059392 -0.188132 0.027714
v -0.062761 -0.188530 0.028646
v -0.063880 -0.188630 0.029589
v -0.062749 -0.188436 0.030505
v -0.059369 -0.187948 0.031355
v -0.053739 -0.187169 0.032099
v 0.057967 -0.172792 0.025479
v 0.063596 -0.172011 0.026223
v 0.066976 -0.171520 0.027072
v 0.068107 -0.171323 0.027988
v 0.066988 -0.171420 0.028931
v 0.063618 -0.171815 0.029862
v 0.057999 -0.172509 0.030742
v 0.088109 -0.258844 0.029210
v 0.095209 -0.257266 0.029918
v 0.099470 -0.256300 0.030746
v 0.100894 -0.255950 0.031655
v 0.099480 -0.256216 0.032606
v 0.095227 -0.257100 0.033560
v 0.088136 -0.258605 0.034478
v -0.037630 -0.118766 0.024066
v -0.041691 -0.119233 0.024941
v -0.044127 -0.119474 0.025868
v -0.044936 -0.119493 0.026807
v -0.044120 -0.119292 0.027720
v -0.041678 -0.118875 0.028567
v -0.037612 -0.118245 0.029309
v 0.043114 -0.107910 0.022743
v 0.047180 -0.107271 0.023484
v 0.049620 -0.106842 0.024330
v 0.050435 -0.106627 0.025241
v 0.049623 -0.106631 0.026178
v 0.047187 -0.106860 0.027104
v 0.043124 -0.107318 0.027979
v -0.026018 -0.296153 0.030234
v -0.011115 -0.292893 0.029622
v 0.005219 -0.289311 0.029144
v 0.022268 -0.285562 0.028812
v 0.039316 -0.281805 0.028636
v 0.055649 -0.278196 0.028626
v 0.070552 -0.274895 0.028794
v -0.020849 -0.306937 0.030729
v -0.005936 -0.303691 0.030119
v 0.010407 -0.300122 0.029643
v 0.027459 -0.296378 0.029311
v 0.044499 -0.292609 0.029134
v 0.060817 -0.288981 0.029122
v 0.075706 -0.285661 0.029287
v -0.014888 -0.316788 0.031209
v -0.000113 -0.313648 0.030609
v 0.016077 -0.310190 0.030141
v 0.032948 -0.306535 0.029815
v 0.049778 -0.302815 0.029640
v 0.065877 -0.299208 0.029627
v 0.080562 -0.295905 0.029789
v -0.008261 -0.325523 0.031680
v 0.006195 -0.322593 0.031101
v 0.022029 -0.319354 0.030650
v 0.038491 -0.315876 0.030335
v 0.054854 -0.312253 0.030165
v 0.070469 -0.308692 0.030152
v 0.084707 -0.305426 0.030308
v -0.001164 -0.332988 0.032151
v 0.012771 -0.330387 0.031605
v 0.028038 -0.327481 0.031182
v 0.043856 -0.324262 0.030885
v 0.059482 -0.320772 0.030722
v 0.074321 -0.317259 0.030704
v 0.087818 -0.314026 0.030849
v 0.005936 -0.339144 0.032624
v 0.019173 -0.337025 0.032137
v 0.033770 -0.334549 0.031754
v 0.048867 -0.331628 0.031479
v 0.063649 -0.328273 0.031321
v 0.077511 -0.324775 0.031291
v 0.089938 -0.321519 0.031407
v 0.012372 -0.344018 0.033109
v 0.024855 -0.342553 0.032713
v 0.038859 -0.340563 0.032385
v 0.053359 -0.337930 0.032134
v 0.067406 -0.334674 0.031976
v 0.080271 -0.331114 0.031919
v 0.091349 -0.327710 0.031977
v -0.025799 -0.123149 0.022949
v -0.017081 -0.121978 0.022414
v -0.007527 -0.120677 0.022019
v 0.002447 -0.119304 0.021773
v 0.012422 -0.117915 0.021683
v 0.021978 -0.116568 0.021755
v 0.030698 -0.115321 0.021996
v -0.027097 -0.129869 0.023266
v -0.018066 -0.128655 0.022726
v -0.008167 -0.127309 0.022328
v 0.002166 -0.125890 0.022078
v 0.012500 -0.124457 0.021983
v 0.022401 -0.123069 0.022051
v 0.031435 -0.121786 0.022288
v -0.028536 -0.137306 0.023577
v -0.019137 -0.136070 0.023037
v -0.008835 -0.134700 0.022638
v 0.001919 -0.133256 0.022388
v 0.012674 -0.131801 0.022293
v 0.022979 -0.130392 0.022361
v 0.032381 -0.129092 0.022599
v -0.030059 -0.145459 0.023892
v -0.020248 -0.144205 0.023354
v -0.009494 -0.142818 0.022957
v 0.001732 -0.141358 0.022709
v 0.012959 -0.139887 0.022617
v 0.023715 -0.138465 0.022688
v 0.033530 -0.137153 0.022928
v -0.031610 -0.154323 0.024219
v -0.021352 -0.153046 0.023684
v -0.010108 -0.151635 0.023291
v 0.001629 -0.150150 0.023047
v 0.013368 -0.148655 0.022959
v 0.024615 -0.147212 0.023033
v 0.034877 -0.145882 0.023278
v -0.033134 -0.163896 0.024569
v -0.022403 -0.162576 0.024037
v -0.010641 -0.161119 0.023648
v 0.001637 -0.159587 0.023407
v 0.013916 -0.158046 0.023322
v 0.025681 -0.156560 0.023400
v 0.036417 -0.155192 0.023648
v -0.034575 -0.174174 0.024951
v -0.023355 -0.172779 0.024421
v -0.011057 -0.171240 0.024033
v 0.001780 -0.169624 0.023794
v 0.014619 -0.167999 0.023711
v 0.026920 -0.166434 0.023791
v 0.038144 -0.164995 0.024040
v -0.036974 -0.196805 0.025846
v -0.024766 -0.195116 0.025308
v -0.011384 -0.193256 0.024913
v 0.002584 -0.191306 0.024667
v 0.016553 -0.189349 0.024577
v 0.029937 -0.187466 0.024650
v 0.042150 -0.185739 0.024892
v -0.037770 -0.208996 0.026357
v -0.025081 -0.207092 0.025812
v -0.011173 -0.204996 0.025407
v 0.003345 -0.202800 0.025151
v 0.017864 -0.200597 0.025052
v 0.031775 -0.198479 0.025116
v 0.044468 -0.196538 0.025350
v -0.038159 -0.221569 0.026899
v -0.025011 -0.219423 0.026343
v -0.010601 -0.217062 0.025927
v 0.004442 -0.214590 0.025659
v 0.019486 -0.212110 0.025548
v 0.033900 -0.209728 0.025600
v 0.047052 -0.207546 0.025824
v -0.038034 -0.234365 0.027462
v -0.024459 -0.231967 0.026894
v -0.009579 -0.229329 0.026465
v 0.005952 -0.226569 0.026184
v 0.021485 -0.223801 0.026059
v 0.036367 -0.221143 0.026098
v 0.049947 -0.218709 0.026310
v -0.037288 -0.247227 0.028035
v -0.023327 -0.244581 0.027455
v -0.008024 -0.241673 0.027013
v 0.007950 -0.238631 0.026718
v 0.023925 -0.235581 0.026579
v 0.039230 -0.232652 0.026605
v 0.053196 -0.229972 0.026805
v -0.035816 -0.259995 0.028609
v -0.021519 -0.257124 0.028017
v -0.005848 -0.253969 0.027563
v 0.010510 -0.250668 0.027254
v 0.026870 -0.247361 0.027102
v 0.042543 -0.244185 0.027115
v 0.056845 -0.241279 0.027304
v -0.033511 -0.272512 0.029173
v -0.018938 -0.269453 0.028571
v -0.002965 -0.266091 0.028106
v 0.013709 -0.262575 0.027786
v 0.030384 -0.259052 0.027623
v 0.046359 -0.255670 0.027625
v 0.060937 -0.252576 0.027804
v -0.017259 -0.094089 0.021236
v -0.010851 -0.093756 0.020924
v -0.003546 -0.093417 0.020713
v 0.004206 -0.093140 0.020626
v 0.011945 -0.092958 0.020676
v 0.019215 -0.092854 0.020851
v 0.025582 -0.092791 0.021130
v -0.018618 -0.095600 0.021171
v -0.011678 -0.095256 0.020802
v -0.003991 -0.094859 0.020558
v 0.004070 -0.094475 0.020449
v 0.012122 -0.094150 0.020488
v 0.019786 -0.093879 0.020667
v 0.026702 -0.093642 0.020979
v -0.020026 -0.097612 0.021219
v -0.012640 -0.097191 0.020810
v -0.004542 -0.096698 0.020537
v 0.003908 -0.096188 0.020408
v 0.012353 -0.095705 0.020430
v 0.020437 -0.095258 0.020603
v 0.027810 -0.094846 0.020923
v -0.021264 -0.100197 0.021370
v -0.013548 -0.099656 0.020931
v -0.005097 -0.099032 0.020632
v 0.003721 -0.098373 0.020481
v 0.012535 -0.097719 0.020484
v 0.020980 -0.097089 0.020641
v 0.028689 -0.096501 0.020953
v -0.022237 -0.103419 0.021614
v -0.014289 -0.102731 0.021147
v -0.005581 -0.101952 0.020823
v 0.003508 -0.101124 0.020649
v 0.012595 -0.100286 0.020628
v 0.021301 -0.099471 0.020766
v 0.029247 -0.098708 0.021063
v -0.023040 -0.107305 0.021923
v -0.014919 -0.106465 0.021431
v -0.006018 -0.105522 0.021084
v 0.003271 -0.104519 0.020886
v 0.012561 -0.103500 0.020842
v 0.021461 -0.102507 0.020958
v 0.029582 -0.101579 0.021239
v -0.023812 -0.111876 0.022268
v -0.015533 -0.110894 0.021756
v -0.006459 -0.109797 0.021387
v 0.003014 -0.108633 0.021168
v 0.012486 -0.107453 0.021103
v 0.021561 -0.106303 0.021200
v 0.029842 -0.105233 0.021463
v -0.271294 -0.119703 0.023925
v -0.261006 -0.130971 0.023399
v -0.249726 -0.143319 0.023015
v -0.237948 -0.156205 0.022780
v -0.226165 -0.169087 0.022702
v -0.214871 -0.181426 0.022786
v -0.204563 -0.192682 0.023039
v -0.278054 -0.129576 0.024201
v -0.267774 -0.140860 0.023676
v -0.256501 -0.153223 0.023293
v -0.244724 -0.166113 0.023059
v -0.232936 -0.178983 0.022980
v -0.221633 -0.191299 0.023063
v -0.211316 -0.202533 0.023314
v -0.283610 -0.139668 0.024482
v -0.273490 -0.150887 0.023965
v -0.262391 -0.163172 0.023588
v -0.250781 -0.175951 0.023357
v -0.239140 -0.188662 0.023279
v -0.227966 -0.200799 0.023360
v -0.217765 -0.211865 0.023608
v -0.287866 -0.149779 0.024779
v -0.278088 -0.160826 0.024277
v -0.267357 -0.172913 0.023912
v -0.256106 -0.185426 0.023689
v -0.244782 -0.197782 0.023613
v -0.233890 -0.209523 0.023692
v -0.223944 -0.220221 0.023933
v -0.290788 -0.159662 0.025102
v -0.281557 -0.170423 0.024626
v -0.271397 -0.182186 0.024281
v -0.260692 -0.194271 0.024070
v -0.249853 -0.206055 0.023997
v -0.239390 -0.217148 0.024070
v -0.229843 -0.227220 0.024298
v -0.292575 -0.168893 0.025455
v -0.284111 -0.179290 0.025027
v -0.274660 -0.190689 0.024712
v -0.264575 -0.202299 0.024516
v -0.254274 -0.213420 0.024445
v -0.244312 -0.223674 0.024504
v -0.235280 -0.232808 0.024702
v -0.293585 -0.176908 0.025845
v -0.286066 -0.186981 0.025494
v -0.277333 -0.198110 0.025223
v -0.267796 -0.209347 0.025044
v -0.257949 -0.219880 0.024970
v -0.248432 -0.229240 0.025002
v -0.239945 -0.237131 0.025143
v -0.121273 -0.033310 0.020252
v -0.115889 -0.040268 0.019751
v -0.109976 -0.047887 0.019395
v -0.103794 -0.055835 0.019189
v -0.097602 -0.063777 0.019139
v -0.091657 -0.071379 0.019250
v -0.086221 -0.078309 0.019527
v -0.127745 -0.035549 0.020427
v -0.122168 -0.042757 0.019923
v -0.116044 -0.050652 0.019564
v -0.109642 -0.058888 0.019355
v -0.103231 -0.067119 0.019302
v -0.097079 -0.074999 0.019410
v -0.091454 -0.082183 0.019685
v -0.134910 -0.038025 0.020581
v -0.129128 -0.045540 0.020078
v -0.122782 -0.053772 0.019719
v -0.116149 -0.062361 0.019511
v -0.109508 -0.070945 0.019459
v -0.103136 -0.079164 0.019569
v -0.097312 -0.086658 0.019844
v -0.142735 -0.040786 0.020724
v -0.136733 -0.048650 0.020223
v -0.130146 -0.057265 0.019868
v -0.123263 -0.066253 0.019664
v -0.116372 -0.075238 0.019615
v -0.109762 -0.083842 0.019728
v -0.103722 -0.091688 0.020007
v -0.151192 -0.043878 0.020865
v -0.144945 -0.052118 0.020368
v -0.138092 -0.061145 0.020018
v -0.130932 -0.070564 0.019818
v -0.123765 -0.079980 0.019775
v -0.116892 -0.088998 0.019892
v -0.110612 -0.097222 0.020176
v -0.160248 -0.047349 0.021013
v -0.153728 -0.055976 0.020521
v -0.146576 -0.065429 0.020175
v -0.139105 -0.075293 0.019981
v -0.131627 -0.085155 0.019943
v -0.124458 -0.094600 0.020065
v -0.117909 -0.103215 0.020353
v -0.169873 -0.051245 0.021179
v -0.163044 -0.060258 0.020690
v -0.155553 -0.070134 0.020349
v -0.147729 -0.080440 0.020158
v -0.139900 -0.090744 0.020124
v -0.132394 -0.100614 0.020251
v -0.125539 -0.109616 0.020543
v -0.190682 -0.060493 0.021598
v -0.183104 -0.070215 0.021110
v -0.174794 -0.080868 0.020769
v -0.166115 -0.091987 0.020580
v -0.157432 -0.103104 0.020546
v -0.149109 -0.113753 0.020674
v -0.141510 -0.123467 0.020967
v -0.201644 -0.065905 0.021854
v -0.193639 -0.075935 0.021363
v -0.184861 -0.086926 0.021019
v -0.175694 -0.098398 0.020825
v -0.166523 -0.109868 0.020788
v -0.157733 -0.120855 0.020912
v -0.149708 -0.130878 0.021202
v -0.212734 -0.071860 0.022133
v -0.204289 -0.082167 0.021637
v -0.195030 -0.093461 0.021287
v -0.185361 -0.105249 0.021088
v -0.175688 -0.117035 0.021046
v -0.166418 -0.128325 0.021164
v -0.157955 -0.138625 0.021449
v -0.223760 -0.078373 0.022429
v -0.214883 -0.088923 0.021927
v -0.205150 -0.100485 0.021570
v -0.194986 -0.112551 0.021364
v -0.184819 -0.124617 0.021315
v -0.175075 -0.136175 0.021427
v -0.166181 -0.146719 0.021706
v -0.234532 -0.085456 0.022735
v -0.225248 -0.096217 0.022226
v -0.215069 -0.108010 0.021862
v -0.204440 -0.120318 0.021649
v -0.193807 -0.132625 0.021592
v -0.183617 -0.144414 0.021697
v -0.174315 -0.155169 0.021969
v -0.244861 -0.093121 0.023044
v -0.235213 -0.104060 0.022528
v -0.224635 -0.116048 0.022158
v -0.213591 -0.128560 0.021937
v -0.202542 -0.141070 0.021873
v -0.191954 -0.153055 0.021970
v -0.182288 -0.163988 0.022236
v -0.254555 -0.101381 0.023349
v -0.244606 -0.112465 0.022828
v -0.233698 -0.124612 0.022451
v -0.222309 -0.137289 0.022224
v -0.210916 -0.149965 0.022153
v -0.199998 -0.162108 0.022245
v -0.190031 -0.173185 0.022505
v -0.091811 -0.026156 0.019156
v -0.088311 -0.031536 0.018857
v -0.084361 -0.037690 0.018662
v -0.080242 -0.044264 0.018590
v -0.076215 -0.050874 0.018653
v -0.072492 -0.057119 0.018837
v -0.069258 -0.062604 0.019125
v -0.093798 -0.025735 0.019057
v -0.090022 -0.031569 0.018704
v -0.085829 -0.038024 0.018476
v -0.081463 -0.044812 0.018385
v -0.077155 -0.051622 0.018440
v -0.073090 -0.058125 0.018633
v -0.069432 -0.063997 0.018958
v -0.096244 -0.025522 0.019061
v -0.092178 -0.031704 0.018670
v -0.087696 -0.038466 0.018416
v -0.083026 -0.045528 0.018308
v -0.078385 -0.052599 0.018350
v -0.073958 -0.059378 0.018541
v -0.069919 -0.065559 0.018878
v -0.099105 -0.025744 0.019158
v -0.094768 -0.032151 0.018738
v -0.089996 -0.039155 0.018462
v -0.085013 -0.046459 0.018335
v -0.080038 -0.053764 0.018362
v -0.075272 -0.060764 0.018541
v -0.070913 -0.067148 0.018875
v -0.102385 -0.026515 0.019333
v -0.097806 -0.033049 0.018889
v -0.092770 -0.040197 0.018592
v -0.087504 -0.047652 0.018445
v -0.082233 -0.055101 0.018453
v -0.077175 -0.062234 0.018617
v -0.072546 -0.068735 0.018940
v -0.106157 -0.027766 0.019560
v -0.101359 -0.034374 0.019095
v -0.096084 -0.041606 0.018777
v -0.090566 -0.049147 0.018611
v -0.085037 -0.056681 0.018599
v -0.079728 -0.063892 0.018746
v -0.074868 -0.070463 0.019055
v -0.110507 -0.029386 0.019808
v -0.105506 -0.036060 0.019326
v -0.100011 -0.043365 0.018991
v -0.094262 -0.050984 0.018807
v -0.088501 -0.058595 0.018778
v -0.082969 -0.065880 0.018909
v -0.077905 -0.072518 0.019204
v -0.241092 0.180987 0.021018
v -0.245692 0.166449 0.020268
v -0.250734 0.150510 0.019640
v -0.255994 0.133869 0.019150
v -0.261252 0.117225 0.018816
v -0.266287 0.101274 0.018656
v -0.270881 0.086717 0.018686
v -0.253026 0.181901 0.021080
v -0.257643 0.167362 0.020332
v -0.262701 0.151421 0.019704
v -0.267967 0.134780 0.019214
v -0.273210 0.118137 0.018880
v -0.278221 0.102190 0.018719
v -0.282791 0.087636 0.018747
v -0.264547 0.181663 0.021144
v -0.269188 0.167295 0.020404
v -0.274266 0.151544 0.019784
v -0.279518 0.135103 0.019300
v -0.284699 0.118666 0.018970
v -0.289619 0.102920 0.018811
v -0.294102 0.088550 0.018839
v -0.275435 0.180290 0.021225
v -0.280099 0.166303 0.020504
v -0.285189 0.150969 0.019899
v -0.290391 0.134971 0.019428
v -0.295423 0.118988 0.019108
v -0.300141 0.103684 0.018954
v -0.304432 0.089719 0.018983
v -0.285458 0.177875 0.021339
v -0.290148 0.164505 0.020649
v -0.295245 0.149828 0.020071
v -0.300349 0.134517 0.019619
v -0.305128 0.119238 0.019313
v -0.309500 0.104631 0.019167
v -0.313449 0.091324 0.019195
v -0.294350 0.174803 0.021497
v -0.299110 0.162278 0.020861
v -0.304246 0.148397 0.020320
v -0.309249 0.133861 0.019893
v -0.313724 0.119379 0.019602
v -0.317620 0.105625 0.019458
v -0.321014 0.093235 0.019476
v -0.301802 0.171665 0.021718
v -0.306755 0.160121 0.021166
v -0.312017 0.146996 0.020673
v -0.316972 0.133120 0.020271
v -0.321164 0.119326 0.019988
v -0.324508 0.106404 0.019836
v -0.327098 0.095108 0.019822
v -0.091197 0.094315 0.019320
v -0.094518 0.086179 0.018680
v -0.098151 0.077252 0.018172
v -0.101936 0.067926 0.017808
v -0.105713 0.058593 0.017599
v -0.109324 0.049643 0.017558
v -0.112609 0.041467 0.017696
v -0.096375 0.098799 0.019441
v -0.099817 0.090369 0.018793
v -0.103582 0.081122 0.018277
v -0.107507 0.071462 0.017903
v -0.111425 0.061795 0.017686
v -0.115172 0.052526 0.017637
v -0.118583 0.044060 0.017768
v -0.102105 0.103763 0.019535
v -0.105711 0.095003 0.018882
v -0.109657 0.085395 0.018359
v -0.113771 0.075358 0.017980
v -0.117880 0.065315 0.017756
v -0.121811 0.055686 0.017701
v -0.125391 0.046893 0.017827
v -0.108412 0.109158 0.019612
v -0.112209 0.100032 0.018954
v -0.116366 0.090024 0.018427
v -0.120701 0.079571 0.018043
v -0.125032 0.069111 0.017814
v -0.129177 0.059084 0.017755
v -0.132954 0.049928 0.017877
v -0.115322 0.114933 0.019678
v -0.119322 0.105408 0.019017
v -0.123702 0.094963 0.018486
v -0.128272 0.084054 0.018098
v -0.132839 0.073140 0.017866
v -0.137210 0.062677 0.017804
v -0.141195 0.053124 0.017923
v -0.122859 0.121038 0.019744
v -0.127058 0.111083 0.019079
v -0.131658 0.100166 0.018545
v -0.136457 0.088765 0.018153
v -0.141254 0.077359 0.017917
v -0.145847 0.066426 0.017851
v -0.150035 0.056445 0.017967
v -0.131049 0.127423 0.019817
v -0.135427 0.117007 0.019149
v -0.140224 0.105585 0.018610
v -0.145230 0.093658 0.018213
v -0.150234 0.081726 0.017973
v -0.155026 0.070289 0.017902
v -0.159397 0.059849 0.018014
v -0.149470 0.140813 0.020020
v -0.154088 0.129395 0.019338
v -0.159148 0.116874 0.018784
v -0.164429 0.103801 0.018373
v -0.169710 0.090723 0.018117
v -0.174769 0.078189 0.018032
v -0.179384 0.066749 0.018131
v -0.159643 0.147598 0.020150
v -0.164314 0.135655 0.019459
v -0.169432 0.122560 0.018895
v -0.174775 0.108887 0.018473
v -0.180118 0.095210 0.018207
v -0.185236 0.082103 0.018112
v -0.189905 0.070139 0.018202
v -0.170351 0.154219 0.020292
v -0.175041 0.141758 0.019591
v -0.180181 0.128095 0.019016
v -0.185546 0.113830 0.018582
v -0.190911 0.099561 0.018305
v -0.196051 0.085886 0.018198
v -0.200741 0.073404 0.018278
v -0.181510 0.160508 0.020439
v -0.186194 0.147550 0.019727
v -0.191328 0.133343 0.019141
v -0.196688 0.118510 0.018695
v -0.202047 0.103673 0.018405
v -0.207182 0.089455 0.018287
v -0.211867 0.076477 0.018356
v -0.193035 0.166291 0.020585
v -0.197698 0.152875 0.019862
v -0.202810 0.138167 0.019264
v -0.208145 0.122810 0.018806
v -0.213480 0.107449 0.018504
v -0.218592 0.092728 0.018375
v -0.223256 0.079293 0.018433
v -0.204842 0.171399 0.020722
v -0.209478 0.157580 0.019989
v -0.214559 0.142428 0.019381
v -0.219862 0.126610 0.018912
v -0.225166 0.110787 0.018599
v -0.230247 0.095624 0.018459
v -0.234883 0.081785 0.018508
v -0.216847 0.175660 0.020843
v -0.221458 0.161507 0.020103
v -0.226511 0.145991 0.019485
v -0.231785 0.129792 0.019007
v -0.237060 0.113588 0.018684
v -0.242113 0.098060 0.018535
v -0.246724 0.083888 0.018576
v -0.070248 0.072392 0.018407
v -0.073149 0.066673 0.018001
v -0.076498 0.060177 0.017682
v -0.080127 0.053324 0.017477
v -0.083837 0.046530 0.017407
v -0.087385 0.040181 0.017465
v -0.090522 0.034636 0.017642
v -0.070875 0.074323 0.018315
v -0.074030 0.068139 0.017844
v -0.077518 0.061283 0.017487
v -0.081208 0.054109 0.017259
v -0.084951 0.046973 0.017177
v -0.088551 0.040199 0.017240
v -0.091812 0.034091 0.017446
v -0.071914 0.076548 0.018321
v -0.075225 0.069940 0.017806
v -0.078833 0.062679 0.017416
v -0.082608 0.055105 0.017165
v -0.086410 0.047549 0.017065
v -0.090068 0.040324 0.017120
v -0.093406 0.033733 0.017333
v -0.073539 0.078913 0.018409
v -0.076909 0.071958 0.017861
v -0.080580 0.064326 0.017445
v -0.084409 0.056359 0.017171
v -0.088246 0.048398 0.017051
v -0.091925 0.040769 0.017090
v -0.095278 0.033799 0.017295
v -0.075850 0.081367 0.018565
v -0.079209 0.074138 0.017990
v -0.082873 0.066205 0.017549
v -0.086690 0.057919 0.017253
v -0.090503 0.049629 0.017111
v -0.094152 0.041682 0.017132
v -0.097471 0.034419 0.017325
v -0.078824 0.084005 0.018761
v -0.082136 0.076550 0.018164
v -0.085753 0.068369 0.017702
v -0.089518 0.059821 0.017384
v -0.093276 0.051266 0.017222
v -0.096866 0.043061 0.017225
v -0.100130 0.035564 0.017402
v -0.082407 0.086959 0.018971
v -0.085674 0.079296 0.018355
v -0.089244 0.070888 0.017874
v -0.092961 0.062101 0.017537
v -0.096669 0.053307 0.017356
v -0.100211 0.044872 0.017342
v -0.103431 0.037166 0.017504
v 0.034386 0.305227 0.024421
v 0.019513 0.301947 0.023362
v 0.003204 0.298348 0.022395
v -0.013825 0.294587 0.021552
v -0.030858 0.290819 0.020865
v -0.047182 0.287205 0.020367
v -0.062083 0.283903 0.020088
v 0.029207 0.316017 0.024488
v 0.014324 0.312752 0.023431
v -0.001994 0.309166 0.022465
v -0.019025 0.305409 0.021622
v -0.036050 0.301630 0.020935
v -0.052359 0.297996 0.020435
v -0.067246 0.294675 0.020155
v 0.023237 0.325874 0.024533
v 0.008491 0.322715 0.023489
v -0.007674 0.319241 0.022534
v -0.024525 0.315572 0.021701
v -0.041340 0.311842 0.021022
v -0.057430 0.308230 0.020529
v -0.072113 0.304926 0.020252
v 0.016602 0.334615 0.024573
v 0.002173 0.331666 0.023555
v -0.013636 0.328412 0.022625
v -0.030079 0.324920 0.021814
v -0.046427 0.321288 0.021154
v -0.062033 0.317722 0.020676
v -0.076270 0.314454 0.020408
v 0.009495 0.342086 0.024625
v -0.004413 0.339467 0.023651
v -0.019657 0.336547 0.022761
v -0.035457 0.333315 0.021984
v -0.051069 0.329816 0.021354
v -0.065899 0.326298 0.020898
v -0.079394 0.323063 0.020644
v 0.002385 0.348248 0.024708
v -0.010827 0.346113 0.023807
v -0.025403 0.343623 0.022970
v -0.040482 0.340691 0.022234
v -0.055251 0.337327 0.021635
v -0.069105 0.333824 0.021201
v -0.081529 0.330566 0.020956
v -0.004062 0.353129 0.024856
v -0.016523 0.351651 0.024057
v -0.030509 0.349648 0.023285
v -0.044992 0.347004 0.022587
v -0.059026 0.343739 0.022012
v -0.071882 0.340175 0.021586
v -0.082957 0.336768 0.021334
v 0.034353 0.132101 0.021087
v 0.025659 0.130915 0.020273
v 0.016124 0.129601 0.019574
v 0.006164 0.128219 0.019011
v -0.003802 0.126824 0.018603
v -0.013355 0.125476 0.018371
v -0.022078 0.124231 0.018335
v 0.035642 0.138827 0.021295
v 0.026635 0.137598 0.020467
v 0.016756 0.136239 0.019753
v 0.006437 0.134810 0.019174
v -0.003888 0.133371 0.018751
v -0.013786 0.131981 0.018504
v -0.022823 0.130700 0.018454
v 0.037072 0.146270 0.021486
v 0.027698 0.145018 0.020646
v 0.017415 0.143635 0.019918
v 0.006676 0.142182 0.019324
v -0.004070 0.140720 0.018887
v -0.014371 0.139309 0.018626
v -0.023777 0.138011 0.018565
v 0.038587 0.154428 0.021667
v 0.028800 0.153159 0.020815
v 0.018066 0.151759 0.020074
v 0.006855 0.150289 0.019467
v -0.004362 0.148811 0.019016
v -0.015115 0.147387 0.018743
v -0.024933 0.146077 0.018669
v 0.040129 0.163299 0.021846
v 0.029896 0.162006 0.020982
v 0.018672 0.160581 0.020228
v 0.006949 0.159086 0.019608
v -0.004780 0.157585 0.019143
v -0.016023 0.156139 0.018857
v -0.026288 0.154811 0.018772
v 0.041644 0.172877 0.022031
v 0.030938 0.171542 0.021154
v 0.019196 0.170071 0.020386
v 0.006933 0.168529 0.019751
v -0.005337 0.166982 0.019272
v -0.017098 0.165493 0.018972
v -0.027836 0.164126 0.018875
v 0.043074 0.183162 0.022228
v 0.031879 0.181751 0.021337
v 0.019602 0.180198 0.020554
v 0.006780 0.178572 0.019904
v -0.006049 0.176941 0.019409
v -0.018345 0.175373 0.019094
v -0.029572 0.173935 0.018983
v 0.045449 0.205808 0.022689
v 0.033267 0.204103 0.021763
v 0.019907 0.202229 0.020943
v 0.005955 0.200268 0.020252
v -0.008003 0.198304 0.019718
v -0.021383 0.196418 0.019366
v -0.033597 0.194692 0.019221
v 0.046232 0.218008 0.022949
v 0.033570 0.216087 0.022003
v 0.019684 0.213976 0.021161
v 0.005182 0.211770 0.020447
v -0.009325 0.209559 0.019890
v -0.023231 0.207438 0.019515
v -0.035926 0.205498 0.019350
v 0.046607 0.230590 0.023217
v 0.033486 0.228427 0.022250
v 0.019098 0.226051 0.021385
v 0.004072 0.223568 0.020647
v -0.010960 0.221081 0.020066
v -0.025367 0.218694 0.019668
v -0.038520 0.216513 0.019482
v 0.046467 0.243396 0.023483
v 0.032919 0.240980 0.022495
v 0.018063 0.238327 0.021606
v 0.002549 0.235555 0.020845
v -0.012971 0.232779 0.020239
v -0.027846 0.230116 0.019819
v -0.041426 0.227683 0.019611
v 0.045707 0.256267 0.023735
v 0.031773 0.253604 0.022728
v 0.016494 0.250680 0.021817
v 0.000539 0.247625 0.021033
v -0.015422 0.244567 0.020404
v -0.030720 0.241633 0.019962
v -0.044686 0.238952 0.019735
v 0.044221 0.269045 0.023965
v 0.029952 0.266155 0.022940
v 0.014305 0.262984 0.022009
v -0.002034 0.259671 0.021204
v -0.018379 0.256354 0.020555
v -0.034044 0.253173 0.020093
v -0.048345 0.250267 0.019848
v 0.041903 0.281570 0.024162
v 0.027358 0.278492 0.023121
v 0.011410 0.275115 0.022174
v -0.005244 0.271586 0.021352
v -0.021904 0.268053 0.020685
v -0.037872 0.264665 0.020206
v -0.052448 0.261570 0.019946
v 0.025867 0.103006 0.019740
v 0.019473 0.102663 0.019211
v 0.012180 0.102317 0.018753
v 0.004436 0.102035 0.018401
v -0.003300 0.101851 0.018184
v -0.010572 0.101748 0.018106
v -0.016945 0.101689 0.018164
v 0.027228 0.104516 0.019687
v 0.020305 0.104160 0.019084
v 0.012631 0.103755 0.018580
v 0.004579 0.103366 0.018198
v -0.003469 0.103038 0.017962
v -0.011136 0.102768 0.017880
v -0.018058 0.102535 0.017955
v 0.028634 0.106528 0.019739
v 0.021267 0.106096 0.019081
v 0.013183 0.105593 0.018536
v 0.004743 0.105077 0.018123
v -0.003698 0.104591 0.017861
v -0.011784 0.104145 0.017761
v -0.019163 0.103737 0.017832
v 0.029867 0.109117 0.019874
v 0.022171 0.108563 0.019178
v 0.013735 0.107929 0.018598
v 0.004928 0.107263 0.018154
v -0.003881 0.106606 0.017862
v -0.012326 0.105977 0.017738
v -0.020042 0.105393 0.017794
v 0.030832 0.112344 0.020078
v 0.022906 0.111643 0.019349
v 0.014213 0.110853 0.018739
v 0.005136 0.110017 0.018265
v -0.003945 0.109176 0.017946
v -0.012651 0.108360 0.017797
v -0.020602 0.107601 0.017834
v 0.031625 0.116237 0.020326
v 0.023526 0.115382 0.019570
v 0.014643 0.114428 0.018933
v 0.005366 0.113417 0.018433
v -0.003917 0.112394 0.018088
v -0.012816 0.111400 0.017915
v -0.020942 0.110476 0.017932
v 0.032387 0.120815 0.020593
v 0.024131 0.119818 0.019815
v 0.015074 0.118709 0.019154
v 0.005615 0.117537 0.018630
v -0.003850 0.116351 0.018261
v -0.012923 0.115201 0.018066
v -0.021208 0.114134 0.018064
v 0.279662 0.128776 0.030729
v 0.269404 0.140025 0.029585
v 0.258149 0.152357 0.028525
v 0.246391 0.165229 0.027584
v 0.234623 0.178102 0.026799
v 0.223339 0.190434 0.026207
v 0.213033 0.201689 0.025842
v 0.286413 0.138656 0.031015
v 0.276162 0.149921 0.029873
v 0.264914 0.162267 0.028814
v 0.253158 0.175144 0.027874
v 0.241385 0.188004 0.027088
v 0.230091 0.200314 0.026494
v 0.219776 0.211546 0.026128
v 0.291959 0.148754 0.031260
v 0.281869 0.159953 0.030133
v 0.270794 0.172223 0.029087
v 0.259205 0.184988 0.028159
v 0.247578 0.197690 0.027383
v 0.236413 0.209821 0.026796
v 0.226214 0.220886 0.026434
v 0.296207 0.158870 0.031475
v 0.286457 0.169900 0.030379
v 0.275749 0.181971 0.029363
v 0.264518 0.194471 0.028460
v 0.253209 0.206818 0.027706
v 0.242325 0.218552 0.027135
v 0.232381 0.229249 0.026784
v 0.299119 0.168759 0.031674
v 0.289915 0.179503 0.030630
v 0.279778 0.191251 0.029661
v 0.269092 0.203324 0.028799
v 0.258266 0.215099 0.028078
v 0.247812 0.226186 0.027532
v 0.238266 0.236257 0.027195
v 0.300896 0.177997 0.031878
v 0.292457 0.188378 0.030917
v 0.283027 0.199763 0.030012
v 0.272960 0.211362 0.029198
v 0.262672 0.222474 0.028512
v 0.252718 0.232723 0.027988
v 0.243689 0.241855 0.027662
v 0.301895 0.186019 0.032120
v 0.294397 0.196078 0.031276
v 0.285684 0.207195 0.030446
v 0.276164 0.218421 0.029677
v 0.266329 0.228946 0.029018
v 0.256820 0.238300 0.028503
v 0.248337 0.246189 0.028167
v 0.129827 0.042262 0.023784
v 0.124467 0.049204 0.022936
v 0.118574 0.056811 0.022199
v 0.112405 0.064750 0.021595
v 0.106221 0.072686 0.021147
v 0.100280 0.080287 0.020876
v 0.094840 0.087218 0.020805
v 0.136290 0.044507 0.024134
v 0.130737 0.051699 0.023270
v 0.124632 0.059582 0.022517
v 0.118245 0.067808 0.021896
v 0.111843 0.076033 0.021431
v 0.105694 0.083911 0.021144
v 0.100066 0.091097 0.021058
v 0.143446 0.046989 0.024482
v 0.137689 0.054488 0.023605
v 0.131362 0.062708 0.022837
v 0.124744 0.071286 0.022201
v 0.118112 0.079864 0.021720
v 0.111744 0.088082 0.021419
v 0.105916 0.095578 0.021319
v 0.151263 0.049755 0.024835
v 0.145285 0.057603 0.023945
v 0.138718 0.066205 0.023163
v 0.131850 0.075184 0.022513
v 0.124968 0.084163 0.022018
v 0.118362 0.092764 0.021703
v 0.112319 0.100612 0.021591
v 0.159710 0.052854 0.025201
v 0.153489 0.061077 0.024298
v 0.146655 0.070091 0.023502
v 0.139510 0.079500 0.022837
v 0.132353 0.088910 0.022328
v 0.125483 0.097926 0.021998
v 0.119201 0.106152 0.021874
v 0.168757 0.056330 0.025587
v 0.162262 0.064942 0.024670
v 0.155130 0.074381 0.023859
v 0.147674 0.084235 0.023178
v 0.140207 0.094090 0.022652
v 0.133041 0.103533 0.022308
v 0.126489 0.112149 0.022170
v 0.178372 0.060233 0.026000
v 0.171568 0.069229 0.025068
v 0.164098 0.079092 0.024238
v 0.156290 0.089388 0.023539
v 0.148470 0.099686 0.022995
v 0.140968 0.109553 0.022634
v 0.134111 0.118557 0.022480
v 0.199158 0.069496 0.026936
v 0.191605 0.079201 0.025961
v 0.183316 0.089841 0.025087
v 0.174654 0.100949 0.024340
v 0.165982 0.112059 0.023748
v 0.157664 0.122704 0.023341
v 0.150063 0.132420 0.023146
v 0.210106 0.074917 0.027452
v 0.202127 0.084930 0.026452
v 0.193371 0.095907 0.025549
v 0.184221 0.107367 0.024774
v 0.175062 0.118830 0.024154
v 0.166277 0.129814 0.023719
v 0.158251 0.139838 0.023499
v 0.221182 0.080882 0.027983
v 0.212764 0.091171 0.026956
v 0.203527 0.102450 0.026024
v 0.193876 0.114226 0.025218
v 0.184215 0.126005 0.024568
v 0.174951 0.137291 0.024104
v 0.166487 0.147592 0.023857
v 0.232193 0.087404 0.028515
v 0.223344 0.097937 0.027462
v 0.213634 0.109483 0.026501
v 0.203488 0.121538 0.025664
v 0.193334 0.133595 0.024983
v 0.183597 0.145148 0.024490
v 0.174702 0.155692 0.024216
v 0.242951 0.094496 0.029036
v 0.233695 0.105239 0.027957
v 0.223539 0.117017 0.026968
v 0.212929 0.129312 0.026101
v 0.202310 0.141610 0.025391
v 0.192127 0.153395 0.024870
v 0.182825 0.164150 0.024571
v 0.253266 0.102170 0.029530
v 0.243647 0.113091 0.028428
v 0.233093 0.125063 0.027414
v 0.222068 0.137562 0.026521
v 0.211033 0.150064 0.025784
v 0.200452 0.162043 0.025238
v 0.190788 0.172975 0.024916
v 0.262946 0.110439 0.029986
v 0.253027 0.121505 0.028864
v 0.242144 0.133635 0.027829
v 0.230774 0.146299 0.026914
v 0.219396 0.158966 0.026155
v 0.208486 0.171103 0.025587
v 0.198521 0.182180 0.025245
v 0.100419 0.035073 0.021821
v 0.096934 0.040444 0.021278
v 0.092995 0.046590 0.020804
v 0.088884 0.053158 0.020437
v 0.084860 0.059767 0.020208
v 0.081135 0.066014 0.020119
v 0.077895 0.071502 0.020169
v 0.102408 0.034651 0.021801
v 0.098648 0.040473 0.021183
v 0.094469 0.046920 0.020661
v 0.090111 0.053702 0.020263
v 0.085807 0.060510 0.020011
v 0.081741 0.067014 0.019914
v 0.078075 0.072891 0.019976
v 0.104852 0.034439 0.021896
v 0.100805 0.040608 0.021222
v 0.096337 0.047362 0.020657
v 0.091676 0.054417 0.020224
v 0.087039 0.061485 0.019942
v 0.082611 0.068265 0.019823
v 0.078566 0.074451 0.019877
v 0.107708 0.034665 0.022087
v 0.103391 0.041058 0.021370
v 0.098635 0.048052 0.020768
v 0.093662 0.055349 0.020300
v 0.088692 0.062651 0.019985
v 0.083925 0.069651 0.019838
v 0.079560 0.076040 0.019873
v 0.110980 0.035440 0.022360
v 0.106422 0.041961 0.021607
v 0.101403 0.049098 0.020970
v 0.096148 0.056545 0.020469
v 0.090883 0.063991 0.020122
v 0.085826 0.071124 0.019946
v 0.081191 0.077629 0.019958
v 0.114742 0.036698 0.022690
v 0.109966 0.043291 0.021907
v 0.104708 0.050512 0.021239
v 0.099203 0.058045 0.020708
v 0.093680 0.065575 0.020331
v 0.088372 0.072785 0.020127
v 0.083507 0.079360 0.020116
v 0.119082 0.038325 0.023053
v 0.114104 0.044983 0.022244
v 0.108626 0.052277 0.021550
v 0.102890 0.059887 0.020991
v 0.097137 0.067494 0.020586
v 0.091606 0.074777 0.020357
v 0.086539 0.081418 0.020323
v 0.249460 -0.171914 0.033636
v 0.254090 -0.157395 0.032715
v 0.259157 -0.141473 0.031900
v 0.264438 -0.124845 0.031214
v 0.269710 -0.108210 0.030685
v 0.274754 -0.092266 0.030336
v 0.279350 -0.077710 0.030195
v 0.261384 -0.172822 0.034136
v 0.266031 -0.158301 0.033218
v 0.271114 -0.142377 0.032403
v 0.276400 -0.125749 0.031718
v 0.281659 -0.109116 0.031188
v 0.286679 -0.093175 0.030838
v 0.291251 -0.078622 0.030694
v 0.272897 -0.172577 0.034598
v 0.277567 -0.158228 0.033693
v 0.282669 -0.142493 0.032891
v 0.287941 -0.126065 0.032216
v 0.293137 -0.109638 0.031692
v 0.298066 -0.093898 0.031345
v 0.302551 -0.079530 0.031202
v 0.283775 -0.171199 0.035028
v 0.288467 -0.157230 0.034152
v 0.293582 -0.141912 0.033375
v 0.298803 -0.125927 0.032721
v 0.303850 -0.109953 0.032212
v 0.308576 -0.094655 0.031873
v 0.312869 -0.080691 0.031734
v 0.293790 -0.168777 0.035437
v 0.298506 -0.155424 0.034607
v 0.303625 -0.140763 0.033872
v 0.308749 -0.125464 0.033250
v 0.313542 -0.110195 0.032762
v 0.317922 -0.095593 0.032435
v 0.321872 -0.082287 0.032298
v 0.302672 -0.165699 0.035836
v 0.307456 -0.153190 0.035082
v 0.312613 -0.139323 0.034404
v 0.317634 -0.124798 0.033820
v 0.322122 -0.110326 0.033354
v 0.326026 -0.096576 0.033033
v 0.329422 -0.084188 0.032887
v 0.310112 -0.162554 0.036246
v 0.315086 -0.151024 0.035604
v 0.320367 -0.137911 0.034996
v 0.325339 -0.124046 0.034450
v 0.329544 -0.110261 0.033999
v 0.332897 -0.097344 0.033669
v 0.335490 -0.086050 0.033488
v 0.099751 -0.085363 0.024715
v 0.103096 -0.077242 0.024006
v 0.106748 -0.068328 0.023422
v 0.110547 -0.059011 0.022977
v 0.114333 -0.049684 0.022687
v 0.117947 -0.040735 0.022568
v 0.121228 -0.032558 0.022635
v 0.104920 -0.089841 0.025120
v 0.108386 -0.081427 0.024400
v 0.112171 -0.072192 0.023804
v 0.116110 -0.062542 0.023348
v 0.120037 -0.052881 0.023047
v 0.123787 -0.043614 0.022917
v 0.127195 -0.035146 0.022975
v 0.110642 -0.094799 0.025528
v 0.114271 -0.086055 0.024801
v 0.118237 -0.076460 0.024197
v 0.122366 -0.066433 0.023732
v 0.126484 -0.056396 0.023423
v 0.130418 -0.046769 0.023286
v 0.133995 -0.037974 0.023336
v 0.116940 -0.100188 0.025947
v 0.120761 -0.091079 0.025215
v 0.124938 -0.081083 0.024605
v 0.129288 -0.070640 0.024134
v 0.133629 -0.060186 0.023819
v 0.137777 -0.050162 0.023675
v 0.141551 -0.041003 0.023720
v 0.123840 -0.105957 0.026388
v 0.127865 -0.096449 0.025649
v 0.132266 -0.086017 0.025034
v 0.136850 -0.075118 0.024557
v 0.141427 -0.064210 0.024236
v 0.145802 -0.053750 0.024087
v 0.149784 -0.044195 0.024127
v 0.131368 -0.112056 0.026856
v 0.135592 -0.102117 0.026112
v 0.140212 -0.091214 0.025489
v 0.145026 -0.079823 0.025006
v 0.149833 -0.068423 0.024677
v 0.154430 -0.057493 0.024522
v 0.158616 -0.047510 0.024556
v 0.139548 -0.118435 0.027362
v 0.143951 -0.108035 0.026609
v 0.148768 -0.096627 0.025978
v 0.153790 -0.084710 0.025484
v 0.158804 -0.072784 0.025147
v 0.163601 -0.061351 0.024982
v 0.167969 -0.050908 0.025009
v 0.157946 -0.131810 0.028515
v 0.162589 -0.120408 0.027734
v 0.167670 -0.107901 0.027072
v 0.172968 -0.094839 0.026547
v 0.178260 -0.081768 0.026178
v 0.183324 -0.069238 0.025983
v 0.187937 -0.057796 0.025982
v 0.168105 -0.138585 0.029156
v 0.172802 -0.126659 0.028356
v 0.177942 -0.113579 0.027673
v 0.183302 -0.099917 0.027126
v 0.188656 -0.086248 0.026735
v 0.193780 -0.073144 0.026519
v 0.198448 -0.061180 0.026499
v 0.178799 -0.145198 0.029824
v 0.183515 -0.132754 0.029003
v 0.188678 -0.119106 0.028296
v 0.194061 -0.104852 0.027724
v 0.199438 -0.090591 0.027309
v 0.204584 -0.076920 0.027070
v 0.209273 -0.064438 0.027028
v 0.189943 -0.151477 0.030505
v 0.194655 -0.138537 0.029662
v 0.199812 -0.124345 0.028930
v 0.205190 -0.109524 0.028334
v 0.210562 -0.094696 0.027893
v 0.215703 -0.080481 0.027630
v 0.220388 -0.067504 0.027566
v 0.201454 -0.157251 0.031186
v 0.206145 -0.143853 0.030320
v 0.211280 -0.129160 0.029566
v 0.216634 -0.113815 0.028944
v 0.221983 -0.098463 0.028478
v 0.227102 -0.083748 0.028192
v 0.231766 -0.070312 0.028106
v 0.213247 -0.162350 0.031852
v 0.217911 -0.148549 0.030967
v 0.223016 -0.133413 0.030191
v 0.228339 -0.117607 0.029546
v 0.233657 -0.101794 0.029058
v 0.238746 -0.086636 0.028749
v 0.243383 -0.072798 0.028644
v 0.225239 -0.166602 0.032491
v 0.229878 -0.152468 0.031589
v 0.234956 -0.136968 0.030795
v 0.240250 -0.120781 0.030131
v 0.245539 -0.104587 0.029623
v 0.250601 -0.089065 0.029296
v 0.255213 -0.074894 0.029175
v 0.078856 -0.063474 0.022569
v 0.081772 -0.057766 0.022134
v 0.085132 -0.051277 0.021784
v 0.088769 -0.044429 0.021550
v 0.092482 -0.037637 0.021454
v 0.096028 -0.031287 0.021492
v 0.099159 -0.025738 0.021652
v 0.079485 -0.065408 0.022543
v 0.082657 -0.059235 0.022042
v 0.086158 -0.052387 0.021650
v 0.089857 -0.045218 0.021388
v 0.093603 -0.038084 0.021274
v 0.097202 -0.031309 0.021307
v 0.100455 -0.025197 0.021488
v 0.080522 -0.067631 0.022636
v 0.083852 -0.061035 0.022086
v 0.087475 -0.053784 0.021657
v 0.091259 -0.046216 0.021366
v 0.095065 -0.038663 0.021226
v 0.098722 -0.031437 0.021244
v 0.102052 -0.024841 0.021423
v 0.082142 -0.069993 0.022836
v 0.085532 -0.063051 0.022247
v 0.089219 -0.055429 0.021785
v 0.093058 -0.047469 0.021464
v 0.096900 -0.039511 0.021295
v 0.100579 -0.031882 0.021289
v 0.103925 -0.024907 0.021452
v 0.084446 -0.072441 0.023128
v 0.087825 -0.065227 0.022506
v 0.091505 -0.057304 0.022013
v 0.095333 -0.049026 0.021661
v 0.099153 -0.040740 0.021463
v 0.102802 -0.032792 0.021430
v 0.106115 -0.025526 0.021573
v 0.087410 -0.075073 0.023488
v 0.090743 -0.067633 0.022837
v 0.094378 -0.059463 0.022315
v 0.098155 -0.050923 0.021934
v 0.101919 -0.042372 0.021708
v 0.105511 -0.034168 0.021649
v 0.108770 -0.026668 0.021769
v 0.090982 -0.078020 0.023890
v 0.094272 -0.070372 0.023215
v 0.097860 -0.061975 0.022667
v 0.101590 -0.053198 0.022260
v 0.105305 -0.044408 0.022008
v 0.108849 -0.035975 0.021924
v 0.112064 -0.028265 0.022023
v -0.026018 -0.296153 0.030234
v -0.011115 -0.292893 0.029622
v 0.005219 -0.289311 0.029145
v 0.022268 -0.285562 0.028812
v 0.039316 -0.281805 0.028636
v 0.055649 -0.278196 0.028626
v 0.070552 -0.274895 0.028794
v -0.020849 -0.306937 0.030729
v -0.005937 -0.303691 0.030119
v 0.010407 -0.300122 0.029643
v 0.027459 -0.296378 0.029311
v 0.044499 -0.292609 0.029134
v 0.060817 -0.288981 0.029122
v 0.075705 -0.285661 0.029287
v -0.014888 -0.316788 0.031209
v -0.000113 -0.313648 0.030609
v 0.016076 -0.310190 0.030141
v 0.032948 -0.306535 0.029815
v 0.049778 -0.302815 0.029640
v 0.065876 -0.299208 0.029627
v 0.080562 -0.295906 0.029789
v -0.008261 -0.325523 0.031680
v 0.006195 -0.322593 0.031101
v 0.022029 -0.319354 0.030650
v 0.038491 -0.315876 0.030335
v 0.054854 -0.312253 0.030165
v 0.070468 -0.308692 0.030152
v 0.084707 -0.305426 0.030308
v -0.001164 -0.332988 0.032151
v 0.012770 -0.330387 0.031605
v 0.028037 -0.327481 0.031182
v 0.043856 -0.324262 0.030885
v 0.059482 -0.320772 0.030722
v 0.074320 -0.317259 0.030704
v 0.087818 -0.314026 0.030849
v 0.005936 -0.339144 0.032624
v 0.019172 -0.337025 0.032137
v 0.033770 -0.334549 0.031754
v 0.048866 -0.331628 0.031479
v 0.063649 -0.328273 0.031321
v 0.077511 -0.324775 0.031291
v 0.089937 -0.321519 0.031407
v 0.012372 -0.344018 0.033109
v 0.024854 -0.342553 0.032713
v 0.038859 -0.340563 0.032385
v 0.053359 -0.337930 0.032134
v 0.067406 -0.334674 0.031976
v 0.080270 -0.331114 0.031919
v 0.091349 -0.327710 0.031977
v -0.025799 -0.123149 0.022950
v -0.017082 -0.121978 0.022414
v -0.007527 -0.120677 0.022019
v 0.002447 -0.119304 0.021773
v 0.012421 -0.117915 0.021683
v 0.021978 -0.116568 0.021755
v 0.030698 -0.115321 0.021996
v -0.027097 -0.129869 0.023266
v -0.018066 -0.128655 0.022727
v -0.008167 -0.127309 0.022328
v 0.002166 -0.125890 0.022078
v 0.012500 -0.124457 0.021983
v 0.022401 -0.123069 0.022051
v 0.031435 -0.121786 0.022288
v -0.028536 -0.137306 0.023577
v -0.019137 -0.136069 0.023037
v -0.008835 -0.134699 0.022638
v 0.001919 -0.133256 0.022388
v 0.012674 -0.131801 0.022293
v 0.022979 -0.130392 0.022361
v 0.032381 -0.129092 0.022599
v -0.030059 -0.145459 0.023892
v -0.020248 -0.144205 0.023354
v -0.009494 -0.142818 0.022957
v 0.001732 -0.141358 0.022709
v 0.012959 -0.139887 0.022617
v 0.023715 -0.138465 0.022688
v 0.033530 -0.137153 0.022928
v -0.031611 -0.154323 0.024219
v -0.021352 -0.153046 0.023685
v -0.010108 -0.151635 0.023292
v 0.001629 -0.150150 0.023047
v 0.013368 -0.148655 0.022959
v 0.024614 -0.147212 0.023034
v 0.034877 -0.145882 0.023278
v -0.033134 -0.163896 0.024570
v -0.022404 -0.162576 0.024038
v -0.010641 -0.161119 0.023648
v 0.001637 -0.159587 0.023407
v 0.013916 -0.158046 0.023323
v 0.025681 -0.156559 0.023400
v 0.036417 -0.155192 0.023648
v -0.034575 -0.174174 0.024952
v -0.023355 -0.172779 0.024421
v -0.011057 -0.171240 0.024033
v 0.001780 -0.169624 0.023794
v 0.014619 -0.167999 0.023711
v 0.026920 -0.166434 0.023791
v 0.038144 -0.164995 0.024040
v -0.036974 -0.196804 0.025846
v -0.024766 -0.195116 0.025309
v -0.011385 -0.193256 0.024913
v 0.002584 -0.191306 0.024667
v 0.016553 -0.189349 0.024577
v 0.029937 -0.187466 0.024650
v 0.042150 -0.185739 0.024893
v -0.037770 -0.208996 0.026357
v -0.025082 -0.207092 0.025812
v -0.011174 -0.204995 0.025407
v 0.003344 -0.202800 0.025152
v 0.017864 -0.200597 0.025052
v 0.031775 -0.198479 0.025116
v 0.044468 -0.196538 0.025350
v -0.038159 -0.221569 0.026900
v -0.025012 -0.219423 0.026343
v -0.010601 -0.217062 0.025927
v 0.004442 -0.214590 0.025660
v 0.019486 -0.212110 0.025548
v 0.033900 -0.209728 0.025600
v 0.047052 -0.207546 0.025824
v -0.038034 -0.234365 0.027462
v -0.024459 -0.231967 0.026894
v -0.009580 -0.229329 0.026465
v 0.005952 -0.226569 0.026184
v 0.021485 -0.223801 0.026059
v 0.036367 -0.221143 0.026098
v 0.049947 -0.218709 0.026310
v -0.037288 -0.247227 0.028035
v -0.023327 -0.244581 0.027455
v -0.008024 -0.241673 0.027013
v 0.007950 -0.238630 0.026718
v 0.023925 -0.235581 0.026579
v 0.039230 -0.232652 0.026605
v 0.053196 -0.229972 0.026805
v -0.035816 -0.259995 0.028609
v -0.021519 -0.257124 0.028017
v -0.005848 -0.253969 0.027563
v 0.010510 -0.250668 0.027254
v 0.026869 -0.247361 0.027102
v 0.042543 -0.244185 0.027115
v 0.056845 -0.241279 0.027304
v -0.033512 -0.272512 0.029173
v -0.018938 -0.269453 0.028571
v -0.002965 -0.266091 0.028106
v 0.013709 -0.262575 0.027786
v 0.030383 -0.259052 0.027623
v 0.046359 -0.255670 0.027625
v 0.060937 -0.252576 0.027804
v -0.017260 -0.094089 0.021236
v -0.010851 -0.093756 0.020924
v -0.003546 -0.093417 0.020713
v 0.004206 -0.093140 0.020626
v 0.011945 -0.092958 0.020676
v 0.019215 -0.092854 0.020851
v 0.025582 -0.092791 0.021130
v -0.018618 -0.095600 0.021171
v -0.011678 -0.095256 0.020802
v -0.003991 -0.094859 0.020558
v 0.004070 -0.094475 0.020449
v 0.012122 -0.094150 0.020488
v 0.019786 -0.093879 0.020667
v 0.026702 -0.093642 0.020979
v -0.020026 -0.097612 0.021219
v -0.012640 -0.097191 0.020810
v -0.004542 -0.096698 0.020537
v 0.003908 -0.096188 0.020408
v 0.012353 -0.095705 0.020430
v 0.020437 -0.095258 0.020603
v 0.027810 -0.094846 0.020923
v -0.021264 -0.100197 0.021370
v -0.013548 -0.099656 0.020931
v -0.005097 -0.099032 0.020632
v 0.003721 -0.098373 0.020481
v 0.012535 -0.097719 0.020484
v 0.020980 -0.097089 0.020641
v 0.028689 -0.096501 0.020953
v -0.022237 -0.103419 0.021614
v -0.014289 -0.102731 0.021147
v -0.005581 -0.101952 0.020823
v 0.003508 -0.101124 0.020649
v 0.012595 -0.100286 0.020628
v 0.021301 -0.099471 0.020766
v 0.029246 -0.098708 0.021063
v -0.023040 -0.107305 0.021923
v -0.014919 -0.106465 0.021431
v -0.006019 -0.105522 0.021084
v 0.003271 -0.104519 0.020886
v 0.012561 -0.103500 0.020842
v 0.021461 -0.102507 0.020958
v 0.029582 -0.101579 0.021239
v -0.023812 -0.111876 0.022268
v -0.015533 -0.110894 0.021756
v -0.006459 -0.109797 0.021387
v 0.003013 -0.108633 0.021168
v 0.012486 -0.107453 0.021103
v 0.021561 -0.106303 0.021200
v 0.029842 -0.105233 0.021463
v -0.025979 -0.295799 0.037981
v -0.020811 -0.306583 0.038440
v -0.014851 -0.316436 0.038821
v -0.008226 -0.325179 0.039102
v -0.001131 -0.332657 0.039263
v 0.005968 -0.338833 0.039299
v 0.012401 -0.343734 0.039212
v -0.011072 -0.292503 0.038149
v -0.005895 -0.303301 0.038606
v -0.000072 -0.313261 0.038989
v 0.006234 -0.322214 0.039272
v 0.012807 -0.330023 0.039434
v 0.019207 -0.336683 0.039464
v 0.024886 -0.342244 0.039353
v 0.005264 -0.288899 0.038139
v 0.010451 -0.299710 0.038596
v 0.016119 -0.309781 0.038982
v 0.022070 -0.318954 0.039271
v 0.028077 -0.327097 0.039442
v 0.033806 -0.334189 0.039477
v 0.038892 -0.340238 0.039363
v 0.022314 -0.285144 0.037963
v 0.027504 -0.295959 0.038420
v 0.032992 -0.306119 0.038809
v 0.038533 -0.315469 0.039107
v 0.043896 -0.323871 0.039290
v 0.048904 -0.331262 0.039337
v 0.053392 -0.337599 0.039232
v 0.039362 -0.281393 0.037631
v 0.044543 -0.292197 0.038087
v 0.049821 -0.302406 0.038480
v 0.054895 -0.311853 0.038786
v 0.059521 -0.320388 0.038981
v 0.063686 -0.327913 0.039044
v 0.067438 -0.334348 0.038954
v 0.055692 -0.277806 0.037153
v 0.060859 -0.288590 0.037609
v 0.065917 -0.298821 0.038007
v 0.070507 -0.308313 0.038323
v 0.074357 -0.316895 0.038533
v 0.077546 -0.324434 0.038618
v 0.080302 -0.330805 0.038558
v 0.070591 -0.274541 0.036541
v 0.075743 -0.285306 0.036998
v 0.080599 -0.295553 0.037402
v 0.084742 -0.305082 0.037730
v 0.087852 -0.313695 0.037961
v 0.089969 -0.321208 0.038083
v 0.091378 -0.327426 0.038080
v -0.025768 -0.122429 0.030670
v -0.027062 -0.129208 0.030993
v -0.028497 -0.136702 0.031309
v -0.030016 -0.144908 0.031628
v -0.031565 -0.153820 0.031959
v -0.033087 -0.163435 0.032313
v -0.034526 -0.173749 0.032697
v -0.017049 -0.121173 0.030910
v -0.018029 -0.127917 0.031230
v -0.019095 -0.135395 0.031546
v -0.020202 -0.143590 0.031868
v -0.021303 -0.152485 0.032203
v -0.022352 -0.162063 0.032560
v -0.023302 -0.172307 0.032946
v -0.007494 -0.119814 0.030981
v -0.008129 -0.126518 0.031296
v -0.008792 -0.133976 0.031613
v -0.009447 -0.142159 0.031937
v -0.010057 -0.151034 0.032277
v -0.010587 -0.160571 0.032637
v -0.011001 -0.170737 0.033026
v 0.002479 -0.118412 0.030889
v 0.002204 -0.125071 0.031200
v 0.001962 -0.132509 0.031517
v 0.001779 -0.140677 0.031844
v 0.001680 -0.149531 0.032187
v 0.001691 -0.159023 0.032552
v 0.001837 -0.169108 0.032942
v 0.012451 -0.117024 0.030641
v 0.012535 -0.123639 0.030948
v 0.012715 -0.131054 0.031265
v 0.013004 -0.139207 0.031595
v 0.013417 -0.148038 0.031942
v 0.013969 -0.157485 0.032310
v 0.014674 -0.167487 0.032703
v 0.022004 -0.115711 0.030246
v 0.022433 -0.122282 0.030549
v 0.023016 -0.129674 0.030865
v 0.023757 -0.137811 0.031198
v 0.024661 -0.146619 0.031549
v 0.025731 -0.156022 0.031920
v 0.026972 -0.165944 0.032314
v 0.030721 -0.114532 0.029709
v 0.031464 -0.121060 0.030008
v 0.032414 -0.128430 0.030324
v 0.033567 -0.136552 0.030659
v 0.034918 -0.145337 0.031013
v 0.036461 -0.154698 0.031388
v 0.038191 -0.164546 0.031783
v -0.036924 -0.196430 0.033595
v -0.037721 -0.208636 0.034108
v -0.038111 -0.221219 0.034651
v -0.037987 -0.234020 0.035214
v -0.037243 -0.246882 0.035788
v -0.035773 -0.259649 0.036361
v -0.033470 -0.272163 0.036925
v -0.024711 -0.194702 0.033838
v -0.025028 -0.206695 0.034343
v -0.024959 -0.219036 0.034875
v -0.024408 -0.231586 0.035427
v -0.023277 -0.244202 0.035988
v -0.021471 -0.256743 0.036550
v -0.018893 -0.269069 0.037104
v -0.011327 -0.192817 0.033911
v -0.011117 -0.204575 0.034406
v -0.010545 -0.216653 0.034928
v -0.009526 -0.228927 0.035466
v -0.007972 -0.241273 0.036014
v -0.005798 -0.253567 0.036564
v -0.002917 -0.265687 0.037107
v 0.002642 -0.190857 0.033820
v 0.003402 -0.202371 0.034307
v 0.004499 -0.214174 0.034816
v 0.006007 -0.226159 0.035341
v 0.008003 -0.238223 0.035875
v 0.010561 -0.250260 0.036412
v 0.013758 -0.262164 0.036943
v 0.016610 -0.188906 0.033574
v 0.017920 -0.200174 0.034051
v 0.019542 -0.211701 0.034548
v 0.021539 -0.223399 0.035059
v 0.023977 -0.235180 0.035580
v 0.026920 -0.246959 0.036103
v 0.030432 -0.258648 0.036624
v 0.029991 -0.187044 0.033178
v 0.031828 -0.198077 0.033646
v 0.033953 -0.209339 0.034132
v 0.036419 -0.220761 0.034630
v 0.039280 -0.232272 0.035138
v 0.042591 -0.243804 0.035648
v 0.046405 -0.255286 0.036158
v 0.042199 -0.185354 0.032641
v 0.044517 -0.196172 0.033101
v 0.047100 -0.207192 0.033576
v 0.049993 -0.218362 0.034062
v 0.053241 -0.229627 0.034557
v 0.056888 -0.240933 0.035057
v 0.060979 -0.252227 0.035557
v -0.017267 -0.093199 0.027277
v -0.018623 -0.094652 0.027781
v -0.020028 -0.096635 0.028265
v -0.021262 -0.099221 0.028730
v -0.022230 -0.102468 0.029169
v -0.023026 -0.106400 0.029582
v -0.023793 -0.111029 0.029970
v -0.010860 -0.092776 0.027494
v -0.011685 -0.094204 0.028056
v -0.012643 -0.096106 0.028566
v -0.013547 -0.098570 0.029032
v -0.014282 -0.101674 0.029462
v -0.014905 -0.105457 0.029861
v -0.015513 -0.109950 0.030232
v -0.003557 -0.092377 0.027617
v -0.004000 -0.093739 0.028203
v -0.004547 -0.095542 0.028719
v -0.005097 -0.097875 0.029178
v -0.005575 -0.100825 0.029594
v -0.006006 -0.104446 0.029974
v -0.006439 -0.108787 0.030327
v 0.004194 -0.092073 0.027647
v 0.004060 -0.093327 0.028227
v 0.003902 -0.095001 0.028731
v 0.003719 -0.097185 0.029175
v 0.003512 -0.099964 0.029570
v 0.003283 -0.103411 0.029929
v 0.003032 -0.107592 0.030261
v 0.011932 -0.091905 0.027579
v 0.012111 -0.093015 0.028132
v 0.012346 -0.094530 0.028610
v 0.012533 -0.096540 0.029027
v 0.012598 -0.099135 0.029397
v 0.012571 -0.102398 0.029730
v 0.012502 -0.106415 0.030040
v 0.019203 -0.091850 0.027418
v 0.019776 -0.092798 0.027918
v 0.020430 -0.094139 0.028355
v 0.020977 -0.095964 0.028738
v 0.021303 -0.098369 0.029076
v 0.021469 -0.101450 0.029382
v 0.021575 -0.105307 0.029671
v 0.025571 -0.091869 0.027167
v 0.026692 -0.092655 0.027585
v 0.027803 -0.093824 0.027965
v 0.028685 -0.095472 0.028307
v 0.029247 -0.097698 0.028612
v 0.029588 -0.100609 0.028891
v 0.029853 -0.104317 0.029158
v -0.271112 -0.119632 0.031678
v -0.277872 -0.129504 0.031918
v -0.283429 -0.139596 0.032100
v -0.287689 -0.149707 0.032206
v -0.290618 -0.159593 0.032219
v -0.292415 -0.168828 0.032135
v -0.293438 -0.176848 0.031953
v -0.260806 -0.130893 0.031932
v -0.267573 -0.140781 0.032170
v -0.273291 -0.150807 0.032351
v -0.277893 -0.160748 0.032454
v -0.281369 -0.170346 0.032461
v -0.283935 -0.179219 0.032359
v -0.285906 -0.186916 0.032139
v -0.249515 -0.143237 0.032016
v -0.256289 -0.153139 0.032253
v -0.262180 -0.163088 0.032435
v -0.267151 -0.172830 0.032540
v -0.271199 -0.182106 0.032548
v -0.274474 -0.190614 0.032442
v -0.277165 -0.198041 0.032207
v -0.237733 -0.156122 0.031938
v -0.244509 -0.166028 0.032175
v -0.250567 -0.175865 0.032358
v -0.255896 -0.185342 0.032467
v -0.260491 -0.194189 0.032481
v -0.264387 -0.202222 0.032380
v -0.267626 -0.209277 0.032147
v -0.225953 -0.169005 0.031703
v -0.232724 -0.178899 0.031940
v -0.238929 -0.188578 0.032126
v -0.244576 -0.197699 0.032241
v -0.249655 -0.205975 0.032263
v -0.254088 -0.213345 0.032174
v -0.257781 -0.219812 0.031954
v -0.214671 -0.181348 0.031319
v -0.221432 -0.191219 0.031556
v -0.227766 -0.200719 0.031746
v -0.233694 -0.209444 0.031869
v -0.239203 -0.217072 0.031904
v -0.244136 -0.223603 0.031836
v -0.248272 -0.229175 0.031647
v -0.204381 -0.192611 0.030792
v -0.211133 -0.202461 0.031030
v -0.217584 -0.211793 0.031226
v -0.223766 -0.220149 0.031360
v -0.229672 -0.227151 0.031415
v -0.235120 -0.232743 0.031382
v -0.239798 -0.237072 0.031251
v -0.120777 -0.033049 0.027986
v -0.127300 -0.035322 0.028166
v -0.134511 -0.037830 0.028324
v -0.142381 -0.040620 0.028470
v -0.150877 -0.043739 0.028613
v -0.159969 -0.047233 0.028764
v -0.169625 -0.051148 0.028932
v -0.115334 -0.039973 0.028263
v -0.121668 -0.042500 0.028440
v -0.128681 -0.045320 0.028599
v -0.136336 -0.048462 0.028748
v -0.144594 -0.051960 0.028897
v -0.153417 -0.055845 0.029052
v -0.162768 -0.060148 0.029224
v -0.109380 -0.047569 0.028372
v -0.115507 -0.050374 0.028547
v -0.122301 -0.053533 0.028707
v -0.129719 -0.057061 0.028860
v -0.137714 -0.060974 0.029013
v -0.146243 -0.065287 0.029174
v -0.155258 -0.070016 0.029350
v -0.103176 -0.055502 0.028321
v -0.109085 -0.058597 0.028493
v -0.115651 -0.062110 0.028654
v -0.122820 -0.066040 0.028811
v -0.130541 -0.070385 0.028969
v -0.138760 -0.075144 0.029135
v -0.147425 -0.080317 0.029315
v -0.096983 -0.063441 0.028114
v -0.102673 -0.066825 0.028283
v -0.109008 -0.070692 0.028445
v -0.115929 -0.075022 0.028605
v -0.123374 -0.079799 0.028769
v -0.131283 -0.085005 0.028940
v -0.139597 -0.090621 0.029125
v -0.091060 -0.071054 0.027757
v -0.096540 -0.074714 0.027923
v -0.102654 -0.078918 0.028086
v -0.109334 -0.083632 0.028250
v -0.116514 -0.088822 0.028418
v -0.124126 -0.094454 0.028594
v -0.132103 -0.100494 0.028782
v -0.085670 -0.078006 0.027255
v -0.090956 -0.081917 0.027418
v -0.096866 -0.086429 0.027582
v -0.103327 -0.091492 0.027749
v -0.110264 -0.097058 0.027921
v -0.117603 -0.103079 0.028102
v -0.125271 -0.109505 0.028294
v -0.190477 -0.060422 0.029354
v -0.201453 -0.065840 0.029611
v -0.212551 -0.071800 0.029891
v -0.223582 -0.078314 0.030187
v -0.234356 -0.085395 0.030493
v -0.244684 -0.093058 0.030802
v -0.254376 -0.101316 0.031107
v -0.182877 -0.070135 0.029647
v -0.193428 -0.075863 0.029901
v -0.204088 -0.082100 0.030176
v -0.214687 -0.088858 0.030466
v -0.225054 -0.096151 0.030765
v -0.235019 -0.103991 0.031068
v -0.244410 -0.112393 0.031367
v -0.174553 -0.080783 0.029774
v -0.184637 -0.086850 0.030025
v -0.194817 -0.093390 0.030294
v -0.204943 -0.100416 0.030578
v -0.214864 -0.107940 0.030870
v -0.224431 -0.115976 0.031165
v -0.233492 -0.124536 0.031459
v -0.165868 -0.091899 0.029741
v -0.175465 -0.098319 0.029987
v -0.185143 -0.105176 0.030251
v -0.194775 -0.112481 0.030528
v -0.204231 -0.120247 0.030813
v -0.213382 -0.128486 0.031101
v -0.222099 -0.137212 0.031388
v -0.157187 -0.103016 0.029551
v -0.166297 -0.109790 0.029794
v -0.175474 -0.116963 0.030052
v -0.184612 -0.124547 0.030322
v -0.193602 -0.132555 0.030599
v -0.202337 -0.140998 0.030880
v -0.210709 -0.149889 0.031161
v -0.148875 -0.113668 0.029210
v -0.157517 -0.120781 0.029449
v -0.166214 -0.128257 0.029702
v -0.174878 -0.136108 0.029965
v -0.183422 -0.144348 0.030236
v -0.191759 -0.152986 0.030509
v -0.199802 -0.162036 0.030784
v -0.141297 -0.123390 0.028722
v -0.149511 -0.130811 0.028958
v -0.157769 -0.138563 0.029206
v -0.166001 -0.146659 0.029463
v -0.174138 -0.155109 0.029727
v -0.182112 -0.163925 0.029994
v -0.189853 -0.173120 0.030263
v -0.091157 -0.025762 0.025213
v -0.093103 -0.025318 0.025685
v -0.095532 -0.025098 0.026127
v -0.098396 -0.025328 0.026536
v -0.101699 -0.026117 0.026906
v -0.105509 -0.027398 0.027236
v -0.109908 -0.029052 0.027526
v -0.087590 -0.031100 0.025446
v -0.089250 -0.031105 0.025978
v -0.091385 -0.031231 0.026446
v -0.093979 -0.031685 0.026860
v -0.097042 -0.032605 0.027224
v -0.100637 -0.033961 0.027543
v -0.104837 -0.035685 0.027820
v -0.083595 -0.037226 0.025587
v -0.085007 -0.037529 0.026143
v -0.086850 -0.037961 0.026620
v -0.089154 -0.038657 0.027031
v -0.091954 -0.039722 0.027384
v -0.095312 -0.041163 0.027688
v -0.099294 -0.042962 0.027950
v -0.079456 -0.043786 0.025631
v -0.080619 -0.044302 0.026185
v -0.082156 -0.045007 0.026654
v -0.084147 -0.045946 0.027052
v -0.086664 -0.047160 0.027389
v -0.089769 -0.048688 0.027675
v -0.093521 -0.050565 0.027920
v -0.075438 -0.050402 0.025576
v -0.076320 -0.051117 0.026105
v -0.077524 -0.052083 0.026552
v -0.079178 -0.053254 0.026928
v -0.081398 -0.054611 0.027243
v -0.084243 -0.056222 0.027508
v -0.087761 -0.058175 0.027735
v -0.071751 -0.056669 0.025424
v -0.072295 -0.057644 0.025905
v -0.073136 -0.058885 0.026315
v -0.074450 -0.060275 0.026660
v -0.076375 -0.061763 0.026948
v -0.078966 -0.063450 0.027190
v -0.082257 -0.065474 0.027398
v -0.068578 -0.062191 0.025180
v -0.068706 -0.063558 0.025583
v -0.069169 -0.065108 0.025940
v -0.070161 -0.066700 0.026248
v -0.071812 -0.068302 0.026507
v -0.074168 -0.070056 0.026726
v -0.077250 -0.072142 0.026916
v -0.241084 0.180792 0.028771
v -0.253016 0.181707 0.028797
v -0.264536 0.181470 0.028763
v -0.275423 0.180102 0.028653
v -0.285446 0.177695 0.028456
v -0.294338 0.174633 0.028177
v -0.301790 0.171510 0.027826
v -0.245684 0.166234 0.028802
v -0.257633 0.167147 0.028825
v -0.269176 0.167083 0.028791
v -0.280086 0.166096 0.028682
v -0.290134 0.164306 0.028484
v -0.299097 0.162092 0.028194
v -0.306742 0.159952 0.027811
v -0.250725 0.150283 0.028641
v -0.262690 0.151195 0.028664
v -0.274252 0.151320 0.028631
v -0.285175 0.150751 0.028527
v -0.295230 0.149619 0.028337
v -0.304232 0.148201 0.028050
v -0.312004 0.146819 0.027657
v -0.255985 0.133638 0.028308
v -0.267955 0.134550 0.028330
v -0.279505 0.134875 0.028301
v -0.290376 0.134749 0.028206
v -0.300334 0.134304 0.028030
v -0.309235 0.133661 0.027757
v -0.316958 0.132940 0.027374
v -0.261243 0.116998 0.027818
v -0.273199 0.117911 0.027840
v -0.284686 0.118442 0.027817
v -0.295409 0.118770 0.027735
v -0.305114 0.119029 0.027579
v -0.313710 0.119184 0.027331
v -0.321151 0.119149 0.026972
v -0.266279 0.101059 0.027189
v -0.278211 0.101975 0.027212
v -0.289606 0.102708 0.027197
v -0.300127 0.103477 0.027131
v -0.309486 0.104432 0.027001
v -0.317607 0.105439 0.026791
v -0.324496 0.106236 0.026480
v -0.270873 0.086522 0.026439
v -0.282782 0.087441 0.026464
v -0.294091 0.088358 0.026458
v -0.304420 0.089531 0.026410
v -0.313436 0.091144 0.026312
v -0.321001 0.093066 0.026157
v -0.327086 0.094953 0.025930
v -0.090867 0.093944 0.027059
v -0.096100 0.098454 0.027184
v -0.101882 0.103443 0.027281
v -0.108236 0.108861 0.027360
v -0.115188 0.114657 0.027429
v -0.122763 0.120781 0.027496
v -0.130985 0.127183 0.027571
v -0.094145 0.085765 0.027197
v -0.099504 0.089985 0.027314
v -0.105455 0.094646 0.027406
v -0.112007 0.099702 0.027481
v -0.119168 0.105102 0.027547
v -0.126947 0.110798 0.027612
v -0.135353 0.116742 0.027683
v -0.097744 0.076810 0.027155
v -0.103241 0.080711 0.027264
v -0.109377 0.085014 0.027351
v -0.116144 0.089671 0.027422
v -0.123533 0.094637 0.027484
v -0.131535 0.099863 0.027545
v -0.140142 0.105303 0.027612
v -0.101509 0.067471 0.026945
v -0.107147 0.071039 0.027046
v -0.113475 0.074966 0.027126
v -0.120466 0.079207 0.027193
v -0.128092 0.083719 0.027251
v -0.136326 0.088454 0.027309
v -0.145141 0.093369 0.027371
v -0.105281 0.058140 0.026580
v -0.111059 0.061373 0.026672
v -0.117578 0.064925 0.026746
v -0.124792 0.068750 0.026808
v -0.132654 0.072807 0.026863
v -0.141120 0.077051 0.026917
v -0.150143 0.081440 0.026974
v -0.108902 0.049208 0.026071
v -0.114814 0.052121 0.026154
v -0.121515 0.055312 0.026222
v -0.128940 0.058738 0.026280
v -0.137028 0.062358 0.026331
v -0.145714 0.066132 0.026382
v -0.154936 0.070016 0.026435
v -0.112216 0.041068 0.025430
v -0.118249 0.043688 0.025506
v -0.125113 0.046549 0.025568
v -0.132731 0.049610 0.025622
v -0.141023 0.052832 0.025670
v -0.149909 0.056175 0.025717
v -0.159311 0.059599 0.025766
v -0.149451 0.140599 0.027776
v -0.159636 0.147391 0.027907
v -0.170352 0.154018 0.028050
v -0.181514 0.160310 0.028197
v -0.193039 0.166096 0.028343
v -0.204844 0.171204 0.028480
v -0.216846 0.175465 0.028601
v -0.154065 0.129157 0.027874
v -0.164305 0.135426 0.027997
v -0.175041 0.141536 0.028129
v -0.186198 0.147332 0.028266
v -0.197703 0.152660 0.028401
v -0.209480 0.157365 0.028528
v -0.221457 0.161293 0.028642
v -0.159122 0.116623 0.027789
v -0.169422 0.122319 0.027901
v -0.180181 0.127861 0.028023
v -0.191333 0.133114 0.028148
v -0.202814 0.137939 0.028271
v -0.214561 0.142202 0.028388
v -0.226510 0.145765 0.028493
v -0.164401 0.103544 0.027534
v -0.174764 0.108641 0.027635
v -0.185545 0.113591 0.027745
v -0.196692 0.118276 0.027858
v -0.208150 0.122578 0.027970
v -0.219865 0.126379 0.028075
v -0.231784 0.129561 0.028170
v -0.169680 0.090470 0.027122
v -0.180105 0.094968 0.027213
v -0.190910 0.099326 0.027311
v -0.202051 0.103443 0.027412
v -0.213485 0.107221 0.027512
v -0.225169 0.110561 0.027606
v -0.237059 0.113362 0.027692
v -0.174739 0.077949 0.026568
v -0.185223 0.081873 0.026649
v -0.196049 0.085663 0.026736
v -0.207185 0.089236 0.026825
v -0.218596 0.092513 0.026914
v -0.230250 0.095410 0.026998
v -0.242112 0.097846 0.027074
v -0.179355 0.066529 0.025886
v -0.189893 0.069930 0.025958
v -0.200739 0.073201 0.026035
v -0.211869 0.076279 0.026113
v -0.223260 0.079097 0.026191
v -0.234886 0.081590 0.026265
v -0.246723 0.083693 0.026334
v -0.069692 0.071965 0.024472
v -0.070291 0.073867 0.024951
v -0.071323 0.076076 0.025395
v -0.072961 0.078438 0.025795
v -0.075304 0.080900 0.026145
v -0.078324 0.083556 0.026444
v -0.081962 0.086534 0.026695
v -0.072534 0.066205 0.024598
v -0.073378 0.067634 0.025128
v -0.074564 0.069416 0.025591
v -0.076263 0.071431 0.025992
v -0.078597 0.073620 0.026334
v -0.081575 0.076052 0.026620
v -0.085173 0.078824 0.026856
v -0.075841 0.059680 0.024615
v -0.076820 0.060746 0.025164
v -0.078126 0.062122 0.025630
v -0.079888 0.063765 0.026023
v -0.082217 0.065654 0.026351
v -0.085149 0.067838 0.026621
v -0.088703 0.070384 0.026840
v -0.079452 0.052815 0.024528
v -0.080491 0.053559 0.025069
v -0.081879 0.054533 0.025522
v -0.083694 0.055784 0.025898
v -0.086011 0.057353 0.026206
v -0.088892 0.059275 0.026457
v -0.092398 0.061583 0.026658
v -0.083169 0.046029 0.024339
v -0.084239 0.046430 0.024852
v -0.085685 0.046985 0.025278
v -0.087534 0.047828 0.025627
v -0.089825 0.049068 0.025911
v -0.092648 0.050724 0.026139
v -0.096102 0.052792 0.026321
v -0.086748 0.039703 0.024061
v -0.087873 0.039682 0.024521
v -0.089375 0.039786 0.024903
v -0.091242 0.040226 0.025218
v -0.093499 0.041145 0.025473
v -0.096260 0.042543 0.025677
v -0.099662 0.044379 0.025839
v -0.089936 0.034197 0.023705
v -0.091192 0.033619 0.024080
v -0.092772 0.033242 0.024403
v -0.094652 0.033302 0.024677
v -0.096870 0.033928 0.024901
v -0.099570 0.035089 0.025080
v -0.102922 0.036713 0.025223
v 0.034076 0.305049 0.032168
v 0.028900 0.315838 0.032199
v 0.022934 0.325696 0.032146
v 0.016307 0.334440 0.031995
v 0.009213 0.341918 0.031737
v 0.002120 0.348090 0.031384
v -0.004304 0.352984 0.030959
v 0.019172 0.301752 0.031889
v 0.013986 0.312555 0.031918
v 0.008157 0.322519 0.031869
v 0.001849 0.331474 0.031727
v -0.004724 0.339282 0.031480
v -0.011117 0.345939 0.031134
v -0.016787 0.351493 0.030697
v 0.002844 0.298142 0.031390
v -0.002351 0.308959 0.031418
v -0.008026 0.319034 0.031375
v -0.013979 0.328209 0.031246
v -0.019985 0.336351 0.031021
v -0.025709 0.343440 0.030694
v -0.030785 0.349483 0.030264
v -0.014191 0.294377 0.030703
v -0.019389 0.305198 0.030731
v -0.024883 0.315362 0.030696
v -0.030428 0.324714 0.030586
v -0.035790 0.333116 0.030389
v -0.040794 0.340505 0.030093
v -0.045273 0.346836 0.029685
v -0.031218 0.290613 0.029860
v -0.036407 0.301423 0.029888
v -0.041692 0.311635 0.029863
v -0.046770 0.321085 0.029776
v -0.051397 0.329620 0.029614
v -0.055558 0.337144 0.029359
v -0.059303 0.343574 0.028991
v -0.047523 0.287009 0.028894
v -0.052698 0.297799 0.028922
v -0.057763 0.308034 0.028909
v -0.062358 0.317530 0.028847
v -0.066209 0.326113 0.028726
v -0.069396 0.333650 0.028528
v -0.072146 0.340017 0.028226
v -0.062393 0.283725 0.027835
v -0.067554 0.294497 0.027865
v -0.072416 0.304748 0.027865
v -0.076565 0.314280 0.027831
v -0.079677 0.322895 0.027756
v -0.081794 0.330408 0.027632
v -0.083199 0.336623 0.027437
v 0.034052 0.131557 0.028816
v 0.035337 0.138343 0.029029
v 0.036762 0.145843 0.029223
v 0.038273 0.154054 0.029408
v 0.039813 0.162972 0.029590
v 0.041325 0.172593 0.029776
v 0.042754 0.182914 0.029975
v 0.025330 0.130304 0.028780
v 0.026300 0.137054 0.028979
v 0.027358 0.144537 0.029161
v 0.028456 0.152738 0.029334
v 0.029548 0.161639 0.029504
v 0.030588 0.171223 0.029679
v 0.031528 0.181473 0.029864
v 0.015777 0.128943 0.028547
v 0.016403 0.135652 0.028731
v 0.017058 0.143117 0.028900
v 0.017704 0.151305 0.029060
v 0.018306 0.160186 0.029218
v 0.018827 0.169728 0.029378
v 0.019231 0.179901 0.029549
v 0.005813 0.127535 0.028138
v 0.006080 0.134200 0.028306
v 0.006313 0.141643 0.028461
v 0.006488 0.149817 0.028608
v 0.006578 0.158676 0.028752
v 0.006558 0.168174 0.028899
v 0.006403 0.178265 0.029054
v -0.004145 0.126138 0.027573
v -0.004237 0.132758 0.027726
v -0.004425 0.140178 0.027867
v -0.004722 0.148337 0.028000
v -0.005143 0.157174 0.028131
v -0.005704 0.166626 0.028263
v -0.006418 0.176634 0.028402
v -0.013679 0.124813 0.026874
v -0.014116 0.131388 0.027011
v -0.014706 0.138785 0.027138
v -0.015455 0.146928 0.027259
v -0.016367 0.155741 0.027376
v -0.017445 0.165150 0.027495
v -0.018695 0.175077 0.027619
v -0.022372 0.123618 0.026059
v -0.023122 0.130151 0.026183
v -0.024080 0.137526 0.026297
v -0.025241 0.145653 0.026406
v -0.026600 0.154443 0.026512
v -0.028151 0.163810 0.026618
v -0.029890 0.173663 0.026728
v 0.045129 0.205611 0.030438
v 0.045912 0.217826 0.030700
v 0.046288 0.230417 0.030968
v 0.046149 0.243228 0.031234
v 0.045391 0.256100 0.031487
v 0.043907 0.268876 0.031717
v 0.041590 0.281398 0.031914
v 0.032914 0.203883 0.030293
v 0.033217 0.215885 0.030534
v 0.033135 0.228235 0.030782
v 0.032570 0.240794 0.031027
v 0.031425 0.253419 0.031260
v 0.029606 0.265969 0.031472
v 0.027014 0.278303 0.031654
v 0.019535 0.201995 0.029941
v 0.019312 0.213762 0.030160
v 0.018727 0.225849 0.030384
v 0.017694 0.238131 0.030606
v 0.016127 0.250486 0.030818
v 0.013940 0.262788 0.031010
v 0.011047 0.274916 0.031175
v 0.005577 0.200029 0.029406
v 0.004804 0.211550 0.029602
v 0.003695 0.223361 0.029803
v 0.002174 0.235355 0.030001
v 0.000166 0.247427 0.030189
v -0.002405 0.259472 0.030361
v -0.005614 0.271383 0.030509
v -0.008375 0.198066 0.028716
v -0.009697 0.209342 0.028889
v -0.011330 0.220877 0.029065
v -0.013340 0.232582 0.029240
v -0.015789 0.244372 0.029405
v -0.018744 0.256158 0.029556
v -0.022267 0.267854 0.029686
v -0.021735 0.196190 0.027895
v -0.023583 0.207231 0.028046
v -0.025718 0.218500 0.028200
v -0.028196 0.229929 0.028351
v -0.031068 0.241448 0.028494
v -0.034391 0.252987 0.028625
v -0.038216 0.264477 0.028739
v -0.033917 0.194484 0.026970
v -0.036245 0.205308 0.027100
v -0.038839 0.216336 0.027233
v -0.041743 0.227513 0.027363
v -0.045002 0.238784 0.027487
v -0.048660 0.250098 0.027600
v -0.052761 0.261399 0.027698
v 0.025663 0.102254 0.025795
v 0.027002 0.103719 0.026313
v 0.028390 0.105713 0.026801
v 0.029607 0.108309 0.027249
v 0.030560 0.111566 0.027648
v 0.031344 0.115507 0.027999
v 0.032098 0.120144 0.028307
v 0.019252 0.101834 0.025798
v 0.020058 0.103275 0.026356
v 0.020998 0.105188 0.026855
v 0.021886 0.107662 0.027296
v 0.022607 0.110776 0.027681
v 0.023217 0.114568 0.028014
v 0.023814 0.119067 0.028304
v 0.011949 0.101435 0.025675
v 0.012372 0.102810 0.026244
v 0.012902 0.104624 0.026737
v 0.013436 0.106968 0.027163
v 0.013900 0.109926 0.027527
v 0.014319 0.113555 0.027840
v 0.014741 0.117904 0.028108
v 0.004202 0.101129 0.025440
v 0.004316 0.102395 0.025995
v 0.004457 0.104080 0.026467
v 0.004625 0.106274 0.026867
v 0.004819 0.109062 0.027205
v 0.005037 0.112516 0.027493
v 0.005278 0.116704 0.027738
v -0.003529 0.100956 0.025105
v -0.003727 0.102078 0.025626
v -0.003977 0.103604 0.026061
v -0.004178 0.105623 0.026425
v -0.004256 0.108225 0.026733
v -0.004238 0.111495 0.026992
v -0.004179 0.115518 0.027213
v -0.010790 0.100894 0.024691
v -0.011380 0.101854 0.025149
v -0.012048 0.103203 0.025532
v -0.012607 0.105037 0.025854
v -0.012944 0.107448 0.026125
v -0.013119 0.110536 0.026355
v -0.013234 0.114398 0.026552
v -0.017145 0.100905 0.024217
v -0.018280 0.101700 0.024578
v -0.019403 0.102877 0.024892
v -0.020296 0.104532 0.025165
v -0.020868 0.106763 0.025399
v -0.021217 0.109680 0.025599
v -0.021490 0.113393 0.025772
v 0.279209 0.128882 0.038470
v 0.285960 0.138760 0.038721
v 0.291512 0.148856 0.038867
v 0.295770 0.158968 0.038891
v 0.298700 0.168853 0.038780
v 0.300503 0.178084 0.038548
v 0.301535 0.186099 0.038219
v 0.268905 0.140143 0.038106
v 0.275664 0.150035 0.038354
v 0.281376 0.160065 0.038507
v 0.285975 0.170008 0.038544
v 0.289453 0.179606 0.038453
v 0.292024 0.188474 0.038238
v 0.294005 0.196165 0.037911
v 0.257623 0.152481 0.037513
v 0.264389 0.162388 0.037761
v 0.270274 0.172340 0.037921
v 0.275242 0.182085 0.037977
v 0.279291 0.191360 0.037915
v 0.282571 0.199864 0.037729
v 0.285271 0.207286 0.037420
v 0.245856 0.165355 0.036728
v 0.252624 0.175267 0.036976
v 0.258676 0.185108 0.037146
v 0.264001 0.194587 0.037225
v 0.268597 0.203434 0.037198
v 0.272496 0.211464 0.037050
v 0.275744 0.218513 0.036769
v 0.234097 0.178225 0.035788
v 0.240859 0.188125 0.036035
v 0.247058 0.197808 0.036217
v 0.252702 0.206931 0.036321
v 0.257779 0.215208 0.036332
v 0.262216 0.222575 0.036229
v 0.265917 0.229037 0.035991
v 0.222840 0.190552 0.034727
v 0.229593 0.200428 0.034975
v 0.235920 0.209933 0.035170
v 0.241844 0.218660 0.035300
v 0.247351 0.226289 0.035354
v 0.252286 0.232819 0.035310
v 0.256428 0.238387 0.035138
v 0.212580 0.201796 0.033583
v 0.219323 0.211651 0.033833
v 0.225766 0.220988 0.034041
v 0.231944 0.229347 0.034200
v 0.237847 0.236351 0.034302
v 0.243295 0.241942 0.034332
v 0.247976 0.246269 0.034266
v 0.129061 0.042178 0.031500
v 0.135574 0.044456 0.031855
v 0.142777 0.046970 0.032208
v 0.150638 0.049766 0.032566
v 0.159125 0.052891 0.032935
v 0.168208 0.056391 0.033324
v 0.177853 0.060313 0.033740
v 0.123614 0.049104 0.031427
v 0.129939 0.051637 0.031768
v 0.136944 0.054462 0.032108
v 0.144590 0.057610 0.032453
v 0.152839 0.061114 0.032810
v 0.161653 0.065005 0.033186
v 0.170993 0.069315 0.033586
v 0.117663 0.056698 0.031155
v 0.123781 0.059509 0.031480
v 0.130567 0.062673 0.031805
v 0.137976 0.066207 0.032137
v 0.145963 0.070125 0.032481
v 0.154482 0.074444 0.032841
v 0.163488 0.079179 0.033224
v 0.111468 0.064626 0.030706
v 0.117369 0.067726 0.031013
v 0.123926 0.071244 0.031324
v 0.131087 0.075179 0.031641
v 0.138799 0.079530 0.031970
v 0.147009 0.084295 0.032315
v 0.155665 0.089474 0.032680
v 0.105289 0.072555 0.030101
v 0.110971 0.075945 0.030391
v 0.117298 0.079816 0.030687
v 0.124211 0.084152 0.030990
v 0.131647 0.088935 0.031304
v 0.139548 0.094146 0.031633
v 0.147852 0.099768 0.031980
v 0.099386 0.080155 0.029363
v 0.104858 0.083820 0.029637
v 0.110964 0.088029 0.029917
v 0.117636 0.092749 0.030207
v 0.124808 0.097944 0.030508
v 0.132411 0.103582 0.030821
v 0.140379 0.109628 0.031151
v 0.094019 0.087093 0.028514
v 0.099297 0.091008 0.028773
v 0.105200 0.095525 0.029040
v 0.111653 0.100593 0.029317
v 0.118582 0.106165 0.029604
v 0.125913 0.112191 0.029904
v 0.133572 0.118623 0.030218
v 0.198682 0.069602 0.034680
v 0.209644 0.075030 0.035197
v 0.220728 0.080998 0.035728
v 0.231744 0.087522 0.036261
v 0.242504 0.094613 0.036782
v 0.252818 0.102285 0.037277
v 0.262497 0.110551 0.037732
v 0.191080 0.079317 0.034484
v 0.201617 0.085053 0.034976
v 0.212264 0.091299 0.035482
v 0.222849 0.098066 0.035988
v 0.233202 0.105368 0.036483
v 0.243154 0.113217 0.036955
v 0.252532 0.121628 0.037391
v 0.182760 0.089961 0.034077
v 0.192832 0.096037 0.034541
v 0.202999 0.102585 0.035018
v 0.213111 0.109619 0.035495
v 0.223019 0.117152 0.035962
v 0.232573 0.125197 0.036408
v 0.241622 0.133765 0.036823
v 0.174086 0.101070 0.033486
v 0.183671 0.107498 0.033921
v 0.193338 0.114363 0.034367
v 0.202957 0.121676 0.034814
v 0.212400 0.129450 0.035252
v 0.221538 0.137698 0.035671
v 0.230243 0.146431 0.036064
v 0.165422 0.112177 0.032739
v 0.174520 0.118958 0.033145
v 0.183686 0.126139 0.033561
v 0.192811 0.133731 0.033977
v 0.201790 0.141746 0.034385
v 0.210513 0.150197 0.034779
v 0.218874 0.159096 0.035149
v 0.157132 0.122815 0.031864
v 0.165763 0.129935 0.032243
v 0.174448 0.137418 0.032629
v 0.183101 0.145277 0.033016
v 0.191634 0.153523 0.033396
v 0.199959 0.162169 0.033764
v 0.207991 0.171226 0.034113
v 0.149578 0.132519 0.030889
v 0.157783 0.139947 0.031243
v 0.166030 0.147707 0.031602
v 0.174251 0.155809 0.031962
v 0.182377 0.164267 0.032317
v 0.190340 0.173090 0.032662
v 0.198071 0.182292 0.032992
v 0.099553 0.034817 0.027859
v 0.101481 0.034386 0.028409
v 0.103893 0.034176 0.028940
v 0.106741 0.034416 0.029444
v 0.110030 0.035216 0.029911
v 0.113827 0.036504 0.030345
v 0.118213 0.038167 0.030751
v 0.095983 0.040158 0.027846
v 0.097623 0.040176 0.028435
v 0.099740 0.040313 0.028974
v 0.102318 0.040778 0.029468
v 0.105367 0.041707 0.029918
v 0.108949 0.043071 0.030332
v 0.113137 0.044802 0.030716
v 0.091987 0.046283 0.027706
v 0.093379 0.046600 0.028304
v 0.095205 0.047044 0.028836
v 0.097493 0.047749 0.029310
v 0.100280 0.048823 0.029737
v 0.103625 0.050272 0.030126
v 0.107596 0.052078 0.030485
v 0.087852 0.052841 0.027456
v 0.088995 0.053371 0.028038
v 0.090515 0.054087 0.028544
v 0.092491 0.055035 0.028990
v 0.094995 0.056258 0.029387
v 0.098089 0.057793 0.029747
v 0.101831 0.059676 0.030080
v 0.083841 0.059453 0.027109
v 0.084704 0.060180 0.027652
v 0.085892 0.061156 0.028119
v 0.087533 0.062336 0.028525
v 0.089741 0.063702 0.028887
v 0.092576 0.065319 0.029214
v 0.096084 0.067278 0.029519
v 0.080164 0.065714 0.026685
v 0.080691 0.066699 0.027163
v 0.081518 0.067949 0.027572
v 0.082820 0.069347 0.027932
v 0.084734 0.070843 0.028253
v 0.087315 0.072536 0.028547
v 0.090598 0.074565 0.028824
v 0.077004 0.071227 0.026204
v 0.077118 0.072603 0.026580
v 0.077569 0.074161 0.026917
v 0.078550 0.075760 0.027224
v 0.080192 0.077368 0.027504
v 0.082539 0.079127 0.027765
v 0.085614 0.081219 0.028015
v 0.249182 -0.171542 0.041377
v 0.261105 -0.172451 0.041841
v 0.272619 -0.172211 0.042205
v 0.283503 -0.170841 0.042445
v 0.293528 -0.168435 0.042544
v 0.302426 -0.165377 0.042506
v 0.309887 -0.162260 0.042345
v 0.253783 -0.156985 0.041236
v 0.265723 -0.157893 0.041699
v 0.277261 -0.157825 0.042067
v 0.288168 -0.156836 0.042317
v 0.298218 -0.155047 0.042430
v 0.307186 -0.152837 0.042403
v 0.314841 -0.150703 0.042239
v 0.258833 -0.141040 0.040888
v 0.270790 -0.141946 0.041350
v 0.282346 -0.142067 0.041725
v 0.293266 -0.141497 0.041990
v 0.303322 -0.140365 0.042126
v 0.312329 -0.138950 0.042121
v 0.320110 -0.137575 0.041969
v 0.264108 -0.124405 0.040358
v 0.276070 -0.125311 0.040820
v 0.287613 -0.125632 0.041203
v 0.298481 -0.125504 0.041486
v 0.308440 -0.125059 0.041648
v 0.317345 -0.124419 0.041672
v 0.325077 -0.123704 0.041543
v 0.269387 -0.107778 0.039673
v 0.281334 -0.108685 0.040135
v 0.292815 -0.109213 0.040526
v 0.303534 -0.109538 0.040826
v 0.313238 -0.109796 0.041016
v 0.321838 -0.109953 0.041072
v 0.329287 -0.109924 0.040973
v 0.274448 -0.091856 0.038857
v 0.286371 -0.092767 0.039319
v 0.297760 -0.093495 0.039719
v 0.308276 -0.094261 0.040038
v 0.317634 -0.095215 0.040258
v 0.325756 -0.096223 0.040355
v 0.332652 -0.097024 0.040304
v 0.279072 -0.077337 0.037936
v 0.290971 -0.078251 0.038399
v 0.302273 -0.079163 0.038809
v 0.312597 -0.080334 0.039150
v 0.321611 -0.081944 0.039404
v 0.329176 -0.083866 0.039558
v 0.335265 -0.085755 0.039587
v 0.099151 -0.084815 0.032427
v 0.104375 -0.089319 0.032838
v 0.110147 -0.094302 0.033251
v 0.116493 -0.099714 0.033676
v 0.123436 -0.105505 0.034120
v 0.131001 -0.111623 0.034593
v 0.139213 -0.118019 0.035102
v 0.102425 -0.076634 0.032493
v 0.107775 -0.080848 0.032894
v 0.113717 -0.085504 0.033301
v 0.120261 -0.090554 0.033720
v 0.127413 -0.095948 0.034160
v 0.135183 -0.101638 0.034627
v 0.143579 -0.107575 0.035127
v 0.106027 -0.067681 0.032372
v 0.111515 -0.071576 0.032763
v 0.117642 -0.075873 0.033162
v 0.124401 -0.080525 0.033576
v 0.131782 -0.085485 0.034010
v 0.139775 -0.090706 0.034471
v 0.148371 -0.096140 0.034963
v 0.109801 -0.058348 0.032081
v 0.115430 -0.061910 0.032460
v 0.121750 -0.065832 0.032852
v 0.128733 -0.070068 0.033259
v 0.136350 -0.074574 0.033688
v 0.144576 -0.079303 0.034142
v 0.153381 -0.084212 0.034624
v 0.113587 -0.049026 0.031635
v 0.119357 -0.052254 0.032003
v 0.125868 -0.055800 0.032386
v 0.133073 -0.059620 0.032787
v 0.140927 -0.063671 0.033210
v 0.149384 -0.067910 0.033657
v 0.158398 -0.072293 0.034131
v 0.117227 -0.040107 0.031049
v 0.123132 -0.043015 0.031406
v 0.129825 -0.046200 0.031781
v 0.137242 -0.049621 0.032177
v 0.145322 -0.053236 0.032594
v 0.153999 -0.057004 0.033034
v 0.163212 -0.060883 0.033498
v 0.120565 -0.031982 0.030339
v 0.126590 -0.034598 0.030685
v 0.133447 -0.037453 0.031053
v 0.141058 -0.040509 0.031443
v 0.149341 -0.043726 0.031855
v 0.158219 -0.047063 0.032289
v 0.167612 -0.050482 0.032745
v 0.157655 -0.131418 0.036258
v 0.167827 -0.138202 0.036901
v 0.178528 -0.144820 0.037570
v 0.189676 -0.151102 0.038251
v 0.201186 -0.156878 0.038932
v 0.212978 -0.161978 0.039599
v 0.224966 -0.166230 0.040238
v 0.162267 -0.119976 0.036257
v 0.172495 -0.126236 0.036881
v 0.183217 -0.132337 0.037528
v 0.194360 -0.138124 0.038188
v 0.205851 -0.143443 0.038847
v 0.217615 -0.148139 0.039494
v 0.229578 -0.152059 0.040116
v 0.167329 -0.107445 0.036062
v 0.177617 -0.113132 0.036665
v 0.188362 -0.118666 0.037289
v 0.199501 -0.123910 0.037925
v 0.210970 -0.128727 0.038560
v 0.222704 -0.132981 0.039185
v 0.234640 -0.136536 0.039789
v 0.172619 -0.094373 0.035693
v 0.182970 -0.099462 0.036274
v 0.193739 -0.104404 0.036874
v 0.204873 -0.109081 0.037484
v 0.216318 -0.113375 0.038094
v 0.228022 -0.117168 0.038697
v 0.239929 -0.120342 0.039281
v 0.177915 -0.081309 0.035168
v 0.188329 -0.085800 0.035726
v 0.199121 -0.090150 0.036302
v 0.210251 -0.094260 0.036887
v 0.221673 -0.098030 0.037473
v 0.233345 -0.101362 0.038053
v 0.245223 -0.104155 0.038618
v 0.182995 -0.068802 0.034505
v 0.193468 -0.072719 0.035043
v 0.204283 -0.076502 0.035595
v 0.215408 -0.080068 0.036156
v 0.226808 -0.083337 0.036718
v 0.238450 -0.086226 0.037276
v 0.250301 -0.088655 0.037823
v 0.187636 -0.057399 0.033725
v 0.198164 -0.060793 0.034243
v 0.209000 -0.064058 0.034774
v 0.220119 -0.067128 0.035312
v 0.231499 -0.069939 0.035853
v 0.243114 -0.072425 0.036391
v 0.254941 -0.074522 0.036921
v 0.078088 -0.062910 0.028600
v 0.078669 -0.064800 0.029143
v 0.079684 -0.066998 0.029672
v 0.081306 -0.069349 0.030184
v 0.083635 -0.071802 0.030672
v 0.086642 -0.074449 0.031137
v 0.090267 -0.077420 0.031582
v 0.080926 -0.057147 0.028694
v 0.081751 -0.058564 0.029285
v 0.082919 -0.060333 0.029830
v 0.084602 -0.062338 0.030336
v 0.086922 -0.064518 0.030809
v 0.089887 -0.066941 0.031255
v 0.093474 -0.069706 0.031680
v 0.084234 -0.050622 0.028677
v 0.085192 -0.051675 0.029283
v 0.086480 -0.053039 0.029826
v 0.088227 -0.054672 0.030318
v 0.090542 -0.056552 0.030770
v 0.093462 -0.058728 0.031193
v 0.097006 -0.061267 0.031595
v 0.087848 -0.043760 0.028559
v 0.088867 -0.044490 0.029153
v 0.090238 -0.045454 0.029677
v 0.092038 -0.046695 0.030144
v 0.094342 -0.048255 0.030570
v 0.097212 -0.050170 0.030965
v 0.100708 -0.052472 0.031341
v 0.091572 -0.036978 0.028345
v 0.092623 -0.037366 0.028905
v 0.094053 -0.037911 0.029393
v 0.095888 -0.038746 0.029826
v 0.098168 -0.039978 0.030218
v 0.100980 -0.041627 0.030583
v 0.104425 -0.043689 0.030933
v 0.095161 -0.030659 0.028048
v 0.096269 -0.030627 0.028547
v 0.097757 -0.030722 0.028984
v 0.099612 -0.031153 0.029374
v 0.101858 -0.032066 0.029728
v 0.104609 -0.033457 0.030061
v 0.108003 -0.035287 0.030383
v 0.098362 -0.025160 0.027679
v 0.099603 -0.024574 0.028084
v 0.101172 -0.024189 0.028453
v 0.103041 -0.024242 0.028795
v 0.105249 -0.024862 0.029110
v 0.107941 -0.026018 0.029410
v 0.111285 -0.027636 0.029707
v -0.025979 -0.295799 0.037981
v -0.020811 -0.306583 0.038440
v -0.014851 -0.316436 0.038821
v -0.008226 -0.325179 0.039102
v -0.001131 -0.332657 0.039263
v 0.005967 -0.338833 0.039299
v 0.012401 -0.343734 0.039212
v -0.011073 -0.292503 0.038149
v -0.005895 -0.303300 0.038606
v -0.000073 -0.313261 0.038989
v 0.006234 -0.322214 0.039272
v 0.012807 -0.330023 0.039434
v 0.019207 -0.336683 0.039464
v 0.024885 -0.342244 0.039353
v 0.005264 -0.288899 0.038139
v 0.010451 -0.299710 0.038596
v 0.016119 -0.309781 0.038982
v 0.022070 -0.318954 0.039271
v 0.028076 -0.327097 0.039442
v 0.033806 -0.334189 0.039477
v 0.038892 -0.340238 0.039363
v 0.022314 -0.285143 0.037963
v 0.027503 -0.295959 0.038420
v 0.032991 -0.306119 0.038809
v 0.038533 -0.315469 0.039107
v 0.043896 -0.323871 0.039290
v 0.048903 -0.331262 0.039337
v 0.053392 -0.337599 0.039232
v 0.039361 -0.281393 0.037631
v 0.044543 -0.292197 0.038087
v 0.049821 -0.302406 0.038480
v 0.054895 -0.311853 0.038786
v 0.059521 -0.320388 0.038981
v 0.063685 -0.327913 0.039044
v 0.067438 -0.334348 0.038954
v 0.055692 -0.277806 0.037153
v 0.060858 -0.288590 0.037609
v 0.065917 -0.298821 0.038007
v 0.070507 -0.308313 0.038323
v 0.074357 -0.316895 0.038533
v 0.077545 -0.324434 0.038618
v 0.080302 -0.330805 0.038558
v 0.070591 -0.274541 0.036541
v 0.075743 -0.285307 0.036998
v 0.080598 -0.295553 0.037402
v 0.084742 -0.305082 0.037730
v 0.087851 -0.313695 0.037961
v 0.089969 -0.321208 0.038083
v 0.091377 -0.327426 0.038080
v -0.025768 -0.122429 0.030670
v -0.027062 -0.129208 0.030993
v -0.028497 -0.136702 0.031309
v -0.030017 -0.144908 0.031628
v -0.031565 -0.153820 0.031960
v -0.033087 -0.163435 0.032313
v -0.034526 -0.173749 0.032698
v -0.017049 -0.121173 0.030911
v -0.018029 -0.127917 0.031230
v -0.019095 -0.135395 0.031546
v -0.020202 -0.143590 0.031868
v -0.021303 -0.152485 0.032203
v -0.022352 -0.162063 0.032560
v -0.023302 -0.172307 0.032946
v -0.007494 -0.119814 0.030981
v -0.008129 -0.126518 0.031296
v -0.008792 -0.133976 0.031613
v -0.009447 -0.142159 0.031937
v -0.010057 -0.151034 0.032277
v -0.010588 -0.160571 0.032637
v -0.011001 -0.170737 0.033026
v 0.002479 -0.118412 0.030889
v 0.002203 -0.125071 0.031200
v 0.001962 -0.132509 0.031517
v 0.001779 -0.140677 0.031844
v 0.001680 -0.149531 0.032187
v 0.001691 -0.159023 0.032552
v 0.001837 -0.169108 0.032942
v 0.012451 -0.117024 0.030641
v 0.012535 -0.123639 0.030948
v 0.012715 -0.131054 0.031265
v 0.013004 -0.139207 0.031595
v 0.013417 -0.148038 0.031942
v 0.013969 -0.157485 0.032310
v 0.014674 -0.167487 0.032703
v 0.022004 -0.115711 0.030246
v 0.022433 -0.122282 0.030549
v 0.023016 -0.129674 0.030865
v 0.023757 -0.137811 0.031198
v 0.024660 -0.146619 0.031549
v 0.025730 -0.156022 0.031920
v 0.026971 -0.165944 0.032314
v 0.030720 -0.114532 0.029709
v 0.031463 -0.121060 0.030008
v 0.032414 -0.128430 0.030324
v 0.033567 -0.136552 0.030659
v 0.034918 -0.145337 0.031013
v 0.036461 -0.154698 0.031388
v 0.038191 -0.164546 0.031783
v -0.036924 -0.196430 0.033596
v -0.037721 -0.208636 0.034108
v -0.038111 -0.221219 0.034651
v -0.037987 -0.234020 0.035214
v -0.037244 -0.246882 0.035788
v -0.035773 -0.259649 0.036361
v -0.033470 -0.272163 0.036925
v -0.024712 -0.194702 0.033838
v -0.025028 -0.206695 0.034343
v -0.024959 -0.219036 0.034876
v -0.024408 -0.231586 0.035427
v -0.023278 -0.244202 0.035988
v -0.021472 -0.256743 0.036550
v -0.018893 -0.269069 0.037104
v -0.011327 -0.192817 0.033911
v -0.011117 -0.204575 0.034407
v -0.010545 -0.216653 0.034928
v -0.009526 -0.228927 0.035466
v -0.007972 -0.241273 0.036014
v -0.005798 -0.253567 0.036564
v -0.002917 -0.265686 0.037107
v 0.002642 -0.190857 0.033821
v 0.003402 -0.202371 0.034307
v 0.004499 -0.214173 0.034816
v 0.006007 -0.226159 0.035341
v 0.008003 -0.238223 0.035875
v 0.010561 -0.250260 0.036412
v 0.013758 -0.262163 0.036943
v 0.016610 -0.188906 0.033574
v 0.017920 -0.200174 0.034051
v 0.019542 -0.211701 0.034548
v 0.021539 -0.223399 0.035059
v 0.023977 -0.235180 0.035580
v 0.026920 -0.246959 0.036103
v 0.030432 -0.258648 0.036624
v 0.029991 -0.187044 0.033179
v 0.031828 -0.198077 0.033646
v 0.033952 -0.209339 0.034132
v 0.036418 -0.220761 0.034630
v 0.039280 -0.232272 0.035138
v 0.042591 -0.243804 0.035648
v 0.046405 -0.255286 0.036158
v 0.042199 -0.185354 0.032641
v 0.044517 -0.196172 0.033101
v 0.047100 -0.207192 0.033576
v 0.049993 -0.218362 0.034063
v 0.053241 -0.229627 0.034558
v 0.056888 -0.240933 0.035057
v 0.060978 -0.252227 0.035557
v -0.017267 -0.093199 0.027277
v -0.018624 -0.094652 0.027781
v -0.020028 -0.096635 0.028265
v -0.021262 -0.099221 0.028730
v -0.022230 -0.102468 0.029169
v -0.023026 -0.106400 0.029582
v -0.023793 -0.111029 0.029970
v -0.010860 -0.092776 0.027494
v -0.011685 -0.094204 0.028056
v -0.012643 -0.096106 0.028566
v -0.013547 -0.098570 0.029032
v -0.014282 -0.101674 0.029462
v -0.014905 -0.105457 0.029861
v -0.015513 -0.109950 0.030232
v -0.003557 -0.092377 0.027617
v -0.004000 -0.093739 0.028203
v -0.004547 -0.095542 0.028719
v -0.005097 -0.097875 0.029178
v -0.005575 -0.100825 0.029594
v -0.006006 -0.104446 0.029974
v -0.006439 -0.108787 0.030327
v 0.004194 -0.092073 0.027647
v 0.004060 -0.093327 0.028227
v 0.003902 -0.095001 0.028731
v 0.003719 -0.097185 0.029175
v 0.003512 -0.099964 0.029570
v 0.003283 -0.103411 0.029929
v 0.003032 -0.107592 0.030261
v 0.011932 -0.091905 0.027579
v 0.012111 -0.093015 0.028132
v 0.012346 -0.094530 0.028610
v 0.012533 -0.096541 0.029027
v 0.012598 -0.099135 0.029397
v 0.012571 -0.102398 0.029730
v 0.012502 -0.106415 0.030040
v 0.019203 -0.091850 0.027418
v 0.019776 -0.092798 0.027918
v 0.020430 -0.094139 0.028355
v 0.020977 -0.095964 0.028738
v 0.021303 -0.098369 0.029076
v 0.021469 -0.101450 0.029382
v 0.021575 -0.105307 0.029671
v 0.025571 -0.091869 0.027167
v 0.026692 -0.092655 0.027585
v 0.027803 -0.093824 0.027965
v 0.028685 -0.095472 0.028307
v 0.029247 -0.097698 0.028612
v 0.029588 -0.100609 0.028891
v 0.029853 -0.104317 0.029158
v -0.026162 -0.094101 0.022125
v -0.029045 -0.095780 0.022237
v -0.031318 -0.098019 0.022405
v -0.033071 -0.100866 0.022643
v -0.034388 -0.104360 0.022952
v -0.035449 -0.108507 0.023311
v -0.036461 -0.113309 0.023692
v -0.028840 -0.093783 0.022721
v -0.032288 -0.095621 0.022913
v -0.034875 -0.098003 0.023147
v -0.036789 -0.100978 0.023436
v -0.038208 -0.104585 0.023782
v -0.039347 -0.108831 0.024164
v -0.040433 -0.113714 0.024559
v -0.030535 -0.093479 0.023413
v -0.034262 -0.095423 0.023661
v -0.037018 -0.097908 0.023954
v -0.039023 -0.100977 0.024292
v -0.040501 -0.104665 0.024671
v -0.041686 -0.108978 0.025074
v -0.042816 -0.113915 0.025480
v -0.031132 -0.093284 0.024171
v -0.034933 -0.095265 0.024459
v -0.037735 -0.097788 0.024798
v -0.039768 -0.100893 0.025177
v -0.041265 -0.104614 0.025584
v -0.042464 -0.108955 0.026003
v -0.043608 -0.113915 0.026417
v -0.030536 -0.093255 0.024958
v -0.034263 -0.095197 0.025274
v -0.037018 -0.097679 0.025647
v -0.039022 -0.100748 0.026057
v -0.040499 -0.104442 0.026484
v -0.041682 -0.108766 0.026912
v -0.042810 -0.113717 0.027329
v -0.028843 -0.093348 0.025720
v -0.032289 -0.095178 0.026060
v -0.034875 -0.097553 0.026461
v -0.036787 -0.100529 0.026893
v -0.038203 -0.104148 0.027331
v -0.039340 -0.108416 0.027763
v -0.040423 -0.113326 0.028179
v -0.026166 -0.093480 0.026398
v -0.029048 -0.095140 0.026770
v -0.031319 -0.097366 0.027196
v -0.033069 -0.100213 0.027643
v -0.034382 -0.103724 0.028086
v -0.035439 -0.107903 0.028517
v -0.036447 -0.112744 0.028927
v 0.025835 -0.091736 0.021842
v 0.019479 -0.091471 0.021662
v 0.012184 -0.091290 0.021520
v 0.004402 -0.091236 0.021458
v -0.003401 -0.091348 0.021503
v -0.010755 -0.091645 0.021637
v -0.017205 -0.092147 0.021828
v 0.027097 -0.091379 0.022430
v 0.020226 -0.091003 0.022283
v 0.012554 -0.090720 0.022161
v 0.004462 -0.090580 0.022099
v -0.003653 -0.090633 0.022123
v -0.011394 -0.090923 0.022221
v -0.018376 -0.091500 0.022373
v 0.028106 -0.091111 0.023126
v 0.020877 -0.090670 0.023005
v 0.012885 -0.090322 0.022904
v 0.004497 -0.090126 0.022848
v -0.003914 -0.090140 0.022853
v -0.011980 -0.090422 0.022919
v -0.019330 -0.091031 0.023039
v 0.028504 -0.090938 0.023887
v 0.021148 -0.090473 0.023791
v 0.013026 -0.090100 0.023715
v 0.004508 -0.089883 0.023668
v -0.004036 -0.089884 0.023659
v -0.012232 -0.090164 0.023696
v -0.019711 -0.090784 0.023788
v 0.028102 -0.090867 0.024667
v 0.020873 -0.090415 0.024603
v 0.012880 -0.090057 0.024558
v 0.004493 -0.089857 0.024527
v -0.003919 -0.089877 0.024507
v -0.011984 -0.090171 0.024518
v -0.019333 -0.090795 0.024581
v 0.027089 -0.090907 0.025421
v 0.020219 -0.090506 0.025404
v 0.012545 -0.090203 0.025399
v 0.004454 -0.090056 0.025388
v -0.003660 -0.090121 0.025362
v -0.011400 -0.090437 0.025343
v -0.018381 -0.091042 0.025366
v 0.025826 -0.091067 0.026106
v 0.019468 -0.090762 0.026157
v 0.012173 -0.090550 0.026203
v 0.004391 -0.090486 0.026217
v -0.003411 -0.090615 0.026187
v -0.010764 -0.090950 0.026134
v -0.017212 -0.091499 0.026094
v 0.107630 -0.324373 0.032639
v 0.109140 -0.317505 0.032182
v 0.108735 -0.309562 0.031684
v 0.106639 -0.300656 0.031176
v 0.103077 -0.290935 0.030675
v 0.098480 -0.280591 0.030183
v 0.093330 -0.269826 0.029695
v 0.113175 -0.324369 0.033258
v 0.115478 -0.316833 0.032821
v 0.115518 -0.308463 0.032348
v 0.113643 -0.299299 0.031860
v 0.110199 -0.289422 0.031371
v 0.105650 -0.278998 0.030885
v 0.100489 -0.268217 0.030401
v 0.116791 -0.324539 0.033985
v 0.119443 -0.316588 0.033568
v 0.119678 -0.307907 0.033122
v 0.117892 -0.298532 0.032658
v 0.114493 -0.288523 0.032186
v 0.109960 -0.278033 0.031708
v 0.104787 -0.267234 0.031228
v 0.118089 -0.324613 0.034764
v 0.120820 -0.316527 0.034374
v 0.121095 -0.307730 0.033963
v 0.119324 -0.298267 0.033531
v 0.115933 -0.288203 0.033079
v 0.111401 -0.277684 0.032612
v 0.106224 -0.266878 0.032136
v 0.116799 -0.324466 0.035545
v 0.119451 -0.316512 0.035196
v 0.119686 -0.307827 0.034830
v 0.117900 -0.298449 0.034438
v 0.114502 -0.288439 0.034012
v 0.109969 -0.277948 0.033558
v 0.104797 -0.267149 0.033086
v 0.113189 -0.324228 0.036287
v 0.115493 -0.316685 0.035999
v 0.115534 -0.308308 0.035692
v 0.113659 -0.299138 0.035344
v 0.110216 -0.289257 0.034947
v 0.105668 -0.278832 0.034507
v 0.100507 -0.268050 0.034041
v 0.107650 -0.324172 0.036956
v 0.109162 -0.317292 0.036758
v 0.108758 -0.309337 0.036518
v 0.106663 -0.300422 0.036217
v 0.103102 -0.290696 0.035847
v 0.098505 -0.280349 0.035422
v 0.093356 -0.269585 0.034960
v 0.017985 -0.350982 0.034306
v 0.031311 -0.350782 0.034116
v 0.045656 -0.349492 0.033893
v 0.060164 -0.347162 0.033678
v 0.073962 -0.343862 0.033497
v 0.086289 -0.339814 0.033345
v 0.096418 -0.335250 0.033202
v 0.017535 -0.353457 0.035068
v 0.032124 -0.353534 0.034938
v 0.047270 -0.352371 0.034752
v 0.062309 -0.350043 0.034547
v 0.076551 -0.346626 0.034346
v 0.089347 -0.342258 0.034141
v 0.100072 -0.337068 0.033914
v 0.016874 -0.355074 0.035882
v 0.032271 -0.355257 0.035790
v 0.048051 -0.354125 0.035634
v 0.063601 -0.351758 0.035438
v 0.078305 -0.348238 0.035216
v 0.091558 -0.343663 0.034969
v 0.102759 -0.338131 0.034686
v 0.016567 -0.355632 0.036691
v 0.032231 -0.355832 0.036627
v 0.048258 -0.354696 0.036499
v 0.064036 -0.352304 0.036313
v 0.078952 -0.348741 0.036076
v 0.092403 -0.344098 0.035795
v 0.103784 -0.338468 0.035479
v 0.016882 -0.355001 0.037442
v 0.032278 -0.355181 0.037407
v 0.048059 -0.354047 0.037308
v 0.063609 -0.351679 0.037137
v 0.078313 -0.348160 0.036890
v 0.091566 -0.343588 0.036586
v 0.102766 -0.338059 0.036246
v 0.017549 -0.353316 0.038095
v 0.032138 -0.353386 0.038096
v 0.047286 -0.352218 0.038030
v 0.062325 -0.349887 0.037875
v 0.076566 -0.346473 0.037623
v 0.089362 -0.342110 0.037299
v 0.100086 -0.336927 0.036941
v 0.018005 -0.350781 0.038619
v 0.031333 -0.350569 0.038664
v 0.045678 -0.349271 0.038632
v 0.060187 -0.346938 0.038492
v 0.073984 -0.343641 0.038235
v 0.086310 -0.339602 0.037893
v 0.096438 -0.335049 0.037515
v -0.048783 -0.301109 0.031815
v -0.043611 -0.311895 0.032305
v -0.037391 -0.321646 0.032763
v -0.030182 -0.330183 0.033193
v -0.022071 -0.337346 0.033594
v -0.013257 -0.343060 0.033949
v -0.003900 -0.347271 0.034233
v -0.055930 -0.302649 0.032734
v -0.050746 -0.313450 0.033221
v -0.044412 -0.323212 0.033669
v -0.036957 -0.331768 0.034079
v -0.028406 -0.338975 0.034446
v -0.018775 -0.344773 0.034756
v -0.008033 -0.349130 0.034984
v -0.060216 -0.303555 0.033689
v -0.055019 -0.314372 0.034172
v -0.048604 -0.324157 0.034609
v -0.040976 -0.332758 0.034998
v -0.032127 -0.340042 0.035333
v -0.021995 -0.345950 0.035603
v -0.010501 -0.350446 0.035793
v -0.061641 -0.303828 0.034640
v -0.056439 -0.314652 0.035118
v -0.049993 -0.324451 0.035545
v -0.042300 -0.333077 0.035911
v -0.033343 -0.340402 0.036212
v -0.023050 -0.346364 0.036443
v -0.011337 -0.350916 0.036601
v -0.060207 -0.303470 0.035548
v -0.055010 -0.314287 0.036022
v -0.048595 -0.324073 0.036436
v -0.040968 -0.332676 0.036778
v -0.032119 -0.339962 0.037041
v -0.021988 -0.345874 0.037230
v -0.010494 -0.350373 0.037354
v -0.055912 -0.302482 0.036374
v -0.050728 -0.313283 0.036843
v -0.044395 -0.323047 0.037245
v -0.036940 -0.331607 0.037564
v -0.028390 -0.338819 0.037790
v -0.018760 -0.344625 0.037933
v -0.008019 -0.348989 0.038013
v -0.048756 -0.300868 0.037080
v -0.043585 -0.311653 0.037544
v -0.037366 -0.321407 0.037935
v -0.030158 -0.329949 0.038234
v -0.022048 -0.337121 0.038428
v -0.013235 -0.342847 0.038525
v -0.003880 -0.347070 0.038549
v -0.055624 -0.199354 0.027312
v -0.057154 -0.211876 0.027837
v -0.058244 -0.224820 0.028395
v -0.058772 -0.238002 0.028976
v -0.058617 -0.251240 0.029568
v -0.057659 -0.264353 0.030159
v -0.055776 -0.277157 0.030738
v -0.061479 -0.200135 0.028196
v -0.063241 -0.212762 0.028724
v -0.064551 -0.225822 0.029288
v -0.065284 -0.239125 0.029874
v -0.065315 -0.252482 0.030472
v -0.064518 -0.265703 0.031068
v -0.062768 -0.278597 0.031652
v -0.064990 -0.200585 0.029129
v -0.066890 -0.213274 0.029660
v -0.068333 -0.226405 0.030226
v -0.069189 -0.239782 0.030816
v -0.069332 -0.253210 0.031417
v -0.068632 -0.266495 0.032017
v -0.066961 -0.279443 0.032604
v -0.066157 -0.200704 0.030073
v -0.068103 -0.213416 0.030605
v -0.069589 -0.226571 0.031172
v -0.070487 -0.239972 0.031763
v -0.070667 -0.253424 0.032366
v -0.069999 -0.266731 0.032967
v -0.068355 -0.279696 0.033554
v -0.064978 -0.200496 0.030988
v -0.066879 -0.213189 0.031520
v -0.068321 -0.226321 0.032086
v -0.069178 -0.239699 0.032676
v -0.069321 -0.253127 0.033277
v -0.068621 -0.266412 0.033877
v -0.066951 -0.279359 0.034464
v -0.061456 -0.199961 0.031837
v -0.063218 -0.212594 0.032366
v -0.064529 -0.225658 0.032929
v -0.065263 -0.238963 0.033516
v -0.065294 -0.252321 0.034114
v -0.064498 -0.265540 0.034710
v -0.062748 -0.278433 0.035294
v -0.055590 -0.199102 0.032579
v -0.057121 -0.211633 0.033104
v -0.058212 -0.224582 0.033663
v -0.058741 -0.237767 0.034244
v -0.058587 -0.251006 0.034836
v -0.057630 -0.264118 0.035427
v -0.055748 -0.276920 0.036006
v 0.055299 -0.162758 0.025065
v 0.052824 -0.153059 0.024670
v 0.050561 -0.143803 0.024295
v 0.048530 -0.135096 0.023940
v 0.046751 -0.127047 0.023606
v 0.045242 -0.119761 0.023294
v 0.044023 -0.113346 0.023006
v 0.060690 -0.162030 0.025810
v 0.057981 -0.152361 0.025414
v 0.055491 -0.143118 0.025036
v 0.053244 -0.134416 0.024679
v 0.051266 -0.126366 0.024343
v 0.049580 -0.119083 0.024031
v 0.048210 -0.112680 0.023744
v 0.063928 -0.161569 0.026659
v 0.061077 -0.151916 0.026262
v 0.058450 -0.142678 0.025883
v 0.056075 -0.133975 0.025524
v 0.053977 -0.125922 0.025187
v 0.052184 -0.118637 0.024875
v 0.050723 -0.112238 0.024588
v 0.065010 -0.161378 0.027574
v 0.062112 -0.151726 0.027177
v 0.059440 -0.142486 0.026797
v 0.057021 -0.133777 0.026437
v 0.054883 -0.125718 0.026099
v 0.053055 -0.118427 0.025786
v 0.051562 -0.112024 0.025499
v 0.063939 -0.161459 0.028517
v 0.061087 -0.151794 0.028119
v 0.058460 -0.142544 0.027739
v 0.056083 -0.133826 0.027379
v 0.053985 -0.125758 0.027040
v 0.052191 -0.118458 0.026726
v 0.050728 -0.112043 0.026438
v 0.060712 -0.161815 0.029447
v 0.058001 -0.152124 0.029049
v 0.055509 -0.142857 0.028670
v 0.053261 -0.134126 0.028310
v 0.051281 -0.126047 0.027972
v 0.049592 -0.118733 0.027657
v 0.048220 -0.112300 0.027367
v 0.055330 -0.162449 0.030327
v 0.052854 -0.152718 0.029929
v 0.050589 -0.143426 0.029551
v 0.048555 -0.134680 0.029192
v 0.046772 -0.126587 0.028855
v 0.045260 -0.119258 0.028539
v 0.044037 -0.112799 0.028247
v 0.083215 -0.247819 0.028724
v 0.078702 -0.236810 0.028239
v 0.074540 -0.225848 0.027757
v 0.070700 -0.214962 0.027281
v 0.067153 -0.204183 0.026813
v 0.063868 -0.193541 0.026355
v 0.060816 -0.183068 0.025909
v 0.090215 -0.246306 0.029436
v 0.085570 -0.235388 0.028955
v 0.081247 -0.224533 0.028479
v 0.077222 -0.213765 0.028009
v 0.073470 -0.203107 0.027546
v 0.069965 -0.192580 0.027093
v 0.066682 -0.182207 0.026651
v 0.094418 -0.245380 0.030266
v 0.089693 -0.234516 0.029788
v 0.085274 -0.223727 0.029315
v 0.081138 -0.213030 0.028848
v 0.077263 -0.202443 0.028389
v 0.073626 -0.191984 0.027939
v 0.070204 -0.181670 0.027499
v 0.095822 -0.245043 0.031176
v 0.091071 -0.234197 0.030699
v 0.086620 -0.223430 0.030227
v 0.082447 -0.212756 0.029761
v 0.078531 -0.202192 0.029303
v 0.074850 -0.191755 0.028854
v 0.071382 -0.181460 0.028415
v 0.094428 -0.245296 0.032126
v 0.089704 -0.234433 0.031648
v 0.085285 -0.223644 0.031175
v 0.081149 -0.212946 0.030708
v 0.077274 -0.202358 0.030249
v 0.073637 -0.191895 0.029798
v 0.070216 -0.181577 0.029358
v 0.090235 -0.246142 0.033078
v 0.085590 -0.235225 0.032597
v 0.081268 -0.224371 0.032121
v 0.077244 -0.213602 0.031650
v 0.073492 -0.202940 0.031187
v 0.069988 -0.192407 0.030734
v 0.066705 -0.182024 0.030291
v 0.083243 -0.247582 0.033992
v 0.078731 -0.236575 0.033507
v 0.074571 -0.225613 0.033025
v 0.070732 -0.214725 0.032549
v 0.067185 -0.203942 0.032080
v 0.063901 -0.193291 0.031621
v 0.060849 -0.182804 0.031174
v -0.039115 -0.124882 0.024412
v -0.040893 -0.131671 0.024735
v -0.042894 -0.139149 0.025047
v -0.045047 -0.147331 0.025359
v -0.047281 -0.156235 0.025682
v -0.049527 -0.165876 0.026028
v -0.051714 -0.176271 0.026408
v -0.043297 -0.125390 0.025292
v -0.045225 -0.132204 0.025618
v -0.047402 -0.139696 0.025930
v -0.049752 -0.147891 0.026242
v -0.052201 -0.156809 0.026563
v -0.054674 -0.166474 0.026908
v -0.057096 -0.176907 0.027288
v -0.045804 -0.125659 0.026223
v -0.047822 -0.132490 0.026550
v -0.050105 -0.139995 0.026863
v -0.052573 -0.148199 0.027174
v -0.055151 -0.157129 0.027495
v -0.057759 -0.166810 0.027839
v -0.060322 -0.177268 0.028219
v -0.046637 -0.125691 0.027163
v -0.048685 -0.132534 0.027492
v -0.051002 -0.140047 0.027805
v -0.053510 -0.148259 0.028116
v -0.056130 -0.157195 0.028438
v -0.058784 -0.166885 0.028782
v -0.061393 -0.177354 0.029161
v -0.045796 -0.125491 0.028076
v -0.047813 -0.132337 0.028404
v -0.050095 -0.139855 0.028718
v -0.052562 -0.148071 0.029030
v -0.055139 -0.157011 0.029352
v -0.057748 -0.166701 0.029697
v -0.060310 -0.177168 0.030077
v -0.043281 -0.125061 0.028921
v -0.045208 -0.131902 0.029249
v -0.047383 -0.139421 0.029564
v -0.049731 -0.147639 0.029877
v -0.052179 -0.156579 0.030200
v -0.054651 -0.166262 0.030546
v -0.057072 -0.176711 0.030927
v -0.039093 -0.124404 0.029659
v -0.040868 -0.131233 0.029987
v -0.042866 -0.138748 0.030302
v -0.045017 -0.146965 0.030616
v -0.047249 -0.155899 0.030942
v -0.049494 -0.165568 0.031290
v -0.051681 -0.175986 0.031672
v 0.042496 -0.103518 0.022506
v 0.041994 -0.100077 0.022304
v 0.041399 -0.097452 0.022146
v 0.040496 -0.095509 0.022040
v 0.039100 -0.094115 0.021992
v 0.037126 -0.093154 0.021990
v 0.034481 -0.092510 0.022008
v 0.046471 -0.102927 0.023253
v 0.045896 -0.099549 0.023056
v 0.045222 -0.096997 0.022896
v 0.044220 -0.095131 0.022780
v 0.042669 -0.093811 0.022708
v 0.040390 -0.092905 0.022664
v 0.037198 -0.092282 0.022625
v 0.048857 -0.102523 0.024102
v 0.048237 -0.099179 0.023904
v 0.047519 -0.096669 0.023739
v 0.046460 -0.094846 0.023605
v 0.044823 -0.093567 0.023502
v 0.042385 -0.092692 0.023417
v 0.038924 -0.092080 0.023336
v 0.049653 -0.102311 0.025012
v 0.049018 -0.098975 0.024812
v 0.048285 -0.096474 0.024635
v 0.047208 -0.094664 0.024480
v 0.045545 -0.093400 0.024342
v 0.043063 -0.092536 0.024217
v 0.039532 -0.091929 0.024102
v 0.048859 -0.102297 0.025947
v 0.048238 -0.098942 0.025740
v 0.047519 -0.096422 0.025549
v 0.046459 -0.094596 0.025368
v 0.044821 -0.093320 0.025193
v 0.042382 -0.092451 0.025028
v 0.038921 -0.091843 0.024880
v 0.046476 -0.102487 0.026867
v 0.045898 -0.099084 0.026650
v 0.045222 -0.096515 0.026441
v 0.044218 -0.094641 0.026232
v 0.042665 -0.093327 0.026018
v 0.040386 -0.092433 0.025808
v 0.037193 -0.091823 0.025621
v 0.042502 -0.102884 0.027734
v 0.041997 -0.099407 0.027503
v 0.041398 -0.096757 0.027274
v 0.040493 -0.094803 0.027035
v 0.039095 -0.093416 0.026779
v 0.037119 -0.092475 0.026519
v 0.034473 -0.091857 0.026278
v -0.096291 -0.018462 0.020034
v -0.099188 -0.016806 0.020108
v -0.102267 -0.015958 0.020226
v -0.105613 -0.015866 0.020402
v -0.109302 -0.016476 0.020637
v -0.113430 -0.017635 0.020908
v -0.118100 -0.019163 0.021187
v -0.097366 -0.015989 0.020633
v -0.100685 -0.013924 0.020782
v -0.104046 -0.012878 0.020964
v -0.107584 -0.012711 0.021189
v -0.111423 -0.013289 0.021457
v -0.115676 -0.014429 0.021750
v -0.120454 -0.015934 0.022042
v -0.097963 -0.014376 0.021329
v -0.101516 -0.012123 0.021533
v -0.105051 -0.010983 0.021771
v -0.108717 -0.010784 0.022042
v -0.112656 -0.011352 0.022342
v -0.116990 -0.012486 0.022654
v -0.121836 -0.013981 0.022956
v -0.098108 -0.013769 0.022091
v -0.101729 -0.011471 0.022333
v -0.105321 -0.010309 0.022616
v -0.109033 -0.010105 0.022927
v -0.113010 -0.010673 0.023255
v -0.117376 -0.011809 0.023582
v -0.122250 -0.013303 0.023891
v -0.097799 -0.014277 0.022878
v -0.101350 -0.012024 0.023149
v -0.104884 -0.010884 0.023468
v -0.108551 -0.010687 0.023811
v -0.112495 -0.011259 0.024159
v -0.116839 -0.012401 0.024496
v -0.121697 -0.013904 0.024808
v -0.097047 -0.015797 0.023640
v -0.100361 -0.013731 0.023938
v -0.103718 -0.012684 0.024287
v -0.107259 -0.012520 0.024654
v -0.111109 -0.013108 0.025015
v -0.115380 -0.014261 0.025357
v -0.120180 -0.015783 0.025668
v -0.095835 -0.018188 0.024319
v -0.098720 -0.016526 0.024653
v -0.101791 -0.015677 0.025030
v -0.105140 -0.015589 0.025415
v -0.108844 -0.016212 0.025783
v -0.112998 -0.017390 0.026125
v -0.117702 -0.018943 0.026433
v -0.068231 -0.062303 0.019859
v -0.071177 -0.056664 0.019677
v -0.074667 -0.050255 0.019531
v -0.078511 -0.043489 0.019462
v -0.082512 -0.036789 0.019495
v -0.086450 -0.030571 0.019614
v -0.090114 -0.025238 0.019788
v -0.067302 -0.063221 0.020456
v -0.070410 -0.057083 0.020309
v -0.074001 -0.050297 0.020184
v -0.077925 -0.043219 0.020116
v -0.082030 -0.036219 0.020130
v -0.086155 -0.029662 0.020213
v -0.090150 -0.023906 0.020345
v -0.066579 -0.063968 0.021159
v -0.069810 -0.057487 0.021039
v -0.073505 -0.050391 0.020936
v -0.077529 -0.043030 0.020874
v -0.081748 -0.035753 0.020869
v -0.086027 -0.028910 0.020920
v -0.090233 -0.022851 0.021019
v -0.066244 -0.064234 0.021923
v -0.069518 -0.057631 0.021829
v -0.073257 -0.050410 0.021752
v -0.077328 -0.042925 0.021700
v -0.081602 -0.035527 0.021680
v -0.085944 -0.028570 0.021702
v -0.090224 -0.022404 0.021773
v -0.066398 -0.063858 0.022705
v -0.069621 -0.057371 0.022642
v -0.073308 -0.050270 0.022595
v -0.077330 -0.042907 0.022558
v -0.081553 -0.035633 0.022529
v -0.085842 -0.028797 0.022524
v -0.090059 -0.022745 0.022566
v -0.066953 -0.063008 0.023457
v -0.070042 -0.056857 0.023440
v -0.073618 -0.050062 0.023432
v -0.077537 -0.042981 0.023415
v -0.081651 -0.035987 0.023379
v -0.085795 -0.029442 0.023345
v -0.089812 -0.023700 0.023347
v -0.067737 -0.062000 0.024136
v -0.070653 -0.056343 0.024187
v -0.074119 -0.049920 0.024229
v -0.077956 -0.043149 0.024235
v -0.081970 -0.036458 0.024194
v -0.085937 -0.030258 0.024125
v -0.089636 -0.024948 0.024067
v -0.228925 -0.249567 0.025894
v -0.222215 -0.247436 0.025582
v -0.215532 -0.243109 0.025250
v -0.208861 -0.236835 0.024925
v -0.202217 -0.228885 0.024623
v -0.195552 -0.219727 0.024341
v -0.188799 -0.209880 0.024073
v -0.226160 -0.254373 0.026519
v -0.218476 -0.252594 0.026243
v -0.211201 -0.248439 0.025944
v -0.204196 -0.242228 0.025645
v -0.197358 -0.234302 0.025359
v -0.190600 -0.225146 0.025085
v -0.183838 -0.215281 0.024820
v -0.224511 -0.257596 0.027247
v -0.216294 -0.255913 0.026999
v -0.208653 -0.251771 0.026734
v -0.201421 -0.245531 0.026464
v -0.194448 -0.237578 0.026197
v -0.187624 -0.228403 0.025933
v -0.180853 -0.218519 0.025672
v -0.223942 -0.258764 0.028026
v -0.215568 -0.257082 0.027808
v -0.207807 -0.252917 0.027580
v -0.200492 -0.246648 0.027344
v -0.193467 -0.238674 0.027098
v -0.186618 -0.229485 0.026846
v -0.179843 -0.219593 0.026589
v -0.224474 -0.257581 0.028808
v -0.216255 -0.255897 0.028627
v -0.208612 -0.251754 0.028444
v -0.201379 -0.245514 0.028245
v -0.194404 -0.237561 0.028024
v -0.187580 -0.228385 0.027784
v -0.180809 -0.218502 0.027532
v -0.226087 -0.254343 0.029551
v -0.218400 -0.252563 0.029423
v -0.211121 -0.248406 0.029290
v -0.204113 -0.242194 0.029132
v -0.197273 -0.234268 0.028937
v -0.190515 -0.225112 0.028710
v -0.183753 -0.215248 0.028462
v -0.228822 -0.249525 0.030214
v -0.222105 -0.247392 0.030162
v -0.215416 -0.243062 0.030088
v -0.208740 -0.236787 0.029970
v -0.202094 -0.228835 0.029799
v -0.195428 -0.219678 0.029585
v -0.188676 -0.209832 0.029341
v -0.296829 -0.185262 0.026903
v -0.289987 -0.196700 0.026733
v -0.281691 -0.208475 0.026553
v -0.272414 -0.219871 0.026403
v -0.262652 -0.230167 0.026306
v -0.252980 -0.238815 0.026253
v -0.243960 -0.245302 0.026217
v -0.299211 -0.186117 0.027613
v -0.291978 -0.198787 0.027497
v -0.283393 -0.211320 0.027354
v -0.273851 -0.223177 0.027215
v -0.263766 -0.233799 0.027101
v -0.253581 -0.242693 0.027002
v -0.243719 -0.249383 0.026895
v -0.300956 -0.186362 0.028393
v -0.293412 -0.199784 0.028314
v -0.284537 -0.212882 0.028200
v -0.274707 -0.225162 0.028070
v -0.264301 -0.236132 0.027939
v -0.253707 -0.245318 0.027802
v -0.243311 -0.252249 0.027648
v -0.301608 -0.186383 0.029189
v -0.293946 -0.200046 0.029139
v -0.284944 -0.213355 0.029052
v -0.274978 -0.225819 0.028934
v -0.264429 -0.236952 0.028789
v -0.253676 -0.246275 0.028621
v -0.243104 -0.253312 0.028434
v -0.300919 -0.186346 0.029953
v -0.293373 -0.199768 0.029932
v -0.284496 -0.212865 0.029875
v -0.274666 -0.225145 0.029771
v -0.264261 -0.236116 0.029615
v -0.253668 -0.245303 0.029421
v -0.243273 -0.252233 0.029209
v -0.299138 -0.186087 0.030642
v -0.291902 -0.198756 0.030658
v -0.283314 -0.211288 0.030633
v -0.273771 -0.223144 0.030545
v -0.263687 -0.233767 0.030380
v -0.253505 -0.242662 0.030162
v -0.243647 -0.249353 0.029924
v -0.296725 -0.185220 0.031219
v -0.289877 -0.196655 0.031284
v -0.281577 -0.208428 0.031295
v -0.272298 -0.219823 0.031221
v -0.262538 -0.230120 0.031049
v -0.252871 -0.238770 0.030805
v -0.243856 -0.245260 0.030533
v -0.287000 -0.102482 0.025377
v -0.293759 -0.112359 0.025647
v -0.299099 -0.122626 0.025909
v -0.302892 -0.133142 0.026169
v -0.305044 -0.143751 0.026429
v -0.305589 -0.154244 0.026675
v -0.304561 -0.164455 0.026882
v -0.291924 -0.097072 0.026255
v -0.298692 -0.106967 0.026522
v -0.303983 -0.117338 0.026774
v -0.307670 -0.128076 0.027014
v -0.309639 -0.139088 0.027241
v -0.309847 -0.150330 0.027440
v -0.308251 -0.161813 0.027590
v -0.294870 -0.093822 0.027186
v -0.301645 -0.103737 0.027449
v -0.306916 -0.114189 0.027690
v -0.310554 -0.125099 0.027908
v -0.312440 -0.136407 0.028101
v -0.312493 -0.148138 0.028259
v -0.310640 -0.160341 0.028368
v -0.295838 -0.092734 0.028129
v -0.302615 -0.102656 0.028388
v -0.307882 -0.113142 0.028617
v -0.311510 -0.124121 0.028812
v -0.313377 -0.135543 0.028970
v -0.313394 -0.147439 0.029089
v -0.311480 -0.159860 0.029165
v -0.294827 -0.093805 0.029046
v -0.301601 -0.103719 0.029300
v -0.306873 -0.114172 0.029517
v -0.310512 -0.125082 0.029689
v -0.312399 -0.136390 0.029810
v -0.312454 -0.148122 0.029887
v -0.310602 -0.160326 0.029930
v -0.291839 -0.097038 0.029898
v -0.298606 -0.106933 0.030147
v -0.303898 -0.117304 0.030352
v -0.307587 -0.128042 0.030501
v -0.309559 -0.139055 0.030587
v -0.309771 -0.150299 0.030620
v -0.308178 -0.161783 0.030621
v -0.286876 -0.102434 0.030645
v -0.293635 -0.112310 0.030890
v -0.298976 -0.122577 0.031085
v -0.302772 -0.133093 0.031214
v -0.304928 -0.143704 0.031267
v -0.305480 -0.154200 0.031255
v -0.304457 -0.164413 0.031202
v -0.202244 -0.045632 0.022990
v -0.213861 -0.050573 0.023251
v -0.225622 -0.056107 0.023538
v -0.237309 -0.062248 0.023843
v -0.248704 -0.069007 0.024158
v -0.259587 -0.076400 0.024477
v -0.269741 -0.084439 0.024791
v -0.205866 -0.040960 0.023850
v -0.217688 -0.045754 0.024113
v -0.229660 -0.051156 0.024402
v -0.241555 -0.057179 0.024710
v -0.253146 -0.063837 0.025029
v -0.264204 -0.071144 0.025350
v -0.274502 -0.079113 0.025667
v -0.208028 -0.038154 0.024769
v -0.219974 -0.042859 0.025033
v -0.232074 -0.048181 0.025324
v -0.244094 -0.054135 0.025634
v -0.255802 -0.060732 0.025954
v -0.266964 -0.067987 0.026278
v -0.277349 -0.075914 0.026596
v -0.208732 -0.037212 0.025709
v -0.220721 -0.041889 0.025974
v -0.232864 -0.047185 0.026265
v -0.244926 -0.053115 0.026575
v -0.256673 -0.059692 0.026897
v -0.267870 -0.066930 0.027221
v -0.278283 -0.074843 0.027539
v -0.207980 -0.038137 0.026630
v -0.219929 -0.042844 0.026894
v -0.232030 -0.048167 0.027185
v -0.244051 -0.054120 0.027495
v -0.255760 -0.060717 0.027816
v -0.266922 -0.067972 0.028139
v -0.277306 -0.075899 0.028458
v -0.205771 -0.040928 0.027494
v -0.217599 -0.045724 0.027757
v -0.229575 -0.051127 0.028047
v -0.241472 -0.057151 0.028355
v -0.253063 -0.063809 0.028674
v -0.264121 -0.071115 0.028995
v -0.274418 -0.079082 0.029312
v -0.202107 -0.045585 0.028260
v -0.213731 -0.050530 0.028522
v -0.225498 -0.056067 0.028809
v -0.237188 -0.062207 0.029115
v -0.248584 -0.068966 0.029430
v -0.259467 -0.076358 0.029749
v -0.269620 -0.084394 0.030063
v -0.115041 -0.123362 0.021634
v -0.107875 -0.116365 0.021439
v -0.100986 -0.109774 0.021254
v -0.094458 -0.103658 0.021078
v -0.088373 -0.098088 0.020910
v -0.082815 -0.093135 0.020749
v -0.077865 -0.088869 0.020594
v -0.111728 -0.127674 0.022400
v -0.104706 -0.120488 0.022203
v -0.097942 -0.113707 0.022015
v -0.091525 -0.107406 0.021837
v -0.085539 -0.101665 0.021667
v -0.080072 -0.096560 0.021505
v -0.075208 -0.092169 0.021350
v -0.109726 -0.130254 0.023263
v -0.102787 -0.122955 0.023064
v -0.096097 -0.116057 0.022874
v -0.089743 -0.109645 0.022694
v -0.083814 -0.103798 0.022523
v -0.078399 -0.098600 0.022360
v -0.073584 -0.094132 0.022206
v -0.109036 -0.131105 0.024183
v -0.102122 -0.123765 0.023983
v -0.095453 -0.116827 0.023793
v -0.089116 -0.110374 0.023612
v -0.083202 -0.104490 0.023440
v -0.077799 -0.099257 0.023277
v -0.072996 -0.094761 0.023122
v -0.109660 -0.130227 0.025122
v -0.102712 -0.122921 0.024923
v -0.096011 -0.116016 0.024732
v -0.089645 -0.109595 0.024552
v -0.083704 -0.103740 0.024379
v -0.078275 -0.098533 0.024215
v -0.073447 -0.094056 0.024060
v -0.111600 -0.127619 0.026041
v -0.104558 -0.120422 0.025842
v -0.097774 -0.113626 0.025653
v -0.091333 -0.107310 0.025473
v -0.085323 -0.101552 0.025301
v -0.079830 -0.096430 0.025137
v -0.074942 -0.092021 0.024980
v -0.114856 -0.123284 0.026901
v -0.107663 -0.116270 0.026704
v -0.100744 -0.109658 0.026517
v -0.094183 -0.103520 0.026338
v -0.088063 -0.097927 0.026167
v -0.082468 -0.092949 0.026003
v -0.077482 -0.088657 0.025844
v -0.174788 -0.190106 0.023549
v -0.167505 -0.180688 0.023289
v -0.160087 -0.171598 0.023031
v -0.152574 -0.162825 0.022778
v -0.145008 -0.154359 0.022531
v -0.137430 -0.146188 0.022291
v -0.129881 -0.138304 0.022061
v -0.169990 -0.195418 0.024300
v -0.162852 -0.185931 0.024043
v -0.155608 -0.176756 0.023788
v -0.148290 -0.167881 0.023538
v -0.140931 -0.159298 0.023293
v -0.133562 -0.150994 0.023056
v -0.126215 -0.142960 0.022827
v -0.167102 -0.198602 0.025155
v -0.160051 -0.189074 0.024899
v -0.152911 -0.179847 0.024646
v -0.145711 -0.170912 0.024397
v -0.138475 -0.162258 0.024154
v -0.131231 -0.153874 0.023918
v -0.124005 -0.145750 0.023690
v -0.166124 -0.199658 0.026073
v -0.159102 -0.190116 0.025817
v -0.151998 -0.180873 0.025565
v -0.144836 -0.171917 0.025317
v -0.137641 -0.163239 0.025075
v -0.130437 -0.154828 0.024839
v -0.123251 -0.146673 0.024611
v -0.167059 -0.198587 0.027016
v -0.160008 -0.189059 0.026760
v -0.152869 -0.179833 0.026507
v -0.145667 -0.170897 0.026259
v -0.138430 -0.162243 0.026016
v -0.131183 -0.153857 0.025779
v -0.123953 -0.145731 0.025551
v -0.169906 -0.195388 0.027945
v -0.162769 -0.185902 0.027688
v -0.155525 -0.176727 0.027433
v -0.148206 -0.167853 0.027182
v -0.140843 -0.159268 0.026938
v -0.133469 -0.150962 0.026700
v -0.126114 -0.142923 0.026470
v -0.174667 -0.190062 0.028821
v -0.167385 -0.180646 0.028561
v -0.159967 -0.171557 0.028303
v -0.152452 -0.162784 0.028049
v -0.144881 -0.154316 0.027802
v -0.137295 -0.146142 0.027561
v -0.129734 -0.138250 0.027330
v -0.129461 -0.022659 0.021663
v -0.136233 -0.024517 0.021842
v -0.143713 -0.026527 0.021996
v -0.151879 -0.028758 0.022134
v -0.160711 -0.031278 0.022269
v -0.170188 -0.034158 0.022411
v -0.180288 -0.037466 0.022571
v -0.132008 -0.019300 0.022528
v -0.138877 -0.021041 0.022709
v -0.146459 -0.022906 0.022862
v -0.154734 -0.024971 0.023000
v -0.163686 -0.027314 0.023133
v -0.173296 -0.030009 0.023273
v -0.183547 -0.033132 0.023432
v -0.133512 -0.017273 0.023449
v -0.140442 -0.018944 0.023632
v -0.148086 -0.020724 0.023785
v -0.156429 -0.022691 0.023922
v -0.165455 -0.024928 0.024054
v -0.175147 -0.027513 0.024193
v -0.185490 -0.030528 0.024351
v -0.133974 -0.016577 0.024388
v -0.140929 -0.018228 0.024571
v -0.148598 -0.019981 0.024725
v -0.156967 -0.021919 0.024862
v -0.166020 -0.024122 0.024994
v -0.175742 -0.026673 0.025133
v -0.186118 -0.029652 0.025291
v -0.133397 -0.017213 0.025305
v -0.140339 -0.018893 0.025489
v -0.147995 -0.020680 0.025643
v -0.156348 -0.022654 0.025781
v -0.165382 -0.024896 0.025913
v -0.175083 -0.027487 0.026053
v -0.185432 -0.030505 0.026212
v -0.131783 -0.019183 0.026162
v -0.138675 -0.020940 0.026345
v -0.146278 -0.022819 0.026501
v -0.154573 -0.024898 0.026639
v -0.163543 -0.027251 0.026774
v -0.173169 -0.029957 0.026915
v -0.183433 -0.033089 0.027074
v -0.129133 -0.022488 0.026919
v -0.135939 -0.024369 0.027102
v -0.143450 -0.026400 0.027258
v -0.151645 -0.028650 0.027398
v -0.160503 -0.031188 0.027535
v -0.170003 -0.034082 0.027679
v -0.180123 -0.037402 0.027840
v -0.070111 -0.082627 0.020297
v -0.067379 -0.080471 0.020166
v -0.065402 -0.078641 0.020062
v -0.064168 -0.076886 0.019996
v -0.063659 -0.074981 0.019975
v -0.063815 -0.072790 0.019991
v -0.064580 -0.070178 0.020019
v -0.067625 -0.085781 0.021061
v -0.064985 -0.083592 0.020933
v -0.063109 -0.081731 0.020826
v -0.061993 -0.079929 0.020748
v -0.061625 -0.077925 0.020701
v -0.061979 -0.075499 0.020673
v -0.063035 -0.072423 0.020644
v -0.066097 -0.087653 0.021920
v -0.063510 -0.085443 0.021792
v -0.061692 -0.083564 0.021678
v -0.060641 -0.081734 0.021581
v -0.060351 -0.079676 0.021502
v -0.060812 -0.077126 0.021433
v -0.062011 -0.073822 0.021361
v -0.065533 -0.088245 0.022836
v -0.062959 -0.086026 0.022704
v -0.061157 -0.084139 0.022579
v -0.060126 -0.082299 0.022460
v -0.059861 -0.080225 0.022346
v -0.060352 -0.077643 0.022237
v -0.061590 -0.074281 0.022131
v -0.065936 -0.087560 0.023770
v -0.063337 -0.085342 0.023632
v -0.061512 -0.083457 0.023492
v -0.060458 -0.081624 0.023349
v -0.060169 -0.079567 0.023198
v -0.060634 -0.077018 0.023048
v -0.061836 -0.073716 0.022909
v -0.067309 -0.085599 0.024683
v -0.064648 -0.083395 0.024536
v -0.062758 -0.081523 0.024380
v -0.061635 -0.079715 0.024209
v -0.061269 -0.077711 0.024020
v -0.061632 -0.075288 0.023827
v -0.062697 -0.072217 0.023649
v -0.069657 -0.082366 0.025537
v -0.066895 -0.080188 0.025378
v -0.064896 -0.078341 0.025203
v -0.063652 -0.076578 0.025004
v -0.063146 -0.074672 0.024775
v -0.063315 -0.072487 0.024532
v -0.064099 -0.069885 0.024302
v -0.065843 0.080110 0.019441
v -0.065860 0.083446 0.019546
v -0.066669 0.086535 0.019678
v -0.068266 0.089477 0.019852
v -0.070643 0.092364 0.020070
v -0.073715 0.095356 0.020313
v -0.077380 0.098634 0.020554
v -0.064251 0.082272 0.020090
v -0.064127 0.086177 0.020278
v -0.064905 0.089609 0.020478
v -0.066534 0.092754 0.020702
v -0.068960 0.095787 0.020954
v -0.072080 0.098897 0.021218
v -0.075778 0.102278 0.021473
v -0.063167 0.083589 0.020819
v -0.062997 0.087790 0.021066
v -0.063782 0.091419 0.021323
v -0.065449 0.094690 0.021594
v -0.067916 0.097815 0.021878
v -0.071072 0.100997 0.022161
v -0.074795 0.104444 0.022426
v -0.062728 0.084011 0.021593
v -0.062554 0.088294 0.021879
v -0.063350 0.091982 0.022182
v -0.065036 0.095296 0.022493
v -0.067523 0.098452 0.022804
v -0.070696 0.101662 0.023103
v -0.074433 0.105132 0.023375
v -0.063028 0.083481 0.022370
v -0.062859 0.087681 0.022684
v -0.063645 0.091308 0.023022
v -0.065315 0.094578 0.023365
v -0.067790 0.097705 0.023697
v -0.070957 0.100892 0.024005
v -0.074693 0.104344 0.024280
v -0.063982 0.082063 0.023101
v -0.063857 0.085963 0.023438
v -0.064635 0.089390 0.023804
v -0.066271 0.092535 0.024171
v -0.068712 0.095571 0.024515
v -0.071854 0.098690 0.024828
v -0.075578 0.102083 0.025102
v -0.065458 0.079812 0.023731
v -0.065469 0.083138 0.024096
v -0.066276 0.086218 0.024487
v -0.067883 0.089158 0.024870
v -0.070282 0.092051 0.025221
v -0.073386 0.095056 0.025534
v -0.077088 0.098349 0.025804
v -0.089760 0.033890 0.018384
v -0.086349 0.039263 0.018316
v -0.082544 0.045491 0.018299
v -0.078607 0.052204 0.018367
v -0.074808 0.059019 0.018535
v -0.071397 0.065537 0.018780
v -0.068616 0.071374 0.019061
v -0.090103 0.032621 0.018962
v -0.086340 0.038383 0.018939
v -0.082258 0.044887 0.018952
v -0.078093 0.051825 0.019028
v -0.074086 0.058880 0.019182
v -0.070474 0.065731 0.019398
v -0.067490 0.072067 0.019645
v -0.090400 0.031614 0.019650
v -0.086403 0.037655 0.019662
v -0.082106 0.044403 0.019703
v -0.077745 0.051570 0.019790
v -0.073554 0.058862 0.019932
v -0.069772 0.065989 0.020121
v -0.066632 0.072660 0.020341
v -0.090477 0.031184 0.020409
v -0.086396 0.037323 0.020449
v -0.082014 0.044171 0.020518
v -0.077569 0.051441 0.020617
v -0.073301 0.058841 0.020748
v -0.069451 0.066080 0.020910
v -0.066255 0.072868 0.021104
v -0.090243 0.031498 0.021198
v -0.086238 0.037534 0.021267
v -0.081934 0.044278 0.021364
v -0.077570 0.051442 0.021476
v -0.073385 0.058738 0.021594
v -0.069611 0.065870 0.021727
v -0.066482 0.072548 0.021890
v -0.089799 0.032397 0.021967
v -0.086019 0.038148 0.022075
v -0.081924 0.044642 0.022205
v -0.077754 0.051577 0.022331
v -0.073756 0.058638 0.022436
v -0.070162 0.065499 0.022534
v -0.067200 0.071849 0.022651
v -0.089331 0.033573 0.022667
v -0.085893 0.038927 0.022832
v -0.082067 0.045140 0.023004
v -0.078124 0.051848 0.023147
v -0.074338 0.058671 0.023240
v -0.070953 0.065206 0.023297
v -0.068205 0.071065 0.023345
v -0.332367 0.079340 0.020326
v -0.327160 0.074598 0.020066
v -0.320064 0.070978 0.019831
v -0.311290 0.068341 0.019645
v -0.301079 0.066567 0.019517
v -0.289811 0.065377 0.019434
v -0.277904 0.064457 0.019379
v -0.335155 0.074536 0.020854
v -0.329767 0.068774 0.020623
v -0.322526 0.064555 0.020420
v -0.313639 0.061598 0.020258
v -0.303352 0.059643 0.020145
v -0.292041 0.058372 0.020070
v -0.280113 0.057453 0.020019
v -0.337135 0.071490 0.021516
v -0.331563 0.065218 0.021312
v -0.324150 0.060675 0.021143
v -0.315126 0.057536 0.021011
v -0.304749 0.055476 0.020918
v -0.293387 0.054159 0.020853
v -0.281439 0.053240 0.020806
v -0.337876 0.070405 0.022271
v -0.332227 0.063997 0.022097
v -0.324735 0.059361 0.021966
v -0.315645 0.056164 0.021869
v -0.305223 0.054071 0.021797
v -0.293838 0.052738 0.021744
v -0.281881 0.051820 0.021702
v -0.337132 0.071450 0.023077
v -0.331560 0.065177 0.022941
v -0.324147 0.060632 0.022852
v -0.315123 0.057491 0.022792
v -0.304746 0.055430 0.022745
v -0.293385 0.054112 0.022705
v -0.281438 0.053193 0.022666
v -0.335149 0.074459 0.023885
v -0.329762 0.068694 0.023803
v -0.322520 0.064470 0.023766
v -0.313634 0.061510 0.023745
v -0.303347 0.059553 0.023723
v -0.292036 0.058281 0.023695
v -0.280110 0.057361 0.023661
v -0.332359 0.079230 0.024646
v -0.327152 0.074482 0.024646
v -0.320056 0.070855 0.024670
v -0.311282 0.068213 0.024690
v -0.301071 0.066436 0.024693
v -0.289805 0.065245 0.024677
v -0.277899 0.064324 0.024647
v -0.310676 0.170287 0.022598
v -0.317153 0.158644 0.022197
v -0.323194 0.145574 0.021781
v -0.328418 0.131844 0.021404
v -0.332447 0.118243 0.021104
v -0.335096 0.105543 0.020882
v -0.336200 0.094488 0.020720
v -0.312621 0.171915 0.023288
v -0.319970 0.159318 0.022916
v -0.326524 0.145617 0.022521
v -0.332014 0.131427 0.022145
v -0.336163 0.117384 0.021821
v -0.338767 0.104117 0.021549
v -0.339625 0.092233 0.021314
v -0.313720 0.173297 0.024060
v -0.321566 0.160053 0.023710
v -0.328463 0.145819 0.023333
v -0.334176 0.131167 0.022958
v -0.338467 0.116672 0.022611
v -0.341118 0.102906 0.022294
v -0.341915 0.090439 0.022007
v -0.314079 0.173844 0.024855
v -0.322075 0.160377 0.024529
v -0.329092 0.145927 0.024175
v -0.334897 0.131066 0.023808
v -0.339256 0.116364 0.023442
v -0.341946 0.102393 0.023092
v -0.342747 0.089721 0.022771
v -0.313717 0.173258 0.025620
v -0.321563 0.160012 0.025328
v -0.328460 0.145777 0.025008
v -0.334173 0.131124 0.024659
v -0.338463 0.116629 0.024286
v -0.341115 0.102865 0.023912
v -0.341912 0.090399 0.023568
v -0.312615 0.171839 0.026317
v -0.319964 0.159237 0.026077
v -0.326517 0.145534 0.025800
v -0.332007 0.131343 0.025476
v -0.336157 0.117300 0.025101
v -0.338761 0.104036 0.024709
v -0.339619 0.092156 0.024343
v -0.310668 0.170177 0.026914
v -0.317144 0.158529 0.026749
v -0.323185 0.145454 0.026524
v -0.328408 0.131721 0.026222
v -0.332438 0.118123 0.025846
v -0.335087 0.105428 0.025433
v -0.336192 0.094379 0.025037
v -0.234066 0.203185 0.022811
v -0.246003 0.204097 0.022867
v -0.257567 0.203584 0.022909
v -0.268572 0.201608 0.022945
v -0.278838 0.198164 0.022981
v -0.288200 0.193386 0.023008
v -0.296529 0.187388 0.023003
v -0.231861 0.210147 0.023796
v -0.243818 0.211056 0.023849
v -0.255448 0.210450 0.023878
v -0.266592 0.208271 0.023890
v -0.277114 0.204467 0.023885
v -0.286955 0.199023 0.023849
v -0.296101 0.191898 0.023761
v -0.230539 0.214314 0.024791
v -0.242515 0.215220 0.024839
v -0.254205 0.214556 0.024856
v -0.265474 0.212249 0.024842
v -0.276211 0.208225 0.024797
v -0.286396 0.202403 0.024710
v -0.296036 0.194695 0.024568
v -0.230098 0.215687 0.025756
v -0.242083 0.216592 0.025800
v -0.253799 0.215907 0.025804
v -0.265122 0.213556 0.025766
v -0.275948 0.209460 0.025683
v -0.286258 0.203525 0.025553
v -0.296054 0.195656 0.025373
v -0.230537 0.214267 0.026651
v -0.242513 0.215173 0.026691
v -0.254203 0.214509 0.026684
v -0.265471 0.212204 0.026623
v -0.276208 0.208182 0.026507
v -0.286393 0.202362 0.026339
v -0.296033 0.194655 0.026129
v -0.231858 0.210056 0.027439
v -0.243813 0.210965 0.027474
v -0.255442 0.210360 0.027457
v -0.266587 0.208182 0.027377
v -0.277109 0.204382 0.027231
v -0.286950 0.198943 0.027029
v -0.296095 0.191821 0.026792
v -0.234061 0.203052 0.028079
v -0.245996 0.203965 0.028110
v -0.257559 0.203454 0.028085
v -0.268564 0.201480 0.027990
v -0.278830 0.198041 0.027819
v -0.288192 0.193270 0.027588
v -0.296521 0.187278 0.027322
v -0.142414 0.158244 0.021708
v -0.152506 0.165829 0.021853
v -0.163185 0.173244 0.022010
v -0.174352 0.180291 0.022174
v -0.185909 0.186774 0.022335
v -0.197758 0.192499 0.022487
v -0.209802 0.197269 0.022621
v -0.140196 0.163708 0.022661
v -0.150264 0.171545 0.022810
v -0.160934 0.179209 0.022973
v -0.172104 0.186494 0.023142
v -0.183671 0.193198 0.023308
v -0.195533 0.199117 0.023464
v -0.207589 0.204046 0.023603
v -0.138865 0.166975 0.023636
v -0.148919 0.174964 0.023788
v -0.159584 0.182778 0.023954
v -0.170755 0.190206 0.024126
v -0.182328 0.197042 0.024295
v -0.194199 0.203077 0.024454
v -0.206261 0.208103 0.024595
v -0.138420 0.168047 0.024595
v -0.148470 0.176087 0.024748
v -0.159134 0.183951 0.024915
v -0.170306 0.191428 0.025087
v -0.181881 0.198308 0.025258
v -0.193754 0.204381 0.025418
v -0.205818 0.209439 0.025560
v -0.138861 0.166924 0.025497
v -0.148918 0.174915 0.025650
v -0.159584 0.182729 0.025816
v -0.170756 0.190159 0.025987
v -0.182329 0.196995 0.026157
v -0.194199 0.203030 0.026316
v -0.206261 0.208056 0.026457
v -0.140189 0.163608 0.026305
v -0.150262 0.171449 0.026454
v -0.160935 0.179115 0.026618
v -0.172106 0.186402 0.026786
v -0.183673 0.193106 0.026953
v -0.195534 0.199025 0.027109
v -0.207588 0.203955 0.027247
v -0.142402 0.158099 0.026978
v -0.152503 0.165689 0.027124
v -0.163186 0.173107 0.027282
v -0.174355 0.180156 0.027445
v -0.185912 0.186641 0.027607
v -0.197760 0.192367 0.027759
v -0.209801 0.197136 0.027893
v -0.166067 0.043874 0.018831
v -0.156422 0.041170 0.018790
v -0.147267 0.038502 0.018750
v -0.138703 0.035909 0.018709
v -0.130835 0.033427 0.018665
v -0.123764 0.031092 0.018613
v -0.117593 0.028941 0.018552
v -0.168157 0.038842 0.019510
v -0.158420 0.036356 0.019471
v -0.149163 0.033893 0.019432
v -0.140496 0.031488 0.019393
v -0.132528 0.029177 0.019350
v -0.125371 0.026997 0.019300
v -0.119135 0.024983 0.019243
v -0.169406 0.035810 0.020321
v -0.159612 0.033454 0.020282
v -0.150291 0.031111 0.020245
v -0.141559 0.028818 0.020206
v -0.133529 0.026609 0.020163
v -0.126317 0.024520 0.020115
v -0.120038 0.022587 0.020059
v -0.169815 0.034778 0.021224
v -0.159998 0.032464 0.021185
v -0.150652 0.030159 0.021148
v -0.141893 0.027901 0.021109
v -0.133838 0.025724 0.021066
v -0.126603 0.023663 0.021018
v -0.120305 0.021755 0.020963
v -0.169384 0.035749 0.022181
v -0.159580 0.033388 0.022141
v -0.150247 0.031039 0.022103
v -0.141501 0.028740 0.022063
v -0.133458 0.026524 0.022020
v -0.126231 0.024429 0.021971
v -0.119938 0.022489 0.021914
v -0.168114 0.038724 0.023152
v -0.158357 0.036227 0.023111
v -0.149077 0.033753 0.023072
v -0.140385 0.031336 0.023031
v -0.132390 0.029012 0.022986
v -0.125206 0.026819 0.022935
v -0.118941 0.024791 0.022875
v -0.166005 0.043703 0.024098
v -0.156332 0.040984 0.024056
v -0.147144 0.038301 0.024014
v -0.138545 0.035690 0.023971
v -0.130638 0.033189 0.023924
v -0.123527 0.030835 0.023870
v -0.117315 0.028665 0.023807
v -0.253768 0.062217 0.019284
v -0.241968 0.060623 0.019229
v -0.230383 0.058747 0.019169
v -0.219025 0.056631 0.019107
v -0.207907 0.054315 0.019046
v -0.197039 0.051841 0.018985
v -0.186433 0.049249 0.018928
v -0.255981 0.055398 0.019930
v -0.244193 0.053964 0.019878
v -0.232622 0.052282 0.019823
v -0.221274 0.050385 0.019767
v -0.210158 0.048307 0.019710
v -0.199279 0.046081 0.019654
v -0.188645 0.043739 0.019601
v -0.257309 0.051297 0.020720
v -0.245529 0.049959 0.020671
v -0.233965 0.048393 0.020619
v -0.222624 0.046628 0.020566
v -0.211508 0.044692 0.020512
v -0.200622 0.042614 0.020459
v -0.189971 0.040422 0.020409
v -0.257752 0.049914 0.021618
v -0.245974 0.048608 0.021569
v -0.234414 0.047080 0.021518
v -0.223074 0.045359 0.021465
v -0.211958 0.043471 0.021412
v -0.201069 0.041441 0.021361
v -0.190410 0.039298 0.021311
v -0.257309 0.051250 0.022582
v -0.245529 0.049912 0.022533
v -0.233966 0.048346 0.022481
v -0.222624 0.046580 0.022427
v -0.211507 0.044643 0.022373
v -0.200619 0.042563 0.022320
v -0.189963 0.040369 0.022269
v -0.255981 0.055307 0.023574
v -0.244194 0.053872 0.023523
v -0.232624 0.052190 0.023468
v -0.221275 0.050292 0.023411
v -0.210156 0.048212 0.023354
v -0.199272 0.045982 0.023298
v -0.188630 0.043635 0.023245
v -0.253768 0.062084 0.024556
v -0.241969 0.060490 0.024500
v -0.230385 0.058614 0.024441
v -0.219027 0.056496 0.024379
v -0.207905 0.054177 0.024317
v -0.197029 0.051698 0.024256
v -0.186411 0.049099 0.024198
v -0.086098 0.106719 0.020944
v -0.091097 0.111652 0.021077
v -0.096581 0.117123 0.021180
v -0.102599 0.123078 0.021262
v -0.109201 0.129464 0.021334
v -0.116436 0.136228 0.021405
v -0.124355 0.143319 0.021485
v -0.084480 0.110596 0.021876
v -0.089426 0.115672 0.022013
v -0.094835 0.121303 0.022118
v -0.100765 0.127435 0.022203
v -0.107272 0.134014 0.022277
v -0.114415 0.140987 0.022350
v -0.122249 0.148300 0.022432
v -0.083494 0.112903 0.022837
v -0.088410 0.118067 0.022977
v -0.093777 0.123795 0.023085
v -0.099656 0.130034 0.023171
v -0.106109 0.136730 0.023246
v -0.113197 0.143829 0.023320
v -0.120983 0.151276 0.023403
v -0.083140 0.113643 0.023790
v -0.088051 0.118837 0.023931
v -0.093408 0.124600 0.024040
v -0.099274 0.130877 0.024126
v -0.105712 0.137614 0.024202
v -0.112785 0.144756 0.024276
v -0.120556 0.152249 0.024360
v -0.083420 0.112816 0.024695
v -0.088349 0.117986 0.024835
v -0.093728 0.123720 0.024944
v -0.099618 0.129965 0.025030
v -0.106080 0.136665 0.025106
v -0.113177 0.143768 0.025180
v -0.120969 0.151220 0.025264
v -0.084334 0.110425 0.025512
v -0.089305 0.115514 0.025651
v -0.094737 0.121156 0.025758
v -0.100688 0.127298 0.025844
v -0.107215 0.133887 0.025919
v -0.114374 0.140868 0.025992
v -0.122222 0.148189 0.026075
v -0.085884 0.106471 0.026203
v -0.090920 0.111422 0.026338
v -0.096437 0.116909 0.026443
v -0.102487 0.122879 0.026528
v -0.109116 0.129279 0.026601
v -0.116376 0.136056 0.026674
v -0.124315 0.143158 0.026754
v -0.108305 0.025351 0.018395
v -0.105069 0.024064 0.018312
v -0.102494 0.023268 0.018249
v -0.100357 0.023078 0.018221
v -0.098452 0.023591 0.018240
v -0.096633 0.024820 0.018301
v -0.094755 0.026789 0.018384
v -0.109806 0.021613 0.019096
v -0.106588 0.020423 0.019016
v -0.104037 0.019730 0.018951
v -0.101917 0.019665 0.018911
v -0.099997 0.020349 0.018907
v -0.098073 0.021870 0.018929
v -0.095938 0.024323 0.018963
v -0.110679 0.019346 0.019917
v -0.107468 0.018212 0.019838
v -0.104930 0.017579 0.019765
v -0.102819 0.017584 0.019708
v -0.100891 0.018363 0.019673
v -0.098912 0.020038 0.019656
v -0.096650 0.022729 0.019652
v -0.110926 0.018553 0.020821
v -0.107714 0.017435 0.020739
v -0.105178 0.016820 0.020655
v -0.103067 0.016848 0.020576
v -0.101137 0.017656 0.020506
v -0.099145 0.019374 0.020450
v -0.096851 0.022128 0.020412
v -0.110552 0.019235 0.021769
v -0.107329 0.018096 0.021680
v -0.104782 0.017459 0.021582
v -0.102665 0.017464 0.021478
v -0.100737 0.018245 0.021371
v -0.098760 0.019922 0.021274
v -0.096500 0.022617 0.021202
v -0.109558 0.021396 0.022721
v -0.106316 0.020196 0.022623
v -0.103747 0.019497 0.022509
v -0.101617 0.019430 0.022377
v -0.099695 0.020117 0.022230
v -0.097776 0.021645 0.022087
v -0.095646 0.024105 0.021972
v -0.107949 0.025038 0.023639
v -0.104679 0.023737 0.023529
v -0.102077 0.022931 0.023395
v -0.099925 0.022738 0.023234
v -0.098017 0.023255 0.023046
v -0.096206 0.024496 0.022849
v -0.094341 0.026478 0.022672
v 0.034733 0.103042 0.020939
v 0.037611 0.104724 0.021114
v 0.039878 0.106968 0.021309
v 0.041623 0.109820 0.021544
v 0.042929 0.113320 0.021819
v 0.043979 0.117475 0.022120
v 0.044979 0.122285 0.022426
v 0.037389 0.102738 0.021635
v 0.040828 0.104582 0.021905
v 0.043407 0.106970 0.022176
v 0.045311 0.109952 0.022464
v 0.046718 0.113566 0.022776
v 0.047845 0.117820 0.023101
v 0.048919 0.122711 0.023422
v 0.039058 0.102451 0.022393
v 0.042775 0.104402 0.022727
v 0.045520 0.106895 0.023059
v 0.047513 0.109971 0.023397
v 0.048979 0.113667 0.023743
v 0.050151 0.117989 0.024089
v 0.051267 0.122934 0.024422
v 0.039629 0.102274 0.023176
v 0.043418 0.104263 0.023551
v 0.046207 0.106794 0.023930
v 0.048227 0.109908 0.024309
v 0.049710 0.113637 0.024683
v 0.050896 0.117987 0.025045
v 0.052026 0.122956 0.025385
v 0.039005 0.102262 0.023942
v 0.042720 0.104213 0.024343
v 0.045460 0.106704 0.024756
v 0.047450 0.109782 0.025166
v 0.048913 0.113486 0.025559
v 0.050083 0.117819 0.025930
v 0.051197 0.122779 0.026273
v 0.037287 0.102372 0.024641
v 0.040720 0.104211 0.025060
v 0.043291 0.106596 0.025497
v 0.045188 0.109581 0.025927
v 0.046589 0.113210 0.026332
v 0.047712 0.117487 0.026706
v 0.048782 0.122406 0.027047
v 0.034588 0.102519 0.025223
v 0.037455 0.104188 0.025657
v 0.039711 0.106424 0.026111
v 0.041445 0.109281 0.026554
v 0.042743 0.112802 0.026963
v 0.043786 0.116990 0.027334
v 0.044781 0.121840 0.027669
v -0.017223 0.100650 0.018891
v -0.010865 0.100383 0.018939
v -0.003569 0.100203 0.019056
v 0.004210 0.100150 0.019268
v 0.012007 0.100267 0.019583
v 0.019352 0.100570 0.019968
v 0.025791 0.101078 0.020374
v -0.018504 0.100306 0.019442
v -0.011633 0.099929 0.019544
v -0.003961 0.099647 0.019697
v 0.004127 0.099509 0.019922
v 0.012236 0.099566 0.020228
v 0.019969 0.099861 0.020591
v 0.026942 0.100444 0.020974
v -0.019538 0.100054 0.020108
v -0.012309 0.099613 0.020250
v -0.004318 0.099266 0.020437
v 0.004066 0.099072 0.020679
v 0.012472 0.099089 0.020978
v 0.020531 0.099376 0.021320
v 0.027873 0.099991 0.021683
v -0.019962 0.099898 0.020858
v -0.012608 0.099434 0.021031
v -0.004488 0.099063 0.021248
v 0.004027 0.098848 0.021504
v 0.012565 0.098852 0.021793
v 0.020756 0.099136 0.022111
v 0.028227 0.099761 0.022451
v -0.019588 0.099845 0.021654
v -0.012361 0.099394 0.021853
v -0.004372 0.099039 0.022096
v 0.004011 0.098842 0.022363
v 0.012418 0.098864 0.022637
v 0.020478 0.099162 0.022923
v 0.027822 0.099790 0.023229
v -0.018602 0.099902 0.022442
v -0.011735 0.099504 0.022674
v -0.004067 0.099204 0.022945
v 0.004020 0.099061 0.023220
v 0.012131 0.099128 0.023476
v 0.019867 0.099446 0.023722
v 0.026843 0.100055 0.023975
v -0.017363 0.100079 0.023166
v -0.011011 0.099777 0.023447
v -0.003722 0.099570 0.023753
v 0.004055 0.099509 0.024041
v 0.011853 0.099641 0.024281
v 0.019203 0.099977 0.024477
v 0.025649 0.100527 0.024651
v -0.099253 0.333441 0.021503
v -0.100749 0.326563 0.021150
v -0.100330 0.318611 0.020848
v -0.098220 0.309697 0.020617
v -0.094647 0.299968 0.020463
v -0.090040 0.289617 0.020369
v -0.084880 0.278846 0.020308
v -0.104816 0.333448 0.021927
v -0.107105 0.325904 0.021583
v -0.107132 0.317525 0.021300
v -0.105244 0.308353 0.021086
v -0.101789 0.298469 0.020944
v -0.097231 0.288039 0.020856
v -0.092060 0.277251 0.020799
v -0.108455 0.333633 0.022523
v -0.111094 0.325674 0.022195
v -0.111317 0.316985 0.021940
v -0.109519 0.307602 0.021753
v -0.106110 0.297587 0.021629
v -0.101567 0.287090 0.021550
v -0.096385 0.276285 0.021497
v -0.109779 0.333725 0.023255
v -0.112498 0.325631 0.022954
v -0.112762 0.316827 0.022735
v -0.110981 0.307357 0.022581
v -0.107580 0.297287 0.022478
v -0.103039 0.286762 0.022410
v -0.097852 0.275949 0.022362
v -0.108517 0.333596 0.024084
v -0.111159 0.325635 0.023823
v -0.111385 0.316944 0.023648
v -0.109590 0.307560 0.023533
v -0.106182 0.297544 0.023455
v -0.101641 0.287047 0.023400
v -0.096460 0.276243 0.023356
v -0.104936 0.333376 0.024957
v -0.107231 0.325829 0.024760
v -0.107265 0.317446 0.024643
v -0.105383 0.308271 0.024571
v -0.101932 0.298385 0.024520
v -0.097375 0.287955 0.024478
v -0.092206 0.277167 0.024439
v -0.099424 0.333338 0.025820
v -0.100930 0.326455 0.025726
v -0.100522 0.318497 0.025683
v -0.098421 0.309578 0.025658
v -0.094853 0.299847 0.025636
v -0.090249 0.289496 0.025608
v -0.085091 0.278726 0.025572
v -0.009710 0.360116 0.025697
v -0.023022 0.359906 0.025045
v -0.037351 0.358606 0.024350
v -0.051843 0.356266 0.023681
v -0.065628 0.352957 0.023092
v -0.077943 0.348902 0.022602
v -0.088062 0.344332 0.022209
v -0.009286 0.362608 0.026418
v -0.023861 0.362676 0.025775
v -0.038992 0.361504 0.025087
v -0.054016 0.359165 0.024409
v -0.068243 0.355739 0.023787
v -0.081026 0.351362 0.023235
v -0.091739 0.346164 0.022751
v -0.008654 0.364244 0.027217
v -0.024037 0.364418 0.026582
v -0.039803 0.363277 0.025900
v -0.055338 0.360900 0.025214
v -0.070027 0.357370 0.024559
v -0.083265 0.352785 0.023952
v -0.094451 0.347244 0.023404
v -0.008375 0.364821 0.028024
v -0.024027 0.365013 0.027407
v -0.040040 0.363867 0.026744
v -0.055802 0.361466 0.026060
v -0.070703 0.357892 0.025383
v -0.084137 0.353238 0.024738
v -0.095502 0.347598 0.024152
v -0.008715 0.364207 0.028777
v -0.024101 0.364380 0.028199
v -0.039869 0.363237 0.027574
v -0.055405 0.360859 0.026913
v -0.070093 0.357330 0.026233
v -0.083329 0.352747 0.025569
v -0.094513 0.347207 0.024964
v -0.009406 0.362536 0.029444
v -0.023986 0.362601 0.028933
v -0.039122 0.361426 0.028364
v -0.054148 0.359086 0.027737
v -0.068373 0.355661 0.027064
v -0.081152 0.351287 0.026393
v -0.091859 0.346092 0.025778
v -0.009881 0.360014 0.030010
v -0.023202 0.359798 0.029594
v -0.037539 0.358493 0.029089
v -0.052034 0.356152 0.028495
v -0.065816 0.352845 0.027831
v -0.078123 0.348794 0.027150
v -0.088234 0.344229 0.026522
v 0.057084 0.310226 0.026683
v 0.051902 0.321018 0.026745
v 0.045674 0.330775 0.026763
v 0.038458 0.339316 0.026745
v 0.030341 0.346484 0.026698
v 0.021522 0.352201 0.026614
v 0.012163 0.356414 0.026474
v 0.064196 0.311789 0.027817
v 0.059001 0.322597 0.027875
v 0.052660 0.332364 0.027878
v 0.045198 0.340925 0.027831
v 0.036643 0.348134 0.027735
v 0.027009 0.353934 0.027574
v 0.016267 0.358291 0.027327
v 0.068446 0.312719 0.028900
v 0.063239 0.323542 0.028953
v 0.056817 0.333332 0.028943
v 0.049184 0.341937 0.028868
v 0.040331 0.349222 0.028726
v 0.030199 0.355132 0.028506
v 0.018706 0.359626 0.028192
v 0.069837 0.313014 0.029893
v 0.064625 0.323844 0.029942
v 0.058172 0.333648 0.029919
v 0.050475 0.342277 0.029819
v 0.041515 0.349604 0.029638
v 0.031223 0.355565 0.029373
v 0.019514 0.360115 0.029017
v 0.068372 0.312676 0.030758
v 0.063165 0.323499 0.030803
v 0.056744 0.333290 0.030769
v 0.049113 0.341895 0.030647
v 0.040263 0.349182 0.030434
v 0.030134 0.355093 0.030134
v 0.018644 0.359589 0.029752
v 0.064050 0.311706 0.031456
v 0.058857 0.322513 0.031497
v 0.052517 0.332281 0.031454
v 0.045060 0.340843 0.031316
v 0.036510 0.348055 0.031078
v 0.026883 0.353859 0.030752
v 0.016147 0.358219 0.030356
v 0.056873 0.310106 0.031948
v 0.051693 0.320897 0.031985
v 0.045468 0.330654 0.031935
v 0.038257 0.339198 0.031787
v 0.030149 0.346369 0.031532
v 0.021340 0.352093 0.031191
v 0.011991 0.356312 0.030790
v 0.064037 0.208398 0.024748
v 0.065554 0.220929 0.025040
v 0.066629 0.233882 0.025340
v 0.067141 0.247075 0.025638
v 0.066971 0.260323 0.025921
v 0.065998 0.273445 0.026178
v 0.064101 0.286258 0.026399
v 0.069859 0.209201 0.025818
v 0.071606 0.221837 0.026119
v 0.072901 0.234907 0.026429
v 0.073619 0.248221 0.026737
v 0.073634 0.261588 0.027030
v 0.072822 0.274819 0.027296
v 0.071057 0.287722 0.027524
v 0.073335 0.209673 0.026863
v 0.075221 0.222373 0.027170
v 0.076648 0.235513 0.027486
v 0.077488 0.248900 0.027800
v 0.077615 0.262339 0.028099
v 0.076900 0.275634 0.028370
v 0.075215 0.288591 0.028602
v 0.074468 0.209815 0.027844
v 0.076400 0.222536 0.028153
v 0.077871 0.235701 0.028472
v 0.078752 0.249113 0.028787
v 0.078916 0.262575 0.029088
v 0.078233 0.275892 0.029361
v 0.076575 0.288867 0.029595
v 0.073258 0.209627 0.028722
v 0.075144 0.222329 0.029029
v 0.076571 0.235472 0.029346
v 0.077412 0.248860 0.029660
v 0.077539 0.262298 0.029959
v 0.076824 0.275593 0.030230
v 0.075140 0.288550 0.030462
v 0.069708 0.209110 0.029459
v 0.071456 0.221752 0.029760
v 0.072751 0.234826 0.030071
v 0.073469 0.248142 0.030379
v 0.073485 0.261510 0.030672
v 0.072674 0.274739 0.030938
v 0.070910 0.287641 0.031166
v 0.063819 0.208266 0.030015
v 0.065336 0.220806 0.030307
v 0.066412 0.233765 0.030607
v 0.066925 0.246960 0.030905
v 0.066756 0.260209 0.031189
v 0.065784 0.273331 0.031446
v 0.063889 0.286142 0.031666
v -0.046753 0.171715 0.019458
v -0.044270 0.162011 0.019372
v -0.041999 0.152750 0.019287
v -0.039960 0.144038 0.019202
v -0.038173 0.135984 0.019115
v -0.036657 0.128693 0.019023
v -0.035432 0.122274 0.018924
v -0.052168 0.171002 0.020030
v -0.049449 0.161328 0.019950
v -0.046951 0.152080 0.019871
v -0.044698 0.143373 0.019791
v -0.042712 0.135318 0.019709
v -0.041019 0.128031 0.019622
v -0.039642 0.121624 0.019530
v -0.055433 0.170560 0.020776
v -0.052573 0.160901 0.020699
v -0.049939 0.151659 0.020624
v -0.047556 0.142950 0.020547
v -0.045451 0.134892 0.020468
v -0.043651 0.127603 0.020384
v -0.042184 0.121200 0.020295
v -0.056547 0.170389 0.021657
v -0.053640 0.160732 0.021581
v -0.050960 0.151487 0.021506
v -0.048534 0.142773 0.021430
v -0.046389 0.134709 0.021352
v -0.044553 0.127414 0.021269
v -0.043054 0.121006 0.021181
v -0.055509 0.170492 0.022634
v -0.052649 0.160822 0.022557
v -0.050013 0.151567 0.022480
v -0.047629 0.142844 0.022403
v -0.045523 0.134771 0.022322
v -0.043722 0.127466 0.022238
v -0.042253 0.121047 0.022148
v -0.052317 0.170871 0.023668
v -0.049597 0.161175 0.023587
v -0.047097 0.151902 0.023506
v -0.044842 0.143166 0.023425
v -0.042854 0.135082 0.023341
v -0.041158 0.127764 0.023253
v -0.039779 0.121326 0.023158
v -0.046969 0.171526 0.024721
v -0.044483 0.161790 0.024633
v -0.042210 0.152493 0.024546
v -0.040169 0.143741 0.024459
v -0.038379 0.135644 0.024368
v -0.036859 0.128310 0.024274
v -0.035630 0.121846 0.024172
v -0.074746 0.256827 0.020194
v -0.070223 0.245812 0.020119
v -0.066051 0.234843 0.020033
v -0.062202 0.223950 0.019941
v -0.058645 0.213165 0.019843
v -0.055350 0.202517 0.019743
v -0.052288 0.192037 0.019644
v -0.081768 0.255328 0.020695
v -0.077113 0.244403 0.020627
v -0.072780 0.233542 0.020550
v -0.068746 0.222768 0.020467
v -0.064984 0.212103 0.020379
v -0.061469 0.201570 0.020290
v -0.058177 0.191191 0.020200
v -0.085997 0.254419 0.021398
v -0.081263 0.243549 0.021335
v -0.076834 0.232753 0.021263
v -0.072689 0.222050 0.021186
v -0.068804 0.211457 0.021104
v -0.065157 0.200992 0.021020
v -0.061727 0.190673 0.020937
v -0.087432 0.254102 0.022266
v -0.082672 0.243251 0.022204
v -0.078211 0.232477 0.022134
v -0.074029 0.221797 0.022058
v -0.070103 0.211227 0.021979
v -0.066413 0.200784 0.021897
v -0.062936 0.190483 0.021815
v -0.086072 0.254378 0.023258
v -0.081338 0.243509 0.023195
v -0.076910 0.232713 0.023123
v -0.072765 0.222009 0.023045
v -0.068880 0.211414 0.022964
v -0.065234 0.200946 0.022880
v -0.061804 0.190622 0.022796
v -0.081915 0.255247 0.024337
v -0.077260 0.244324 0.024269
v -0.072929 0.233463 0.024192
v -0.068895 0.222688 0.024108
v -0.065134 0.212020 0.024021
v -0.061619 0.201480 0.023930
v -0.058327 0.191092 0.023840
v -0.074959 0.256711 0.025462
v -0.070437 0.245697 0.025387
v -0.066266 0.234728 0.025301
v -0.062418 0.223834 0.025208
v -0.058861 0.213044 0.025110
v -0.055567 0.202387 0.025010
v -0.052505 0.191894 0.024910
v 0.047611 0.133873 0.022974
v 0.049380 0.140668 0.023204
v 0.051371 0.148151 0.023415
v 0.053514 0.156339 0.023615
v 0.055740 0.165249 0.023812
v 0.057976 0.174897 0.024016
v 0.060153 0.185299 0.024235
v 0.051759 0.134402 0.023989
v 0.053678 0.141222 0.024226
v 0.055845 0.148721 0.024443
v 0.058187 0.156921 0.024649
v 0.060626 0.165846 0.024852
v 0.063089 0.175517 0.025062
v 0.065501 0.185957 0.025288
v 0.054232 0.134693 0.025000
v 0.056241 0.141531 0.025241
v 0.058514 0.149042 0.025462
v 0.060973 0.157252 0.025672
v 0.063541 0.166187 0.025879
v 0.066140 0.175875 0.026093
v 0.068692 0.186340 0.026323
v 0.055032 0.134747 0.025968
v 0.057070 0.141596 0.026211
v 0.059378 0.149116 0.026434
v 0.061876 0.157333 0.026645
v 0.064487 0.166276 0.026854
v 0.067131 0.175972 0.027069
v 0.069730 0.186448 0.027300
v 0.054160 0.134568 0.026854
v 0.056167 0.141420 0.027097
v 0.058439 0.148944 0.027319
v 0.060898 0.157166 0.027529
v 0.063465 0.166112 0.027737
v 0.066064 0.175809 0.027951
v 0.068615 0.186282 0.028182
v 0.051617 0.134156 0.027621
v 0.053533 0.141004 0.027860
v 0.055699 0.148528 0.028078
v 0.058038 0.156752 0.028286
v 0.060477 0.165698 0.028490
v 0.062939 0.175388 0.028701
v 0.065350 0.185844 0.028928
v 0.047405 0.133514 0.028227
v 0.049171 0.140349 0.028460
v 0.051159 0.147870 0.028673
v 0.053301 0.156093 0.028875
v 0.055524 0.165034 0.029075
v 0.057759 0.174709 0.029280
v 0.059935 0.185134 0.029500
v -0.033892 0.112438 0.018702
v -0.033385 0.108993 0.018597
v -0.032785 0.106365 0.018519
v -0.031881 0.104420 0.018490
v -0.030484 0.103027 0.018522
v -0.028511 0.102067 0.018611
v -0.025869 0.101424 0.018736
v -0.037891 0.111862 0.019323
v -0.037311 0.108481 0.019223
v -0.036633 0.105926 0.019145
v -0.035628 0.104058 0.019107
v -0.034076 0.102738 0.019119
v -0.031798 0.101832 0.019175
v -0.028606 0.101209 0.019263
v -0.040306 0.111476 0.020096
v -0.039681 0.108130 0.019997
v -0.038958 0.105616 0.019914
v -0.037896 0.103791 0.019859
v -0.036256 0.102512 0.019843
v -0.033817 0.101636 0.019863
v -0.030356 0.101023 0.019917
v -0.041133 0.111285 0.020983
v -0.040493 0.107946 0.020881
v -0.039755 0.105442 0.020787
v -0.038674 0.103630 0.020711
v -0.037007 0.102363 0.020660
v -0.034523 0.101498 0.020642
v -0.030990 0.100889 0.020665
v -0.040372 0.111293 0.021945
v -0.039746 0.107934 0.021836
v -0.039021 0.105411 0.021728
v -0.037956 0.103581 0.021626
v -0.036314 0.102303 0.021538
v -0.033871 0.101431 0.021478
v -0.030407 0.100822 0.021465
v -0.038022 0.111505 0.022944
v -0.037438 0.108098 0.022824
v -0.036757 0.105525 0.022698
v -0.035747 0.103648 0.022567
v -0.034188 0.102329 0.022437
v -0.031903 0.101432 0.022328
v -0.028706 0.100819 0.022267
v -0.034082 0.111924 0.023940
v -0.033570 0.108443 0.023806
v -0.032965 0.105788 0.023658
v -0.032052 0.103829 0.023496
v -0.030647 0.102438 0.023321
v -0.028663 0.101492 0.023151
v -0.026011 0.100869 0.023017
v 0.104862 0.027403 0.023031
v 0.107755 0.025750 0.023244
v 0.110827 0.024907 0.023489
v 0.114165 0.024820 0.023784
v 0.117843 0.025437 0.024134
v 0.121959 0.026603 0.024523
v 0.126618 0.028139 0.024930
v 0.105914 0.024944 0.023723
v 0.109226 0.022885 0.024036
v 0.112577 0.021844 0.024359
v 0.116106 0.021684 0.024711
v 0.119934 0.022270 0.025101
v 0.124174 0.023418 0.025516
v 0.128939 0.024932 0.025940
v 0.106486 0.023348 0.024477
v 0.110029 0.021102 0.024856
v 0.113553 0.019969 0.025243
v 0.117207 0.019778 0.025647
v 0.121133 0.020354 0.026072
v 0.125455 0.021497 0.026509
v 0.130288 0.023000 0.026946
v 0.106604 0.022759 0.025256
v 0.110214 0.020468 0.025678
v 0.113793 0.019315 0.026112
v 0.117492 0.019119 0.026558
v 0.121456 0.019696 0.027012
v 0.125808 0.020841 0.027465
v 0.130668 0.022344 0.027910
v 0.106268 0.023285 0.026021
v 0.109807 0.021040 0.026468
v 0.113326 0.019909 0.026935
v 0.116979 0.019721 0.027411
v 0.120910 0.020303 0.027884
v 0.125239 0.021454 0.028346
v 0.130084 0.022965 0.028794
v 0.105490 0.024821 0.026721
v 0.108792 0.022764 0.027182
v 0.112134 0.021727 0.027672
v 0.115659 0.021573 0.028166
v 0.119494 0.022170 0.028648
v 0.123751 0.023333 0.029113
v 0.128539 0.024863 0.029557
v 0.104257 0.027227 0.027302
v 0.107128 0.025574 0.027775
v 0.110183 0.024735 0.028278
v 0.113516 0.024657 0.028782
v 0.117206 0.025290 0.029266
v 0.121346 0.026477 0.029726
v 0.126036 0.028038 0.030162
v 0.076843 0.071217 0.020873
v 0.079792 0.065577 0.020923
v 0.083282 0.059168 0.021045
v 0.087124 0.052403 0.021265
v 0.091118 0.045707 0.021591
v 0.095047 0.039495 0.021991
v 0.098700 0.034169 0.022414
v 0.075894 0.072149 0.021416
v 0.079003 0.066010 0.021518
v 0.082593 0.059224 0.021674
v 0.086515 0.052148 0.021905
v 0.090614 0.045152 0.022222
v 0.094731 0.038600 0.022599
v 0.098716 0.032850 0.023002
v 0.075147 0.072911 0.022075
v 0.078378 0.066430 0.022217
v 0.082071 0.059335 0.022406
v 0.086092 0.051976 0.022653
v 0.090306 0.044702 0.022962
v 0.094578 0.037864 0.023319
v 0.098776 0.031811 0.023703
v 0.074786 0.073194 0.022822
v 0.078059 0.066592 0.022993
v 0.081795 0.059373 0.023212
v 0.085863 0.051890 0.023473
v 0.090131 0.044495 0.023772
v 0.094468 0.037542 0.024105
v 0.098739 0.031382 0.024466
v 0.074912 0.072836 0.023616
v 0.078133 0.066350 0.023815
v 0.081817 0.059252 0.024059
v 0.085834 0.051892 0.024331
v 0.090053 0.044621 0.024616
v 0.094336 0.037788 0.024917
v 0.098547 0.031740 0.025245
v 0.075440 0.072003 0.024406
v 0.078526 0.065856 0.024638
v 0.082097 0.059063 0.024911
v 0.086012 0.051986 0.025193
v 0.090122 0.044994 0.025460
v 0.094262 0.038452 0.025721
v 0.098273 0.032713 0.025994
v 0.076200 0.071012 0.025136
v 0.079110 0.065358 0.025418
v 0.082570 0.058939 0.025728
v 0.086402 0.052172 0.026023
v 0.090412 0.045483 0.026275
v 0.094376 0.039285 0.026487
v 0.098072 0.033977 0.026679
v 0.237303 0.258635 0.028248
v 0.230607 0.256495 0.027750
v 0.223938 0.252158 0.027283
v 0.217279 0.245876 0.026868
v 0.210647 0.237918 0.026515
v 0.203992 0.228753 0.026210
v 0.197249 0.218900 0.025930
v 0.234519 0.263452 0.028666
v 0.226849 0.261665 0.028161
v 0.219587 0.257501 0.027703
v 0.212595 0.251282 0.027301
v 0.205768 0.243349 0.026957
v 0.199020 0.234186 0.026656
v 0.192268 0.224315 0.026380
v 0.232848 0.266690 0.029261
v 0.224643 0.264999 0.028765
v 0.217014 0.260849 0.028328
v 0.209794 0.254601 0.027947
v 0.202831 0.246642 0.027617
v 0.196017 0.237460 0.027325
v 0.189255 0.227570 0.027053
v 0.232251 0.267876 0.029993
v 0.223890 0.266186 0.029521
v 0.216140 0.262014 0.029117
v 0.208835 0.255737 0.028768
v 0.201820 0.247757 0.028459
v 0.194980 0.238563 0.028177
v 0.188215 0.228665 0.027909
v 0.232755 0.266711 0.030821
v 0.224547 0.265020 0.030391
v 0.216914 0.260871 0.030034
v 0.209689 0.254625 0.029725
v 0.202723 0.246666 0.029442
v 0.195908 0.237485 0.029173
v 0.189147 0.227596 0.028910
v 0.234340 0.263491 0.031693
v 0.226662 0.261706 0.031337
v 0.219390 0.257545 0.031044
v 0.212389 0.251328 0.030783
v 0.205558 0.243396 0.030530
v 0.198807 0.234235 0.030276
v 0.192055 0.224365 0.030017
v 0.237048 0.258691 0.032561
v 0.230337 0.256554 0.032323
v 0.223652 0.252221 0.032113
v 0.216983 0.245942 0.031905
v 0.210343 0.237987 0.031684
v 0.203685 0.228824 0.031445
v 0.196941 0.218972 0.031191
v 0.305103 0.194397 0.033100
v 0.298276 0.205825 0.032429
v 0.289997 0.217589 0.031690
v 0.280735 0.228975 0.030956
v 0.270987 0.239262 0.030282
v 0.261326 0.247903 0.029694
v 0.252315 0.254384 0.029194
v 0.307460 0.195269 0.033873
v 0.300241 0.207930 0.033215
v 0.291670 0.220453 0.032485
v 0.282144 0.232299 0.031742
v 0.272074 0.242912 0.031032
v 0.261902 0.251798 0.030374
v 0.252053 0.258479 0.029770
v 0.309177 0.195531 0.034707
v 0.301646 0.208946 0.034058
v 0.292785 0.222033 0.033335
v 0.282970 0.234304 0.032581
v 0.272580 0.245264 0.031836
v 0.262001 0.254441 0.031118
v 0.251619 0.261361 0.030442
v 0.309801 0.195571 0.035526
v 0.302150 0.209226 0.034895
v 0.293162 0.222526 0.034190
v 0.283212 0.234981 0.033439
v 0.272678 0.246103 0.032670
v 0.261942 0.255415 0.031913
v 0.251385 0.262442 0.031196
v 0.309085 0.195552 0.036266
v 0.301550 0.208967 0.035674
v 0.292686 0.222055 0.035007
v 0.282870 0.234326 0.034279
v 0.272481 0.245286 0.033508
v 0.261905 0.254462 0.032734
v 0.251527 0.261382 0.032000
v 0.307281 0.195308 0.036897
v 0.300054 0.207971 0.036371
v 0.291477 0.220495 0.035760
v 0.281948 0.232343 0.035067
v 0.271880 0.242954 0.034307
v 0.261715 0.251839 0.033530
v 0.251874 0.258518 0.032794
v 0.304849 0.194453 0.037409
v 0.298007 0.205884 0.036974
v 0.289717 0.217651 0.036425
v 0.280451 0.229038 0.035767
v 0.270707 0.239324 0.035018
v 0.261058 0.247962 0.034238
v 0.252060 0.254440 0.033503
v 0.295301 0.111600 0.033122
v 0.302051 0.121483 0.033403
v 0.307382 0.131755 0.033617
v 0.311168 0.142275 0.033769
v 0.313314 0.152889 0.033862
v 0.313854 0.163385 0.033887
v 0.312824 0.173597 0.033825
v 0.300190 0.106212 0.034296
v 0.306947 0.116114 0.034573
v 0.312231 0.126490 0.034773
v 0.315911 0.137232 0.034896
v 0.317875 0.148247 0.034940
v 0.318081 0.159491 0.034890
v 0.316486 0.170974 0.034721
v 0.303100 0.102986 0.035403
v 0.309865 0.112907 0.035676
v 0.315129 0.123364 0.035862
v 0.318762 0.134278 0.035958
v 0.320644 0.145588 0.035959
v 0.320696 0.157319 0.035850
v 0.318845 0.169521 0.035616
v 0.304033 0.101920 0.036404
v 0.310802 0.111849 0.036673
v 0.316061 0.122339 0.036846
v 0.319684 0.133321 0.036918
v 0.321549 0.144744 0.036880
v 0.321567 0.156640 0.036727
v 0.319657 0.169058 0.036453
v 0.302991 0.103012 0.037260
v 0.309756 0.112932 0.037524
v 0.315021 0.123388 0.037687
v 0.318657 0.134301 0.037737
v 0.320543 0.145610 0.037665
v 0.320600 0.157340 0.037477
v 0.318753 0.169541 0.037176
v 0.299977 0.106262 0.037932
v 0.306735 0.116163 0.038193
v 0.312021 0.126538 0.038346
v 0.315706 0.137278 0.038378
v 0.317678 0.148291 0.038281
v 0.317894 0.159533 0.038065
v 0.316307 0.171013 0.037748
v 0.294993 0.111672 0.038382
v 0.301744 0.121553 0.038638
v 0.307078 0.131824 0.038785
v 0.310871 0.142342 0.038807
v 0.313029 0.152952 0.038693
v 0.313584 0.163445 0.038460
v 0.312569 0.173654 0.038138
v 0.210658 0.054676 0.029070
v 0.222260 0.059626 0.029625
v 0.234006 0.065170 0.030197
v 0.245678 0.071321 0.030770
v 0.257057 0.078090 0.031330
v 0.267926 0.085493 0.031860
v 0.278066 0.093540 0.032345
v 0.214245 0.050026 0.030163
v 0.226053 0.054829 0.030730
v 0.238010 0.060241 0.031314
v 0.249890 0.066275 0.031901
v 0.261464 0.072943 0.032473
v 0.272507 0.080260 0.033014
v 0.282791 0.088238 0.033508
v 0.216373 0.047242 0.031222
v 0.228305 0.051957 0.031796
v 0.240389 0.057290 0.032388
v 0.252393 0.063253 0.032982
v 0.264085 0.069861 0.033561
v 0.275232 0.077126 0.034109
v 0.285603 0.085062 0.034609
v 0.217044 0.046323 0.032207
v 0.229018 0.051009 0.032783
v 0.241145 0.056315 0.033378
v 0.253191 0.062256 0.033975
v 0.264922 0.068843 0.034557
v 0.276104 0.076091 0.035107
v 0.286503 0.084013 0.035609
v 0.216260 0.047268 0.033080
v 0.228194 0.051984 0.033654
v 0.240280 0.057318 0.034247
v 0.252285 0.063281 0.034841
v 0.263978 0.069889 0.035420
v 0.275125 0.077154 0.035968
v 0.285495 0.085089 0.036468
v 0.214023 0.050077 0.033801
v 0.225836 0.054883 0.034369
v 0.237797 0.060296 0.034953
v 0.249679 0.066330 0.035540
v 0.261254 0.072998 0.036112
v 0.272297 0.080314 0.036653
v 0.282580 0.088291 0.037148
v 0.210336 0.054749 0.034333
v 0.221947 0.059704 0.034888
v 0.233698 0.065250 0.035460
v 0.245373 0.071401 0.036034
v 0.256753 0.078170 0.036594
v 0.267622 0.085570 0.037124
v 0.277760 0.093616 0.037609
v 0.123587 0.132320 0.022890
v 0.116429 0.125317 0.022604
v 0.109549 0.118721 0.022328
v 0.103028 0.112600 0.022064
v 0.096950 0.107025 0.021810
v 0.091399 0.102068 0.021568
v 0.086456 0.097797 0.021337
v 0.120251 0.136646 0.023440
v 0.113237 0.129456 0.023161
v 0.106481 0.122669 0.022892
v 0.100072 0.116363 0.022633
v 0.094093 0.110617 0.022386
v 0.088633 0.105508 0.022149
v 0.083776 0.101112 0.021925
v 0.118221 0.139245 0.024173
v 0.111290 0.131940 0.023898
v 0.104608 0.125038 0.023633
v 0.098262 0.118620 0.023377
v 0.092340 0.112769 0.023132
v 0.086932 0.107566 0.022899
v 0.082124 0.103094 0.022678
v 0.117499 0.140117 0.025049
v 0.110594 0.132771 0.024775
v 0.103932 0.125828 0.024510
v 0.097603 0.119370 0.024255
v 0.091696 0.113481 0.024011
v 0.086300 0.108244 0.023778
v 0.081504 0.103743 0.023558
v 0.118090 0.139260 0.026029
v 0.111150 0.131949 0.025754
v 0.104457 0.125039 0.025487
v 0.098099 0.118613 0.025230
v 0.092165 0.112753 0.024984
v 0.086743 0.107542 0.024749
v 0.081922 0.103060 0.024527
v 0.119995 0.136675 0.027075
v 0.112962 0.129472 0.026794
v 0.106186 0.122671 0.026523
v 0.099753 0.116350 0.026262
v 0.093750 0.110587 0.026012
v 0.088264 0.105460 0.025773
v 0.083382 0.101047 0.025545
v 0.123218 0.132362 0.028147
v 0.116033 0.125342 0.027859
v 0.109123 0.118725 0.027580
v 0.102569 0.112582 0.027313
v 0.096456 0.106984 0.027056
v 0.090868 0.102001 0.026810
v 0.085889 0.097705 0.026575
v 0.183257 0.199114 0.025369
v 0.175984 0.189690 0.025069
v 0.168576 0.180593 0.024759
v 0.161073 0.171813 0.024444
v 0.153517 0.163341 0.024125
v 0.145948 0.155164 0.023807
v 0.138408 0.147273 0.023493
v 0.178438 0.204440 0.025830
v 0.171309 0.194947 0.025539
v 0.164075 0.185765 0.025241
v 0.156767 0.176884 0.024938
v 0.149417 0.168294 0.024632
v 0.142058 0.159984 0.024327
v 0.134721 0.151944 0.024024
v 0.175523 0.207641 0.026510
v 0.168481 0.198107 0.026225
v 0.161351 0.188874 0.025933
v 0.154160 0.179933 0.025637
v 0.146934 0.171272 0.025339
v 0.139699 0.162882 0.025041
v 0.132482 0.154752 0.024746
v 0.174514 0.208718 0.027369
v 0.167502 0.199169 0.027086
v 0.160407 0.189920 0.026796
v 0.153254 0.180958 0.026502
v 0.146068 0.172274 0.026207
v 0.138874 0.163857 0.025911
v 0.131696 0.155696 0.025619
v 0.175415 0.207668 0.028368
v 0.168374 0.198134 0.028083
v 0.161244 0.188902 0.027792
v 0.154052 0.179961 0.027495
v 0.146824 0.171299 0.027197
v 0.139586 0.162908 0.026899
v 0.132365 0.154775 0.026603
v 0.178227 0.204493 0.029469
v 0.171099 0.195001 0.029179
v 0.163865 0.185820 0.028880
v 0.156555 0.176939 0.028577
v 0.149202 0.168348 0.028271
v 0.141837 0.160035 0.027965
v 0.134492 0.151990 0.027662
v 0.182952 0.199190 0.030633
v 0.175680 0.189768 0.030333
v 0.168271 0.180672 0.030023
v 0.160766 0.171893 0.029707
v 0.153206 0.163418 0.029388
v 0.145629 0.155238 0.029070
v 0.138078 0.147340 0.028754
v 0.137956 0.031649 0.025723
v 0.144719 0.033514 0.026097
v 0.152190 0.035530 0.026466
v 0.160347 0.037766 0.026839
v 0.169170 0.040293 0.027225
v 0.178637 0.043179 0.027633
v 0.188727 0.046493 0.028071
v 0.140470 0.028312 0.026753
v 0.147330 0.030059 0.027135
v 0.154902 0.031930 0.027511
v 0.163168 0.034002 0.027890
v 0.172111 0.036350 0.028283
v 0.181712 0.039051 0.028697
v 0.191952 0.042182 0.029143
v 0.141940 0.026307 0.027773
v 0.148860 0.027985 0.028159
v 0.156496 0.029770 0.028539
v 0.164830 0.031744 0.028923
v 0.173846 0.033987 0.029320
v 0.183528 0.036578 0.029739
v 0.193861 0.039600 0.030190
v 0.142369 0.025633 0.028743
v 0.149314 0.027290 0.029131
v 0.156974 0.029050 0.029513
v 0.165333 0.030993 0.029899
v 0.174377 0.033203 0.030297
v 0.184090 0.035760 0.030718
v 0.194455 0.038746 0.031170
v 0.141761 0.026290 0.029624
v 0.148693 0.027976 0.030012
v 0.156339 0.029769 0.030394
v 0.164683 0.031749 0.030778
v 0.173708 0.033998 0.031176
v 0.183399 0.036594 0.031595
v 0.193738 0.039620 0.032047
v 0.140119 0.028278 0.030379
v 0.147001 0.030041 0.030763
v 0.154594 0.031926 0.031141
v 0.162880 0.034011 0.031523
v 0.171841 0.036371 0.031917
v 0.181457 0.039082 0.032333
v 0.191711 0.042221 0.032780
v 0.137445 0.031599 0.030967
v 0.144241 0.033486 0.031345
v 0.151743 0.035523 0.031717
v 0.159929 0.037779 0.032093
v 0.168778 0.040322 0.032481
v 0.178268 0.043223 0.032891
v 0.188377 0.046550 0.033331
v 0.078715 0.091547 0.020912
v 0.075988 0.089387 0.020735
v 0.074015 0.087554 0.020603
v 0.072784 0.085798 0.020534
v 0.072275 0.083892 0.020540
v 0.072429 0.081703 0.020610
v 0.073192 0.079092 0.020725
v 0.076205 0.094717 0.021516
v 0.073570 0.092524 0.021346
v 0.071698 0.090660 0.021216
v 0.070584 0.088856 0.021140
v 0.070217 0.086852 0.021126
v 0.070572 0.084426 0.021166
v 0.071627 0.081350 0.021244
v 0.074649 0.096607 0.022278
v 0.072066 0.094393 0.022110
v 0.070253 0.092511 0.021975
v 0.069205 0.090680 0.021884
v 0.068918 0.088620 0.021842
v 0.069379 0.086070 0.021847
v 0.070579 0.082765 0.021893
v 0.074053 0.097220 0.023160
v 0.071484 0.094997 0.022989
v 0.069687 0.093106 0.022844
v 0.068660 0.091265 0.022731
v 0.068398 0.089189 0.022656
v 0.068892 0.086605 0.022623
v 0.070132 0.083241 0.022637
v 0.074422 0.096556 0.024123
v 0.071830 0.094335 0.023945
v 0.070010 0.092446 0.023785
v 0.068960 0.090610 0.023646
v 0.068676 0.088549 0.023533
v 0.069145 0.085999 0.023457
v 0.070350 0.082694 0.023436
v 0.075762 0.094617 0.025128
v 0.073107 0.092409 0.024938
v 0.071223 0.090534 0.024759
v 0.070105 0.088721 0.024591
v 0.069746 0.086713 0.024435
v 0.070114 0.084287 0.024310
v 0.071184 0.081213 0.024239
v 0.078077 0.091405 0.026137
v 0.075322 0.089223 0.025931
v 0.073329 0.087372 0.025729
v 0.072093 0.085604 0.025527
v 0.071594 0.083693 0.025324
v 0.071771 0.081504 0.025138
v 0.072561 0.078897 0.024994
v 0.074414 -0.071169 0.023624
v 0.074426 -0.074502 0.023806
v 0.075229 -0.077586 0.024037
v 0.076818 -0.080523 0.024334
v 0.079184 -0.083403 0.024701
v 0.082245 -0.086388 0.025119
v 0.085898 -0.089658 0.025563
v 0.072800 -0.073316 0.024266
v 0.072668 -0.077216 0.024540
v 0.073437 -0.080642 0.024845
v 0.075056 -0.083781 0.025198
v 0.077470 -0.086806 0.025604
v 0.080577 -0.089908 0.026047
v 0.084263 -0.093281 0.026508
v 0.071690 -0.074617 0.024987
v 0.071510 -0.078811 0.025323
v 0.072284 -0.082433 0.025691
v 0.073939 -0.085696 0.026095
v 0.076394 -0.088812 0.026536
v 0.079536 -0.091987 0.027002
v 0.083247 -0.095425 0.027476
v 0.071224 -0.075021 0.025754
v 0.071039 -0.079296 0.026132
v 0.071822 -0.082976 0.026546
v 0.073495 -0.086281 0.026993
v 0.075968 -0.089429 0.027463
v 0.079127 -0.092629 0.027945
v 0.082851 -0.096091 0.028427
v 0.071497 -0.074474 0.026529
v 0.071315 -0.078665 0.026933
v 0.072088 -0.082283 0.027381
v 0.073743 -0.085544 0.027857
v 0.076204 -0.088661 0.028346
v 0.079357 -0.091839 0.028838
v 0.083080 -0.095283 0.029322
v 0.072425 -0.073039 0.027260
v 0.072287 -0.076930 0.027682
v 0.073051 -0.080348 0.028154
v 0.074672 -0.083482 0.028649
v 0.077098 -0.086509 0.029148
v 0.080225 -0.089618 0.029641
v 0.083936 -0.093003 0.030123
v 0.073880 -0.070773 0.027890
v 0.073876 -0.074090 0.028331
v 0.074668 -0.077160 0.028821
v 0.076259 -0.080090 0.029327
v 0.078643 -0.082973 0.029828
v 0.081733 -0.085969 0.030317
v 0.085422 -0.089254 0.030792
v 0.098373 -0.024976 0.022349
v 0.094964 -0.030350 0.022285
v 0.091159 -0.036579 0.022277
v 0.087220 -0.043290 0.022360
v 0.083414 -0.050100 0.022551
v 0.079993 -0.056613 0.022825
v 0.077202 -0.062443 0.023142
v 0.098695 -0.023693 0.022909
v 0.094933 -0.029456 0.022887
v 0.090851 -0.035960 0.022905
v 0.086682 -0.042896 0.022994
v 0.082669 -0.049947 0.023169
v 0.079049 -0.056792 0.023415
v 0.076057 -0.063122 0.023702
v 0.098969 -0.022671 0.023584
v 0.094971 -0.028711 0.023594
v 0.090673 -0.035459 0.023639
v 0.086308 -0.042623 0.023737
v 0.082112 -0.049912 0.023899
v 0.078322 -0.057035 0.024118
v 0.075174 -0.063700 0.024381
v 0.099019 -0.022224 0.024336
v 0.094937 -0.028362 0.024373
v 0.090552 -0.035209 0.024445
v 0.086103 -0.042476 0.024555
v 0.081831 -0.049872 0.024705
v 0.077974 -0.057108 0.024897
v 0.074770 -0.063891 0.025135
v 0.098757 -0.022520 0.025123
v 0.094750 -0.028554 0.025189
v 0.090442 -0.035296 0.025290
v 0.086075 -0.042458 0.025413
v 0.081884 -0.049750 0.025551
v 0.078106 -0.056879 0.025714
v 0.074970 -0.063552 0.025921
v 0.098286 -0.023401 0.025896
v 0.094503 -0.029150 0.026003
v 0.090403 -0.035641 0.026138
v 0.086228 -0.042573 0.026277
v 0.082226 -0.049631 0.026403
v 0.078628 -0.056490 0.026531
v 0.075661 -0.062836 0.026690
v 0.097794 -0.024561 0.026606
v 0.094349 -0.029911 0.026773
v 0.090517 -0.036120 0.026953
v 0.086570 -0.042825 0.027111
v 0.082780 -0.049645 0.027228
v 0.079392 -0.056179 0.027315
v 0.076642 -0.062037 0.027401
v 0.340744 -0.070272 0.033816
v 0.335551 -0.065540 0.033265
v 0.328470 -0.061929 0.032701
v 0.319709 -0.059301 0.032147
v 0.309509 -0.057534 0.031621
v 0.298252 -0.056351 0.031117
v 0.286354 -0.055437 0.030624
v 0.343514 -0.065457 0.034331
v 0.338140 -0.059704 0.033781
v 0.330912 -0.055493 0.033228
v 0.322038 -0.052545 0.032688
v 0.311762 -0.050597 0.032170
v 0.300460 -0.049333 0.031671
v 0.288542 -0.048419 0.031181
v 0.345471 -0.062396 0.034992
v 0.339912 -0.056133 0.034451
v 0.332512 -0.051597 0.033919
v 0.323499 -0.048466 0.033400
v 0.313132 -0.046413 0.032896
v 0.301780 -0.045101 0.032404
v 0.289842 -0.044189 0.031918
v 0.346185 -0.061293 0.035748
v 0.340549 -0.054893 0.035231
v 0.333068 -0.050265 0.034731
v 0.323988 -0.047075 0.034243
v 0.313576 -0.044987 0.033759
v 0.302200 -0.043660 0.033278
v 0.290252 -0.042749 0.032796
v 0.345413 -0.062320 0.036551
v 0.339852 -0.056054 0.036077
v 0.332449 -0.051515 0.035625
v 0.323434 -0.048380 0.035178
v 0.313065 -0.046325 0.034721
v 0.301713 -0.045012 0.034253
v 0.289775 -0.044100 0.033775
v 0.343403 -0.065311 0.037358
v 0.338023 -0.059551 0.036956
v 0.330789 -0.055332 0.036569
v 0.321910 -0.052377 0.036170
v 0.311631 -0.050425 0.035743
v 0.300329 -0.049158 0.035290
v 0.288411 -0.048244 0.034818
v 0.340585 -0.070064 0.038129
v 0.335383 -0.065319 0.037838
v 0.328292 -0.061696 0.037531
v 0.319524 -0.059058 0.037185
v 0.309320 -0.057285 0.036789
v 0.298062 -0.056099 0.036352
v 0.286165 -0.055183 0.035885
v 0.318951 -0.161153 0.037404
v 0.325442 -0.149519 0.036964
v 0.331500 -0.136460 0.036462
v 0.336739 -0.122739 0.035954
v 0.340782 -0.109148 0.035485
v 0.343442 -0.096455 0.035065
v 0.344555 -0.085406 0.034690
v 0.320870 -0.162764 0.038199
v 0.328233 -0.150175 0.037797
v 0.334802 -0.136485 0.037318
v 0.340307 -0.122305 0.036811
v 0.344471 -0.108271 0.036312
v 0.347088 -0.095012 0.035827
v 0.347958 -0.083137 0.035351
v 0.321941 -0.164128 0.039040
v 0.329799 -0.150892 0.038662
v 0.336712 -0.136667 0.038202
v 0.342439 -0.122025 0.037693
v 0.346746 -0.107540 0.037165
v 0.349412 -0.093784 0.036626
v 0.350224 -0.081327 0.036083
v 0.322272 -0.164656 0.039860
v 0.330279 -0.151196 0.039506
v 0.337311 -0.136755 0.039068
v 0.343130 -0.121904 0.038565
v 0.347505 -0.107213 0.038016
v 0.350212 -0.093253 0.037441
v 0.351028 -0.080591 0.036859
v 0.321883 -0.164052 0.040598
v 0.329740 -0.150814 0.040278
v 0.336650 -0.136587 0.039874
v 0.342377 -0.121943 0.039391
v 0.346684 -0.107459 0.038837
v 0.349352 -0.093706 0.038243
v 0.350166 -0.081251 0.037641
v 0.320758 -0.162618 0.041223
v 0.328116 -0.150023 0.040952
v 0.334681 -0.136327 0.040593
v 0.340184 -0.122144 0.040136
v 0.344350 -0.108113 0.039586
v 0.346972 -0.094860 0.038983
v 0.347846 -0.082991 0.038376
v 0.318792 -0.160945 0.041714
v 0.325275 -0.149300 0.041509
v 0.331325 -0.136231 0.041197
v 0.336561 -0.122507 0.040765
v 0.340607 -0.108919 0.040220
v 0.343274 -0.096236 0.039610
v 0.344396 -0.085198 0.039000
v 0.242367 -0.194068 0.035688
v 0.254294 -0.194974 0.036183
v 0.265850 -0.194456 0.036617
v 0.276848 -0.192474 0.036993
v 0.287108 -0.189026 0.037310
v 0.296465 -0.184246 0.037555
v 0.304792 -0.178245 0.037704
v 0.240127 -0.201007 0.036755
v 0.252074 -0.201909 0.037246
v 0.263695 -0.201298 0.037669
v 0.274834 -0.199114 0.038020
v 0.285351 -0.195307 0.038296
v 0.295189 -0.189863 0.038481
v 0.304335 -0.182737 0.038550
v 0.238769 -0.205150 0.037797
v 0.250736 -0.206050 0.038285
v 0.262418 -0.205381 0.038696
v 0.273682 -0.203070 0.039024
v 0.284415 -0.199044 0.039262
v 0.294599 -0.193222 0.039399
v 0.304241 -0.185515 0.039417
v 0.238294 -0.206501 0.038777
v 0.250269 -0.207400 0.039261
v 0.261979 -0.206710 0.039659
v 0.273297 -0.204357 0.039964
v 0.284120 -0.200259 0.040167
v 0.294431 -0.194324 0.040262
v 0.304231 -0.186457 0.040245
v 0.238702 -0.205061 0.039655
v 0.250669 -0.205961 0.040134
v 0.262351 -0.205293 0.040521
v 0.273616 -0.202984 0.040802
v 0.284352 -0.198962 0.040969
v 0.294539 -0.193143 0.041025
v 0.304184 -0.185440 0.040977
v 0.239996 -0.200832 0.040391
v 0.251942 -0.201735 0.040866
v 0.263565 -0.201126 0.041242
v 0.274706 -0.198947 0.041502
v 0.285228 -0.195146 0.041637
v 0.295072 -0.189709 0.041656
v 0.304224 -0.182591 0.041577
v 0.242178 -0.193815 0.040948
v 0.254104 -0.194722 0.041418
v 0.265661 -0.194207 0.041786
v 0.276664 -0.192232 0.042031
v 0.286931 -0.188793 0.042141
v 0.296297 -0.184025 0.042128
v 0.304633 -0.178037 0.042017
v 0.150828 -0.149200 0.030352
v 0.160906 -0.156776 0.031024
v 0.171570 -0.164181 0.031724
v 0.182721 -0.171218 0.032439
v 0.194263 -0.177692 0.033153
v 0.206097 -0.183407 0.033850
v 0.218127 -0.188167 0.034515
v 0.148576 -0.154642 0.031352
v 0.158629 -0.162470 0.032033
v 0.169284 -0.170123 0.032744
v 0.180438 -0.177399 0.033469
v 0.191990 -0.184092 0.034193
v 0.203837 -0.190001 0.034900
v 0.215878 -0.194921 0.035573
v 0.147210 -0.157887 0.032355
v 0.157249 -0.165866 0.033041
v 0.167899 -0.173669 0.033758
v 0.179054 -0.181088 0.034490
v 0.190612 -0.187914 0.035221
v 0.202467 -0.193938 0.035933
v 0.214515 -0.198954 0.036610
v 0.146731 -0.158936 0.033321
v 0.156767 -0.166967 0.034009
v 0.167415 -0.174821 0.034729
v 0.178571 -0.182287 0.035463
v 0.190130 -0.189157 0.036196
v 0.201988 -0.195220 0.036910
v 0.214038 -0.200268 0.037589
v 0.147141 -0.157793 0.034213
v 0.157183 -0.165774 0.034899
v 0.167834 -0.173579 0.035617
v 0.178990 -0.180998 0.036349
v 0.190548 -0.187824 0.037079
v 0.202402 -0.193849 0.037792
v 0.214449 -0.198865 0.038469
v 0.148441 -0.154459 0.034990
v 0.158500 -0.162290 0.035671
v 0.169157 -0.169946 0.036383
v 0.180313 -0.177223 0.037109
v 0.191864 -0.183917 0.037833
v 0.203710 -0.189826 0.038539
v 0.215750 -0.194747 0.039212
v 0.150632 -0.148935 0.035615
v 0.160718 -0.156516 0.036287
v 0.171386 -0.163924 0.036988
v 0.182540 -0.170963 0.037703
v 0.194081 -0.177438 0.038417
v 0.205914 -0.183154 0.039114
v 0.217942 -0.187914 0.039779
v 0.174613 -0.034917 0.025693
v 0.164976 -0.032218 0.025253
v 0.155829 -0.029556 0.024832
v 0.147273 -0.026968 0.024433
v 0.139412 -0.024490 0.024056
v 0.132348 -0.022159 0.023704
v 0.126184 -0.020013 0.023378
v 0.176680 -0.029870 0.026330
v 0.166951 -0.027389 0.025893
v 0.157702 -0.024931 0.025475
v 0.149042 -0.022531 0.025077
v 0.141082 -0.020225 0.024703
v 0.133932 -0.018049 0.024353
v 0.127702 -0.016040 0.024032
v 0.177901 -0.026819 0.027115
v 0.168115 -0.024468 0.026680
v 0.158802 -0.022131 0.026262
v 0.150077 -0.019842 0.025866
v 0.142055 -0.017638 0.025492
v 0.134849 -0.015554 0.025144
v 0.128577 -0.013625 0.024824
v 0.178278 -0.025767 0.028008
v 0.168470 -0.023458 0.027573
v 0.159132 -0.021159 0.027156
v 0.150380 -0.018905 0.026759
v 0.142332 -0.016733 0.026385
v 0.135104 -0.014677 0.026037
v 0.128813 -0.012772 0.025717
v 0.177813 -0.026716 0.028971
v 0.168018 -0.024360 0.028535
v 0.158693 -0.022017 0.028116
v 0.149955 -0.019722 0.027718
v 0.141919 -0.017511 0.027343
v 0.134699 -0.015420 0.026993
v 0.128413 -0.013485 0.026672
v 0.176509 -0.029668 0.029964
v 0.166761 -0.027177 0.029525
v 0.157489 -0.024708 0.029105
v 0.148804 -0.022296 0.028705
v 0.140817 -0.019977 0.028327
v 0.133639 -0.017788 0.027975
v 0.127381 -0.015765 0.027650
v 0.174367 -0.034625 0.030950
v 0.164702 -0.031912 0.030507
v 0.155522 -0.029234 0.030083
v 0.146931 -0.026628 0.029679
v 0.139031 -0.024132 0.029299
v 0.131928 -0.021783 0.028942
v 0.125723 -0.019617 0.028612
v 0.262237 -0.053209 0.029634
v 0.250446 -0.051621 0.029129
v 0.238871 -0.049752 0.028621
v 0.227524 -0.047642 0.028114
v 0.216415 -0.045333 0.027610
v 0.205557 -0.042865 0.027113
v 0.194960 -0.040279 0.026626
v 0.264429 -0.046377 0.030201
v 0.252650 -0.044949 0.029704
v 0.241089 -0.043273 0.029206
v 0.229751 -0.041383 0.028709
v 0.218644 -0.039311 0.028215
v 0.207775 -0.037091 0.027728
v 0.197150 -0.034755 0.027250
v 0.265730 -0.042258 0.030943
v 0.253959 -0.040926 0.030452
v 0.242405 -0.039366 0.029959
v 0.231073 -0.037607 0.029468
v 0.219967 -0.035678 0.028981
v 0.209090 -0.033606 0.028500
v 0.198448 -0.031420 0.028027
v 0.266141 -0.040855 0.031824
v 0.254373 -0.039555 0.031333
v 0.242822 -0.038033 0.030843
v 0.231492 -0.036318 0.030354
v 0.220385 -0.034436 0.029869
v 0.209505 -0.032413 0.029390
v 0.198856 -0.030275 0.028919
v 0.265665 -0.042169 0.032802
v 0.253894 -0.040837 0.032310
v 0.242341 -0.039277 0.031818
v 0.231008 -0.037517 0.031327
v 0.219901 -0.035587 0.030840
v 0.209022 -0.033513 0.030358
v 0.198375 -0.031324 0.029885
v 0.264301 -0.046202 0.033840
v 0.252524 -0.044774 0.033343
v 0.240963 -0.043098 0.032845
v 0.229624 -0.041206 0.032348
v 0.218515 -0.039132 0.031854
v 0.207640 -0.036909 0.031366
v 0.197007 -0.034568 0.030887
v 0.262052 -0.052956 0.034898
v 0.250263 -0.051368 0.034393
v 0.238690 -0.049498 0.033886
v 0.227341 -0.047387 0.033378
v 0.216229 -0.045075 0.032873
v 0.205363 -0.042602 0.032375
v 0.194755 -0.040009 0.031887
v 0.094593 -0.097728 0.026442
v 0.099583 -0.102656 0.026862
v 0.105058 -0.108120 0.027282
v 0.111067 -0.114069 0.027711
v 0.117660 -0.120449 0.028160
v 0.124885 -0.127208 0.028638
v 0.132793 -0.134292 0.029157
v 0.092942 -0.101584 0.027405
v 0.097878 -0.106654 0.027831
v 0.103278 -0.112279 0.028255
v 0.109199 -0.118404 0.028687
v 0.115697 -0.124978 0.029138
v 0.122830 -0.131944 0.029620
v 0.130654 -0.139250 0.030143
v 0.091922 -0.103869 0.028384
v 0.096829 -0.109026 0.028814
v 0.102186 -0.114748 0.029240
v 0.108056 -0.120981 0.029674
v 0.114500 -0.127671 0.030128
v 0.121578 -0.134764 0.030612
v 0.129353 -0.142204 0.031138
v 0.091535 -0.104587 0.029341
v 0.096436 -0.109775 0.029772
v 0.101784 -0.115532 0.030199
v 0.107640 -0.121802 0.030635
v 0.114069 -0.128533 0.031089
v 0.121132 -0.135669 0.031574
v 0.128893 -0.143155 0.032101
v 0.091783 -0.103740 0.030235
v 0.096703 -0.108903 0.030666
v 0.102072 -0.114631 0.031094
v 0.107953 -0.120869 0.031529
v 0.114406 -0.127564 0.031984
v 0.121493 -0.134661 0.032468
v 0.129275 -0.142105 0.032995
v 0.092669 -0.101330 0.031029
v 0.097630 -0.106412 0.031458
v 0.103054 -0.112048 0.031884
v 0.108995 -0.118185 0.032318
v 0.115513 -0.124767 0.032772
v 0.122662 -0.131742 0.033255
v 0.130500 -0.139056 0.033780
v 0.094196 -0.097360 0.031684
v 0.099222 -0.102305 0.032108
v 0.104730 -0.107786 0.032531
v 0.110770 -0.113750 0.032964
v 0.117391 -0.120144 0.033415
v 0.124641 -0.126915 0.033896
v 0.132569 -0.134010 0.034417
v 0.116909 -0.016431 0.022814
v 0.113678 -0.015148 0.022589
v 0.111107 -0.014355 0.022417
v 0.108972 -0.014166 0.022310
v 0.107068 -0.014679 0.022274
v 0.105248 -0.015908 0.022299
v 0.103367 -0.017875 0.022361
v 0.118386 -0.012678 0.023481
v 0.115173 -0.011491 0.023262
v 0.112626 -0.010801 0.023091
v 0.110509 -0.010738 0.022976
v 0.108590 -0.011422 0.022920
v 0.106666 -0.012943 0.022910
v 0.104530 -0.015395 0.022925
v 0.119230 -0.010392 0.024281
v 0.116025 -0.009261 0.024063
v 0.113491 -0.008631 0.023887
v 0.111383 -0.008639 0.023756
v 0.109457 -0.009419 0.023672
v 0.107480 -0.011094 0.023624
v 0.105218 -0.013786 0.023602
v 0.119446 -0.009578 0.025174
v 0.116240 -0.008464 0.024954
v 0.113707 -0.007852 0.024768
v 0.111601 -0.007882 0.024615
v 0.109674 -0.008693 0.024496
v 0.107685 -0.010413 0.024410
v 0.105393 -0.013168 0.024355
v 0.119038 -0.010239 0.026124
v 0.115822 -0.009103 0.025896
v 0.113280 -0.008470 0.025695
v 0.111168 -0.008478 0.025517
v 0.109244 -0.009262 0.025360
v 0.107271 -0.010942 0.025232
v 0.105014 -0.013638 0.025143
v 0.118011 -0.012378 0.027090
v 0.114775 -0.011182 0.026851
v 0.112212 -0.010486 0.026631
v 0.110088 -0.010423 0.026423
v 0.108172 -0.011115 0.026225
v 0.106258 -0.012646 0.026049
v 0.104133 -0.015108 0.025916
v 0.116369 -0.015999 0.028034
v 0.113106 -0.014702 0.027780
v 0.110511 -0.013900 0.027537
v 0.108365 -0.013712 0.027296
v 0.106465 -0.014234 0.027053
v 0.104662 -0.015480 0.026821
v 0.102803 -0.017466 0.026624
v -0.026162 -0.094101 0.022125
v -0.029045 -0.095780 0.022237
v -0.031318 -0.098019 0.022405
v -0.033072 -0.100866 0.022643
v -0.034388 -0.104360 0.022952
v -0.035449 -0.108507 0.023311
v -0.036461 -0.113309 0.023692
v -0.028840 -0.093783 0.022721
v -0.032288 -0.095621 0.022913
v -0.034875 -0.098003 0.023147
v -0.036789 -0.100978 0.023436
v -0.038208 -0.104585 0.023782
v -0.039348 -0.108831 0.024164
v -0.040433 -0.113714 0.024559
v -0.030535 -0.093479 0.023413
v -0.034262 -0.095423 0.023661
v -0.037018 -0.097908 0.023954
v -0.039023 -0.100977 0.024292
v -0.040501 -0.104665 0.024671
v -0.041686 -0.108978 0.025074
v -0.042816 -0.113915 0.025480
v -0.031132 -0.093284 0.024171
v -0.034933 -0.095266 0.024459
v -0.037735 -0.097788 0.024798
v -0.039768 -0.100894 0.025177
v -0.041265 -0.104614 0.025584
v -0.042465 -0.108955 0.026003
v -0.043608 -0.113915 0.026417
v -0.030536 -0.093255 0.024958
v -0.034263 -0.095197 0.025274
v -0.037018 -0.097679 0.025647
v -0.039022 -0.100748 0.026057
v -0.040499 -0.104442 0.026484
v -0.041682 -0.108766 0.026912
v -0.042810 -0.113717 0.027329
v -0.028843 -0.093348 0.025720
v -0.032289 -0.095178 0.026060
v -0.034875 -0.097553 0.026461
v -0.036787 -0.100529 0.026893
v -0.038204 -0.104148 0.027331
v -0.039340 -0.108416 0.027763
v -0.040423 -0.113326 0.028179
v -0.026166 -0.093480 0.026398
v -0.029048 -0.095140 0.026770
v -0.031319 -0.097366 0.027196
v -0.033069 -0.100213 0.027643
v -0.034382 -0.103724 0.028086
v -0.035439 -0.107903 0.028517
v -0.036447 -0.112744 0.028927
v 0.025835 -0.091736 0.021842
v 0.019479 -0.091471 0.021662
v 0.012184 -0.091290 0.021520
v 0.004402 -0.091236 0.021458
v -0.003401 -0.091348 0.021503
v -0.010755 -0.091645 0.021637
v -0.017205 -0.092147 0.021828
v 0.027096 -0.091379 0.022430
v 0.020226 -0.091003 0.022283
v 0.012554 -0.090720 0.022161
v 0.004462 -0.090580 0.022099
v -0.003653 -0.090633 0.022123
v -0.011394 -0.090923 0.022221
v -0.018376 -0.091500 0.022373
v 0.028106 -0.091111 0.023126
v 0.020877 -0.090670 0.023005
v 0.012885 -0.090322 0.022904
v 0.004497 -0.090126 0.022848
v -0.003914 -0.090140 0.022853
v -0.011980 -0.090422 0.022919
v -0.019330 -0.091031 0.023039
v 0.028504 -0.090938 0.023887
v 0.021148 -0.090473 0.023791
v 0.013026 -0.090100 0.023715
v 0.004507 -0.089883 0.023668
v -0.004036 -0.089884 0.023659
v -0.012232 -0.090164 0.023696
v -0.019711 -0.090784 0.023788
v 0.028102 -0.090867 0.024667
v 0.020873 -0.090415 0.024603
v 0.012880 -0.090057 0.024558
v 0.004493 -0.089857 0.024527
v -0.003919 -0.089877 0.024507
v -0.011984 -0.090171 0.024518
v -0.019333 -0.090795 0.024581
v 0.027089 -0.090907 0.025421
v 0.020218 -0.090506 0.025404
v 0.012545 -0.090203 0.025399
v 0.004454 -0.090056 0.025388
v -0.003660 -0.090121 0.025362
v -0.011400 -0.090437 0.025343
v -0.018381 -0.091042 0.025366
v 0.025826 -0.091067 0.026106
v 0.019468 -0.090762 0.026157
v 0.012173 -0.090550 0.026203
v 0.004391 -0.090486 0.026217
v -0.003411 -0.090615 0.026187
v -0.010764 -0.090950 0.026134
v -0.017212 -0.091499 0.026094
v 0.107630 -0.324373 0.032639
v 0.109140 -0.317505 0.032182
v 0.108735 -0.309562 0.031684
v 0.106639 -0.300656 0.031176
v 0.103077 -0.290935 0.030675
v 0.098480 -0.280591 0.030183
v 0.093330 -0.269826 0.029695
v 0.113175 -0.324369 0.033258
v 0.115478 -0.316834 0.032821
v 0.115518 -0.308463 0.032348
v 0.113642 -0.299299 0.031860
v 0.110199 -0.289422 0.031371
v 0.105650 -0.278998 0.030885
v 0.100489 -0.268217 0.030401
v 0.116791 -0.324539 0.033985
v 0.119443 -0.316588 0.033568
v 0.119678 -0.307907 0.033122
v 0.117891 -0.298532 0.032658
v 0.114493 -0.288523 0.032186
v 0.109960 -0.278033 0.031708
v 0.104787 -0.267234 0.031228
v 0.118089 -0.324613 0.034764
v 0.120820 -0.316527 0.034374
v 0.121095 -0.307730 0.033963
v 0.119324 -0.298267 0.033531
v 0.115933 -0.288203 0.033079
v 0.111401 -0.277684 0.032612
v 0.106223 -0.266878 0.032136
v 0.116799 -0.324466 0.035545
v 0.119451 -0.316512 0.035196
v 0.119686 -0.307828 0.034830
v 0.117900 -0.298449 0.034438
v 0.114501 -0.288439 0.034012
v 0.109969 -0.277948 0.033558
v 0.104797 -0.267149 0.033086
v 0.113189 -0.324228 0.036287
v 0.115492 -0.316686 0.035999
v 0.115533 -0.308308 0.035692
v 0.113659 -0.299138 0.035344
v 0.110216 -0.289257 0.034947
v 0.105668 -0.278832 0.034507
v 0.100507 -0.268050 0.034041
v 0.107650 -0.324172 0.036956
v 0.109162 -0.317292 0.036758
v 0.108758 -0.309337 0.036518
v 0.106663 -0.300422 0.036217
v 0.103101 -0.290696 0.035847
v 0.098505 -0.280350 0.035422
v 0.093356 -0.269585 0.034960
v 0.017985 -0.350982 0.034306
v 0.031311 -0.350782 0.034116
v 0.045656 -0.349492 0.033893
v 0.060164 -0.347162 0.033678
v 0.073962 -0.343862 0.033497
v 0.086288 -0.339814 0.033345
v 0.096417 -0.335250 0.033202
v 0.017535 -0.353457 0.035068
v 0.032123 -0.353534 0.034938
v 0.047270 -0.352371 0.034752
v 0.062309 -0.350043 0.034547
v 0.076551 -0.346626 0.034346
v 0.089347 -0.342258 0.034141
v 0.100072 -0.337068 0.033914
v 0.016874 -0.355074 0.035882
v 0.032270 -0.355257 0.035790
v 0.048051 -0.354125 0.035634
v 0.063601 -0.351758 0.035438
v 0.078305 -0.348238 0.035216
v 0.091558 -0.343663 0.034969
v 0.102759 -0.338132 0.034686
v 0.016567 -0.355632 0.036691
v 0.032231 -0.355832 0.036627
v 0.048258 -0.354696 0.036499
v 0.064035 -0.352304 0.036313
v 0.078952 -0.348741 0.036076
v 0.092403 -0.344098 0.035795
v 0.103784 -0.338468 0.035479
v 0.016881 -0.355001 0.037442
v 0.032278 -0.355181 0.037407
v 0.048059 -0.354047 0.037308
v 0.063609 -0.351679 0.037137
v 0.078313 -0.348160 0.036890
v 0.091566 -0.343588 0.036586
v 0.102766 -0.338059 0.036246
v 0.017549 -0.353316 0.038095
v 0.032138 -0.353386 0.038096
v 0.047285 -0.352218 0.038030
v 0.062325 -0.349887 0.037875
v 0.076566 -0.346473 0.037623
v 0.089362 -0.342110 0.037299
v 0.100086 -0.336927 0.036941
v 0.018005 -0.350781 0.038619
v 0.031332 -0.350569 0.038664
v 0.045678 -0.349271 0.038632
v 0.060187 -0.346938 0.038492
v 0.073984 -0.343641 0.038235
v 0.086310 -0.339602 0.037893
v 0.096438 -0.335049 0.037515
v -0.048783 -0.301109 0.031815
v -0.043611 -0.311894 0.032305
v -0.037391 -0.321646 0.032763
v -0.030182 -0.330183 0.033193
v -0.022071 -0.337346 0.033594
v -0.013257 -0.343060 0.033949
v -0.003900 -0.347271 0.034233
v -0.055931 -0.302648 0.032734
v -0.050746 -0.313450 0.033221
v -0.044412 -0.323212 0.033669
v -0.036957 -0.331768 0.034079
v -0.028406 -0.338975 0.034446
v -0.018775 -0.344773 0.034756
v -0.008033 -0.349130 0.034984
v -0.060216 -0.303555 0.033689
v -0.055019 -0.314372 0.034172
v -0.048604 -0.324157 0.034609
v -0.040977 -0.332758 0.034998
v -0.032128 -0.340042 0.035333
v -0.021996 -0.345950 0.035603
v -0.010501 -0.350446 0.035793
v -0.061642 -0.303828 0.034640
v -0.056439 -0.314652 0.035118
v -0.049993 -0.324451 0.035545
v -0.042300 -0.333077 0.035911
v -0.033343 -0.340402 0.036212
v -0.023050 -0.346364 0.036443
v -0.011338 -0.350916 0.036601
v -0.060207 -0.303470 0.035548
v -0.055010 -0.314287 0.036022
v -0.048596 -0.324073 0.036436
v -0.040968 -0.332676 0.036778
v -0.032119 -0.339962 0.037041
v -0.021988 -0.345874 0.037230
v -0.010494 -0.350373 0.037354
v -0.055912 -0.302482 0.036374
v -0.050728 -0.313283 0.036843
v -0.044395 -0.323047 0.037245
v -0.036940 -0.331607 0.037564
v -0.028390 -0.338819 0.037790
v -0.018760 -0.344625 0.037933
v -0.008019 -0.348989 0.038013
v -0.048757 -0.300868 0.037080
v -0.043585 -0.311653 0.037544
v -0.037366 -0.321407 0.037935
v -0.030158 -0.329949 0.038234
v -0.022048 -0.337121 0.038428
v -0.013235 -0.342847 0.038525
v -0.003880 -0.347070 0.038549
v -0.055624 -0.199354 0.027313
v -0.057154 -0.211876 0.027837
v -0.058244 -0.224820 0.028395
v -0.058772 -0.238002 0.028976
v -0.058618 -0.251240 0.029568
v -0.057659 -0.264353 0.030159
v -0.055776 -0.277157 0.030738
v -0.061480 -0.200135 0.028196
v -0.063241 -0.212762 0.028724
v -0.064551 -0.225822 0.029288
v -0.065285 -0.239125 0.029874
v -0.065315 -0.252482 0.030472
v -0.064518 -0.265703 0.031068
v -0.062768 -0.278597 0.031652
v -0.064990 -0.200584 0.029129
v -0.066891 -0.213274 0.029660
v -0.068333 -0.226405 0.030227
v -0.069189 -0.239781 0.030816
v -0.069332 -0.253210 0.031417
v -0.068632 -0.266495 0.032017
v -0.066961 -0.279443 0.032604
v -0.066157 -0.200704 0.030073
v -0.068103 -0.213416 0.030605
v -0.069590 -0.226571 0.031172
v -0.070487 -0.239972 0.031764
v -0.070667 -0.253424 0.032366
v -0.069999 -0.266731 0.032967
v -0.068355 -0.279696 0.033554
v -0.064978 -0.200495 0.030989
v -0.066879 -0.213189 0.031520
v -0.068321 -0.226321 0.032086
v -0.069178 -0.239699 0.032677
v -0.069321 -0.253127 0.033278
v -0.068621 -0.266412 0.033877
v -0.066951 -0.279359 0.034464
v -0.061456 -0.199961 0.031837
v -0.063218 -0.212594 0.032366
v -0.064529 -0.225658 0.032930
v -0.065263 -0.238963 0.033516
v -0.065294 -0.252321 0.034114
v -0.064498 -0.265540 0.034710
v -0.062749 -0.278433 0.035294
v -0.055590 -0.199101 0.032579
v -0.057121 -0.211633 0.033104
v -0.058212 -0.224582 0.033663
v -0.058741 -0.237767 0.034244
v -0.058587 -0.251006 0.034836
v -0.057630 -0.264118 0.035427
v -0.055748 -0.276920 0.036006
v 0.055299 -0.162758 0.025066
v 0.052824 -0.153059 0.024671
v 0.050561 -0.143803 0.024295
v 0.048530 -0.135096 0.023940
v 0.046751 -0.127047 0.023606
v 0.045242 -0.119761 0.023294
v 0.044023 -0.113346 0.023006
v 0.060690 -0.162029 0.025810
v 0.057980 -0.152361 0.025414
v 0.055490 -0.143118 0.025036
v 0.053244 -0.134416 0.024679
v 0.051266 -0.126366 0.024343
v 0.049580 -0.119083 0.024031
v 0.048210 -0.112680 0.023744
v 0.063927 -0.161569 0.026659
v 0.061076 -0.151915 0.026262
v 0.058450 -0.142678 0.025883
v 0.056074 -0.133975 0.025524
v 0.053977 -0.125922 0.025187
v 0.052184 -0.118637 0.024875
v 0.050723 -0.112238 0.024588
v 0.065010 -0.161378 0.027575
v 0.062112 -0.151726 0.027177
v 0.059440 -0.142486 0.026797
v 0.057021 -0.133777 0.026437
v 0.054883 -0.125718 0.026099
v 0.053055 -0.118427 0.025786
v 0.051562 -0.112024 0.025499
v 0.063938 -0.161459 0.028517
v 0.061087 -0.151794 0.028119
v 0.058459 -0.142544 0.027739
v 0.056083 -0.133826 0.027379
v 0.053984 -0.125758 0.027040
v 0.052191 -0.118458 0.026726
v 0.050728 -0.112043 0.026438
v 0.060712 -0.161815 0.029447
v 0.058001 -0.152124 0.029049
v 0.055509 -0.142856 0.028670
v 0.053261 -0.134126 0.028310
v 0.051281 -0.126047 0.027972
v 0.049592 -0.118733 0.027657
v 0.048220 -0.112300 0.027367
v 0.055330 -0.162448 0.030327
v 0.052853 -0.152718 0.029929
v 0.050588 -0.143426 0.029551
v 0.048555 -0.134679 0.029192
v 0.046772 -0.126587 0.028855
v 0.045260 -0.119258 0.028539
v 0.044037 -0.112799 0.028247
v 0.083215 -0.247819 0.028724
v 0.078701 -0.236810 0.028239
v 0.074540 -0.225848 0.027757
v 0.070700 -0.214962 0.027281
v 0.067153 -0.204183 0.026813
v 0.063868 -0.193541 0.026355
v 0.060816 -0.183068 0.025909
v 0.090215 -0.246306 0.029436
v 0.085570 -0.235388 0.028955
v 0.081247 -0.224533 0.028479
v 0.077222 -0.213765 0.028009
v 0.073470 -0.203107 0.027546
v 0.069965 -0.192580 0.027093
v 0.066682 -0.182207 0.026651
v 0.094418 -0.245380 0.030266
v 0.089693 -0.234516 0.029788
v 0.085274 -0.223727 0.029315
v 0.081138 -0.213030 0.028848
v 0.077262 -0.202443 0.028389
v 0.073625 -0.191984 0.027939
v 0.070204 -0.181670 0.027499
v 0.095822 -0.245043 0.031176
v 0.091071 -0.234197 0.030699
v 0.086620 -0.223430 0.030227
v 0.082447 -0.212756 0.029761
v 0.078530 -0.202192 0.029303
v 0.074849 -0.191755 0.028854
v 0.071382 -0.181460 0.028415
v 0.094428 -0.245296 0.032126
v 0.089703 -0.234433 0.031648
v 0.085285 -0.223644 0.031175
v 0.081149 -0.212946 0.030708
v 0.077274 -0.202357 0.030249
v 0.073637 -0.191895 0.029798
v 0.070216 -0.181577 0.029358
v 0.090235 -0.246142 0.033078
v 0.085590 -0.235225 0.032597
v 0.081268 -0.224371 0.032121
v 0.077244 -0.213602 0.031650
v 0.073492 -0.202940 0.031187
v 0.069987 -0.192407 0.030734
v 0.066705 -0.182024 0.030291
v 0.083243 -0.247582 0.033992
v 0.078731 -0.236575 0.033507
v 0.074570 -0.225613 0.033025
v 0.070732 -0.214725 0.032549
v 0.067185 -0.203942 0.032080
v 0.063901 -0.193291 0.031621
v 0.060849 -0.182804 0.031175
v -0.039115 -0.124882 0.024412
v -0.040894 -0.131671 0.024735
v -0.042894 -0.139149 0.025047
v -0.045047 -0.147331 0.025359
v -0.047281 -0.156235 0.025682
v -0.049527 -0.165876 0.026028
v -0.051714 -0.176271 0.026408
v -0.043297 -0.125390 0.025293
v -0.045225 -0.132204 0.025618
v -0.047402 -0.139696 0.025931
v -0.049752 -0.147891 0.026242
v -0.052201 -0.156809 0.026564
v -0.054674 -0.166474 0.026908
v -0.057096 -0.176907 0.027288
v -0.045804 -0.125659 0.026223
v -0.047822 -0.132490 0.026550
v -0.050105 -0.139995 0.026863
v -0.052573 -0.148199 0.027174
v -0.055151 -0.157129 0.027495
v -0.057759 -0.166809 0.027839
v -0.060322 -0.177268 0.028219
v -0.046637 -0.125691 0.027163
v -0.048685 -0.132534 0.027492
v -0.051002 -0.140047 0.027805
v -0.053510 -0.148259 0.028117
v -0.056130 -0.157195 0.028438
v -0.058784 -0.166885 0.028782
v -0.061393 -0.177354 0.029162
v -0.045796 -0.125491 0.028076
v -0.047813 -0.132337 0.028404
v -0.050095 -0.139855 0.028719
v -0.052563 -0.148071 0.029031
v -0.055139 -0.157011 0.029353
v -0.057748 -0.166701 0.029698
v -0.060310 -0.177168 0.030078
v -0.043281 -0.125061 0.028921
v -0.045208 -0.131902 0.029249
v -0.047383 -0.139421 0.029564
v -0.049731 -0.147639 0.029877
v -0.052179 -0.156579 0.030201
v -0.054651 -0.166262 0.030547
v -0.057073 -0.176711 0.030927
v -0.039094 -0.124404 0.029660
v -0.040869 -0.131233 0.029987
v -0.042866 -0.138748 0.030302
v -0.045017 -0.146964 0.030617
v -0.047250 -0.155899 0.030942
v -0.049494 -0.165568 0.031290
v -0.051681 -0.175986 0.031672
v 0.042495 -0.103518 0.022506
v 0.041994 -0.100077 0.022304
v 0.041399 -0.097452 0.022146
v 0.040496 -0.095509 0.022040
v 0.039100 -0.094115 0.021992
v 0.037126 -0.093154 0.021990
v 0.034481 -0.092510 0.022008
v 0.046471 -0.102927 0.023253
v 0.045896 -0.099549 0.023056
v 0.045222 -0.096997 0.022896
v 0.044220 -0.095131 0.022780
v 0.042669 -0.093811 0.022708
v 0.040390 -0.092905 0.022664
v 0.037198 -0.092282 0.022625
v 0.048857 -0.102523 0.024102
v 0.048237 -0.099179 0.023904
v 0.047519 -0.096669 0.023739
v 0.046460 -0.094846 0.023605
v 0.044823 -0.093567 0.023502
v 0.042385 -0.092692 0.023417
v 0.038924 -0.092080 0.023336
v 0.049653 -0.102311 0.025012
v 0.049018 -0.098975 0.024812
v 0.048285 -0.096474 0.024635
v 0.047208 -0.094664 0.024480
v 0.045545 -0.093400 0.024342
v 0.043063 -0.092536 0.024217
v 0.039532 -0.091929 0.024102
v 0.048859 -0.102297 0.025947
v 0.048238 -0.098942 0.025740
v 0.047519 -0.096422 0.025549
v 0.046459 -0.094596 0.025368
v 0.044821 -0.093320 0.025193
v 0.042382 -0.092451 0.025028
v 0.038921 -0.091843 0.024880
v 0.046476 -0.102487 0.026867
v 0.045897 -0.099084 0.026650
v 0.045222 -0.096515 0.026441
v 0.044218 -0.094641 0.026232
v 0.042665 -0.093327 0.026018
v 0.040386 -0.092433 0.025808
v 0.037193 -0.091823 0.025621
v 0.042502 -0.102884 0.027734
v 0.041997 -0.099407 0.027503
v 0.041398 -0.096757 0.027274
v 0.040493 -0.094803 0.027035
v 0.039095 -0.093416 0.026779
v 0.037119 -0.092475 0.026519
v 0.034473 -0.091857 0.026278
v -0.010533 -0.103796 0.002641
v 0.000048 -0.114080 0.015305
v -0.023417 -0.111710 0.014866
v -0.011340 -0.102427 0.053212
v -0.023834 -0.111002 0.041028
v -0.000369 -0.113372 0.041467
v -0.061030 -0.084647 0.001317
v -0.057203 -0.098898 0.013980
v -0.076334 -0.085115 0.013302
v -0.061837 -0.083278 0.051888
v -0.076752 -0.084407 0.039464
v -0.057621 -0.098190 0.040142
v -0.095174 -0.042817 -0.000360
v -0.099179 -0.057128 0.012180
v -0.108850 -0.035626 0.011443
v -0.095981 -0.041449 0.050211
v -0.109268 -0.034917 0.037606
v -0.099597 -0.056420 0.038342
v -0.103816 0.010485 -0.001941
v -0.114632 0.000038 0.010386
v -0.112252 0.023498 0.009789
v -0.104623 0.011854 0.048631
v -0.112669 0.024207 0.035951
v -0.115050 0.000746 0.036548
v -0.084641 0.060979 -0.003001
v -0.099422 0.057282 0.009079
v -0.085628 0.076415 0.008781
v -0.085448 0.062347 0.047570
v -0.086046 0.077123 0.034944
v -0.099840 0.057990 0.035242
v -0.042786 0.095132 -0.003257
v -0.057624 0.099266 0.008610
v -0.036112 0.108944 0.008691
v -0.043594 0.096501 0.047313
v -0.036530 0.109652 0.034854
v -0.058042 0.099974 0.034773
v 0.010533 0.103796 -0.002641
v -0.000438 0.114740 0.009104
v 0.023027 0.112370 0.009543
v 0.009726 0.105164 0.047930
v 0.022610 0.113079 0.035705
v -0.000855 0.115449 0.035266
v 0.061030 0.084647 -0.001317
v 0.056814 0.099559 0.010429
v 0.075945 0.085776 0.011107
v 0.060222 0.086016 0.049254
v 0.075527 0.086484 0.037269
v 0.056396 0.100267 0.036591
v 0.095174 0.042817 0.000360
v 0.098790 0.057789 0.012229
v 0.108460 0.036286 0.012965
v 0.094367 0.044186 0.050931
v 0.108043 0.036994 0.039128
v 0.098372 0.058497 0.038391
v 0.103816 -0.010485 0.001940
v 0.114243 0.000623 0.014023
v 0.111862 -0.022838 0.014620
v 0.103009 -0.009117 0.052512
v 0.111445 -0.022130 0.040782
v 0.113825 0.001331 0.040185
v 0.084641 -0.060978 0.003001
v 0.099033 -0.056622 0.015329
v 0.085238 -0.075754 0.015627
v 0.083834 -0.059610 0.053572
v 0.084821 -0.075046 0.041790
v 0.098615 -0.055913 0.041492
v 0.042786 -0.095132 0.003258
v 0.057235 -0.098606 0.015799
v 0.035723 -0.108283 0.015718
v 0.041979 -0.093764 0.053829
v 0.035305 -0.107575 0.041879
v 0.056817 -0.097898 0.041961
vn -0.0280 -0.0593 -0.9979
vn -0.0173 -0.0543 -0.9984
vn -0.0084 -0.0501 -0.9987
vn -0.0002 -0.0461 -0.9989
vn 0.0086 -0.0419 -0.9991
vn 0.0193 -0.0366 -0.9991
vn -0.0267 -0.0647 -0.9975
vn -0.0163 -0.0586 -0.9981
vn -0.0077 -0.0537 -0.9985
vn 0.0005 -0.0493 -0.9988
vn 0.0092 -0.0448 -0.9990
vn 0.0199 -0.0395 -0.9990
vn -0.0251 -0.0727 -0.9970
vn -0.0150 -0.0653 -0.9978
vn -0.0064 -0.0595 -0.9982
vn 0.0017 -0.0547 -0.9985
vn 0.0105 -0.0501 -0.9987
vn 0.0212 -0.0451 -0.9988
vn -0.0231 -0.0843 -0.9962
vn -0.0131 -0.0753 -0.9971
vn -0.0047 -0.0686 -0.9976
vn 0.0036 -0.0632 -0.9980
vn 0.0126 -0.0586 -0.9982
vn 0.0235 -0.0541 -0.9983
vn -0.0205 -0.0998 -0.9948
vn -0.0107 -0.0897 -0.9959
vn -0.0021 -0.0821 -0.9966
vn 0.0065 -0.0760 -0.9971
vn 0.0157 -0.0711 -0.9973
vn 0.0267 -0.0666 -0.9974
vn -0.0172 -0.1213 -0.9925
vn -0.0074 -0.1108 -0.9938
vn 0.0016 -0.1025 -0.9947
vn 0.0110 -0.0955 -0.9954
vn 0.0205 -0.0897 -0.9958
vn 0.0314 -0.0847 -0.9959
vn -0.0445 -0.0609 -0.9972
vn -0.0290 -0.0556 -0.9980
vn -0.0179 -0.0517 -0.9985
vn -0.0089 -0.0482 -0.9988
vn -0.0004 -0.0448 -0.9990
vn 0.0085 -0.0408 -0.9991
vn 0.0193 -0.0358 -0.9992
vn 0.0344 -0.0285 -0.9990
vn 0.0342 -0.0293 -0.9990
vn 0.0349 -0.0324 -0.9989
vn 0.0363 -0.0387 -0.9986
vn 0.0388 -0.0490 -0.9980
vn 0.0421 -0.0625 -0.9972
vn 0.0463 -0.0807 -0.9957
vn 0.0514 -0.1044 -0.9932
vn 0.0393 -0.1118 -0.9929
vn 0.0283 -0.1187 -0.9925
vn 0.0179 -0.1261 -0.9919
vn 0.0071 -0.1348 -0.9909
vn -0.0030 -0.1440 -0.9896
vn -0.0133 -0.1542 -0.9879
vn -0.0247 -0.1651 -0.9860
vn -0.0296 -0.1377 -0.9900
vn -0.0335 -0.1154 -0.9928
vn -0.0366 -0.0978 -0.9945
vn -0.0392 -0.0837 -0.9957
vn -0.0413 -0.0735 -0.9964
vn -0.0430 -0.0662 -0.9969
vn -0.0554 -0.0374 -0.9978
vn -0.0349 -0.0423 -0.9985
vn -0.0182 -0.0450 -0.9988
vn -0.0027 -0.0459 -0.9989
vn 0.0135 -0.0451 -0.9989
vn 0.0330 -0.0424 -0.9986
vn -0.0541 -0.0326 -0.9980
vn -0.0343 -0.0379 -0.9987
vn -0.0182 -0.0409 -0.9990
vn -0.0032 -0.0421 -0.9991
vn 0.0125 -0.0416 -0.9991
vn 0.0313 -0.0391 -0.9987
vn -0.0521 -0.0303 -0.9982
vn -0.0331 -0.0355 -0.9988
vn -0.0176 -0.0385 -0.9991
vn -0.0032 -0.0399 -0.9992
vn 0.0119 -0.0395 -0.9991
vn 0.0299 -0.0371 -0.9989
vn -0.0496 -0.0297 -0.9983
vn -0.0315 -0.0346 -0.9989
vn -0.0166 -0.0375 -0.9992
vn -0.0028 -0.0387 -0.9992
vn 0.0116 -0.0384 -0.9992
vn 0.0288 -0.0360 -0.9989
vn -0.0470 -0.0304 -0.9984
vn -0.0296 -0.0348 -0.9990
vn -0.0155 -0.0374 -0.9992
vn -0.0023 -0.0385 -0.9993
vn 0.0114 -0.0380 -0.9992
vn 0.0280 -0.0356 -0.9990
vn -0.0444 -0.0321 -0.9985
vn -0.0278 -0.0359 -0.9990
vn -0.0143 -0.0381 -0.9992
vn -0.0018 -0.0388 -0.9992
vn 0.0114 -0.0381 -0.9992
vn 0.0271 -0.0356 -0.9990
vn -0.0852 -0.0383 -0.9956
vn -0.0556 -0.0457 -0.9974
vn -0.0346 -0.0498 -0.9982
vn -0.0175 -0.0517 -0.9985
vn -0.0016 -0.0520 -0.9986
vn 0.0152 -0.0507 -0.9986
vn 0.0352 -0.0476 -0.9982
vn 0.0631 -0.0420 -0.9971
vn 0.0600 -0.0369 -0.9975
vn 0.0573 -0.0338 -0.9978
vn 0.0549 -0.0319 -0.9980
vn 0.0528 -0.0308 -0.9981
vn 0.0508 -0.0304 -0.9982
vn 0.0490 -0.0304 -0.9983
vn 0.0472 -0.0309 -0.9984
vn 0.0264 -0.0361 -0.9990
vn 0.0113 -0.0388 -0.9992
vn -0.0012 -0.0398 -0.9992
vn -0.0132 -0.0394 -0.9991
vn -0.0261 -0.0377 -0.9989
vn -0.0419 -0.0346 -0.9985
vn -0.0641 -0.0296 -0.9975
vn -0.0676 -0.0261 -0.9974
vn -0.0714 -0.0234 -0.9972
vn -0.0752 -0.0219 -0.9969
vn -0.0788 -0.0219 -0.9966
vn -0.0820 -0.0240 -0.9963
vn -0.0843 -0.0292 -0.9960
vn -0.0376 -0.0402 -0.9985
vn -0.0232 -0.0419 -0.9989
vn -0.0114 -0.0426 -0.9990
vn -0.0005 -0.0422 -0.9991
vn 0.0110 -0.0407 -0.9991
vn 0.0247 -0.0376 -0.9990
vn -0.0359 -0.0426 -0.9984
vn -0.0221 -0.0436 -0.9988
vn -0.0108 -0.0438 -0.9990
vn -0.0003 -0.0431 -0.9991
vn 0.0107 -0.0413 -0.9991
vn 0.0238 -0.0380 -0.9990
vn -0.0344 -0.0448 -0.9984
vn -0.0211 -0.0452 -0.9988
vn -0.0103 -0.0448 -0.9989
vn -0.0002 -0.0437 -0.9990
vn 0.0103 -0.0416 -0.9991
vn 0.0229 -0.0381 -0.9990
vn -0.0330 -0.0469 -0.9984
vn -0.0203 -0.0466 -0.9987
vn -0.0099 -0.0457 -0.9989
vn -0.0002 -0.0442 -0.9990
vn 0.0099 -0.0418 -0.9991
vn 0.0220 -0.0380 -0.9990
vn -0.0318 -0.0489 -0.9983
vn -0.0196 -0.0478 -0.9987
vn -0.0095 -0.0464 -0.9989
vn -0.0003 -0.0445 -0.9990
vn 0.0095 -0.0418 -0.9991
vn 0.0212 -0.0377 -0.9991
vn -0.0308 -0.0510 -0.9982
vn -0.0189 -0.0490 -0.9986
vn -0.0093 -0.0470 -0.9988
vn -0.0003 -0.0447 -0.9990
vn 0.0091 -0.0415 -0.9991
vn 0.0205 -0.0372 -0.9991
vn -0.0608 -0.0335 -0.9976
vn -0.0396 -0.0375 -0.9985
vn -0.0245 -0.0399 -0.9989
vn -0.0122 -0.0410 -0.9991
vn -0.0008 -0.0411 -0.9992
vn 0.0112 -0.0398 -0.9991
vn 0.0256 -0.0370 -0.9990
vn 0.0455 -0.0316 -0.9985
vn 0.0438 -0.0320 -0.9985
vn 0.0421 -0.0323 -0.9986
vn 0.0404 -0.0322 -0.9987
vn 0.0389 -0.0319 -0.9987
vn 0.0375 -0.0314 -0.9988
vn 0.0363 -0.0306 -0.9989
vn 0.0352 -0.0295 -0.9989
vn 0.0198 -0.0364 -0.9991
vn 0.0088 -0.0411 -0.9991
vn -0.0004 -0.0446 -0.9990
vn -0.0091 -0.0476 -0.9988
vn -0.0184 -0.0502 -0.9986
vn -0.0298 -0.0531 -0.9981
vn -0.0459 -0.0568 -0.9973
vn -0.0475 -0.0532 -0.9975
vn -0.0492 -0.0499 -0.9975
vn -0.0510 -0.0468 -0.9976
vn -0.0531 -0.0437 -0.9976
vn -0.0554 -0.0405 -0.9976
vn -0.0579 -0.0371 -0.9976
vn -0.0558 0.1023 -0.9932
vn -0.0355 0.1091 -0.9934
vn -0.0174 0.1225 -0.9923
vn 0.0010 0.1430 -0.9897
vn 0.0190 0.1715 -0.9850
vn 0.0388 0.2089 -0.9772
vn -0.0551 0.0189 -0.9983
vn -0.0338 0.0169 -0.9993
vn -0.0155 0.0206 -0.9997
vn 0.0022 0.0303 -0.9995
vn 0.0202 0.0476 -0.9987
vn 0.0407 0.0742 -0.9964
vn -0.0541 -0.0308 -0.9981
vn -0.0321 -0.0352 -0.9989
vn -0.0138 -0.0351 -0.9993
vn 0.0034 -0.0302 -0.9995
vn 0.0212 -0.0198 -0.9996
vn 0.0421 -0.0024 -0.9991
vn -0.0531 -0.0583 -0.9969
vn -0.0312 -0.0613 -0.9976
vn -0.0130 -0.0614 -0.9980
vn 0.0039 -0.0586 -0.9983
vn 0.0216 -0.0527 -0.9984
vn 0.0426 -0.0429 -0.9982
vn -0.0530 -0.0677 -0.9963
vn -0.0312 -0.0699 -0.9971
vn -0.0133 -0.0700 -0.9975
vn 0.0034 -0.0682 -0.9977
vn 0.0210 -0.0645 -0.9977
vn 0.0421 -0.0587 -0.9974
vn -0.0537 -0.0658 -0.9964
vn -0.0320 -0.0680 -0.9972
vn -0.0143 -0.0684 -0.9976
vn 0.0022 -0.0673 -0.9977
vn 0.0195 -0.0646 -0.9977
vn 0.0404 -0.0604 -0.9974
vn -0.0788 0.2128 -0.9739
vn -0.0568 0.2306 -0.9714
vn -0.0370 0.2536 -0.9666
vn -0.0181 0.2837 -0.9587
vn 0.0017 0.3215 -0.9469
vn 0.0202 0.3666 -0.9302
vn 0.0387 0.4153 -0.9089
vn 0.0582 0.4567 -0.8877
vn 0.0640 0.2695 -0.9609
vn 0.0678 0.1194 -0.9905
vn 0.0702 0.0255 -0.9972
vn 0.0716 -0.0278 -0.9970
vn 0.0714 -0.0498 -0.9962
vn 0.0696 -0.0540 -0.9961
vn 0.0666 -0.0494 -0.9966
vn 0.0380 -0.0552 -0.9978
vn 0.0174 -0.0587 -0.9981
vn 0.0003 -0.0606 -0.9982
vn -0.0159 -0.0611 -0.9980
vn -0.0334 -0.0601 -0.9976
vn -0.0547 -0.0571 -0.9969
vn -0.0848 -0.0513 -0.9951
vn -0.0841 -0.0607 -0.9946
vn -0.0837 -0.0623 -0.9945
vn -0.0838 -0.0511 -0.9952
vn -0.0844 -0.0204 -0.9962
vn -0.0843 0.0306 -0.9960
vn -0.0828 0.1091 -0.9906
vn -0.0467 0.0040 -0.9989
vn -0.0370 -0.0028 -0.9993
vn -0.0290 -0.0083 -0.9995
vn -0.0214 -0.0135 -0.9997
vn -0.0133 -0.0190 -0.9997
vn -0.0034 -0.0256 -0.9997
vn -0.0508 0.0002 -0.9987
vn -0.0403 -0.0058 -0.9992
vn -0.0317 -0.0108 -0.9994
vn -0.0238 -0.0156 -0.9996
vn -0.0155 -0.0210 -0.9997
vn -0.0056 -0.0276 -0.9996
vn -0.0570 -0.0052 -0.9984
vn -0.0454 -0.0103 -0.9989
vn -0.0362 -0.0148 -0.9992
vn -0.0279 -0.0194 -0.9994
vn -0.0195 -0.0247 -0.9995
vn -0.0098 -0.0315 -0.9995
vn -0.0660 -0.0128 -0.9977
vn -0.0532 -0.0169 -0.9984
vn -0.0431 -0.0208 -0.9989
vn -0.0343 -0.0253 -0.9991
vn -0.0258 -0.0308 -0.9992
vn -0.0164 -0.0380 -0.9991
vn -0.0781 -0.0227 -0.9967
vn -0.0644 -0.0262 -0.9976
vn -0.0535 -0.0298 -0.9981
vn -0.0439 -0.0343 -0.9984
vn -0.0351 -0.0397 -0.9986
vn -0.0257 -0.0470 -0.9986
vn -0.0951 -0.0364 -0.9948
vn -0.0811 -0.0396 -0.9959
vn -0.0694 -0.0433 -0.9966
vn -0.0586 -0.0478 -0.9971
vn -0.0489 -0.0532 -0.9974
vn -0.0390 -0.0601 -0.9974
vn -0.0564 0.0175 -0.9983
vn -0.0440 0.0067 -0.9990
vn -0.0351 -0.0009 -0.9994
vn -0.0276 -0.0070 -0.9996
vn -0.0203 -0.0126 -0.9997
vn -0.0125 -0.0183 -0.9998
vn -0.0027 -0.0252 -0.9997
vn 0.0112 -0.0346 -0.9993
vn 0.0104 -0.0348 -0.9993
vn 0.0080 -0.0370 -0.9993
vn 0.0033 -0.0414 -0.9991
vn -0.0044 -0.0487 -0.9988
vn -0.0145 -0.0583 -0.9982
vn -0.0281 -0.0711 -0.9971
vn -0.0461 -0.0873 -0.9951
vn -0.0587 -0.0806 -0.9950
vn -0.0701 -0.0745 -0.9948
vn -0.0817 -0.0692 -0.9943
vn -0.0946 -0.0642 -0.9934
vn -0.1077 -0.0601 -0.9924
vn -0.1218 -0.0563 -0.9910
vn -0.1369 -0.0518 -0.9892
vn -0.1156 -0.0339 -0.9927
vn -0.0981 -0.0193 -0.9950
vn -0.0844 -0.0079 -0.9964
vn -0.0735 0.0015 -0.9973
vn -0.0657 0.0084 -0.9978
vn -0.0603 0.0135 -0.9981
vn -0.0415 0.0387 -0.9984
vn -0.0355 0.0185 -0.9992
vn -0.0295 0.0027 -0.9996
vn -0.0225 -0.0112 -0.9997
vn -0.0137 -0.0248 -0.9996
vn -0.0016 -0.0403 -0.9992
vn -0.0367 0.0400 -0.9985
vn -0.0313 0.0202 -0.9993
vn -0.0259 0.0047 -0.9997
vn -0.0195 -0.0088 -0.9998
vn -0.0112 -0.0222 -0.9997
vn 0.0004 -0.0372 -0.9993
vn -0.0336 0.0394 -0.9987
vn -0.0286 0.0204 -0.9994
vn -0.0235 0.0054 -0.9997
vn -0.0175 -0.0077 -0.9998
vn -0.0096 -0.0206 -0.9997
vn 0.0014 -0.0350 -0.9994
vn -0.0319 0.0376 -0.9988
vn -0.0270 0.0194 -0.9994
vn -0.0221 0.0051 -0.9997
vn -0.0163 -0.0075 -0.9998
vn -0.0088 -0.0198 -0.9998
vn 0.0019 -0.0336 -0.9994
vn -0.0312 0.0349 -0.9989
vn -0.0263 0.0177 -0.9995
vn -0.0215 0.0041 -0.9998
vn -0.0158 -0.0078 -0.9998
vn -0.0085 -0.0195 -0.9998
vn 0.0018 -0.0326 -0.9995
vn -0.0314 0.0318 -0.9990
vn -0.0264 0.0156 -0.9995
vn -0.0215 0.0028 -0.9998
vn -0.0159 -0.0084 -0.9998
vn -0.0087 -0.0195 -0.9998
vn 0.0014 -0.0319 -0.9995
vn -0.0573 0.0640 -0.9963
vn -0.0488 0.0348 -0.9982
vn -0.0418 0.0145 -0.9990
vn -0.0349 -0.0013 -0.9994
vn -0.0272 -0.0152 -0.9995
vn -0.0177 -0.0291 -0.9994
vn -0.0050 -0.0449 -0.9990
vn 0.0138 -0.0663 -0.9977
vn 0.0166 -0.0610 -0.9980
vn 0.0180 -0.0571 -0.9982
vn 0.0184 -0.0541 -0.9984
vn 0.0183 -0.0517 -0.9985
vn 0.0177 -0.0498 -0.9986
vn 0.0168 -0.0482 -0.9987
vn 0.0155 -0.0469 -0.9988
vn 0.0005 -0.0315 -0.9995
vn -0.0093 -0.0198 -0.9998
vn -0.0164 -0.0094 -0.9998
vn -0.0220 0.0012 -0.9998
vn -0.0271 0.0132 -0.9995
vn -0.0323 0.0284 -0.9991
vn -0.0390 0.0501 -0.9980
vn -0.0378 0.0549 -0.9978
vn -0.0374 0.0595 -0.9975
vn -0.0380 0.0636 -0.9973
vn -0.0398 0.0667 -0.9970
vn -0.0433 0.0684 -0.9967
vn -0.0488 0.0678 -0.9965
vn -0.0350 0.0219 -0.9991
vn -0.0293 0.0086 -0.9995
vn -0.0239 -0.0020 -0.9997
vn -0.0182 -0.0112 -0.9998
vn -0.0111 -0.0204 -0.9997
vn -0.0016 -0.0308 -0.9995
vn -0.0362 0.0192 -0.9992
vn -0.0302 0.0067 -0.9995
vn -0.0247 -0.0031 -0.9997
vn -0.0188 -0.0118 -0.9998
vn -0.0118 -0.0204 -0.9997
vn -0.0024 -0.0302 -0.9995
vn -0.0374 0.0168 -0.9992
vn -0.0310 0.0051 -0.9995
vn -0.0253 -0.0041 -0.9997
vn -0.0194 -0.0122 -0.9997
vn -0.0123 -0.0203 -0.9997
vn -0.0029 -0.0295 -0.9996
vn -0.0385 0.0146 -0.9992
vn -0.0318 0.0037 -0.9995
vn -0.0259 -0.0049 -0.9997
vn -0.0198 -0.0125 -0.9997
vn -0.0126 -0.0200 -0.9997
vn -0.0033 -0.0287 -0.9996
vn -0.0397 0.0125 -0.9991
vn -0.0326 0.0024 -0.9995
vn -0.0263 -0.0055 -0.9996
vn -0.0200 -0.0126 -0.9997
vn -0.0128 -0.0197 -0.9997
vn -0.0034 -0.0278 -0.9996
vn -0.0409 0.0106 -0.9991
vn -0.0333 0.0013 -0.9994
vn -0.0268 -0.0061 -0.9996
vn -0.0202 -0.0126 -0.9997
vn -0.0128 -0.0192 -0.9997
vn -0.0033 -0.0269 -0.9996
vn -0.0408 0.0454 -0.9981
vn -0.0337 0.0250 -0.9991
vn -0.0282 0.0107 -0.9995
vn -0.0230 -0.0005 -0.9997
vn -0.0173 -0.0104 -0.9998
vn -0.0103 -0.0202 -0.9997
vn -0.0006 -0.0312 -0.9995
vn 0.0141 -0.0458 -0.9989
vn 0.0128 -0.0445 -0.9989
vn 0.0117 -0.0431 -0.9990
vn 0.0109 -0.0417 -0.9991
vn 0.0104 -0.0402 -0.9991
vn 0.0102 -0.0387 -0.9992
vn 0.0103 -0.0372 -0.9993
vn 0.0107 -0.0358 -0.9993
vn -0.0030 -0.0259 -0.9997
vn -0.0126 -0.0187 -0.9997
vn -0.0202 -0.0125 -0.9997
vn -0.0271 -0.0065 -0.9996
vn -0.0341 0.0003 -0.9994
vn -0.0423 0.0087 -0.9991
vn -0.0535 0.0208 -0.9983
vn -0.0512 0.0239 -0.9984
vn -0.0492 0.0270 -0.9984
vn -0.0474 0.0302 -0.9984
vn -0.0458 0.0336 -0.9984
vn -0.0441 0.0371 -0.9983
vn -0.0425 0.0410 -0.9983
vn 0.0792 0.1089 -0.9909
vn 0.0952 0.0947 -0.9909
vn 0.1159 0.0857 -0.9896
vn 0.1427 0.0800 -0.9865
vn 0.1763 0.0786 -0.9812
vn 0.2184 0.0801 -0.9726
vn 0.0074 0.0667 -0.9977
vn 0.0164 0.0471 -0.9988
vn 0.0287 0.0331 -0.9990
vn 0.0460 0.0227 -0.9987
vn 0.0699 0.0158 -0.9974
vn 0.1032 0.0113 -0.9946
vn -0.0351 0.0408 -0.9985
vn -0.0279 0.0197 -0.9994
vn -0.0186 0.0039 -0.9998
vn -0.0058 -0.0086 -0.9999
vn 0.0121 -0.0188 -0.9997
vn 0.0376 -0.0282 -0.9989
vn -0.0585 0.0263 -0.9979
vn -0.0501 0.0057 -0.9987
vn -0.0411 -0.0100 -0.9991
vn -0.0302 -0.0233 -0.9993
vn -0.0162 -0.0356 -0.9992
vn 0.0028 -0.0489 -0.9988
vn -0.0665 0.0215 -0.9976
vn -0.0575 0.0015 -0.9983
vn -0.0486 -0.0141 -0.9987
vn -0.0387 -0.0277 -0.9989
vn -0.0268 -0.0410 -0.9988
vn -0.0111 -0.0563 -0.9983
vn -0.0652 0.0230 -0.9976
vn -0.0563 0.0031 -0.9984
vn -0.0478 -0.0124 -0.9988
vn -0.0386 -0.0261 -0.9989
vn -0.0276 -0.0398 -0.9988
vn -0.0135 -0.0558 -0.9984
vn 0.1630 0.1839 -0.9693
vn 0.1894 0.1736 -0.9664
vn 0.2191 0.1680 -0.9611
vn 0.2544 0.1666 -0.9526
vn 0.2969 0.1683 -0.9400
vn 0.3448 0.1746 -0.9223
vn 0.3958 0.1828 -0.9000
vn 0.4411 0.1863 -0.8779
vn 0.2832 0.0885 -0.9550
vn 0.1557 0.0103 -0.9877
vn 0.0758 -0.0386 -0.9964
vn 0.0303 -0.0665 -0.9973
vn 0.0111 -0.0774 -0.9969
vn 0.0066 -0.0779 -0.9969
vn 0.0091 -0.0730 -0.9973
vn -0.0102 -0.0510 -0.9986
vn -0.0235 -0.0350 -0.9991
vn -0.0337 -0.0212 -0.9992
vn -0.0423 -0.0074 -0.9991
vn -0.0501 0.0083 -0.9987
vn -0.0583 0.0282 -0.9979
vn -0.0683 0.0572 -0.9960
vn -0.0761 0.0519 -0.9958
vn -0.0773 0.0507 -0.9957
vn -0.0676 0.0564 -0.9961
vn -0.0413 0.0723 -0.9965
vn 0.0029 0.0977 -0.9952
vn 0.0716 0.1356 -0.9882
vn -0.0013 0.0519 -0.9987
vn -0.0023 0.0401 -0.9992
vn -0.0031 0.0304 -0.9995
vn -0.0037 0.0212 -0.9998
vn -0.0044 0.0115 -0.9999
vn -0.0052 -0.0004 -1.0000
vn -0.0066 0.0535 -0.9985
vn -0.0065 0.0414 -0.9991
vn -0.0066 0.0315 -0.9995
vn -0.0068 0.0222 -0.9997
vn -0.0073 0.0124 -0.9999
vn -0.0080 0.0006 -1.0000
vn -0.0144 0.0562 -0.9983
vn -0.0130 0.0436 -0.9990
vn -0.0123 0.0334 -0.9994
vn -0.0121 0.0239 -0.9996
vn -0.0125 0.0140 -0.9998
vn -0.0135 0.0022 -0.9999
vn -0.0255 0.0602 -0.9979
vn -0.0226 0.0470 -0.9986
vn -0.0210 0.0363 -0.9991
vn -0.0204 0.0265 -0.9994
vn -0.0209 0.0164 -0.9996
vn -0.0225 0.0047 -0.9997
vn -0.0402 0.0656 -0.9970
vn -0.0363 0.0521 -0.9980
vn -0.0340 0.0409 -0.9986
vn -0.0330 0.0304 -0.9990
vn -0.0333 0.0199 -0.9992
vn -0.0350 0.0082 -0.9994
vn -0.0605 0.0735 -0.9955
vn -0.0563 0.0598 -0.9966
vn -0.0536 0.0479 -0.9974
vn -0.0521 0.0363 -0.9980
vn -0.0519 0.0252 -0.9983
vn -0.0530 0.0132 -0.9985
vn 0.0056 0.0670 -0.9977
vn 0.0024 0.0509 -0.9987
vn 0.0003 0.0394 -0.9992
vn -0.0012 0.0298 -0.9996
vn -0.0024 0.0208 -0.9998
vn -0.0035 0.0111 -0.9999
vn -0.0045 -0.0008 -1.0000
vn -0.0057 -0.0175 -0.9998
vn -0.0063 -0.0170 -0.9998
vn -0.0094 -0.0160 -0.9998
vn -0.0156 -0.0141 -0.9998
vn -0.0257 -0.0111 -0.9996
vn -0.0391 -0.0072 -0.9992
vn -0.0570 -0.0018 -0.9984
vn -0.0801 0.0057 -0.9968
vn -0.0806 0.0199 -0.9966
vn -0.0810 0.0328 -0.9962
vn -0.0822 0.0455 -0.9956
vn -0.0844 0.0592 -0.9947
vn -0.0874 0.0726 -0.9935
vn -0.0912 0.0867 -0.9921
vn -0.0949 0.1020 -0.9902
vn -0.0686 0.0926 -0.9933
vn -0.0473 0.0847 -0.9953
vn -0.0305 0.0786 -0.9964
vn -0.0169 0.0738 -0.9971
vn -0.0070 0.0706 -0.9975
vn 0.0002 0.0684 -0.9977
vn 0.0313 0.0647 -0.9974
vn 0.0169 0.0494 -0.9986
vn 0.0062 0.0363 -0.9993
vn -0.0023 0.0234 -0.9997
vn -0.0097 0.0089 -0.9999
vn -0.0171 -0.0093 -0.9998
vn 0.0349 0.0612 -0.9975
vn 0.0205 0.0467 -0.9987
vn 0.0098 0.0342 -0.9994
vn 0.0012 0.0219 -0.9998
vn -0.0062 0.0080 -0.9999
vn -0.0134 -0.0095 -0.9999
vn 0.0359 0.0583 -0.9977
vn 0.0219 0.0444 -0.9988
vn 0.0115 0.0325 -0.9994
vn 0.0032 0.0207 -0.9998
vn -0.0040 0.0075 -1.0000
vn -0.0110 -0.0093 -0.9999
vn 0.0352 0.0558 -0.9978
vn 0.0219 0.0425 -0.9989
vn 0.0120 0.0311 -0.9994
vn 0.0040 0.0199 -0.9998
vn -0.0029 0.0072 -1.0000
vn -0.0095 -0.0090 -0.9999
vn 0.0332 0.0539 -0.9980
vn 0.0208 0.0411 -0.9989
vn 0.0115 0.0301 -0.9995
vn 0.0040 0.0193 -0.9998
vn -0.0025 0.0071 -1.0000
vn -0.0086 -0.0084 -0.9999
vn 0.0304 0.0525 -0.9982
vn 0.0189 0.0401 -0.9990
vn 0.0103 0.0294 -0.9995
vn 0.0034 0.0190 -0.9998
vn -0.0026 0.0072 -1.0000
vn -0.0083 -0.0077 -0.9999
vn 0.0454 0.0910 -0.9948
vn 0.0243 0.0690 -0.9973
vn 0.0103 0.0529 -0.9985
vn -0.0000 0.0390 -0.9992
vn -0.0082 0.0254 -0.9996
vn -0.0154 0.0103 -0.9998
vn -0.0228 -0.0087 -0.9997
vn -0.0319 -0.0356 -0.9989
vn -0.0259 -0.0355 -0.9990
vn -0.0218 -0.0347 -0.9992
vn -0.0190 -0.0336 -0.9993
vn -0.0170 -0.0323 -0.9993
vn -0.0156 -0.0308 -0.9994
vn -0.0147 -0.0292 -0.9995
vn -0.0142 -0.0275 -0.9995
vn -0.0084 -0.0067 -0.9999
vn -0.0032 0.0076 -1.0000
vn 0.0023 0.0190 -0.9998
vn 0.0086 0.0291 -0.9995
vn 0.0165 0.0395 -0.9991
vn 0.0270 0.0516 -0.9983
vn 0.0425 0.0683 -0.9968
vn 0.0472 0.0696 -0.9965
vn 0.0514 0.0716 -0.9961
vn 0.0546 0.0741 -0.9958
vn 0.0564 0.0773 -0.9954
vn 0.0561 0.0811 -0.9951
vn 0.0528 0.0856 -0.9949
vn 0.0201 0.0507 -0.9985
vn 0.0114 0.0391 -0.9992
vn 0.0050 0.0292 -0.9996
vn -0.0002 0.0195 -0.9998
vn -0.0046 0.0089 -1.0000
vn -0.0088 -0.0046 -1.0000
vn 0.0172 0.0504 -0.9986
vn 0.0094 0.0389 -0.9992
vn 0.0036 0.0293 -0.9996
vn -0.0010 0.0198 -0.9998
vn -0.0049 0.0094 -0.9999
vn -0.0087 -0.0036 -1.0000
vn 0.0145 0.0502 -0.9986
vn 0.0075 0.0389 -0.9992
vn 0.0024 0.0293 -0.9996
vn -0.0016 0.0201 -0.9998
vn -0.0051 0.0099 -0.9999
vn -0.0083 -0.0028 -1.0000
vn 0.0120 0.0501 -0.9987
vn 0.0059 0.0388 -0.9992
vn 0.0015 0.0294 -0.9996
vn -0.0020 0.0203 -0.9998
vn -0.0050 0.0103 -0.9999
vn -0.0078 -0.0021 -1.0000
vn 0.0096 0.0501 -0.9987
vn 0.0045 0.0389 -0.9992
vn 0.0007 0.0295 -0.9996
vn -0.0023 0.0205 -0.9998
vn -0.0048 0.0107 -0.9999
vn -0.0071 -0.0015 -1.0000
vn 0.0073 0.0502 -0.9987
vn 0.0031 0.0389 -0.9992
vn -0.0000 0.0296 -0.9996
vn -0.0024 0.0206 -0.9998
vn -0.0044 0.0109 -0.9999
vn -0.0063 -0.0011 -1.0000
vn 0.0375 0.0674 -0.9970
vn 0.0234 0.0511 -0.9984
vn 0.0138 0.0392 -0.9991
vn 0.0067 0.0291 -0.9996
vn 0.0010 0.0192 -0.9998
vn -0.0040 0.0082 -1.0000
vn -0.0087 -0.0056 -0.9999
vn -0.0140 -0.0256 -0.9996
vn -0.0135 -0.0239 -0.9996
vn -0.0129 -0.0223 -0.9997
vn -0.0120 -0.0209 -0.9997
vn -0.0110 -0.0197 -0.9997
vn -0.0098 -0.0188 -0.9998
vn -0.0085 -0.0181 -0.9998
vn -0.0070 -0.0177 -0.9998
vn -0.0053 -0.0009 -1.0000
vn -0.0039 0.0110 -0.9999
vn -0.0023 0.0207 -0.9998
vn -0.0005 0.0297 -0.9996
vn 0.0018 0.0391 -0.9992
vn 0.0050 0.0504 -0.9987
vn 0.0098 0.0662 -0.9978
vn 0.0137 0.0657 -0.9977
vn 0.0174 0.0656 -0.9977
vn 0.0211 0.0656 -0.9976
vn 0.0248 0.0658 -0.9975
vn 0.0287 0.0662 -0.9974
vn 0.0329 0.0668 -0.9972
vn 0.1524 -0.0047 -0.9883
vn 0.1481 -0.0257 -0.9886
vn 0.1506 -0.0481 -0.9874
vn 0.1591 -0.0743 -0.9845
vn 0.1745 -0.1041 -0.9791
vn 0.1967 -0.1399 -0.9704
vn 0.0800 0.0363 -0.9961
vn 0.0676 0.0188 -0.9975
vn 0.0617 0.0011 -0.9981
vn 0.0613 -0.0190 -0.9979
vn 0.0672 -0.0432 -0.9968
vn 0.0799 -0.0743 -0.9940
vn 0.0364 0.0603 -0.9975
vn 0.0217 0.0434 -0.9988
vn 0.0127 0.0275 -0.9995
vn 0.0083 0.0102 -0.9999
vn 0.0084 -0.0105 -0.9999
vn 0.0130 -0.0372 -0.9992
vn 0.0121 0.0732 -0.9972
vn -0.0015 0.0557 -0.9984
vn -0.0106 0.0400 -0.9991
vn -0.0166 0.0240 -0.9996
vn -0.0203 0.0057 -0.9998
vn -0.0224 -0.0174 -0.9996
vn 0.0039 0.0778 -0.9970
vn -0.0089 0.0600 -0.9982
vn -0.0179 0.0445 -0.9988
vn -0.0247 0.0291 -0.9993
vn -0.0303 0.0121 -0.9995
vn -0.0357 -0.0091 -0.9993
vn 0.0059 0.0774 -0.9970
vn -0.0069 0.0598 -0.9982
vn -0.0160 0.0446 -0.9989
vn -0.0232 0.0298 -0.9993
vn -0.0296 0.0134 -0.9995
vn -0.0364 -0.0068 -0.9993
vn 0.2588 -0.0401 -0.9651
vn 0.2631 -0.0680 -0.9624
vn 0.2729 -0.0966 -0.9572
vn 0.2893 -0.1280 -0.9486
vn 0.3117 -0.1641 -0.9359
vn 0.3408 -0.2026 -0.9180
vn 0.3730 -0.2429 -0.8955
vn 0.3983 -0.2805 -0.8733
vn 0.2361 -0.1920 -0.9526
vn 0.1053 -0.1204 -0.9871
vn 0.0230 -0.0756 -0.9969
vn -0.0238 -0.0501 -0.9985
vn -0.0428 -0.0389 -0.9983
vn -0.0455 -0.0353 -0.9983
vn -0.0400 -0.0350 -0.9986
vn -0.0306 -0.0073 -0.9995
vn -0.0234 0.0123 -0.9997
vn -0.0166 0.0281 -0.9995
vn -0.0089 0.0423 -0.9991
vn 0.0007 0.0570 -0.9984
vn 0.0139 0.0740 -0.9972
vn 0.0340 0.0971 -0.9947
vn 0.0254 0.1012 -0.9945
vn 0.0238 0.1017 -0.9945
vn 0.0336 0.0962 -0.9948
vn 0.0605 0.0813 -0.9949
vn 0.1046 0.0557 -0.9930
vn 0.1716 0.0152 -0.9850
vn 0.0629 0.0365 -0.9974
vn 0.0522 0.0315 -0.9981
vn 0.0434 0.0273 -0.9987
vn 0.0351 0.0233 -0.9991
vn 0.0264 0.0190 -0.9995
vn 0.0157 0.0138 -0.9998
vn 0.0616 0.0419 -0.9972
vn 0.0512 0.0358 -0.9980
vn 0.0426 0.0309 -0.9986
vn 0.0345 0.0264 -0.9991
vn 0.0257 0.0219 -0.9994
vn 0.0151 0.0167 -0.9997
vn 0.0600 0.0500 -0.9969
vn 0.0499 0.0425 -0.9979
vn 0.0414 0.0367 -0.9985
vn 0.0333 0.0318 -0.9989
vn 0.0245 0.0272 -0.9993
vn 0.0137 0.0222 -0.9997
vn 0.0579 0.0616 -0.9964
vn 0.0480 0.0525 -0.9975
vn 0.0396 0.0458 -0.9982
vn 0.0313 0.0404 -0.9987
vn 0.0224 0.0357 -0.9991
vn 0.0114 0.0313 -0.9994
vn 0.0553 0.0770 -0.9955
vn 0.0456 0.0669 -0.9967
vn 0.0370 0.0593 -0.9976
vn 0.0284 0.0532 -0.9982
vn 0.0192 0.0483 -0.9986
vn 0.0082 0.0438 -0.9990
vn 0.0520 0.0986 -0.9938
vn 0.0422 0.0881 -0.9952
vn 0.0333 0.0798 -0.9963
vn 0.0239 0.0727 -0.9971
vn 0.0144 0.0670 -0.9977
vn 0.0035 0.0619 -0.9981
vn 0.0794 0.0381 -0.9961
vn 0.0639 0.0328 -0.9974
vn 0.0529 0.0288 -0.9982
vn 0.0438 0.0254 -0.9987
vn 0.0354 0.0219 -0.9991
vn 0.0265 0.0180 -0.9995
vn 0.0157 0.0129 -0.9998
vn 0.0006 0.0056 -1.0000
vn 0.0007 0.0064 -1.0000
vn 0.0001 0.0096 -1.0000
vn -0.0014 0.0159 -0.9999
vn -0.0039 0.0261 -0.9997
vn -0.0072 0.0397 -0.9992
vn -0.0115 0.0579 -0.9983
vn -0.0166 0.0817 -0.9965
vn -0.0045 0.0891 -0.9960
vn 0.0064 0.0960 -0.9954
vn 0.0168 0.1034 -0.9945
vn 0.0276 0.1121 -0.9933
vn 0.0376 0.1214 -0.9919
vn 0.0479 0.1316 -0.9901
vn 0.0593 0.1425 -0.9880
vn 0.0643 0.1151 -0.9913
vn 0.0682 0.0927 -0.9934
vn 0.0714 0.0751 -0.9946
vn 0.0741 0.0610 -0.9954
vn 0.0762 0.0508 -0.9958
vn 0.0779 0.0435 -0.9960
vn 0.0903 0.0146 -0.9958
vn 0.0699 0.0195 -0.9974
vn 0.0532 0.0222 -0.9983
vn 0.0377 0.0231 -0.9990
vn 0.0215 0.0223 -0.9995
vn 0.0020 0.0196 -0.9998
vn 0.0890 0.0098 -0.9960
vn 0.0693 0.0150 -0.9975
vn 0.0531 0.0181 -0.9984
vn 0.0382 0.0193 -0.9991
vn 0.0225 0.0188 -0.9996
vn 0.0037 0.0163 -0.9999
vn 0.0870 0.0075 -0.9962
vn 0.0680 0.0126 -0.9976
vn 0.0525 0.0157 -0.9985
vn 0.0382 0.0170 -0.9991
vn 0.0231 0.0167 -0.9996
vn 0.0051 0.0143 -0.9999
vn 0.0845 0.0069 -0.9964
vn 0.0664 0.0117 -0.9977
vn 0.0516 0.0147 -0.9986
vn 0.0378 0.0159 -0.9992
vn 0.0234 0.0155 -0.9996
vn 0.0061 0.0132 -0.9999
vn 0.0819 0.0076 -0.9966
vn 0.0646 0.0120 -0.9978
vn 0.0504 0.0146 -0.9986
vn 0.0373 0.0156 -0.9992
vn 0.0235 0.0151 -0.9996
vn 0.0070 0.0127 -0.9999
vn 0.0793 0.0093 -0.9968
vn 0.0628 0.0131 -0.9979
vn 0.0493 0.0152 -0.9987
vn 0.0368 0.0160 -0.9992
vn 0.0236 0.0153 -0.9996
vn 0.0078 0.0128 -0.9999
vn 0.1200 0.0156 -0.9926
vn 0.0905 0.0229 -0.9956
vn 0.0696 0.0270 -0.9972
vn 0.0524 0.0289 -0.9982
vn 0.0365 0.0292 -0.9989
vn 0.0198 0.0279 -0.9994
vn -0.0002 0.0248 -0.9997
vn -0.0282 0.0192 -0.9994
vn -0.0250 0.0141 -0.9996
vn -0.0223 0.0110 -0.9997
vn -0.0199 0.0091 -0.9998
vn -0.0178 0.0080 -0.9998
vn -0.0159 0.0076 -0.9998
vn -0.0140 0.0076 -0.9999
vn -0.0123 0.0080 -0.9999
vn 0.0086 0.0133 -0.9999
vn 0.0237 0.0160 -0.9996
vn 0.0362 0.0169 -0.9992
vn 0.0482 0.0165 -0.9987
vn 0.0610 0.0149 -0.9980
vn 0.0768 0.0118 -0.9970
vn 0.0989 0.0068 -0.9951
vn 0.1025 0.0033 -0.9947
vn 0.1062 0.0007 -0.9943
vn 0.1100 -0.0009 -0.9939
vn 0.1137 -0.0008 -0.9935
vn 0.1168 0.0013 -0.9932
vn 0.1191 0.0064 -0.9929
vn 0.0725 0.0174 -0.9972
vn 0.0581 0.0191 -0.9981
vn 0.0464 0.0197 -0.9987
vn 0.0355 0.0194 -0.9992
vn 0.0240 0.0179 -0.9996
vn 0.0103 0.0148 -0.9998
vn 0.0708 0.0198 -0.9973
vn 0.0570 0.0208 -0.9982
vn 0.0457 0.0210 -0.9987
vn 0.0353 0.0202 -0.9992
vn 0.0243 0.0184 -0.9995
vn 0.0112 0.0151 -0.9998
vn 0.0693 0.0220 -0.9974
vn 0.0560 0.0223 -0.9982
vn 0.0452 0.0220 -0.9987
vn 0.0352 0.0209 -0.9992
vn 0.0247 0.0188 -0.9995
vn 0.0121 0.0153 -0.9998
vn 0.0680 0.0241 -0.9974
vn 0.0552 0.0237 -0.9982
vn 0.0448 0.0229 -0.9987
vn 0.0352 0.0214 -0.9992
vn 0.0251 0.0190 -0.9995
vn 0.0129 0.0152 -0.9998
vn 0.0668 0.0261 -0.9974
vn 0.0545 0.0250 -0.9982
vn 0.0445 0.0236 -0.9987
vn 0.0352 0.0217 -0.9991
vn 0.0255 0.0189 -0.9995
vn 0.0138 0.0149 -0.9998
vn 0.0657 0.0282 -0.9974
vn 0.0539 0.0262 -0.9982
vn 0.0442 0.0242 -0.9987
vn 0.0353 0.0218 -0.9991
vn 0.0259 0.0187 -0.9995
vn 0.0145 0.0144 -0.9998
vn 0.0957 0.0107 -0.9954
vn 0.0745 0.0147 -0.9971
vn 0.0595 0.0171 -0.9981
vn 0.0472 0.0182 -0.9987
vn 0.0358 0.0182 -0.9992
vn 0.0238 0.0170 -0.9996
vn 0.0094 0.0141 -0.9999
vn -0.0105 0.0087 -0.9999
vn -0.0088 0.0092 -0.9999
vn -0.0071 0.0094 -0.9999
vn -0.0054 0.0094 -0.9999
vn -0.0039 0.0091 -1.0000
vn -0.0025 0.0085 -1.0000
vn -0.0013 0.0077 -1.0000
vn -0.0002 0.0066 -1.0000
vn 0.0152 0.0136 -0.9998
vn 0.0262 0.0183 -0.9995
vn 0.0354 0.0218 -0.9991
vn 0.0440 0.0247 -0.9987
vn 0.0534 0.0274 -0.9982
vn 0.0648 0.0303 -0.9974
vn 0.0808 0.0340 -0.9961
vn 0.0824 0.0304 -0.9961
vn 0.0841 0.0272 -0.9961
vn 0.0859 0.0240 -0.9960
vn 0.0880 0.0209 -0.9959
vn 0.0903 0.0177 -0.9958
vn 0.0928 0.0143 -0.9956
vn 0.0905 -0.1249 -0.9880
vn 0.0702 -0.1317 -0.9888
vn 0.0521 -0.1451 -0.9880
vn 0.0336 -0.1656 -0.9856
vn 0.0154 -0.1939 -0.9809
vn -0.0047 -0.2311 -0.9729
vn 0.0900 -0.0417 -0.9951
vn 0.0687 -0.0397 -0.9968
vn 0.0504 -0.0434 -0.9978
vn 0.0328 -0.0531 -0.9980
vn 0.0148 -0.0703 -0.9974
vn -0.0058 -0.0970 -0.9953
vn 0.0890 0.0081 -0.9960
vn 0.0671 0.0124 -0.9977
vn 0.0488 0.0122 -0.9987
vn 0.0316 0.0074 -0.9995
vn 0.0138 -0.0031 -0.9999
vn -0.0071 -0.0204 -0.9998
vn 0.0880 0.0355 -0.9955
vn 0.0661 0.0385 -0.9971
vn 0.0480 0.0386 -0.9981
vn 0.0311 0.0358 -0.9989
vn 0.0134 0.0298 -0.9995
vn -0.0076 0.0201 -0.9998
vn 0.0879 0.0449 -0.9951
vn 0.0661 0.0471 -0.9967
vn 0.0482 0.0472 -0.9977
vn 0.0315 0.0454 -0.9985
vn 0.0140 0.0417 -0.9990
vn -0.0071 0.0358 -0.9993
vn 0.0885 0.0430 -0.9951
vn 0.0669 0.0453 -0.9967
vn 0.0492 0.0456 -0.9977
vn 0.0328 0.0445 -0.9985
vn 0.0154 0.0418 -0.9990
vn -0.0055 0.0376 -0.9993
vn 0.1128 -0.2350 -0.9654
vn 0.0906 -0.2527 -0.9633
vn 0.0707 -0.2756 -0.9587
vn 0.0516 -0.3055 -0.9508
vn 0.0313 -0.3431 -0.9388
vn 0.0122 -0.3877 -0.9217
vn -0.0070 -0.4360 -0.8999
vn -0.0273 -0.4769 -0.8785
vn -0.0304 -0.2914 -0.9561
vn -0.0332 -0.1420 -0.9893
vn -0.0353 -0.0483 -0.9982
vn -0.0367 0.0050 -0.9993
vn -0.0365 0.0271 -0.9990
vn -0.0347 0.0312 -0.9989
vn -0.0317 0.0266 -0.9991
vn -0.0030 0.0323 -0.9995
vn 0.0176 0.0359 -0.9992
vn 0.0346 0.0378 -0.9987
vn 0.0508 0.0383 -0.9980
vn 0.0683 0.0373 -0.9970
vn 0.0896 0.0344 -0.9954
vn 0.1196 0.0286 -0.9924
vn 0.1189 0.0380 -0.9922
vn 0.1185 0.0396 -0.9922
vn 0.1186 0.0284 -0.9925
vn 0.1192 -0.0023 -0.9929
vn 0.1191 -0.0533 -0.9915
vn 0.1173 -0.1317 -0.9843
vn 0.0816 -0.0268 -0.9963
vn 0.0719 -0.0200 -0.9972
vn 0.0639 -0.0145 -0.9978
vn 0.0564 -0.0093 -0.9984
vn 0.0483 -0.0039 -0.9988
vn 0.0384 0.0027 -0.9993
vn 0.0857 -0.0230 -0.9961
vn 0.0752 -0.0170 -0.9970
vn 0.0667 -0.0120 -0.9977
vn 0.0588 -0.0072 -0.9982
vn 0.0505 -0.0019 -0.9987
vn 0.0406 0.0047 -0.9992
vn 0.0919 -0.0176 -0.9956
vn 0.0803 -0.0125 -0.9967
vn 0.0711 -0.0080 -0.9974
vn 0.0628 -0.0034 -0.9980
vn 0.0544 0.0019 -0.9985
vn 0.0448 0.0087 -0.9990
vn 0.1008 -0.0100 -0.9949
vn 0.0881 -0.0059 -0.9961
vn 0.0780 -0.0020 -0.9969
vn 0.0692 0.0025 -0.9976
vn 0.0607 0.0079 -0.9981
vn 0.0514 0.0152 -0.9986
vn 0.1129 -0.0000 -0.9936
vn 0.0993 0.0034 -0.9951
vn 0.0884 0.0070 -0.9961
vn 0.0789 0.0115 -0.9968
vn 0.0700 0.0169 -0.9974
vn 0.0607 0.0242 -0.9979
vn 0.1298 0.0137 -0.9914
vn 0.1159 0.0169 -0.9931
vn 0.1043 0.0205 -0.9943
vn 0.0935 0.0251 -0.9953
vn 0.0838 0.0304 -0.9960
vn 0.0739 0.0373 -0.9966
vn 0.0913 -0.0403 -0.9950
vn 0.0789 -0.0295 -0.9964
vn 0.0700 -0.0219 -0.9973
vn 0.0625 -0.0158 -0.9979
vn 0.0553 -0.0103 -0.9984
vn 0.0474 -0.0045 -0.9989
vn 0.0377 0.0023 -0.9993
vn 0.0238 0.0117 -0.9996
vn 0.0246 0.0120 -0.9996
vn 0.0270 0.0141 -0.9995
vn 0.0317 0.0186 -0.9993
vn 0.0393 0.0259 -0.9989
vn 0.0494 0.0355 -0.9981
vn 0.0630 0.0483 -0.9968
vn 0.0810 0.0646 -0.9946
vn 0.0935 0.0579 -0.9939
vn 0.1049 0.0518 -0.9931
vn 0.1164 0.0465 -0.9921
vn 0.1294 0.0415 -0.9907
vn 0.1424 0.0375 -0.9891
vn 0.1564 0.0337 -0.9871
vn 0.1714 0.0293 -0.9848
vn 0.1503 0.0112 -0.9886
vn 0.1329 -0.0034 -0.9911
vn 0.1193 -0.0149 -0.9928
vn 0.1084 -0.0243 -0.9938
vn 0.1006 -0.0312 -0.9944
vn 0.0951 -0.0363 -0.9948
vn 0.0764 -0.0615 -0.9952
vn 0.0704 -0.0413 -0.9967
vn 0.0644 -0.0255 -0.9976
vn 0.0575 -0.0117 -0.9983
vn 0.0487 0.0020 -0.9988
vn 0.0366 0.0175 -0.9992
vn 0.0716 -0.0628 -0.9955
vn 0.0663 -0.0430 -0.9969
vn 0.0608 -0.0275 -0.9978
vn 0.0544 -0.0140 -0.9984
vn 0.0462 -0.0006 -0.9989
vn 0.0346 0.0144 -0.9993
vn 0.0685 -0.0622 -0.9957
vn 0.0636 -0.0432 -0.9970
vn 0.0585 -0.0282 -0.9979
vn 0.0525 -0.0151 -0.9985
vn 0.0446 -0.0022 -0.9990
vn 0.0336 0.0122 -0.9994
vn 0.0668 -0.0604 -0.9959
vn 0.0620 -0.0422 -0.9972
vn 0.0571 -0.0279 -0.9980
vn 0.0513 -0.0154 -0.9986
vn 0.0438 -0.0031 -0.9990
vn 0.0331 0.0107 -0.9994
vn 0.0661 -0.0577 -0.9961
vn 0.0613 -0.0405 -0.9973
vn 0.0564 -0.0270 -0.9980
vn 0.0508 -0.0151 -0.9986
vn 0.0435 -0.0034 -0.9990
vn 0.0332 0.0097 -0.9994
vn 0.0663 -0.0546 -0.9963
vn 0.0613 -0.0384 -0.9974
vn 0.0564 -0.0256 -0.9981
vn 0.0509 -0.0144 -0.9986
vn 0.0437 -0.0033 -0.9990
vn 0.0336 0.0090 -0.9994
vn 0.0921 -0.0868 -0.9920
vn 0.0837 -0.0575 -0.9948
vn 0.0767 -0.0373 -0.9964
vn 0.0699 -0.0215 -0.9973
vn 0.0622 -0.0076 -0.9980
vn 0.0527 0.0062 -0.9986
vn 0.0400 0.0221 -0.9990
vn 0.0212 0.0435 -0.9988
vn 0.0183 0.0382 -0.9991
vn 0.0170 0.0343 -0.9993
vn 0.0165 0.0313 -0.9994
vn 0.0167 0.0289 -0.9994
vn 0.0172 0.0270 -0.9995
vn 0.0182 0.0254 -0.9995
vn 0.0194 0.0241 -0.9995
vn 0.0345 0.0086 -0.9994
vn 0.0443 -0.0031 -0.9990
vn 0.0514 -0.0135 -0.9986
vn 0.0570 -0.0240 -0.9981
vn 0.0620 -0.0360 -0.9974
vn 0.0672 -0.0512 -0.9964
vn 0.0739 -0.0729 -0.9946
vn 0.0727 -0.0777 -0.9943
vn 0.0722 -0.0823 -0.9940
vn 0.0728 -0.0863 -0.9936
vn 0.0746 -0.0895 -0.9932
vn 0.0781 -0.0911 -0.9928
vn 0.0836 -0.0905 -0.9924
vn 0.0699 -0.0447 -0.9965
vn 0.0642 -0.0314 -0.9974
vn 0.0589 -0.0209 -0.9980
vn 0.0531 -0.0116 -0.9985
vn 0.0461 -0.0024 -0.9989
vn 0.0366 0.0079 -0.9993
vn 0.0711 -0.0420 -0.9966
vn 0.0651 -0.0295 -0.9974
vn 0.0597 -0.0197 -0.9980
vn 0.0538 -0.0110 -0.9985
vn 0.0468 -0.0024 -0.9989
vn 0.0373 0.0073 -0.9993
vn 0.0723 -0.0396 -0.9966
vn 0.0660 -0.0279 -0.9974
vn 0.0603 -0.0187 -0.9980
vn 0.0543 -0.0106 -0.9985
vn 0.0473 -0.0025 -0.9989
vn 0.0379 0.0066 -0.9993
vn 0.0734 -0.0374 -0.9966
vn 0.0668 -0.0265 -0.9974
vn 0.0608 -0.0179 -0.9980
vn 0.0547 -0.0104 -0.9984
vn 0.0476 -0.0028 -0.9989
vn 0.0383 0.0058 -0.9993
vn 0.0746 -0.0353 -0.9966
vn 0.0675 -0.0253 -0.9974
vn 0.0613 -0.0173 -0.9980
vn 0.0550 -0.0102 -0.9984
vn 0.0478 -0.0032 -0.9989
vn 0.0384 0.0050 -0.9993
vn 0.0758 -0.0334 -0.9966
vn 0.0683 -0.0241 -0.9974
vn 0.0617 -0.0168 -0.9980
vn 0.0552 -0.0102 -0.9984
vn 0.0478 -0.0036 -0.9989
vn 0.0383 0.0040 -0.9993
vn 0.0757 -0.0681 -0.9948
vn 0.0686 -0.0478 -0.9965
vn 0.0631 -0.0335 -0.9974
vn 0.0580 -0.0223 -0.9981
vn 0.0523 -0.0124 -0.9986
vn 0.0452 -0.0027 -0.9990
vn 0.0356 0.0083 -0.9993
vn 0.0209 0.0229 -0.9995
vn 0.0222 0.0217 -0.9995
vn 0.0233 0.0203 -0.9995
vn 0.0240 0.0189 -0.9995
vn 0.0245 0.0174 -0.9995
vn 0.0248 0.0159 -0.9996
vn 0.0247 0.0144 -0.9996
vn 0.0243 0.0129 -0.9996
vn 0.0380 0.0031 -0.9993
vn 0.0476 -0.0041 -0.9989
vn 0.0552 -0.0103 -0.9984
vn 0.0621 -0.0163 -0.9979
vn 0.0690 -0.0231 -0.9973
vn 0.0772 -0.0315 -0.9965
vn 0.0884 -0.0436 -0.9951
vn 0.0861 -0.0467 -0.9952
vn 0.0841 -0.0498 -0.9952
vn 0.0823 -0.0530 -0.9952
vn 0.0806 -0.0563 -0.9951
vn 0.0790 -0.0599 -0.9951
vn 0.0774 -0.0638 -0.9950
vn -0.0445 -0.1315 -0.9903
vn -0.0605 -0.1173 -0.9912
vn -0.0812 -0.1083 -0.9908
vn -0.1082 -0.1026 -0.9888
vn -0.1419 -0.1011 -0.9847
vn -0.1843 -0.1024 -0.9775
vn 0.0275 -0.0894 -0.9956
vn 0.0185 -0.0699 -0.9974
vn 0.0063 -0.0559 -0.9984
vn -0.0110 -0.0455 -0.9989
vn -0.0349 -0.0386 -0.9986
vn -0.0683 -0.0340 -0.9971
vn 0.0700 -0.0636 -0.9955
vn 0.0628 -0.0425 -0.9971
vn 0.0536 -0.0267 -0.9982
vn 0.0408 -0.0142 -0.9991
vn 0.0229 -0.0040 -0.9997
vn -0.0026 0.0054 -1.0000
vn 0.0933 -0.0491 -0.9944
vn 0.0850 -0.0285 -0.9960
vn 0.0760 -0.0128 -0.9970
vn 0.0652 0.0004 -0.9979
vn 0.0512 0.0128 -0.9986
vn 0.0322 0.0261 -0.9991
vn 0.1014 -0.0442 -0.9939
vn 0.0924 -0.0242 -0.9954
vn 0.0836 -0.0087 -0.9965
vn 0.0737 0.0048 -0.9973
vn 0.0617 0.0182 -0.9979
vn 0.0461 0.0335 -0.9984
vn 0.1001 -0.0457 -0.9939
vn 0.0912 -0.0259 -0.9955
vn 0.0827 -0.0104 -0.9965
vn 0.0735 0.0033 -0.9973
vn 0.0626 0.0170 -0.9979
vn 0.0484 0.0330 -0.9983
vn -0.1291 -0.2060 -0.9700
vn -0.1555 -0.1957 -0.9682
vn -0.1854 -0.1900 -0.9641
vn -0.2210 -0.1884 -0.9569
vn -0.2639 -0.1898 -0.9457
vn -0.3124 -0.1957 -0.9296
vn -0.3642 -0.2035 -0.9088
vn -0.4102 -0.2065 -0.8883
vn -0.2497 -0.1104 -0.9620
vn -0.1211 -0.0329 -0.9921
vn -0.0409 0.0158 -0.9990
vn 0.0046 0.0437 -0.9990
vn 0.0238 0.0546 -0.9982
vn 0.0283 0.0551 -0.9981
vn 0.0258 0.0502 -0.9984
vn 0.0451 0.0282 -0.9986
vn 0.0585 0.0122 -0.9982
vn 0.0687 -0.0017 -0.9976
vn 0.0772 -0.0154 -0.9969
vn 0.0850 -0.0310 -0.9959
vn 0.0931 -0.0510 -0.9943
vn 0.1030 -0.0799 -0.9915
vn 0.1109 -0.0746 -0.9910
vn 0.1120 -0.0734 -0.9910
vn 0.1024 -0.0792 -0.9916
vn 0.0761 -0.0950 -0.9926
vn 0.0319 -0.1204 -0.9922
vn -0.0370 -0.1582 -0.9867
vn 0.0362 -0.0747 -0.9966
vn 0.0372 -0.0629 -0.9973
vn 0.0380 -0.0532 -0.9979
vn 0.0387 -0.0441 -0.9983
vn 0.0394 -0.0343 -0.9986
vn 0.0402 -0.0225 -0.9989
vn 0.0415 -0.0763 -0.9962
vn 0.0414 -0.0642 -0.9971
vn 0.0415 -0.0543 -0.9977
vn 0.0418 -0.0450 -0.9981
vn 0.0422 -0.0352 -0.9985
vn 0.0430 -0.0234 -0.9988
vn 0.0493 -0.0789 -0.9957
vn 0.0479 -0.0664 -0.9966
vn 0.0472 -0.0562 -0.9973
vn 0.0470 -0.0467 -0.9978
vn 0.0474 -0.0368 -0.9982
vn 0.0485 -0.0250 -0.9985
vn 0.0603 -0.0829 -0.9947
vn 0.0575 -0.0698 -0.9959
vn 0.0559 -0.0591 -0.9967
vn 0.0554 -0.0493 -0.9972
vn 0.0559 -0.0392 -0.9977
vn 0.0575 -0.0275 -0.9980
vn 0.0750 -0.0884 -0.9933
vn 0.0711 -0.0749 -0.9947
vn 0.0689 -0.0637 -0.9956
vn 0.0679 -0.0531 -0.9963
vn 0.0683 -0.0427 -0.9968
vn 0.0699 -0.0310 -0.9971
vn 0.0953 -0.0962 -0.9908
vn 0.0911 -0.0826 -0.9924
vn 0.0885 -0.0707 -0.9936
vn 0.0870 -0.0590 -0.9945
vn 0.0868 -0.0479 -0.9951
vn 0.0879 -0.0360 -0.9955
vn 0.0293 -0.0898 -0.9955
vn 0.0325 -0.0737 -0.9968
vn 0.0346 -0.0622 -0.9975
vn 0.0362 -0.0526 -0.9980
vn 0.0374 -0.0436 -0.9983
vn 0.0384 -0.0339 -0.9987
vn 0.0395 -0.0220 -0.9990
vn 0.0407 -0.0053 -0.9992
vn 0.0413 -0.0058 -0.9991
vn 0.0444 -0.0069 -0.9990
vn 0.0506 -0.0087 -0.9987
vn 0.0607 -0.0117 -0.9981
vn 0.0740 -0.0156 -0.9971
vn 0.0919 -0.0210 -0.9955
vn 0.1150 -0.0284 -0.9930
vn 0.1154 -0.0426 -0.9924
vn 0.1158 -0.0555 -0.9917
vn 0.1170 -0.0682 -0.9908
vn 0.1191 -0.0819 -0.9895
vn 0.1221 -0.0952 -0.9879
vn 0.1258 -0.1092 -0.9860
vn 0.1295 -0.1245 -0.9837
vn 0.1033 -0.1152 -0.9880
vn 0.0820 -0.1074 -0.9908
vn 0.0653 -0.1013 -0.9927
vn 0.0517 -0.0966 -0.9940
vn 0.0419 -0.0933 -0.9948
vn 0.0347 -0.0911 -0.9952
vn 0.0035 -0.0875 -0.9962
vn 0.0180 -0.0723 -0.9972
vn 0.0287 -0.0591 -0.9978
vn 0.0372 -0.0462 -0.9982
vn 0.0447 -0.0317 -0.9985
vn 0.0520 -0.0135 -0.9986
vn -0.0000 -0.0840 -0.9965
vn 0.0145 -0.0695 -0.9975
vn 0.0252 -0.0570 -0.9981
vn 0.0337 -0.0447 -0.9984
vn 0.0411 -0.0309 -0.9987
vn 0.0484 -0.0133 -0.9987
vn -0.0010 -0.0811 -0.9967
vn 0.0130 -0.0672 -0.9977
vn 0.0234 -0.0553 -0.9982
vn 0.0318 -0.0435 -0.9985
vn 0.0390 -0.0303 -0.9988
vn 0.0460 -0.0135 -0.9989
vn -0.0003 -0.0786 -0.9969
vn 0.0131 -0.0654 -0.9978
vn 0.0230 -0.0540 -0.9983
vn 0.0310 -0.0427 -0.9986
vn 0.0379 -0.0300 -0.9988
vn 0.0445 -0.0139 -0.9989
vn 0.0017 -0.0767 -0.9971
vn 0.0142 -0.0639 -0.9979
vn 0.0235 -0.0529 -0.9983
vn 0.0310 -0.0421 -0.9986
vn 0.0374 -0.0299 -0.9989
vn 0.0436 -0.0144 -0.9989
vn 0.0045 -0.0753 -0.9972
vn 0.0160 -0.0629 -0.9979
vn 0.0247 -0.0523 -0.9983
vn 0.0316 -0.0418 -0.9986
vn 0.0376 -0.0301 -0.9988
vn 0.0433 -0.0152 -0.9989
vn -0.0106 -0.1137 -0.9935
vn 0.0106 -0.0918 -0.9957
vn 0.0246 -0.0757 -0.9968
vn 0.0349 -0.0618 -0.9975
vn 0.0431 -0.0482 -0.9979
vn 0.0504 -0.0331 -0.9982
vn 0.0577 -0.0142 -0.9982
vn 0.0668 0.0128 -0.9977
vn 0.0608 0.0127 -0.9981
vn 0.0568 0.0119 -0.9983
vn 0.0540 0.0108 -0.9985
vn 0.0520 0.0095 -0.9986
vn 0.0506 0.0080 -0.9987
vn 0.0497 0.0064 -0.9987
vn 0.0492 0.0046 -0.9988
vn 0.0433 -0.0161 -0.9989
vn 0.0381 -0.0305 -0.9988
vn 0.0327 -0.0418 -0.9986
vn 0.0263 -0.0520 -0.9983
vn 0.0184 -0.0623 -0.9979
vn 0.0079 -0.0744 -0.9972
vn -0.0076 -0.0911 -0.9958
vn -0.0124 -0.0924 -0.9956
vn -0.0166 -0.0943 -0.9954
vn -0.0198 -0.0968 -0.9951
vn -0.0216 -0.1000 -0.9948
vn -0.0213 -0.1038 -0.9944
vn -0.0180 -0.1083 -0.9940
vn 0.0148 -0.0735 -0.9972
vn 0.0235 -0.0619 -0.9978
vn 0.0300 -0.0520 -0.9982
vn 0.0352 -0.0424 -0.9985
vn 0.0396 -0.0317 -0.9987
vn 0.0438 -0.0183 -0.9989
vn 0.0178 -0.0732 -0.9972
vn 0.0256 -0.0618 -0.9978
vn 0.0314 -0.0521 -0.9981
vn 0.0360 -0.0427 -0.9984
vn 0.0399 -0.0323 -0.9987
vn 0.0436 -0.0192 -0.9989
vn 0.0205 -0.0730 -0.9971
vn 0.0274 -0.0617 -0.9977
vn 0.0325 -0.0522 -0.9981
vn 0.0366 -0.0429 -0.9984
vn 0.0401 -0.0328 -0.9987
vn 0.0433 -0.0201 -0.9989
vn 0.0229 -0.0729 -0.9971
vn 0.0290 -0.0617 -0.9977
vn 0.0335 -0.0522 -0.9981
vn 0.0370 -0.0431 -0.9984
vn 0.0400 -0.0332 -0.9986
vn 0.0428 -0.0208 -0.9989
vn 0.0253 -0.0729 -0.9970
vn 0.0305 -0.0617 -0.9976
vn 0.0343 -0.0523 -0.9980
vn 0.0373 -0.0433 -0.9984
vn 0.0398 -0.0335 -0.9986
vn 0.0421 -0.0213 -0.9989
vn 0.0276 -0.0730 -0.9970
vn 0.0319 -0.0618 -0.9976
vn 0.0350 -0.0524 -0.9980
vn 0.0374 -0.0434 -0.9984
vn 0.0394 -0.0337 -0.9987
vn 0.0413 -0.0217 -0.9989
vn -0.0026 -0.0902 -0.9959
vn 0.0115 -0.0739 -0.9972
vn 0.0211 -0.0620 -0.9979
vn 0.0283 -0.0519 -0.9982
vn 0.0340 -0.0421 -0.9985
vn 0.0390 -0.0311 -0.9988
vn 0.0437 -0.0172 -0.9989
vn 0.0489 0.0028 -0.9988
vn 0.0485 0.0010 -0.9988
vn 0.0478 -0.0006 -0.9989
vn 0.0470 -0.0019 -0.9989
vn 0.0459 -0.0031 -0.9989
vn 0.0448 -0.0041 -0.9990
vn 0.0434 -0.0047 -0.9990
vn 0.0420 -0.0051 -0.9991
vn 0.0403 -0.0219 -0.9989
vn 0.0388 -0.0338 -0.9987
vn 0.0373 -0.0435 -0.9984
vn 0.0355 -0.0525 -0.9980
vn 0.0332 -0.0619 -0.9975
vn 0.0299 -0.0732 -0.9969
vn 0.0251 -0.0890 -0.9957
vn 0.0212 -0.0885 -0.9958
vn 0.0175 -0.0883 -0.9959
vn 0.0138 -0.0884 -0.9960
vn 0.0101 -0.0886 -0.9960
vn 0.0062 -0.0890 -0.9960
vn 0.0020 -0.0895 -0.9960
vn -0.1177 -0.0179 -0.9929
vn -0.1134 0.0031 -0.9935
vn -0.1159 0.0255 -0.9929
vn -0.1245 0.0517 -0.9909
vn -0.1401 0.0817 -0.9868
vn -0.1626 0.1176 -0.9797
vn -0.0451 -0.0591 -0.9972
vn -0.0327 -0.0416 -0.9986
vn -0.0267 -0.0240 -0.9994
vn -0.0263 -0.0038 -0.9996
vn -0.0322 0.0204 -0.9993
vn -0.0451 0.0516 -0.9977
vn -0.0015 -0.0831 -0.9965
vn 0.0132 -0.0663 -0.9977
vn 0.0223 -0.0504 -0.9985
vn 0.0267 -0.0330 -0.9991
vn 0.0266 -0.0124 -0.9996
vn 0.0220 0.0144 -0.9997
vn 0.0227 -0.0960 -0.9951
vn 0.0364 -0.0785 -0.9963
vn 0.0455 -0.0628 -0.9970
vn 0.0516 -0.0468 -0.9976
vn 0.0552 -0.0285 -0.9981
vn 0.0574 -0.0054 -0.9983
vn 0.0309 -0.1005 -0.9945
vn 0.0438 -0.0827 -0.9956
vn 0.0528 -0.0673 -0.9963
vn 0.0596 -0.0520 -0.9969
vn 0.0652 -0.0349 -0.9973
vn 0.0707 -0.0137 -0.9974
vn 0.0290 -0.1001 -0.9946
vn 0.0418 -0.0825 -0.9957
vn 0.0509 -0.0674 -0.9964
vn 0.0582 -0.0526 -0.9969
vn 0.0646 -0.0363 -0.9973
vn 0.0714 -0.0160 -0.9973
vn -0.2248 0.0179 -0.9742
vn -0.2292 0.0459 -0.9723
vn -0.2392 0.0746 -0.9681
vn -0.2558 0.1062 -0.9609
vn -0.2787 0.1425 -0.9498
vn -0.3084 0.1814 -0.9338
vn -0.3413 0.2222 -0.9133
vn -0.3674 0.2603 -0.8929
vn -0.2025 0.1701 -0.9644
vn -0.0706 0.0977 -0.9927
vn 0.0119 0.0528 -0.9985
vn 0.0588 0.0273 -0.9979
vn 0.0777 0.0161 -0.9968
vn 0.0804 0.0125 -0.9967
vn 0.0750 0.0122 -0.9971
vn 0.0656 -0.0155 -0.9977
vn 0.0584 -0.0351 -0.9977
vn 0.0515 -0.0509 -0.9974
vn 0.0438 -0.0652 -0.9969
vn 0.0342 -0.0797 -0.9962
vn 0.0210 -0.0968 -0.9951
vn 0.0008 -0.1198 -0.9928
vn 0.0094 -0.1239 -0.9922
vn 0.0110 -0.1244 -0.9922
vn 0.0012 -0.1189 -0.9929
vn -0.0257 -0.1040 -0.9942
vn -0.0698 -0.0784 -0.9945
vn -0.1371 -0.0378 -0.9898
vn 0.0086 -0.0418 -0.9991
vn 0.0279 -0.0356 -0.9990
vn -0.0852 -0.0384 -0.9956
vn 0.0264 -0.0362 -0.9990
vn -0.0820 -0.0241 -0.9963
vn 0.0106 -0.0413 -0.9991
vn -0.0203 -0.0465 -0.9987
vn -0.0122 -0.0411 -0.9991
vn 0.0438 -0.0321 -0.9985
vn -0.0186 0.0335 0.9993
vn -0.0174 0.0282 0.9995
vn -0.0158 0.0203 0.9997
vn -0.0137 0.0088 0.9999
vn -0.0112 -0.0066 0.9999
vn -0.0079 -0.0281 0.9996
vn -0.0079 0.0385 0.9992
vn -0.0069 0.0343 0.9994
vn -0.0056 0.0278 0.9996
vn -0.0038 0.0179 0.9998
vn -0.0014 0.0036 1.0000
vn 0.0019 -0.0176 0.9998
vn 0.0009 0.0426 0.9991
vn 0.0017 0.0392 0.9992
vn 0.0029 0.0335 0.9994
vn 0.0047 0.0246 0.9997
vn 0.0072 0.0111 0.9999
vn 0.0109 -0.0093 0.9999
vn 0.0092 0.0466 0.9989
vn 0.0099 0.0436 0.9990
vn 0.0111 0.0384 0.9992
vn 0.0130 0.0300 0.9995
vn 0.0159 0.0172 0.9997
vn 0.0203 -0.0023 0.9998
vn 0.0180 0.0508 0.9985
vn 0.0186 0.0481 0.9987
vn 0.0199 0.0429 0.9989
vn 0.0220 0.0345 0.9992
vn 0.0251 0.0221 0.9994
vn 0.0298 0.0034 0.9995
vn 0.0287 0.0560 0.9980
vn 0.0293 0.0533 0.9982
vn 0.0306 0.0478 0.9984
vn 0.0329 0.0390 0.9987
vn 0.0361 0.0265 0.9990
vn 0.0407 0.0085 0.9991
vn -0.0351 0.0317 0.9989
vn -0.0336 0.0265 0.9991
vn -0.0320 0.0194 0.9993
vn -0.0299 0.0093 0.9995
vn -0.0272 -0.0047 0.9996
vn -0.0242 -0.0223 0.9995
vn -0.0203 -0.0447 0.9988
vn -0.0154 -0.0722 0.9973
vn -0.0040 -0.0613 0.9981
vn 0.0063 -0.0510 0.9987
vn 0.0164 -0.0417 0.9990
vn 0.0273 -0.0330 0.9991
vn 0.0377 -0.0257 0.9990
vn 0.0487 -0.0188 0.9986
vn 0.0608 -0.0114 0.9981
vn 0.0557 0.0123 0.9984
vn 0.0515 0.0305 0.9982
vn 0.0482 0.0440 0.9979
vn 0.0457 0.0541 0.9975
vn 0.0443 0.0603 0.9972
vn 0.0437 0.0633 0.9970
vn 0.0438 0.0639 0.9970
vn 0.0287 0.0567 0.9980
vn 0.0179 0.0517 0.9985
vn 0.0090 0.0478 0.9988
vn 0.0005 0.0443 0.9990
vn -0.0085 0.0409 0.9991
vn -0.0196 0.0370 0.9991
vn -0.0344 0.0531 0.9980
vn -0.0324 0.0476 0.9983
vn -0.0308 0.0439 0.9986
vn -0.0296 0.0418 0.9987
vn -0.0286 0.0408 0.9988
vn -0.0278 0.0407 0.9988
vn -0.0140 0.0488 0.9987
vn -0.0127 0.0438 0.9990
vn -0.0120 0.0407 0.9991
vn -0.0116 0.0390 0.9992
vn -0.0115 0.0384 0.9992
vn -0.0114 0.0387 0.9992
vn 0.0027 0.0466 0.9989
vn 0.0033 0.0423 0.9991
vn 0.0033 0.0397 0.9992
vn 0.0030 0.0383 0.9993
vn 0.0024 0.0380 0.9993
vn 0.0019 0.0384 0.9993
vn 0.0181 0.0463 0.9988
vn 0.0180 0.0425 0.9989
vn 0.0174 0.0404 0.9990
vn 0.0164 0.0393 0.9991
vn 0.0153 0.0391 0.9991
vn 0.0142 0.0395 0.9991
vn 0.0343 0.0475 0.9983
vn 0.0335 0.0444 0.9985
vn 0.0322 0.0427 0.9986
vn 0.0306 0.0418 0.9987
vn 0.0288 0.0417 0.9987
vn 0.0271 0.0421 0.9987
vn 0.0537 0.0506 0.9973
vn 0.0521 0.0482 0.9975
vn 0.0500 0.0468 0.9977
vn 0.0476 0.0461 0.9978
vn 0.0451 0.0459 0.9979
vn 0.0426 0.0463 0.9980
vn -0.0669 0.0691 0.9954
vn -0.0634 0.0608 0.9961
vn -0.0602 0.0548 0.9967
vn -0.0574 0.0505 0.9971
vn -0.0550 0.0476 0.9974
vn -0.0528 0.0459 0.9975
vn -0.0509 0.0451 0.9977
vn -0.0491 0.0452 0.9978
vn -0.0270 0.0414 0.9988
vn -0.0114 0.0397 0.9991
vn 0.0013 0.0395 0.9992
vn 0.0131 0.0406 0.9991
vn 0.0254 0.0430 0.9988
vn 0.0403 0.0470 0.9981
vn 0.0610 0.0535 0.9967
vn 0.0643 0.0529 0.9965
vn 0.0677 0.0527 0.9963
vn 0.0713 0.0529 0.9961
vn 0.0747 0.0534 0.9958
vn 0.0779 0.0545 0.9955
vn 0.0806 0.0563 0.9952
vn 0.0825 0.0592 0.9948
vn 0.0545 0.0546 0.9970
vn 0.0343 0.0526 0.9980
vn 0.0175 0.0523 0.9985
vn 0.0014 0.0536 0.9986
vn -0.0159 0.0564 0.9983
vn -0.0371 0.0613 0.9974
vn -0.0255 0.0432 0.9987
vn -0.0247 0.0434 0.9988
vn -0.0238 0.0433 0.9988
vn -0.0229 0.0428 0.9988
vn -0.0221 0.0420 0.9989
vn -0.0212 0.0408 0.9989
vn -0.0112 0.0421 0.9991
vn -0.0109 0.0428 0.9990
vn -0.0106 0.0432 0.9990
vn -0.0102 0.0433 0.9990
vn -0.0098 0.0432 0.9990
vn -0.0094 0.0427 0.9990
vn 0.0005 0.0422 0.9991
vn 0.0003 0.0431 0.9991
vn 0.0002 0.0438 0.9990
vn 0.0002 0.0443 0.9990
vn 0.0002 0.0446 0.9990
vn 0.0003 0.0448 0.9990
vn 0.0113 0.0433 0.9990
vn 0.0107 0.0443 0.9990
vn 0.0102 0.0452 0.9989
vn 0.0098 0.0460 0.9989
vn 0.0095 0.0466 0.9989
vn 0.0092 0.0472 0.9988
vn 0.0227 0.0455 0.9987
vn 0.0216 0.0466 0.9987
vn 0.0207 0.0476 0.9987
vn 0.0199 0.0486 0.9986
vn 0.0192 0.0495 0.9986
vn 0.0187 0.0503 0.9986
vn 0.0363 0.0493 0.9981
vn 0.0347 0.0504 0.9981
vn 0.0332 0.0514 0.9981
vn 0.0320 0.0525 0.9981
vn 0.0309 0.0536 0.9981
vn 0.0300 0.0547 0.9981
vn -0.0474 0.0456 0.9978
vn -0.0458 0.0456 0.9979
vn -0.0441 0.0451 0.9980
vn -0.0425 0.0441 0.9981
vn -0.0409 0.0427 0.9983
vn -0.0394 0.0408 0.9984
vn -0.0379 0.0385 0.9985
vn -0.0365 0.0355 0.9987
vn -0.0204 0.0392 0.9990
vn -0.0090 0.0421 0.9991
vn 0.0004 0.0448 0.9990
vn 0.0091 0.0477 0.9988
vn 0.0182 0.0512 0.9985
vn 0.0293 0.0558 0.9980
vn 0.0446 0.0627 0.9970
vn 0.0458 0.0613 0.9971
vn 0.0472 0.0599 0.9971
vn 0.0488 0.0587 0.9971
vn 0.0507 0.0575 0.9971
vn 0.0529 0.0564 0.9970
vn 0.0553 0.0554 0.9969
vn 0.0580 0.0544 0.9968
vn 0.0382 0.0481 0.9981
vn 0.0239 0.0443 0.9987
vn 0.0121 0.0420 0.9990
vn 0.0008 0.0409 0.9992
vn -0.0113 0.0410 0.9991
vn -0.0263 0.0424 0.9988
vn -0.0592 0.3856 0.9207
vn -0.0577 0.2803 0.9582
vn -0.0549 0.2033 0.9776
vn -0.0513 0.1489 0.9875
vn -0.0475 0.1132 0.9924
vn -0.0438 0.0894 0.9950
vn -0.0393 0.3953 0.9177
vn -0.0365 0.2802 0.9592
vn -0.0328 0.1989 0.9795
vn -0.0290 0.1440 0.9892
vn -0.0253 0.1082 0.9938
vn -0.0218 0.0843 0.9962
vn -0.0217 0.4107 0.9115
vn -0.0186 0.2851 0.9583
vn -0.0147 0.1983 0.9800
vn -0.0108 0.1414 0.9899
vn -0.0071 0.1046 0.9945
vn -0.0036 0.0804 0.9968
vn -0.0038 0.4319 0.9019
vn -0.0014 0.2946 0.9556
vn 0.0023 0.2011 0.9796
vn 0.0062 0.1407 0.9900
vn 0.0099 0.1022 0.9947
vn 0.0133 0.0776 0.9969
vn 0.0139 0.4593 0.8882
vn 0.0163 0.3097 0.9507
vn 0.0201 0.2079 0.9779
vn 0.0241 0.1419 0.9896
vn 0.0279 0.1009 0.9945
vn 0.0311 0.0759 0.9966
vn 0.0336 0.4933 0.8692
vn 0.0370 0.3325 0.9424
vn 0.0412 0.2203 0.9746
vn 0.0456 0.1460 0.9882
vn 0.0496 0.1013 0.9936
vn 0.0525 0.0757 0.9957
vn -0.0820 0.4995 0.8624
vn -0.0862 0.3887 0.9173
vn -0.0872 0.2900 0.9531
vn -0.0857 0.2138 0.9731
vn -0.0824 0.1575 0.9841
vn -0.0787 0.1207 0.9896
vn -0.0747 0.0967 0.9925
vn -0.0708 0.0805 0.9942
vn -0.0403 0.0730 0.9965
vn -0.0185 0.0678 0.9975
vn -0.0007 0.0643 0.9979
vn 0.0158 0.0620 0.9979
vn 0.0333 0.0611 0.9976
vn 0.0542 0.0618 0.9966
vn 0.0832 0.0647 0.9944
vn 0.0822 0.0777 0.9936
vn 0.0795 0.1045 0.9913
vn 0.0754 0.1552 0.9850
vn 0.0702 0.2430 0.9675
vn 0.0649 0.3729 0.9256
vn 0.0593 0.5469 0.8351
vn 0.0531 0.7223 0.6895
vn 0.0338 0.6885 0.7245
vn 0.0156 0.6466 0.7627
vn -0.0027 0.6061 0.7954
vn -0.0223 0.5707 0.8209
vn -0.0408 0.5415 0.8397
vn -0.0603 0.5183 0.8531
vn 0.0011 0.0234 0.9997
vn -0.0029 0.0197 0.9998
vn -0.0089 0.0144 0.9999
vn -0.0179 0.0069 0.9998
vn -0.0299 -0.0030 0.9995
vn -0.0469 -0.0167 0.9988
vn 0.0108 0.0166 0.9998
vn 0.0076 0.0137 0.9999
vn 0.0026 0.0093 1.0000
vn -0.0051 0.0028 1.0000
vn -0.0163 -0.0065 0.9998
vn -0.0329 -0.0199 0.9993
vn 0.0188 0.0111 0.9998
vn 0.0162 0.0087 0.9998
vn 0.0118 0.0048 0.9999
vn 0.0050 -0.0012 1.0000
vn -0.0054 -0.0101 0.9999
vn -0.0212 -0.0236 0.9995
vn 0.0263 0.0059 0.9996
vn 0.0241 0.0038 0.9997
vn 0.0201 0.0002 0.9998
vn 0.0138 -0.0057 0.9999
vn 0.0042 -0.0146 0.9999
vn -0.0104 -0.0281 0.9995
vn 0.0344 0.0004 0.9994
vn 0.0323 -0.0015 0.9995
vn 0.0285 -0.0052 0.9996
vn 0.0223 -0.0112 0.9997
vn 0.0131 -0.0201 0.9997
vn -0.0007 -0.0336 0.9994
vn 0.0443 -0.0063 0.9990
vn 0.0422 -0.0081 0.9991
vn 0.0381 -0.0120 0.9992
vn 0.0316 -0.0184 0.9993
vn 0.0224 -0.0275 0.9994
vn 0.0091 -0.0405 0.9991
vn -0.0088 0.0368 0.9993
vn -0.0125 0.0329 0.9994
vn -0.0178 0.0279 0.9995
vn -0.0255 0.0211 0.9995
vn -0.0363 0.0118 0.9993
vn -0.0500 0.0004 0.9988
vn -0.0675 -0.0142 0.9976
vn -0.0888 -0.0322 0.9955
vn -0.0736 -0.0366 0.9966
vn -0.0596 -0.0404 0.9974
vn -0.0465 -0.0445 0.9979
vn -0.0335 -0.0495 0.9982
vn -0.0220 -0.0549 0.9982
vn -0.0106 -0.0610 0.9981
vn 0.0019 -0.0678 0.9977
vn 0.0199 -0.0515 0.9985
vn 0.0336 -0.0387 0.9987
vn 0.0436 -0.0292 0.9986
vn 0.0511 -0.0220 0.9985
vn 0.0557 -0.0176 0.9983
vn 0.0581 -0.0156 0.9982
vn 0.0587 -0.0154 0.9982
vn 0.0448 -0.0059 0.9990
vn 0.0351 0.0009 0.9994
vn 0.0272 0.0067 0.9996
vn 0.0200 0.0123 0.9997
vn 0.0125 0.0184 0.9998
vn 0.0036 0.0260 0.9997
vn 0.0102 0.0470 0.9988
vn 0.0064 0.0424 0.9991
vn 0.0040 0.0392 0.9992
vn 0.0028 0.0371 0.9993
vn 0.0024 0.0357 0.9994
vn 0.0027 0.0350 0.9994
vn 0.0166 0.0271 0.9995
vn 0.0129 0.0235 0.9996
vn 0.0106 0.0213 0.9997
vn 0.0094 0.0202 0.9998
vn 0.0089 0.0197 0.9998
vn 0.0092 0.0198 0.9998
vn 0.0231 0.0115 0.9997
vn 0.0196 0.0089 0.9998
vn 0.0174 0.0076 0.9998
vn 0.0160 0.0072 0.9998
vn 0.0155 0.0075 0.9999
vn 0.0156 0.0082 0.9998
vn 0.0305 -0.0020 0.9995
vn 0.0272 -0.0038 0.9996
vn 0.0250 -0.0043 0.9997
vn 0.0236 -0.0040 0.9997
vn 0.0229 -0.0031 0.9997
vn 0.0227 -0.0019 0.9997
vn 0.0397 -0.0154 0.9991
vn 0.0366 -0.0162 0.9992
vn 0.0344 -0.0160 0.9993
vn 0.0329 -0.0150 0.9993
vn 0.0319 -0.0136 0.9994
vn 0.0313 -0.0118 0.9994
vn 0.0521 -0.0306 0.9982
vn 0.0492 -0.0304 0.9983
vn 0.0469 -0.0293 0.9985
vn 0.0451 -0.0276 0.9986
vn 0.0437 -0.0255 0.9987
vn 0.0428 -0.0232 0.9988
vn 0.0078 0.0831 0.9965
vn 0.0024 0.0759 0.9971
vn -0.0013 0.0701 0.9975
vn -0.0036 0.0655 0.9978
vn -0.0049 0.0620 0.9981
vn -0.0053 0.0593 0.9982
vn -0.0050 0.0572 0.9983
vn -0.0041 0.0557 0.9984
vn 0.0037 0.0347 0.9994
vn 0.0100 0.0203 0.9997
vn 0.0162 0.0092 0.9998
vn 0.0230 -0.0005 0.9997
vn 0.0313 -0.0100 0.9995
vn 0.0423 -0.0208 0.9989
vn 0.0582 -0.0355 0.9977
vn 0.0594 -0.0386 0.9975
vn 0.0609 -0.0417 0.9973
vn 0.0629 -0.0447 0.9970
vn 0.0651 -0.0474 0.9968
vn 0.0676 -0.0496 0.9965
vn 0.0705 -0.0511 0.9962
vn 0.0740 -0.0512 0.9959
vn 0.0560 -0.0293 0.9980
vn 0.0441 -0.0128 0.9989
vn 0.0354 0.0016 0.9994
vn 0.0285 0.0161 0.9995
vn 0.0223 0.0326 0.9992
vn 0.0159 0.0533 0.9984
vn 0.0060 0.0342 0.9994
vn 0.0066 0.0336 0.9994
vn 0.0070 0.0328 0.9994
vn 0.0070 0.0318 0.9995
vn 0.0067 0.0307 0.9995
vn 0.0061 0.0293 0.9996
vn 0.0123 0.0213 0.9997
vn 0.0130 0.0214 0.9997
vn 0.0135 0.0213 0.9997
vn 0.0138 0.0210 0.9997
vn 0.0138 0.0206 0.9997
vn 0.0137 0.0201 0.9997
vn 0.0181 0.0112 0.9998
vn 0.0189 0.0119 0.9998
vn 0.0194 0.0123 0.9997
vn 0.0199 0.0126 0.9997
vn 0.0201 0.0127 0.9997
vn 0.0203 0.0127 0.9997
vn 0.0245 0.0024 0.9997
vn 0.0251 0.0035 0.9997
vn 0.0256 0.0044 0.9997
vn 0.0261 0.0051 0.9996
vn 0.0265 0.0057 0.9996
vn 0.0269 0.0062 0.9996
vn 0.0321 -0.0063 0.9995
vn 0.0325 -0.0048 0.9995
vn 0.0330 -0.0035 0.9995
vn 0.0334 -0.0024 0.9994
vn 0.0338 -0.0013 0.9994
vn 0.0343 -0.0004 0.9994
vn 0.0422 -0.0162 0.9990
vn 0.0423 -0.0143 0.9990
vn 0.0425 -0.0125 0.9990
vn 0.0428 -0.0109 0.9990
vn 0.0432 -0.0094 0.9990
vn 0.0437 -0.0081 0.9990
vn -0.0028 0.0545 0.9985
vn -0.0020 0.0530 0.9986
vn -0.0016 0.0513 0.9987
vn -0.0016 0.0494 0.9988
vn -0.0021 0.0473 0.9989
vn -0.0029 0.0451 0.9990
vn -0.0043 0.0426 0.9991
vn -0.0061 0.0399 0.9992
vn 0.0051 0.0278 0.9996
vn 0.0133 0.0194 0.9997
vn 0.0203 0.0126 0.9997
vn 0.0272 0.0065 0.9996
vn 0.0348 0.0004 0.9994
vn 0.0443 -0.0068 0.9990
vn 0.0580 -0.0167 0.9982
vn 0.0574 -0.0184 0.9982
vn 0.0569 -0.0203 0.9982
vn 0.0567 -0.0223 0.9981
vn 0.0566 -0.0246 0.9981
vn 0.0567 -0.0270 0.9980
vn 0.0570 -0.0296 0.9979
vn 0.0575 -0.0324 0.9978
vn 0.0421 -0.0184 0.9989
vn 0.0317 -0.0080 0.9995
vn 0.0238 0.0011 0.9997
vn 0.0172 0.0103 0.9998
vn 0.0112 0.0209 0.9997
vn 0.0050 0.0346 0.9994
vn 0.2871 0.2354 0.9285
vn 0.1959 0.1810 0.9638
vn 0.1303 0.1400 0.9815
vn 0.0848 0.1095 0.9904
vn 0.0557 0.0884 0.9945
vn 0.0369 0.0733 0.9966
vn 0.3055 0.2231 0.9257
vn 0.2065 0.1627 0.9648
vn 0.1375 0.1187 0.9834
vn 0.0917 0.0878 0.9919
vn 0.0625 0.0666 0.9958
vn 0.0435 0.0516 0.9977
vn 0.3277 0.2156 0.9198
vn 0.2196 0.1496 0.9640
vn 0.1461 0.1026 0.9839
vn 0.0986 0.0707 0.9926
vn 0.0685 0.0491 0.9964
vn 0.0492 0.0340 0.9982
vn 0.3552 0.2108 0.9107
vn 0.2365 0.1395 0.9616
vn 0.1570 0.0893 0.9836
vn 0.1065 0.0556 0.9928
vn 0.0749 0.0331 0.9966
vn 0.0553 0.0179 0.9983
vn 0.3880 0.2093 0.8976
vn 0.2586 0.1318 0.9570
vn 0.1718 0.0773 0.9821
vn 0.1165 0.0407 0.9924
vn 0.0828 0.0169 0.9964
vn 0.0627 0.0016 0.9980
vn 0.4277 0.2094 0.8794
vn 0.2889 0.1254 0.9491
vn 0.1932 0.0653 0.9790
vn 0.1308 0.0242 0.9911
vn 0.0939 -0.0017 0.9956
vn 0.0732 -0.0170 0.9972
vn 0.3754 0.3126 0.8726
vn 0.2763 0.2604 0.9251
vn 0.1896 0.2115 0.9588
vn 0.1241 0.1719 0.9773
vn 0.0768 0.1408 0.9870
vn 0.0467 0.1191 0.9918
vn 0.0279 0.1037 0.9942
vn 0.0158 0.0921 0.9956
vn 0.0244 0.0619 0.9978
vn 0.0309 0.0406 0.9987
vn 0.0367 0.0234 0.9991
vn 0.0430 0.0079 0.9990
vn 0.0510 -0.0077 0.9987
vn 0.0620 -0.0254 0.9978
vn 0.0791 -0.0490 0.9957
vn 0.0898 -0.0417 0.9951
vn 0.1118 -0.0260 0.9934
vn 0.1537 0.0031 0.9881
vn 0.2275 0.0516 0.9724
vn 0.3380 0.1215 0.9333
vn 0.4876 0.2143 0.8464
vn 0.6391 0.3087 0.7045
vn 0.5995 0.3082 0.7387
vn 0.5534 0.3026 0.7760
vn 0.5085 0.2979 0.8079
vn 0.4676 0.2969 0.8326
vn 0.4327 0.2982 0.8508
vn 0.4026 0.3033 0.8636
vn 0.0022 0.0013 1.0000
vn -0.0030 0.0029 1.0000
vn -0.0106 0.0055 0.9999
vn -0.0216 0.0095 0.9997
vn -0.0362 0.0149 0.9992
vn -0.0565 0.0228 0.9981
vn 0.0011 -0.0104 0.9999
vn -0.0029 -0.0092 1.0000
vn -0.0093 -0.0071 0.9999
vn -0.0188 -0.0037 0.9998
vn -0.0324 0.0014 0.9995
vn -0.0523 0.0091 0.9986
vn 0.0003 -0.0202 0.9998
vn -0.0030 -0.0191 0.9998
vn -0.0086 -0.0173 0.9998
vn -0.0172 -0.0144 0.9997
vn -0.0301 -0.0099 0.9995
vn -0.0497 -0.0028 0.9988
vn -0.0004 -0.0293 0.9996
vn -0.0033 -0.0284 0.9996
vn -0.0084 -0.0268 0.9996
vn -0.0167 -0.0243 0.9996
vn -0.0292 -0.0204 0.9994
vn -0.0482 -0.0145 0.9987
vn -0.0011 -0.0390 0.9992
vn -0.0038 -0.0382 0.9993
vn -0.0089 -0.0367 0.9993
vn -0.0172 -0.0343 0.9993
vn -0.0295 -0.0308 0.9991
vn -0.0480 -0.0256 0.9985
vn -0.0019 -0.0509 0.9987
vn -0.0046 -0.0500 0.9987
vn -0.0100 -0.0485 0.9988
vn -0.0188 -0.0460 0.9988
vn -0.0312 -0.0425 0.9986
vn -0.0491 -0.0376 0.9981
vn 0.0088 0.0165 0.9998
vn 0.0036 0.0179 0.9998
vn -0.0034 0.0200 0.9998
vn -0.0131 0.0232 0.9996
vn -0.0266 0.0279 0.9993
vn -0.0433 0.0340 0.9985
vn -0.0646 0.0419 0.9970
vn -0.0908 0.0514 0.9945
vn -0.0871 0.0361 0.9955
vn -0.0834 0.0220 0.9963
vn -0.0804 0.0086 0.9967
vn -0.0783 -0.0052 0.9969
vn -0.0771 -0.0179 0.9969
vn -0.0767 -0.0308 0.9966
vn -0.0763 -0.0450 0.9961
vn -0.0532 -0.0525 0.9972
vn -0.0354 -0.0579 0.9977
vn -0.0221 -0.0618 0.9978
vn -0.0120 -0.0647 0.9978
vn -0.0060 -0.0665 0.9978
vn -0.0030 -0.0675 0.9977
vn -0.0026 -0.0679 0.9977
vn -0.0013 -0.0512 0.9987
vn -0.0003 -0.0394 0.9992
vn 0.0008 -0.0297 0.9996
vn 0.0020 -0.0207 0.9998
vn 0.0036 -0.0111 0.9999
vn 0.0057 0.0004 1.0000
vn 0.0271 0.0052 0.9996
vn 0.0213 0.0062 0.9998
vn 0.0173 0.0067 0.9998
vn 0.0149 0.0067 0.9999
vn 0.0135 0.0064 0.9999
vn 0.0130 0.0057 0.9999
vn 0.0131 -0.0103 0.9999
vn 0.0082 -0.0089 0.9999
vn 0.0051 -0.0080 1.0000
vn 0.0035 -0.0075 1.0000
vn 0.0029 -0.0073 1.0000
vn 0.0031 -0.0075 1.0000
vn 0.0029 -0.0237 0.9997
vn -0.0011 -0.0220 0.9998
vn -0.0034 -0.0207 0.9998
vn -0.0044 -0.0197 0.9998
vn -0.0044 -0.0191 0.9998
vn -0.0038 -0.0188 0.9998
vn -0.0051 -0.0368 0.9993
vn -0.0083 -0.0349 0.9994
vn -0.0099 -0.0333 0.9994
vn -0.0103 -0.0319 0.9994
vn -0.0099 -0.0308 0.9995
vn -0.0089 -0.0300 0.9995
vn -0.0121 -0.0515 0.9986
vn -0.0144 -0.0493 0.9987
vn -0.0152 -0.0472 0.9988
vn -0.0152 -0.0454 0.9989
vn -0.0144 -0.0438 0.9989
vn -0.0132 -0.0425 0.9990
vn -0.0190 -0.0698 0.9974
vn -0.0204 -0.0672 0.9975
vn -0.0205 -0.0647 0.9977
vn -0.0199 -0.0623 0.9979
vn -0.0188 -0.0600 0.9980
vn -0.0173 -0.0581 0.9982
vn 0.0573 0.0254 0.9980
vn 0.0483 0.0265 0.9985
vn 0.0415 0.0267 0.9988
vn 0.0363 0.0265 0.9990
vn 0.0326 0.0258 0.9991
vn 0.0301 0.0248 0.9992
vn 0.0284 0.0235 0.9993
vn 0.0276 0.0219 0.9994
vn 0.0132 0.0047 0.9999
vn 0.0039 -0.0080 1.0000
vn -0.0026 -0.0189 0.9998
vn -0.0075 -0.0296 0.9995
vn -0.0116 -0.0415 0.9991
vn -0.0155 -0.0564 0.9983
vn -0.0202 -0.0776 0.9968
vn -0.0223 -0.0802 0.9965
vn -0.0242 -0.0830 0.9963
vn -0.0258 -0.0862 0.9959
vn -0.0271 -0.0895 0.9956
vn -0.0277 -0.0928 0.9953
vn -0.0275 -0.0960 0.9950
vn -0.0259 -0.0991 0.9947
vn -0.0160 -0.0725 0.9972
vn -0.0077 -0.0540 0.9985
vn 0.0005 -0.0393 0.9992
vn 0.0096 -0.0260 0.9996
vn 0.0207 -0.0125 0.9997
vn 0.0355 0.0035 0.9994
vn 0.0140 0.0025 0.9999
vn 0.0138 0.0016 0.9999
vn 0.0133 0.0010 0.9999
vn 0.0124 0.0004 0.9999
vn 0.0112 0.0001 0.9999
vn 0.0098 -0.0000 1.0000
vn 0.0059 -0.0094 0.9999
vn 0.0064 -0.0100 0.9999
vn 0.0066 -0.0105 0.9999
vn 0.0065 -0.0108 0.9999
vn 0.0061 -0.0111 0.9999
vn 0.0056 -0.0113 0.9999
vn 0.0001 -0.0195 0.9998
vn 0.0011 -0.0199 0.9998
vn 0.0017 -0.0201 0.9998
vn 0.0022 -0.0203 0.9998
vn 0.0024 -0.0205 0.9998
vn 0.0025 -0.0207 0.9998
vn -0.0043 -0.0294 0.9996
vn -0.0031 -0.0294 0.9996
vn -0.0020 -0.0295 0.9996
vn -0.0012 -0.0295 0.9996
vn -0.0005 -0.0296 0.9996
vn 0.0001 -0.0296 0.9996
vn -0.0080 -0.0404 0.9992
vn -0.0065 -0.0400 0.9992
vn -0.0052 -0.0397 0.9992
vn -0.0040 -0.0395 0.9992
vn -0.0029 -0.0394 0.9992
vn -0.0019 -0.0394 0.9992
vn -0.0116 -0.0541 0.9985
vn -0.0098 -0.0532 0.9985
vn -0.0082 -0.0525 0.9986
vn -0.0066 -0.0520 0.9986
vn -0.0051 -0.0516 0.9987
vn -0.0037 -0.0513 0.9987
vn 0.0271 0.0203 0.9994
vn 0.0263 0.0188 0.9995
vn 0.0250 0.0176 0.9995
vn 0.0233 0.0167 0.9996
vn 0.0213 0.0160 0.9996
vn 0.0189 0.0157 0.9997
vn 0.0161 0.0156 0.9997
vn 0.0128 0.0158 0.9998
vn 0.0080 -0.0000 1.0000
vn 0.0048 -0.0113 0.9999
vn 0.0024 -0.0207 0.9998
vn 0.0006 -0.0297 0.9996
vn -0.0009 -0.0394 0.9992
vn -0.0024 -0.0513 0.9987
vn -0.0040 -0.0680 0.9977
vn -0.0059 -0.0683 0.9976
vn -0.0077 -0.0689 0.9976
vn -0.0096 -0.0697 0.9975
vn -0.0116 -0.0707 0.9974
vn -0.0136 -0.0720 0.9973
vn -0.0157 -0.0736 0.9972
vn -0.0179 -0.0754 0.9970
vn -0.0135 -0.0551 0.9984
vn -0.0097 -0.0409 0.9991
vn -0.0058 -0.0295 0.9995
vn -0.0011 -0.0192 0.9998
vn 0.0051 -0.0087 0.9999
vn 0.0138 0.0035 0.9999
vn 0.3301 -0.1396 0.9336
vn 0.2368 -0.0882 0.9676
vn 0.1681 -0.0521 0.9844
vn 0.1188 -0.0281 0.9925
vn 0.0859 -0.0135 0.9962
vn 0.0633 -0.0048 0.9980
vn 0.3287 -0.1617 0.9305
vn 0.2261 -0.1066 0.9683
vn 0.1532 -0.0690 0.9858
vn 0.1034 -0.0449 0.9936
vn 0.0704 -0.0302 0.9971
vn 0.0478 -0.0213 0.9986
vn 0.3334 -0.1847 0.9245
vn 0.2214 -0.1245 0.9672
vn 0.1436 -0.0844 0.9860
vn 0.0920 -0.0594 0.9940
vn 0.0582 -0.0442 0.9973
vn 0.0354 -0.0351 0.9988
vn 0.3431 -0.2108 0.9153
vn 0.2211 -0.1441 0.9645
vn 0.1375 -0.1005 0.9854
vn 0.0829 -0.0737 0.9938
vn 0.0475 -0.0577 0.9972
vn 0.0246 -0.0483 0.9985
vn 0.3585 -0.2398 0.9022
vn 0.2256 -0.1670 0.9598
vn 0.1346 -0.1193 0.9837
vn 0.0750 -0.0899 0.9931
vn 0.0374 -0.0727 0.9967
vn 0.0142 -0.0629 0.9979
vn 0.3788 -0.2739 0.8840
vn 0.2353 -0.1964 0.9519
vn 0.1349 -0.1439 0.9804
vn 0.0679 -0.1105 0.9915
vn 0.0270 -0.0916 0.9954
vn 0.0033 -0.0813 0.9967
vn 0.4421 -0.1770 0.8793
vn 0.3464 -0.1178 0.9307
vn 0.2601 -0.0675 0.9632
vn 0.1927 -0.0307 0.9808
vn 0.1419 -0.0054 0.9899
vn 0.1080 0.0097 0.9941
vn 0.0852 0.0183 0.9962
vn 0.0691 0.0230 0.9973
vn 0.0473 0.0004 0.9989
vn 0.0319 -0.0159 0.9994
vn 0.0199 -0.0295 0.9994
vn 0.0097 -0.0428 0.9990
vn 0.0002 -0.0574 0.9984
vn -0.0096 -0.0758 0.9971
vn -0.0215 -0.1024 0.9945
vn -0.0097 -0.1080 0.9941
vn 0.0149 -0.1191 0.9928
vn 0.0611 -0.1409 0.9881
vn 0.1403 -0.1804 0.9736
vn 0.2568 -0.2408 0.9360
vn 0.4136 -0.3230 0.8512
vn 0.5738 -0.4057 0.7115
vn 0.5528 -0.3719 0.7457
vn 0.5243 -0.3352 0.7828
vn 0.4972 -0.2990 0.8145
vn 0.4754 -0.2643 0.8391
vn 0.4587 -0.2336 0.8573
vn 0.4479 -0.2052 0.8703
vn -0.0164 -0.0107 0.9998
vn -0.0176 -0.0054 0.9998
vn -0.0192 0.0025 0.9998
vn -0.0213 0.0140 0.9997
vn -0.0238 0.0294 0.9993
vn -0.0271 0.0509 0.9983
vn -0.0271 -0.0157 0.9995
vn -0.0281 -0.0115 0.9995
vn -0.0294 -0.0049 0.9996
vn -0.0312 0.0050 0.9995
vn -0.0336 0.0193 0.9992
vn -0.0369 0.0405 0.9985
vn -0.0359 -0.0198 0.9992
vn -0.0367 -0.0164 0.9992
vn -0.0379 -0.0107 0.9992
vn -0.0397 -0.0017 0.9992
vn -0.0422 0.0117 0.9990
vn -0.0459 0.0322 0.9984
vn -0.0442 -0.0238 0.9987
vn -0.0448 -0.0208 0.9988
vn -0.0460 -0.0155 0.9988
vn -0.0480 -0.0071 0.9988
vn -0.0509 0.0056 0.9987
vn -0.0553 0.0251 0.9982
vn -0.0530 -0.0280 0.9982
vn -0.0536 -0.0253 0.9982
vn -0.0548 -0.0201 0.9983
vn -0.0569 -0.0117 0.9983
vn -0.0601 0.0007 0.9982
vn -0.0648 0.0194 0.9977
vn -0.0636 -0.0332 0.9974
vn -0.0642 -0.0305 0.9975
vn -0.0655 -0.0250 0.9975
vn -0.0678 -0.0161 0.9976
vn -0.0711 -0.0037 0.9975
vn -0.0757 0.0143 0.9970
vn 0.0001 -0.0088 1.0000
vn -0.0014 -0.0037 1.0000
vn -0.0030 0.0035 1.0000
vn -0.0051 0.0135 0.9999
vn -0.0077 0.0276 0.9996
vn -0.0108 0.0451 0.9989
vn -0.0146 0.0675 0.9976
vn -0.0194 0.0950 0.9953
vn -0.0309 0.0841 0.9960
vn -0.0413 0.0738 0.9964
vn -0.0514 0.0645 0.9966
vn -0.0622 0.0558 0.9965
vn -0.0726 0.0484 0.9962
vn -0.0836 0.0416 0.9956
vn -0.0957 0.0342 0.9948
vn -0.0906 0.0104 0.9958
vn -0.0864 -0.0077 0.9962
vn -0.0831 -0.0212 0.9963
vn -0.0806 -0.0313 0.9963
vn -0.0791 -0.0375 0.9962
vn -0.0785 -0.0405 0.9961
vn -0.0787 -0.0412 0.9960
vn -0.0636 -0.0339 0.9974
vn -0.0529 -0.0289 0.9982
vn -0.0439 -0.0250 0.9987
vn -0.0355 -0.0215 0.9991
vn -0.0265 -0.0181 0.9995
vn -0.0154 -0.0141 0.9998
vn -0.0005 -0.0303 0.9995
vn -0.0026 -0.0247 0.9997
vn -0.0042 -0.0211 0.9998
vn -0.0054 -0.0190 0.9998
vn -0.0064 -0.0179 0.9998
vn -0.0072 -0.0179 0.9998
vn -0.0210 -0.0260 0.9994
vn -0.0223 -0.0210 0.9995
vn -0.0230 -0.0179 0.9996
vn -0.0234 -0.0162 0.9996
vn -0.0235 -0.0156 0.9996
vn -0.0236 -0.0159 0.9996
vn -0.0377 -0.0238 0.9990
vn -0.0382 -0.0194 0.9991
vn -0.0383 -0.0168 0.9991
vn -0.0379 -0.0155 0.9992
vn -0.0374 -0.0152 0.9992
vn -0.0368 -0.0156 0.9992
vn -0.0531 -0.0234 0.9983
vn -0.0530 -0.0197 0.9984
vn -0.0523 -0.0175 0.9985
vn -0.0514 -0.0165 0.9985
vn -0.0503 -0.0163 0.9986
vn -0.0491 -0.0167 0.9987
vn -0.0692 -0.0247 0.9973
vn -0.0684 -0.0216 0.9974
vn -0.0671 -0.0198 0.9975
vn -0.0655 -0.0190 0.9977
vn -0.0638 -0.0188 0.9978
vn -0.0620 -0.0193 0.9979
vn -0.0886 -0.0278 0.9957
vn -0.0870 -0.0254 0.9959
vn -0.0849 -0.0240 0.9961
vn -0.0825 -0.0233 0.9963
vn -0.0800 -0.0232 0.9965
vn -0.0775 -0.0235 0.9967
vn 0.0320 -0.0464 0.9984
vn 0.0285 -0.0380 0.9989
vn 0.0253 -0.0319 0.9992
vn 0.0225 -0.0277 0.9994
vn 0.0200 -0.0248 0.9995
vn 0.0179 -0.0231 0.9996
vn 0.0159 -0.0223 0.9996
vn 0.0141 -0.0223 0.9997
vn -0.0080 -0.0185 0.9998
vn -0.0236 -0.0168 0.9996
vn -0.0363 -0.0166 0.9992
vn -0.0480 -0.0177 0.9987
vn -0.0604 -0.0202 0.9980
vn -0.0752 -0.0242 0.9969
vn -0.0959 -0.0307 0.9949
vn -0.0991 -0.0302 0.9946
vn -0.1026 -0.0300 0.9943
vn -0.1061 -0.0301 0.9939
vn -0.1096 -0.0307 0.9935
vn -0.1128 -0.0318 0.9931
vn -0.1154 -0.0336 0.9927
vn -0.1173 -0.0365 0.9924
vn -0.0894 -0.0319 0.9955
vn -0.0692 -0.0298 0.9972
vn -0.0524 -0.0295 0.9982
vn -0.0364 -0.0307 0.9989
vn -0.0191 -0.0336 0.9993
vn 0.0021 -0.0385 0.9993
vn -0.0095 -0.0203 0.9997
vn -0.0103 -0.0206 0.9997
vn -0.0112 -0.0204 0.9997
vn -0.0121 -0.0200 0.9997
vn -0.0129 -0.0191 0.9997
vn -0.0138 -0.0179 0.9997
vn -0.0238 -0.0193 0.9995
vn -0.0241 -0.0200 0.9995
vn -0.0244 -0.0204 0.9995
vn -0.0248 -0.0205 0.9995
vn -0.0252 -0.0203 0.9995
vn -0.0256 -0.0199 0.9995
vn -0.0355 -0.0193 0.9992
vn -0.0353 -0.0203 0.9992
vn -0.0352 -0.0210 0.9992
vn -0.0352 -0.0215 0.9992
vn -0.0352 -0.0218 0.9991
vn -0.0353 -0.0220 0.9991
vn -0.0463 -0.0204 0.9987
vn -0.0457 -0.0215 0.9987
vn -0.0452 -0.0224 0.9987
vn -0.0448 -0.0232 0.9987
vn -0.0445 -0.0238 0.9987
vn -0.0442 -0.0244 0.9987
vn -0.0576 -0.0227 0.9981
vn -0.0565 -0.0238 0.9981
vn -0.0556 -0.0248 0.9981
vn -0.0548 -0.0258 0.9982
vn -0.0542 -0.0267 0.9982
vn -0.0536 -0.0275 0.9982
vn -0.0712 -0.0265 0.9971
vn -0.0696 -0.0276 0.9972
vn -0.0682 -0.0286 0.9973
vn -0.0669 -0.0297 0.9973
vn -0.0658 -0.0308 0.9974
vn -0.0649 -0.0319 0.9974
vn 0.0125 -0.0228 0.9997
vn 0.0108 -0.0228 0.9997
vn 0.0091 -0.0223 0.9997
vn 0.0075 -0.0213 0.9997
vn 0.0059 -0.0199 0.9998
vn 0.0044 -0.0180 0.9998
vn 0.0029 -0.0156 0.9999
vn 0.0015 -0.0126 0.9999
vn -0.0146 -0.0164 0.9998
vn -0.0260 -0.0192 0.9995
vn -0.0353 -0.0219 0.9991
vn -0.0440 -0.0248 0.9987
vn -0.0532 -0.0283 0.9982
vn -0.0642 -0.0330 0.9974
vn -0.0795 -0.0399 0.9960
vn -0.0807 -0.0385 0.9960
vn -0.0821 -0.0372 0.9959
vn -0.0837 -0.0359 0.9958
vn -0.0856 -0.0348 0.9957
vn -0.0877 -0.0337 0.9956
vn -0.0901 -0.0326 0.9954
vn -0.0929 -0.0316 0.9952
vn -0.0731 -0.0253 0.9970
vn -0.0589 -0.0214 0.9980
vn -0.0471 -0.0191 0.9987
vn -0.0358 -0.0181 0.9992
vn -0.0236 -0.0182 0.9996
vn -0.0087 -0.0196 0.9998
vn 0.0268 -0.3645 0.9308
vn 0.0240 -0.2583 0.9658
vn 0.0206 -0.1809 0.9833
vn 0.0166 -0.1263 0.9919
vn 0.0127 -0.0905 0.9958
vn 0.0089 -0.0667 0.9977
vn 0.0070 -0.3743 0.9273
vn 0.0028 -0.2583 0.9661
vn -0.0015 -0.1765 0.9843
vn -0.0057 -0.1214 0.9926
vn -0.0095 -0.0855 0.9963
vn -0.0131 -0.0615 0.9980
vn -0.0104 -0.3898 0.9208
vn -0.0151 -0.2631 0.9646
vn -0.0197 -0.1759 0.9842
vn -0.0239 -0.1188 0.9926
vn -0.0278 -0.0819 0.9963
vn -0.0313 -0.0576 0.9978
vn -0.0279 -0.4112 0.9111
vn -0.0321 -0.2727 0.9616
vn -0.0366 -0.1787 0.9832
vn -0.0409 -0.1181 0.9922
vn -0.0448 -0.0795 0.9958
vn -0.0482 -0.0549 0.9973
vn -0.0452 -0.4389 0.8974
vn -0.0497 -0.2879 0.9564
vn -0.0544 -0.1855 0.9811
vn -0.0588 -0.1193 0.9911
vn -0.0628 -0.0782 0.9950
vn -0.0660 -0.0532 0.9964
vn -0.0642 -0.4733 0.8785
vn -0.0701 -0.3110 0.9478
vn -0.0754 -0.1980 0.9773
vn -0.0802 -0.1234 0.9891
vn -0.0843 -0.0786 0.9933
vn -0.0874 -0.0529 0.9948
vn 0.0515 -0.4797 0.8759
vn 0.0539 -0.3677 0.9284
vn 0.0537 -0.2681 0.9619
vn 0.0515 -0.1915 0.9801
vn 0.0479 -0.1350 0.9897
vn 0.0439 -0.0981 0.9942
vn 0.0399 -0.0740 0.9965
vn 0.0359 -0.0577 0.9977
vn 0.0053 -0.0502 0.9987
vn -0.0164 -0.0450 0.9989
vn -0.0342 -0.0415 0.9986
vn -0.0508 -0.0392 0.9979
vn -0.0682 -0.0383 0.9969
vn -0.0891 -0.0390 0.9953
vn -0.1179 -0.0420 0.9921
vn -0.1169 -0.0550 0.9916
vn -0.1142 -0.0819 0.9901
vn -0.1099 -0.1327 0.9850
vn -0.1041 -0.2209 0.9697
vn -0.0974 -0.3517 0.9310
vn -0.0887 -0.5277 0.8448
vn -0.0775 -0.7064 0.7035
vn -0.0594 -0.6718 0.7384
vn -0.0426 -0.6290 0.7762
vn -0.0254 -0.5878 0.8086
vn -0.0067 -0.5518 0.8340
vn 0.0112 -0.5221 0.8528
vn 0.0302 -0.4986 0.8663
vn -0.0361 -0.0006 0.9993
vn -0.0321 0.0031 0.9995
vn -0.0261 0.0085 0.9996
vn -0.0171 0.0160 0.9997
vn -0.0051 0.0259 0.9997
vn 0.0119 0.0395 0.9991
vn -0.0457 0.0062 0.9989
vn -0.0426 0.0091 0.9991
vn -0.0376 0.0135 0.9992
vn -0.0299 0.0201 0.9994
vn -0.0187 0.0293 0.9994
vn -0.0020 0.0427 0.9991
vn -0.0537 0.0118 0.9985
vn -0.0512 0.0141 0.9986
vn -0.0468 0.0180 0.9987
vn -0.0400 0.0240 0.9989
vn -0.0296 0.0330 0.9990
vn -0.0137 0.0464 0.9988
vn -0.0613 0.0169 0.9980
vn -0.0590 0.0190 0.9981
vn -0.0551 0.0227 0.9982
vn -0.0488 0.0285 0.9984
vn -0.0392 0.0374 0.9985
vn -0.0245 0.0510 0.9984
vn -0.0694 0.0224 0.9973
vn -0.0673 0.0243 0.9974
vn -0.0634 0.0280 0.9976
vn -0.0572 0.0340 0.9978
vn -0.0480 0.0429 0.9979
vn -0.0342 0.0564 0.9978
vn -0.0792 0.0291 0.9964
vn -0.0771 0.0309 0.9965
vn -0.0731 0.0348 0.9967
vn -0.0665 0.0412 0.9969
vn -0.0573 0.0503 0.9971
vn -0.0440 0.0633 0.9970
vn -0.0262 -0.0139 0.9996
vn -0.0225 -0.0101 0.9997
vn -0.0171 -0.0051 0.9998
vn -0.0095 0.0017 1.0000
vn 0.0014 0.0111 0.9999
vn 0.0150 0.0225 0.9996
vn 0.0325 0.0370 0.9988
vn 0.0540 0.0549 0.9970
vn 0.0387 0.0594 0.9975
vn 0.0247 0.0632 0.9977
vn 0.0116 0.0673 0.9977
vn -0.0014 0.0723 0.9974
vn -0.0129 0.0777 0.9969
vn -0.0243 0.0838 0.9962
vn -0.0368 0.0905 0.9952
vn -0.0548 0.0743 0.9957
vn -0.0685 0.0615 0.9958
vn -0.0785 0.0520 0.9956
vn -0.0860 0.0447 0.9953
vn -0.0906 0.0404 0.9951
vn -0.0929 0.0383 0.9949
vn -0.0936 0.0382 0.9949
vn -0.0798 0.0287 0.9964
vn -0.0701 0.0219 0.9973
vn -0.0622 0.0161 0.9979
vn -0.0550 0.0106 0.9984
vn -0.0475 0.0044 0.9989
vn -0.0386 -0.0032 0.9992
vn -0.0451 -0.0242 0.9987
vn -0.0414 -0.0196 0.9990
vn -0.0390 -0.0164 0.9991
vn -0.0377 -0.0142 0.9992
vn -0.0374 -0.0129 0.9992
vn -0.0377 -0.0121 0.9992
vn -0.0516 -0.0042 0.9987
vn -0.0479 -0.0006 0.9989
vn -0.0456 0.0015 0.9990
vn -0.0443 0.0027 0.9990
vn -0.0439 0.0031 0.9990
vn -0.0442 0.0030 0.9990
vn -0.0581 0.0113 0.9982
vn -0.0546 0.0140 0.9984
vn -0.0523 0.0153 0.9985
vn -0.0510 0.0157 0.9986
vn -0.0505 0.0154 0.9986
vn -0.0505 0.0147 0.9986
vn -0.0654 0.0248 0.9975
vn -0.0622 0.0266 0.9977
vn -0.0600 0.0271 0.9978
vn -0.0586 0.0268 0.9979
vn -0.0578 0.0260 0.9980
vn -0.0576 0.0247 0.9980
vn -0.0746 0.0382 0.9965
vn -0.0715 0.0390 0.9967
vn -0.0694 0.0388 0.9968
vn -0.0678 0.0378 0.9970
vn -0.0668 0.0364 0.9971
vn -0.0663 0.0346 0.9972
vn -0.0870 0.0534 0.9948
vn -0.0841 0.0532 0.9950
vn -0.0818 0.0521 0.9953
vn -0.0800 0.0504 0.9955
vn -0.0786 0.0483 0.9957
vn -0.0777 0.0460 0.9959
vn -0.0427 -0.0603 0.9973
vn -0.0373 -0.0531 0.9979
vn -0.0336 -0.0473 0.9983
vn -0.0313 -0.0427 0.9986
vn -0.0301 -0.0392 0.9988
vn -0.0297 -0.0365 0.9989
vn -0.0300 -0.0344 0.9990
vn -0.0309 -0.0328 0.9990
vn -0.0387 -0.0118 0.9992
vn -0.0450 0.0026 0.9990
vn -0.0512 0.0137 0.9986
vn -0.0580 0.0233 0.9980
vn -0.0663 0.0328 0.9973
vn -0.0772 0.0436 0.9961
vn -0.0931 0.0582 0.9940
vn -0.0942 0.0614 0.9937
vn -0.0958 0.0644 0.9933
vn -0.0977 0.0674 0.9929
vn -0.0999 0.0701 0.9925
vn -0.1024 0.0724 0.9921
vn -0.1053 0.0738 0.9917
vn -0.1087 0.0739 0.9913
vn -0.0908 0.0520 0.9945
vn -0.0790 0.0356 0.9962
vn -0.0703 0.0212 0.9973
vn -0.0634 0.0067 0.9980
vn -0.0573 -0.0097 0.9983
vn -0.0509 -0.0305 0.9982
vn -0.0410 -0.0114 0.9991
vn -0.0416 -0.0108 0.9991
vn -0.0419 -0.0100 0.9991
vn -0.0419 -0.0090 0.9991
vn -0.0417 -0.0078 0.9991
vn -0.0411 -0.0065 0.9991
vn -0.0472 0.0015 0.9989
vn -0.0480 0.0014 0.9988
vn -0.0485 0.0015 0.9988
vn -0.0488 0.0018 0.9988
vn -0.0488 0.0022 0.9988
vn -0.0487 0.0028 0.9988
vn -0.0531 0.0116 0.9985
vn -0.0538 0.0110 0.9985
vn -0.0544 0.0105 0.9985
vn -0.0548 0.0103 0.9984
vn -0.0551 0.0101 0.9984
vn -0.0553 0.0101 0.9984
vn -0.0594 0.0204 0.9980
vn -0.0601 0.0194 0.9980
vn -0.0606 0.0185 0.9980
vn -0.0611 0.0177 0.9980
vn -0.0615 0.0172 0.9980
vn -0.0618 0.0167 0.9979
vn -0.0671 0.0291 0.9973
vn -0.0675 0.0276 0.9973
vn -0.0679 0.0263 0.9973
vn -0.0683 0.0252 0.9973
vn -0.0688 0.0242 0.9973
vn -0.0692 0.0233 0.9973
vn -0.0771 0.0390 0.9963
vn -0.0772 0.0371 0.9963
vn -0.0775 0.0353 0.9964
vn -0.0778 0.0337 0.9964
vn -0.0782 0.0322 0.9964
vn -0.0787 0.0309 0.9964
vn -0.0321 -0.0316 0.9990
vn -0.0330 -0.0302 0.9990
vn -0.0333 -0.0285 0.9990
vn -0.0333 -0.0266 0.9991
vn -0.0329 -0.0245 0.9992
vn -0.0320 -0.0223 0.9992
vn -0.0307 -0.0198 0.9993
vn -0.0288 -0.0171 0.9994
vn -0.0401 -0.0050 0.9992
vn -0.0483 0.0035 0.9988
vn -0.0553 0.0102 0.9984
vn -0.0621 0.0163 0.9979
vn -0.0697 0.0224 0.9973
vn -0.0793 0.0296 0.9964
vn -0.0929 0.0395 0.9949
vn -0.0922 0.0412 0.9949
vn -0.0918 0.0431 0.9948
vn -0.0915 0.0451 0.9948
vn -0.0915 0.0473 0.9947
vn -0.0916 0.0497 0.9946
vn -0.0919 0.0524 0.9944
vn -0.0924 0.0552 0.9942
vn -0.0771 0.0412 0.9962
vn -0.0666 0.0308 0.9973
vn -0.0587 0.0217 0.9980
vn -0.0522 0.0125 0.9986
vn -0.0462 0.0019 0.9989
vn -0.0399 -0.0117 0.9991
vn -0.3195 -0.2143 0.9230
vn -0.2296 -0.1591 0.9602
vn -0.1647 -0.1176 0.9793
vn -0.1195 -0.0869 0.9890
vn -0.0905 -0.0657 0.9937
vn -0.0718 -0.0505 0.9961
vn -0.3378 -0.2020 0.9193
vn -0.2402 -0.1407 0.9605
vn -0.1719 -0.0962 0.9804
vn -0.1264 -0.0652 0.9898
vn -0.0973 -0.0439 0.9943
vn -0.0784 -0.0288 0.9965
vn -0.3598 -0.1946 0.9125
vn -0.2533 -0.1276 0.9589
vn -0.1804 -0.0802 0.9803
vn -0.1333 -0.0481 0.9899
vn -0.1034 -0.0263 0.9943
vn -0.0841 -0.0112 0.9964
vn -0.3869 -0.1900 0.9023
vn -0.2701 -0.1176 0.9556
vn -0.1913 -0.0669 0.9792
vn -0.1411 -0.0330 0.9894
vn -0.1097 -0.0104 0.9939
vn -0.0902 0.0049 0.9959
vn -0.4193 -0.1888 0.8880
vn -0.2919 -0.1100 0.9501
vn -0.2061 -0.0550 0.9770
vn -0.1511 -0.0181 0.9883
vn -0.1176 0.0059 0.9930
vn -0.0976 0.0211 0.9950
vn -0.4582 -0.1894 0.8684
vn -0.3219 -0.1038 0.9411
vn -0.2274 -0.0430 0.9729
vn -0.1654 -0.0016 0.9862
vn -0.1287 0.0244 0.9914
vn -0.1081 0.0398 0.9933
vn -0.4058 -0.2928 0.8658
vn -0.3086 -0.2393 0.9206
vn -0.2232 -0.1896 0.9562
vn -0.1583 -0.1496 0.9760
vn -0.1113 -0.1183 0.9867
vn -0.0814 -0.0965 0.9920
vn -0.0627 -0.0810 0.9947
vn -0.0506 -0.0694 0.9963
vn -0.0594 -0.0391 0.9975
vn -0.0658 -0.0177 0.9977
vn -0.0716 -0.0005 0.9974
vn -0.0780 0.0149 0.9968
vn -0.0859 0.0305 0.9958
vn -0.0969 0.0482 0.9941
vn -0.1139 0.0717 0.9909
vn -0.1246 0.0644 0.9901
vn -0.1465 0.0486 0.9880
vn -0.1882 0.0194 0.9819
vn -0.2614 -0.0294 0.9648
vn -0.3705 -0.1003 0.9234
vn -0.5170 -0.1951 0.8335
vn -0.6635 -0.2928 0.6885
vn -0.6251 -0.2915 0.7241
vn -0.5803 -0.2850 0.7629
vn -0.5366 -0.2796 0.7962
vn -0.4966 -0.2780 0.8223
vn -0.4623 -0.2788 0.8417
vn -0.4327 -0.2836 0.8557
vn -0.0372 0.0215 0.9991
vn -0.0320 0.0199 0.9993
vn -0.0243 0.0174 0.9996
vn -0.0134 0.0134 0.9998
vn 0.0012 0.0079 1.0000
vn 0.0215 -0.0000 0.9998
vn -0.0361 0.0333 0.9988
vn -0.0320 0.0320 0.9990
vn -0.0257 0.0299 0.9992
vn -0.0162 0.0265 0.9995
vn -0.0026 0.0214 0.9998
vn 0.0174 0.0137 0.9998
vn -0.0353 0.0430 0.9985
vn -0.0320 0.0419 0.9986
vn -0.0264 0.0401 0.9988
vn -0.0178 0.0372 0.9991
vn -0.0049 0.0327 0.9995
vn 0.0147 0.0257 0.9996
vn -0.0346 0.0521 0.9980
vn -0.0317 0.0512 0.9982
vn -0.0265 0.0496 0.9984
vn -0.0183 0.0471 0.9987
vn -0.0058 0.0432 0.9990
vn 0.0132 0.0373 0.9992
vn -0.0339 0.0619 0.9975
vn -0.0312 0.0610 0.9977
vn -0.0261 0.0595 0.9979
vn -0.0178 0.0571 0.9982
vn -0.0054 0.0536 0.9985
vn 0.0131 0.0484 0.9987
vn -0.0330 0.0737 0.9967
vn -0.0303 0.0728 0.9969
vn -0.0250 0.0713 0.9971
vn -0.0161 0.0688 0.9975
vn -0.0037 0.0653 0.9979
vn 0.0142 0.0604 0.9981
vn -0.0438 0.0063 0.9990
vn -0.0386 0.0050 0.9992
vn -0.0316 0.0029 0.9995
vn -0.0219 -0.0004 0.9998
vn -0.0084 -0.0051 1.0000
vn 0.0083 -0.0112 0.9999
vn 0.0297 -0.0191 0.9994
vn 0.0560 -0.0287 0.9980
vn 0.0522 -0.0133 0.9985
vn 0.0485 0.0008 0.9988
vn 0.0455 0.0142 0.9989
vn 0.0433 0.0279 0.9987
vn 0.0422 0.0407 0.9983
vn 0.0418 0.0536 0.9977
vn 0.0414 0.0677 0.9968
vn 0.0183 0.0752 0.9970
vn 0.0005 0.0807 0.9967
vn -0.0128 0.0846 0.9963
vn -0.0229 0.0875 0.9959
vn -0.0289 0.0893 0.9956
vn -0.0318 0.0903 0.9954
vn -0.0323 0.0907 0.9954
vn -0.0336 0.0740 0.9967
vn -0.0347 0.0622 0.9975
vn -0.0357 0.0525 0.9980
vn -0.0370 0.0435 0.9984
vn -0.0385 0.0339 0.9987
vn -0.0407 0.0224 0.9989
vn -0.0621 0.0176 0.9979
vn -0.0562 0.0166 0.9983
vn -0.0523 0.0161 0.9985
vn -0.0498 0.0161 0.9986
vn -0.0485 0.0165 0.9987
vn -0.0480 0.0172 0.9987
vn -0.0481 0.0332 0.9983
vn -0.0431 0.0317 0.9986
vn -0.0401 0.0308 0.9987
vn -0.0385 0.0303 0.9988
vn -0.0379 0.0301 0.9988
vn -0.0381 0.0303 0.9988
vn -0.0379 0.0465 0.9982
vn -0.0338 0.0448 0.9984
vn -0.0316 0.0435 0.9986
vn -0.0306 0.0426 0.9986
vn -0.0305 0.0420 0.9987
vn -0.0312 0.0417 0.9986
vn -0.0298 0.0597 0.9978
vn -0.0267 0.0577 0.9980
vn -0.0251 0.0561 0.9981
vn -0.0247 0.0547 0.9982
vn -0.0250 0.0536 0.9982
vn -0.0260 0.0529 0.9983
vn -0.0228 0.0743 0.9970
vn -0.0206 0.0721 0.9972
vn -0.0197 0.0700 0.9974
vn -0.0198 0.0682 0.9975
vn -0.0205 0.0666 0.9976
vn -0.0217 0.0653 0.9976
vn -0.0158 0.0926 0.9956
vn -0.0145 0.0900 0.9958
vn -0.0144 0.0875 0.9961
vn -0.0150 0.0850 0.9963
vn -0.0161 0.0828 0.9964
vn -0.0176 0.0808 0.9966
vn -0.0922 -0.0026 0.9957
vn -0.0832 -0.0037 0.9965
vn -0.0764 -0.0039 0.9971
vn -0.0713 -0.0037 0.9974
vn -0.0676 -0.0030 0.9977
vn -0.0650 -0.0020 0.9979
vn -0.0634 -0.0007 0.9980
vn -0.0625 0.0009 0.9980
vn -0.0482 0.0181 0.9987
vn -0.0389 0.0308 0.9988
vn -0.0324 0.0417 0.9986
vn -0.0274 0.0524 0.9982
vn -0.0234 0.0643 0.9977
vn -0.0194 0.0792 0.9967
vn -0.0147 0.1004 0.9948
vn -0.0125 0.1029 0.9946
vn -0.0106 0.1058 0.9943
vn -0.0090 0.1089 0.9940
vn -0.0077 0.1122 0.9937
vn -0.0071 0.1155 0.9933
vn -0.0073 0.1187 0.9929
vn -0.0089 0.1218 0.9925
vn -0.0189 0.0953 0.9953
vn -0.0272 0.0768 0.9967
vn -0.0354 0.0621 0.9974
vn -0.0445 0.0489 0.9978
vn -0.0557 0.0353 0.9978
vn -0.0705 0.0194 0.9973
vn -0.0490 0.0203 0.9986
vn -0.0488 0.0212 0.9986
vn -0.0482 0.0219 0.9986
vn -0.0474 0.0224 0.9986
vn -0.0462 0.0227 0.9987
vn -0.0448 0.0229 0.9987
vn -0.0409 0.0322 0.9986
vn -0.0414 0.0328 0.9986
vn -0.0415 0.0333 0.9986
vn -0.0414 0.0337 0.9986
vn -0.0411 0.0340 0.9986
vn -0.0406 0.0341 0.9986
vn -0.0351 0.0424 0.9985
vn -0.0360 0.0427 0.9984
vn -0.0367 0.0430 0.9984
vn -0.0371 0.0432 0.9984
vn -0.0374 0.0434 0.9984
vn -0.0375 0.0435 0.9984
vn -0.0307 0.0523 0.9982
vn -0.0319 0.0523 0.9981
vn -0.0329 0.0523 0.9981
vn -0.0338 0.0523 0.9981
vn -0.0345 0.0524 0.9980
vn -0.0351 0.0524 0.9980
vn -0.0269 0.0632 0.9976
vn -0.0284 0.0628 0.9976
vn -0.0298 0.0626 0.9976
vn -0.0310 0.0624 0.9976
vn -0.0321 0.0622 0.9975
vn -0.0331 0.0622 0.9975
vn -0.0233 0.0769 0.9968
vn -0.0251 0.0760 0.9968
vn -0.0268 0.0753 0.9968
vn -0.0283 0.0748 0.9968
vn -0.0298 0.0744 0.9968
vn -0.0312 0.0741 0.9968
vn -0.0621 0.0026 0.9981
vn -0.0612 0.0040 0.9981
vn -0.0600 0.0052 0.9982
vn -0.0583 0.0061 0.9983
vn -0.0563 0.0068 0.9984
vn -0.0539 0.0072 0.9985
vn -0.0511 0.0073 0.9987
vn -0.0478 0.0070 0.9988
vn -0.0430 0.0228 0.9988
vn -0.0398 0.0341 0.9986
vn -0.0374 0.0436 0.9984
vn -0.0356 0.0525 0.9980
vn -0.0340 0.0622 0.9975
vn -0.0326 0.0741 0.9967
vn -0.0308 0.0908 0.9954
vn -0.0290 0.0911 0.9954
vn -0.0272 0.0916 0.9954
vn -0.0253 0.0924 0.9954
vn -0.0233 0.0935 0.9953
vn -0.0213 0.0948 0.9953
vn -0.0192 0.0963 0.9952
vn -0.0169 0.0982 0.9950
vn -0.0214 0.0779 0.9967
vn -0.0252 0.0637 0.9977
vn -0.0292 0.0523 0.9982
vn -0.0339 0.0420 0.9985
vn -0.0401 0.0315 0.9987
vn -0.0488 0.0193 0.9986
vn -0.3625 0.1608 0.9180
vn -0.2704 0.1102 0.9564
vn -0.2024 0.0746 0.9765
vn -0.1534 0.0507 0.9869
vn -0.1207 0.0362 0.9920
vn -0.0982 0.0275 0.9948
vn -0.3610 0.1828 0.9145
vn -0.2598 0.1286 0.9571
vn -0.1875 0.0915 0.9780
vn -0.1381 0.0675 0.9881
vn -0.1052 0.0529 0.9930
vn -0.0827 0.0441 0.9956
vn -0.3655 0.2056 0.9078
vn -0.2551 0.1465 0.9558
vn -0.1779 0.1069 0.9782
vn -0.1267 0.0821 0.9885
vn -0.0930 0.0670 0.9934
vn -0.0703 0.0579 0.9958
vn -0.3749 0.2315 0.8977
vn -0.2547 0.1660 0.9527
vn -0.1719 0.1230 0.9774
vn -0.1176 0.0964 0.9884
vn -0.0824 0.0805 0.9933
vn -0.0595 0.0711 0.9957
vn -0.3898 0.2603 0.8834
vn -0.2589 0.1888 0.9473
vn -0.1689 0.1417 0.9754
vn -0.1097 0.1125 0.9876
vn -0.0723 0.0954 0.9928
vn -0.0491 0.0857 0.9951
vn -0.4094 0.2939 0.8637
vn -0.2684 0.2180 0.9383
vn -0.1691 0.1662 0.9715
vn -0.1025 0.1332 0.9858
vn -0.0618 0.1143 0.9915
vn -0.0381 0.1041 0.9938
vn -0.4726 0.1968 0.8590
vn -0.3787 0.1389 0.9150
vn -0.2936 0.0894 0.9517
vn -0.2269 0.0531 0.9725
vn -0.1765 0.0279 0.9839
vn -0.1427 0.0129 0.9897
vn -0.1200 0.0044 0.9928
vn -0.1040 -0.0003 0.9946
vn -0.0822 0.0224 0.9964
vn -0.0669 0.0387 0.9970
vn -0.0549 0.0523 0.9971
vn -0.0447 0.0656 0.9968
vn -0.0351 0.0802 0.9962
vn -0.0252 0.0986 0.9948
vn -0.0133 0.1251 0.9921
vn -0.0250 0.1307 0.9911
vn -0.0496 0.1418 0.9887
vn -0.0956 0.1634 0.9819
vn -0.1742 0.2025 0.9637
vn -0.2893 0.2620 0.9207
vn -0.4430 0.3422 0.8286
vn -0.5981 0.4216 0.6815
vn -0.5785 0.3887 0.7172
vn -0.5512 0.3528 0.7561
vn -0.5253 0.3173 0.7896
vn -0.5044 0.2832 0.8157
vn -0.4883 0.2529 0.8352
vn -0.4780 0.2248 0.8491
vn 0.0027 0.0467 0.9989
vn -0.0220 0.0420 0.9989
vn 0.0091 0.0476 0.9988
vn 0.0182 0.0511 0.9985
vn -0.0393 0.3954 0.9177
vn -0.0290 0.1440 0.9891
vn 0.0370 0.3326 0.9424
vn -0.0408 0.5414 0.8397
vn -0.1840 0.2491 -0.9508
vn -0.1994 0.1251 -0.9719
vn -0.2069 0.0419 -0.9775
vn -0.2100 -0.0093 -0.9777
vn -0.2107 -0.0311 -0.9771
vn -0.2105 -0.0326 -0.9770
vn -0.2788 0.4289 -0.8592
vn -0.3254 0.2586 -0.9095
vn -0.3496 0.1305 -0.9278
vn -0.3600 0.0504 -0.9316
vn -0.3626 0.0129 -0.9318
vn -0.3620 0.0056 -0.9322
vn -0.4249 0.7445 -0.5150
vn -0.5784 0.5680 -0.5855
vn -0.6851 0.3758 -0.6240
vn -0.7371 0.2285 -0.6359
vn -0.7553 0.1475 -0.6385
vn -0.7585 0.1211 -0.6403
vn -0.4252 0.8595 0.2835
vn -0.5811 0.7034 0.4094
vn -0.6898 0.5160 0.5079
vn -0.7413 0.3609 0.5658
vn -0.7577 0.2667 0.5956
vn -0.7592 0.2251 0.6107
vn -0.2818 0.6575 0.6988
vn -0.3305 0.4918 0.8055
vn -0.3544 0.3503 0.8670
vn -0.3620 0.2495 0.8982
vn -0.3608 0.1889 0.9133
vn -0.3560 0.1575 0.9211
vn -0.1884 0.5125 0.8378
vn -0.2045 0.3781 0.9029
vn -0.2105 0.2739 0.9384
vn -0.2106 0.1990 0.9571
vn -0.2073 0.1525 0.9663
vn -0.2026 0.1256 0.9712
vn -0.1155 0.2716 -0.9555
vn -0.1237 0.1515 -0.9807
vn -0.1291 0.0614 -0.9897
vn -0.1316 0.0011 -0.9913
vn -0.1322 -0.0365 -0.9905
vn -0.1323 -0.0514 -0.9899
vn -0.1325 -0.0507 -0.9899
vn -0.1327 -0.0403 -0.9903
vn -0.2098 -0.0210 -0.9775
vn -0.3596 0.0185 -0.9329
vn -0.7542 0.1338 -0.6429
vn -0.7540 0.2217 0.6184
vn -0.3495 0.1454 0.9256
vn -0.1972 0.1111 0.9740
vn -0.1191 0.0924 0.9886
vn -0.1237 0.1080 0.9864
vn -0.1280 0.1329 0.9828
vn -0.1317 0.1729 0.9761
vn -0.1340 0.2353 0.9626
vn -0.1331 0.3191 0.9383
vn -0.1280 0.4266 0.8954
vn -0.1188 0.5488 0.8275
vn -0.1551 0.6547 0.7398
vn -0.2080 0.8001 0.5627
vn -0.2707 0.9474 0.1707
vn -0.2709 0.8569 -0.4387
vn -0.2069 0.5968 -0.7753
vn -0.1526 0.4013 -0.9031
vn 0.0533 0.7812 -0.6220
vn 0.0349 0.7563 -0.6533
vn 0.0142 0.7202 -0.6936
vn -0.0102 0.6762 -0.7367
vn -0.0364 0.6286 -0.7769
vn -0.0673 0.5803 -0.8116
vn 0.0602 0.8921 -0.4479
vn 0.0422 0.8827 -0.4679
vn 0.0212 0.8660 -0.4995
vn -0.0043 0.8417 -0.5399
vn -0.0354 0.8099 -0.5855
vn -0.0758 0.7699 -0.6336
vn 0.0637 0.9640 -0.2581
vn 0.0460 0.9632 -0.2648
vn 0.0252 0.9606 -0.2766
vn -0.0007 0.9559 -0.2937
vn -0.0348 0.9481 -0.3160
vn -0.0825 0.9354 -0.3438
vn 0.0633 0.9965 -0.0539
vn 0.0456 0.9977 -0.0493
vn 0.0248 0.9990 -0.0377
vn -0.0012 0.9998 -0.0187
vn -0.0353 0.9993 0.0082
vn -0.0831 0.9956 0.0436
vn 0.0589 0.9874 0.1466
vn 0.0410 0.9850 0.1675
vn 0.0201 0.9790 0.2030
vn -0.0056 0.9680 0.2508
vn -0.0369 0.9510 0.3069
vn -0.0773 0.9263 0.3687
vn 0.0510 0.9380 0.3428
vn 0.0328 0.9241 0.3807
vn 0.0121 0.9019 0.4317
vn -0.0124 0.8724 0.4886
vn -0.0387 0.8381 0.5441
vn -0.0696 0.8011 0.5944
vn 0.0613 0.6581 -0.7504
vn 0.0445 0.6262 -0.7784
vn 0.0263 0.5818 -0.8129
vn 0.0065 0.5322 -0.8466
vn -0.0156 0.4822 -0.8759
vn -0.0372 0.4356 -0.8993
vn -0.0602 0.3962 -0.9162
vn -0.0870 0.3702 -0.9249
vn -0.1072 0.5176 -0.8489
vn -0.1319 0.7089 -0.6929
vn -0.1551 0.9114 -0.3812
vn -0.1555 0.9834 0.0930
vn -0.1332 0.8843 0.4474
vn -0.1093 0.7511 0.6510
vn -0.0897 0.6360 0.7664
vn -0.0632 0.6597 0.7488
vn -0.0403 0.6941 0.7188
vn -0.0188 0.7332 0.6797
vn 0.0033 0.7737 0.6336
vn 0.0231 0.8118 0.5835
vn 0.0411 0.8441 0.5347
vn 0.0574 0.8659 0.4970
vn 0.0679 0.9398 0.3348
vn 0.0756 0.9860 0.1484
vn 0.0800 0.9955 -0.0501
vn 0.0807 0.9627 -0.2581
vn 0.0775 0.8910 -0.4474
vn 0.0708 0.7853 -0.6151
vn 0.1100 -0.0906 -0.9898
vn 0.1063 -0.0567 -0.9927
vn 0.1029 -0.0322 -0.9942
vn 0.1001 -0.0144 -0.9949
vn 0.0982 -0.0036 -0.9952
vn 0.0974 0.0018 -0.9952
vn 0.1906 -0.1147 -0.9749
vn 0.1890 -0.0559 -0.9804
vn 0.1859 -0.0138 -0.9825
vn 0.1827 0.0153 -0.9831
vn 0.1800 0.0329 -0.9831
vn 0.1789 0.0417 -0.9830
vn 0.4979 -0.2095 -0.8416
vn 0.5107 -0.0570 -0.8579
vn 0.5083 0.0551 -0.8594
vn 0.5000 0.1297 -0.8563
vn 0.4918 0.1739 -0.8532
vn 0.4877 0.1960 -0.8507
vn 0.5059 -0.1304 0.8527
vn 0.5187 0.0228 0.8546
vn 0.5163 0.1345 0.8458
vn 0.5079 0.2084 0.8358
vn 0.4998 0.2519 0.8287
vn 0.4956 0.2736 0.8243
vn 0.1998 -0.0236 0.9795
vn 0.1982 0.0354 0.9795
vn 0.1951 0.0775 0.9777
vn 0.1919 0.1064 0.9756
vn 0.1892 0.1237 0.9741
vn 0.1881 0.1324 0.9732
vn 0.1193 0.0019 0.9929
vn 0.1156 0.0358 0.9926
vn 0.1123 0.0602 0.9918
vn 0.1095 0.0779 0.9909
vn 0.1075 0.0885 0.9902
vn 0.1068 0.0938 0.9898
vn 0.0758 -0.1102 -0.9910
vn 0.0704 -0.0814 -0.9942
vn 0.0663 -0.0590 -0.9961
vn 0.0631 -0.0421 -0.9971
vn 0.0604 -0.0293 -0.9977
vn 0.0588 -0.0214 -0.9980
vn 0.0581 -0.0175 -0.9982
vn 0.0585 -0.0166 -0.9982
vn 0.0980 0.0030 -0.9952
vn 0.1800 0.0438 -0.9827
vn 0.4895 0.2010 -0.8485
vn 0.4974 0.2783 0.8217
vn 0.1892 0.1343 0.9727
vn 0.1074 0.0948 0.9897
vn 0.0679 0.0756 0.9948
vn 0.0675 0.0749 0.9949
vn 0.0682 0.0711 0.9951
vn 0.0698 0.0634 0.9955
vn 0.0724 0.0507 0.9961
vn 0.0757 0.0339 0.9966
vn 0.0798 0.0115 0.9967
vn 0.0851 -0.0174 0.9962
vn 0.1199 -0.0441 0.9918
vn 0.1939 -0.1005 0.9759
vn 0.4640 -0.3130 0.8287
vn 0.4563 -0.3890 -0.8003
vn 0.1847 -0.1911 -0.9640
vn 0.1106 -0.1364 -0.9845
vn -0.0097 -0.2906 -0.9568
vn 0.0102 -0.2820 -0.9594
vn 0.0289 -0.2701 -0.9624
vn 0.0477 -0.2542 -0.9660
vn 0.0652 -0.2357 -0.9696
vn 0.0828 -0.2140 -0.9733
vn -0.0105 -0.4451 -0.8954
vn 0.0229 -0.4413 -0.8971
vn 0.0539 -0.4285 -0.9019
vn 0.0838 -0.4050 -0.9105
vn 0.1116 -0.3718 -0.9216
vn 0.1392 -0.3290 -0.9340
vn -0.0130 -0.8222 -0.5690
vn 0.0539 -0.8257 -0.5616
vn 0.1170 -0.8155 -0.5668
vn 0.1794 -0.7883 -0.5885
vn 0.2432 -0.7404 -0.6266
vn 0.3116 -0.6667 -0.6771
vn -0.0073 -0.7656 0.6433
vn 0.0595 -0.7697 0.6356
vn 0.1226 -0.7592 0.6392
vn 0.1853 -0.7301 0.6577
vn 0.2494 -0.6789 0.6906
vn 0.3182 -0.6008 0.7333
vn -0.0020 -0.3595 0.9331
vn 0.0315 -0.3556 0.9341
vn 0.0626 -0.3425 0.9374
vn 0.0925 -0.3184 0.9434
vn 0.1205 -0.2843 0.9511
vn 0.1481 -0.2406 0.9593
vn -0.0006 -0.2000 0.9798
vn 0.0193 -0.1912 0.9814
vn 0.0380 -0.1791 0.9831
vn 0.0569 -0.1630 0.9850
vn 0.0744 -0.1443 0.9867
vn 0.0921 -0.1224 0.9882
vn -0.0244 -0.2184 -0.9756
vn -0.0104 -0.2074 -0.9782
vn 0.0027 -0.1973 -0.9803
vn 0.0157 -0.1869 -0.9822
vn 0.0293 -0.1755 -0.9840
vn 0.0420 -0.1643 -0.9855
vn 0.0549 -0.1530 -0.9867
vn 0.0691 -0.1418 -0.9875
vn 0.1004 -0.1830 -0.9780
vn 0.1657 -0.2696 -0.9486
vn 0.3859 -0.5537 -0.7379
vn 0.3931 -0.4827 0.7826
vn 0.1747 -0.1801 0.9680
vn 0.1096 -0.0911 0.9898
vn 0.0785 -0.0491 0.9957
vn 0.0642 -0.0603 0.9961
vn 0.0513 -0.0717 0.9961
vn 0.0386 -0.0829 0.9958
vn 0.0250 -0.0944 0.9952
vn 0.0120 -0.1049 0.9944
vn -0.0012 -0.1151 0.9934
vn -0.0152 -0.1262 0.9919
vn -0.0234 -0.1999 0.9795
vn -0.0394 -0.3479 0.9367
vn -0.0825 -0.7446 0.6624
vn -0.0883 -0.8031 -0.5893
vn -0.0480 -0.4339 -0.8997
vn -0.0325 -0.2905 -0.9563
vn -0.1064 -0.0958 -0.9897
vn -0.1025 -0.1119 -0.9884
vn -0.0978 -0.1324 -0.9864
vn -0.0915 -0.1586 -0.9831
vn -0.0834 -0.1901 -0.9782
vn -0.0724 -0.2279 -0.9710
vn -0.1880 -0.1339 -0.9730
vn -0.1810 -0.1620 -0.9700
vn -0.1723 -0.1964 -0.9653
vn -0.1601 -0.2387 -0.9578
vn -0.1432 -0.2885 -0.9467
vn -0.1198 -0.3450 -0.9309
vn -0.4959 -0.2749 -0.8237
vn -0.4724 -0.3460 -0.8106
vn -0.4413 -0.4270 -0.7892
vn -0.3969 -0.5167 -0.7586
vn -0.3362 -0.6088 -0.7185
vn -0.2605 -0.6940 -0.6712
vn -0.4880 -0.1971 0.8503
vn -0.4647 -0.2690 0.8436
vn -0.4338 -0.3516 0.8296
vn -0.3896 -0.4436 0.8071
vn -0.3293 -0.5390 0.7752
vn -0.2540 -0.6283 0.7354
vn -0.1788 -0.0430 0.9829
vn -0.1719 -0.0711 0.9826
vn -0.1632 -0.1056 0.9809
vn -0.1510 -0.1483 0.9773
vn -0.1342 -0.1988 0.9708
vn -0.1110 -0.2565 0.9602
vn -0.0971 -0.0035 0.9953
vn -0.0933 -0.0195 0.9955
vn -0.0886 -0.0400 0.9953
vn -0.0822 -0.0662 0.9944
vn -0.0742 -0.0979 0.9924
vn -0.0633 -0.1362 0.9887
vn -0.0693 -0.0692 -0.9952
vn -0.0670 -0.0774 -0.9947
vn -0.0645 -0.0879 -0.9940
vn -0.0615 -0.1018 -0.9929
vn -0.0576 -0.1203 -0.9911
vn -0.0529 -0.1425 -0.9884
vn -0.0471 -0.1697 -0.9844
vn -0.0403 -0.2022 -0.9785
vn -0.0557 -0.2677 -0.9619
vn -0.0871 -0.3989 -0.9128
vn -0.1744 -0.7611 -0.6248
vn -0.1682 -0.6994 0.6946
vn -0.0784 -0.3119 0.9469
vn -0.0466 -0.1766 0.9832
vn -0.0311 -0.1098 0.9935
vn -0.0379 -0.0770 0.9963
vn -0.0436 -0.0497 0.9978
vn -0.0483 -0.0274 0.9985
vn -0.0522 -0.0090 0.9986
vn -0.0552 0.0049 0.9985
vn -0.0576 0.0152 0.9982
vn -0.0599 0.0233 0.9979
vn -0.1008 0.0095 0.9949
vn -0.1855 -0.0195 0.9824
vn -0.5077 -0.1342 0.8510
vn -0.5157 -0.2121 -0.8301
vn -0.1947 -0.1102 -0.9746
vn -0.1101 -0.0826 -0.9905
vn -0.1435 -0.0226 -0.9894
vn -0.1376 -0.0300 -0.9900
vn -0.1322 -0.0374 -0.9905
vn -0.1272 -0.0449 -0.9909
vn -0.1225 -0.0529 -0.9911
vn -0.1181 -0.0615 -0.9911
vn -0.2520 -0.0040 -0.9677
vn -0.2423 -0.0164 -0.9701
vn -0.2332 -0.0290 -0.9720
vn -0.2247 -0.0421 -0.9735
vn -0.2166 -0.0562 -0.9746
vn -0.2090 -0.0718 -0.9753
vn -0.6248 0.0620 -0.7783
vn -0.6103 0.0339 -0.7915
vn -0.5957 0.0036 -0.8032
vn -0.5810 -0.0295 -0.8134
vn -0.5660 -0.0662 -0.8218
vn -0.5503 -0.1079 -0.8279
vn -0.6156 0.1258 0.7779
vn -0.6011 0.1012 0.7927
vn -0.5867 0.0740 0.8064
vn -0.5722 0.0435 0.8189
vn -0.5575 0.0088 0.8302
vn -0.5421 -0.0313 0.8397
vn -0.2401 0.0752 0.9678
vn -0.2312 0.0662 0.9707
vn -0.2227 0.0562 0.9733
vn -0.2147 0.0451 0.9757
vn -0.2070 0.0325 0.9778
vn -0.1996 0.0179 0.9797
vn -0.1314 0.0586 0.9896
vn -0.1263 0.0544 0.9905
vn -0.1216 0.0495 0.9913
vn -0.1170 0.0438 0.9922
vn -0.1127 0.0373 0.9929
vn -0.1086 0.0296 0.9936
vn -0.0947 -0.0266 -0.9952
vn -0.0904 -0.0318 -0.9954
vn -0.0865 -0.0366 -0.9956
vn -0.0830 -0.0414 -0.9957
vn -0.0798 -0.0462 -0.9957
vn -0.0769 -0.0512 -0.9957
vn -0.0742 -0.0565 -0.9956
vn -0.0717 -0.0624 -0.9955
vn -0.1140 -0.0713 -0.9909
vn -0.2017 -0.0896 -0.9753
vn -0.5338 -0.1561 -0.8311
vn -0.5257 -0.0785 0.8471
vn -0.1924 0.0009 0.9813
vn -0.1046 0.0205 0.9943
vn -0.0622 0.0298 0.9976
vn -0.0646 0.0350 0.9973
vn -0.0671 0.0394 0.9970
vn -0.0697 0.0430 0.9966
vn -0.0724 0.0460 0.9963
vn -0.0752 0.0485 0.9960
vn -0.0782 0.0503 0.9957
vn -0.0813 0.0516 0.9954
vn -0.1367 0.0622 0.9887
vn -0.2497 0.0835 0.9647
vn -0.6303 0.1482 0.7620
vn -0.6393 0.0888 -0.7638
vn -0.2626 0.0084 -0.9649
vn -0.1500 -0.0150 -0.9886
vn 0.1400 -0.0030 -0.9901
vn 0.1460 -0.0028 -0.9893
vn 0.1522 -0.0031 -0.9884
vn 0.1585 -0.0040 -0.9873
vn 0.1651 -0.0060 -0.9863
vn 0.1719 -0.0095 -0.9851
vn 0.2543 0.0335 -0.9665
vn 0.2649 0.0339 -0.9637
vn 0.2757 0.0337 -0.9607
vn 0.2867 0.0326 -0.9575
vn 0.2979 0.0302 -0.9541
vn 0.3090 0.0258 -0.9507
vn 0.6295 0.1561 -0.7612
vn 0.6459 0.1545 -0.7476
vn 0.6619 0.1520 -0.7340
vn 0.6776 0.1480 -0.7204
vn 0.6928 0.1418 -0.7071
vn 0.7074 0.1321 -0.6944
vn 0.6430 0.2216 0.7331
vn 0.6607 0.2189 0.7181
vn 0.6780 0.2156 0.7028
vn 0.6946 0.2113 0.6877
vn 0.7103 0.2053 0.6733
vn 0.7249 0.1967 0.6602
vn 0.2691 0.1167 0.9560
vn 0.2813 0.1168 0.9525
vn 0.2937 0.1170 0.9487
vn 0.3060 0.1169 0.9448
vn 0.3181 0.1163 0.9409
vn 0.3293 0.1148 0.9372
vn 0.1550 0.0817 0.9845
vn 0.1625 0.0818 0.9833
vn 0.1703 0.0821 0.9820
vn 0.1780 0.0824 0.9806
vn 0.1855 0.0827 0.9792
vn 0.1924 0.0829 0.9778
vn 0.0804 -0.0210 -0.9965
vn 0.0837 -0.0205 -0.9963
vn 0.0871 -0.0205 -0.9960
vn 0.0907 -0.0209 -0.9957
vn 0.0945 -0.0219 -0.9953
vn 0.0985 -0.0238 -0.9949
vn 0.1027 -0.0269 -0.9943
vn 0.1073 -0.0322 -0.9937
vn 0.1788 -0.0155 -0.9838
vn 0.3199 0.0177 -0.9473
vn 0.7215 0.1165 -0.6825
vn 0.7380 0.1835 0.6493
vn 0.3393 0.1118 0.9340
vn 0.1982 0.0828 0.9766
vn 0.1268 0.0678 0.9896
vn 0.1233 0.0662 0.9902
vn 0.1190 0.0651 0.9908
vn 0.1141 0.0644 0.9914
vn 0.1090 0.0640 0.9920
vn 0.1038 0.0638 0.9926
vn 0.0988 0.0638 0.9931
vn 0.0940 0.0642 0.9935
vn 0.1478 0.0819 0.9856
vn 0.2575 0.1166 0.9592
vn 0.6251 0.2241 0.7477
vn 0.6129 0.1571 -0.7743
vn 0.2441 0.0327 -0.9692
vn 0.1343 -0.0035 -0.9909
vn 0.1026 -0.0009 -0.9947
vn 0.1058 -0.0025 -0.9944
vn 0.1096 -0.0037 -0.9940
vn 0.1138 -0.0044 -0.9935
vn 0.1185 -0.0047 -0.9929
vn 0.1235 -0.0047 -0.9923
vn 0.1879 0.0377 -0.9815
vn 0.1936 0.0352 -0.9805
vn 0.2002 0.0333 -0.9792
vn 0.2076 0.0321 -0.9777
vn 0.2158 0.0314 -0.9759
vn 0.2248 0.0314 -0.9739
vn 0.5073 0.1844 -0.8418
vn 0.5193 0.1771 -0.8360
vn 0.5328 0.1710 -0.8288
vn 0.5476 0.1661 -0.8201
vn 0.5633 0.1624 -0.8102
vn 0.5796 0.1597 -0.7991
vn 0.5153 0.2608 0.8164
vn 0.5275 0.2526 0.8112
vn 0.5412 0.2455 0.8042
vn 0.5563 0.2394 0.7957
vn 0.5725 0.2343 0.7857
vn 0.5896 0.2300 0.7742
vn 0.1973 0.1276 0.9720
vn 0.2031 0.1246 0.9712
vn 0.2099 0.1221 0.9701
vn 0.2176 0.1202 0.9686
vn 0.2264 0.1186 0.9668
vn 0.2360 0.1175 0.9646
vn 0.1121 0.0904 0.9896
vn 0.1155 0.0884 0.9894
vn 0.1194 0.0866 0.9891
vn 0.1240 0.0852 0.9886
vn 0.1291 0.0839 0.9881
vn 0.1348 0.0830 0.9874
vn 0.0597 -0.0180 -0.9981
vn 0.0614 -0.0195 -0.9979
vn 0.0634 -0.0206 -0.9978
vn 0.0657 -0.0215 -0.9976
vn 0.0683 -0.0220 -0.9974
vn 0.0711 -0.0222 -0.9972
vn 0.0740 -0.0221 -0.9970
vn 0.0772 -0.0216 -0.9968
vn 0.1288 -0.0043 -0.9917
vn 0.2342 0.0318 -0.9717
vn 0.5963 0.1580 -0.7871
vn 0.6073 0.2267 0.7615
vn 0.2464 0.1169 0.9621
vn 0.1411 0.0823 0.9866
vn 0.0895 0.0649 0.9939
vn 0.0855 0.0657 0.9942
vn 0.0818 0.0667 0.9944
vn 0.0785 0.0678 0.9946
vn 0.0756 0.0691 0.9947
vn 0.0731 0.0706 0.9948
vn 0.0709 0.0722 0.9949
vn 0.0691 0.0740 0.9949
vn 0.1094 0.0928 0.9897
vn 0.1926 0.1312 0.9725
vn 0.5049 0.2703 0.8197
vn 0.4970 0.1933 -0.8459
vn 0.1833 0.0409 -0.9822
vn 0.0999 0.0011 -0.9950
vn -0.2039 0.0089 -0.9790
vn -0.1976 0.0143 -0.9802
vn -0.1900 0.0149 -0.9817
vn -0.1817 0.0122 -0.9833
vn -0.1732 0.0071 -0.9849
vn -0.1650 0.0005 -0.9863
vn -0.3475 0.0557 -0.9360
vn -0.3372 0.0611 -0.9394
vn -0.3252 0.0598 -0.9438
vn -0.3122 0.0537 -0.9485
vn -0.2991 0.0446 -0.9532
vn -0.2862 0.0335 -0.9576
vn -0.7337 0.1869 -0.6533
vn -0.7218 0.1933 -0.6645
vn -0.7093 0.1893 -0.6790
vn -0.6961 0.1775 -0.6956
vn -0.6824 0.1601 -0.7132
vn -0.6683 0.1386 -0.7309
vn -0.7328 0.2481 0.6336
vn -0.7198 0.2473 0.6486
vn -0.7059 0.2391 0.6668
vn -0.6912 0.2256 0.6866
vn -0.6760 0.2087 0.7067
vn -0.6606 0.1896 0.7264
vn -0.3316 0.1403 0.9329
vn -0.3199 0.1340 0.9379
vn -0.3075 0.1260 0.9432
vn -0.2949 0.1171 0.9483
vn -0.2826 0.1081 0.9531
vn -0.2708 0.0994 0.9575
vn -0.1844 0.0968 0.9781
vn -0.1770 0.0902 0.9801
vn -0.1695 0.0839 0.9820
vn -0.1621 0.0782 0.9837
vn -0.1550 0.0731 0.9852
vn -0.1485 0.0688 0.9865
vn -0.1323 -0.0254 -0.9909
vn -0.1301 -0.0150 -0.9914
vn -0.1262 -0.0097 -0.9920
vn -0.1213 -0.0080 -0.9926
vn -0.1158 -0.0090 -0.9932
vn -0.1102 -0.0119 -0.9938
vn -0.1047 -0.0161 -0.9944
vn -0.0995 -0.0211 -0.9948
vn -0.1572 -0.0070 -0.9875
vn -0.2740 0.0212 -0.9615
vn -0.6538 0.1145 -0.7479
vn -0.6454 0.1692 0.7449
vn -0.2599 0.0912 0.9613
vn -0.1423 0.0653 0.9877
vn -0.0845 0.0524 0.9950
vn -0.0879 0.0537 0.9947
vn -0.0916 0.0557 0.9942
vn -0.0957 0.0587 0.9937
vn -0.1000 0.0627 0.9930
vn -0.1047 0.0678 0.9922
vn -0.1095 0.0742 0.9912
vn -0.1144 0.0822 0.9900
vn -0.1913 0.1035 0.9761
vn -0.3416 0.1437 0.9288
vn -0.7444 0.2385 0.6236
vn -0.7448 0.1661 -0.6462
vn -0.3551 0.0411 -0.9339
vn -0.2081 -0.0032 -0.9781
vn 0.1906 -0.0274 -0.9813
vn 0.1924 -0.0131 -0.9812
vn 0.1895 0.0376 -0.9812
vn 0.1797 0.1520 -0.9719
vn 0.1605 0.3423 -0.9258
vn 0.1281 0.5768 -0.8068
vn 0.3371 0.0046 -0.9414
vn 0.3380 0.0325 -0.9406
vn 0.3281 0.1199 -0.9370
vn 0.2971 0.3034 -0.9053
vn 0.2340 0.5625 -0.7930
vn 0.1550 0.7749 -0.6128
vn 0.7403 0.0994 -0.6649
vn 0.7301 0.1662 -0.6629
vn 0.6759 0.3455 -0.6510
vn 0.5245 0.6260 -0.5771
vn 0.3162 0.8425 -0.4362
vn 0.1715 0.9307 -0.3232
vn 0.7536 0.1800 0.6322
vn 0.7453 0.2606 0.6137
vn 0.6947 0.4594 0.5534
vn 0.5376 0.7469 0.3913
vn 0.3178 0.9318 0.1756
vn 0.1699 0.9849 0.0319
vn 0.3512 0.1208 0.9285
vn 0.3496 0.1682 0.9217
vn 0.3386 0.2834 0.8972
vn 0.3057 0.4986 0.8112
vn 0.2359 0.7603 0.6052
vn 0.1517 0.9250 0.3484
vn 0.2041 0.0957 0.9743
vn 0.2023 0.1308 0.9706
vn 0.1962 0.2099 0.9578
vn 0.1837 0.3599 0.9148
vn 0.1610 0.5784 0.7997
vn 0.1246 0.7978 0.5900
vn 0.1121 -0.0400 -0.9929
vn 0.1159 -0.0439 -0.9923
vn 0.1178 -0.0359 -0.9924
vn 0.1171 -0.0033 -0.9931
vn 0.1133 0.0726 -0.9909
vn 0.1068 0.2021 -0.9735
vn 0.0961 0.3922 -0.9149
vn 0.0818 0.5834 -0.8081
vn 0.0926 0.7387 -0.6676
vn 0.1010 0.8682 -0.4857
vn 0.1050 0.9568 -0.2712
vn 0.1038 0.9941 -0.0313
vn 0.0979 0.9762 0.1936
vn 0.0883 0.9131 0.3981
vn 0.0771 0.8153 0.5739
vn 0.0924 0.6533 0.7514
vn 0.1056 0.4502 0.8867
vn 0.1149 0.2853 0.9515
vn 0.1220 0.1743 0.9771
vn 0.1267 0.1132 0.9855
vn 0.1289 0.0836 0.9881
vn 0.1289 0.0714 0.9891
vn 0.2025 0.0840 0.9757
vn 0.3472 0.1089 0.9314
vn 0.7489 0.1679 0.6411
vn 0.7345 0.0958 -0.6718
vn 0.3302 0.0061 -0.9439
vn 0.1855 -0.0244 -0.9823
vn 0.1414 0.2929 -0.9456
vn 0.0267 0.2444 -0.9693
vn -0.0490 0.2093 -0.9766
vn -0.0949 0.1865 -0.9779
vn -0.1141 0.1762 -0.9777
vn -0.1153 0.1752 -0.9777
vn 0.2479 0.4640 -0.8504
vn 0.0781 0.4197 -0.9043
vn -0.0445 0.3768 -0.9252
vn -0.1190 0.3457 -0.9308
vn -0.1528 0.3293 -0.9318
vn -0.1588 0.3251 -0.9323
vn 0.4416 0.7451 -0.4998
vn 0.2134 0.7905 -0.5742
vn -0.0057 0.7871 -0.6168
vn -0.1590 0.7586 -0.6319
vn -0.2382 0.7338 -0.6362
vn -0.2625 0.7234 -0.6385
vn 0.5262 0.7954 0.3009
vn 0.3106 0.8511 0.4233
vn 0.0922 0.8505 0.5178
vn -0.0688 0.8171 0.5724
vn -0.1592 0.7839 0.6001
vn -0.1962 0.7642 0.6144
vn 0.4152 0.5662 0.7120
vn 0.2454 0.5245 0.8152
vn 0.1099 0.4739 0.8737
vn 0.0182 0.4297 0.9028
vn -0.0339 0.3983 0.9166
vn -0.0588 0.3783 0.9238
vn 0.3339 0.4115 0.8481
vn 0.2082 0.3576 0.9104
vn 0.1144 0.3104 0.9437
vn 0.0491 0.2728 0.9608
vn 0.0104 0.2466 0.9691
vn -0.0107 0.2290 0.9734
vn 0.1952 0.2448 -0.9497
vn 0.0876 0.1921 -0.9775
vn 0.0071 0.1518 -0.9884
vn -0.0463 0.1239 -0.9912
vn -0.0793 0.1056 -0.9912
vn -0.0922 0.0983 -0.9909
vn -0.0917 0.0987 -0.9909
vn -0.0828 0.1041 -0.9911
vn -0.1049 0.1805 -0.9780
vn -0.1464 0.3295 -0.9327
vn -0.2494 0.7260 -0.6408
vn -0.1967 0.7579 0.6220
vn -0.0662 0.3666 0.9280
vn -0.0206 0.2171 0.9759
vn 0.0020 0.1400 0.9901
vn 0.0133 0.1518 0.9883
vn 0.0327 0.1680 0.9852
vn 0.0656 0.1913 0.9793
vn 0.1188 0.2246 0.9672
vn 0.1922 0.2660 0.9446
vn 0.2886 0.3157 0.9039
vn 0.4003 0.3695 0.8386
vn 0.4755 0.4547 0.7531
vn 0.5781 0.5749 0.5790
vn 0.6816 0.7066 0.1902
vn 0.6145 0.6672 -0.4210
vn 0.4277 0.4849 -0.7629
vn 0.2879 0.3413 -0.8947
vn 0.7145 0.3504 -0.6055
vn 0.6844 0.3541 -0.6373
vn 0.6435 0.3544 -0.6784
vn 0.5940 0.3539 -0.7224
vn 0.5404 0.3532 -0.7637
vn 0.4839 0.3562 -0.7994
vn 0.8107 0.3982 -0.4291
vn 0.7940 0.4094 -0.4494
vn 0.7697 0.4194 -0.4813
vn 0.7366 0.4297 -0.5223
vn 0.6943 0.4412 -0.5686
vn 0.6405 0.4566 -0.6175
vn 0.8713 0.4293 -0.2379
vn 0.8618 0.4444 -0.2446
vn 0.8494 0.4612 -0.2565
vn 0.8327 0.4814 -0.2737
vn 0.8093 0.5072 -0.2962
vn 0.7750 0.5425 -0.3243
vn 0.8954 0.4440 -0.0330
vn 0.8875 0.4599 -0.0285
vn 0.8780 0.4784 -0.0169
vn 0.8653 0.5012 0.0021
vn 0.8474 0.5302 0.0290
vn 0.8196 0.5694 0.0642
vn 0.8816 0.4414 0.1672
vn 0.8701 0.4555 0.1881
vn 0.8538 0.4703 0.2234
vn 0.8306 0.4866 0.2709
vn 0.7992 0.5046 0.3266
vn 0.7565 0.5266 0.3878
vn 0.8312 0.4217 0.3623
vn 0.8094 0.4301 0.3999
vn 0.7788 0.4365 0.4505
vn 0.7400 0.4424 0.5066
vn 0.6961 0.4475 0.5614
vn 0.6477 0.4553 0.6109
vn 0.6144 0.2831 -0.7364
vn 0.5788 0.2819 -0.7652
vn 0.5320 0.2758 -0.8006
vn 0.4798 0.2685 -0.8353
vn 0.4259 0.2629 -0.8657
vn 0.3753 0.2586 -0.8901
vn 0.3299 0.2589 -0.9078
vn 0.2942 0.2692 -0.9171
vn 0.4103 0.3596 -0.8380
vn 0.5607 0.4752 -0.6781
vn 0.7185 0.5937 -0.3623
vn 0.7719 0.6256 0.1133
vn 0.6907 0.5533 0.4656
vn 0.5835 0.4641 0.6664
vn 0.4915 0.3885 0.7794
vn 0.5256 0.3775 0.7624
vn 0.5673 0.3752 0.7330
vn 0.6127 0.3765 0.6948
vn 0.6596 0.3780 0.6496
vn 0.7034 0.3805 0.6003
vn 0.7413 0.3815 0.5522
vn 0.7691 0.3786 0.5150
vn 0.8414 0.4080 0.3544
vn 0.8887 0.4262 0.1690
vn 0.9028 0.4290 -0.0292
vn 0.8786 0.4140 -0.2379
vn 0.8184 0.3827 -0.4286
vn 0.7267 0.3371 -0.5985
vn -0.0050 -0.1312 -0.9913
vn 0.0226 -0.1110 -0.9936
vn 0.0421 -0.0959 -0.9945
vn 0.0561 -0.0845 -0.9948
vn 0.0645 -0.0774 -0.9949
vn 0.0688 -0.0741 -0.9949
vn 0.0142 -0.2132 -0.9769
vn 0.0644 -0.1824 -0.9811
vn 0.0994 -0.1586 -0.9823
vn 0.1230 -0.1412 -0.9823
vn 0.1368 -0.1301 -0.9820
vn 0.1439 -0.1248 -0.9817
vn 0.0834 -0.5279 -0.8452
vn 0.2221 -0.4626 -0.8583
vn 0.3179 -0.4045 -0.8575
vn 0.3783 -0.3600 -0.8528
vn 0.4124 -0.3309 -0.8488
vn 0.4295 -0.3163 -0.8459
vn 0.1242 -0.5113 0.8504
vn 0.2633 -0.4458 0.8555
vn 0.3589 -0.3878 0.8490
vn 0.4189 -0.3436 0.8406
vn 0.4526 -0.3146 0.8344
vn 0.4694 -0.3002 0.8304
vn 0.0613 -0.1941 0.9791
vn 0.1116 -0.1632 0.9803
vn 0.1465 -0.1395 0.9793
vn 0.1699 -0.1222 0.9779
vn 0.1836 -0.1112 0.9767
vn 0.1906 -0.1059 0.9759
vn 0.0428 -0.1118 0.9928
vn 0.0703 -0.0916 0.9933
vn 0.0898 -0.0765 0.9930
vn 0.1037 -0.0652 0.9925
vn 0.1120 -0.0582 0.9920
vn 0.1162 -0.0549 0.9917
vn -0.0390 -0.1114 -0.9930
vn -0.0167 -0.0923 -0.9956
vn 0.0007 -0.0775 -0.9970
vn 0.0137 -0.0662 -0.9977
vn 0.0235 -0.0575 -0.9981
vn 0.0295 -0.0522 -0.9982
vn 0.0325 -0.0497 -0.9982
vn 0.0334 -0.0495 -0.9982
vn 0.0702 -0.0740 -0.9948
vn 0.1463 -0.1246 -0.9814
vn 0.4347 -0.3153 -0.8436
vn 0.4744 -0.2993 0.8279
vn 0.1928 -0.1059 0.9755
vn 0.1174 -0.0549 0.9916
vn 0.0809 -0.0304 0.9963
vn 0.0801 -0.0304 0.9963
vn 0.0771 -0.0329 0.9965
vn 0.0713 -0.0381 0.9967
vn 0.0616 -0.0468 0.9970
vn 0.0486 -0.0580 0.9971
vn 0.0313 -0.0727 0.9969
vn 0.0089 -0.0918 0.9957
vn 0.0033 -0.1352 0.9908
vn -0.0083 -0.2274 0.9738
vn -0.0544 -0.5661 0.8225
vn -0.0937 -0.5821 -0.8077
vn -0.0551 -0.2464 -0.9676
vn -0.0444 -0.1546 -0.9870
vn -0.2386 -0.1279 -0.9626
vn -0.2212 -0.1408 -0.9650
vn -0.2014 -0.1510 -0.9678
vn -0.1782 -0.1593 -0.9710
vn -0.1534 -0.1652 -0.9743
vn -0.1257 -0.1696 -0.9775
vn -0.3739 -0.2050 -0.9045
vn -0.3539 -0.2320 -0.9061
vn -0.3272 -0.2524 -0.9106
vn -0.2918 -0.2665 -0.9186
vn -0.2489 -0.2739 -0.9290
vn -0.1978 -0.2762 -0.9405
vn -0.7077 -0.3945 -0.5860
vn -0.6774 -0.4542 -0.5787
vn -0.6370 -0.5037 -0.5836
vn -0.5818 -0.5440 -0.6047
vn -0.5077 -0.5749 -0.6417
vn -0.4087 -0.5968 -0.6905
vn -0.6785 -0.3826 0.6272
vn -0.6485 -0.4424 0.6195
vn -0.6078 -0.4919 0.6234
vn -0.5517 -0.5318 0.6426
vn -0.4759 -0.5620 0.6766
vn -0.3747 -0.5830 0.7210
vn -0.3296 -0.1869 0.9254
vn -0.3095 -0.2139 0.9265
vn -0.2826 -0.2343 0.9302
vn -0.2469 -0.2482 0.9367
vn -0.2036 -0.2555 0.9451
vn -0.1521 -0.2576 0.9542
vn -0.1917 -0.1087 0.9754
vn -0.1742 -0.1216 0.9772
vn -0.1543 -0.1318 0.9792
vn -0.1310 -0.1401 0.9814
vn -0.1061 -0.1459 0.9836
vn -0.0783 -0.1503 0.9855
vn -0.1831 -0.0788 -0.9799
vn -0.1665 -0.0855 -0.9823
vn -0.1512 -0.0918 -0.9842
vn -0.1357 -0.0978 -0.9859
vn -0.1189 -0.1038 -0.9875
vn -0.1028 -0.1092 -0.9887
vn -0.0866 -0.1147 -0.9896
vn -0.0697 -0.1214 -0.9901
vn -0.0900 -0.1692 -0.9815
vn -0.1329 -0.2693 -0.9538
vn -0.2726 -0.6041 -0.7488
vn -0.2359 -0.5892 0.7728
vn -0.0866 -0.2505 0.9642
vn -0.0425 -0.1499 0.9878
vn -0.0219 -0.1019 0.9946
vn -0.0387 -0.0952 0.9947
vn -0.0549 -0.0897 0.9945
vn -0.0710 -0.0843 0.9939
vn -0.0878 -0.0782 0.9931
vn -0.1033 -0.0722 0.9920
vn -0.1187 -0.0659 0.9907
vn -0.1354 -0.0593 0.9890
vn -0.2030 -0.0889 0.9751
vn -0.3384 -0.1487 0.9292
vn -0.6982 -0.3072 0.6466
vn -0.7284 -0.3196 -0.6060
vn -0.3829 -0.1669 -0.9086
vn -0.2500 -0.1081 -0.9622
vn -0.1177 0.0536 -0.9916
vn -0.1298 0.0422 -0.9906
vn -0.1452 0.0278 -0.9890
vn -0.1647 0.0092 -0.9863
vn -0.1880 -0.0136 -0.9821
vn -0.2155 -0.0421 -0.9756
vn -0.1918 0.1050 -0.9758
vn -0.2127 0.0849 -0.9734
vn -0.2383 0.0601 -0.9693
vn -0.2689 0.0283 -0.9628
vn -0.3037 -0.0113 -0.9527
vn -0.3413 -0.0600 -0.9381
vn -0.4706 0.2997 -0.8299
vn -0.5207 0.2437 -0.8182
vn -0.5757 0.1760 -0.7985
vn -0.6317 0.0924 -0.7697
vn -0.6818 -0.0065 -0.7315
vn -0.7186 -0.1151 -0.6858
vn -0.4306 0.3160 0.8454
vn -0.4810 0.2600 0.8373
vn -0.5368 0.1920 0.8216
vn -0.5940 0.1079 0.7972
vn -0.6458 0.0083 0.7635
vn -0.6847 -0.1012 0.7218
vn -0.1450 0.1241 0.9816
vn -0.1658 0.1040 0.9807
vn -0.1914 0.0793 0.9783
vn -0.2221 0.0474 0.9739
vn -0.2573 0.0076 0.9663
vn -0.2954 -0.0412 0.9545
vn -0.0702 0.0729 0.9949
vn -0.0821 0.0616 0.9947
vn -0.0974 0.0473 0.9941
vn -0.1170 0.0287 0.9927
vn -0.1403 0.0059 0.9901
vn -0.1680 -0.0226 0.9855
vn -0.0760 0.0348 -0.9965
vn -0.0820 0.0287 -0.9962
vn -0.0898 0.0213 -0.9957
vn -0.1004 0.0117 -0.9949
vn -0.1145 -0.0010 -0.9934
vn -0.1314 -0.0161 -0.9912
vn -0.1522 -0.0348 -0.9877
vn -0.1770 -0.0570 -0.9826
vn -0.2417 -0.0766 -0.9673
vn -0.3719 -0.1154 -0.9210
vn -0.7345 -0.2237 -0.6407
vn -0.7026 -0.2106 0.6797
vn -0.3269 -0.0970 0.9401
vn -0.1945 -0.0573 0.9792
vn -0.1292 -0.0374 0.9909
vn -0.1042 -0.0151 0.9944
vn -0.0834 0.0035 0.9965
vn -0.0665 0.0187 0.9976
vn -0.0525 0.0313 0.9981
vn -0.0420 0.0408 0.9983
vn -0.0343 0.0481 0.9983
vn -0.0284 0.0541 0.9981
vn -0.0607 0.0826 0.9947
vn -0.1279 0.1416 0.9816
vn -0.3860 0.3645 0.8474
vn -0.4261 0.3483 -0.8349
vn -0.1747 0.1227 -0.9770
vn -0.1081 0.0634 -0.9921
vn -0.0729 0.1223 -0.9898
vn -0.0764 0.1135 -0.9906
vn -0.0800 0.1051 -0.9912
vn -0.0840 0.0970 -0.9917
vn -0.0886 0.0890 -0.9921
vn -0.0939 0.0809 -0.9923
vn -0.1115 0.2253 -0.9679
vn -0.1173 0.2107 -0.9705
vn -0.1236 0.1966 -0.9727
vn -0.1307 0.1827 -0.9744
vn -0.1389 0.1687 -0.9758
vn -0.1486 0.1543 -0.9768
vn -0.2443 0.5794 -0.7776
vn -0.2612 0.5529 -0.7913
vn -0.2799 0.5252 -0.8036
vn -0.3009 0.4960 -0.8145
vn -0.3251 0.4647 -0.8236
vn -0.3533 0.4304 -0.8306
vn -0.2135 0.5886 0.7797
vn -0.2278 0.5637 0.7940
vn -0.2444 0.5375 0.8071
vn -0.2638 0.5096 0.8190
vn -0.2867 0.4793 0.8295
vn -0.3139 0.4458 0.8383
vn -0.0730 0.2364 0.9689
vn -0.0764 0.2241 0.9716
vn -0.0809 0.2118 0.9740
vn -0.0865 0.1992 0.9761
vn -0.0936 0.1862 0.9780
vn -0.1026 0.1726 0.9796
vn -0.0334 0.1337 0.9905
vn -0.0345 0.1273 0.9913
vn -0.0364 0.1207 0.9920
vn -0.0391 0.1139 0.9927
vn -0.0426 0.1069 0.9934
vn -0.0472 0.0994 0.9939
vn -0.0518 0.0781 -0.9956
vn -0.0542 0.0718 -0.9959
vn -0.0565 0.0660 -0.9962
vn -0.0588 0.0606 -0.9964
vn -0.0614 0.0554 -0.9966
vn -0.0642 0.0504 -0.9967
vn -0.0674 0.0454 -0.9967
vn -0.0713 0.0403 -0.9966
vn -0.1003 0.0724 -0.9923
vn -0.1603 0.1391 -0.9772
vn -0.3866 0.3920 -0.8348
vn -0.3467 0.4079 0.8446
vn -0.1138 0.1578 0.9809
vn -0.0531 0.0914 0.9944
vn -0.0240 0.0593 0.9979
vn -0.0206 0.0641 0.9977
vn -0.0180 0.0684 0.9975
vn -0.0162 0.0725 0.9972
vn -0.0149 0.0763 0.9970
vn -0.0142 0.0800 0.9967
vn -0.0141 0.0835 0.9964
vn -0.0145 0.0868 0.9961
vn -0.0329 0.1401 0.9896
vn -0.0706 0.2488 0.9660
vn -0.2011 0.6128 0.7642
vn -0.2287 0.6052 -0.7625
vn -0.1060 0.2407 -0.9648
vn -0.0696 0.1318 -0.9888
vn 0.0859 -0.1134 -0.9898
vn 0.0891 -0.1185 -0.9890
vn 0.0919 -0.1240 -0.9880
vn 0.0942 -0.1300 -0.9870
vn 0.0958 -0.1367 -0.9860
vn 0.0961 -0.1443 -0.9849
vn 0.1742 -0.1943 -0.9653
vn 0.1798 -0.2033 -0.9625
vn 0.1849 -0.2128 -0.9594
vn 0.1895 -0.2230 -0.9562
vn 0.1929 -0.2338 -0.9529
vn 0.1946 -0.2457 -0.9496
vn 0.4642 -0.4598 -0.7570
vn 0.4707 -0.4750 -0.7435
vn 0.4763 -0.4903 -0.7299
vn 0.4804 -0.5060 -0.7164
vn 0.4824 -0.5223 -0.7032
vn 0.4811 -0.5399 -0.6907
vn 0.4998 -0.4529 0.7383
vn 0.5066 -0.4694 0.7232
vn 0.5126 -0.4859 0.7079
vn 0.5175 -0.5023 0.6927
vn 0.5205 -0.5188 0.6782
vn 0.5205 -0.5356 0.6650
vn 0.2178 -0.1837 0.9585
vn 0.2241 -0.1941 0.9550
vn 0.2305 -0.2048 0.9513
vn 0.2367 -0.2155 0.9474
vn 0.2422 -0.2262 0.9435
vn 0.2466 -0.2366 0.9398
vn 0.1299 -0.1026 0.9862
vn 0.1338 -0.1091 0.9850
vn 0.1379 -0.1157 0.9837
vn 0.1421 -0.1222 0.9823
vn 0.1461 -0.1285 0.9809
vn 0.1497 -0.1344 0.9796
vn 0.0406 -0.0707 -0.9967
vn 0.0426 -0.0733 -0.9964
vn 0.0444 -0.0762 -0.9961
vn 0.0458 -0.0796 -0.9958
vn 0.0468 -0.0833 -0.9954
vn 0.0472 -0.0878 -0.9950
vn 0.0466 -0.0930 -0.9946
vn 0.0443 -0.0997 -0.9940
vn 0.0943 -0.1533 -0.9837
vn 0.1930 -0.2592 -0.9463
vn 0.4744 -0.5601 -0.6791
vn 0.5159 -0.5534 0.6539
vn 0.2491 -0.2467 0.9365
vn 0.1526 -0.1395 0.9784
vn 0.1037 -0.0852 0.9910
vn 0.1005 -0.0830 0.9915
vn 0.0974 -0.0798 0.9920
vn 0.0944 -0.0759 0.9926
vn 0.0914 -0.0717 0.9932
vn 0.0886 -0.0674 0.9938
vn 0.0861 -0.0630 0.9943
vn 0.0841 -0.0587 0.9947
vn 0.1264 -0.0964 0.9873
vn 0.2119 -0.1737 0.9617
vn 0.4927 -0.4363 0.7529
vn 0.4570 -0.4449 -0.7702
vn 0.1685 -0.1858 -0.9680
vn 0.0826 -0.1087 -0.9906
vn 0.0691 -0.0799 -0.9944
vn 0.0693 -0.0835 -0.9941
vn 0.0702 -0.0873 -0.9937
vn 0.0716 -0.0914 -0.9932
vn 0.0737 -0.0956 -0.9927
vn 0.0762 -0.0999 -0.9921
vn 0.1449 -0.1346 -0.9802
vn 0.1456 -0.1408 -0.9793
vn 0.1472 -0.1474 -0.9781
vn 0.1499 -0.1545 -0.9766
vn 0.1534 -0.1620 -0.9748
vn 0.1577 -0.1697 -0.9728
vn 0.4291 -0.3391 -0.8372
vn 0.4286 -0.3533 -0.8316
vn 0.4300 -0.3681 -0.8244
vn 0.4330 -0.3833 -0.8158
vn 0.4374 -0.3989 -0.8060
vn 0.4430 -0.4145 -0.7949
vn 0.4683 -0.3235 0.8222
vn 0.4674 -0.3381 0.8169
vn 0.4683 -0.3535 0.8098
vn 0.4707 -0.3695 0.8012
vn 0.4746 -0.3860 0.7911
vn 0.4796 -0.4028 0.7795
vn 0.1910 -0.1162 0.9747
vn 0.1913 -0.1227 0.9738
vn 0.1926 -0.1298 0.9726
vn 0.1948 -0.1375 0.9711
vn 0.1979 -0.1458 0.9693
vn 0.2018 -0.1547 0.9671
vn 0.1159 -0.0612 0.9914
vn 0.1158 -0.0651 0.9911
vn 0.1163 -0.0694 0.9908
vn 0.1173 -0.0741 0.9903
vn 0.1188 -0.0792 0.9898
vn 0.1209 -0.0846 0.9891
vn 0.0329 -0.0513 -0.9981
vn 0.0324 -0.0535 -0.9980
vn 0.0324 -0.0558 -0.9979
vn 0.0329 -0.0582 -0.9978
vn 0.0337 -0.0607 -0.9976
vn 0.0349 -0.0632 -0.9974
vn 0.0365 -0.0657 -0.9972
vn 0.0384 -0.0682 -0.9969
vn 0.0792 -0.1043 -0.9914
vn 0.1628 -0.1777 -0.9705
vn 0.4497 -0.4299 -0.7829
vn 0.4858 -0.4197 0.7667
vn 0.2065 -0.1640 0.9646
vn 0.1234 -0.0903 0.9882
vn 0.0824 -0.0545 0.9951
vn 0.0811 -0.0505 0.9954
vn 0.0801 -0.0469 0.9957
vn 0.0795 -0.0434 0.9959
vn 0.0791 -0.0403 0.9961
vn 0.0791 -0.0374 0.9962
vn 0.0794 -0.0347 0.9962
vn 0.0801 -0.0323 0.9963
vn 0.1166 -0.0576 0.9915
vn 0.1918 -0.1103 0.9752
vn 0.4713 -0.3098 0.8258
vn 0.4317 -0.3257 -0.8411
vn 0.1454 -0.1290 -0.9809
vn 0.0695 -0.0766 -0.9946
vn -0.0761 0.1902 -0.9788
vn -0.0682 0.1875 -0.9799
vn -0.0638 0.1812 -0.9814
vn -0.0620 0.1727 -0.9830
vn -0.0621 0.1628 -0.9847
vn -0.0637 0.1524 -0.9863
vn -0.1081 0.3376 -0.9350
vn -0.0983 0.3314 -0.9383
vn -0.0933 0.3204 -0.9427
vn -0.0919 0.3062 -0.9475
vn -0.0932 0.2903 -0.9524
vn -0.0963 0.2736 -0.9570
vn -0.1930 0.7350 -0.6501
vn -0.1812 0.7280 -0.6612
vn -0.1782 0.7153 -0.6757
vn -0.1815 0.6981 -0.6926
vn -0.1894 0.6777 -0.7105
vn -0.2006 0.6549 -0.7286
vn -0.1636 0.7526 0.6378
vn -0.1580 0.7409 0.6528
vn -0.1585 0.7245 0.6708
vn -0.1631 0.7048 0.6903
vn -0.1706 0.6831 0.7102
vn -0.1799 0.6600 0.7294
vn -0.0617 0.3485 0.9353
vn -0.0615 0.3352 0.9401
vn -0.0623 0.3204 0.9452
vn -0.0638 0.3050 0.9502
vn -0.0655 0.2898 0.9549
vn -0.0673 0.2752 0.9590
vn -0.0266 0.1989 0.9797
vn -0.0287 0.1891 0.9815
vn -0.0304 0.1794 0.9833
vn -0.0317 0.1702 0.9849
vn -0.0326 0.1615 0.9863
vn -0.0331 0.1537 0.9876
vn -0.0696 0.1112 -0.9914
vn -0.0595 0.1145 -0.9916
vn -0.0530 0.1138 -0.9921
vn -0.0491 0.1104 -0.9927
vn -0.0472 0.1052 -0.9933
vn -0.0469 0.0988 -0.9940
vn -0.0477 0.0920 -0.9946
vn -0.0495 0.0850 -0.9952
vn -0.0663 0.1420 -0.9877
vn -0.1008 0.2569 -0.9612
vn -0.2139 0.6305 -0.7461
vn -0.1901 0.6364 0.7475
vn -0.0689 0.2616 0.9627
vn -0.0331 0.1466 0.9886
vn -0.0154 0.0900 0.9958
vn -0.0160 0.0936 0.9955
vn -0.0161 0.0978 0.9951
vn -0.0156 0.1028 0.9946
vn -0.0143 0.1086 0.9940
vn -0.0122 0.1152 0.9933
vn -0.0090 0.1226 0.9924
vn -0.0045 0.1308 0.9914
vn -0.0242 0.2082 0.9778
vn -0.0638 0.3589 0.9312
vn -0.1774 0.7580 0.6276
vn -0.2167 0.7341 -0.6435
vn -0.1246 0.3369 -0.9333
vn -0.0886 0.1878 -0.9782
vn 0.0899 -0.1695 -0.9814
vn 0.1032 -0.1639 -0.9811
vn 0.1456 -0.1361 -0.9799
vn 0.2396 -0.0704 -0.9683
vn 0.3939 0.0410 -0.9182
vn 0.5785 0.1852 -0.7944
vn 0.1902 -0.2807 -0.9408
vn 0.2147 -0.2675 -0.9393
vn 0.2853 -0.2154 -0.9339
vn 0.4282 -0.0970 -0.8985
vn 0.6188 0.0861 -0.7808
vn 0.7598 0.2591 -0.5963
vn 0.4687 -0.5851 -0.6618
vn 0.5214 -0.5428 -0.6584
vn 0.6493 -0.4063 -0.6429
vn 0.8151 -0.1357 -0.5633
vn 0.8956 0.1516 -0.4182
vn 0.8975 0.3200 -0.3035
vn 0.5210 -0.5685 0.6367
vn 0.5869 -0.5208 0.6199
vn 0.7349 -0.3771 0.5637
vn 0.9082 -0.0957 0.4074
vn 0.9623 0.1891 0.1954
vn 0.9371 0.3451 0.0526
vn 0.2629 -0.2525 0.9312
vn 0.3033 -0.2274 0.9254
vn 0.3980 -0.1600 0.9033
vn 0.5694 -0.0231 0.8217
vn 0.7650 0.1702 0.6212
vn 0.8702 0.3279 0.3678
vn 0.1668 -0.1381 0.9763
vn 0.1963 -0.1189 0.9733
vn 0.2621 -0.0740 0.9622
vn 0.3864 0.0123 0.9223
vn 0.5663 0.1423 0.8118
vn 0.7420 0.2855 0.6066
vn 0.0399 -0.1077 -0.9934
vn 0.0385 -0.1129 -0.9929
vn 0.0463 -0.1106 -0.9928
vn 0.0742 -0.0937 -0.9928
vn 0.1380 -0.0525 -0.9890
vn 0.2466 0.0177 -0.9690
vn 0.4046 0.1215 -0.9064
vn 0.5610 0.2285 -0.7956
vn 0.6983 0.2955 -0.6520
vn 0.8112 0.3513 -0.4674
vn 0.8859 0.3901 -0.2510
vn 0.9131 0.4076 -0.0104
vn 0.8905 0.4016 0.2141
vn 0.8273 0.3763 0.4171
vn 0.7337 0.3355 0.5909
vn 0.5978 0.2396 0.7650
vn 0.4260 0.1253 0.8960
vn 0.2867 0.0342 0.9574
vn 0.1937 -0.0277 0.9807
vn 0.1430 -0.0624 0.9878
vn 0.1184 -0.0792 0.9898
vn 0.1079 -0.0852 0.9905
vn 0.1558 -0.1426 0.9774
vn 0.2506 -0.2550 0.9339
vn 0.5080 -0.5706 0.6453
vn 0.4628 -0.5817 -0.6688
vn 0.1880 -0.2740 -0.9432
vn 0.0900 -0.1636 -0.9824
vn 0.3419 0.0330 -0.9391
vn 0.2430 0.1082 -0.9640
vn 0.1749 0.1564 -0.9721
vn 0.1322 0.1846 -0.9739
vn 0.1137 0.1961 -0.9740
vn 0.1123 0.1967 -0.9740
vn 0.5416 0.0254 -0.8403
vn 0.4192 0.1508 -0.8953
vn 0.3212 0.2357 -0.9172
vn 0.2571 0.2848 -0.9235
vn 0.2260 0.3058 -0.9249
vn 0.2194 0.3089 -0.9255
vn 0.8752 -0.0051 -0.4837
vn 0.8018 0.2160 -0.5573
vn 0.6900 0.4044 -0.6003
vn 0.5890 0.5230 -0.6161
vn 0.5280 0.5792 -0.6210
vn 0.5069 0.5951 -0.6236
vn 0.9461 -0.0607 0.3180
vn 0.8843 0.1526 0.4413
vn 0.7728 0.3406 0.5355
vn 0.6623 0.4628 0.5892
vn 0.5878 0.5242 0.6162
vn 0.5521 0.5462 0.6300
vn 0.6846 -0.0831 0.7242
vn 0.5617 0.0421 0.8263
vn 0.4489 0.1336 0.8835
vn 0.3643 0.1906 0.9116
vn 0.3108 0.2199 0.9247
vn 0.2809 0.2314 0.9314
vn 0.5074 -0.0913 0.8569
vn 0.3967 -0.0101 0.9179
vn 0.3083 0.0473 0.9501
vn 0.2429 0.0848 0.9663
vn 0.2006 0.1052 0.9740
vn 0.1748 0.1146 0.9779
vn 0.3273 -0.0376 -0.9442
vn 0.2284 0.0295 -0.9731
vn 0.1534 0.0791 -0.9850
vn 0.1025 0.1114 -0.9885
vn 0.0703 0.1308 -0.9889
vn 0.0574 0.1383 -0.9887
vn 0.0581 0.1382 -0.9887
vn 0.0672 0.1331 -0.9888
vn 0.1220 0.1903 -0.9741
vn 0.2294 0.3004 -0.9258
vn 0.5158 0.5851 -0.6258
vn 0.5462 0.5435 0.6375
vn 0.2670 0.2319 0.9354
vn 0.1595 0.1172 0.9802
vn 0.1037 0.0590 0.9929
vn 0.1196 0.0551 0.9913
vn 0.1435 0.0464 0.9886
vn 0.1802 0.0296 0.9832
vn 0.2358 0.0003 0.9718
vn 0.3088 -0.0423 0.9502
vn 0.4008 -0.1006 0.9106
vn 0.5044 -0.1697 0.8466
vn 0.6174 -0.1915 0.7630
vn 0.7760 -0.2186 0.5916
vn 0.9491 -0.2387 0.2056
vn 0.8928 -0.1945 -0.4063
vn 0.6479 -0.1206 -0.7521
vn 0.4562 -0.0702 -0.8871
vn 0.6720 -0.4378 -0.5973
vn 0.6608 -0.4095 -0.6290
vn 0.6414 -0.3736 -0.6701
vn 0.6170 -0.3306 -0.7142
vn 0.5903 -0.2841 -0.7555
vn 0.5653 -0.2333 -0.7912
vn 0.7582 -0.4989 -0.4198
vn 0.7599 -0.4786 -0.4398
vn 0.7570 -0.4522 -0.4716
vn 0.7502 -0.4180 -0.5123
vn 0.7398 -0.3753 -0.5584
vn 0.7271 -0.3204 -0.6071
vn 0.8119 -0.5375 -0.2279
vn 0.8203 -0.5217 -0.2343
vn 0.8289 -0.5025 -0.2458
vn 0.8384 -0.4777 -0.2626
vn 0.8494 -0.4444 -0.2846
vn 0.8633 -0.3967 -0.3120
vn 0.8329 -0.5530 -0.0227
vn 0.8426 -0.5383 -0.0178
vn 0.8536 -0.5209 -0.0059
vn 0.8666 -0.4987 0.0136
vn 0.8823 -0.4689 0.0410
vn 0.9016 -0.4256 0.0770
vn 0.8200 -0.5442 0.1774
vn 0.8260 -0.5275 0.1985
vn 0.8300 -0.5063 0.2342
vn 0.8316 -0.4785 0.2820
vn 0.8305 -0.4428 0.3380
vn 0.8271 -0.3954 0.3996
vn 0.7741 -0.5123 0.3720
vn 0.7697 -0.4895 0.4098
vn 0.7590 -0.4604 0.4604
vn 0.7436 -0.4244 0.5166
vn 0.7251 -0.3843 0.5714
vn 0.7067 -0.3390 0.6210
vn 0.5662 -0.3835 -0.7296
vn 0.5479 -0.3530 -0.7584
vn 0.5198 -0.3152 -0.7940
vn 0.4880 -0.2733 -0.8290
vn 0.4568 -0.2292 -0.8595
vn 0.4282 -0.1873 -0.8841
vn 0.4061 -0.1477 -0.9018
vn 0.3973 -0.1115 -0.9109
vn 0.5322 -0.1676 -0.8299
vn 0.7045 -0.2415 -0.6674
vn 0.8801 -0.3219 -0.3490
vn 0.9255 -0.3566 0.1272
vn 0.8158 -0.3258 0.4779
vn 0.6812 -0.2795 0.6767
vn 0.5676 -0.2387 0.7879
vn 0.5755 -0.2735 0.7707
vn 0.5949 -0.3106 0.7414
vn 0.6195 -0.3488 0.7033
vn 0.6451 -0.3883 0.6581
vn 0.6700 -0.4245 0.6090
vn 0.6907 -0.4564 0.5609
vn 0.7028 -0.4815 0.5237
vn 0.7674 -0.5279 0.3638
vn 0.8103 -0.5580 0.1789
vn 0.8235 -0.5670 -0.0192
vn 0.8023 -0.5516 -0.2281
vn 0.7487 -0.5133 -0.4196
vn 0.6665 -0.4551 -0.5905
vn -0.0976 -0.0519 -0.9939
vn -0.0663 -0.0657 -0.9956
vn -0.0434 -0.0750 -0.9962
vn -0.0266 -0.0815 -0.9963
vn -0.0162 -0.0852 -0.9962
vn -0.0112 -0.0872 -0.9961
vn -0.1593 -0.1097 -0.9811
vn -0.1074 -0.1377 -0.9846
vn -0.0693 -0.1561 -0.9853
vn -0.0424 -0.1678 -0.9849
vn -0.0259 -0.1743 -0.9844
vn -0.0177 -0.1778 -0.9839
vn -0.3996 -0.3282 -0.8559
vn -0.2734 -0.4155 -0.8675
vn -0.1752 -0.4695 -0.8654
vn -0.1066 -0.4996 -0.8597
vn -0.0644 -0.5146 -0.8550
vn -0.0433 -0.5221 -0.8518
vn -0.3964 -0.3713 0.8396
vn -0.2702 -0.4590 0.8463
vn -0.1721 -0.5127 0.8411
vn -0.1036 -0.5424 0.8337
vn -0.0615 -0.5571 0.8281
vn -0.0406 -0.5644 0.8245
vn -0.1556 -0.1594 0.9749
vn -0.1037 -0.1875 0.9768
vn -0.0657 -0.2058 0.9764
vn -0.0390 -0.2175 0.9753
vn -0.0226 -0.2238 0.9744
vn -0.0145 -0.2272 0.9737
vn -0.0938 -0.1023 0.9903
vn -0.0626 -0.1161 0.9913
vn -0.0398 -0.1254 0.9913
vn -0.0231 -0.1318 0.9910
vn -0.0129 -0.1354 0.9907
vn -0.0079 -0.1374 0.9905
vn -0.0974 -0.0125 -0.9952
vn -0.0697 -0.0223 -0.9973
vn -0.0482 -0.0299 -0.9984
vn -0.0195 -0.0397 -0.9990
vn -0.0118 -0.0422 -0.9990
vn -0.0081 -0.0436 -0.9990
vn -0.0075 -0.0443 -0.9990
vn -0.0104 -0.0884 -0.9960
vn -0.0164 -0.1797 -0.9836
vn -0.0398 -0.5261 -0.8495
vn -0.0373 -0.5683 0.8220
vn -0.0134 -0.2291 0.9733
vn -0.0073 -0.1385 0.9903
vn -0.0044 -0.0946 0.9955
vn -0.0049 -0.0940 0.9956
vn -0.0084 -0.0926 0.9957
vn -0.0160 -0.0902 0.9958
vn -0.0283 -0.0861 0.9959
vn -0.0445 -0.0805 0.9958
vn -0.0659 -0.0729 0.9952
vn -0.0936 -0.0631 0.9936
vn -0.1339 -0.0798 0.9878
vn -0.2191 -0.1157 0.9688
vn -0.5326 -0.2438 0.8105
vn -0.5357 -0.2023 -0.8198
vn -0.2228 -0.0664 -0.9726
vn -0.1377 -0.0296 -0.9900
vn -0.2121 0.1518 -0.9654
vn -0.2145 0.1303 -0.9680
vn -0.2135 0.1081 -0.9710
vn -0.2090 0.0838 -0.9743
vn -0.2016 0.0594 -0.9777
vn -0.1915 0.0333 -0.9809
vn -0.3476 0.2298 -0.9090
vn -0.3610 0.1990 -0.9111
vn -0.3652 0.1657 -0.9161
vn -0.3595 0.1281 -0.9243
vn -0.3443 0.0873 -0.9348
vn -0.3206 0.0420 -0.9463
vn -0.6846 0.4211 -0.5950
vn -0.7212 0.3649 -0.5888
vn -0.7438 0.3052 -0.5947
vn -0.7507 0.2375 -0.6166
vn -0.7397 0.1582 -0.6541
vn -0.7082 0.0620 -0.7033
vn -0.6822 0.3902 0.6183
vn -0.7189 0.3344 0.6094
vn -0.7414 0.2745 0.6123
vn -0.7482 0.2057 0.6307
vn -0.7371 0.1246 0.6641
vn -0.7055 0.0261 0.7082
vn -0.3439 0.1832 0.9210
vn -0.3573 0.1523 0.9215
vn -0.3615 0.1188 0.9248
vn -0.3559 0.0809 0.9310
vn -0.3406 0.0396 0.9394
vn -0.3169 -0.0062 0.9484
vn -0.2082 0.1024 0.9727
vn -0.2106 0.0808 0.9742
vn -0.2095 0.0585 0.9761
vn -0.2051 0.0341 0.9782
vn -0.1977 0.0096 0.9802
vn -0.1877 -0.0166 0.9821
vn -0.1416 0.1284 -0.9816
vn -0.1390 0.1107 -0.9841
vn -0.1367 0.0943 -0.9861
vn -0.1341 0.0779 -0.9879
vn -0.1310 0.0604 -0.9895
vn -0.1276 0.0438 -0.9909
vn -0.1242 0.0270 -0.9919
vn -0.1215 0.0090 -0.9925
vn -0.1732 0.0026 -0.9849
vn -0.2818 -0.0106 -0.9594
vn -0.6454 -0.0589 -0.7616
vn -0.6425 -0.0976 0.7601
vn -0.2782 -0.0594 0.9587
vn -0.1694 -0.0475 0.9844
vn -0.1177 -0.0414 0.9922
vn -0.1203 -0.0235 0.9925
vn -0.1237 -0.0067 0.9923
vn -0.1270 0.0100 0.9918
vn -0.1302 0.0275 0.9911
vn -0.1327 0.0440 0.9902
vn -0.1349 0.0605 0.9890
vn -0.1375 0.0782 0.9874
vn -0.1967 0.1221 0.9728
vn -0.3153 0.2099 0.9255
vn -0.6272 0.4449 0.6393
vn -0.6297 0.4767 -0.6134
vn -0.3191 0.2567 -0.9123
vn -0.2007 0.1715 -0.9645
vn 0.0060 0.1381 -0.9904
vn -0.0099 0.1428 -0.9897
vn -0.0301 0.1490 -0.9884
vn -0.0561 0.1566 -0.9861
vn -0.0875 0.1653 -0.9824
vn -0.1260 0.1747 -0.9765
vn 0.0132 0.2279 -0.9736
vn -0.0148 0.2358 -0.9717
vn -0.0491 0.2455 -0.9681
vn -0.0920 0.2561 -0.9623
vn -0.1440 0.2663 -0.9531
vn -0.2051 0.2744 -0.9395
vn 0.0395 0.5653 -0.8240
vn -0.0342 0.5805 -0.8135
vn -0.1207 0.5941 -0.7953
vn -0.2216 0.6005 -0.7683
vn -0.3330 0.5941 -0.7322
vn -0.4463 0.5712 -0.6889
vn 0.0425 0.5229 0.8513
vn -0.0311 0.5386 0.8420
vn -0.1176 0.5531 0.8248
vn -0.2185 0.5608 0.7986
vn -0.3301 0.5562 0.7627
vn -0.4435 0.5354 0.7188
vn 0.0166 0.1783 0.9838
vn -0.0112 0.1863 0.9824
vn -0.0453 0.1961 0.9795
vn -0.0882 0.2069 0.9744
vn -0.1401 0.2175 0.9659
vn -0.2012 0.2262 0.9531
vn 0.0095 0.0878 0.9961
vn -0.0063 0.0925 0.9957
vn -0.0263 0.0986 0.9948
vn -0.0522 0.1063 0.9930
vn -0.0835 0.1151 0.9898
vn -0.1220 0.1248 0.9847
vn 0.0107 0.0926 -0.9956
vn 0.0024 0.0948 -0.9955
vn -0.0079 0.0978 -0.9952
vn -0.0215 0.1022 -0.9945
vn -0.0396 0.1081 -0.9934
vn -0.0612 0.1151 -0.9915
vn -0.0878 0.1237 -0.9884
vn -0.1195 0.1340 -0.9837
vn -0.1691 0.1801 -0.9690
vn -0.2688 0.2730 -0.9237
vn -0.5491 0.5302 -0.6461
vn -0.5464 0.4967 0.6743
vn -0.2650 0.2257 0.9375
vn -0.1651 0.1306 0.9776
vn -0.1154 0.0838 0.9898
vn -0.0837 0.0733 0.9938
vn -0.0572 0.0646 0.9963
vn -0.0357 0.0575 0.9977
vn -0.0178 0.0516 0.9985
vn -0.0043 0.0473 0.9989
vn 0.0059 0.0443 0.9990
vn 0.0140 0.0423 0.9990
vn 0.0226 0.0845 0.9962
vn 0.0403 0.1723 0.9842
vn 0.1068 0.5085 0.8544
vn 0.1040 0.5510 -0.8280
vn 0.0371 0.2218 -0.9744
vn 0.0193 0.1347 -0.9907
vn 0.0879 0.1337 -0.9871
vn 0.0785 0.1322 -0.9881
vn 0.0695 0.1312 -0.9889
vn 0.0605 0.1306 -0.9896
vn 0.0512 0.1305 -0.9901
vn 0.0416 0.1311 -0.9905
vn 0.1574 0.2184 -0.9631
vn 0.1419 0.2161 -0.9660
vn 0.1265 0.2145 -0.9685
vn 0.1110 0.2137 -0.9706
vn 0.0948 0.2138 -0.9723
vn 0.0775 0.2150 -0.9735
vn 0.3939 0.5086 -0.7656
vn 0.3628 0.5101 -0.7799
vn 0.3297 0.5126 -0.7928
vn 0.2941 0.5163 -0.8043
vn 0.2551 0.5217 -0.8141
vn 0.2114 0.5290 -0.8219
vn 0.3883 0.4719 0.7916
vn 0.3592 0.4716 0.8053
vn 0.3280 0.4728 0.8179
vn 0.2939 0.4755 0.8292
vn 0.2561 0.4801 0.8390
vn 0.2134 0.4868 0.8470
vn 0.1501 0.1723 0.9735
vn 0.1377 0.1691 0.9759
vn 0.1247 0.1667 0.9781
vn 0.1110 0.1653 0.9800
vn 0.0962 0.1650 0.9816
vn 0.0798 0.1658 0.9829
vn 0.0806 0.0864 0.9930
vn 0.0744 0.0842 0.9937
vn 0.0677 0.0825 0.9943
vn 0.0605 0.0814 0.9948
vn 0.0527 0.0810 0.9953
vn 0.0440 0.0812 0.9957
vn 0.0603 0.0933 -0.9938
vn 0.0536 0.0922 -0.9943
vn 0.0475 0.0913 -0.9947
vn 0.0416 0.0907 -0.9950
vn 0.0359 0.0903 -0.9953
vn 0.0301 0.0902 -0.9955
vn 0.0241 0.0905 -0.9956
vn 0.0178 0.0913 -0.9957
vn 0.0310 0.1324 -0.9907
vn 0.0585 0.2176 -0.9743
vn 0.1615 0.5387 -0.8269
vn 0.1640 0.4962 0.8526
vn 0.0614 0.1682 0.9838
vn 0.0340 0.0823 0.9960
vn 0.0208 0.0410 0.9989
vn 0.0266 0.0404 0.9988
vn 0.0316 0.0404 0.9987
vn 0.0360 0.0408 0.9985
vn 0.0400 0.0417 0.9983
vn 0.0435 0.0429 0.9981
vn 0.0466 0.0445 0.9979
vn 0.0493 0.0465 0.9977
vn 0.0864 0.0893 0.9923
vn 0.1621 0.1764 0.9709
vn 0.4156 0.4734 0.7766
vn 0.4238 0.5079 -0.7500
vn 0.1733 0.2213 -0.9597
vn 0.0977 0.1355 -0.9859
vn -0.0367 -0.1218 -0.9919
vn -0.0396 -0.1270 -0.9911
vn -0.0430 -0.1322 -0.9903
vn -0.0470 -0.1373 -0.9894
vn -0.0520 -0.1420 -0.9885
vn -0.0585 -0.1461 -0.9875
vn -0.0631 -0.2389 -0.9690
vn -0.0682 -0.2482 -0.9663
vn -0.0739 -0.2575 -0.9634
vn -0.0804 -0.2665 -0.9605
vn -0.0882 -0.2750 -0.9574
vn -0.0977 -0.2824 -0.9543
vn -0.1518 -0.6248 -0.7659
vn -0.1619 -0.6381 -0.7527
vn -0.1726 -0.6507 -0.7394
vn -0.1844 -0.6623 -0.7262
vn -0.1978 -0.6723 -0.7134
vn -0.2140 -0.6801 -0.7012
vn -0.1559 -0.6662 0.7293
vn -0.1665 -0.6802 0.7138
vn -0.1775 -0.6936 0.6982
vn -0.1890 -0.7059 0.6827
vn -0.2015 -0.7165 0.6678
vn -0.2157 -0.7248 0.6543
vn -0.0680 -0.2895 0.9547
vn -0.0738 -0.3001 0.9510
vn -0.0797 -0.3109 0.9471
vn -0.0859 -0.3216 0.9430
vn -0.0922 -0.3318 0.9388
vn -0.0990 -0.3408 0.9349
vn -0.0423 -0.1732 0.9840
vn -0.0459 -0.1797 0.9826
vn -0.0495 -0.1866 0.9812
vn -0.0530 -0.1934 0.9797
vn -0.0565 -0.2001 0.9782
vn -0.0597 -0.2061 0.9767
vn -0.0223 -0.0611 -0.9979
vn -0.0236 -0.0642 -0.9977
vn -0.0252 -0.0672 -0.9974
vn -0.0274 -0.0701 -0.9972
vn -0.0302 -0.0728 -0.9969
vn -0.0338 -0.0754 -0.9966
vn -0.0387 -0.0775 -0.9962
vn -0.0456 -0.0788 -0.9958
vn -0.0672 -0.1490 -0.9865
vn -0.1102 -0.2878 -0.9513
vn -0.2350 -0.6845 -0.6901
vn -0.2333 -0.7297 0.6428
vn -0.1064 -0.3479 0.9315
vn -0.0626 -0.2112 0.9754
vn -0.0404 -0.1417 0.9891
vn -0.0401 -0.1379 0.9896
vn -0.0388 -0.1336 0.9903
vn -0.0371 -0.1291 0.9909
vn -0.0349 -0.1244 0.9916
vn -0.0325 -0.1198 0.9923
vn -0.0300 -0.1155 0.9929
vn -0.0273 -0.1115 0.9934
vn -0.0386 -0.1670 0.9852
vn -0.0623 -0.2794 0.9582
vn -0.1454 -0.6519 0.7442
vn -0.1422 -0.6110 -0.7788
vn -0.0586 -0.2297 -0.9715
vn -0.0343 -0.1165 -0.9926
vn -0.0161 -0.0904 -0.9958
vn -0.0191 -0.0924 -0.9955
vn -0.0220 -0.0951 -0.9952
vn -0.0248 -0.0984 -0.9948
vn -0.0274 -0.1022 -0.9944
vn -0.0299 -0.1066 -0.9939
vn -0.0258 -0.1836 -0.9827
vn -0.0308 -0.1872 -0.9818
vn -0.0357 -0.1920 -0.9807
vn -0.0406 -0.1978 -0.9794
vn -0.0453 -0.2046 -0.9778
vn -0.0499 -0.2123 -0.9759
vn -0.0634 -0.5333 -0.8436
vn -0.0760 -0.5400 -0.8382
vn -0.0882 -0.5486 -0.8314
vn -0.1001 -0.5589 -0.8232
vn -0.1115 -0.5706 -0.8136
vn -0.1224 -0.5834 -0.8029
vn -0.0612 -0.5751 0.8158
vn -0.0742 -0.5815 0.8102
vn -0.0869 -0.5899 0.8028
vn -0.0994 -0.5999 0.7938
vn -0.1116 -0.6114 0.7834
vn -0.1234 -0.6241 0.7715
vn -0.0232 -0.2327 0.9723
vn -0.0287 -0.2362 0.9713
vn -0.0342 -0.2409 0.9699
vn -0.0397 -0.2467 0.9683
vn -0.0453 -0.2534 0.9663
vn -0.0510 -0.2612 0.9639
vn -0.0135 -0.1403 0.9900
vn -0.0170 -0.1422 0.9897
vn -0.0204 -0.1448 0.9893
vn -0.0240 -0.1480 0.9887
vn -0.0276 -0.1518 0.9880
vn -0.0312 -0.1563 0.9872
vn -0.0093 -0.0447 -0.9990
vn -0.0115 -0.0454 -0.9989
vn -0.0135 -0.0466 -0.9988
vn -0.0153 -0.0482 -0.9987
vn -0.0171 -0.0501 -0.9986
vn -0.0187 -0.0524 -0.9984
vn -0.0201 -0.0551 -0.9983
vn -0.0213 -0.0580 -0.9981
vn -0.0322 -0.1114 -0.9933
vn -0.0543 -0.2207 -0.9738
vn -0.1327 -0.5970 -0.7912
vn -0.1347 -0.6377 0.7584
vn -0.0567 -0.2699 0.9612
vn -0.0349 -0.1614 0.9863
vn -0.0245 -0.1080 0.9938
vn -0.0217 -0.1049 0.9942
vn -0.0191 -0.1022 0.9946
vn -0.0164 -0.0999 0.9949
vn -0.0139 -0.0981 0.9951
vn -0.0114 -0.0966 0.9953
vn -0.0089 -0.0955 0.9954
vn -0.0064 -0.0949 0.9955
vn -0.0101 -0.1391 0.9902
vn -0.0178 -0.2304 0.9729
vn -0.0479 -0.5708 0.8197
vn -0.0504 -0.5288 -0.8473
vn -0.0206 -0.1812 -0.9832
vn -0.0130 -0.0891 -0.9959
vn 0.1449 0.1702 -0.9747
vn 0.1465 0.1621 -0.9758
vn 0.1433 0.1552 -0.9774
vn 0.1368 0.1493 -0.9793
vn 0.1283 0.1445 -0.9812
vn 0.1185 0.1407 -0.9829
vn 0.2557 0.2713 -0.9279
vn 0.2553 0.2597 -0.9313
vn 0.2483 0.2499 -0.9359
vn 0.2368 0.2417 -0.9410
vn 0.2224 0.2348 -0.9462
vn 0.2066 0.2292 -0.9512
vn 0.5519 0.5408 -0.6348
vn 0.5519 0.5273 -0.6460
vn 0.5427 0.5184 -0.6609
vn 0.5265 0.5129 -0.6781
vn 0.5052 0.5097 -0.6964
vn 0.4802 0.5081 -0.7150
vn 0.5579 0.5120 0.6532
vn 0.5502 0.5011 0.6679
vn 0.5354 0.4932 0.6856
vn 0.5158 0.4872 0.7047
vn 0.4928 0.4826 0.7241
vn 0.4678 0.4789 0.7428
vn 0.2534 0.2189 0.9423
vn 0.2420 0.2120 0.9468
vn 0.2286 0.2052 0.9516
vn 0.2144 0.1988 0.9563
vn 0.2003 0.1926 0.9606
vn 0.1867 0.1868 0.9645
vn 0.1406 0.1133 0.9836
vn 0.1311 0.1102 0.9852
vn 0.1218 0.1068 0.9868
vn 0.1131 0.1033 0.9882
vn 0.1051 0.0997 0.9894
vn 0.0981 0.0961 0.9905
vn 0.0799 0.1253 -0.9889
vn 0.0878 0.1182 -0.9891
vn 0.0905 0.1122 -0.9896
vn 0.0895 0.1071 -0.9902
vn 0.0859 0.1029 -0.9910
vn 0.0806 0.0994 -0.9918
vn 0.0743 0.0967 -0.9925
vn 0.0674 0.0947 -0.9932
vn 0.1082 0.1377 -0.9845
vn 0.1899 0.2248 -0.9557
vn 0.4528 0.5076 -0.7330
vn 0.4419 0.4758 0.7604
vn 0.1740 0.1814 0.9679
vn 0.0919 0.0926 0.9914
vn 0.0516 0.0489 0.9975
vn 0.0544 0.0513 0.9972
vn 0.0581 0.0535 0.9969
vn 0.0627 0.0555 0.9965
vn 0.0683 0.0573 0.9960
vn 0.0751 0.0588 0.9954
vn 0.0832 0.0597 0.9947
vn 0.0925 0.0600 0.9939
vn 0.1499 0.1159 0.9819
vn 0.2614 0.2259 0.9384
vn 0.5558 0.5268 0.6431
vn 0.5392 0.5608 -0.6283
vn 0.2467 0.2852 -0.9262
vn 0.1365 0.1798 -0.9742
vn -0.0835 -0.1533 -0.9846
vn -0.0720 -0.1621 -0.9842
vn -0.0267 -0.1849 -0.9824
vn 0.0770 -0.2335 -0.9693
vn 0.2496 -0.3119 -0.9167
vn 0.4645 -0.4008 -0.7897
vn -0.1304 -0.2962 -0.9462
vn -0.1067 -0.3108 -0.9445
vn -0.0263 -0.3460 -0.9379
vn 0.1469 -0.4108 -0.8998
vn 0.3986 -0.4854 -0.7781
vn 0.6155 -0.5227 -0.5899
vn -0.2597 -0.6922 -0.6733
vn -0.1969 -0.7167 -0.6690
vn -0.0150 -0.7594 -0.6505
vn 0.3007 -0.7683 -0.5650
vn 0.5870 -0.6958 -0.4139
vn 0.7316 -0.6143 -0.2958
vn -0.2435 -0.7414 0.6253
vn -0.1689 -0.7745 0.6096
vn 0.0306 -0.8303 0.5565
vn 0.3638 -0.8381 0.4064
vn 0.6414 -0.7406 0.2004
vn 0.7665 -0.6394 0.0609
vn -0.1045 -0.3627 0.9260
vn -0.0624 -0.3851 0.9208
vn 0.0437 -0.4332 0.9003
vn 0.2495 -0.5123 0.8217
vn 0.5184 -0.5832 0.6255
vn 0.7122 -0.5930 0.3756
vn -0.0543 -0.2227 0.9734
vn -0.0229 -0.2386 0.9708
vn 0.0491 -0.2730 0.9608
vn 0.1867 -0.3371 0.9228
vn 0.3913 -0.4269 0.8153
vn 0.6069 -0.5055 0.6133
vn -0.0547 -0.0791 -0.9954
vn -0.0600 -0.0804 -0.9950
vn -0.0541 -0.0860 -0.9948
vn -0.0255 -0.1017 -0.9945
vn 0.0420 -0.1364 -0.9898
vn 0.1568 -0.1955 -0.9681
vn 0.3245 -0.2810 -0.9032
vn 0.4933 -0.3641 -0.7900
vn 0.6173 -0.4507 -0.6448
vn 0.7186 -0.5224 -0.4590
vn 0.7855 -0.5697 -0.2418
vn 0.8097 -0.5868 -0.0008
vn 0.7890 -0.5723 0.2234
vn 0.7318 -0.5321 0.4259
vn 0.6464 -0.4731 0.5986
vn 0.4921 -0.4051 0.7705
vn 0.3049 -0.3147 0.8989
vn 0.1552 -0.2402 0.9582
vn 0.0546 -0.1908 0.9801
vn -0.0009 -0.1643 0.9864
vn -0.0278 -0.1515 0.9881
vn -0.0383 -0.1454 0.9886
vn -0.0637 -0.2155 0.9744
vn -0.1129 -0.3533 0.9287
vn -0.2520 -0.7313 0.6338
vn -0.2597 -0.6854 -0.6803
vn -0.1256 -0.2909 -0.9485
vn -0.0783 -0.1505 -0.9855
vn 0.2171 -0.2707 -0.9379
vn 0.2332 -0.1472 -0.9612
vn 0.2410 -0.0641 -0.9684
vn 0.2441 -0.0130 -0.9697
vn 0.2448 0.0088 -0.9695
vn 0.2446 0.0104 -0.9696
vn 0.3086 -0.4483 -0.8389
vn 0.3569 -0.2792 -0.8914
vn 0.3818 -0.1516 -0.9117
vn 0.3923 -0.0715 -0.9170
vn 0.3950 -0.0341 -0.9180
vn 0.3944 -0.0268 -0.9186
vn 0.4424 -0.7559 -0.4827
vn 0.5983 -0.5810 -0.5518
vn 0.7064 -0.3896 -0.5909
vn 0.7589 -0.2427 -0.6044
vn 0.7772 -0.1617 -0.6082
vn 0.7804 -0.1354 -0.6105
vn 0.4147 -0.8527 0.3177
vn 0.5662 -0.6936 0.4454
vn 0.6714 -0.5040 0.5434
vn 0.7209 -0.3476 0.5995
vn 0.7363 -0.2527 0.6277
vn 0.7373 -0.2108 0.6419
vn 0.2570 -0.6412 0.7230
vn 0.3020 -0.4731 0.8276
vn 0.3237 -0.3303 0.8866
vn 0.3303 -0.2287 0.9158
vn 0.3285 -0.1679 0.9295
vn 0.3234 -0.1363 0.9364
vn 0.1587 -0.4932 0.8553
vn 0.1726 -0.3573 0.9179
vn 0.1774 -0.2523 0.9512
vn 0.1769 -0.1770 0.9682
vn 0.1733 -0.1303 0.9762
vn 0.1684 -0.1033 0.9803
vn 0.1487 -0.2933 -0.9444
vn 0.1579 -0.1738 -0.9720
vn 0.1636 -0.0840 -0.9829
vn 0.1662 -0.0237 -0.9858
vn 0.1668 0.0139 -0.9859
vn 0.1669 0.0288 -0.9855
vn 0.1671 0.0282 -0.9855
vn 0.1673 0.0177 -0.9857
vn 0.2439 -0.0013 -0.9698
vn 0.3920 -0.0397 -0.9191
vn 0.7762 -0.1481 -0.6129
vn 0.7318 -0.2072 0.6493
vn 0.3169 -0.1241 0.9403
vn 0.1630 -0.0887 0.9826
vn 0.0844 -0.0697 0.9940
vn 0.0891 -0.0854 0.9924
vn 0.0935 -0.1104 0.9895
vn 0.0974 -0.1506 0.9838
vn 0.1001 -0.2132 0.9719
vn 0.1001 -0.2976 0.9494
vn 0.0964 -0.4060 0.9088
vn 0.0896 -0.5297 0.8434
vn 0.1288 -0.6376 0.7595
vn 0.1878 -0.7869 0.5878
vn 0.2642 -0.9431 0.2017
vn 0.2857 -0.8665 -0.4092
vn 0.2336 -0.6143 -0.7537
vn 0.1839 -0.4218 -0.8879
vn -0.0318 -0.7952 -0.6055
vn -0.0123 -0.7710 -0.6367
vn 0.0098 -0.7358 -0.6771
vn 0.0357 -0.6928 -0.7203
vn 0.0633 -0.6461 -0.7606
vn 0.0955 -0.5987 -0.7953
vn -0.0449 -0.9021 -0.4293
vn -0.0261 -0.8932 -0.4489
vn -0.0041 -0.8772 -0.4800
vn 0.0229 -0.8538 -0.5201
vn 0.0556 -0.8230 -0.5653
vn 0.0976 -0.7841 -0.6129
vn -0.0551 -0.9697 -0.2381
vn -0.0370 -0.9690 -0.2442
vn -0.0159 -0.9667 -0.2553
vn 0.0106 -0.9624 -0.2716
vn 0.0454 -0.9551 -0.2929
vn 0.0941 -0.9430 -0.3193
vn -0.0618 -0.9975 -0.0333
vn -0.0442 -0.9986 -0.0281
vn -0.0239 -0.9996 -0.0158
vn 0.0014 -1.0000 0.0042
vn 0.0346 -0.9989 0.0322
vn 0.0811 -0.9943 0.0691
vn -0.0644 -0.9839 0.1669
vn -0.0472 -0.9810 0.1884
vn -0.0275 -0.9741 0.2245
vn -0.0035 -0.9620 0.2729
vn 0.0257 -0.9438 0.3296
vn 0.0639 -0.9177 0.3922
vn -0.0633 -0.9300 0.3621
vn -0.0465 -0.9152 0.4003
vn -0.0275 -0.8918 0.4515
vn -0.0051 -0.8611 0.5085
vn 0.0193 -0.8255 0.5641
vn 0.0484 -0.7873 0.6146
vn -0.0353 -0.6751 -0.7369
vn -0.0175 -0.6438 -0.7650
vn 0.0019 -0.6002 -0.7999
vn 0.0229 -0.5514 -0.8339
vn 0.0461 -0.5020 -0.8636
vn 0.0685 -0.4560 -0.8873
vn 0.0921 -0.4170 -0.9042
vn 0.1191 -0.3912 -0.9126
vn 0.1366 -0.5368 -0.8326
vn 0.1558 -0.7245 -0.6715
vn 0.1680 -0.9198 -0.3547
vn 0.1518 -0.9810 0.1208
vn 0.1171 -0.8738 0.4719
vn 0.0862 -0.7360 0.6714
vn 0.0626 -0.6183 0.7834
vn 0.0367 -0.6424 0.7655
vn 0.0149 -0.6775 0.7354
vn -0.0053 -0.7175 0.6965
vn -0.0258 -0.7590 0.6506
vn -0.0438 -0.7983 0.6007
vn -0.0601 -0.8317 0.5520
vn -0.0751 -0.8543 0.5143
vn -0.0800 -0.9320 0.3536
vn -0.0811 -0.9824 0.1681
vn -0.0786 -0.9965 -0.0301
vn -0.0720 -0.9684 -0.2387
vn -0.0621 -0.9010 -0.4294
vn -0.0496 -0.7991 -0.5991
vn -0.0753 0.0679 -0.9948
vn -0.0715 0.0340 -0.9969
vn -0.0681 0.0095 -0.9976
vn -0.0652 -0.0083 -0.9978
vn -0.0633 -0.0191 -0.9978
vn -0.0626 -0.0245 -0.9977
vn -0.1563 0.0924 -0.9834
vn -0.1546 0.0334 -0.9874
vn -0.1514 -0.0088 -0.9884
vn -0.1482 -0.0379 -0.9882
vn -0.1455 -0.0554 -0.9878
vn -0.1444 -0.0642 -0.9874
vn -0.4681 0.1900 -0.8630
vn -0.4803 0.0371 -0.8763
vn -0.4779 -0.0749 -0.8752
vn -0.4698 -0.1494 -0.8701
vn -0.4618 -0.1935 -0.8656
vn -0.4578 -0.2155 -0.8626
vn -0.5353 0.1497 0.8313
vn -0.5483 -0.0035 0.8363
vn -0.5456 -0.1153 0.8301
vn -0.5370 -0.1894 0.8221
vn -0.5286 -0.2331 0.8163
vn -0.5243 -0.2549 0.8125
vn -0.2340 0.0459 0.9712
vn -0.2324 -0.0131 0.9725
vn -0.2293 -0.0552 0.9718
vn -0.2259 -0.0842 0.9705
vn -0.2232 -0.1015 0.9695
vn -0.2221 -0.1102 0.9688
vn -0.1540 0.0207 0.9879
vn -0.1503 -0.0132 0.9886
vn -0.1469 -0.0376 0.9884
vn -0.1441 -0.0553 0.9880
vn -0.1422 -0.0659 0.9876
vn -0.1414 -0.0712 0.9874
vn -0.0410 0.0875 -0.9953
vn -0.0355 0.0586 -0.9976
vn -0.0314 0.0362 -0.9989
vn -0.0281 0.0193 -0.9994
vn -0.0255 0.0064 -0.9997
vn -0.0238 -0.0014 -0.9997
vn -0.0232 -0.0053 -0.9997
vn -0.0235 -0.0062 -0.9997
vn -0.0631 -0.0258 -0.9977
vn -0.1455 -0.0663 -0.9871
vn -0.4595 -0.2205 -0.8603
vn -0.5259 -0.2597 0.8099
vn -0.2232 -0.1121 0.9683
vn -0.1420 -0.0723 0.9872
vn -0.1027 -0.0529 0.9933
vn -0.1023 -0.0522 0.9934
vn -0.1030 -0.0484 0.9935
vn -0.1046 -0.0407 0.9937
vn -0.1073 -0.0280 0.9938
vn -0.1105 -0.0112 0.9938
vn -0.1146 0.0113 0.9933
vn -0.1199 0.0401 0.9920
vn -0.1545 0.0667 0.9857
vn -0.2278 0.1227 0.9659
vn -0.4925 0.3317 0.8046
vn -0.4278 0.3705 -0.8244
vn -0.1508 0.1689 -0.9740
vn -0.0760 0.1138 -0.9906
vn 0.0433 0.2687 -0.9622
vn 0.0235 0.2600 -0.9653
vn 0.0049 0.2480 -0.9687
vn -0.0138 0.2321 -0.9726
vn -0.0311 0.2135 -0.9765
vn -0.0486 0.1917 -0.9802
vn 0.0420 0.4245 -0.9044
vn 0.0087 0.4207 -0.9072
vn -0.0222 0.4078 -0.9128
vn -0.0517 0.3841 -0.9218
vn -0.0792 0.3506 -0.9332
vn -0.1063 0.3075 -0.9456
vn 0.0332 0.8090 -0.5869
vn -0.0339 0.8126 -0.5819
vn -0.0967 0.8023 -0.5891
vn -0.1584 0.7746 -0.6123
vn -0.2208 0.7258 -0.6515
vn -0.2874 0.6509 -0.7026
vn -0.0149 0.7801 0.6255
vn -0.0814 0.7840 0.6154
vn -0.1446 0.7735 0.6171
vn -0.2079 0.7449 0.6340
vn -0.2732 0.6944 0.6658
vn -0.3435 0.6173 0.7078
vn -0.0306 0.3807 0.9242
vn -0.0640 0.3769 0.9241
vn -0.0952 0.3637 0.9266
vn -0.1253 0.3398 0.9321
vn -0.1536 0.3059 0.9396
vn -0.1815 0.2624 0.9477
vn -0.0336 0.2223 0.9744
vn -0.0535 0.2135 0.9755
vn -0.0723 0.2015 0.9768
vn -0.0913 0.1854 0.9784
vn -0.1088 0.1668 0.9800
vn -0.1266 0.1449 0.9813
vn 0.0586 0.1960 -0.9788
vn 0.0447 0.1850 -0.9817
vn 0.0316 0.1749 -0.9841
vn 0.0188 0.1644 -0.9862
vn 0.0052 0.1530 -0.9882
vn -0.0074 0.1417 -0.9899
vn -0.0203 0.1304 -0.9913
vn -0.0345 0.1191 -0.9923
vn -0.0660 0.1606 -0.9848
vn -0.1323 0.2478 -0.9597
vn -0.3596 0.5366 -0.7634
vn -0.4200 0.5003 0.7571
vn -0.2084 0.2021 0.9569
vn -0.1442 0.1136 0.9830
vn -0.1132 0.0718 0.9910
vn -0.0990 0.0830 0.9916
vn -0.0861 0.0944 0.9918
vn -0.0734 0.1056 0.9917
vn -0.0597 0.1171 0.9913
vn -0.0467 0.1276 0.9907
vn -0.0335 0.1377 0.9899
vn -0.0194 0.1489 0.9887
vn -0.0108 0.2222 0.9749
vn 0.0067 0.3693 0.9293
vn 0.0595 0.7596 0.6477
vn 0.1092 0.7895 -0.6040
vn 0.0796 0.4133 -0.9071
vn 0.0660 0.2686 -0.9610
vn 0.1410 0.0732 -0.9873
vn 0.1371 0.0893 -0.9865
vn 0.1323 0.1099 -0.9851
vn 0.1259 0.1361 -0.9827
vn 0.1176 0.1677 -0.9788
vn 0.1065 0.2057 -0.9728
vn 0.2220 0.1117 -0.9686
vn 0.2149 0.1399 -0.9666
vn 0.2061 0.1744 -0.9629
vn 0.1936 0.2168 -0.9568
vn 0.1763 0.2669 -0.9475
vn 0.1525 0.3237 -0.9338
vn 0.5245 0.2562 -0.8119
vn 0.5006 0.3276 -0.8013
vn 0.4688 0.4091 -0.7829
vn 0.4234 0.4994 -0.7559
vn 0.3614 0.5924 -0.7201
vn 0.2841 0.6786 -0.6773
vn 0.4581 0.2167 0.8621
vn 0.4350 0.2884 0.8530
vn 0.4046 0.3706 0.8360
vn 0.3613 0.4621 0.8099
vn 0.3022 0.5567 0.7738
vn 0.2283 0.6450 0.7293
vn 0.1444 0.0655 0.9874
vn 0.1374 0.0936 0.9861
vn 0.1289 0.1281 0.9834
vn 0.1168 0.1706 0.9784
vn 0.1003 0.2210 0.9701
vn 0.0774 0.2784 0.9573
vn 0.0622 0.0263 0.9977
vn 0.0584 0.0423 0.9974
vn 0.0537 0.0627 0.9966
vn 0.0474 0.0890 0.9949
vn 0.0394 0.1206 0.9919
vn 0.0287 0.1588 0.9869
vn 0.1041 0.0464 -0.9935
vn 0.1018 0.0547 -0.9933
vn 0.0993 0.0652 -0.9929
vn 0.0962 0.0791 -0.9922
vn 0.0923 0.0977 -0.9909
vn 0.0875 0.1199 -0.9889
vn 0.0816 0.1472 -0.9857
vn 0.0746 0.1798 -0.9809
vn 0.0894 0.2457 -0.9652
vn 0.1191 0.3780 -0.9181
vn 0.1964 0.7467 -0.6355
vn 0.1441 0.7152 0.6839
vn 0.0454 0.3334 0.9417
vn 0.0122 0.1990 0.9799
vn -0.0036 0.1325 0.9912
vn 0.0030 0.0998 0.9950
vn 0.0087 0.0725 0.9973
vn 0.0133 0.0502 0.9986
vn 0.0172 0.0318 0.9993
vn 0.0202 0.0180 0.9996
vn 0.0227 0.0076 0.9997
vn 0.0250 -0.0004 0.9997
vn 0.0659 0.0133 0.9977
vn 0.1510 0.0420 0.9876
vn 0.4777 0.1538 0.8650
vn 0.5445 0.1933 -0.8162
vn 0.2288 0.0880 -0.9695
vn 0.1448 0.0600 -0.9876
vn 0.1781 0.0001 -0.9840
vn 0.1722 0.0074 -0.9850
vn 0.1668 0.0148 -0.9859
vn 0.1618 0.0223 -0.9866
vn 0.1571 0.0303 -0.9871
vn 0.1527 0.0389 -0.9875
vn 0.2857 -0.0180 -0.9581
vn 0.2761 -0.0057 -0.9611
vn 0.2671 0.0068 -0.9637
vn 0.2586 0.0200 -0.9658
vn 0.2506 0.0340 -0.9675
vn 0.2430 0.0496 -0.9687
vn 0.6516 -0.0796 -0.7544
vn 0.6376 -0.0517 -0.7686
vn 0.6234 -0.0217 -0.7816
vn 0.6091 0.0111 -0.7930
vn 0.5944 0.0477 -0.8028
vn 0.5790 0.0892 -0.8104
vn 0.5880 -0.1077 0.8017
vn 0.5730 -0.0828 0.8154
vn 0.5581 -0.0553 0.8279
vn 0.5432 -0.0246 0.8392
vn 0.5281 0.0104 0.8491
vn 0.5124 0.0507 0.8572
vn 0.2061 -0.0530 0.9771
vn 0.1970 -0.0439 0.9794
vn 0.1885 -0.0339 0.9815
vn 0.1804 -0.0227 0.9833
vn 0.1726 -0.0100 0.9849
vn 0.1652 0.0045 0.9863
vn 0.0966 -0.0360 0.9947
vn 0.0916 -0.0317 0.9953
vn 0.0868 -0.0268 0.9959
vn 0.0822 -0.0211 0.9964
vn 0.0779 -0.0145 0.9969
vn 0.0737 -0.0069 0.9973
vn 0.1295 0.0039 -0.9916
vn 0.1252 0.0090 -0.9921
vn 0.1213 0.0139 -0.9925
vn 0.1178 0.0187 -0.9929
vn 0.1146 0.0235 -0.9931
vn 0.1117 0.0284 -0.9933
vn 0.1090 0.0338 -0.9935
vn 0.1065 0.0396 -0.9935
vn 0.1486 0.0487 -0.9877
vn 0.2358 0.0674 -0.9695
vn 0.5626 0.1373 -0.8153
vn 0.4958 0.0981 0.8629
vn 0.1580 0.0216 0.9872
vn 0.0697 0.0023 0.9976
vn 0.0273 -0.0069 0.9996
vn 0.0297 -0.0122 0.9995
vn 0.0322 -0.0166 0.9993
vn 0.0348 -0.0202 0.9992
vn 0.0375 -0.0232 0.9990
vn 0.0403 -0.0257 0.9989
vn 0.0433 -0.0275 0.9987
vn 0.0464 -0.0288 0.9985
vn 0.1020 -0.0396 0.9940
vn 0.2157 -0.0613 0.9745
vn 0.6032 -0.1305 0.7868
vn 0.6656 -0.1060 -0.7387
vn 0.2961 -0.0304 -0.9547
vn 0.1846 -0.0075 -0.9828
vn -0.1053 -0.0197 -0.9942
vn -0.1113 -0.0199 -0.9936
vn -0.1175 -0.0196 -0.9929
vn -0.1239 -0.0186 -0.9921
vn -0.1305 -0.0166 -0.9913
vn -0.1373 -0.0131 -0.9904
vn -0.2203 -0.0557 -0.9738
vn -0.2310 -0.0560 -0.9713
vn -0.2419 -0.0557 -0.9687
vn -0.2531 -0.0546 -0.9659
vn -0.2643 -0.0521 -0.9630
vn -0.2755 -0.0476 -0.9601
vn -0.6025 -0.1737 -0.7789
vn -0.6194 -0.1718 -0.7661
vn -0.6359 -0.1689 -0.7530
vn -0.6521 -0.1646 -0.7401
vn -0.6677 -0.1581 -0.7275
vn -0.6827 -0.1482 -0.7155
vn -0.6683 -0.2050 0.7151
vn -0.6855 -0.2027 0.6993
vn -0.7022 -0.1998 0.6833
vn -0.7183 -0.1958 0.6676
vn -0.7335 -0.1902 0.6525
vn -0.7476 -0.1819 0.6388
vn -0.3025 -0.0949 0.9484
vn -0.3145 -0.0952 0.9445
vn -0.3267 -0.0954 0.9403
vn -0.3390 -0.0954 0.9359
vn -0.3508 -0.0949 0.9316
vn -0.3620 -0.0935 0.9275
vn -0.1894 -0.0593 0.9801
vn -0.1969 -0.0594 0.9786
vn -0.2046 -0.0597 0.9770
vn -0.2123 -0.0601 0.9754
vn -0.2197 -0.0604 0.9737
vn -0.2265 -0.0606 0.9721
vn -0.0454 -0.0018 -0.9990
vn -0.0487 -0.0023 -0.9988
vn -0.0522 -0.0023 -0.9986
vn -0.0558 -0.0019 -0.9984
vn -0.0596 -0.0009 -0.9982
vn -0.0636 0.0010 -0.9980
vn -0.0679 0.0042 -0.9977
vn -0.0725 0.0095 -0.9973
vn -0.1442 -0.0070 -0.9895
vn -0.2866 -0.0395 -0.9572
vn -0.6973 -0.1323 -0.7045
vn -0.7604 -0.1690 0.6271
vn -0.3718 -0.0906 0.9239
vn -0.2323 -0.0606 0.9708
vn -0.1613 -0.0452 0.9859
vn -0.1579 -0.0436 0.9865
vn -0.1536 -0.0425 0.9872
vn -0.1487 -0.0418 0.9880
vn -0.1436 -0.0413 0.9888
vn -0.1385 -0.0411 0.9895
vn -0.1335 -0.0412 0.9902
vn -0.1287 -0.0415 0.9908
vn -0.1822 -0.0594 0.9815
vn -0.2909 -0.0948 0.9520
vn -0.6510 -0.2072 0.7303
vn -0.5855 -0.1750 -0.7915
vn -0.2100 -0.0550 -0.9761
vn -0.0996 -0.0192 -0.9948
vn -0.0677 -0.0218 -0.9975
vn -0.0710 -0.0203 -0.9973
vn -0.0748 -0.0191 -0.9970
vn -0.0790 -0.0183 -0.9967
vn -0.0836 -0.0180 -0.9963
vn -0.0887 -0.0180 -0.9959
vn -0.1535 -0.0602 -0.9863
vn -0.1592 -0.0576 -0.9856
vn -0.1658 -0.0558 -0.9846
vn -0.1733 -0.0545 -0.9834
vn -0.1816 -0.0538 -0.9819
vn -0.1906 -0.0537 -0.9802
vn -0.4776 -0.2038 -0.8546
vn -0.4899 -0.1963 -0.8494
vn -0.5036 -0.1901 -0.8428
vn -0.5186 -0.1850 -0.8347
vn -0.5346 -0.1811 -0.8255
vn -0.5514 -0.1781 -0.8150
vn -0.5437 -0.2423 0.8036
vn -0.5556 -0.2342 0.7978
vn -0.5691 -0.2273 0.7902
vn -0.5839 -0.2214 0.7810
vn -0.5998 -0.2165 0.7703
vn -0.6164 -0.2125 0.7582
vn -0.2312 -0.1054 0.9672
vn -0.2370 -0.1025 0.9661
vn -0.2437 -0.1000 0.9647
vn -0.2514 -0.0981 0.9629
vn -0.2601 -0.0966 0.9607
vn -0.2696 -0.0956 0.9582
vn -0.1467 -0.0678 0.9869
vn -0.1500 -0.0658 0.9865
vn -0.1540 -0.0641 0.9860
vn -0.1585 -0.0626 0.9854
vn -0.1636 -0.0614 0.9846
vn -0.1693 -0.0605 0.9837
vn -0.0247 -0.0048 -0.9997
vn -0.0264 -0.0033 -0.9996
vn -0.0284 -0.0022 -0.9996
vn -0.0308 -0.0014 -0.9995
vn -0.0333 -0.0008 -0.9994
vn -0.0361 -0.0006 -0.9993
vn -0.0391 -0.0007 -0.9992
vn -0.0422 -0.0012 -0.9991
vn -0.0940 -0.0184 -0.9954
vn -0.2001 -0.0541 -0.9783
vn -0.5684 -0.1762 -0.8036
vn -0.6336 -0.2095 0.7448
vn -0.2799 -0.0950 0.9553
vn -0.1755 -0.0598 0.9827
vn -0.1243 -0.0422 0.9914
vn -0.1202 -0.0430 0.9918
vn -0.1166 -0.0440 0.9922
vn -0.1133 -0.0451 0.9925
vn -0.1104 -0.0464 0.9928
vn -0.1079 -0.0479 0.9930
vn -0.1057 -0.0495 0.9932
vn -0.1039 -0.0513 0.9933
vn -0.1439 -0.0702 0.9871
vn -0.2265 -0.1090 0.9679
vn -0.5334 -0.2517 0.8075
vn -0.4672 -0.2128 -0.8582
vn -0.1488 -0.0634 -0.9868
vn -0.0651 -0.0239 -0.9976
vn 0.2380 -0.0311 -0.9708
vn 0.2318 -0.0366 -0.9721
vn 0.2242 -0.0373 -0.9738
vn 0.2160 -0.0345 -0.9758
vn 0.2076 -0.0295 -0.9778
vn 0.1994 -0.0230 -0.9797
vn 0.3800 -0.0770 -0.9218
vn 0.3699 -0.0824 -0.9254
vn 0.3580 -0.0812 -0.9302
vn 0.3452 -0.0753 -0.9355
vn 0.3322 -0.0663 -0.9409
vn 0.3195 -0.0552 -0.9460
vn 0.7560 -0.2015 -0.6228
vn 0.7446 -0.2082 -0.6343
vn 0.7325 -0.2045 -0.6493
vn 0.7200 -0.1931 -0.6666
vn 0.7069 -0.1760 -0.6851
vn 0.6934 -0.1550 -0.7037
vn 0.7101 -0.2332 0.6644
vn 0.6966 -0.2321 0.6789
vn 0.6820 -0.2235 0.6964
vn 0.6666 -0.2096 0.7153
vn 0.6508 -0.1922 0.7345
vn 0.6347 -0.1726 0.7532
vn 0.2987 -0.1188 0.9469
vn 0.2869 -0.1124 0.9513
vn 0.2743 -0.1043 0.9560
vn 0.2615 -0.0953 0.9605
vn 0.2490 -0.0862 0.9647
vn 0.2371 -0.0774 0.9684
vn 0.1500 -0.0744 0.9859
vn 0.1426 -0.0677 0.9875
vn 0.1350 -0.0614 0.9889
vn 0.1275 -0.0556 0.9903
vn 0.1204 -0.0505 0.9914
vn 0.1138 -0.0462 0.9924
vn 0.1669 0.0028 -0.9860
vn 0.1647 -0.0076 -0.9863
vn 0.1609 -0.0130 -0.9869
vn 0.1560 -0.0146 -0.9877
vn 0.1505 -0.0136 -0.9885
vn 0.1449 -0.0108 -0.9894
vn 0.1394 -0.0066 -0.9902
vn 0.1342 -0.0016 -0.9910
vn 0.1917 -0.0155 -0.9813
vn 0.3074 -0.0430 -0.9506
vn 0.6796 -0.1313 -0.7218
vn 0.6188 -0.1519 0.7707
vn 0.2260 -0.0691 0.9717
vn 0.1077 -0.0426 0.9933
vn 0.0496 -0.0296 0.9983
vn 0.0530 -0.0309 0.9981
vn 0.0568 -0.0330 0.9978
vn 0.0608 -0.0359 0.9975
vn 0.0652 -0.0399 0.9971
vn 0.0699 -0.0451 0.9965
vn 0.0748 -0.0515 0.9959
vn 0.0797 -0.0595 0.9950
vn 0.1569 -0.0811 0.9843
vn 0.3088 -0.1223 0.9432
vn 0.7221 -0.2239 0.6546
vn 0.7669 -0.1805 -0.6158
vn 0.3876 -0.0623 -0.9197
vn 0.2422 -0.0191 -0.9701
vn -0.1561 0.0049 -0.9877
vn -0.1580 -0.0094 -0.9874
vn -0.1551 -0.0601 -0.9861
vn -0.1456 -0.1743 -0.9739
vn -0.1281 -0.3634 -0.9228
vn -0.1000 -0.5952 -0.7974
vn -0.3040 -0.0263 -0.9523
vn -0.3049 -0.0541 -0.9509
vn -0.2952 -0.1413 -0.9449
vn -0.2654 -0.3241 -0.9080
vn -0.2064 -0.5806 -0.7876
vn -0.1337 -0.7888 -0.6000
vn -0.7166 -0.1149 -0.6879
vn -0.7065 -0.1816 -0.6840
vn -0.6528 -0.3606 -0.6662
vn -0.5042 -0.6392 -0.5806
vn -0.3011 -0.8523 -0.4277
vn -0.1604 -0.9379 -0.3077
vn -0.7753 -0.1658 0.6094
vn -0.7664 -0.2468 0.5931
vn -0.7139 -0.4469 0.5391
vn -0.5512 -0.7380 0.3892
vn -0.3241 -0.9277 0.1856
vn -0.1713 -0.9840 0.0484
vn -0.3835 -0.0997 0.9181
vn -0.3817 -0.1472 0.9125
vn -0.3699 -0.2630 0.8911
vn -0.3341 -0.4800 0.8111
vn -0.2573 -0.7464 0.6137
vn -0.1642 -0.9168 0.3639
vn -0.2381 -0.0735 0.9685
vn -0.2362 -0.1087 0.9656
vn -0.2297 -0.1881 0.9549
vn -0.2157 -0.3390 0.9157
vn -0.1891 -0.5600 0.8066
vn -0.1455 -0.7841 0.6033
vn -0.0772 0.0173 -0.9969
vn -0.0811 0.0211 -0.9965
vn -0.0830 0.0132 -0.9965
vn -0.0823 -0.0194 -0.9964
vn -0.0786 -0.0952 -0.9923
vn -0.0728 -0.2243 -0.9718
vn -0.0642 -0.4130 -0.9085
vn -0.0537 -0.6017 -0.7969
vn -0.0695 -0.7538 -0.6534
vn -0.0842 -0.8791 -0.4690
vn -0.0958 -0.9628 -0.2528
vn -0.1030 -0.9946 -0.0122
vn -0.1050 -0.9715 0.2123
vn -0.1026 -0.9038 0.4155
vn -0.0975 -0.8020 0.5893
vn -0.1189 -0.6360 0.7624
vn -0.1367 -0.4299 0.8925
vn -0.1482 -0.2636 0.9532
vn -0.1562 -0.1520 0.9760
vn -0.1611 -0.0907 0.9828
vn -0.1635 -0.0611 0.9847
vn -0.1634 -0.0489 0.9853
vn -0.2366 -0.0618 0.9697
vn -0.3796 -0.0877 0.9210
vn -0.7709 -0.1535 0.6181
vn -0.7106 -0.1114 -0.6947
vn -0.2970 -0.0277 -0.9545
vn -0.1510 0.0019 -0.9885
vn -0.1083 -0.3145 -0.9431
vn 0.0071 -0.2665 -0.9638
vn 0.0831 -0.2316 -0.9693
vn 0.1289 -0.2087 -0.9694
vn 0.1481 -0.1984 -0.9689
vn 0.1494 -0.1975 -0.9689
vn -0.2182 -0.4834 -0.8478
vn -0.0466 -0.4403 -0.8967
vn 0.0767 -0.3978 -0.9143
vn 0.1514 -0.3668 -0.9179
vn 0.1852 -0.3504 -0.9181
vn 0.1912 -0.3462 -0.9185
vn -0.4241 -0.7565 -0.4978
vn -0.1934 -0.8035 -0.5631
vn 0.0270 -0.8010 -0.5981
vn 0.1807 -0.7728 -0.6084
vn 0.2600 -0.7481 -0.6105
vn 0.2844 -0.7377 -0.6123
vn -0.5367 -0.7885 0.3004
vn -0.3256 -0.8413 0.4315
vn -0.1106 -0.8385 0.5335
vn 0.0484 -0.8038 0.5929
vn 0.1378 -0.7699 0.6231
vn 0.1743 -0.7499 0.6382
vn -0.4401 -0.5500 0.7098
vn -0.2740 -0.5059 0.8179
vn -0.1406 -0.4538 0.8799
vn -0.0499 -0.4090 0.9112
vn 0.0016 -0.3772 0.9261
vn 0.0263 -0.3571 0.9337
vn -0.3635 -0.3921 0.8450
vn -0.2401 -0.3368 0.9105
vn -0.1474 -0.2888 0.9460
vn -0.0828 -0.2508 0.9645
vn -0.0444 -0.2244 0.9735
vn -0.0235 -0.2068 0.9781
vn -0.1619 -0.2665 -0.9501
vn -0.0534 -0.2145 -0.9753
vn 0.0274 -0.1744 -0.9843
vn 0.0809 -0.1465 -0.9859
vn 0.1139 -0.1282 -0.9852
vn 0.1268 -0.1208 -0.9845
vn 0.1263 -0.1213 -0.9845
vn 0.1174 -0.1267 -0.9850
vn 0.1390 -0.2027 -0.9693
vn 0.1788 -0.3506 -0.9193
vn 0.2714 -0.7404 -0.6149
vn 0.1745 -0.7434 0.6457
vn 0.0335 -0.3453 0.9379
vn -0.0136 -0.1948 0.9808
vn -0.0367 -0.1174 0.9924
vn -0.0479 -0.1292 0.9905
vn -0.0673 -0.1455 0.9871
vn -0.0999 -0.1689 0.9805
vn -0.1526 -0.2025 0.9673
vn -0.2252 -0.2444 0.9431
vn -0.3202 -0.2951 0.9002
vn -0.4295 -0.3504 0.8323
vn -0.5017 -0.4376 0.7462
vn -0.5983 -0.5617 0.5714
vn -0.6881 -0.7023 0.1823
vn -0.5997 -0.6769 -0.4269
vn -0.4009 -0.5024 -0.7661
vn -0.2566 -0.3618 -0.8962
vn -0.6930 -0.3644 -0.6220
vn -0.6618 -0.3689 -0.6526
vn -0.6195 -0.3701 -0.6923
vn -0.5685 -0.3705 -0.7345
vn -0.5135 -0.3708 -0.7738
vn -0.4557 -0.3745 -0.8075
vn -0.7954 -0.4082 -0.4480
vn -0.7780 -0.4198 -0.4674
vn -0.7526 -0.4306 -0.4982
vn -0.7180 -0.4419 -0.5377
vn -0.6742 -0.4543 -0.5823
vn -0.6187 -0.4708 -0.6290
vn -0.8626 -0.4350 -0.2584
vn -0.8529 -0.4502 -0.2644
vn -0.8401 -0.4673 -0.2755
vn -0.8228 -0.4879 -0.2916
vn -0.7987 -0.5142 -0.3127
vn -0.7633 -0.5500 -0.3388
vn -0.8939 -0.4450 -0.0542
vn -0.8861 -0.4608 -0.0490
vn -0.8770 -0.4790 -0.0366
vn -0.8651 -0.5013 -0.0167
vn -0.8481 -0.5297 0.0114
vn -0.8215 -0.5681 0.0485
vn -0.8871 -0.4378 0.1463
vn -0.8764 -0.4514 0.1679
vn -0.8613 -0.4654 0.2041
vn -0.8397 -0.4806 0.2527
vn -0.8103 -0.4973 0.3099
vn -0.7698 -0.5180 0.3730
vn -0.8435 -0.4136 0.3426
vn -0.8230 -0.4212 0.3811
vn -0.7943 -0.4264 0.4328
vn -0.7575 -0.4310 0.4904
vn -0.7155 -0.4348 0.5468
vn -0.6688 -0.4415 0.5981
vn -0.5884 -0.3001 -0.7508
vn -0.5518 -0.2996 -0.7783
vn -0.5037 -0.2942 -0.8122
vn -0.4504 -0.2877 -0.8452
vn -0.3955 -0.2828 -0.8739
vn -0.3440 -0.2790 -0.8966
vn -0.2981 -0.2797 -0.9126
vn -0.2621 -0.2902 -0.9204
vn -0.3809 -0.3789 -0.8434
vn -0.5368 -0.4908 -0.6862
vn -0.7056 -0.6021 -0.3736
vn -0.7756 -0.6231 0.1005
vn -0.7068 -0.5428 0.4537
vn -0.6066 -0.4490 0.6561
vn -0.5186 -0.3708 0.7704
vn -0.5521 -0.3602 0.7519
vn -0.5928 -0.3586 0.7211
vn -0.6368 -0.3608 0.6814
vn -0.6821 -0.3634 0.6346
vn -0.7242 -0.3669 0.5839
vn -0.7603 -0.3691 0.5345
vn -0.7868 -0.3670 0.4963
vn -0.8534 -0.4001 0.3340
vn -0.8942 -0.4226 0.1475
vn -0.9014 -0.4300 -0.0510
vn -0.8699 -0.4197 -0.2589
vn -0.8031 -0.3927 -0.4481
vn -0.7055 -0.3510 -0.6157
vn 0.0397 0.1085 -0.9933
vn 0.0122 0.0883 -0.9960
vn -0.0073 0.0731 -0.9973
vn -0.0213 0.0618 -0.9979
vn -0.0296 0.0547 -0.9981
vn -0.0339 0.0513 -0.9981
vn 0.0201 0.1909 -0.9814
vn -0.0300 0.1599 -0.9867
vn -0.0649 0.1361 -0.9886
vn -0.0885 0.1187 -0.9890
vn -0.1023 0.1076 -0.9889
vn -0.1094 0.1023 -0.9887
vn -0.0535 0.5085 -0.8594
vn -0.1917 0.4428 -0.8759
vn -0.2876 0.3847 -0.8771
vn -0.3481 0.3403 -0.8735
vn -0.3823 0.3113 -0.8700
vn -0.3995 0.2967 -0.8674
vn -0.1537 0.5306 0.8336
vn -0.2929 0.4652 0.8354
vn -0.3882 0.4070 0.8268
vn -0.4479 0.3625 0.8173
vn -0.4814 0.3334 0.8106
vn -0.4981 0.3189 0.8064
vn -0.0954 0.2163 0.9716
vn -0.1457 0.1855 0.9718
vn -0.1806 0.1617 0.9702
vn -0.2040 0.1444 0.9683
vn -0.2176 0.1334 0.9669
vn -0.2246 0.1281 0.9660
vn -0.0775 0.1344 0.9879
vn -0.1050 0.1142 0.9879
vn -0.1245 0.0991 0.9873
vn -0.1384 0.0878 0.9865
vn -0.1466 0.0808 0.9859
vn -0.1508 0.0775 0.9855
vn 0.0738 0.0887 -0.9933
vn 0.0516 0.0695 -0.9962
vn 0.0342 0.0547 -0.9979
vn 0.0213 0.0434 -0.9988
vn 0.0115 0.0347 -0.9993
vn 0.0055 0.0294 -0.9996
vn 0.0024 0.0269 -0.9996
vn 0.0015 0.0267 -0.9996
vn -0.0353 0.0512 -0.9981
vn -0.1118 0.1021 -0.9885
vn -0.4047 0.2958 -0.8653
vn -0.5029 0.3179 0.8037
vn -0.2268 0.1280 0.9655
vn -0.1520 0.0775 0.9853
vn -0.1157 0.0531 0.9919
vn -0.1149 0.0531 0.9920
vn -0.1119 0.0556 0.9922
vn -0.1061 0.0609 0.9925
vn -0.0964 0.0695 0.9929
vn -0.0835 0.0808 0.9932
vn -0.0661 0.0955 0.9932
vn -0.0437 0.1146 0.9925
vn -0.0379 0.1578 0.9867
vn -0.0257 0.2495 0.9680
vn 0.0258 0.5848 0.8108
vn 0.1221 0.5635 -0.8170
vn 0.0890 0.2243 -0.9705
vn 0.0790 0.1321 -0.9881
vn 0.2722 0.1060 -0.9564
vn 0.2549 0.1188 -0.9597
vn 0.2352 0.1289 -0.9633
vn 0.2121 0.1372 -0.9676
vn 0.1874 0.1430 -0.9718
vn 0.1599 0.1473 -0.9761
vn 0.4054 0.1844 -0.8953
vn 0.3855 0.2114 -0.8982
vn 0.3589 0.2317 -0.9041
vn 0.3239 0.2455 -0.9137
vn 0.2813 0.2527 -0.9257
vn 0.2307 0.2548 -0.9391
vn 0.7280 0.3813 -0.5698
vn 0.6974 0.4412 -0.5648
vn 0.6572 0.4905 -0.5723
vn 0.6028 0.5303 -0.5962
vn 0.5300 0.5603 -0.6365
vn 0.4329 0.5810 -0.6892
vn 0.6563 0.3971 0.6416
vn 0.6266 0.4567 0.6315
vn 0.5858 0.5062 0.6329
vn 0.5291 0.5465 0.6492
vn 0.4521 0.5775 0.6798
vn 0.3494 0.5994 0.7201
vn 0.2971 0.2081 0.9319
vn 0.2770 0.2351 0.9316
vn 0.2500 0.2556 0.9339
vn 0.2141 0.2696 0.9389
vn 0.1705 0.2771 0.9456
vn 0.1187 0.2794 0.9528
vn 0.1575 0.1310 0.9788
vn 0.1399 0.1439 0.9796
vn 0.1200 0.1542 0.9807
vn 0.0966 0.1625 0.9820
vn 0.0717 0.1684 0.9831
vn 0.0439 0.1728 0.9840
vn 0.2173 0.0565 -0.9745
vn 0.2008 0.0631 -0.9776
vn 0.1856 0.0693 -0.9802
vn 0.1701 0.0753 -0.9825
vn 0.1534 0.0813 -0.9848
vn 0.1374 0.0867 -0.9867
vn 0.1212 0.0921 -0.9883
vn 0.1044 0.0988 -0.9896
vn 0.1244 0.1468 -0.9813
vn 0.1663 0.2475 -0.9545
vn 0.2989 0.5869 -0.7524
vn 0.2090 0.6068 0.7669
vn 0.0529 0.2725 0.9607
vn 0.0080 0.1724 0.9850
vn -0.0129 0.1246 0.9921
vn 0.0039 0.1179 0.9930
vn 0.0202 0.1124 0.9935
vn 0.0363 0.1070 0.9936
vn 0.0531 0.1009 0.9935
vn 0.0686 0.0949 0.9931
vn 0.0840 0.0886 0.9925
vn 0.1007 0.0819 0.9915
vn 0.1688 0.1113 0.9794
vn 0.3057 0.1701 0.9368
vn 0.6753 0.3222 0.6634
vn 0.7493 0.3059 -0.5873
vn 0.4145 0.1463 -0.8982
vn 0.2835 0.0862 -0.9551
vn 0.1523 -0.0762 -0.9854
vn 0.1643 -0.0647 -0.9843
vn 0.1797 -0.0503 -0.9824
vn 0.1991 -0.0316 -0.9795
vn 0.2223 -0.0088 -0.9749
vn 0.2495 0.0199 -0.9682
vn 0.2258 -0.1272 -0.9658
vn 0.2466 -0.1070 -0.9632
vn 0.2720 -0.0821 -0.9588
vn 0.3024 -0.0502 -0.9519
vn 0.3369 -0.0103 -0.9415
vn 0.3739 0.0387 -0.9267
vn 0.4993 -0.3184 -0.8058
vn 0.5489 -0.2621 -0.7937
vn 0.6032 -0.1940 -0.7736
vn 0.6582 -0.1097 -0.7448
vn 0.7070 -0.0099 -0.7071
vn 0.7422 0.0997 -0.6627
vn 0.4006 -0.2964 0.8670
vn 0.4513 -0.2406 0.8593
vn 0.5076 -0.1729 0.8440
vn 0.5657 -0.0894 0.8197
vn 0.6187 0.0094 0.7855
vn 0.6590 0.1179 0.7428
vn 0.1105 -0.1016 0.9887
vn 0.1314 -0.0815 0.9880
vn 0.1570 -0.0568 0.9860
vn 0.1879 -0.0251 0.9819
vn 0.2234 0.0145 0.9746
vn 0.2619 0.0631 0.9630
vn 0.0353 -0.0502 0.9981
vn 0.0472 -0.0388 0.9981
vn 0.0626 -0.0246 0.9977
vn 0.0822 -0.0060 0.9966
vn 0.1056 0.0168 0.9943
vn 0.1334 0.0452 0.9900
vn 0.1108 -0.0576 -0.9922
vn 0.1168 -0.0514 -0.9918
vn 0.1246 -0.0440 -0.9912
vn 0.1351 -0.0344 -0.9902
vn 0.1492 -0.0217 -0.9886
vn 0.1660 -0.0065 -0.9861
vn 0.1866 0.0123 -0.9824
vn 0.2113 0.0346 -0.9768
vn 0.2754 0.0546 -0.9598
vn 0.4040 0.0945 -0.9099
vn 0.7565 0.2093 -0.6196
vn 0.6785 0.2264 0.6988
vn 0.2938 0.1186 0.9485
vn 0.1602 0.0797 0.9839
vn 0.0944 0.0601 0.9937
vn 0.0693 0.0379 0.9969
vn 0.0485 0.0193 0.9986
vn 0.0315 0.0042 0.9995
vn 0.0175 -0.0085 0.9998
vn 0.0070 -0.0180 0.9998
vn -0.0007 -0.0253 0.9997
vn -0.0065 -0.0313 0.9995
vn 0.0259 -0.0599 0.9979
vn 0.0935 -0.1191 0.9885
vn 0.3559 -0.3449 0.8685
vn 0.4549 -0.3671 -0.8114
vn 0.2087 -0.1449 -0.9672
vn 0.1427 -0.0860 -0.9860
vn 0.1075 -0.1449 -0.9836
vn 0.1109 -0.1361 -0.9845
vn 0.1146 -0.1277 -0.9852
vn 0.1186 -0.1196 -0.9857
vn 0.1232 -0.1116 -0.9861
vn 0.1285 -0.1035 -0.9863
vn 0.1452 -0.2474 -0.9580
vn 0.1511 -0.2328 -0.9607
vn 0.1575 -0.2187 -0.9630
vn 0.1646 -0.2048 -0.9649
vn 0.1729 -0.1909 -0.9663
vn 0.1826 -0.1765 -0.9672
vn 0.2711 -0.5969 -0.7551
vn 0.2885 -0.5707 -0.7688
vn 0.3076 -0.5433 -0.7811
vn 0.3290 -0.5144 -0.7919
vn 0.3535 -0.4833 -0.8009
vn 0.3819 -0.4491 -0.8077
vn 0.1859 -0.5706 0.7999
vn 0.1997 -0.5453 0.8141
vn 0.2158 -0.5188 0.8272
vn 0.2348 -0.4906 0.8392
vn 0.2573 -0.4601 0.8498
vn 0.2842 -0.4265 0.8587
vn 0.0390 -0.2142 0.9760
vn 0.0423 -0.2018 0.9785
vn 0.0467 -0.1894 0.9808
vn 0.0523 -0.1768 0.9829
vn 0.0593 -0.1638 0.9847
vn 0.0681 -0.1501 0.9863
vn -0.0013 -0.1111 0.9938
vn -0.0002 -0.1046 0.9945
vn 0.0016 -0.0979 0.9952
vn 0.0043 -0.0912 0.9958
vn 0.0078 -0.0841 0.9964
vn 0.0123 -0.0767 0.9970
vn 0.0866 -0.1008 -0.9911
vn 0.0889 -0.0945 -0.9915
vn 0.0912 -0.0887 -0.9919
vn 0.0936 -0.0833 -0.9921
vn 0.0962 -0.0782 -0.9923
vn 0.0990 -0.0731 -0.9924
vn 0.1023 -0.0681 -0.9924
vn 0.1061 -0.0630 -0.9924
vn 0.1349 -0.0950 -0.9863
vn 0.1943 -0.1613 -0.9676
vn 0.4154 -0.4108 -0.8116
vn 0.3168 -0.3884 0.8653
vn 0.0794 -0.1353 0.9876
vn 0.0183 -0.0687 0.9975
vn -0.0110 -0.0365 0.9993
vn -0.0144 -0.0412 0.9990
vn -0.0169 -0.0456 0.9988
vn -0.0187 -0.0497 0.9986
vn -0.0200 -0.0535 0.9984
vn -0.0207 -0.0572 0.9981
vn -0.0208 -0.0607 0.9979
vn -0.0204 -0.0640 0.9977
vn -0.0018 -0.1175 0.9931
vn 0.0367 -0.2267 0.9733
vn 0.1740 -0.5951 0.7846
vn 0.2549 -0.6224 -0.7400
vn 0.1396 -0.2626 -0.9547
vn 0.1041 -0.1543 -0.9825
vn -0.0512 0.0907 -0.9946
vn -0.0544 0.0958 -0.9939
vn -0.0572 0.1013 -0.9932
vn -0.0596 0.1074 -0.9924
vn -0.0612 0.1141 -0.9916
vn -0.0616 0.1217 -0.9907
vn -0.1403 0.1722 -0.9750
vn -0.1459 0.1812 -0.9726
vn -0.1512 0.1908 -0.9699
vn -0.1558 0.2010 -0.9671
vn -0.1594 0.2119 -0.9642
vn -0.1611 0.2239 -0.9612
vn -0.4373 0.4422 -0.7831
vn -0.4443 0.4577 -0.7702
vn -0.4503 0.4733 -0.7571
vn -0.4549 0.4893 -0.7441
vn -0.4573 0.5059 -0.7314
vn -0.4564 0.5238 -0.7192
vn -0.5251 0.4694 0.7099
vn -0.5314 0.4856 0.6941
vn -0.5369 0.5018 0.6782
vn -0.5412 0.5178 0.6625
vn -0.5437 0.5339 0.6476
vn -0.5433 0.5504 0.6340
vn -0.2511 0.2055 0.9459
vn -0.2573 0.2158 0.9419
vn -0.2635 0.2263 0.9377
vn -0.2696 0.2370 0.9334
vn -0.2750 0.2475 0.9290
vn -0.2793 0.2579 0.9249
vn -0.1643 0.1251 0.9784
vn -0.1682 0.1315 0.9769
vn -0.1722 0.1381 0.9753
vn -0.1763 0.1446 0.9737
vn -0.1803 0.1508 0.9720
vn -0.1839 0.1567 0.9704
vn -0.0057 0.0479 -0.9988
vn -0.0077 0.0505 -0.9987
vn -0.0095 0.0535 -0.9985
vn -0.0109 0.0568 -0.9983
vn -0.0120 0.0606 -0.9981
vn -0.0124 0.0650 -0.9978
vn -0.0118 0.0703 -0.9975
vn -0.0095 0.0769 -0.9970
vn -0.0598 0.1307 -0.9896
vn -0.1597 0.2375 -0.9582
vn -0.4502 0.5443 -0.7079
vn -0.5383 0.5680 0.6226
vn -0.2816 0.2679 0.9214
vn -0.1867 0.1617 0.9690
vn -0.1382 0.1078 0.9845
vn -0.1351 0.1056 0.9852
vn -0.1320 0.1024 0.9859
vn -0.1290 0.0986 0.9867
vn -0.1261 0.0944 0.9875
vn -0.1233 0.0900 0.9883
vn -0.1209 0.0856 0.9890
vn -0.1188 0.0813 0.9896
vn -0.1609 0.1188 0.9798
vn -0.2453 0.1955 0.9495
vn -0.5186 0.4532 0.7251
vn -0.4296 0.4270 -0.7957
vn -0.1344 0.1636 -0.9773
vn -0.0479 0.0860 -0.9951
vn -0.0342 0.0572 -0.9978
vn -0.0345 0.0608 -0.9976
vn -0.0353 0.0646 -0.9973
vn -0.0368 0.0686 -0.9970
vn -0.0388 0.0728 -0.9966
vn -0.0414 0.0772 -0.9962
vn -0.1105 0.1121 -0.9875
vn -0.1112 0.1183 -0.9867
vn -0.1129 0.1250 -0.9857
vn -0.1155 0.1321 -0.9845
vn -0.1191 0.1396 -0.9830
vn -0.1235 0.1474 -0.9813
vn -0.3994 0.3197 -0.8592
vn -0.3991 0.3340 -0.8539
vn -0.4007 0.3490 -0.8471
vn -0.4040 0.3644 -0.8390
vn -0.4088 0.3802 -0.8297
vn -0.4148 0.3961 -0.8192
vn -0.4966 0.3420 0.7977
vn -0.4955 0.3565 0.7921
vn -0.4962 0.3717 0.7847
vn -0.4983 0.3875 0.7756
vn -0.5018 0.4038 0.7649
vn -0.5064 0.4204 0.7529
vn -0.2250 0.1384 0.9645
vn -0.2252 0.1448 0.9635
vn -0.2265 0.1519 0.9621
vn -0.2286 0.1596 0.9603
vn -0.2316 0.1678 0.9582
vn -0.2354 0.1766 0.9557
vn -0.1505 0.0838 0.9851
vn -0.1504 0.0877 0.9847
vn -0.1508 0.0920 0.9843
vn -0.1518 0.0967 0.9837
vn -0.1534 0.1017 0.9829
vn -0.1554 0.1071 0.9820
vn 0.0021 0.0284 -0.9996
vn 0.0025 0.0307 -0.9995
vn 0.0025 0.0330 -0.9995
vn 0.0021 0.0354 -0.9994
vn 0.0012 0.0379 -0.9993
vn -0.0000 0.0404 -0.9992
vn -0.0016 0.0429 -0.9991
vn -0.0035 0.0454 -0.9990
vn -0.0444 0.0816 -0.9957
vn -0.1287 0.1554 -0.9794
vn -0.4219 0.4117 -0.8078
vn -0.5121 0.4369 0.7395
vn -0.2400 0.1859 0.9528
vn -0.1579 0.1128 0.9810
vn -0.1171 0.0772 0.9901
vn -0.1159 0.0732 0.9906
vn -0.1149 0.0696 0.9909
vn -0.1142 0.0661 0.9912
vn -0.1139 0.0630 0.9915
vn -0.1139 0.0601 0.9917
vn -0.1142 0.0574 0.9918
vn -0.1149 0.0550 0.9919
vn -0.1512 0.0802 0.9852
vn -0.2257 0.1325 0.9651
vn -0.4997 0.3284 0.8015
vn -0.4019 0.3062 -0.8629
vn -0.1110 0.1065 -0.9881
vn -0.0346 0.0538 -0.9980
vn 0.1102 -0.2125 -0.9709
vn 0.1024 -0.2098 -0.9724
vn 0.0980 -0.2036 -0.9741
vn 0.0963 -0.1951 -0.9760
vn 0.0965 -0.1853 -0.9779
vn 0.0981 -0.1749 -0.9797
vn 0.1406 -0.3589 -0.9227
vn 0.1309 -0.3527 -0.9265
vn 0.1261 -0.3418 -0.9313
vn 0.1249 -0.3277 -0.9365
vn 0.1263 -0.3119 -0.9417
vn 0.1296 -0.2954 -0.9466
vn 0.2153 -0.7495 -0.6260
vn 0.2040 -0.7429 -0.6376
vn 0.2015 -0.7305 -0.6526
vn 0.2054 -0.7137 -0.6697
vn 0.2139 -0.6937 -0.6878
vn 0.2257 -0.6713 -0.7060
vn 0.1408 -0.7378 0.6602
vn 0.1348 -0.7257 0.6747
vn 0.1346 -0.7089 0.6923
vn 0.1386 -0.6888 0.7115
vn 0.1454 -0.6666 0.7311
vn 0.1540 -0.6431 0.7501
vn 0.0288 -0.3270 0.9446
vn 0.0284 -0.3136 0.9491
vn 0.0291 -0.2987 0.9539
vn 0.0304 -0.2832 0.9586
vn 0.0320 -0.2678 0.9629
vn 0.0336 -0.2532 0.9668
vn -0.0077 -0.1764 0.9843
vn -0.0057 -0.1666 0.9860
vn -0.0041 -0.1569 0.9876
vn -0.0028 -0.1476 0.9890
vn -0.0020 -0.1389 0.9903
vn -0.0016 -0.1310 0.9914
vn 0.1042 -0.1338 -0.9855
vn 0.0942 -0.1371 -0.9861
vn 0.0876 -0.1365 -0.9868
vn 0.0838 -0.1330 -0.9876
vn 0.0819 -0.1278 -0.9884
vn 0.0816 -0.1215 -0.9892
vn 0.0825 -0.1147 -0.9900
vn 0.0842 -0.1077 -0.9906
vn 0.1007 -0.1645 -0.9812
vn 0.1342 -0.2788 -0.9509
vn 0.2396 -0.6473 -0.7236
vn 0.1636 -0.6191 0.7681
vn 0.0351 -0.2395 0.9703
vn -0.0016 -0.1239 0.9923
vn -0.0195 -0.0672 0.9976
vn -0.0189 -0.0708 0.9973
vn -0.0188 -0.0751 0.9970
vn -0.0193 -0.0801 0.9966
vn -0.0205 -0.0858 0.9961
vn -0.0226 -0.0925 0.9955
vn -0.0258 -0.0999 0.9947
vn -0.0302 -0.1082 0.9937
vn -0.0101 -0.1858 0.9825
vn 0.0310 -0.3375 0.9408
vn 0.1551 -0.7434 0.6506
vn 0.2388 -0.7486 -0.6186
vn 0.1571 -0.3581 -0.9204
vn 0.1227 -0.2101 -0.9700
vn -0.0554 0.1470 -0.9876
vn -0.0688 0.1414 -0.9876
vn -0.1112 0.1136 -0.9873
vn -0.2055 0.0482 -0.9775
vn -0.3615 -0.0621 -0.9303
vn -0.5504 -0.2035 -0.8097
vn -0.1570 0.2591 -0.9530
vn -0.1816 0.2459 -0.9521
vn -0.2524 0.1939 -0.9480
vn -0.3964 0.0763 -0.9149
vn -0.5911 -0.1042 -0.7998
vn -0.7386 -0.2730 -0.6165
vn -0.4451 0.5696 -0.6910
vn -0.4978 0.5274 -0.6885
vn -0.6262 0.3913 -0.6743
vn -0.7948 0.1224 -0.5944
vn -0.8805 -0.1615 -0.4457
vn -0.8864 -0.3272 -0.3273
vn -0.5427 0.5827 0.6049
vn -0.6080 0.5346 0.5869
vn -0.7540 0.3896 0.5289
vn -0.9219 0.1046 0.3731
vn -0.9686 -0.1850 0.1658
vn -0.9385 -0.3442 0.0277
vn -0.2952 0.2736 0.9154
vn -0.3354 0.2483 0.9088
vn -0.4293 0.1804 0.8850
vn -0.5978 0.0416 0.8006
vn -0.7863 -0.1563 0.5977
vn -0.8826 -0.3198 0.3446
vn -0.2008 0.1602 0.9664
vn -0.2302 0.1410 0.9629
vn -0.2955 0.0958 0.9505
vn -0.4184 0.0086 0.9082
vn -0.5944 -0.1239 0.7945
vn -0.7629 -0.2718 0.5866
vn -0.0051 0.0849 -0.9964
vn -0.0037 0.0902 -0.9959
vn -0.0115 0.0879 -0.9961
vn -0.0394 0.0709 -0.9967
vn -0.1033 0.0298 -0.9942
vn -0.2125 -0.0400 -0.9763
vn -0.3727 -0.1424 -0.9170
vn -0.5329 -0.2468 -0.8094
vn -0.6752 -0.3106 -0.6691
vn -0.7945 -0.3623 -0.4874
vn -0.8767 -0.3961 -0.2729
vn -0.9124 -0.4081 -0.0330
vn -0.8976 -0.3969 0.1919
vn -0.8415 -0.3670 0.3964
vn -0.7540 -0.3222 0.5724
vn -0.6243 -0.2223 0.7489
vn -0.4572 -0.1050 0.8832
vn -0.3201 -0.0125 0.9473
vn -0.2279 0.0500 0.9724
vn -0.1774 0.0849 0.9805
vn -0.1530 0.1017 0.9830
vn -0.1424 0.1078 0.9839
vn -0.1899 0.1648 0.9679
vn -0.2830 0.2762 0.9185
vn -0.5300 0.5850 0.6139
vn -0.4389 0.5661 -0.6977
vn -0.1548 0.2523 -0.9552
vn -0.0555 0.1411 -0.9884
vn -0.3089 -0.0545 -0.9495
vn -0.2092 -0.1303 -0.9691
vn -0.1409 -0.1786 -0.9738
vn -0.0981 -0.2069 -0.9734
vn -0.0796 -0.2184 -0.9726
vn -0.0782 -0.2190 -0.9726
vn -0.5118 -0.0448 -0.8579
vn -0.3877 -0.1714 -0.9057
vn -0.2890 -0.2567 -0.9223
vn -0.2248 -0.3059 -0.9252
vn -0.1936 -0.3269 -0.9250
vn -0.1870 -0.3300 -0.9253
vn -0.8578 -0.0063 -0.5140
vn -0.7818 -0.2289 -0.5799
vn -0.6688 -0.4183 -0.6147
vn -0.5673 -0.5372 -0.6242
vn -0.5062 -0.5935 -0.6257
vn -0.4850 -0.6094 -0.6272
vn -0.9567 0.0676 0.2832
vn -0.8992 -0.1428 0.4135
vn -0.7912 -0.3286 0.5158
vn -0.6827 -0.4495 0.5761
vn -0.6092 -0.5102 0.6070
vn -0.5740 -0.5319 0.6226
vn -0.7095 0.0994 0.6977
vn -0.5902 -0.0234 0.8069
vn -0.4796 -0.1135 0.8701
vn -0.3960 -0.1699 0.9024
vn -0.3430 -0.1988 0.9181
vn -0.3134 -0.2102 0.9261
vn -0.5370 0.1107 0.8363
vn -0.4286 0.0309 0.9030
vn -0.3414 -0.0257 0.9396
vn -0.2766 -0.0628 0.9589
vn -0.2346 -0.0830 0.9685
vn -0.2090 -0.0923 0.9736
vn -0.2940 0.0159 -0.9557
vn -0.1942 -0.0518 -0.9796
vn -0.1189 -0.1017 -0.9877
vn -0.0679 -0.1340 -0.9886
vn -0.0357 -0.1534 -0.9875
vn -0.0229 -0.1609 -0.9867
vn -0.0235 -0.1607 -0.9867
vn -0.0326 -0.1557 -0.9873
vn -0.0879 -0.2125 -0.9732
vn -0.1970 -0.3215 -0.9262
vn -0.4938 -0.5995 -0.6299
vn -0.5683 -0.5290 0.6302
vn -0.2997 -0.2106 0.9305
vn -0.1937 -0.0949 0.9765
vn -0.1384 -0.0363 0.9897
vn -0.1543 -0.0325 0.9875
vn -0.1780 -0.0238 0.9837
vn -0.2145 -0.0072 0.9767
vn -0.2697 0.0218 0.9627
vn -0.3418 0.0639 0.9376
vn -0.4324 0.1212 0.8935
vn -0.5337 0.1888 0.8243
vn -0.6437 0.2086 0.7363
vn -0.7962 0.2318 0.5589
vn -0.9556 0.2429 0.1668
vn -0.8780 0.1848 -0.4416
vn -0.6211 0.1032 -0.7769
vn -0.4249 0.0497 -0.9039
vn -0.6505 0.4238 -0.6303
vn -0.6382 0.3948 -0.6610
vn -0.6174 0.3579 -0.7005
vn -0.5914 0.3140 -0.7427
vn -0.5634 0.2666 -0.7820
vn -0.5371 0.2150 -0.8157
vn -0.7429 0.4889 -0.4573
vn -0.7439 0.4682 -0.4770
vn -0.7399 0.4410 -0.5080
vn -0.7316 0.4059 -0.5477
vn -0.7197 0.3621 -0.5924
vn -0.7053 0.3062 -0.6393
vn -0.8032 0.5319 -0.2684
vn -0.8114 0.5159 -0.2747
vn -0.8196 0.4964 -0.2861
vn -0.8285 0.4712 -0.3026
vn -0.8388 0.4374 -0.3243
vn -0.8517 0.3892 -0.3510
vn -0.8313 0.5520 -0.0645
vn -0.8412 0.5374 -0.0596
vn -0.8527 0.5203 -0.0476
vn -0.8664 0.4986 -0.0281
vn -0.8830 0.4694 -0.0006
vn -0.9036 0.4269 0.0357
vn -0.8254 0.5478 0.1361
vn -0.8323 0.5316 0.1574
vn -0.8375 0.5112 0.1934
vn -0.8408 0.4844 0.2417
vn -0.8416 0.4501 0.2985
vn -0.8404 0.4040 0.3613
vn -0.7864 0.5204 0.3329
vn -0.7834 0.4985 0.3713
vn -0.7745 0.4705 0.4229
vn -0.7611 0.4358 0.4805
vn -0.7445 0.3970 0.5368
vn -0.7279 0.3528 0.5880
vn -0.5401 0.3665 -0.7576
vn -0.5209 0.3354 -0.7850
vn -0.4915 0.2967 -0.8187
vn -0.4586 0.2541 -0.8516
vn -0.4263 0.2093 -0.8800
vn -0.3969 0.1668 -0.9026
vn -0.3743 0.1268 -0.9186
vn -0.3651 0.0905 -0.9266
vn -0.5028 0.1483 -0.8516
vn -0.6806 0.2259 -0.6969
vn -0.8672 0.3135 -0.3869
vn -0.9293 0.3591 0.0865
vn -0.8319 0.3363 0.4415
vn -0.7043 0.2946 0.6458
vn -0.5948 0.2564 0.7619
vn -0.6020 0.2908 0.7436
vn -0.6204 0.3272 0.7128
vn -0.6436 0.3646 0.6730
vn -0.6676 0.4030 0.6261
vn -0.6907 0.4381 0.5753
vn -0.7098 0.4688 0.5258
vn -0.7205 0.4931 0.4876
vn -0.7795 0.5358 0.3246
vn -0.8159 0.5616 0.1376
vn -0.8221 0.5660 -0.0609
vn -0.7936 0.5459 -0.2687
vn -0.7333 0.5033 -0.4571
vn -0.6453 0.4412 -0.6237
vn 0.1323 0.0293 -0.9908
vn 0.1011 0.0430 -0.9939
vn 0.0782 0.0523 -0.9956
vn 0.0614 0.0587 -0.9964
vn 0.0511 0.0624 -0.9967
vn 0.0461 0.0645 -0.9969
vn 0.1936 0.0873 -0.9772
vn 0.1418 0.1152 -0.9832
vn 0.1038 0.1336 -0.9856
vn 0.0769 0.1453 -0.9864
vn 0.0604 0.1518 -0.9866
vn 0.0522 0.1552 -0.9865
vn 0.4294 0.3087 -0.8487
vn 0.3038 0.3957 -0.8667
vn 0.2055 0.4497 -0.8692
vn 0.1368 0.4798 -0.8666
vn 0.0945 0.4949 -0.8638
vn 0.0733 0.5025 -0.8615
vn 0.3669 0.3905 0.8443
vn 0.2406 0.4783 0.8446
vn 0.1428 0.5319 0.8347
vn 0.0746 0.5614 0.8242
vn 0.0327 0.5759 0.8168
vn 0.0119 0.5831 0.8123
vn 0.1215 0.1816 0.9758
vn 0.0696 0.2098 0.9753
vn 0.0316 0.2281 0.9731
vn 0.0050 0.2397 0.9708
vn -0.0114 0.2460 0.9692
vn -0.0194 0.2494 0.9682
vn 0.0592 0.1250 0.9904
vn 0.0280 0.1387 0.9899
vn 0.0051 0.1480 0.9890
vn -0.0116 0.1544 0.9879
vn -0.0218 0.1580 0.9872
vn -0.0267 0.1600 0.9868
vn 0.1322 -0.0102 -0.9912
vn 0.1046 -0.0005 -0.9945
vn 0.0831 0.0072 -0.9965
vn 0.0669 0.0127 -0.9977
vn 0.0544 0.0169 -0.9984
vn 0.0468 0.0194 -0.9987
vn 0.0431 0.0208 -0.9989
vn 0.0425 0.0215 -0.9989
vn 0.0453 0.0656 -0.9968
vn 0.0509 0.1572 -0.9862
vn 0.0698 0.5066 -0.8594
vn 0.0087 0.5869 0.8096
vn -0.0206 0.2513 0.9677
vn -0.0273 0.1611 0.9866
vn -0.0304 0.1173 0.9926
vn -0.0299 0.1167 0.9927
vn -0.0264 0.1154 0.9930
vn -0.0189 0.1129 0.9934
vn -0.0065 0.1089 0.9940
vn 0.0096 0.1033 0.9946
vn 0.0311 0.0956 0.9949
vn 0.0588 0.0858 0.9946
vn 0.0993 0.1024 0.9898
vn 0.1851 0.1379 0.9730
vn 0.5040 0.2624 0.8229
vn 0.5641 0.1838 -0.8050
vn 0.2567 0.0442 -0.9655
vn 0.1722 0.0070 -0.9850
vn 0.2457 -0.1737 -0.9536
vn 0.2482 -0.1522 -0.9567
vn 0.2472 -0.1301 -0.9602
vn 0.2429 -0.1060 -0.9643
vn 0.2356 -0.0817 -0.9684
vn 0.2257 -0.0556 -0.9726
vn 0.3791 -0.2504 -0.8908
vn 0.3925 -0.2196 -0.8931
vn 0.3970 -0.1864 -0.8987
vn 0.3916 -0.1490 -0.9080
vn 0.3767 -0.1085 -0.9199
vn 0.3535 -0.0635 -0.9333
vn 0.7048 -0.4343 -0.5609
vn 0.7412 -0.3780 -0.5547
vn 0.7640 -0.3184 -0.5612
vn 0.7717 -0.2512 -0.5843
vn 0.7620 -0.1728 -0.6241
vn 0.7324 -0.0778 -0.6765
vn 0.6600 -0.3758 0.6505
vn 0.6970 -0.3201 0.6417
vn 0.7194 -0.2601 0.6440
vn 0.7257 -0.1910 0.6610
vn 0.7134 -0.1091 0.6922
vn 0.6803 -0.0096 0.7329
vn 0.3114 -0.1620 0.9364
vn 0.3247 -0.1311 0.9367
vn 0.3289 -0.0975 0.9393
vn 0.3230 -0.0594 0.9445
vn 0.3075 -0.0180 0.9514
vn 0.2835 0.0280 0.9586
vn 0.1740 -0.0801 0.9815
vn 0.1763 -0.0584 0.9826
vn 0.1752 -0.0361 0.9839
vn 0.1707 -0.0117 0.9853
vn 0.1633 0.0129 0.9865
vn 0.1532 0.0391 0.9874
vn 0.1758 -0.1507 -0.9728
vn 0.1732 -0.1331 -0.9758
vn 0.1711 -0.1167 -0.9783
vn 0.1686 -0.1004 -0.9806
vn 0.1655 -0.0829 -0.9827
vn 0.1622 -0.0663 -0.9845
vn 0.1588 -0.0496 -0.9861
vn 0.1562 -0.0316 -0.9872
vn 0.2075 -0.0250 -0.9779
vn 0.3152 -0.0112 -0.9489
vn 0.6716 0.0418 -0.7397
vn 0.6155 0.1152 0.7797
vn 0.2445 0.0814 0.9662
vn 0.1349 0.0700 0.9884
vn 0.0829 0.0641 0.9945
vn 0.0855 0.0462 0.9953
vn 0.0889 0.0294 0.9956
vn 0.0923 0.0127 0.9957
vn 0.0954 -0.0049 0.9954
vn 0.0980 -0.0213 0.9950
vn 0.1002 -0.0378 0.9943
vn 0.1028 -0.0556 0.9931
vn 0.1625 -0.0998 0.9817
vn 0.2827 -0.1885 0.9405
vn 0.6043 -0.4299 0.6708
vn 0.6506 -0.4903 -0.5799
vn 0.3507 -0.2773 -0.8945
vn 0.2343 -0.1934 -0.9528
vn 0.0286 -0.1607 -0.9866
vn 0.0445 -0.1654 -0.9852
vn 0.0646 -0.1715 -0.9831
vn 0.0905 -0.1790 -0.9797
vn 0.1218 -0.1877 -0.9747
vn 0.1600 -0.1970 -0.9673
vn 0.0208 -0.2500 -0.9680
vn 0.0487 -0.2579 -0.9649
vn 0.0828 -0.2676 -0.9600
vn 0.1255 -0.2779 -0.9524
vn 0.1771 -0.2880 -0.9411
vn 0.2378 -0.2957 -0.9252
vn -0.0109 -0.5839 -0.8117
vn 0.0624 -0.5989 -0.7984
vn 0.1482 -0.6120 -0.7768
vn 0.2481 -0.6178 -0.7462
vn 0.3582 -0.6105 -0.7064
vn 0.4699 -0.5866 -0.6596
vn -0.0725 -0.5033 0.8611
vn 0.0015 -0.5192 0.8546
vn 0.0884 -0.5340 0.8408
vn 0.1902 -0.5423 0.8184
vn 0.3030 -0.5385 0.7863
vn 0.4179 -0.5187 0.7459
vn -0.0511 -0.1558 0.9865
vn -0.0233 -0.1638 0.9862
vn 0.0110 -0.1737 0.9847
vn 0.0540 -0.1845 0.9813
vn 0.1061 -0.1954 0.9750
vn 0.1677 -0.2043 0.9644
vn -0.0444 -0.0651 0.9969
vn -0.0286 -0.0697 0.9972
vn -0.0086 -0.0759 0.9971
vn 0.0174 -0.0836 0.9964
vn 0.0488 -0.0925 0.9945
vn 0.0874 -0.1023 0.9909
vn 0.0241 -0.1153 -0.9930
vn 0.0324 -0.1175 -0.9925
vn 0.0427 -0.1205 -0.9918
vn 0.0563 -0.1249 -0.9906
vn 0.0743 -0.1307 -0.9886
vn 0.0958 -0.1377 -0.9858
vn 0.1223 -0.1462 -0.9817
vn 0.1538 -0.1564 -0.9756
vn 0.2029 -0.2021 -0.9581
vn 0.3008 -0.2940 -0.9072
vn 0.5711 -0.5446 -0.6142
vn 0.5224 -0.4809 0.7042
vn 0.2319 -0.2041 0.9511
vn 0.1308 -0.1081 0.9855
vn 0.0807 -0.0611 0.9949
vn 0.0489 -0.0505 0.9975
vn 0.0223 -0.0418 0.9989
vn 0.0007 -0.0347 0.9994
vn -0.0172 -0.0288 0.9994
vn -0.0307 -0.0245 0.9992
vn -0.0409 -0.0215 0.9989
vn -0.0490 -0.0194 0.9986
vn -0.0575 -0.0618 0.9964
vn -0.0748 -0.1498 0.9859
vn -0.1368 -0.4889 0.8616
vn -0.0752 -0.5698 -0.8183
vn -0.0031 -0.2440 -0.9698
vn 0.0153 -0.1573 -0.9874
vn -0.0533 -0.1562 -0.9863
vn -0.0440 -0.1548 -0.9870
vn -0.0349 -0.1538 -0.9875
vn -0.0258 -0.1532 -0.9879
vn -0.0166 -0.1531 -0.9881
vn -0.0069 -0.1537 -0.9881
vn -0.1237 -0.2404 -0.9628
vn -0.1081 -0.2382 -0.9652
vn -0.0927 -0.2366 -0.9672
vn -0.0770 -0.2359 -0.9687
vn -0.0608 -0.2360 -0.9699
vn -0.0435 -0.2372 -0.9705
vn -0.3671 -0.5261 -0.7671
vn -0.3355 -0.5279 -0.7802
vn -0.3020 -0.5307 -0.7920
vn -0.2660 -0.5347 -0.8021
vn -0.2267 -0.5402 -0.8104
vn -0.1828 -0.5477 -0.8165
vn -0.4159 -0.4538 0.7881
vn -0.3874 -0.4533 0.8028
vn -0.3566 -0.4541 0.8165
vn -0.3230 -0.4566 0.8290
vn -0.2855 -0.4609 0.8403
vn -0.2431 -0.4674 0.8499
vn -0.1841 -0.1501 0.9714
vn -0.1718 -0.1468 0.9741
vn -0.1589 -0.1444 0.9767
vn -0.1453 -0.1429 0.9790
vn -0.1305 -0.1426 0.9811
vn -0.1142 -0.1434 0.9831
vn -0.1154 -0.0638 0.9913
vn -0.1092 -0.0615 0.9921
vn -0.1025 -0.0598 0.9929
vn -0.0954 -0.0587 0.9937
vn -0.0875 -0.0582 0.9945
vn -0.0788 -0.0585 0.9952
vn -0.0255 -0.1160 -0.9929
vn -0.0189 -0.1149 -0.9932
vn -0.0127 -0.1140 -0.9934
vn -0.0068 -0.1134 -0.9935
vn -0.0011 -0.1130 -0.9936
vn 0.0047 -0.1129 -0.9936
vn 0.0107 -0.1132 -0.9935
vn 0.0170 -0.1140 -0.9933
vn 0.0036 -0.1550 -0.9879
vn -0.0244 -0.2398 -0.9705
vn -0.1327 -0.5575 -0.8195
vn -0.1940 -0.4767 0.8574
vn -0.0959 -0.1457 0.9847
vn -0.0689 -0.0596 0.9958
vn -0.0557 -0.0182 0.9983
vn -0.0615 -0.0176 0.9980
vn -0.0665 -0.0176 0.9976
vn -0.0710 -0.0180 0.9973
vn -0.0749 -0.0189 0.9970
vn -0.0784 -0.0201 0.9967
vn -0.0816 -0.0217 0.9964
vn -0.0842 -0.0238 0.9962
vn -0.1211 -0.0666 0.9904
vn -0.1961 -0.1543 0.9684
vn -0.4428 -0.4557 0.7722
vn -0.3975 -0.5250 -0.7525
vn -0.1397 -0.2432 -0.9599
vn -0.0632 -0.1580 -0.9854
vn 0.0715 0.0991 -0.9925
vn 0.0743 0.1044 -0.9918
vn 0.0776 0.1096 -0.9909
vn 0.0817 0.1146 -0.9900
vn 0.0866 0.1194 -0.9891
vn 0.0930 0.1235 -0.9880
vn 0.0971 0.2168 -0.9714
vn 0.1020 0.2261 -0.9687
vn 0.1076 0.2355 -0.9659
vn 0.1141 0.2446 -0.9629
vn 0.1217 0.2531 -0.9598
vn 0.1311 0.2605 -0.9565
vn 0.1788 0.6072 -0.7742
vn 0.1884 0.6208 -0.7610
vn 0.1987 0.6337 -0.7476
vn 0.2100 0.6456 -0.7342
vn 0.2229 0.6559 -0.7212
vn 0.2386 0.6640 -0.7087
vn 0.1305 0.6827 0.7189
vn 0.1417 0.6964 0.7035
vn 0.1532 0.7094 0.6879
vn 0.1652 0.7214 0.6726
vn 0.1783 0.7317 0.6579
vn 0.1930 0.7397 0.6447
vn 0.0347 0.3113 0.9497
vn 0.0406 0.3218 0.9459
vn 0.0467 0.3325 0.9419
vn 0.0529 0.3431 0.9378
vn 0.0595 0.3531 0.9337
vn 0.0664 0.3621 0.9298
vn 0.0079 0.1956 0.9806
vn 0.0116 0.2022 0.9793
vn 0.0152 0.2090 0.9778
vn 0.0188 0.2158 0.9763
vn 0.0223 0.2224 0.9747
vn 0.0256 0.2284 0.9732
vn 0.0572 0.0383 -0.9976
vn 0.0585 0.0414 -0.9974
vn 0.0601 0.0444 -0.9972
vn 0.0623 0.0473 -0.9969
vn 0.0651 0.0501 -0.9966
vn 0.0687 0.0526 -0.9963
vn 0.0736 0.0547 -0.9958
vn 0.0805 0.0561 -0.9952
vn 0.1017 0.1265 -0.9867
vn 0.1436 0.2661 -0.9532
vn 0.2592 0.6687 -0.6969
vn 0.2109 0.7443 0.6337
vn 0.0739 0.3692 0.9264
vn 0.0285 0.2334 0.9720
vn 0.0058 0.1643 0.9864
vn 0.0055 0.1605 0.9870
vn 0.0042 0.1562 0.9877
vn 0.0024 0.1517 0.9884
vn 0.0002 0.1470 0.9891
vn -0.0022 0.1425 0.9898
vn -0.0047 0.1381 0.9904
vn -0.0074 0.1342 0.9909
vn 0.0042 0.1895 0.9819
vn 0.0289 0.3012 0.9531
vn 0.1195 0.6688 0.7338
vn 0.1696 0.5931 -0.7871
vn 0.0926 0.2075 -0.9738
vn 0.0691 0.0939 -0.9932
vn 0.0510 0.0676 -0.9964
vn 0.0540 0.0696 -0.9961
vn 0.0568 0.0723 -0.9958
vn 0.0596 0.0756 -0.9954
vn 0.0622 0.0795 -0.9949
vn 0.0647 0.0839 -0.9944
vn 0.0602 0.1611 -0.9851
vn 0.0652 0.1647 -0.9842
vn 0.0701 0.1695 -0.9830
vn 0.0749 0.1754 -0.9816
vn 0.0796 0.1822 -0.9800
vn 0.0841 0.1899 -0.9782
vn 0.0931 0.5139 -0.8528
vn 0.1055 0.5207 -0.8472
vn 0.1175 0.5295 -0.8401
vn 0.1291 0.5400 -0.8317
vn 0.1402 0.5519 -0.8220
vn 0.1507 0.5650 -0.8112
vn 0.0328 0.5936 0.8041
vn 0.0460 0.5999 0.7988
vn 0.0590 0.6081 0.7917
vn 0.0718 0.6180 0.7829
vn 0.0844 0.6292 0.7726
vn 0.0966 0.6417 0.7609
vn -0.0107 0.2549 0.9669
vn -0.0052 0.2584 0.9660
vn 0.0003 0.2630 0.9648
vn 0.0059 0.2687 0.9632
vn 0.0116 0.2755 0.9612
vn 0.0173 0.2832 0.9589
vn -0.0211 0.1629 0.9864
vn -0.0176 0.1648 0.9862
vn -0.0141 0.1673 0.9858
vn -0.0106 0.1705 0.9853
vn -0.0070 0.1744 0.9847
vn -0.0033 0.1788 0.9839
vn 0.0443 0.0219 -0.9988
vn 0.0464 0.0226 -0.9987
vn 0.0484 0.0238 -0.9985
vn 0.0503 0.0253 -0.9984
vn 0.0520 0.0273 -0.9983
vn 0.0536 0.0296 -0.9981
vn 0.0550 0.0323 -0.9980
vn 0.0562 0.0352 -0.9978
vn 0.0670 0.0887 -0.9938
vn 0.0885 0.1984 -0.9761
vn 0.1605 0.5788 -0.7995
vn 0.1083 0.6550 0.7479
vn 0.0231 0.2918 0.9562
vn 0.0004 0.1839 0.9830
vn -0.0102 0.1307 0.9914
vn -0.0130 0.1276 0.9917
vn -0.0157 0.1249 0.9920
vn -0.0183 0.1226 0.9923
vn -0.0209 0.1208 0.9925
vn -0.0234 0.1193 0.9926
vn -0.0259 0.1183 0.9926
vn -0.0284 0.1176 0.9927
vn -0.0245 0.1617 0.9865
vn -0.0162 0.2526 0.9674
vn 0.0195 0.5894 0.8076
vn 0.0802 0.5093 -0.8568
vn 0.0551 0.1587 -0.9858
vn 0.0479 0.0663 -0.9966
vn -0.1108 -0.1925 -0.9750
vn -0.1123 -0.1844 -0.9764
vn -0.1091 -0.1775 -0.9781
vn -0.1025 -0.1717 -0.9798
vn -0.0939 -0.1669 -0.9815
vn -0.0841 -0.1631 -0.9830
vn -0.2232 -0.2925 -0.9299
vn -0.2226 -0.2810 -0.9335
vn -0.2155 -0.2713 -0.9381
vn -0.2038 -0.2632 -0.9430
vn -0.1893 -0.2565 -0.9478
vn -0.1732 -0.2510 -0.9524
vn -0.5295 -0.5554 -0.6412
vn -0.5292 -0.5421 -0.6527
vn -0.5195 -0.5336 -0.6674
vn -0.5027 -0.5284 -0.6842
vn -0.4807 -0.5256 -0.7019
vn -0.4551 -0.5244 -0.7196
vn -0.5806 -0.4971 0.6448
vn -0.5734 -0.4860 0.6596
vn -0.5593 -0.4776 0.6775
vn -0.5403 -0.4712 0.6972
vn -0.5180 -0.4661 0.7172
vn -0.4937 -0.4620 0.7367
vn -0.2863 -0.1974 0.9376
vn -0.2750 -0.1904 0.9424
vn -0.2618 -0.1835 0.9475
vn -0.2478 -0.1770 0.9525
vn -0.2338 -0.1707 0.9572
vn -0.2204 -0.1648 0.9614
vn -0.1750 -0.0908 0.9804
vn -0.1655 -0.0877 0.9823
vn -0.1563 -0.0843 0.9841
vn -0.1476 -0.0807 0.9857
vn -0.1397 -0.0771 0.9872
vn -0.1327 -0.0735 0.9884
vn -0.0453 -0.1479 -0.9880
vn -0.0532 -0.1408 -0.9886
vn -0.0559 -0.1348 -0.9893
vn -0.0549 -0.1297 -0.9900
vn -0.0512 -0.1255 -0.9908
vn -0.0459 -0.1221 -0.9915
vn -0.0396 -0.1194 -0.9921
vn -0.0326 -0.1174 -0.9925
vn -0.0737 -0.1602 -0.9843
vn -0.1565 -0.2466 -0.9564
vn -0.4271 -0.5244 -0.7366
vn -0.4685 -0.4585 0.7552
vn -0.2078 -0.1593 0.9651
vn -0.1266 -0.0700 0.9895
vn -0.0865 -0.0261 0.9959
vn -0.0893 -0.0285 0.9956
vn -0.0930 -0.0307 0.9952
vn -0.0975 -0.0328 0.9947
vn -0.1031 -0.0346 0.9941
vn -0.1099 -0.0360 0.9933
vn -0.1179 -0.0370 0.9923
vn -0.1273 -0.0373 0.9912
vn -0.1842 -0.0935 0.9784
vn -0.2942 -0.2045 0.9336
vn -0.5782 -0.5122 0.6351
vn -0.5171 -0.5752 -0.6338
vn -0.2143 -0.3064 -0.9275
vn -0.1024 -0.2021 -0.9740
vn 0.1179 0.1308 -0.9844
vn 0.1064 0.1396 -0.9845
vn 0.0611 0.1624 -0.9848
vn -0.0429 0.2113 -0.9765
vn -0.2172 0.2908 -0.9318
vn -0.4364 0.3825 -0.8144
vn 0.1635 0.2745 -0.9476
vn 0.1398 0.2892 -0.9470
vn 0.0593 0.3244 -0.9440
vn -0.1152 0.3901 -0.9136
vn -0.3709 0.4673 -0.8025
vn -0.5942 0.5089 -0.6229
vn 0.2834 0.6768 -0.6795
vn 0.2205 0.7013 -0.6779
vn 0.0381 0.7443 -0.6667
vn -0.2804 0.7551 -0.5926
vn -0.5719 0.6859 -0.4499
vn -0.7205 0.6071 -0.3351
vn 0.2217 0.7556 0.6163
vn 0.1478 0.7883 0.5973
vn -0.0497 0.8427 0.5360
vn -0.3775 0.8471 0.3742
vn -0.6477 0.7447 0.1608
vn -0.7679 0.6403 0.0194
vn 0.0721 0.3838 0.9206
vn 0.0303 0.4060 0.9134
vn -0.0750 0.4536 0.8880
vn -0.2779 0.5309 0.8006
vn -0.5397 0.5971 0.5935
vn -0.7247 0.6011 0.3368
vn 0.0203 0.2449 0.9693
vn -0.0110 0.2608 0.9653
vn -0.0826 0.2949 0.9520
vn -0.2187 0.3581 0.9077
vn -0.4194 0.4453 0.7911
vn -0.6278 0.5191 0.5800
vn 0.0895 0.0563 -0.9944
vn 0.0948 0.0577 -0.9938
vn 0.0889 0.0633 -0.9940
vn 0.0603 0.0790 -0.9951
vn -0.0073 0.1137 -0.9935
vn -0.1227 0.1732 -0.9772
vn -0.2926 0.2602 -0.9202
vn -0.4652 0.3457 -0.8149
vn -0.5941 0.4356 -0.6762
vn -0.7019 0.5114 -0.4957
vn -0.7763 0.5637 -0.2821
vn -0.8090 0.5863 -0.0426
vn -0.7961 0.5769 0.1825
vn -0.7460 0.5414 0.3877
vn -0.6668 0.4864 0.5647
vn -0.5186 0.4224 0.7434
vn -0.3360 0.3350 0.8803
vn -0.1886 0.2620 0.9465
vn -0.0888 0.2132 0.9730
vn -0.0335 0.1868 0.9818
vn -0.0068 0.1740 0.9847
vn 0.0037 0.1679 0.9858
vn 0.0297 0.2377 0.9709
vn 0.0804 0.3745 0.9237
vn 0.2299 0.7457 0.6254
vn 0.2836 0.6698 -0.6863
vn 0.1588 0.2692 -0.9499
vn 0.1128 0.1279 -0.9853
vn -0.7413 0.3610 0.5658
vn -0.1280 0.4266 0.8953
vn -0.2709 0.8569 -0.4386
vn 0.0422 0.8828 -0.4679
vn 0.0212 0.8661 -0.4995
vn -0.0831 0.9956 0.0435
vn -0.1555 0.9835 0.0929
vn 0.1998 -0.0236 0.9796
vn 0.1169 -0.8155 -0.5668
vn 0.1226 -0.7592 0.6393
vn -0.1682 -0.6995 0.6946
vn -0.5810 -0.0294 -0.8134
vn -0.5504 -0.1079 -0.8279
vn -0.1501 -0.0150 -0.9886
vn 0.6776 0.1479 -0.7204
vn 0.2692 0.1167 0.9560
vn 0.0692 0.0740 0.9949
vn 0.3281 0.1198 -0.9370
vn 0.1714 0.9307 -0.3232
vn 0.2360 0.7603 0.6052
vn 0.1010 0.8682 -0.4858
vn -0.0699 -0.8022 -0.5930
vn -0.0895 -0.7690 0.6330
vn -0.4521 -0.6572 -0.6030
vn -0.4717 -0.6241 0.6230
vn -0.7105 -0.3407 -0.6157
vn -0.7301 -0.3075 0.6103
vn -0.7760 0.0628 -0.6277
vn -0.7955 0.0960 0.5983
vn -0.6308 0.4449 -0.6357
vn -0.6504 0.4781 0.5903
vn -0.3141 0.7034 -0.6376
vn -0.3336 0.7366 0.5883
vn 0.0895 0.7690 -0.6330
vn 0.0699 0.8022 0.5930
vn 0.4717 0.6241 -0.6230
vn 0.4521 0.6572 0.6030
vn 0.7301 0.3075 -0.6103
vn 0.7105 0.3407 0.6157
vn 0.7955 -0.0959 -0.5983
vn 0.7759 -0.0628 0.6277
vn 0.6504 -0.4781 -0.5903
vn 0.6308 -0.4449 0.6357
vn 0.3336 -0.7366 -0.5883
vn 0.3140 -0.7034 0.6376
vn -0.2397 -0.6800 -0.6929
vn -0.2623 -0.6418 0.7206
vn -0.1009 -0.9946 0.0253
vn -0.5848 -0.8111 0.0126
vn -0.5366 -0.4662 -0.7034
vn -0.5591 -0.4279 0.7101
vn -0.9120 -0.4103 -0.0035
vn -0.6866 -0.1325 -0.7148
vn -0.7092 -0.0943 0.6987
vn -0.9948 0.1005 -0.0186
vn -0.6497 0.2315 -0.7241
vn -0.6722 0.2698 0.6894
vn -0.8110 0.5843 -0.0288
vn -0.4356 0.5284 -0.7287
vn -0.4582 0.5666 0.6848
vn -0.4100 0.9116 -0.0312
vn -0.1018 0.6786 -0.7274
vn -0.1244 0.7168 0.6861
vn 0.1009 0.9946 -0.0253
vn 0.2623 0.6418 -0.7206
vn 0.2397 0.6800 0.6929
vn 0.5848 0.8111 -0.0126
vn 0.5591 0.4279 -0.7101
vn 0.5366 0.4662 0.7034
vn 0.9120 0.4103 0.0035
vn 0.7092 0.0943 -0.6987
vn 0.6866 0.1325 0.7148
vn 0.9948 -0.1005 0.0186
vn 0.6723 -0.2698 -0.6894
vn 0.6497 -0.2315 0.7241
vn 0.8110 -0.5843 0.0288
vn 0.4582 -0.5666 -0.6848
vn 0.4356 -0.5284 0.7287
vn 0.4100 -0.9116 0.0312
vn 0.1244 -0.7168 -0.6861
vn 0.1018 -0.6786 0.7274
vn 0.0160 -0.0271 -0.9995
vn -0.3549 -0.9347 0.0196
vn 0.1600 -0.9867 0.0293
vn -0.0160 0.0271 0.9995
vn -0.7748 -0.6322 0.0047
vn -0.9870 -0.1604 -0.0114
vn -0.9347 0.3545 -0.0245
vn -0.6320 0.7743 -0.0310
vn -0.1600 0.9867 -0.0293
vn 0.3549 0.9347 -0.0196
vn 0.7748 0.6322 -0.0047
vn 0.9870 0.1604 0.0114
vn 0.9347 -0.3545 0.0245
vn 0.6320 -0.7743 0.0310
vt 0.236505 0.700685
vt 0.317831 0.700695
vt 0.318691 0.742095
vt 0.237746 0.742016
vt 0.406964 0.700704
vt 0.407404 0.742175
vt 0.500000 0.700709
vt 0.500000 0.742211
vt 0.593036 0.700704
vt 0.592596 0.742175
vt 0.682169 0.700695
vt 0.681309 0.742095
vt 0.763495 0.700684
vt 0.762254 0.742016
vt 0.321025 0.781749
vt 0.241112 0.781481
vt 0.408597 0.782018
vt 0.500000 0.782140
vt 0.591403 0.782018
vt 0.678975 0.781749
vt 0.758888 0.781481
vt 0.325569 0.818707
vt 0.247667 0.818070
vt 0.410922 0.819344
vt 0.500000 0.819634
vt 0.589078 0.819344
vt 0.674431 0.818707
vt 0.752333 0.818070
vt 0.332649 0.852109
vt 0.258016 0.850841
vt 0.414513 0.853350
vt 0.500000 0.853906
vt 0.585487 0.853350
vt 0.667351 0.852109
vt 0.741984 0.850841
vt 0.340939 0.881459
vt 0.270932 0.879119
vt 0.418540 0.883582
vt 0.500000 0.884488
vt 0.581460 0.883582
vt 0.659061 0.881459
vt 0.729069 0.879119
vt 0.348386 0.906395
vt 0.283943 0.902346
vt 0.421892 0.909682
vt 0.500000 0.910988
vt 0.578108 0.909682
vt 0.651614 0.906395
vt 0.716057 0.902346
vt 0.166667 0.658497
vt 0.236328 0.658497
vt 0.166890 0.700680
vt 0.317708 0.658497
vt 0.406901 0.658497
vt 0.500000 0.658497
vt 0.593099 0.658497
vt 0.682292 0.658497
vt 0.763672 0.658497
vt 0.833333 0.658497
vt 0.833110 0.700680
vt 0.831549 0.741980
vt 0.827311 0.781359
vt 0.819059 0.817780
vt 0.805840 0.850257
vt 0.788251 0.877996
vt 0.767782 0.900126
vt 0.750000 0.914216
vt 0.709425 0.920241
vt 0.648325 0.926729
vt 0.576700 0.931310
vt 0.500000 0.933014
vt 0.423300 0.931310
vt 0.351675 0.926729
vt 0.290575 0.920241
vt 0.232218 0.900126
vt 0.250000 0.914216
vt 0.211749 0.877996
vt 0.194160 0.850257
vt 0.180941 0.817780
vt 0.172689 0.781359
vt 0.168451 0.741980
vt 0.236328 0.182041
vt 0.317708 0.182041
vt 0.317708 0.202653
vt 0.236328 0.202653
vt 0.406901 0.182041
vt 0.406901 0.202653
vt 0.500000 0.182041
vt 0.500000 0.202653
vt 0.593099 0.182041
vt 0.593099 0.202653
vt 0.682292 0.182041
vt 0.682292 0.202653
vt 0.763672 0.182041
vt 0.763672 0.202653
vt 0.317708 0.223934
vt 0.236328 0.223934
vt 0.406901 0.223934
vt 0.500000 0.223934
vt 0.593099 0.223934
vt 0.682292 0.223934
vt 0.763672 0.223934
vt 0.317708 0.246221
vt 0.236328 0.246221
vt 0.406901 0.246221
vt 0.500000 0.246221
vt 0.593099 0.246221
vt 0.682292 0.246221
vt 0.763672 0.246221
vt 0.317708 0.269849
vt 0.236328 0.269849
vt 0.406901 0.269849
vt 0.500000 0.269849
vt 0.593099 0.269849
vt 0.682292 0.269849
vt 0.763672 0.269849
vt 0.317708 0.295152
vt 0.236328 0.295152
vt 0.406901 0.295152
vt 0.500000 0.295152
vt 0.593099 0.295152
vt 0.682292 0.295152
vt 0.763672 0.295152
vt 0.317708 0.322465
vt 0.236328 0.322465
vt 0.406901 0.322465
vt 0.500000 0.322465
vt 0.593099 0.322465
vt 0.682292 0.322465
vt 0.763672 0.322465
vt 0.166667 0.161765
vt 0.236328 0.161765
vt 0.166667 0.182041
vt 0.317708 0.161765
vt 0.406901 0.161765
vt 0.500000 0.161765
vt 0.593099 0.161765
vt 0.682292 0.161765
vt 0.763672 0.161765
vt 0.833333 0.161765
vt 0.833333 0.182041
vt 0.833333 0.202653
vt 0.833333 0.223934
vt 0.833333 0.246221
vt 0.833333 0.269849
vt 0.833333 0.295152
vt 0.833333 0.322465
vt 0.833333 0.352124
vt 0.763672 0.352124
vt 0.682292 0.352124
vt 0.593099 0.352124
vt 0.500000 0.352124
vt 0.406901 0.352124
vt 0.317708 0.352124
vt 0.236328 0.352124
vt 0.166667 0.322465
vt 0.166667 0.352124
vt 0.166667 0.295152
vt 0.166667 0.269849
vt 0.166667 0.246221
vt 0.166667 0.223934
vt 0.166667 0.202653
vt 0.236328 0.384356
vt 0.317708 0.384356
vt 0.317708 0.418952
vt 0.236328 0.418952
vt 0.406901 0.384356
vt 0.406901 0.418952
vt 0.500000 0.384356
vt 0.500000 0.418952
vt 0.593099 0.384356
vt 0.593099 0.418952
vt 0.682292 0.384356
vt 0.682292 0.418952
vt 0.763672 0.384356
vt 0.763672 0.418952
vt 0.317708 0.455597
vt 0.236328 0.455597
vt 0.406901 0.455597
vt 0.500000 0.455597
vt 0.593099 0.455597
vt 0.682292 0.455597
vt 0.763672 0.455597
vt 0.317708 0.493975
vt 0.236328 0.493975
vt 0.406901 0.493975
vt 0.500000 0.493975
vt 0.593099 0.493975
vt 0.682292 0.493975
vt 0.763672 0.493975
vt 0.317708 0.533770
vt 0.236328 0.533770
vt 0.406901 0.533770
vt 0.500000 0.533770
vt 0.593099 0.533770
vt 0.682292 0.533770
vt 0.763672 0.533770
vt 0.317708 0.574666
vt 0.236328 0.574666
vt 0.406901 0.574666
vt 0.500000 0.574666
vt 0.593099 0.574666
vt 0.682292 0.574666
vt 0.763672 0.574666
vt 0.317708 0.616347
vt 0.236328 0.616347
vt 0.406901 0.616347
vt 0.500000 0.616347
vt 0.593099 0.616347
vt 0.682292 0.616347
vt 0.763672 0.616347
vt 0.166667 0.384356
vt 0.833333 0.384356
vt 0.833333 0.418952
vt 0.833333 0.455597
vt 0.833333 0.493975
vt 0.833333 0.533770
vt 0.833333 0.574666
vt 0.833333 0.616347
vt 0.166667 0.616347
vt 0.166667 0.574666
vt 0.166667 0.533770
vt 0.166667 0.493975
vt 0.166667 0.455597
vt 0.166667 0.418952
vt 0.283944 0.046039
vt 0.348386 0.044130
vt 0.340939 0.055896
vt 0.270932 0.056999
vt 0.421892 0.042580
vt 0.418540 0.054895
vt 0.500000 0.041964
vt 0.500000 0.054468
vt 0.578108 0.042580
vt 0.581460 0.054895
vt 0.651614 0.044130
vt 0.659061 0.055896
vt 0.716057 0.046039
vt 0.729069 0.056999
vt 0.332649 0.069761
vt 0.258016 0.070359
vt 0.414513 0.069176
vt 0.500000 0.068913
vt 0.585487 0.069176
vt 0.667351 0.069761
vt 0.741984 0.070359
vt 0.325569 0.085563
vt 0.247667 0.085863
vt 0.410922 0.085263
vt 0.500000 0.085126
vt 0.589078 0.085263
vt 0.674431 0.085563
vt 0.752333 0.085863
vt 0.321025 0.103078
vt 0.241112 0.103204
vt 0.408597 0.102951
vt 0.500000 0.102893
vt 0.591403 0.102951
vt 0.678975 0.103078
vt 0.758888 0.103204
vt 0.318691 0.121909
vt 0.237746 0.121946
vt 0.407404 0.121871
vt 0.500000 0.121854
vt 0.592596 0.121871
vt 0.681309 0.121909
vt 0.762255 0.121946
vt 0.317831 0.141617
vt 0.236505 0.141622
vt 0.406964 0.141613
vt 0.500000 0.141610
vt 0.593036 0.141613
vt 0.682169 0.141617
vt 0.763495 0.141622
vt 0.250000 0.040441
vt 0.290575 0.037601
vt 0.232218 0.047085
vt 0.351675 0.034542
vt 0.423300 0.032382
vt 0.500000 0.031579
vt 0.576700 0.032382
vt 0.648325 0.034542
vt 0.709425 0.037601
vt 0.750000 0.040441
vt 0.767782 0.047085
vt 0.788251 0.057528
vt 0.805840 0.070634
vt 0.819059 0.086000
vt 0.827311 0.103262
vt 0.831549 0.121963
vt 0.833110 0.141624
vt 0.166890 0.141624
vt 0.168451 0.121963
vt 0.172689 0.103262
vt 0.180941 0.086000
vt 0.194160 0.070634
vt 0.211749 0.057528
vt 0.125000 0.700122
vt 0.125000 0.742840
vt 0.250000 0.743001
vt 0.250000 0.700394
vt 0.125000 0.785640
vt 0.250000 0.785727
vt 0.125000 0.828481
vt 0.250000 0.828525
vt 0.125000 0.871345
vt 0.250000 0.871363
vt 0.125000 0.914222
vt 0.250000 0.914227
vt 0.125000 0.957109
vt 0.250000 0.957109
vt 0.375000 0.743105
vt 0.375000 0.700551
vt 0.375000 0.785787
vt 0.375000 0.828556
vt 0.375000 0.871376
vt 0.375000 0.914231
vt 0.375000 0.957110
vt 0.500000 0.743141
vt 0.500000 0.700600
vt 0.500000 0.785810
vt 0.500000 0.828568
vt 0.500000 0.871381
vt 0.500000 0.914233
vt 0.500000 0.957110
vt 0.625000 0.743105
vt 0.625000 0.700550
vt 0.625000 0.785787
vt 0.625000 0.828556
vt 0.625000 0.871376
vt 0.625000 0.914231
vt 0.625000 0.957110
vt 0.750000 0.743001
vt 0.750000 0.700394
vt 0.750000 0.785727
vt 0.750000 0.828525
vt 0.750000 0.871363
vt 0.750000 0.914228
vt 0.750000 0.957109
vt 0.875000 0.742840
vt 0.875000 0.700122
vt 0.875000 0.785640
vt 0.875000 0.828481
vt 0.875000 0.871345
vt 0.875000 0.914222
vt 0.875000 0.957109
vt 0.000000 0.656863
vt 0.000000 0.699755
vt 0.125000 0.657633
vt 0.000000 0.742647
vt 0.000000 0.785539
vt 0.000000 0.828431
vt 0.000000 0.871324
vt 0.000000 0.914216
vt 0.000000 0.957108
vt 0.000000 1.000000
vt 0.125000 1.000000
vt 0.250000 1.000000
vt 0.375000 1.000000
vt 0.500000 1.000000
vt 0.625000 1.000000
vt 0.750000 1.000000
vt 0.875000 1.000000
vt 1.000000 1.000000
vt 1.000000 0.957108
vt 1.000000 0.914216
vt 1.000000 0.871324
vt 1.000000 0.828431
vt 1.000000 0.785539
vt 1.000000 0.742647
vt 1.000000 0.699755
vt 0.875000 0.657633
vt 1.000000 0.656863
vt 0.750000 0.657986
vt 0.625000 0.658169
vt 0.500000 0.658224
vt 0.375000 0.658169
vt 0.250000 0.657986
vt 0.125000 0.181999
vt 0.125000 0.202315
vt 0.250000 0.202411
vt 0.250000 0.182011
vt 0.125000 0.222796
vt 0.250000 0.223118
vt 0.125000 0.243522
vt 0.250000 0.244285
vt 0.125000 0.264629
vt 0.250000 0.266151
vt 0.125000 0.286460
vt 0.250000 0.289288
vt 0.125000 0.309728
vt 0.250000 0.314500
vt 0.375000 0.202478
vt 0.375000 0.182019
vt 0.375000 0.223345
vt 0.375000 0.244825
vt 0.375000 0.267204
vt 0.375000 0.291100
vt 0.375000 0.317231
vt 0.500000 0.202504
vt 0.500000 0.182023
vt 0.500000 0.223432
vt 0.500000 0.245030
vt 0.500000 0.267596
vt 0.500000 0.291726
vt 0.500000 0.318090
vt 0.625000 0.202478
vt 0.625000 0.182019
vt 0.625000 0.223345
vt 0.625000 0.244825
vt 0.625000 0.267204
vt 0.625000 0.291100
vt 0.625000 0.317231
vt 0.750000 0.202411
vt 0.750000 0.182011
vt 0.750000 0.223118
vt 0.750000 0.244285
vt 0.750000 0.266151
vt 0.750000 0.289288
vt 0.750000 0.314500
vt 0.875000 0.202315
vt 0.875000 0.181999
vt 0.875000 0.222796
vt 0.875000 0.243522
vt 0.875000 0.264629
vt 0.875000 0.286460
vt 0.875000 0.309728
vt 0.000000 0.161765
vt 0.000000 0.181985
vt 0.125000 0.161765
vt 0.000000 0.202206
vt 0.000000 0.222426
vt 0.000000 0.242647
vt 0.000000 0.262868
vt 0.000000 0.283088
vt 0.000000 0.303309
vt 0.000000 0.323529
vt 0.125000 0.337008
vt 0.250000 0.343188
vt 0.375000 0.346390
vt 0.500000 0.347358
vt 0.625000 0.346390
vt 0.750000 0.343188
vt 0.875000 0.337008
vt 1.000000 0.323529
vt 1.000000 0.303309
vt 1.000000 0.283088
vt 1.000000 0.262868
vt 1.000000 0.242647
vt 1.000000 0.222427
vt 1.000000 0.202206
vt 1.000000 0.181985
vt 0.875000 0.161765
vt 1.000000 0.161765
vt 0.750000 0.161765
vt 0.625000 0.161765
vt 0.500000 0.161765
vt 0.375000 0.161765
vt 0.250000 0.161765
vt 0.125000 0.371616
vt 0.125000 0.410241
vt 0.250000 0.413074
vt 0.250000 0.376388
vt 0.125000 0.450312
vt 0.250000 0.451852
vt 0.125000 0.491121
vt 0.250000 0.491928
vt 0.125000 0.532332
vt 0.250000 0.532742
vt 0.125000 0.573831
vt 0.250000 0.574088
vt 0.125000 0.615577
vt 0.250000 0.615861
vt 0.375000 0.414890
vt 0.375000 0.379120
vt 0.375000 0.452919
vt 0.375000 0.492499
vt 0.375000 0.533030
vt 0.375000 0.574260
vt 0.375000 0.616026
vt 0.500000 0.415518
vt 0.500000 0.379980
vt 0.500000 0.453315
vt 0.500000 0.492715
vt 0.500000 0.533138
vt 0.500000 0.574321
vt 0.500000 0.616078
vt 0.625000 0.414890
vt 0.625000 0.379120
vt 0.625000 0.452919
vt 0.625000 0.492499
vt 0.625000 0.533029
vt 0.625000 0.574260
vt 0.625000 0.616026
vt 0.750000 0.413074
vt 0.750000 0.376388
vt 0.750000 0.451852
vt 0.750000 0.491928
vt 0.750000 0.532742
vt 0.750000 0.574089
vt 0.750000 0.615861
vt 0.875000 0.410241
vt 0.875000 0.371616
vt 0.875000 0.450312
vt 0.875000 0.491121
vt 0.875000 0.532333
vt 0.875000 0.573832
vt 0.875000 0.615577
vt 0.000000 0.365196
vt 0.000000 0.406863
vt 0.000000 0.448529
vt 0.000000 0.490196
vt 0.000000 0.531863
vt 0.000000 0.573529
vt 0.000000 0.615196
vt 1.000000 0.615196
vt 1.000000 0.573530
vt 1.000000 0.531863
vt 1.000000 0.490196
vt 1.000000 0.448529
vt 1.000000 0.406863
vt 1.000000 0.365196
vt 0.125000 0.020221
vt 0.125000 0.040441
vt 0.250000 0.040441
vt 0.250000 0.020221
vt 0.125000 0.060662
vt 0.250000 0.060662
vt 0.125000 0.080882
vt 0.250000 0.080882
vt 0.125000 0.101103
vt 0.250000 0.101103
vt 0.125000 0.121324
vt 0.250000 0.121324
vt 0.125000 0.141544
vt 0.250000 0.141544
vt 0.375000 0.040441
vt 0.375000 0.020221
vt 0.375000 0.060662
vt 0.375000 0.080882
vt 0.375000 0.101103
vt 0.375000 0.121324
vt 0.375000 0.141544
vt 0.500000 0.040441
vt 0.500000 0.020221
vt 0.500000 0.060662
vt 0.500000 0.080882
vt 0.500000 0.101103
vt 0.500000 0.121324
vt 0.500000 0.141544
vt 0.625000 0.040441
vt 0.625000 0.020221
vt 0.625000 0.060662
vt 0.625000 0.080882
vt 0.625000 0.101103
vt 0.625000 0.121324
vt 0.625000 0.141544
vt 0.750000 0.040441
vt 0.750000 0.020221
vt 0.750000 0.060662
vt 0.750000 0.080882
vt 0.750000 0.101103
vt 0.750000 0.121324
vt 0.750000 0.141544
vt 0.875000 0.040441
vt 0.875000 0.020221
vt 0.875000 0.060662
vt 0.875000 0.080882
vt 0.875000 0.101103
vt 0.875000 0.121324
vt 0.875000 0.141544
vt 0.000000 0.000000
vt 0.000000 0.020221
vt 0.125000 0.000000
vt 0.000000 0.040441
vt 0.000000 0.060662
vt 0.000000 0.080882
vt 0.000000 0.101103
vt 0.000000 0.121324
vt 0.000000 0.141544
vt 1.000000 0.141544
vt 1.000000 0.121324
vt 1.000000 0.101103
vt 1.000000 0.080882
vt 1.000000 0.060662
vt 1.000000 0.040441
vt 1.000000 0.020221
vt 0.875000 0.000000
vt 1.000000 0.000000
vt 0.750000 0.000000
vt 0.625000 0.000000
vt 0.500000 0.000000
vt 0.375000 0.000000
vt 0.250000 0.000000
vt 0.194054 0.045978
vt 0.165428 0.056953
vt 0.129724 0.055528
vt 0.163990 0.043642
vt 0.143612 0.070329
vt 0.104914 0.069524
vt 0.128135 0.085848
vt 0.088059 0.085438
vt 0.118607 0.103198
vt 0.077799 0.103025
vt 0.113714 0.121944
vt 0.072531 0.121893
vt 0.111911 0.141622
vt 0.070590 0.141615
vt 0.101523 0.053654
vt 0.138336 0.040933
vt 0.075635 0.068376
vt 0.058546 0.084841
vt 0.048223 0.102773
vt 0.042922 0.121818
vt 0.040969 0.141606
vt 0.078511 0.051527
vt 0.115439 0.038061
vt 0.053446 0.067017
vt 0.037423 0.084128
vt 0.027832 0.102472
vt 0.022907 0.121729
vt 0.021093 0.141595
vt 0.058580 0.049236
vt 0.093502 0.034994
vt 0.036197 0.065551
vt 0.022624 0.083357
vt 0.014626 0.102147
vt 0.010518 0.121633
vt 0.009005 0.141583
vt 0.039653 0.046654
vt 0.068887 0.031260
vt 0.022374 0.063995
vt 0.012490 0.082552
vt 0.006775 0.101807
vt 0.003840 0.121532
vt 0.002759 0.141570
vt 0.020093 0.043666
vt 0.037874 0.026334
vt 0.010670 0.062352
vt 0.005468 0.081723
vt 0.002495 0.101458
vt 0.000968 0.121429
vt 0.000406 0.141557
vt 0.232001 0.037530
vt 0.111654 0.161765
vt 0.070313 0.161765
vt 0.040690 0.161765
vt 0.020833 0.161765
vt 0.008789 0.161765
vt 0.002604 0.161765
vt 0.000326 0.161765
vt 0.078999 0.012779
vt 0.118104 0.019105
vt 0.145128 0.023477
vt 0.167052 0.027023
vt 0.188301 0.030460
vt 0.210013 0.033973
vt 0.716255 0.031433
vt 0.651763 0.027094
vt 0.660255 0.021344
vt 0.730655 0.026573
vt 0.578188 0.024356
vt 0.582098 0.018182
vt 0.500000 0.023394
vt 0.500000 0.017116
vt 0.421812 0.024356
vt 0.417902 0.018182
vt 0.348237 0.027094
vt 0.339745 0.021344
vt 0.283745 0.031433
vt 0.269345 0.026573
vt 0.671380 0.016784
vt 0.747340 0.022423
vt 0.587639 0.013454
vt 0.500000 0.012359
vt 0.412361 0.013454
vt 0.328621 0.016784
vt 0.252661 0.022423
vt 0.683980 0.013036
vt 0.765028 0.018716
vt 0.594178 0.009778
vt 0.500000 0.008737
vt 0.405822 0.009778
vt 0.316020 0.013036
vt 0.234972 0.018716
vt 0.697544 0.009756
vt 0.783911 0.015160
vt 0.601231 0.006800
vt 0.500000 0.005898
vt 0.398769 0.006800
vt 0.302456 0.009756
vt 0.216089 0.015160
vt 0.712885 0.006614
vt 0.806919 0.011168
vt 0.608750 0.004294
vt 0.500000 0.003620
vt 0.391250 0.004294
vt 0.287115 0.006614
vt 0.193081 0.011168
vt 0.730712 0.003354
vt 0.837288 0.006140
vt 0.616743 0.002077
vt 0.500000 0.001716
vt 0.383257 0.002077
vt 0.269288 0.003354
vt 0.162712 0.006140
vt 0.767999 0.037530
vt 0.921001 0.012779
vt 0.881896 0.019105
vt 0.854872 0.023477
vt 0.832948 0.027023
vt 0.811699 0.030460
vt 0.789987 0.033973
vt 0.805946 0.902475
vt 0.834572 0.879216
vt 0.870276 0.882238
vt 0.836010 0.907430
vt 0.856388 0.850903
vt 0.895086 0.852610
vt 0.871865 0.818102
vt 0.911941 0.818968
vt 0.881394 0.781494
vt 0.922201 0.781853
vt 0.886286 0.742018
vt 0.927469 0.742116
vt 0.888089 0.700683
vt 0.929410 0.700683
vt 0.898477 0.886212
vt 0.861664 0.913175
vt 0.924365 0.855041
vt 0.941455 0.820223
vt 0.951777 0.782368
vt 0.957078 0.742245
vt 0.959031 0.700666
vt 0.921489 0.890722
vt 0.884561 0.919268
vt 0.946554 0.857915
vt 0.962577 0.821718
vt 0.972168 0.782970
vt 0.977093 0.742378
vt 0.978908 0.700617
vt 0.941420 0.895577
vt 0.906498 0.925772
vt 0.963803 0.861012
vt 0.977376 0.823321
vt 0.985375 0.783599
vt 0.989482 0.742490
vt 0.990995 0.700521
vt 0.960347 0.901050
vt 0.931113 0.933693
vt 0.977627 0.864295
vt 0.987510 0.824988
vt 0.993225 0.784241
vt 0.996160 0.742571
vt 0.997241 0.700355
vt 0.979907 0.907381
vt 0.962126 0.944140
vt 0.989330 0.867760
vt 0.994533 0.826699
vt 0.997505 0.784889
vt 0.999032 0.742619
vt 0.999594 0.700096
vt 0.767999 0.920392
vt 0.888346 0.658495
vt 0.929688 0.658480
vt 0.959310 0.658439
vt 0.979167 0.658361
vt 0.991211 0.658227
vt 0.997396 0.658003
vt 0.999675 0.657635
vt 0.921001 0.972893
vt 0.881896 0.959474
vt 0.854872 0.950201
vt 0.832948 0.942678
vt 0.811699 0.935387
vt 0.789987 0.927937
vt 0.283745 0.933325
vt 0.348237 0.942529
vt 0.339745 0.954726
vt 0.269345 0.943634
vt 0.421812 0.948336
vt 0.417902 0.961431
vt 0.500000 0.950377
vt 0.500000 0.963694
vt 0.578188 0.948336
vt 0.582098 0.961431
vt 0.651763 0.942529
vt 0.660255 0.954726
vt 0.716255 0.933325
vt 0.730655 0.943634
vt 0.328621 0.964398
vt 0.252661 0.952436
vt 0.412361 0.971462
vt 0.500000 0.973784
vt 0.587639 0.971462
vt 0.671380 0.964398
vt 0.747340 0.952436
vt 0.316020 0.972349
vt 0.234972 0.960300
vt 0.405822 0.979259
vt 0.500000 0.981466
vt 0.594178 0.979259
vt 0.683980 0.972349
vt 0.765028 0.960300
vt 0.302456 0.979306
vt 0.216089 0.967842
vt 0.398769 0.985577
vt 0.500000 0.987490
vt 0.601231 0.985577
vt 0.697544 0.979306
vt 0.783911 0.967842
vt 0.287115 0.985970
vt 0.193081 0.976309
vt 0.391250 0.990892
vt 0.500000 0.992322
vt 0.608750 0.990892
vt 0.712885 0.985969
vt 0.806919 0.976309
vt 0.269288 0.992885
vt 0.162712 0.986977
vt 0.383257 0.995594
vt 0.500000 0.996360
vt 0.616743 0.995594
vt 0.730712 0.992885
vt 0.837288 0.986977
vt 0.232001 0.920392
vt 0.078999 0.972893
vt 0.118104 0.959474
vt 0.145128 0.950201
vt 0.167052 0.942678
vt 0.188301 0.935387
vt 0.210013 0.927937
vt 0.111911 0.700683
vt 0.113714 0.742018
vt 0.072531 0.742116
vt 0.070590 0.700683
vt 0.118607 0.781494
vt 0.077799 0.781853
vt 0.128135 0.818103
vt 0.088059 0.818968
vt 0.143612 0.850903
vt 0.104914 0.852610
vt 0.165428 0.879216
vt 0.129724 0.882238
vt 0.194054 0.902475
vt 0.163990 0.907430
vt 0.042922 0.742245
vt 0.040969 0.700666
vt 0.048223 0.782368
vt 0.058546 0.820223
vt 0.075635 0.855041
vt 0.101523 0.886212
vt 0.138336 0.913175
vt 0.022907 0.742378
vt 0.021093 0.700617
vt 0.027832 0.782970
vt 0.037423 0.821718
vt 0.053446 0.857915
vt 0.078511 0.890722
vt 0.115439 0.919268
vt 0.010518 0.742490
vt 0.009005 0.700521
vt 0.014626 0.783599
vt 0.022624 0.823321
vt 0.036197 0.861011
vt 0.058580 0.895577
vt 0.093502 0.925772
vt 0.003840 0.742571
vt 0.002759 0.700355
vt 0.006775 0.784241
vt 0.012490 0.824988
vt 0.022374 0.864295
vt 0.039653 0.901050
vt 0.068887 0.933693
vt 0.000968 0.742619
vt 0.000406 0.700096
vt 0.002495 0.784889
vt 0.005468 0.826699
vt 0.010670 0.867760
vt 0.020093 0.907381
vt 0.037874 0.944140
vt 0.111654 0.658495
vt 0.000326 0.657635
vt 0.002604 0.658003
vt 0.008789 0.658227
vt 0.020833 0.658361
vt 0.040690 0.658439
vt 0.070313 0.658480
vt 0.111654 0.384321
vt 0.111654 0.418925
vt 0.070313 0.418737
vt 0.070313 0.384082
vt 0.111654 0.455579
vt 0.070313 0.455454
vt 0.111654 0.493965
vt 0.070313 0.493896
vt 0.111654 0.533765
vt 0.070313 0.533730
vt 0.111654 0.574663
vt 0.070313 0.574644
vt 0.111654 0.616345
vt 0.070313 0.616330
vt 0.040690 0.418227
vt 0.040690 0.383433
vt 0.040690 0.455116
vt 0.040690 0.493709
vt 0.040690 0.533636
vt 0.040690 0.574593
vt 0.040690 0.616290
vt 0.020833 0.417235
vt 0.020833 0.382168
vt 0.020833 0.454456
vt 0.020833 0.493345
vt 0.020833 0.533454
vt 0.020833 0.574493
vt 0.020833 0.616212
vt 0.008789 0.415615
vt 0.008789 0.380044
vt 0.008789 0.453400
vt 0.008789 0.492764
vt 0.008789 0.533163
vt 0.008789 0.574332
vt 0.008789 0.616082
vt 0.002604 0.413288
vt 0.002604 0.376662
vt 0.002604 0.451995
vt 0.002604 0.492007
vt 0.002604 0.532781
vt 0.002604 0.574110
vt 0.002604 0.615878
vt 0.000326 0.410268
vt 0.000326 0.371651
vt 0.000326 0.450330
vt 0.000326 0.491131
vt 0.000326 0.532337
vt 0.000326 0.573834
vt 0.000326 0.615579
vt 0.111654 0.352087
vt 0.000326 0.337045
vt 0.002604 0.343486
vt 0.008789 0.347396
vt 0.020833 0.349741
vt 0.040690 0.351119
vt 0.070313 0.351826
vt 0.888346 0.322431
vt 0.888346 0.295125
vt 0.929688 0.294938
vt 0.929688 0.322192
vt 0.888346 0.269831
vt 0.929688 0.269708
vt 0.888346 0.246212
vt 0.929688 0.246147
vt 0.888346 0.223930
vt 0.929688 0.223903
vt 0.888346 0.202652
vt 0.929688 0.202643
vt 0.888346 0.182041
vt 0.929688 0.182040
vt 0.959310 0.294429
vt 0.959310 0.321542
vt 0.959310 0.269374
vt 0.959310 0.245970
vt 0.959310 0.223828
vt 0.959310 0.202621
vt 0.959310 0.182037
vt 0.979167 0.293439
vt 0.979167 0.320278
vt 0.979167 0.268723
vt 0.979167 0.245626
vt 0.979167 0.223683
vt 0.979167 0.202578
vt 0.979167 0.182032
vt 0.991211 0.291823
vt 0.991211 0.318154
vt 0.991211 0.267680
vt 0.991211 0.245077
vt 0.991211 0.223451
vt 0.991211 0.202510
vt 0.991211 0.182023
vt 0.997396 0.289502
vt 0.997396 0.314773
vt 0.997396 0.266292
vt 0.997396 0.244360
vt 0.997396 0.223149
vt 0.997396 0.202420
vt 0.997396 0.182012
vt 0.999675 0.286487
vt 0.999675 0.309762
vt 0.999675 0.264647
vt 0.999675 0.243531
vt 0.999675 0.222800
vt 0.999675 0.202316
vt 0.999674 0.181999
vt 0.888346 0.352087
vt 0.888346 0.161765
vt 0.929688 0.161765
vt 0.959310 0.161765
vt 0.979167 0.161765
vt 0.991211 0.161765
vt 0.997396 0.161765
vt 0.999675 0.161765
vt 0.999675 0.337045
vt 0.997396 0.343486
vt 0.991211 0.347396
vt 0.979167 0.349741
vt 0.959310 0.351119
vt 0.929688 0.351826
vt 0.888346 0.616345
vt 0.888346 0.574663
vt 0.929688 0.574644
vt 0.929688 0.616330
vt 0.888346 0.533765
vt 0.929688 0.533730
vt 0.888346 0.493965
vt 0.929688 0.493896
vt 0.888346 0.455579
vt 0.929688 0.455454
vt 0.888346 0.418925
vt 0.929688 0.418737
vt 0.888346 0.384321
vt 0.929688 0.384082
vt 0.959310 0.574593
vt 0.959310 0.616290
vt 0.959310 0.533636
vt 0.959310 0.493709
vt 0.959310 0.455116
vt 0.959310 0.418227
vt 0.959310 0.383433
vt 0.979167 0.574493
vt 0.979167 0.616212
vt 0.979167 0.533454
vt 0.979167 0.493345
vt 0.979167 0.454456
vt 0.979167 0.417235
vt 0.979167 0.382168
vt 0.991211 0.574332
vt 0.991211 0.616082
vt 0.991211 0.533163
vt 0.991211 0.492764
vt 0.991211 0.453400
vt 0.991211 0.415615
vt 0.991211 0.380044
vt 0.997396 0.574110
vt 0.997396 0.615878
vt 0.997396 0.532781
vt 0.997396 0.492007
vt 0.997396 0.451995
vt 0.997396 0.413288
vt 0.997396 0.376662
vt 0.999675 0.573834
vt 0.999675 0.615579
vt 0.999675 0.532337
vt 0.999675 0.491131
vt 0.999675 0.450330
vt 0.999675 0.410268
vt 0.999674 0.371650
vt 0.111654 0.182041
vt 0.111654 0.202652
vt 0.070313 0.202643
vt 0.070313 0.182040
vt 0.111654 0.223930
vt 0.070313 0.223903
vt 0.111654 0.246212
vt 0.070313 0.246147
vt 0.111654 0.269831
vt 0.070313 0.269708
vt 0.111654 0.295125
vt 0.070313 0.294938
vt 0.111654 0.322431
vt 0.070313 0.322192
vt 0.040690 0.202621
vt 0.040690 0.182037
vt 0.040690 0.223828
vt 0.040690 0.245970
vt 0.040690 0.269374
vt 0.040690 0.294429
vt 0.040690 0.321542
vt 0.020833 0.202578
vt 0.020833 0.182032
vt 0.020833 0.223683
vt 0.020833 0.245626
vt 0.020833 0.268723
vt 0.020833 0.293439
vt 0.020833 0.320278
vt 0.008789 0.202510
vt 0.008789 0.182023
vt 0.008789 0.223451
vt 0.008789 0.245076
vt 0.008789 0.267680
vt 0.008789 0.291823
vt 0.008789 0.318154
vt 0.002604 0.202420
vt 0.002604 0.182012
vt 0.002604 0.223149
vt 0.002604 0.244360
vt 0.002604 0.266292
vt 0.002604 0.289502
vt 0.002604 0.314773
vt 0.000326 0.202316
vt 0.000326 0.181999
vt 0.000326 0.222800
vt 0.000326 0.243531
vt 0.000326 0.264647
vt 0.000326 0.286487
vt 0.000326 0.309762
vt 0.888089 0.141622
vt 0.886286 0.121944
vt 0.927469 0.121893
vt 0.929410 0.141615
vt 0.881393 0.103198
vt 0.922201 0.103025
vt 0.871865 0.085848
vt 0.911941 0.085438
vt 0.856388 0.070329
vt 0.895086 0.069524
vt 0.834572 0.056953
vt 0.870276 0.055528
vt 0.805946 0.045978
vt 0.836010 0.043642
vt 0.957078 0.121818
vt 0.959031 0.141606
vt 0.951777 0.102773
vt 0.941455 0.084841
vt 0.924365 0.068376
vt 0.898477 0.053654
vt 0.861664 0.040933
vt 0.977093 0.121729
vt 0.978907 0.141595
vt 0.972168 0.102472
vt 0.962577 0.084128
vt 0.946554 0.067017
vt 0.921489 0.051527
vt 0.884561 0.038061
vt 0.989482 0.121633
vt 0.990995 0.141583
vt 0.985375 0.102147
vt 0.977376 0.083357
vt 0.963803 0.065551
vt 0.941420 0.049236
vt 0.906498 0.034994
vt 0.996160 0.121532
vt 0.997241 0.141570
vt 0.993225 0.101807
vt 0.987510 0.082552
vt 0.977627 0.063995
vt 0.960347 0.046654
vt 0.931113 0.031260
vt 0.999032 0.121429
vt 0.999594 0.141557
vt 0.997505 0.101458
vt 0.994533 0.081723
vt 0.989330 0.062352
vt 0.979907 0.043666
vt 0.962126 0.026334
vt 0.750000 0.464070
vt 0.725807 0.483518
vt 0.774193 0.483518
vt 0.250000 0.464070
vt 0.274193 0.483518
vt 0.225807 0.483518
vt 0.857035 0.435390
vt 0.845807 0.464328
vt 0.887710 0.440136
vt 0.357035 0.435390
vt 0.387710 0.440136
vt 0.345807 0.464329
vt 0.935390 0.357035
vt 0.940136 0.387710
vt 0.964328 0.345807
vt 0.435390 0.357035
vt 0.464329 0.345807
vt 0.440136 0.387710
vt 0.964070 0.250000
vt 0.983518 0.274193
vt 0.983518 0.225807
vt 0.464070 0.250000
vt 0.483518 0.225807
vt 0.483518 0.274193
vt 0.935390 0.142965
vt 0.964328 0.154193
vt 0.940136 0.112290
vt 0.435390 0.142965
vt 0.440136 0.112290
vt 0.464329 0.154193
vt 0.857035 0.064610
vt 0.887710 0.059864
vt 0.845807 0.035671
vt 0.357035 0.064610
vt 0.345807 0.035671
vt 0.387710 0.059864
vt 0.750000 0.035930
vt 0.774193 0.016482
vt 0.725807 0.016482
vt 0.250000 0.035930
vt 0.225807 0.016482
vt 0.274193 0.016482
vt 0.642965 0.064610
vt 0.654193 0.035671
vt 0.612290 0.059864
vt 0.142965 0.064610
vt 0.112290 0.059864
vt 0.154193 0.035671
vt 0.564610 0.142965
vt 0.559864 0.112290
vt 0.535672 0.154193
vt 0.064610 0.142965
vt 0.035671 0.154193
vt 0.059864 0.112290
vt 0.535930 0.250000
vt 0.516482 0.225807
vt 0.516482 0.274193
vt 0.035930 0.250000
vt 0.016482 0.274193
vt 0.016482 0.225807
vt 0.564610 0.357035
vt 0.535671 0.345807
vt 0.559864 0.387710
vt 0.064610 0.357035
vt 0.059864 0.387710
vt 0.035671 0.345807
vt 0.642965 0.435390
vt 0.612290 0.440136
vt 0.654193 0.464329
vt 0.142965 0.435390
vt 0.154193 0.464328
vt 0.112290 0.440136
vt 0.016801 0.620665
vt 0.016801 0.879335
vt 0.000000 0.879335
vt 0.000000 0.620665
vt 0.899866 0.879335
vt 0.899866 0.620665
vt 0.933467 0.620665
vt 0.933467 0.879335
vt 0.816533 0.879335
vt 0.816533 0.620665
vt 0.850134 0.620665
vt 0.850134 0.879335
vt 0.733199 0.879335
vt 0.733199 0.620665
vt 0.766801 0.620665
vt 0.766801 0.879335
vt 0.649866 0.879335
vt 0.649866 0.620665
vt 0.683467 0.620665
vt 0.683467 0.879335
vt 0.566533 0.879335
vt 0.566533 0.620665
vt 0.600134 0.620665
vt 0.600134 0.879335
vt 0.483199 0.879335
vt 0.483199 0.620665
vt 0.516801 0.620665
vt 0.516801 0.879335
vt 0.399866 0.879335
vt 0.399866 0.620665
vt 0.433467 0.620665
vt 0.433467 0.879335
vt 0.316533 0.879335
vt 0.316533 0.620665
vt 0.350134 0.620665
vt 0.350134 0.879335
vt 0.233200 0.879335
vt 0.233200 0.620665
vt 0.266801 0.620665
vt 0.266801 0.879335
vt 0.149866 0.879335
vt 0.149866 0.620665
vt 0.183467 0.620665
vt 0.183467 0.879335
vt 0.066533 0.879335
vt 0.066533 0.620665
vt 0.100134 0.620665
vt 0.100134 0.879335
vt 0.983199 0.620665
vt 0.983199 0.879335
s 0
usemtl 材质.001
f 1905/1/1 1906/2/1 1913/3/1 1912/4/1
f 1906/2/2 1907/5/2 1914/6/2 1913/3/2
f 1907/5/3 1908/7/3 1915/8/3 1914/6/3
f 1908/7/4 1909/9/4 1916/10/4 1915/8/4
f 1909/9/5 1910/11/5 1917/12/5 1916/10/5
f 1910/11/6 1911/13/6 1918/14/6 1917/12/6
f 1912/4/7 1913/3/7 1920/15/7 1919/16/7
f 1913/3/8 1914/6/8 1921/17/8 1920/15/8
f 1914/6/9 1915/8/9 1922/18/9 1921/17/9
f 1915/8/10 1916/10/10 1923/19/10 1922/18/10
f 1916/10/11 1917/12/11 1924/20/11 1923/19/11
f 1917/12/12 1918/14/12 1925/21/12 1924/20/12
f 1919/16/13 1920/15/13 1927/22/13 1926/23/13
f 1920/15/14 1921/17/14 1928/24/14 1927/22/14
f 1921/17/15 1922/18/15 1929/25/15 1928/24/15
f 1922/18/16 1923/19/16 1930/26/16 1929/25/16
f 1923/19/17 1924/20/17 1931/27/17 1930/26/17
f 1924/20/18 1925/21/18 1932/28/18 1931/27/18
f 1926/23/19 1927/22/19 1934/29/19 1933/30/19
f 1927/22/20 1928/24/20 1935/31/20 1934/29/20
f 1928/24/21 1929/25/21 1936/32/21 1935/31/21
f 1929/25/22 1930/26/22 1937/33/22 1936/32/22
f 1930/26/23 1931/27/23 1938/34/23 1937/33/23
f 1931/27/24 1932/28/24 1939/35/24 1938/34/24
f 1933/30/25 1934/29/25 1941/36/25 1940/37/25
f 1934/29/26 1935/31/26 1942/38/26 1941/36/26
f 1935/31/27 1936/32/27 1943/39/27 1942/38/27
f 1936/32/28 1937/33/28 1944/40/28 1943/39/28
f 1937/33/29 1938/34/29 1945/41/29 1944/40/29
f 1938/34/30 1939/35/30 1946/42/30 1945/41/30
f 1940/37/31 1941/36/31 1948/43/31 1947/44/31
f 1941/36/32 1942/38/32 1949/45/32 1948/43/32
f 1942/38/33 1943/39/33 1950/46/33 1949/45/33
f 1943/39/34 1944/40/34 1951/47/34 1950/46/34
f 1944/40/35 1945/41/35 1952/48/35 1951/47/35
f 1945/41/36 1946/42/36 1953/49/36 1952/48/36
f 5/50/37 210/51/37 1905/1/37 175/52/37
f 210/51/38 209/53/38 1906/2/38 1905/1/38
f 209/53/39 208/54/39 1907/5/39 1906/2/39
f 208/54/40 207/55/40 1908/7/40 1907/5/40
f 207/55/41 206/56/41 1909/9/41 1908/7/41
f 206/56/42 205/57/42 1910/11/42 1909/9/42
f 205/57/43 204/58/43 1911/13/43 1910/11/43
f 204/58/44 8/59/44 155/60/44 1911/13/44
f 1911/13/45 155/60/45 156/61/45 1918/14/45
f 1918/14/46 156/61/46 157/62/46 1925/21/46
f 1925/21/47 157/62/47 158/63/47 1932/28/47
f 1932/28/48 158/63/48 159/64/48 1939/35/48
f 1939/35/49 159/64/49 160/65/49 1946/42/49
f 1946/42/50 160/65/50 161/66/50 1953/49/50
f 1953/49/51 161/66/51 4/67/51 162/68/51
f 1952/48/52 1953/49/52 162/68/52 163/69/52
f 1951/47/53 1952/48/53 163/69/53 164/70/53
f 1950/46/54 1951/47/54 164/70/54 165/71/54
f 1949/45/55 1950/46/55 165/71/55 166/72/55
f 1948/43/56 1949/45/56 166/72/56 167/73/56
f 1947/44/57 1948/43/57 167/73/57 168/74/57
f 169/75/58 1947/44/58 168/74/58 3/76/58
f 170/77/59 1940/37/59 1947/44/59 169/75/59
f 171/78/60 1933/30/60 1940/37/60 170/77/60
f 172/79/61 1926/23/61 1933/30/61 171/78/61
f 173/80/62 1919/16/62 1926/23/62 172/79/62
f 174/81/63 1912/4/63 1919/16/63 173/80/63
f 175/52/64 1905/1/64 1912/4/64 174/81/64
f 1954/82/65 1955/83/65 1962/84/65 1961/85/65
f 1955/83/66 1956/86/66 1963/87/66 1962/84/66
f 1956/86/67 1957/88/67 1964/89/67 1963/87/67
f 1957/88/68 1958/90/68 1965/91/68 1964/89/68
f 1958/90/69 1959/92/69 1966/93/69 1965/91/69
f 1959/92/70 1960/94/70 1967/95/70 1966/93/70
f 1961/85/71 1962/84/71 1969/96/71 1968/97/71
f 1962/84/72 1963/87/72 1970/98/72 1969/96/72
f 1963/87/73 1964/89/73 1971/99/73 1970/98/73
f 1964/89/74 1965/91/74 1972/100/74 1971/99/74
f 1965/91/75 1966/93/75 1973/101/75 1972/100/75
f 1966/93/76 1967/95/76 1974/102/76 1973/101/76
f 1968/97/77 1969/96/77 1976/103/77 1975/104/77
f 1969/96/78 1970/98/78 1977/105/78 1976/103/78
f 1970/98/79 1971/99/79 1978/106/79 1977/105/79
f 1971/99/80 1972/100/80 1979/107/80 1978/106/80
f 1972/100/81 1973/101/81 1980/108/81 1979/107/81
f 1973/101/82 1974/102/82 1981/109/82 1980/108/82
f 1975/104/83 1976/103/83 1983/110/83 1982/111/83
f 1976/103/84 1977/105/84 1984/112/84 1983/110/84
f 1977/105/85 1978/106/85 1985/113/85 1984/112/85
f 1978/106/86 1979/107/86 1986/114/86 1985/113/86
f 1979/107/87 1980/108/87 1987/115/87 1986/114/87
f 1980/108/88 1981/109/88 1988/116/88 1987/115/88
f 1982/111/89 1983/110/89 1990/117/89 1989/118/89
f 1983/110/90 1984/112/90 1991/119/90 1990/117/90
f 1984/112/91 1985/113/91 1992/120/91 1991/119/91
f 1985/113/92 1986/114/92 1993/121/92 1992/120/92
f 1986/114/93 1987/115/93 1994/122/93 1993/121/93
f 1987/115/94 1988/116/94 1995/123/94 1994/122/94
f 1989/118/95 1990/117/95 1997/124/95 1996/125/95
f 1990/117/96 1991/119/96 1998/126/96 1997/124/96
f 1991/119/97 1992/120/97 1999/127/97 1998/126/97
f 1992/120/98 1993/121/98 2000/128/98 1999/127/98
f 1993/121/99 1994/122/99 2001/129/99 2000/128/99
f 1994/122/100 1995/123/100 2002/130/100 2001/129/100
f 9/131/101 231/132/101 1954/82/101 217/133/101
f 231/132/102 230/134/102 1955/83/102 1954/82/102
f 230/134/103 229/135/103 1956/86/103 1955/83/103
f 229/135/104 228/136/104 1957/88/104 1956/86/104
f 228/136/105 227/137/105 1958/90/105 1957/88/105
f 227/137/106 226/138/106 1959/92/106 1958/90/106
f 226/138/107 225/139/107 1960/94/107 1959/92/107
f 225/139/108 10/140/108 183/141/108 1960/94/108
f 1960/94/109 183/141/109 184/142/109 1967/95/109
f 1967/95/110 184/142/110 185/143/110 1974/102/110
f 1974/102/111 185/143/111 186/144/111 1981/109/111
f 1981/109/112 186/144/112 187/145/112 1988/116/112
f 1988/116/113 187/145/113 188/146/113 1995/123/113
f 1995/123/114 188/146/114 189/147/114 2002/130/114
f 2002/130/115 189/147/115 7/148/115 197/149/115
f 2001/129/116 2002/130/116 197/149/116 198/150/116
f 2000/128/117 2001/129/117 198/150/117 199/151/117
f 1999/127/118 2000/128/118 199/151/118 200/152/118
f 1998/126/119 1999/127/119 200/152/119 201/153/119
f 1997/124/120 1998/126/120 201/153/120 202/154/120
f 1996/125/121 1997/124/121 202/154/121 203/155/121
f 211/156/122 1996/125/122 203/155/122 6/157/122
f 212/158/123 1989/118/123 1996/125/123 211/156/123
f 213/159/124 1982/111/124 1989/118/124 212/158/124
f 214/160/125 1975/104/125 1982/111/125 213/159/125
f 215/161/126 1968/97/126 1975/104/126 214/160/126
f 216/162/127 1961/85/127 1968/97/127 215/161/127
f 217/133/128 1954/82/128 1961/85/128 216/162/128
f 2003/163/129 2004/164/129 2011/165/129 2010/166/129
f 2004/164/130 2005/167/130 2012/168/130 2011/165/130
f 2005/167/131 2006/169/131 2013/170/131 2012/168/131
f 2006/169/132 2007/171/132 2014/172/132 2013/170/132
f 2007/171/133 2008/173/133 2015/174/133 2014/172/133
f 2008/173/134 2009/175/134 2016/176/134 2015/174/134
f 2010/166/135 2011/165/135 2018/177/135 2017/178/135
f 2011/165/136 2012/168/136 2019/179/136 2018/177/136
f 2012/168/137 2013/170/137 2020/180/137 2019/179/137
f 2013/170/138 2014/172/138 2021/181/138 2020/180/138
f 2014/172/139 2015/174/139 2022/182/139 2021/181/139
f 2015/174/140 2016/176/140 2023/183/140 2022/182/140
f 2017/178/141 2018/177/141 2025/184/141 2024/185/141
f 2018/177/142 2019/179/142 2026/186/142 2025/184/142
f 2019/179/143 2020/180/143 2027/187/143 2026/186/143
f 2020/180/144 2021/181/144 2028/188/144 2027/187/144
f 2021/181/145 2022/182/145 2029/189/145 2028/188/145
f 2022/182/146 2023/183/146 2030/190/146 2029/189/146
f 2024/185/147 2025/184/147 2032/191/147 2031/192/147
f 2025/184/148 2026/186/148 2033/193/148 2032/191/148
f 2026/186/149 2027/187/149 2034/194/149 2033/193/149
f 2027/187/150 2028/188/150 2035/195/150 2034/194/150
f 2028/188/151 2029/189/151 2036/196/151 2035/195/151
f 2029/189/152 2030/190/152 2037/197/152 2036/196/152
f 2031/192/153 2032/191/153 2039/198/153 2038/199/153
f 2032/191/154 2033/193/154 2040/200/154 2039/198/154
f 2033/193/155 2034/194/155 2041/201/155 2040/200/155
f 2034/194/156 2035/195/156 2042/202/156 2041/201/156
f 2035/195/157 2036/196/157 2043/203/157 2042/202/157
f 2036/196/158 2037/197/158 2044/204/158 2043/203/158
f 2038/199/159 2039/198/159 2046/205/159 2045/206/159
f 2039/198/160 2040/200/160 2047/207/160 2046/205/160
f 2040/200/161 2041/201/161 2048/208/161 2047/207/161
f 2041/201/162 2042/202/162 2049/209/162 2048/208/162
f 2042/202/163 2043/203/163 2050/210/163 2049/209/163
f 2043/203/164 2044/204/164 2051/211/164 2050/210/164
f 6/157/165 203/155/165 2003/163/165 182/212/165
f 203/155/166 202/154/166 2004/164/166 2003/163/166
f 202/154/167 201/153/167 2005/167/167 2004/164/167
f 201/153/168 200/152/168 2006/169/168 2005/167/168
f 200/152/169 199/151/169 2007/171/169 2006/169/169
f 199/151/170 198/150/170 2008/173/170 2007/171/170
f 198/150/171 197/149/171 2009/175/171 2008/173/171
f 197/149/172 7/148/172 190/213/172 2009/175/172
f 2009/175/173 190/213/173 191/214/173 2016/176/173
f 2016/176/174 191/214/174 192/215/174 2023/183/174
f 2023/183/175 192/215/175 193/216/175 2030/190/175
f 2030/190/176 193/216/176 194/217/176 2037/197/176
f 2037/197/177 194/217/177 195/218/177 2044/204/177
f 2044/204/178 195/218/178 196/219/178 2051/211/178
f 2051/211/179 196/219/179 8/59/179 204/58/179
f 2050/210/180 2051/211/180 204/58/180 205/57/180
f 2049/209/181 2050/210/181 205/57/181 206/56/181
f 2048/208/182 2049/209/182 206/56/182 207/55/182
f 2047/207/183 2048/208/183 207/55/183 208/54/183
f 2046/205/184 2047/207/184 208/54/184 209/53/184
f 2045/206/185 2046/205/185 209/53/185 210/51/185
f 176/220/186 2045/206/186 210/51/186 5/50/186
f 177/221/187 2038/199/187 2045/206/187 176/220/187
f 178/222/188 2031/192/188 2038/199/188 177/221/188
f 179/223/189 2024/185/189 2031/192/189 178/222/189
f 180/224/190 2017/178/190 2024/185/190 179/223/190
f 181/225/191 2010/166/191 2017/178/191 180/224/191
f 182/212/192 2003/163/192 2010/166/192 181/225/192
f 2052/226/193 2053/227/193 2060/228/193 2059/229/193
f 2053/227/194 2054/230/194 2061/231/194 2060/228/194
f 2054/230/195 2055/232/195 2062/233/195 2061/231/195
f 2055/232/196 2056/234/196 2063/235/196 2062/233/196
f 2056/234/197 2057/236/197 2064/237/197 2063/235/197
f 2057/236/198 2058/238/198 2065/239/198 2064/237/198
f 2059/229/199 2060/228/199 2067/240/199 2066/241/199
f 2060/228/200 2061/231/200 2068/242/200 2067/240/200
f 2061/231/201 2062/233/201 2069/243/201 2068/242/201
f 2062/233/202 2063/235/202 2070/244/202 2069/243/202
f 2063/235/203 2064/237/203 2071/245/203 2070/244/203
f 2064/237/204 2065/239/204 2072/246/204 2071/245/204
f 2066/241/205 2067/240/205 2074/247/205 2073/248/205
f 2067/240/206 2068/242/206 2075/249/206 2074/247/206
f 2068/242/207 2069/243/207 2076/250/207 2075/249/207
f 2069/243/208 2070/244/208 2077/251/208 2076/250/208
f 2070/244/209 2071/245/209 2078/252/209 2077/251/209
f 2071/245/210 2072/246/210 2079/253/210 2078/252/210
f 2073/248/211 2074/247/211 2081/254/211 2080/255/211
f 2074/247/212 2075/249/212 2082/256/212 2081/254/212
f 2075/249/213 2076/250/213 2083/257/213 2082/256/213
f 2076/250/214 2077/251/214 2084/258/214 2083/257/214
f 2077/251/215 2078/252/215 2085/259/215 2084/258/215
f 2078/252/216 2079/253/216 2086/260/216 2085/259/216
f 2080/255/217 2081/254/217 2088/261/217 2087/262/217
f 2081/254/218 2082/256/218 2089/263/218 2088/261/218
f 2082/256/219 2083/257/219 2090/264/219 2089/263/219
f 2083/257/220 2084/258/220 2091/265/220 2090/264/220
f 2084/258/221 2085/259/221 2092/266/221 2091/265/221
f 2085/259/222 2086/260/222 2093/267/222 2092/266/222
f 2087/262/223 2088/261/223 2095/268/223 2094/269/223
f 2088/261/224 2089/263/224 2096/270/224 2095/268/224
f 2089/263/225 2090/264/225 2097/271/225 2096/270/225
f 2090/264/226 2091/265/226 2098/272/226 2097/271/226
f 2091/265/227 2092/266/227 2099/273/227 2098/272/227
f 2092/266/228 2093/267/228 2100/274/228 2099/273/228
f 1/275/229 148/276/229 2052/226/229 147/277/229
f 148/276/230 149/278/230 2053/227/230 2052/226/230
f 149/278/231 150/279/231 2054/230/231 2053/227/231
f 150/279/232 151/280/232 2055/232/232 2054/230/232
f 151/280/233 152/281/233 2056/234/233 2055/232/233
f 152/281/234 153/282/234 2057/236/234 2056/234/234
f 153/282/235 154/283/235 2058/238/235 2057/236/235
f 154/283/236 2/284/236 218/285/236 2058/238/236
f 2058/238/237 218/285/237 219/286/237 2065/239/237
f 2065/239/238 219/286/238 220/287/238 2072/246/238
f 2072/246/239 220/287/239 221/288/239 2079/253/239
f 2079/253/240 221/288/240 222/289/240 2086/260/240
f 2086/260/241 222/289/241 223/290/241 2093/267/241
f 2093/267/242 223/290/242 224/291/242 2100/274/242
f 2100/274/243 224/291/243 10/140/243 225/139/243
f 2099/273/244 2100/274/244 225/139/244 226/138/244
f 2098/272/245 2099/273/245 226/138/245 227/137/245
f 2097/271/246 2098/272/246 227/137/246 228/136/246
f 2096/270/247 2097/271/247 228/136/247 229/135/247
f 2095/268/248 2096/270/248 229/135/248 230/134/248
f 2094/269/249 2095/268/249 230/134/249 231/132/249
f 141/292/250 2094/269/250 231/132/250 9/131/250
f 142/293/251 2087/262/251 2094/269/251 141/292/251
f 143/294/252 2080/255/252 2087/262/252 142/293/252
f 144/295/253 2073/248/253 2080/255/253 143/294/253
f 145/296/254 2066/241/254 2073/248/254 144/295/254
f 146/297/255 2059/229/255 2066/241/255 145/296/255
f 147/277/256 2052/226/256 2059/229/256 146/297/256
f 2101/1/257 2102/2/257 2109/3/257 2108/4/257
f 2102/2/258 2103/5/258 2110/6/258 2109/3/258
f 2103/5/259 2104/7/259 2111/8/259 2110/6/259
f 2104/7/260 2105/9/260 2112/10/260 2111/8/260
f 2105/9/261 2106/11/261 2113/12/261 2112/10/261
f 2106/11/262 2107/13/262 2114/14/262 2113/12/262
f 2108/4/263 2109/3/263 2116/15/263 2115/16/263
f 2109/3/264 2110/6/264 2117/17/264 2116/15/264
f 2110/6/265 2111/8/265 2118/18/265 2117/17/265
f 2111/8/266 2112/10/266 2119/19/266 2118/18/266
f 2112/10/267 2113/12/267 2120/20/267 2119/19/267
f 2113/12/268 2114/14/268 2121/21/268 2120/20/268
f 2115/16/269 2116/15/269 2123/22/269 2122/23/269
f 2116/15/270 2117/17/270 2124/24/270 2123/22/270
f 2117/17/271 2118/18/271 2125/25/271 2124/24/271
f 2118/18/272 2119/19/272 2126/26/272 2125/25/272
f 2119/19/273 2120/20/273 2127/27/273 2126/26/273
f 2120/20/274 2121/21/274 2128/28/274 2127/27/274
f 2122/23/275 2123/22/275 2130/29/275 2129/30/275
f 2123/22/276 2124/24/276 2131/31/276 2130/29/276
f 2124/24/277 2125/25/277 2132/32/277 2131/31/277
f 2125/25/278 2126/26/278 2133/33/278 2132/32/278
f 2126/26/279 2127/27/279 2134/34/279 2133/33/279
f 2127/27/280 2128/28/280 2135/35/280 2134/34/280
f 2129/30/281 2130/29/281 2137/36/281 2136/37/281
f 2130/29/282 2131/31/282 2138/38/282 2137/36/282
f 2131/31/283 2132/32/283 2139/39/283 2138/38/283
f 2132/32/284 2133/33/284 2140/40/284 2139/39/284
f 2133/33/285 2134/34/285 2141/41/285 2140/40/285
f 2134/34/286 2135/35/286 2142/42/286 2141/41/286
f 2136/37/287 2137/36/287 2144/43/287 2143/44/287
f 2137/36/288 2138/38/288 2145/45/288 2144/43/288
f 2138/38/289 2139/39/289 2146/46/289 2145/45/289
f 2139/39/290 2140/40/290 2147/47/290 2146/46/290
f 2140/40/291 2141/41/291 2148/48/291 2147/47/291
f 2141/41/292 2142/42/292 2149/49/292 2148/48/292
f 15/50/293 301/51/293 2101/1/293 266/52/293
f 301/51/294 300/53/294 2102/2/294 2101/1/294
f 300/53/295 299/54/295 2103/5/295 2102/2/295
f 299/54/296 298/55/296 2104/7/296 2103/5/296
f 298/55/297 297/56/297 2105/9/297 2104/7/297
f 297/56/298 296/57/298 2106/11/298 2105/9/298
f 296/57/299 295/58/299 2107/13/299 2106/11/299
f 295/58/300 18/59/300 246/60/300 2107/13/300
f 2107/13/301 246/60/301 247/61/301 2114/14/301
f 2114/14/302 247/61/302 248/62/302 2121/21/302
f 2121/21/303 248/62/303 249/63/303 2128/28/303
f 2128/28/304 249/63/304 250/64/304 2135/35/304
f 2135/35/305 250/64/305 251/65/305 2142/42/305
f 2142/42/306 251/65/306 252/66/306 2149/49/306
f 2149/49/307 252/66/307 14/67/307 253/68/307
f 2148/48/308 2149/49/308 253/68/308 254/69/308
f 2147/47/309 2148/48/309 254/69/309 255/70/309
f 2146/46/310 2147/47/310 255/70/310 256/71/310
f 2145/45/311 2146/46/311 256/71/311 257/72/311
f 2144/43/312 2145/45/312 257/72/312 258/73/312
f 2143/44/313 2144/43/313 258/73/313 259/74/313
f 260/75/314 2143/44/314 259/74/314 13/76/314
f 261/77/315 2136/37/315 2143/44/315 260/75/315
f 262/78/316 2129/30/316 2136/37/316 261/77/316
f 263/79/317 2122/23/317 2129/30/317 262/78/317
f 264/80/318 2115/16/318 2122/23/318 263/79/318
f 265/81/319 2108/4/319 2115/16/319 264/80/319
f 266/52/320 2101/1/320 2108/4/320 265/81/320
f 2150/82/321 2151/83/321 2158/84/321 2157/85/321
f 2151/83/322 2152/86/322 2159/87/322 2158/84/322
f 2152/86/323 2153/88/323 2160/89/323 2159/87/323
f 2153/88/324 2154/90/324 2161/91/324 2160/89/324
f 2154/90/325 2155/92/325 2162/93/325 2161/91/325
f 2155/92/326 2156/94/326 2163/95/326 2162/93/326
f 2157/85/327 2158/84/327 2165/96/327 2164/97/327
f 2158/84/328 2159/87/328 2166/98/328 2165/96/328
f 2159/87/329 2160/89/329 2167/99/329 2166/98/329
f 2160/89/330 2161/91/330 2168/100/330 2167/99/330
f 2161/91/331 2162/93/331 2169/101/331 2168/100/331
f 2162/93/332 2163/95/332 2170/102/332 2169/101/332
f 2164/97/333 2165/96/333 2172/103/333 2171/104/333
f 2165/96/334 2166/98/334 2173/105/334 2172/103/334
f 2166/98/335 2167/99/335 2174/106/335 2173/105/335
f 2167/99/336 2168/100/336 2175/107/336 2174/106/336
f 2168/100/337 2169/101/337 2176/108/337 2175/107/337
f 2169/101/338 2170/102/338 2177/109/338 2176/108/338
f 2171/104/339 2172/103/339 2179/110/339 2178/111/339
f 2172/103/340 2173/105/340 2180/112/340 2179/110/340
f 2173/105/341 2174/106/341 2181/113/341 2180/112/341
f 2174/106/342 2175/107/342 2182/114/342 2181/113/342
f 2175/107/343 2176/108/343 2183/115/343 2182/114/343
f 2176/108/344 2177/109/344 2184/116/344 2183/115/344
f 2178/111/345 2179/110/345 2186/117/345 2185/118/345
f 2179/110/346 2180/112/346 2187/119/346 2186/117/346
f 2180/112/347 2181/113/347 2188/120/347 2187/119/347
f 2181/113/348 2182/114/348 2189/121/348 2188/120/348
f 2182/114/349 2183/115/349 2190/122/349 2189/121/349
f 2183/115/350 2184/116/350 2191/123/350 2190/122/350
f 2185/118/351 2186/117/351 2193/124/351 2192/125/351
f 2186/117/352 2187/119/352 2194/126/352 2193/124/352
f 2187/119/353 2188/120/353 2195/127/353 2194/126/353
f 2188/120/354 2189/121/354 2196/128/354 2195/127/354
f 2189/121/355 2190/122/355 2197/129/355 2196/128/355
f 2190/122/356 2191/123/356 2198/130/356 2197/129/356
f 19/131/357 322/132/357 2150/82/357 308/133/357
f 322/132/358 321/134/358 2151/83/358 2150/82/358
f 321/134/359 320/135/359 2152/86/359 2151/83/359
f 320/135/360 319/136/360 2153/88/360 2152/86/360
f 319/136/361 318/137/361 2154/90/361 2153/88/361
f 318/137/362 317/138/362 2155/92/362 2154/90/362
f 317/138/363 316/139/363 2156/94/363 2155/92/363
f 316/139/364 20/140/364 274/141/364 2156/94/364
f 2156/94/365 274/141/365 275/142/365 2163/95/365
f 2163/95/366 275/142/366 276/143/366 2170/102/366
f 2170/102/367 276/143/367 277/144/367 2177/109/367
f 2177/109/368 277/144/368 278/145/368 2184/116/368
f 2184/116/369 278/145/369 279/146/369 2191/123/369
f 2191/123/370 279/146/370 280/147/370 2198/130/370
f 2198/130/371 280/147/371 17/148/371 288/149/371
f 2197/129/372 2198/130/372 288/149/372 289/150/372
f 2196/128/373 2197/129/373 289/150/373 290/151/373
f 2195/127/374 2196/128/374 290/151/374 291/152/374
f 2194/126/375 2195/127/375 291/152/375 292/153/375
f 2193/124/376 2194/126/376 292/153/376 293/154/376
f 2192/125/377 2193/124/377 293/154/377 294/155/377
f 302/156/378 2192/125/378 294/155/378 16/157/378
f 303/158/379 2185/118/379 2192/125/379 302/156/379
f 304/159/380 2178/111/380 2185/118/380 303/158/380
f 305/160/381 2171/104/381 2178/111/381 304/159/381
f 306/161/382 2164/97/382 2171/104/382 305/160/382
f 307/162/383 2157/85/383 2164/97/383 306/161/383
f 308/133/384 2150/82/384 2157/85/384 307/162/384
f 2199/163/385 2200/164/385 2207/165/385 2206/166/385
f 2200/164/386 2201/167/386 2208/168/386 2207/165/386
f 2201/167/387 2202/169/387 2209/170/387 2208/168/387
f 2202/169/388 2203/171/388 2210/172/388 2209/170/388
f 2203/171/389 2204/173/389 2211/174/389 2210/172/389
f 2204/173/390 2205/175/390 2212/176/390 2211/174/390
f 2206/166/391 2207/165/391 2214/177/391 2213/178/391
f 2207/165/392 2208/168/392 2215/179/392 2214/177/392
f 2208/168/393 2209/170/393 2216/180/393 2215/179/393
f 2209/170/394 2210/172/394 2217/181/394 2216/180/394
f 2210/172/395 2211/174/395 2218/182/395 2217/181/395
f 2211/174/396 2212/176/396 2219/183/396 2218/182/396
f 2213/178/397 2214/177/397 2221/184/397 2220/185/397
f 2214/177/398 2215/179/398 2222/186/398 2221/184/398
f 2215/179/399 2216/180/399 2223/187/399 2222/186/399
f 2216/180/400 2217/181/400 2224/188/400 2223/187/400
f 2217/181/401 2218/182/401 2225/189/401 2224/188/401
f 2218/182/402 2219/183/402 2226/190/402 2225/189/402
f 2220/185/403 2221/184/403 2228/191/403 2227/192/403
f 2221/184/404 2222/186/404 2229/193/404 2228/191/404
f 2222/186/405 2223/187/405 2230/194/405 2229/193/405
f 2223/187/406 2224/188/406 2231/195/406 2230/194/406
f 2224/188/407 2225/189/407 2232/196/407 2231/195/407
f 2225/189/408 2226/190/408 2233/197/408 2232/196/408
f 2227/192/409 2228/191/409 2235/198/409 2234/199/409
f 2228/191/410 2229/193/410 2236/200/410 2235/198/410
f 2229/193/411 2230/194/411 2237/201/411 2236/200/411
f 2230/194/412 2231/195/412 2238/202/412 2237/201/412
f 2231/195/413 2232/196/413 2239/203/413 2238/202/413
f 2232/196/414 2233/197/414 2240/204/414 2239/203/414
f 2234/199/415 2235/198/415 2242/205/415 2241/206/415
f 2235/198/416 2236/200/416 2243/207/416 2242/205/416
f 2236/200/417 2237/201/417 2244/208/417 2243/207/417
f 2237/201/418 2238/202/418 2245/209/418 2244/208/418
f 2238/202/419 2239/203/419 2246/210/419 2245/209/419
f 2239/203/420 2240/204/420 2247/211/420 2246/210/420
f 16/157/421 294/155/421 2199/163/421 273/212/421
f 294/155/422 293/154/422 2200/164/422 2199/163/422
f 293/154/423 292/153/423 2201/167/423 2200/164/423
f 292/153/424 291/152/424 2202/169/424 2201/167/424
f 291/152/425 290/151/425 2203/171/425 2202/169/425
f 290/151/426 289/150/426 2204/173/426 2203/171/426
f 289/150/427 288/149/427 2205/175/427 2204/173/427
f 288/149/428 17/148/428 281/213/428 2205/175/428
f 2205/175/429 281/213/429 282/214/429 2212/176/429
f 2212/176/430 282/214/430 283/215/430 2219/183/430
f 2219/183/431 283/215/431 284/216/431 2226/190/431
f 2226/190/432 284/216/432 285/217/432 2233/197/432
f 2233/197/433 285/217/433 286/218/433 2240/204/433
f 2240/204/434 286/218/434 287/219/434 2247/211/434
f 2247/211/435 287/219/435 18/59/435 295/58/435
f 2246/210/436 2247/211/436 295/58/436 296/57/436
f 2245/209/437 2246/210/437 296/57/437 297/56/437
f 2244/208/438 2245/209/438 297/56/438 298/55/438
f 2243/207/439 2244/208/439 298/55/439 299/54/439
f 2242/205/440 2243/207/440 299/54/440 300/53/440
f 2241/206/441 2242/205/441 300/53/441 301/51/441
f 267/220/442 2241/206/442 301/51/442 15/50/442
f 268/221/443 2234/199/443 2241/206/443 267/220/443
f 269/222/444 2227/192/444 2234/199/444 268/221/444
f 270/223/445 2220/185/445 2227/192/445 269/222/445
f 271/224/446 2213/178/446 2220/185/446 270/223/446
f 272/225/447 2206/166/447 2213/178/447 271/224/447
f 273/212/448 2199/163/448 2206/166/448 272/225/448
f 2248/226/449 2249/227/449 2256/228/449 2255/229/449
f 2249/227/450 2250/230/450 2257/231/450 2256/228/450
f 2250/230/451 2251/232/451 2258/233/451 2257/231/451
f 2251/232/452 2252/234/452 2259/235/452 2258/233/452
f 2252/234/453 2253/236/453 2260/237/453 2259/235/453
f 2253/236/454 2254/238/454 2261/239/454 2260/237/454
f 2255/229/455 2256/228/455 2263/240/455 2262/241/455
f 2256/228/456 2257/231/456 2264/242/456 2263/240/456
f 2257/231/457 2258/233/457 2265/243/457 2264/242/457
f 2258/233/458 2259/235/458 2266/244/458 2265/243/458
f 2259/235/459 2260/237/459 2267/245/459 2266/244/459
f 2260/237/460 2261/239/460 2268/246/460 2267/245/460
f 2262/241/461 2263/240/461 2270/247/461 2269/248/461
f 2263/240/462 2264/242/462 2271/249/462 2270/247/462
f 2264/242/463 2265/243/463 2272/250/463 2271/249/463
f 2265/243/464 2266/244/464 2273/251/464 2272/250/464
f 2266/244/465 2267/245/465 2274/252/465 2273/251/465
f 2267/245/466 2268/246/466 2275/253/466 2274/252/466
f 2269/248/467 2270/247/467 2277/254/467 2276/255/467
f 2270/247/468 2271/249/468 2278/256/468 2277/254/468
f 2271/249/469 2272/250/469 2279/257/469 2278/256/469
f 2272/250/470 2273/251/470 2280/258/470 2279/257/470
f 2273/251/471 2274/252/471 2281/259/471 2280/258/471
f 2274/252/472 2275/253/472 2282/260/472 2281/259/472
f 2276/255/473 2277/254/473 2284/261/473 2283/262/473
f 2277/254/474 2278/256/474 2285/263/474 2284/261/474
f 2278/256/475 2279/257/475 2286/264/475 2285/263/475
f 2279/257/476 2280/258/476 2287/265/476 2286/264/476
f 2280/258/477 2281/259/477 2288/266/477 2287/265/477
f 2281/259/478 2282/260/478 2289/267/478 2288/266/478
f 2283/262/479 2284/261/479 2291/268/479 2290/269/479
f 2284/261/480 2285/263/480 2292/270/480 2291/268/480
f 2285/263/481 2286/264/481 2293/271/481 2292/270/481
f 2286/264/482 2287/265/482 2294/272/482 2293/271/482
f 2287/265/483 2288/266/483 2295/273/483 2294/272/483
f 2288/266/484 2289/267/484 2296/274/484 2295/273/484
f 11/275/485 239/276/485 2248/226/485 238/277/485
f 239/276/486 240/278/486 2249/227/486 2248/226/486
f 240/278/487 241/279/487 2250/230/487 2249/227/487
f 241/279/488 242/280/488 2251/232/488 2250/230/488
f 242/280/489 243/281/489 2252/234/489 2251/232/489
f 243/281/490 244/282/490 2253/236/490 2252/234/490
f 244/282/491 245/283/491 2254/238/491 2253/236/491
f 245/283/492 12/284/492 309/285/492 2254/238/492
f 2254/238/493 309/285/493 310/286/493 2261/239/493
f 2261/239/494 310/286/494 311/287/494 2268/246/494
f 2268/246/495 311/287/495 312/288/495 2275/253/495
f 2275/253/496 312/288/496 313/289/496 2282/260/496
f 2282/260/497 313/289/497 314/290/497 2289/267/497
f 2289/267/498 314/290/498 315/291/498 2296/274/498
f 2296/274/499 315/291/499 20/140/499 316/139/499
f 2295/273/500 2296/274/500 316/139/500 317/138/500
f 2294/272/501 2295/273/501 317/138/501 318/137/501
f 2293/271/502 2294/272/502 318/137/502 319/136/502
f 2292/270/503 2293/271/503 319/136/503 320/135/503
f 2291/268/504 2292/270/504 320/135/504 321/134/504
f 2290/269/505 2291/268/505 321/134/505 322/132/505
f 232/292/506 2290/269/506 322/132/506 19/131/506
f 233/293/507 2283/262/507 2290/269/507 232/292/507
f 234/294/508 2276/255/508 2283/262/508 233/293/508
f 235/295/509 2269/248/509 2276/255/509 234/294/509
f 236/296/510 2262/241/510 2269/248/510 235/295/510
f 237/297/511 2255/229/511 2262/241/511 236/296/511
f 238/277/512 2248/226/512 2255/229/512 237/297/512
f 2297/1/513 2298/2/513 2305/3/513 2304/4/513
f 2298/2/514 2299/5/514 2306/6/514 2305/3/514
f 2299/5/515 2300/7/515 2307/8/515 2306/6/515
f 2300/7/516 2301/9/516 2308/10/516 2307/8/516
f 2301/9/517 2302/11/517 2309/12/517 2308/10/517
f 2302/11/518 2303/13/518 2310/14/518 2309/12/518
f 2304/4/519 2305/3/519 2312/15/519 2311/16/519
f 2305/3/520 2306/6/520 2313/17/520 2312/15/520
f 2306/6/521 2307/8/521 2314/18/521 2313/17/521
f 2307/8/522 2308/10/522 2315/19/522 2314/18/522
f 2308/10/523 2309/12/523 2316/20/523 2315/19/523
f 2309/12/524 2310/14/524 2317/21/524 2316/20/524
f 2311/16/525 2312/15/525 2319/22/525 2318/23/525
f 2312/15/526 2313/17/526 2320/24/526 2319/22/526
f 2313/17/527 2314/18/527 2321/25/527 2320/24/527
f 2314/18/528 2315/19/528 2322/26/528 2321/25/528
f 2315/19/529 2316/20/529 2323/27/529 2322/26/529
f 2316/20/530 2317/21/530 2324/28/530 2323/27/530
f 2318/23/531 2319/22/531 2326/29/531 2325/30/531
f 2319/22/532 2320/24/532 2327/31/532 2326/29/532
f 2320/24/533 2321/25/533 2328/32/533 2327/31/533
f 2321/25/534 2322/26/534 2329/33/534 2328/32/534
f 2322/26/535 2323/27/535 2330/34/535 2329/33/535
f 2323/27/536 2324/28/536 2331/35/536 2330/34/536
f 2325/30/537 2326/29/537 2333/36/537 2332/37/537
f 2326/29/538 2327/31/538 2334/38/538 2333/36/538
f 2327/31/539 2328/32/539 2335/39/539 2334/38/539
f 2328/32/540 2329/33/540 2336/40/540 2335/39/540
f 2329/33/541 2330/34/541 2337/41/541 2336/40/541
f 2330/34/542 2331/35/542 2338/42/542 2337/41/542
f 2332/37/543 2333/36/543 2340/43/543 2339/44/543
f 2333/36/544 2334/38/544 2341/45/544 2340/43/544
f 2334/38/545 2335/39/545 2342/46/545 2341/45/545
f 2335/39/546 2336/40/546 2343/47/546 2342/46/546
f 2336/40/547 2337/41/547 2344/48/547 2343/47/547
f 2337/41/548 2338/42/548 2345/49/548 2344/48/548
f 25/50/549 392/51/549 2297/1/549 357/52/549
f 392/51/550 391/53/550 2298/2/550 2297/1/550
f 391/53/551 390/54/551 2299/5/551 2298/2/551
f 390/54/552 389/55/552 2300/7/552 2299/5/552
f 389/55/553 388/56/553 2301/9/553 2300/7/553
f 388/56/554 387/57/554 2302/11/554 2301/9/554
f 387/57/555 386/58/555 2303/13/555 2302/11/555
f 386/58/556 28/59/556 337/60/556 2303/13/556
f 2303/13/557 337/60/557 338/61/557 2310/14/557
f 2310/14/558 338/61/558 339/62/558 2317/21/558
f 2317/21/559 339/62/559 340/63/559 2324/28/559
f 2324/28/560 340/63/560 341/64/560 2331/35/560
f 2331/35/561 341/64/561 342/65/561 2338/42/561
f 2338/42/562 342/65/562 343/66/562 2345/49/562
f 2345/49/563 343/66/563 24/67/563 344/68/563
f 2344/48/564 2345/49/564 344/68/564 345/69/564
f 2343/47/565 2344/48/565 345/69/565 346/70/565
f 2342/46/566 2343/47/566 346/70/566 347/71/566
f 2341/45/567 2342/46/567 347/71/567 348/72/567
f 2340/43/568 2341/45/568 348/72/568 349/73/568
f 2339/44/569 2340/43/569 349/73/569 350/74/569
f 351/75/570 2339/44/570 350/74/570 23/76/570
f 352/77/571 2332/37/571 2339/44/571 351/75/571
f 353/78/572 2325/30/572 2332/37/572 352/77/572
f 354/79/573 2318/23/573 2325/30/573 353/78/573
f 355/80/574 2311/16/574 2318/23/574 354/79/574
f 356/81/575 2304/4/575 2311/16/575 355/80/575
f 357/52/576 2297/1/576 2304/4/576 356/81/576
f 2346/82/577 2347/83/577 2354/84/577 2353/85/577
f 2347/83/578 2348/86/578 2355/87/578 2354/84/578
f 2348/86/579 2349/88/579 2356/89/579 2355/87/579
f 2349/88/580 2350/90/580 2357/91/580 2356/89/580
f 2350/90/581 2351/92/581 2358/93/581 2357/91/581
f 2351/92/582 2352/94/582 2359/95/582 2358/93/582
f 2353/85/583 2354/84/583 2361/96/583 2360/97/583
f 2354/84/584 2355/87/584 2362/98/584 2361/96/584
f 2355/87/585 2356/89/585 2363/99/585 2362/98/585
f 2356/89/586 2357/91/586 2364/100/586 2363/99/586
f 2357/91/587 2358/93/587 2365/101/587 2364/100/587
f 2358/93/588 2359/95/588 2366/102/588 2365/101/588
f 2360/97/589 2361/96/589 2368/103/589 2367/104/589
f 2361/96/590 2362/98/590 2369/105/590 2368/103/590
f 2362/98/591 2363/99/591 2370/106/591 2369/105/591
f 2363/99/592 2364/100/592 2371/107/592 2370/106/592
f 2364/100/593 2365/101/593 2372/108/593 2371/107/593
f 2365/101/594 2366/102/594 2373/109/594 2372/108/594
f 2367/104/595 2368/103/595 2375/110/595 2374/111/595
f 2368/103/596 2369/105/596 2376/112/596 2375/110/596
f 2369/105/597 2370/106/597 2377/113/597 2376/112/597
f 2370/106/598 2371/107/598 2378/114/598 2377/113/598
f 2371/107/599 2372/108/599 2379/115/599 2378/114/599
f 2372/108/600 2373/109/600 2380/116/600 2379/115/600
f 2374/111/601 2375/110/601 2382/117/601 2381/118/601
f 2375/110/602 2376/112/602 2383/119/602 2382/117/602
f 2376/112/603 2377/113/603 2384/120/603 2383/119/603
f 2377/113/604 2378/114/604 2385/121/604 2384/120/604
f 2378/114/605 2379/115/605 2386/122/605 2385/121/605
f 2379/115/606 2380/116/606 2387/123/606 2386/122/606
f 2381/118/607 2382/117/607 2389/124/607 2388/125/607
f 2382/117/608 2383/119/608 2390/126/608 2389/124/608
f 2383/119/609 2384/120/609 2391/127/609 2390/126/609
f 2384/120/610 2385/121/610 2392/128/610 2391/127/610
f 2385/121/611 2386/122/611 2393/129/611 2392/128/611
f 2386/122/612 2387/123/612 2394/130/612 2393/129/612
f 29/131/613 413/132/613 2346/82/613 399/133/613
f 413/132/614 412/134/614 2347/83/614 2346/82/614
f 412/134/615 411/135/615 2348/86/615 2347/83/615
f 411/135/616 410/136/616 2349/88/616 2348/86/616
f 410/136/617 409/137/617 2350/90/617 2349/88/617
f 409/137/618 408/138/618 2351/92/618 2350/90/618
f 408/138/619 407/139/619 2352/94/619 2351/92/619
f 407/139/620 30/140/620 365/141/620 2352/94/620
f 2352/94/621 365/141/621 366/142/621 2359/95/621
f 2359/95/622 366/142/622 367/143/622 2366/102/622
f 2366/102/623 367/143/623 368/144/623 2373/109/623
f 2373/109/624 368/144/624 369/145/624 2380/116/624
f 2380/116/625 369/145/625 370/146/625 2387/123/625
f 2387/123/626 370/146/626 371/147/626 2394/130/626
f 2394/130/627 371/147/627 27/148/627 379/149/627
f 2393/129/628 2394/130/628 379/149/628 380/150/628
f 2392/128/629 2393/129/629 380/150/629 381/151/629
f 2391/127/630 2392/128/630 381/151/630 382/152/630
f 2390/126/631 2391/127/631 382/152/631 383/153/631
f 2389/124/632 2390/126/632 383/153/632 384/154/632
f 2388/125/633 2389/124/633 384/154/633 385/155/633
f 393/156/634 2388/125/634 385/155/634 26/157/634
f 394/158/635 2381/118/635 2388/125/635 393/156/635
f 395/159/636 2374/111/636 2381/118/636 394/158/636
f 396/160/637 2367/104/637 2374/111/637 395/159/637
f 397/161/638 2360/97/638 2367/104/638 396/160/638
f 398/162/639 2353/85/639 2360/97/639 397/161/639
f 399/133/640 2346/82/640 2353/85/640 398/162/640
f 2395/163/641 2396/164/641 2403/165/641 2402/166/641
f 2396/164/642 2397/167/642 2404/168/642 2403/165/642
f 2397/167/643 2398/169/643 2405/170/643 2404/168/643
f 2398/169/644 2399/171/644 2406/172/644 2405/170/644
f 2399/171/645 2400/173/645 2407/174/645 2406/172/645
f 2400/173/646 2401/175/646 2408/176/646 2407/174/646
f 2402/166/647 2403/165/647 2410/177/647 2409/178/647
f 2403/165/648 2404/168/648 2411/179/648 2410/177/648
f 2404/168/649 2405/170/649 2412/180/649 2411/179/649
f 2405/170/650 2406/172/650 2413/181/650 2412/180/650
f 2406/172/651 2407/174/651 2414/182/651 2413/181/651
f 2407/174/652 2408/176/652 2415/183/652 2414/182/652
f 2409/178/653 2410/177/653 2417/184/653 2416/185/653
f 2410/177/654 2411/179/654 2418/186/654 2417/184/654
f 2411/179/655 2412/180/655 2419/187/655 2418/186/655
f 2412/180/656 2413/181/656 2420/188/656 2419/187/656
f 2413/181/657 2414/182/657 2421/189/657 2420/188/657
f 2414/182/658 2415/183/658 2422/190/658 2421/189/658
f 2416/185/659 2417/184/659 2424/191/659 2423/192/659
f 2417/184/660 2418/186/660 2425/193/660 2424/191/660
f 2418/186/661 2419/187/661 2426/194/661 2425/193/661
f 2419/187/662 2420/188/662 2427/195/662 2426/194/662
f 2420/188/663 2421/189/663 2428/196/663 2427/195/663
f 2421/189/664 2422/190/664 2429/197/664 2428/196/664
f 2423/192/665 2424/191/665 2431/198/665 2430/199/665
f 2424/191/666 2425/193/666 2432/200/666 2431/198/666
f 2425/193/667 2426/194/667 2433/201/667 2432/200/667
f 2426/194/668 2427/195/668 2434/202/668 2433/201/668
f 2427/195/669 2428/196/669 2435/203/669 2434/202/669
f 2428/196/670 2429/197/670 2436/204/670 2435/203/670
f 2430/199/671 2431/198/671 2438/205/671 2437/206/671
f 2431/198/672 2432/200/672 2439/207/672 2438/205/672
f 2432/200/673 2433/201/673 2440/208/673 2439/207/673
f 2433/201/674 2434/202/674 2441/209/674 2440/208/674
f 2434/202/675 2435/203/675 2442/210/675 2441/209/675
f 2435/203/676 2436/204/676 2443/211/676 2442/210/676
f 26/157/677 385/155/677 2395/163/677 364/212/677
f 385/155/678 384/154/678 2396/164/678 2395/163/678
f 384/154/679 383/153/679 2397/167/679 2396/164/679
f 383/153/680 382/152/680 2398/169/680 2397/167/680
f 382/152/681 381/151/681 2399/171/681 2398/169/681
f 381/151/682 380/150/682 2400/173/682 2399/171/682
f 380/150/683 379/149/683 2401/175/683 2400/173/683
f 379/149/684 27/148/684 372/213/684 2401/175/684
f 2401/175/685 372/213/685 373/214/685 2408/176/685
f 2408/176/686 373/214/686 374/215/686 2415/183/686
f 2415/183/687 374/215/687 375/216/687 2422/190/687
f 2422/190/688 375/216/688 376/217/688 2429/197/688
f 2429/197/689 376/217/689 377/218/689 2436/204/689
f 2436/204/690 377/218/690 378/219/690 2443/211/690
f 2443/211/691 378/219/691 28/59/691 386/58/691
f 2442/210/692 2443/211/692 386/58/692 387/57/692
f 2441/209/693 2442/210/693 387/57/693 388/56/693
f 2440/208/694 2441/209/694 388/56/694 389/55/694
f 2439/207/695 2440/208/695 389/55/695 390/54/695
f 2438/205/696 2439/207/696 390/54/696 391/53/696
f 2437/206/697 2438/205/697 391/53/697 392/51/697
f 358/220/698 2437/206/698 392/51/698 25/50/698
f 359/221/699 2430/199/699 2437/206/699 358/220/699
f 360/222/700 2423/192/700 2430/199/700 359/221/700
f 361/223/701 2416/185/701 2423/192/701 360/222/701
f 362/224/702 2409/178/702 2416/185/702 361/223/702
f 363/225/703 2402/166/703 2409/178/703 362/224/703
f 364/212/704 2395/163/704 2402/166/704 363/225/704
f 2444/226/705 2445/227/705 2452/228/705 2451/229/705
f 2445/227/706 2446/230/706 2453/231/706 2452/228/706
f 2446/230/707 2447/232/707 2454/233/707 2453/231/707
f 2447/232/708 2448/234/708 2455/235/708 2454/233/708
f 2448/234/709 2449/236/709 2456/237/709 2455/235/709
f 2449/236/710 2450/238/710 2457/239/710 2456/237/710
f 2451/229/711 2452/228/711 2459/240/711 2458/241/711
f 2452/228/712 2453/231/712 2460/242/712 2459/240/712
f 2453/231/713 2454/233/713 2461/243/713 2460/242/713
f 2454/233/714 2455/235/714 2462/244/714 2461/243/714
f 2455/235/715 2456/237/715 2463/245/715 2462/244/715
f 2456/237/716 2457/239/716 2464/246/716 2463/245/716
f 2458/241/717 2459/240/717 2466/247/717 2465/248/717
f 2459/240/718 2460/242/718 2467/249/718 2466/247/718
f 2460/242/719 2461/243/719 2468/250/719 2467/249/719
f 2461/243/720 2462/244/720 2469/251/720 2468/250/720
f 2462/244/721 2463/245/721 2470/252/721 2469/251/721
f 2463/245/722 2464/246/722 2471/253/722 2470/252/722
f 2465/248/723 2466/247/723 2473/254/723 2472/255/723
f 2466/247/724 2467/249/724 2474/256/724 2473/254/724
f 2467/249/725 2468/250/725 2475/257/725 2474/256/725
f 2468/250/726 2469/251/726 2476/258/726 2475/257/726
f 2469/251/727 2470/252/727 2477/259/727 2476/258/727
f 2470/252/728 2471/253/728 2478/260/728 2477/259/728
f 2472/255/729 2473/254/729 2480/261/729 2479/262/729
f 2473/254/730 2474/256/730 2481/263/730 2480/261/730
f 2474/256/731 2475/257/731 2482/264/731 2481/263/731
f 2475/257/732 2476/258/732 2483/265/732 2482/264/732
f 2476/258/733 2477/259/733 2484/266/733 2483/265/733
f 2477/259/734 2478/260/734 2485/267/734 2484/266/734
f 2479/262/735 2480/261/735 2487/268/735 2486/269/735
f 2480/261/736 2481/263/736 2488/270/736 2487/268/736
f 2481/263/737 2482/264/737 2489/271/737 2488/270/737
f 2482/264/738 2483/265/738 2490/272/738 2489/271/738
f 2483/265/739 2484/266/739 2491/273/739 2490/272/739
f 2484/266/740 2485/267/740 2492/274/740 2491/273/740
f 21/275/741 330/276/741 2444/226/741 329/277/741
f 330/276/742 331/278/742 2445/227/742 2444/226/742
f 331/278/743 332/279/743 2446/230/743 2445/227/743
f 332/279/744 333/280/744 2447/232/744 2446/230/744
f 333/280/745 334/281/745 2448/234/745 2447/232/745
f 334/281/746 335/282/746 2449/236/746 2448/234/746
f 335/282/747 336/283/747 2450/238/747 2449/236/747
f 336/283/748 22/284/748 400/285/748 2450/238/748
f 2450/238/749 400/285/749 401/286/749 2457/239/749
f 2457/239/750 401/286/750 402/287/750 2464/246/750
f 2464/246/751 402/287/751 403/288/751 2471/253/751
f 2471/253/752 403/288/752 404/289/752 2478/260/752
f 2478/260/753 404/289/753 405/290/753 2485/267/753
f 2485/267/754 405/290/754 406/291/754 2492/274/754
f 2492/274/755 406/291/755 30/140/755 407/139/755
f 2491/273/756 2492/274/756 407/139/756 408/138/756
f 2490/272/757 2491/273/757 408/138/757 409/137/757
f 2489/271/758 2490/272/758 409/137/758 410/136/758
f 2488/270/759 2489/271/759 410/136/759 411/135/759
f 2487/268/760 2488/270/760 411/135/760 412/134/760
f 2486/269/761 2487/268/761 412/134/761 413/132/761
f 323/292/762 2486/269/762 413/132/762 29/131/762
f 324/293/763 2479/262/763 2486/269/763 323/292/763
f 325/294/764 2472/255/764 2479/262/764 324/293/764
f 326/295/765 2465/248/765 2472/255/765 325/294/765
f 327/296/766 2458/241/766 2465/248/766 326/295/766
f 328/297/767 2451/229/767 2458/241/767 327/296/767
f 329/277/768 2444/226/768 2451/229/768 328/297/768
f 2493/1/769 2494/2/769 2501/3/769 2500/4/769
f 2494/2/770 2495/5/770 2502/6/770 2501/3/770
f 2495/5/771 2496/7/771 2503/8/771 2502/6/771
f 2496/7/772 2497/9/772 2504/10/772 2503/8/772
f 2497/9/773 2498/11/773 2505/12/773 2504/10/773
f 2498/11/774 2499/13/774 2506/14/774 2505/12/774
f 2500/4/775 2501/3/775 2508/15/775 2507/16/775
f 2501/3/776 2502/6/776 2509/17/776 2508/15/776
f 2502/6/777 2503/8/777 2510/18/777 2509/17/777
f 2503/8/778 2504/10/778 2511/19/778 2510/18/778
f 2504/10/779 2505/12/779 2512/20/779 2511/19/779
f 2505/12/780 2506/14/780 2513/21/780 2512/20/780
f 2507/16/781 2508/15/781 2515/22/781 2514/23/781
f 2508/15/782 2509/17/782 2516/24/782 2515/22/782
f 2509/17/783 2510/18/783 2517/25/783 2516/24/783
f 2510/18/784 2511/19/784 2518/26/784 2517/25/784
f 2511/19/785 2512/20/785 2519/27/785 2518/26/785
f 2512/20/786 2513/21/786 2520/28/786 2519/27/786
f 2514/23/787 2515/22/787 2522/29/787 2521/30/787
f 2515/22/788 2516/24/788 2523/31/788 2522/29/788
f 2516/24/789 2517/25/789 2524/32/789 2523/31/789
f 2517/25/790 2518/26/790 2525/33/790 2524/32/790
f 2518/26/791 2519/27/791 2526/34/791 2525/33/791
f 2519/27/792 2520/28/792 2527/35/792 2526/34/792
f 2521/30/793 2522/29/793 2529/36/793 2528/37/793
f 2522/29/794 2523/31/794 2530/38/794 2529/36/794
f 2523/31/795 2524/32/795 2531/39/795 2530/38/795
f 2524/32/796 2525/33/796 2532/40/796 2531/39/796
f 2525/33/797 2526/34/797 2533/41/797 2532/40/797
f 2526/34/798 2527/35/798 2534/42/798 2533/41/798
f 2528/37/799 2529/36/799 2536/43/799 2535/44/799
f 2529/36/800 2530/38/800 2537/45/800 2536/43/800
f 2530/38/801 2531/39/801 2538/46/801 2537/45/801
f 2531/39/802 2532/40/802 2539/47/802 2538/46/802
f 2532/40/803 2533/41/803 2540/48/803 2539/47/803
f 2533/41/804 2534/42/804 2541/49/804 2540/48/804
f 35/50/805 483/51/805 2493/1/805 448/52/805
f 483/51/806 482/53/806 2494/2/806 2493/1/806
f 482/53/807 481/54/807 2495/5/807 2494/2/807
f 481/54/808 480/55/808 2496/7/808 2495/5/808
f 480/55/809 479/56/809 2497/9/809 2496/7/809
f 479/56/810 478/57/810 2498/11/810 2497/9/810
f 478/57/811 477/58/811 2499/13/811 2498/11/811
f 477/58/812 38/59/812 428/60/812 2499/13/812
f 2499/13/813 428/60/813 429/61/813 2506/14/813
f 2506/14/814 429/61/814 430/62/814 2513/21/814
f 2513/21/815 430/62/815 431/63/815 2520/28/815
f 2520/28/816 431/63/816 432/64/816 2527/35/816
f 2527/35/817 432/64/817 433/65/817 2534/42/817
f 2534/42/818 433/65/818 434/66/818 2541/49/818
f 2541/49/819 434/66/819 34/67/819 435/68/819
f 2540/48/820 2541/49/820 435/68/820 436/69/820
f 2539/47/821 2540/48/821 436/69/821 437/70/821
f 2538/46/822 2539/47/822 437/70/822 438/71/822
f 2537/45/823 2538/46/823 438/71/823 439/72/823
f 2536/43/824 2537/45/824 439/72/824 440/73/824
f 2535/44/825 2536/43/825 440/73/825 441/74/825
f 442/75/826 2535/44/826 441/74/826 33/76/826
f 443/77/827 2528/37/827 2535/44/827 442/75/827
f 444/78/828 2521/30/828 2528/37/828 443/77/828
f 445/79/829 2514/23/829 2521/30/829 444/78/829
f 446/80/830 2507/16/830 2514/23/830 445/79/830
f 447/81/831 2500/4/831 2507/16/831 446/80/831
f 448/52/832 2493/1/832 2500/4/832 447/81/832
f 2542/82/833 2543/83/833 2550/84/833 2549/85/833
f 2543/83/834 2544/86/834 2551/87/834 2550/84/834
f 2544/86/835 2545/88/835 2552/89/835 2551/87/835
f 2545/88/836 2546/90/836 2553/91/836 2552/89/836
f 2546/90/837 2547/92/837 2554/93/837 2553/91/837
f 2547/92/838 2548/94/838 2555/95/838 2554/93/838
f 2549/85/839 2550/84/839 2557/96/839 2556/97/839
f 2550/84/840 2551/87/840 2558/98/840 2557/96/840
f 2551/87/841 2552/89/841 2559/99/841 2558/98/841
f 2552/89/842 2553/91/842 2560/100/842 2559/99/842
f 2553/91/843 2554/93/843 2561/101/843 2560/100/843
f 2554/93/844 2555/95/844 2562/102/844 2561/101/844
f 2556/97/845 2557/96/845 2564/103/845 2563/104/845
f 2557/96/846 2558/98/846 2565/105/846 2564/103/846
f 2558/98/847 2559/99/847 2566/106/847 2565/105/847
f 2559/99/848 2560/100/848 2567/107/848 2566/106/848
f 2560/100/849 2561/101/849 2568/108/849 2567/107/849
f 2561/101/850 2562/102/850 2569/109/850 2568/108/850
f 2563/104/851 2564/103/851 2571/110/851 2570/111/851
f 2564/103/852 2565/105/852 2572/112/852 2571/110/852
f 2565/105/853 2566/106/853 2573/113/853 2572/112/853
f 2566/106/854 2567/107/854 2574/114/854 2573/113/854
f 2567/107/855 2568/108/855 2575/115/855 2574/114/855
f 2568/108/856 2569/109/856 2576/116/856 2575/115/856
f 2570/111/857 2571/110/857 2578/117/857 2577/118/857
f 2571/110/858 2572/112/858 2579/119/858 2578/117/858
f 2572/112/859 2573/113/859 2580/120/859 2579/119/859
f 2573/113/860 2574/114/860 2581/121/860 2580/120/860
f 2574/114/861 2575/115/861 2582/122/861 2581/121/861
f 2575/115/862 2576/116/862 2583/123/862 2582/122/862
f 2577/118/863 2578/117/863 2585/124/863 2584/125/863
f 2578/117/864 2579/119/864 2586/126/864 2585/124/864
f 2579/119/865 2580/120/865 2587/127/865 2586/126/865
f 2580/120/866 2581/121/866 2588/128/866 2587/127/866
f 2581/121/867 2582/122/867 2589/129/867 2588/128/867
f 2582/122/868 2583/123/868 2590/130/868 2589/129/868
f 39/131/869 504/132/869 2542/82/869 490/133/869
f 504/132/870 503/134/870 2543/83/870 2542/82/870
f 503/134/871 502/135/871 2544/86/871 2543/83/871
f 502/135/872 501/136/872 2545/88/872 2544/86/872
f 501/136/873 500/137/873 2546/90/873 2545/88/873
f 500/137/874 499/138/874 2547/92/874 2546/90/874
f 499/138/875 498/139/875 2548/94/875 2547/92/875
f 498/139/876 40/140/876 456/141/876 2548/94/876
f 2548/94/877 456/141/877 457/142/877 2555/95/877
f 2555/95/878 457/142/878 458/143/878 2562/102/878
f 2562/102/879 458/143/879 459/144/879 2569/109/879
f 2569/109/880 459/144/880 460/145/880 2576/116/880
f 2576/116/881 460/145/881 461/146/881 2583/123/881
f 2583/123/882 461/146/882 462/147/882 2590/130/882
f 2590/130/883 462/147/883 37/148/883 470/149/883
f 2589/129/884 2590/130/884 470/149/884 471/150/884
f 2588/128/885 2589/129/885 471/150/885 472/151/885
f 2587/127/886 2588/128/886 472/151/886 473/152/886
f 2586/126/887 2587/127/887 473/152/887 474/153/887
f 2585/124/888 2586/126/888 474/153/888 475/154/888
f 2584/125/889 2585/124/889 475/154/889 476/155/889
f 484/156/890 2584/125/890 476/155/890 36/157/890
f 485/158/891 2577/118/891 2584/125/891 484/156/891
f 486/159/892 2570/111/892 2577/118/892 485/158/892
f 487/160/893 2563/104/893 2570/111/893 486/159/893
f 488/161/894 2556/97/894 2563/104/894 487/160/894
f 489/162/895 2549/85/895 2556/97/895 488/161/895
f 490/133/896 2542/82/896 2549/85/896 489/162/896
f 2591/163/897 2592/164/897 2599/165/897 2598/166/897
f 2592/164/898 2593/167/898 2600/168/898 2599/165/898
f 2593/167/899 2594/169/899 2601/170/899 2600/168/899
f 2594/169/900 2595/171/900 2602/172/900 2601/170/900
f 2595/171/901 2596/173/901 2603/174/901 2602/172/901
f 2596/173/902 2597/175/902 2604/176/902 2603/174/902
f 2598/166/903 2599/165/903 2606/177/903 2605/178/903
f 2599/165/904 2600/168/904 2607/179/904 2606/177/904
f 2600/168/905 2601/170/905 2608/180/905 2607/179/905
f 2601/170/906 2602/172/906 2609/181/906 2608/180/906
f 2602/172/907 2603/174/907 2610/182/907 2609/181/907
f 2603/174/908 2604/176/908 2611/183/908 2610/182/908
f 2605/178/909 2606/177/909 2613/184/909 2612/185/909
f 2606/177/910 2607/179/910 2614/186/910 2613/184/910
f 2607/179/911 2608/180/911 2615/187/911 2614/186/911
f 2608/180/912 2609/181/912 2616/188/912 2615/187/912
f 2609/181/913 2610/182/913 2617/189/913 2616/188/913
f 2610/182/914 2611/183/914 2618/190/914 2617/189/914
f 2612/185/915 2613/184/915 2620/191/915 2619/192/915
f 2613/184/916 2614/186/916 2621/193/916 2620/191/916
f 2614/186/917 2615/187/917 2622/194/917 2621/193/917
f 2615/187/918 2616/188/918 2623/195/918 2622/194/918
f 2616/188/919 2617/189/919 2624/196/919 2623/195/919
f 2617/189/920 2618/190/920 2625/197/920 2624/196/920
f 2619/192/921 2620/191/921 2627/198/921 2626/199/921
f 2620/191/922 2621/193/922 2628/200/922 2627/198/922
f 2621/193/923 2622/194/923 2629/201/923 2628/200/923
f 2622/194/924 2623/195/924 2630/202/924 2629/201/924
f 2623/195/925 2624/196/925 2631/203/925 2630/202/925
f 2624/196/926 2625/197/926 2632/204/926 2631/203/926
f 2626/199/927 2627/198/927 2634/205/927 2633/206/927
f 2627/198/928 2628/200/928 2635/207/928 2634/205/928
f 2628/200/929 2629/201/929 2636/208/929 2635/207/929
f 2629/201/930 2630/202/930 2637/209/930 2636/208/930
f 2630/202/931 2631/203/931 2638/210/931 2637/209/931
f 2631/203/932 2632/204/932 2639/211/932 2638/210/932
f 36/157/933 476/155/933 2591/163/933 455/212/933
f 476/155/934 475/154/934 2592/164/934 2591/163/934
f 475/154/935 474/153/935 2593/167/935 2592/164/935
f 474/153/936 473/152/936 2594/169/936 2593/167/936
f 473/152/937 472/151/937 2595/171/937 2594/169/937
f 472/151/938 471/150/938 2596/173/938 2595/171/938
f 471/150/939 470/149/939 2597/175/939 2596/173/939
f 470/149/940 37/148/940 463/213/940 2597/175/940
f 2597/175/941 463/213/941 464/214/941 2604/176/941
f 2604/176/942 464/214/942 465/215/942 2611/183/942
f 2611/183/943 465/215/943 466/216/943 2618/190/943
f 2618/190/944 466/216/944 467/217/944 2625/197/944
f 2625/197/945 467/217/945 468/218/945 2632/204/945
f 2632/204/946 468/218/946 469/219/946 2639/211/946
f 2639/211/947 469/219/947 38/59/947 477/58/947
f 2638/210/948 2639/211/948 477/58/948 478/57/948
f 2637/209/949 2638/210/949 478/57/949 479/56/949
f 2636/208/950 2637/209/950 479/56/950 480/55/950
f 2635/207/951 2636/208/951 480/55/951 481/54/951
f 2634/205/952 2635/207/952 481/54/952 482/53/952
f 2633/206/953 2634/205/953 482/53/953 483/51/953
f 449/220/954 2633/206/954 483/51/954 35/50/954
f 450/221/955 2626/199/955 2633/206/955 449/220/955
f 451/222/956 2619/192/956 2626/199/956 450/221/956
f 452/223/957 2612/185/957 2619/192/957 451/222/957
f 453/224/958 2605/178/958 2612/185/958 452/223/958
f 454/225/959 2598/166/959 2605/178/959 453/224/959
f 455/212/960 2591/163/960 2598/166/960 454/225/960
f 2640/226/961 2641/227/961 2648/228/961 2647/229/961
f 2641/227/962 2642/230/962 2649/231/962 2648/228/962
f 2642/230/963 2643/232/963 2650/233/963 2649/231/963
f 2643/232/964 2644/234/964 2651/235/964 2650/233/964
f 2644/234/965 2645/236/965 2652/237/965 2651/235/965
f 2645/236/966 2646/238/966 2653/239/966 2652/237/966
f 2647/229/967 2648/228/967 2655/240/967 2654/241/967
f 2648/228/968 2649/231/968 2656/242/968 2655/240/968
f 2649/231/969 2650/233/969 2657/243/969 2656/242/969
f 2650/233/970 2651/235/970 2658/244/970 2657/243/970
f 2651/235/971 2652/237/971 2659/245/971 2658/244/971
f 2652/237/972 2653/239/972 2660/246/972 2659/245/972
f 2654/241/973 2655/240/973 2662/247/973 2661/248/973
f 2655/240/974 2656/242/974 2663/249/974 2662/247/974
f 2656/242/975 2657/243/975 2664/250/975 2663/249/975
f 2657/243/976 2658/244/976 2665/251/976 2664/250/976
f 2658/244/977 2659/245/977 2666/252/977 2665/251/977
f 2659/245/978 2660/246/978 2667/253/978 2666/252/978
f 2661/248/979 2662/247/979 2669/254/979 2668/255/979
f 2662/247/980 2663/249/980 2670/256/980 2669/254/980
f 2663/249/981 2664/250/981 2671/257/981 2670/256/981
f 2664/250/982 2665/251/982 2672/258/982 2671/257/982
f 2665/251/983 2666/252/983 2673/259/983 2672/258/983
f 2666/252/984 2667/253/984 2674/260/984 2673/259/984
f 2668/255/985 2669/254/985 2676/261/985 2675/262/985
f 2669/254/986 2670/256/986 2677/263/986 2676/261/986
f 2670/256/987 2671/257/987 2678/264/987 2677/263/987
f 2671/257/988 2672/258/988 2679/265/988 2678/264/988
f 2672/258/989 2673/259/989 2680/266/989 2679/265/989
f 2673/259/990 2674/260/990 2681/267/990 2680/266/990
f 2675/262/991 2676/261/991 2683/268/991 2682/269/991
f 2676/261/992 2677/263/992 2684/270/992 2683/268/992
f 2677/263/993 2678/264/993 2685/271/993 2684/270/993
f 2678/264/994 2679/265/994 2686/272/994 2685/271/994
f 2679/265/995 2680/266/995 2687/273/995 2686/272/995
f 2680/266/996 2681/267/996 2688/274/996 2687/273/996
f 31/275/997 421/276/997 2640/226/997 420/277/997
f 421/276/998 422/278/998 2641/227/998 2640/226/998
f 422/278/999 423/279/999 2642/230/999 2641/227/999
f 423/279/1000 424/280/1000 2643/232/1000 2642/230/1000
f 424/280/1001 425/281/1001 2644/234/1001 2643/232/1001
f 425/281/1002 426/282/1002 2645/236/1002 2644/234/1002
f 426/282/1003 427/283/1003 2646/238/1003 2645/236/1003
f 427/283/1004 32/284/1004 491/285/1004 2646/238/1004
f 2646/238/1005 491/285/1005 492/286/1005 2653/239/1005
f 2653/239/1006 492/286/1006 493/287/1006 2660/246/1006
f 2660/246/1007 493/287/1007 494/288/1007 2667/253/1007
f 2667/253/1008 494/288/1008 495/289/1008 2674/260/1008
f 2674/260/1009 495/289/1009 496/290/1009 2681/267/1009
f 2681/267/1010 496/290/1010 497/291/1010 2688/274/1010
f 2688/274/1011 497/291/1011 40/140/1011 498/139/1011
f 2687/273/1012 2688/274/1012 498/139/1012 499/138/1012
f 2686/272/1013 2687/273/1013 499/138/1013 500/137/1013
f 2685/271/1014 2686/272/1014 500/137/1014 501/136/1014
f 2684/270/1015 2685/271/1015 501/136/1015 502/135/1015
f 2683/268/1016 2684/270/1016 502/135/1016 503/134/1016
f 2682/269/1017 2683/268/1017 503/134/1017 504/132/1017
f 414/292/1018 2682/269/1018 504/132/1018 39/131/1018
f 415/293/1019 2675/262/1019 2682/269/1019 414/292/1019
f 416/294/1020 2668/255/1020 2675/262/1020 415/293/1020
f 417/295/1021 2661/248/1021 2668/255/1021 416/294/1021
f 418/296/1022 2654/241/1022 2661/248/1022 417/295/1022
f 419/297/1023 2647/229/1023 2654/241/1023 418/296/1023
f 420/277/1024 2640/226/1024 2647/229/1024 419/297/1024
f 2689/1/1025 2690/2/1025 2697/3/1025 2696/4/1025
f 2690/2/1026 2691/5/1026 2698/6/1026 2697/3/1026
f 2691/5/1027 2692/7/1027 2699/8/1027 2698/6/1027
f 2692/7/1028 2693/9/1028 2700/10/1028 2699/8/1028
f 2693/9/1029 2694/11/1029 2701/12/1029 2700/10/1029
f 2694/11/1030 2695/13/1030 2702/14/1030 2701/12/1030
f 2696/4/1031 2697/3/1031 2704/15/1031 2703/16/1031
f 2697/3/1032 2698/6/1032 2705/17/1032 2704/15/1032
f 2698/6/1033 2699/8/1033 2706/18/1033 2705/17/1033
f 2699/8/1034 2700/10/1034 2707/19/1034 2706/18/1034
f 2700/10/1035 2701/12/1035 2708/20/1035 2707/19/1035
f 2701/12/1036 2702/14/1036 2709/21/1036 2708/20/1036
f 2703/16/1037 2704/15/1037 2711/22/1037 2710/23/1037
f 2704/15/1038 2705/17/1038 2712/24/1038 2711/22/1038
f 2705/17/1039 2706/18/1039 2713/25/1039 2712/24/1039
f 2706/18/1040 2707/19/1040 2714/26/1040 2713/25/1040
f 2707/19/1041 2708/20/1041 2715/27/1041 2714/26/1041
f 2708/20/1042 2709/21/1042 2716/28/1042 2715/27/1042
f 2710/23/1043 2711/22/1043 2718/29/1043 2717/30/1043
f 2711/22/1044 2712/24/1044 2719/31/1044 2718/29/1044
f 2712/24/1045 2713/25/1045 2720/32/1045 2719/31/1045
f 2713/25/1046 2714/26/1046 2721/33/1046 2720/32/1046
f 2714/26/1047 2715/27/1047 2722/34/1047 2721/33/1047
f 2715/27/1048 2716/28/1048 2723/35/1048 2722/34/1048
f 2717/30/1049 2718/29/1049 2725/36/1049 2724/37/1049
f 2718/29/1050 2719/31/1050 2726/38/1050 2725/36/1050
f 2719/31/1051 2720/32/1051 2727/39/1051 2726/38/1051
f 2720/32/1052 2721/33/1052 2728/40/1052 2727/39/1052
f 2721/33/1053 2722/34/1053 2729/41/1053 2728/40/1053
f 2722/34/1054 2723/35/1054 2730/42/1054 2729/41/1054
f 2724/37/1055 2725/36/1055 2732/43/1055 2731/44/1055
f 2725/36/1056 2726/38/1056 2733/45/1056 2732/43/1056
f 2726/38/1057 2727/39/1057 2734/46/1057 2733/45/1057
f 2727/39/1058 2728/40/1058 2735/47/1058 2734/46/1058
f 2728/40/1059 2729/41/1059 2736/48/1059 2735/47/1059
f 2729/41/1060 2730/42/1060 2737/49/1060 2736/48/1060
f 45/50/1061 574/51/1061 2689/1/1061 539/52/1061
f 574/51/1062 573/53/1062 2690/2/1062 2689/1/1062
f 573/53/1063 572/54/1063 2691/5/1063 2690/2/1063
f 572/54/1064 571/55/1064 2692/7/1064 2691/5/1064
f 571/55/1065 570/56/1065 2693/9/1065 2692/7/1065
f 570/56/1066 569/57/1066 2694/11/1066 2693/9/1066
f 569/57/1067 568/58/1067 2695/13/1067 2694/11/1067
f 568/58/1068 48/59/1068 519/60/1068 2695/13/1068
f 2695/13/1069 519/60/1069 520/61/1069 2702/14/1069
f 2702/14/1070 520/61/1070 521/62/1070 2709/21/1070
f 2709/21/1071 521/62/1071 522/63/1071 2716/28/1071
f 2716/28/1072 522/63/1072 523/64/1072 2723/35/1072
f 2723/35/1073 523/64/1073 524/65/1073 2730/42/1073
f 2730/42/1074 524/65/1074 525/66/1074 2737/49/1074
f 2737/49/1075 525/66/1075 44/67/1075 526/68/1075
f 2736/48/1076 2737/49/1076 526/68/1076 527/69/1076
f 2735/47/1077 2736/48/1077 527/69/1077 528/70/1077
f 2734/46/1078 2735/47/1078 528/70/1078 529/71/1078
f 2733/45/1079 2734/46/1079 529/71/1079 530/72/1079
f 2732/43/1080 2733/45/1080 530/72/1080 531/73/1080
f 2731/44/1081 2732/43/1081 531/73/1081 532/74/1081
f 533/75/1082 2731/44/1082 532/74/1082 43/76/1082
f 534/77/1083 2724/37/1083 2731/44/1083 533/75/1083
f 535/78/1084 2717/30/1084 2724/37/1084 534/77/1084
f 536/79/1085 2710/23/1085 2717/30/1085 535/78/1085
f 537/80/1086 2703/16/1086 2710/23/1086 536/79/1086
f 538/81/1087 2696/4/1087 2703/16/1087 537/80/1087
f 539/52/1088 2689/1/1088 2696/4/1088 538/81/1088
f 2738/82/1089 2739/83/1089 2746/84/1089 2745/85/1089
f 2739/83/1090 2740/86/1090 2747/87/1090 2746/84/1090
f 2740/86/1091 2741/88/1091 2748/89/1091 2747/87/1091
f 2741/88/1092 2742/90/1092 2749/91/1092 2748/89/1092
f 2742/90/1093 2743/92/1093 2750/93/1093 2749/91/1093
f 2743/92/1094 2744/94/1094 2751/95/1094 2750/93/1094
f 2745/85/1095 2746/84/1095 2753/96/1095 2752/97/1095
f 2746/84/1096 2747/87/1096 2754/98/1096 2753/96/1096
f 2747/87/1097 2748/89/1097 2755/99/1097 2754/98/1097
f 2748/89/1098 2749/91/1098 2756/100/1098 2755/99/1098
f 2749/91/1099 2750/93/1099 2757/101/1099 2756/100/1099
f 2750/93/1100 2751/95/1100 2758/102/1100 2757/101/1100
f 2752/97/1101 2753/96/1101 2760/103/1101 2759/104/1101
f 2753/96/1102 2754/98/1102 2761/105/1102 2760/103/1102
f 2754/98/1103 2755/99/1103 2762/106/1103 2761/105/1103
f 2755/99/1104 2756/100/1104 2763/107/1104 2762/106/1104
f 2756/100/1105 2757/101/1105 2764/108/1105 2763/107/1105
f 2757/101/1106 2758/102/1106 2765/109/1106 2764/108/1106
f 2759/104/1107 2760/103/1107 2767/110/1107 2766/111/1107
f 2760/103/1108 2761/105/1108 2768/112/1108 2767/110/1108
f 2761/105/1109 2762/106/1109 2769/113/1109 2768/112/1109
f 2762/106/1110 2763/107/1110 2770/114/1110 2769/113/1110
f 2763/107/1111 2764/108/1111 2771/115/1111 2770/114/1111
f 2764/108/1112 2765/109/1112 2772/116/1112 2771/115/1112
f 2766/111/1113 2767/110/1113 2774/117/1113 2773/118/1113
f 2767/110/1114 2768/112/1114 2775/119/1114 2774/117/1114
f 2768/112/1115 2769/113/1115 2776/120/1115 2775/119/1115
f 2769/113/1116 2770/114/1116 2777/121/1116 2776/120/1116
f 2770/114/1117 2771/115/1117 2778/122/1117 2777/121/1117
f 2771/115/1118 2772/116/1118 2779/123/1118 2778/122/1118
f 2773/118/1119 2774/117/1119 2781/124/1119 2780/125/1119
f 2774/117/1120 2775/119/1120 2782/126/1120 2781/124/1120
f 2775/119/1121 2776/120/1121 2783/127/1121 2782/126/1121
f 2776/120/1122 2777/121/1122 2784/128/1122 2783/127/1122
f 2777/121/1123 2778/122/1123 2785/129/1123 2784/128/1123
f 2778/122/1124 2779/123/1124 2786/130/1124 2785/129/1124
f 49/131/1125 595/132/1125 2738/82/1125 581/133/1125
f 595/132/1126 594/134/1126 2739/83/1126 2738/82/1126
f 594/134/1127 593/135/1127 2740/86/1127 2739/83/1127
f 593/135/1128 592/136/1128 2741/88/1128 2740/86/1128
f 592/136/1129 591/137/1129 2742/90/1129 2741/88/1129
f 591/137/1130 590/138/1130 2743/92/1130 2742/90/1130
f 590/138/1131 589/139/1131 2744/94/1131 2743/92/1131
f 589/139/1132 50/140/1132 547/141/1132 2744/94/1132
f 2744/94/1133 547/141/1133 548/142/1133 2751/95/1133
f 2751/95/1134 548/142/1134 549/143/1134 2758/102/1134
f 2758/102/1135 549/143/1135 550/144/1135 2765/109/1135
f 2765/109/1136 550/144/1136 551/145/1136 2772/116/1136
f 2772/116/1137 551/145/1137 552/146/1137 2779/123/1137
f 2779/123/1138 552/146/1138 553/147/1138 2786/130/1138
f 2786/130/1139 553/147/1139 47/148/1139 561/149/1139
f 2785/129/1140 2786/130/1140 561/149/1140 562/150/1140
f 2784/128/1141 2785/129/1141 562/150/1141 563/151/1141
f 2783/127/1142 2784/128/1142 563/151/1142 564/152/1142
f 2782/126/1143 2783/127/1143 564/152/1143 565/153/1143
f 2781/124/1144 2782/126/1144 565/153/1144 566/154/1144
f 2780/125/1145 2781/124/1145 566/154/1145 567/155/1145
f 575/156/1146 2780/125/1146 567/155/1146 46/157/1146
f 576/158/1147 2773/118/1147 2780/125/1147 575/156/1147
f 577/159/1148 2766/111/1148 2773/118/1148 576/158/1148
f 578/160/1149 2759/104/1149 2766/111/1149 577/159/1149
f 579/161/1150 2752/97/1150 2759/104/1150 578/160/1150
f 580/162/1151 2745/85/1151 2752/97/1151 579/161/1151
f 581/133/1152 2738/82/1152 2745/85/1152 580/162/1152
f 2787/163/1153 2788/164/1153 2795/165/1153 2794/166/1153
f 2788/164/1154 2789/167/1154 2796/168/1154 2795/165/1154
f 2789/167/1155 2790/169/1155 2797/170/1155 2796/168/1155
f 2790/169/1156 2791/171/1156 2798/172/1156 2797/170/1156
f 2791/171/1157 2792/173/1157 2799/174/1157 2798/172/1157
f 2792/173/1158 2793/175/1158 2800/176/1158 2799/174/1158
f 2794/166/1159 2795/165/1159 2802/177/1159 2801/178/1159
f 2795/165/1160 2796/168/1160 2803/179/1160 2802/177/1160
f 2796/168/1161 2797/170/1161 2804/180/1161 2803/179/1161
f 2797/170/1162 2798/172/1162 2805/181/1162 2804/180/1162
f 2798/172/1163 2799/174/1163 2806/182/1163 2805/181/1163
f 2799/174/1164 2800/176/1164 2807/183/1164 2806/182/1164
f 2801/178/1165 2802/177/1165 2809/184/1165 2808/185/1165
f 2802/177/1166 2803/179/1166 2810/186/1166 2809/184/1166
f 2803/179/1167 2804/180/1167 2811/187/1167 2810/186/1167
f 2804/180/1168 2805/181/1168 2812/188/1168 2811/187/1168
f 2805/181/1169 2806/182/1169 2813/189/1169 2812/188/1169
f 2806/182/1170 2807/183/1170 2814/190/1170 2813/189/1170
f 2808/185/1171 2809/184/1171 2816/191/1171 2815/192/1171
f 2809/184/1172 2810/186/1172 2817/193/1172 2816/191/1172
f 2810/186/1173 2811/187/1173 2818/194/1173 2817/193/1173
f 2811/187/1174 2812/188/1174 2819/195/1174 2818/194/1174
f 2812/188/1175 2813/189/1175 2820/196/1175 2819/195/1175
f 2813/189/1176 2814/190/1176 2821/197/1176 2820/196/1176
f 2815/192/1177 2816/191/1177 2823/198/1177 2822/199/1177
f 2816/191/1178 2817/193/1178 2824/200/1178 2823/198/1178
f 2817/193/1179 2818/194/1179 2825/201/1179 2824/200/1179
f 2818/194/1180 2819/195/1180 2826/202/1180 2825/201/1180
f 2819/195/1181 2820/196/1181 2827/203/1181 2826/202/1181
f 2820/196/1182 2821/197/1182 2828/204/1182 2827/203/1182
f 2822/199/1183 2823/198/1183 2830/205/1183 2829/206/1183
f 2823/198/1184 2824/200/1184 2831/207/1184 2830/205/1184
f 2824/200/1185 2825/201/1185 2832/208/1185 2831/207/1185
f 2825/201/1186 2826/202/1186 2833/209/1186 2832/208/1186
f 2826/202/1187 2827/203/1187 2834/210/1187 2833/209/1187
f 2827/203/1188 2828/204/1188 2835/211/1188 2834/210/1188
f 46/157/1189 567/155/1189 2787/163/1189 546/212/1189
f 567/155/1190 566/154/1190 2788/164/1190 2787/163/1190
f 566/154/1191 565/153/1191 2789/167/1191 2788/164/1191
f 565/153/1192 564/152/1192 2790/169/1192 2789/167/1192
f 564/152/1193 563/151/1193 2791/171/1193 2790/169/1193
f 563/151/1194 562/150/1194 2792/173/1194 2791/171/1194
f 562/150/1195 561/149/1195 2793/175/1195 2792/173/1195
f 561/149/1196 47/148/1196 554/213/1196 2793/175/1196
f 2793/175/1197 554/213/1197 555/214/1197 2800/176/1197
f 2800/176/1198 555/214/1198 556/215/1198 2807/183/1198
f 2807/183/1199 556/215/1199 557/216/1199 2814/190/1199
f 2814/190/1200 557/216/1200 558/217/1200 2821/197/1200
f 2821/197/1201 558/217/1201 559/218/1201 2828/204/1201
f 2828/204/1202 559/218/1202 560/219/1202 2835/211/1202
f 2835/211/1203 560/219/1203 48/59/1203 568/58/1203
f 2834/210/1204 2835/211/1204 568/58/1204 569/57/1204
f 2833/209/1205 2834/210/1205 569/57/1205 570/56/1205
f 2832/208/1206 2833/209/1206 570/56/1206 571/55/1206
f 2831/207/1207 2832/208/1207 571/55/1207 572/54/1207
f 2830/205/1208 2831/207/1208 572/54/1208 573/53/1208
f 2829/206/1209 2830/205/1209 573/53/1209 574/51/1209
f 540/220/1210 2829/206/1210 574/51/1210 45/50/1210
f 541/221/1211 2822/199/1211 2829/206/1211 540/220/1211
f 542/222/1212 2815/192/1212 2822/199/1212 541/221/1212
f 543/223/1213 2808/185/1213 2815/192/1213 542/222/1213
f 544/224/1214 2801/178/1214 2808/185/1214 543/223/1214
f 545/225/1215 2794/166/1215 2801/178/1215 544/224/1215
f 546/212/1216 2787/163/1216 2794/166/1216 545/225/1216
f 2836/226/1217 2837/227/1217 2844/228/1217 2843/229/1217
f 2837/227/1218 2838/230/1218 2845/231/1218 2844/228/1218
f 2838/230/1219 2839/232/1219 2846/233/1219 2845/231/1219
f 2839/232/1220 2840/234/1220 2847/235/1220 2846/233/1220
f 2840/234/1221 2841/236/1221 2848/237/1221 2847/235/1221
f 2841/236/1222 2842/238/1222 2849/239/1222 2848/237/1222
f 2843/229/1223 2844/228/1223 2851/240/1223 2850/241/1223
f 2844/228/1224 2845/231/1224 2852/242/1224 2851/240/1224
f 2845/231/1225 2846/233/1225 2853/243/1225 2852/242/1225
f 2846/233/1226 2847/235/1226 2854/244/1226 2853/243/1226
f 2847/235/1227 2848/237/1227 2855/245/1227 2854/244/1227
f 2848/237/1228 2849/239/1228 2856/246/1228 2855/245/1228
f 2850/241/1229 2851/240/1229 2858/247/1229 2857/248/1229
f 2851/240/1230 2852/242/1230 2859/249/1230 2858/247/1230
f 2852/242/1231 2853/243/1231 2860/250/1231 2859/249/1231
f 2853/243/1232 2854/244/1232 2861/251/1232 2860/250/1232
f 2854/244/1233 2855/245/1233 2862/252/1233 2861/251/1233
f 2855/245/1234 2856/246/1234 2863/253/1234 2862/252/1234
f 2857/248/1235 2858/247/1235 2865/254/1235 2864/255/1235
f 2858/247/1236 2859/249/1236 2866/256/1236 2865/254/1236
f 2859/249/1237 2860/250/1237 2867/257/1237 2866/256/1237
f 2860/250/1238 2861/251/1238 2868/258/1238 2867/257/1238
f 2861/251/1239 2862/252/1239 2869/259/1239 2868/258/1239
f 2862/252/1240 2863/253/1240 2870/260/1240 2869/259/1240
f 2864/255/1241 2865/254/1241 2872/261/1241 2871/262/1241
f 2865/254/1242 2866/256/1242 2873/263/1242 2872/261/1242
f 2866/256/1243 2867/257/1243 2874/264/1243 2873/263/1243
f 2867/257/1244 2868/258/1244 2875/265/1244 2874/264/1244
f 2868/258/1245 2869/259/1245 2876/266/1245 2875/265/1245
f 2869/259/1246 2870/260/1246 2877/267/1246 2876/266/1246
f 2871/262/1247 2872/261/1247 2879/268/1247 2878/269/1247
f 2872/261/1248 2873/263/1248 2880/270/1248 2879/268/1248
f 2873/263/1249 2874/264/1249 2881/271/1249 2880/270/1249
f 2874/264/1250 2875/265/1250 2882/272/1250 2881/271/1250
f 2875/265/1251 2876/266/1251 2883/273/1251 2882/272/1251
f 2876/266/1252 2877/267/1252 2884/274/1252 2883/273/1252
f 41/275/1253 512/276/1253 2836/226/1253 511/277/1253
f 512/276/1254 513/278/1254 2837/227/1254 2836/226/1254
f 513/278/1255 514/279/1255 2838/230/1255 2837/227/1255
f 514/279/1256 515/280/1256 2839/232/1256 2838/230/1256
f 515/280/1257 516/281/1257 2840/234/1257 2839/232/1257
f 516/281/1258 517/282/1258 2841/236/1258 2840/234/1258
f 517/282/1259 518/283/1259 2842/238/1259 2841/236/1259
f 518/283/1260 42/284/1260 582/285/1260 2842/238/1260
f 2842/238/1261 582/285/1261 583/286/1261 2849/239/1261
f 2849/239/1262 583/286/1262 584/287/1262 2856/246/1262
f 2856/246/1263 584/287/1263 585/288/1263 2863/253/1263
f 2863/253/1264 585/288/1264 586/289/1264 2870/260/1264
f 2870/260/1265 586/289/1265 587/290/1265 2877/267/1265
f 2877/267/1266 587/290/1266 588/291/1266 2884/274/1266
f 2884/274/1267 588/291/1267 50/140/1267 589/139/1267
f 2883/273/1268 2884/274/1268 589/139/1268 590/138/1268
f 2882/272/1269 2883/273/1269 590/138/1269 591/137/1269
f 2881/271/1270 2882/272/1270 591/137/1270 592/136/1270
f 2880/270/1271 2881/271/1271 592/136/1271 593/135/1271
f 2879/268/1272 2880/270/1272 593/135/1272 594/134/1272
f 2878/269/1273 2879/268/1273 594/134/1273 595/132/1273
f 505/292/1274 2878/269/1274 595/132/1274 49/131/1274
f 506/293/1275 2871/262/1275 2878/269/1275 505/292/1275
f 507/294/1276 2864/255/1276 2871/262/1276 506/293/1276
f 508/295/1277 2857/248/1277 2864/255/1277 507/294/1277
f 509/296/1278 2850/241/1278 2857/248/1278 508/295/1278
f 510/297/1279 2843/229/1279 2850/241/1279 509/296/1279
f 511/277/1280 2836/226/1280 2843/229/1280 510/297/1280
f 2885/1/1281 2886/2/1281 2893/3/1281 2892/4/1281
f 2886/2/1282 2887/5/1282 2894/6/1282 2893/3/1282
f 2887/5/1283 2888/7/1283 2895/8/1283 2894/6/1283
f 2888/7/1284 2889/9/1284 2896/10/1284 2895/8/1284
f 2889/9/1285 2890/11/1285 2897/12/1285 2896/10/1285
f 2890/11/1286 2891/13/1286 2898/14/1286 2897/12/1286
f 2892/4/1287 2893/3/1287 2900/15/1287 2899/16/1287
f 2893/3/1288 2894/6/1288 2901/17/1288 2900/15/1288
f 2894/6/1289 2895/8/1289 2902/18/1289 2901/17/1289
f 2895/8/1290 2896/10/1290 2903/19/1290 2902/18/1290
f 2896/10/1291 2897/12/1291 2904/20/1291 2903/19/1291
f 2897/12/1292 2898/14/1292 2905/21/1292 2904/20/1292
f 2899/16/1293 2900/15/1293 2907/22/1293 2906/23/1293
f 2900/15/1294 2901/17/1294 2908/24/1294 2907/22/1294
f 2901/17/1295 2902/18/1295 2909/25/1295 2908/24/1295
f 2902/18/1296 2903/19/1296 2910/26/1296 2909/25/1296
f 2903/19/1297 2904/20/1297 2911/27/1297 2910/26/1297
f 2904/20/1298 2905/21/1298 2912/28/1298 2911/27/1298
f 2906/23/1299 2907/22/1299 2914/29/1299 2913/30/1299
f 2907/22/1300 2908/24/1300 2915/31/1300 2914/29/1300
f 2908/24/1301 2909/25/1301 2916/32/1301 2915/31/1301
f 2909/25/1302 2910/26/1302 2917/33/1302 2916/32/1302
f 2910/26/1303 2911/27/1303 2918/34/1303 2917/33/1303
f 2911/27/1304 2912/28/1304 2919/35/1304 2918/34/1304
f 2913/30/1305 2914/29/1305 2921/36/1305 2920/37/1305
f 2914/29/1306 2915/31/1306 2922/38/1306 2921/36/1306
f 2915/31/1307 2916/32/1307 2923/39/1307 2922/38/1307
f 2916/32/1308 2917/33/1308 2924/40/1308 2923/39/1308
f 2917/33/1309 2918/34/1309 2925/41/1309 2924/40/1309
f 2918/34/1310 2919/35/1310 2926/42/1310 2925/41/1310
f 2920/37/1311 2921/36/1311 2928/43/1311 2927/44/1311
f 2921/36/1312 2922/38/1312 2929/45/1312 2928/43/1312
f 2922/38/1313 2923/39/1313 2930/46/1313 2929/45/1313
f 2923/39/1314 2924/40/1314 2931/47/1314 2930/46/1314
f 2924/40/1315 2925/41/1315 2932/48/1315 2931/47/1315
f 2925/41/1316 2926/42/1316 2933/49/1316 2932/48/1316
f 55/50/1317 665/51/1317 2885/1/1317 630/52/1317
f 665/51/1318 664/53/1318 2886/2/1318 2885/1/1318
f 664/53/1319 663/54/1319 2887/5/1319 2886/2/1319
f 663/54/1320 662/55/1320 2888/7/1320 2887/5/1320
f 662/55/1321 661/56/1321 2889/9/1321 2888/7/1321
f 661/56/1322 660/57/1322 2890/11/1322 2889/9/1322
f 660/57/1323 659/58/1323 2891/13/1323 2890/11/1323
f 659/58/1324 58/59/1324 610/60/1324 2891/13/1324
f 2891/13/1325 610/60/1325 611/61/1325 2898/14/1325
f 2898/14/1326 611/61/1326 612/62/1326 2905/21/1326
f 2905/21/1327 612/62/1327 613/63/1327 2912/28/1327
f 2912/28/1328 613/63/1328 614/64/1328 2919/35/1328
f 2919/35/1329 614/64/1329 615/65/1329 2926/42/1329
f 2926/42/1330 615/65/1330 616/66/1330 2933/49/1330
f 2933/49/1331 616/66/1331 54/67/1331 617/68/1331
f 2932/48/1332 2933/49/1332 617/68/1332 618/69/1332
f 2931/47/1333 2932/48/1333 618/69/1333 619/70/1333
f 2930/46/1334 2931/47/1334 619/70/1334 620/71/1334
f 2929/45/1335 2930/46/1335 620/71/1335 621/72/1335
f 2928/43/1336 2929/45/1336 621/72/1336 622/73/1336
f 2927/44/1337 2928/43/1337 622/73/1337 623/74/1337
f 624/75/1338 2927/44/1338 623/74/1338 53/76/1338
f 625/77/1339 2920/37/1339 2927/44/1339 624/75/1339
f 626/78/1340 2913/30/1340 2920/37/1340 625/77/1340
f 627/79/1341 2906/23/1341 2913/30/1341 626/78/1341
f 628/80/1342 2899/16/1342 2906/23/1342 627/79/1342
f 629/81/1343 2892/4/1343 2899/16/1343 628/80/1343
f 630/52/1344 2885/1/1344 2892/4/1344 629/81/1344
f 2934/82/1345 2935/83/1345 2942/84/1345 2941/85/1345
f 2935/83/1346 2936/86/1346 2943/87/1346 2942/84/1346
f 2936/86/1347 2937/88/1347 2944/89/1347 2943/87/1347
f 2937/88/1348 2938/90/1348 2945/91/1348 2944/89/1348
f 2938/90/1349 2939/92/1349 2946/93/1349 2945/91/1349
f 2939/92/1350 2940/94/1350 2947/95/1350 2946/93/1350
f 2941/85/1351 2942/84/1351 2949/96/1351 2948/97/1351
f 2942/84/1352 2943/87/1352 2950/98/1352 2949/96/1352
f 2943/87/1353 2944/89/1353 2951/99/1353 2950/98/1353
f 2944/89/1354 2945/91/1354 2952/100/1354 2951/99/1354
f 2945/91/1355 2946/93/1355 2953/101/1355 2952/100/1355
f 2946/93/1356 2947/95/1356 2954/102/1356 2953/101/1356
f 2948/97/1357 2949/96/1357 2956/103/1357 2955/104/1357
f 2949/96/1358 2950/98/1358 2957/105/1358 2956/103/1358
f 2950/98/1359 2951/99/1359 2958/106/1359 2957/105/1359
f 2951/99/1360 2952/100/1360 2959/107/1360 2958/106/1360
f 2952/100/1361 2953/101/1361 2960/108/1361 2959/107/1361
f 2953/101/1362 2954/102/1362 2961/109/1362 2960/108/1362
f 2955/104/1363 2956/103/1363 2963/110/1363 2962/111/1363
f 2956/103/1364 2957/105/1364 2964/112/1364 2963/110/1364
f 2957/105/1365 2958/106/1365 2965/113/1365 2964/112/1365
f 2958/106/1366 2959/107/1366 2966/114/1366 2965/113/1366
f 2959/107/1367 2960/108/1367 2967/115/1367 2966/114/1367
f 2960/108/1368 2961/109/1368 2968/116/1368 2967/115/1368
f 2962/111/1369 2963/110/1369 2970/117/1369 2969/118/1369
f 2963/110/1370 2964/112/1370 2971/119/1370 2970/117/1370
f 2964/112/1371 2965/113/1371 2972/120/1371 2971/119/1371
f 2965/113/1372 2966/114/1372 2973/121/1372 2972/120/1372
f 2966/114/1373 2967/115/1373 2974/122/1373 2973/121/1373
f 2967/115/1374 2968/116/1374 2975/123/1374 2974/122/1374
f 2969/118/1375 2970/117/1375 2977/124/1375 2976/125/1375
f 2970/117/1376 2971/119/1376 2978/126/1376 2977/124/1376
f 2971/119/1377 2972/120/1377 2979/127/1377 2978/126/1377
f 2972/120/1378 2973/121/1378 2980/128/1378 2979/127/1378
f 2973/121/1379 2974/122/1379 2981/129/1379 2980/128/1379
f 2974/122/1380 2975/123/1380 2982/130/1380 2981/129/1380
f 59/131/1381 686/132/1381 2934/82/1381 672/133/1381
f 686/132/1382 685/134/1382 2935/83/1382 2934/82/1382
f 685/134/1383 684/135/1383 2936/86/1383 2935/83/1383
f 684/135/1384 683/136/1384 2937/88/1384 2936/86/1384
f 683/136/1385 682/137/1385 2938/90/1385 2937/88/1385
f 682/137/1386 681/138/1386 2939/92/1386 2938/90/1386
f 681/138/1387 680/139/1387 2940/94/1387 2939/92/1387
f 680/139/1388 60/140/1388 638/141/1388 2940/94/1388
f 2940/94/1389 638/141/1389 639/142/1389 2947/95/1389
f 2947/95/1390 639/142/1390 640/143/1390 2954/102/1390
f 2954/102/1391 640/143/1391 641/144/1391 2961/109/1391
f 2961/109/1392 641/144/1392 642/145/1392 2968/116/1392
f 2968/116/1393 642/145/1393 643/146/1393 2975/123/1393
f 2975/123/1394 643/146/1394 644/147/1394 2982/130/1394
f 2982/130/1395 644/147/1395 57/148/1395 652/149/1395
f 2981/129/1396 2982/130/1396 652/149/1396 653/150/1396
f 2980/128/1397 2981/129/1397 653/150/1397 654/151/1397
f 2979/127/1398 2980/128/1398 654/151/1398 655/152/1398
f 2978/126/1399 2979/127/1399 655/152/1399 656/153/1399
f 2977/124/1400 2978/126/1400 656/153/1400 657/154/1400
f 2976/125/1401 2977/124/1401 657/154/1401 658/155/1401
f 666/156/1402 2976/125/1402 658/155/1402 56/157/1402
f 667/158/1403 2969/118/1403 2976/125/1403 666/156/1403
f 668/159/1404 2962/111/1404 2969/118/1404 667/158/1404
f 669/160/1405 2955/104/1405 2962/111/1405 668/159/1405
f 670/161/1406 2948/97/1406 2955/104/1406 669/160/1406
f 671/162/1407 2941/85/1407 2948/97/1407 670/161/1407
f 672/133/1408 2934/82/1408 2941/85/1408 671/162/1408
f 2983/163/1409 2984/164/1409 2991/165/1409 2990/166/1409
f 2984/164/1410 2985/167/1410 2992/168/1410 2991/165/1410
f 2985/167/1411 2986/169/1411 2993/170/1411 2992/168/1411
f 2986/169/1412 2987/171/1412 2994/172/1412 2993/170/1412
f 2987/171/1413 2988/173/1413 2995/174/1413 2994/172/1413
f 2988/173/1414 2989/175/1414 2996/176/1414 2995/174/1414
f 2990/166/1415 2991/165/1415 2998/177/1415 2997/178/1415
f 2991/165/1416 2992/168/1416 2999/179/1416 2998/177/1416
f 2992/168/1417 2993/170/1417 3000/180/1417 2999/179/1417
f 2993/170/1418 2994/172/1418 3001/181/1418 3000/180/1418
f 2994/172/1419 2995/174/1419 3002/182/1419 3001/181/1419
f 2995/174/1420 2996/176/1420 3003/183/1420 3002/182/1420
f 2997/178/1421 2998/177/1421 3005/184/1421 3004/185/1421
f 2998/177/1422 2999/179/1422 3006/186/1422 3005/184/1422
f 2999/179/1423 3000/180/1423 3007/187/1423 3006/186/1423
f 3000/180/1424 3001/181/1424 3008/188/1424 3007/187/1424
f 3001/181/1425 3002/182/1425 3009/189/1425 3008/188/1425
f 3002/182/1426 3003/183/1426 3010/190/1426 3009/189/1426
f 3004/185/1427 3005/184/1427 3012/191/1427 3011/192/1427
f 3005/184/1428 3006/186/1428 3013/193/1428 3012/191/1428
f 3006/186/1429 3007/187/1429 3014/194/1429 3013/193/1429
f 3007/187/1430 3008/188/1430 3015/195/1430 3014/194/1430
f 3008/188/1431 3009/189/1431 3016/196/1431 3015/195/1431
f 3009/189/1432 3010/190/1432 3017/197/1432 3016/196/1432
f 3011/192/1433 3012/191/1433 3019/198/1433 3018/199/1433
f 3012/191/1434 3013/193/1434 3020/200/1434 3019/198/1434
f 3013/193/1435 3014/194/1435 3021/201/1435 3020/200/1435
f 3014/194/1436 3015/195/1436 3022/202/1436 3021/201/1436
f 3015/195/1437 3016/196/1437 3023/203/1437 3022/202/1437
f 3016/196/1438 3017/197/1438 3024/204/1438 3023/203/1438
f 3018/199/1439 3019/198/1439 3026/205/1439 3025/206/1439
f 3019/198/1440 3020/200/1440 3027/207/1440 3026/205/1440
f 3020/200/1441 3021/201/1441 3028/208/1441 3027/207/1441
f 3021/201/1442 3022/202/1442 3029/209/1442 3028/208/1442
f 3022/202/1443 3023/203/1443 3030/210/1443 3029/209/1443
f 3023/203/1444 3024/204/1444 3031/211/1444 3030/210/1444
f 56/157/1445 658/155/1445 2983/163/1445 637/212/1445
f 658/155/1446 657/154/1446 2984/164/1446 2983/163/1446
f 657/154/1447 656/153/1447 2985/167/1447 2984/164/1447
f 656/153/1448 655/152/1448 2986/169/1448 2985/167/1448
f 655/152/1449 654/151/1449 2987/171/1449 2986/169/1449
f 654/151/1450 653/150/1450 2988/173/1450 2987/171/1450
f 653/150/1451 652/149/1451 2989/175/1451 2988/173/1451
f 652/149/1452 57/148/1452 645/213/1452 2989/175/1452
f 2989/175/1453 645/213/1453 646/214/1453 2996/176/1453
f 2996/176/1454 646/214/1454 647/215/1454 3003/183/1454
f 3003/183/1455 647/215/1455 648/216/1455 3010/190/1455
f 3010/190/1456 648/216/1456 649/217/1456 3017/197/1456
f 3017/197/1457 649/217/1457 650/218/1457 3024/204/1457
f 3024/204/1458 650/218/1458 651/219/1458 3031/211/1458
f 3031/211/1459 651/219/1459 58/59/1459 659/58/1459
f 3030/210/1460 3031/211/1460 659/58/1460 660/57/1460
f 3029/209/1461 3030/210/1461 660/57/1461 661/56/1461
f 3028/208/1462 3029/209/1462 661/56/1462 662/55/1462
f 3027/207/1463 3028/208/1463 662/55/1463 663/54/1463
f 3026/205/1464 3027/207/1464 663/54/1464 664/53/1464
f 3025/206/1465 3026/205/1465 664/53/1465 665/51/1465
f 631/220/1466 3025/206/1466 665/51/1466 55/50/1466
f 632/221/1467 3018/199/1467 3025/206/1467 631/220/1467
f 633/222/1468 3011/192/1468 3018/199/1468 632/221/1468
f 634/223/1469 3004/185/1469 3011/192/1469 633/222/1469
f 635/224/1470 2997/178/1470 3004/185/1470 634/223/1470
f 636/225/1471 2990/166/1471 2997/178/1471 635/224/1471
f 637/212/1472 2983/163/1472 2990/166/1472 636/225/1472
f 3032/226/1473 3033/227/1473 3040/228/1473 3039/229/1473
f 3033/227/1474 3034/230/1474 3041/231/1474 3040/228/1474
f 3034/230/1475 3035/232/1475 3042/233/1475 3041/231/1475
f 3035/232/1476 3036/234/1476 3043/235/1476 3042/233/1476
f 3036/234/1477 3037/236/1477 3044/237/1477 3043/235/1477
f 3037/236/1478 3038/238/1478 3045/239/1478 3044/237/1478
f 3039/229/1479 3040/228/1479 3047/240/1479 3046/241/1479
f 3040/228/1480 3041/231/1480 3048/242/1480 3047/240/1480
f 3041/231/1481 3042/233/1481 3049/243/1481 3048/242/1481
f 3042/233/1482 3043/235/1482 3050/244/1482 3049/243/1482
f 3043/235/1483 3044/237/1483 3051/245/1483 3050/244/1483
f 3044/237/1484 3045/239/1484 3052/246/1484 3051/245/1484
f 3046/241/1485 3047/240/1485 3054/247/1485 3053/248/1485
f 3047/240/1486 3048/242/1486 3055/249/1486 3054/247/1486
f 3048/242/1487 3049/243/1487 3056/250/1487 3055/249/1487
f 3049/243/1488 3050/244/1488 3057/251/1488 3056/250/1488
f 3050/244/1489 3051/245/1489 3058/252/1489 3057/251/1489
f 3051/245/1490 3052/246/1490 3059/253/1490 3058/252/1490
f 3053/248/1491 3054/247/1491 3061/254/1491 3060/255/1491
f 3054/247/1492 3055/249/1492 3062/256/1492 3061/254/1492
f 3055/249/1493 3056/250/1493 3063/257/1493 3062/256/1493
f 3056/250/1494 3057/251/1494 3064/258/1494 3063/257/1494
f 3057/251/1495 3058/252/1495 3065/259/1495 3064/258/1495
f 3058/252/1496 3059/253/1496 3066/260/1496 3065/259/1496
f 3060/255/1497 3061/254/1497 3068/261/1497 3067/262/1497
f 3061/254/1498 3062/256/1498 3069/263/1498 3068/261/1498
f 3062/256/1499 3063/257/1499 3070/264/1499 3069/263/1499
f 3063/257/1500 3064/258/1500 3071/265/1500 3070/264/1500
f 3064/258/1501 3065/259/1501 3072/266/1501 3071/265/1501
f 3065/259/1502 3066/260/1502 3073/267/1502 3072/266/1502
f 3067/262/1503 3068/261/1503 3075/268/1503 3074/269/1503
f 3068/261/1504 3069/263/1504 3076/270/1504 3075/268/1504
f 3069/263/1505 3070/264/1505 3077/271/1505 3076/270/1505
f 3070/264/1506 3071/265/1506 3078/272/1506 3077/271/1506
f 3071/265/1507 3072/266/1507 3079/273/1507 3078/272/1507
f 3072/266/1508 3073/267/1508 3080/274/1508 3079/273/1508
f 51/275/1509 603/276/1509 3032/226/1509 602/277/1509
f 603/276/1510 604/278/1510 3033/227/1510 3032/226/1510
f 604/278/1511 605/279/1511 3034/230/1511 3033/227/1511
f 605/279/1512 606/280/1512 3035/232/1512 3034/230/1512
f 606/280/1513 607/281/1513 3036/234/1513 3035/232/1513
f 607/281/1514 608/282/1514 3037/236/1514 3036/234/1514
f 608/282/1515 609/283/1515 3038/238/1515 3037/236/1515
f 609/283/1516 52/284/1516 673/285/1516 3038/238/1516
f 3038/238/1517 673/285/1517 674/286/1517 3045/239/1517
f 3045/239/1518 674/286/1518 675/287/1518 3052/246/1518
f 3052/246/1519 675/287/1519 676/288/1519 3059/253/1519
f 3059/253/1520 676/288/1520 677/289/1520 3066/260/1520
f 3066/260/1521 677/289/1521 678/290/1521 3073/267/1521
f 3073/267/1522 678/290/1522 679/291/1522 3080/274/1522
f 3080/274/1523 679/291/1523 60/140/1523 680/139/1523
f 3079/273/1524 3080/274/1524 680/139/1524 681/138/1524
f 3078/272/1525 3079/273/1525 681/138/1525 682/137/1525
f 3077/271/1526 3078/272/1526 682/137/1526 683/136/1526
f 3076/270/1527 3077/271/1527 683/136/1527 684/135/1527
f 3075/268/1528 3076/270/1528 684/135/1528 685/134/1528
f 3074/269/1529 3075/268/1529 685/134/1529 686/132/1529
f 596/292/1530 3074/269/1530 686/132/1530 59/131/1530
f 597/293/1531 3067/262/1531 3074/269/1531 596/292/1531
f 598/294/1532 3060/255/1532 3067/262/1532 597/293/1532
f 599/295/1533 3053/248/1533 3060/255/1533 598/294/1533
f 600/296/1534 3046/241/1534 3053/248/1534 599/295/1534
f 601/297/1535 3039/229/1535 3046/241/1535 600/296/1535
f 602/277/1536 3032/226/1536 3039/229/1536 601/297/1536
f 3081/1/1 3082/2/1 3089/3/1 3088/4/1
f 3082/2/2 3083/5/2 3090/6/2 3089/3/2
f 3083/5/3 3084/7/3 3091/8/3 3090/6/3
f 3084/7/4 3085/9/4 3092/10/4 3091/8/4
f 3085/9/1537 3086/11/1537 3093/12/1537 3092/10/1537
f 3086/11/6 3087/13/6 3094/14/6 3093/12/6
f 3088/4/7 3089/3/7 3096/15/7 3095/16/7
f 3089/3/8 3090/6/8 3097/17/8 3096/15/8
f 3090/6/9 3091/8/9 3098/18/9 3097/17/9
f 3091/8/10 3092/10/10 3099/19/10 3098/18/10
f 3092/10/11 3093/12/11 3100/20/11 3099/19/11
f 3093/12/12 3094/14/12 3101/21/12 3100/20/12
f 3095/16/13 3096/15/13 3103/22/13 3102/23/13
f 3096/15/14 3097/17/14 3104/24/14 3103/22/14
f 3097/17/15 3098/18/15 3105/25/15 3104/24/15
f 3098/18/16 3099/19/16 3106/26/16 3105/25/16
f 3099/19/17 3100/20/17 3107/27/17 3106/26/17
f 3100/20/18 3101/21/18 3108/28/18 3107/27/18
f 3102/23/19 3103/22/19 3110/29/19 3109/30/19
f 3103/22/20 3104/24/20 3111/31/20 3110/29/20
f 3104/24/21 3105/25/21 3112/32/21 3111/31/21
f 3105/25/22 3106/26/22 3113/33/22 3112/32/22
f 3106/26/23 3107/27/23 3114/34/23 3113/33/23
f 3107/27/24 3108/28/24 3115/35/24 3114/34/24
f 3109/30/25 3110/29/25 3117/36/25 3116/37/25
f 3110/29/26 3111/31/26 3118/38/26 3117/36/26
f 3111/31/27 3112/32/27 3119/39/27 3118/38/27
f 3112/32/28 3113/33/28 3120/40/28 3119/39/28
f 3113/33/29 3114/34/29 3121/41/29 3120/40/29
f 3114/34/30 3115/35/30 3122/42/30 3121/41/30
f 3116/37/31 3117/36/31 3124/43/31 3123/44/31
f 3117/36/32 3118/38/32 3125/45/32 3124/43/32
f 3118/38/33 3119/39/33 3126/46/33 3125/45/33
f 3119/39/34 3120/40/34 3127/47/34 3126/46/34
f 3120/40/35 3121/41/35 3128/48/35 3127/47/35
f 3121/41/36 3122/42/36 3129/49/36 3128/48/36
f 65/50/37 756/51/37 3081/1/37 721/52/37
f 756/51/38 755/53/38 3082/2/38 3081/1/38
f 755/53/39 754/54/39 3083/5/39 3082/2/39
f 754/54/40 753/55/40 3084/7/40 3083/5/40
f 753/55/41 752/56/41 3085/9/41 3084/7/41
f 752/56/42 751/57/42 3086/11/42 3085/9/42
f 751/57/43 750/58/43 3087/13/43 3086/11/43
f 750/58/44 68/59/44 701/60/44 3087/13/44
f 3087/13/45 701/60/45 702/61/45 3094/14/45
f 3094/14/46 702/61/46 703/62/46 3101/21/46
f 3101/21/47 703/62/47 704/63/47 3108/28/47
f 3108/28/48 704/63/48 705/64/48 3115/35/48
f 3115/35/49 705/64/49 706/65/49 3122/42/49
f 3122/42/50 706/65/50 707/66/50 3129/49/50
f 3129/49/51 707/66/51 64/67/51 708/68/51
f 3128/48/52 3129/49/52 708/68/52 709/69/52
f 3127/47/53 3128/48/53 709/69/53 710/70/53
f 3126/46/54 3127/47/54 710/70/54 711/71/54
f 3125/45/55 3126/46/55 711/71/55 712/72/55
f 3124/43/56 3125/45/56 712/72/56 713/73/56
f 3123/44/57 3124/43/57 713/73/57 714/74/57
f 715/75/58 3123/44/58 714/74/58 63/76/58
f 716/77/59 3116/37/59 3123/44/59 715/75/59
f 717/78/60 3109/30/60 3116/37/60 716/77/60
f 718/79/61 3102/23/61 3109/30/61 717/78/61
f 719/80/62 3095/16/62 3102/23/62 718/79/62
f 720/81/63 3088/4/63 3095/16/63 719/80/63
f 721/52/64 3081/1/64 3088/4/64 720/81/64
f 3130/82/65 3131/83/65 3138/84/65 3137/85/65
f 3131/83/66 3132/86/66 3139/87/66 3138/84/66
f 3132/86/67 3133/88/67 3140/89/67 3139/87/67
f 3133/88/68 3134/90/68 3141/91/68 3140/89/68
f 3134/90/69 3135/92/69 3142/93/69 3141/91/69
f 3135/92/70 3136/94/70 3143/95/70 3142/93/70
f 3137/85/71 3138/84/71 3145/96/71 3144/97/71
f 3138/84/72 3139/87/72 3146/98/72 3145/96/72
f 3139/87/73 3140/89/73 3147/99/73 3146/98/73
f 3140/89/74 3141/91/74 3148/100/74 3147/99/74
f 3141/91/75 3142/93/75 3149/101/75 3148/100/75
f 3142/93/76 3143/95/76 3150/102/76 3149/101/76
f 3144/97/77 3145/96/77 3152/103/77 3151/104/77
f 3145/96/78 3146/98/78 3153/105/78 3152/103/78
f 3146/98/79 3147/99/79 3154/106/79 3153/105/79
f 3147/99/80 3148/100/80 3155/107/80 3154/106/80
f 3148/100/81 3149/101/81 3156/108/81 3155/107/81
f 3149/101/82 3150/102/82 3157/109/82 3156/108/82
f 3151/104/83 3152/103/83 3159/110/83 3158/111/83
f 3152/103/84 3153/105/84 3160/112/84 3159/110/84
f 3153/105/85 3154/106/85 3161/113/85 3160/112/85
f 3154/106/86 3155/107/86 3162/114/86 3161/113/86
f 3155/107/87 3156/108/87 3163/115/87 3162/114/87
f 3156/108/88 3157/109/88 3164/116/88 3163/115/88
f 3158/111/89 3159/110/89 3166/117/89 3165/118/89
f 3159/110/90 3160/112/90 3167/119/90 3166/117/90
f 3160/112/91 3161/113/91 3168/120/91 3167/119/91
f 3161/113/92 3162/114/92 3169/121/92 3168/120/92
f 3162/114/93 3163/115/93 3170/122/93 3169/121/93
f 3163/115/1538 3164/116/1538 3171/123/1538 3170/122/1538
f 3165/118/95 3166/117/95 3173/124/95 3172/125/95
f 3166/117/96 3167/119/96 3174/126/96 3173/124/96
f 3167/119/97 3168/120/97 3175/127/97 3174/126/97
f 3168/120/98 3169/121/98 3176/128/98 3175/127/98
f 3169/121/99 3170/122/99 3177/129/99 3176/128/99
f 3170/122/100 3171/123/100 3178/130/100 3177/129/100
f 69/131/1539 777/132/1539 3130/82/1539 763/133/1539
f 777/132/102 776/134/102 3131/83/102 3130/82/102
f 776/134/103 775/135/103 3132/86/103 3131/83/103
f 775/135/104 774/136/104 3133/88/104 3132/86/104
f 774/136/105 773/137/105 3134/90/105 3133/88/105
f 773/137/106 772/138/106 3135/92/106 3134/90/106
f 772/138/107 771/139/107 3136/94/107 3135/92/107
f 771/139/108 70/140/108 729/141/108 3136/94/108
f 3136/94/109 729/141/109 730/142/109 3143/95/109
f 3143/95/110 730/142/110 731/143/110 3150/102/110
f 3150/102/111 731/143/111 732/144/111 3157/109/111
f 3157/109/112 732/144/112 733/145/112 3164/116/112
f 3164/116/113 733/145/113 734/146/113 3171/123/113
f 3171/123/114 734/146/114 735/147/114 3178/130/114
f 3178/130/115 735/147/115 67/148/115 743/149/115
f 3177/129/1540 3178/130/1540 743/149/1540 744/150/1540
f 3176/128/117 3177/129/117 744/150/117 745/151/117
f 3175/127/118 3176/128/118 745/151/118 746/152/118
f 3174/126/119 3175/127/119 746/152/119 747/153/119
f 3173/124/120 3174/126/120 747/153/120 748/154/120
f 3172/125/121 3173/124/121 748/154/121 749/155/121
f 757/156/122 3172/125/122 749/155/122 66/157/122
f 758/158/123 3165/118/123 3172/125/123 757/156/123
f 759/159/124 3158/111/124 3165/118/124 758/158/124
f 760/160/125 3151/104/125 3158/111/125 759/159/125
f 761/161/126 3144/97/126 3151/104/126 760/160/126
f 762/162/1541 3137/85/1541 3144/97/1541 761/161/1541
f 763/133/128 3130/82/128 3137/85/128 762/162/128
f 3179/163/129 3180/164/129 3187/165/129 3186/166/129
f 3180/164/130 3181/167/130 3188/168/130 3187/165/130
f 3181/167/131 3182/169/131 3189/170/131 3188/168/131
f 3182/169/132 3183/171/132 3190/172/132 3189/170/132
f 3183/171/133 3184/173/133 3191/174/133 3190/172/133
f 3184/173/134 3185/175/134 3192/176/134 3191/174/134
f 3186/166/135 3187/165/135 3194/177/135 3193/178/135
f 3187/165/136 3188/168/136 3195/179/136 3194/177/136
f 3188/168/137 3189/170/137 3196/180/137 3195/179/137
f 3189/170/138 3190/172/138 3197/181/138 3196/180/138
f 3190/172/1542 3191/174/1542 3198/182/1542 3197/181/1542
f 3191/174/140 3192/176/140 3199/183/140 3198/182/140
f 3193/178/141 3194/177/141 3201/184/141 3200/185/141
f 3194/177/142 3195/179/142 3202/186/142 3201/184/142
f 3195/179/143 3196/180/143 3203/187/143 3202/186/143
f 3196/180/144 3197/181/144 3204/188/144 3203/187/144
f 3197/181/145 3198/182/145 3205/189/145 3204/188/145
f 3198/182/146 3199/183/146 3206/190/146 3205/189/146
f 3200/185/147 3201/184/147 3208/191/147 3207/192/147
f 3201/184/1543 3202/186/1543 3209/193/1543 3208/191/1543
f 3202/186/149 3203/187/149 3210/194/149 3209/193/149
f 3203/187/150 3204/188/150 3211/195/150 3210/194/150
f 3204/188/151 3205/189/151 3212/196/151 3211/195/151
f 3205/189/152 3206/190/152 3213/197/152 3212/196/152
f 3207/192/153 3208/191/153 3215/198/153 3214/199/153
f 3208/191/154 3209/193/154 3216/200/154 3215/198/154
f 3209/193/155 3210/194/155 3217/201/155 3216/200/155
f 3210/194/156 3211/195/156 3218/202/156 3217/201/156
f 3211/195/157 3212/196/157 3219/203/157 3218/202/157
f 3212/196/158 3213/197/158 3220/204/158 3219/203/158
f 3214/199/159 3215/198/159 3222/205/159 3221/206/159
f 3215/198/160 3216/200/160 3223/207/160 3222/205/160
f 3216/200/161 3217/201/161 3224/208/161 3223/207/161
f 3217/201/162 3218/202/162 3225/209/162 3224/208/162
f 3218/202/163 3219/203/163 3226/210/163 3225/209/163
f 3219/203/164 3220/204/164 3227/211/164 3226/210/164
f 66/157/165 749/155/165 3179/163/165 728/212/165
f 749/155/166 748/154/166 3180/164/166 3179/163/166
f 748/154/167 747/153/167 3181/167/167 3180/164/167
f 747/153/1544 746/152/1544 3182/169/1544 3181/167/1544
f 746/152/169 745/151/169 3183/171/169 3182/169/169
f 745/151/170 744/150/170 3184/173/170 3183/171/170
f 744/150/171 743/149/171 3185/175/171 3184/173/171
f 743/149/172 67/148/172 736/213/172 3185/175/172
f 3185/175/1545 736/213/1545 737/214/1545 3192/176/1545
f 3192/176/174 737/214/174 738/215/174 3199/183/174
f 3199/183/175 738/215/175 739/216/175 3206/190/175
f 3206/190/176 739/216/176 740/217/176 3213/197/176
f 3213/197/177 740/217/177 741/218/177 3220/204/177
f 3220/204/178 741/218/178 742/219/178 3227/211/178
f 3227/211/179 742/219/179 68/59/179 750/58/179
f 3226/210/180 3227/211/180 750/58/180 751/57/180
f 3225/209/181 3226/210/181 751/57/181 752/56/181
f 3224/208/182 3225/209/182 752/56/182 753/55/182
f 3223/207/183 3224/208/183 753/55/183 754/54/183
f 3222/205/184 3223/207/184 754/54/184 755/53/184
f 3221/206/185 3222/205/185 755/53/185 756/51/185
f 722/220/186 3221/206/186 756/51/186 65/50/186
f 723/221/187 3214/199/187 3221/206/187 722/220/187
f 724/222/188 3207/192/188 3214/199/188 723/221/188
f 725/223/189 3200/185/189 3207/192/189 724/222/189
f 726/224/190 3193/178/190 3200/185/190 725/223/190
f 727/225/191 3186/166/191 3193/178/191 726/224/191
f 728/212/192 3179/163/192 3186/166/192 727/225/192
f 3228/226/193 3229/227/193 3236/228/193 3235/229/193
f 3229/227/194 3230/230/194 3237/231/194 3236/228/194
f 3230/230/195 3231/232/195 3238/233/195 3237/231/195
f 3231/232/196 3232/234/196 3239/235/196 3238/233/196
f 3232/234/197 3233/236/197 3240/237/197 3239/235/197
f 3233/236/198 3234/238/198 3241/239/198 3240/237/198
f 3235/229/199 3236/228/199 3243/240/199 3242/241/199
f 3236/228/200 3237/231/200 3244/242/200 3243/240/200
f 3237/231/201 3238/233/201 3245/243/201 3244/242/201
f 3238/233/202 3239/235/202 3246/244/202 3245/243/202
f 3239/235/203 3240/237/203 3247/245/203 3246/244/203
f 3240/237/204 3241/239/204 3248/246/204 3247/245/204
f 3242/241/205 3243/240/205 3250/247/205 3249/248/205
f 3243/240/206 3244/242/206 3251/249/206 3250/247/206
f 3244/242/207 3245/243/207 3252/250/207 3251/249/207
f 3245/243/208 3246/244/208 3253/251/208 3252/250/208
f 3246/244/209 3247/245/209 3254/252/209 3253/251/209
f 3247/245/210 3248/246/210 3255/253/210 3254/252/210
f 3249/248/211 3250/247/211 3257/254/211 3256/255/211
f 3250/247/212 3251/249/212 3258/256/212 3257/254/212
f 3251/249/213 3252/250/213 3259/257/213 3258/256/213
f 3252/250/214 3253/251/214 3260/258/214 3259/257/214
f 3253/251/215 3254/252/215 3261/259/215 3260/258/215
f 3254/252/216 3255/253/216 3262/260/216 3261/259/216
f 3256/255/217 3257/254/217 3264/261/217 3263/262/217
f 3257/254/218 3258/256/218 3265/263/218 3264/261/218
f 3258/256/219 3259/257/219 3266/264/219 3265/263/219
f 3259/257/220 3260/258/220 3267/265/220 3266/264/220
f 3260/258/221 3261/259/221 3268/266/221 3267/265/221
f 3261/259/222 3262/260/222 3269/267/222 3268/266/222
f 3263/262/223 3264/261/223 3271/268/223 3270/269/223
f 3264/261/224 3265/263/224 3272/270/224 3271/268/224
f 3265/263/225 3266/264/225 3273/271/225 3272/270/225
f 3266/264/226 3267/265/226 3274/272/226 3273/271/226
f 3267/265/227 3268/266/227 3275/273/227 3274/272/227
f 3268/266/228 3269/267/228 3276/274/228 3275/273/228
f 61/275/229 694/276/229 3228/226/229 693/277/229
f 694/276/230 695/278/230 3229/227/230 3228/226/230
f 695/278/231 696/279/231 3230/230/231 3229/227/231
f 696/279/232 697/280/232 3231/232/232 3230/230/232
f 697/280/233 698/281/233 3232/234/233 3231/232/233
f 698/281/234 699/282/234 3233/236/234 3232/234/234
f 699/282/235 700/283/235 3234/238/235 3233/236/235
f 700/283/236 62/284/236 764/285/236 3234/238/236
f 3234/238/237 764/285/237 765/286/237 3241/239/237
f 3241/239/238 765/286/238 766/287/238 3248/246/238
f 3248/246/239 766/287/239 767/288/239 3255/253/239
f 3255/253/240 767/288/240 768/289/240 3262/260/240
f 3262/260/241 768/289/241 769/290/241 3269/267/241
f 3269/267/242 769/290/242 770/291/242 3276/274/242
f 3276/274/243 770/291/243 70/140/243 771/139/243
f 3275/273/244 3276/274/244 771/139/244 772/138/244
f 3274/272/245 3275/273/245 772/138/245 773/137/245
f 3273/271/246 3274/272/246 773/137/246 774/136/246
f 3272/270/247 3273/271/247 774/136/247 775/135/247
f 3271/268/248 3272/270/248 775/135/248 776/134/248
f 3270/269/249 3271/268/249 776/134/249 777/132/249
f 687/292/250 3270/269/250 777/132/250 69/131/250
f 688/293/251 3263/262/251 3270/269/251 687/292/251
f 689/294/252 3256/255/252 3263/262/252 688/293/252
f 690/295/253 3249/248/253 3256/255/253 689/294/253
f 691/296/254 3242/241/254 3249/248/254 690/295/254
f 692/297/255 3235/229/255 3242/241/255 691/296/255
f 693/277/256 3228/226/256 3235/229/256 692/297/256
f 3277/298/1546 3278/299/1546 3285/300/1546 3284/301/1546
f 3278/299/1547 3279/302/1547 3286/303/1547 3285/300/1547
f 3279/302/1548 3280/304/1548 3287/305/1548 3286/303/1548
f 3280/304/1549 3281/306/1549 3288/307/1549 3287/305/1549
f 3281/306/1550 3282/308/1550 3289/309/1550 3288/307/1550
f 3282/308/1551 3283/310/1551 3290/311/1551 3289/309/1551
f 3284/301/1552 3285/300/1552 3292/312/1552 3291/313/1552
f 3285/300/1553 3286/303/1553 3293/314/1553 3292/312/1553
f 3286/303/1554 3287/305/1554 3294/315/1554 3293/314/1554
f 3287/305/1555 3288/307/1555 3295/316/1555 3294/315/1555
f 3288/307/1556 3289/309/1556 3296/317/1556 3295/316/1556
f 3289/309/1557 3290/311/1557 3297/318/1557 3296/317/1557
f 3291/313/1558 3292/312/1558 3299/319/1558 3298/320/1558
f 3292/312/1559 3293/314/1559 3300/321/1559 3299/319/1559
f 3293/314/1560 3294/315/1560 3301/322/1560 3300/321/1560
f 3294/315/1561 3295/316/1561 3302/323/1561 3301/322/1561
f 3295/316/1562 3296/317/1562 3303/324/1562 3302/323/1562
f 3296/317/1563 3297/318/1563 3304/325/1563 3303/324/1563
f 3298/320/1564 3299/319/1564 3306/326/1564 3305/327/1564
f 3299/319/1565 3300/321/1565 3307/328/1565 3306/326/1565
f 3300/321/1566 3301/322/1566 3308/329/1566 3307/328/1566
f 3301/322/1567 3302/323/1567 3309/330/1567 3308/329/1567
f 3302/323/1568 3303/324/1568 3310/331/1568 3309/330/1568
f 3303/324/1569 3304/325/1569 3311/332/1569 3310/331/1569
f 3305/327/1570 3306/326/1570 3313/333/1570 3312/334/1570
f 3306/326/1571 3307/328/1571 3314/335/1571 3313/333/1571
f 3307/328/1572 3308/329/1572 3315/336/1572 3314/335/1572
f 3308/329/1573 3309/330/1573 3316/337/1573 3315/336/1573
f 3309/330/1574 3310/331/1574 3317/338/1574 3316/337/1574
f 3310/331/1575 3311/332/1575 3318/339/1575 3317/338/1575
f 3312/334/1576 3313/333/1576 3320/340/1576 3319/341/1576
f 3313/333/1577 3314/335/1577 3321/342/1577 3320/340/1577
f 3314/335/1578 3315/336/1578 3322/343/1578 3321/342/1578
f 3315/336/1579 3316/337/1579 3323/344/1579 3322/343/1579
f 3316/337/1580 3317/338/1580 3324/345/1580 3323/344/1580
f 3317/338/1581 3318/339/1581 3325/346/1581 3324/345/1581
f 75/347/1582 812/348/1582 3277/298/1582 847/349/1582
f 812/348/1583 811/350/1583 3278/299/1583 3277/298/1583
f 811/350/1584 810/351/1584 3279/302/1584 3278/299/1584
f 810/351/1585 809/352/1585 3280/304/1585 3279/302/1585
f 809/352/1586 808/353/1586 3281/306/1586 3280/304/1586
f 808/353/1587 807/354/1587 3282/308/1587 3281/306/1587
f 807/354/1588 806/355/1588 3283/310/1588 3282/308/1588
f 806/355/1589 73/356/1589 805/357/1589 3283/310/1589
f 3283/310/1590 805/357/1590 804/358/1590 3290/311/1590
f 3290/311/1591 804/358/1591 803/359/1591 3297/318/1591
f 3297/318/1592 803/359/1592 802/360/1592 3304/325/1592
f 3304/325/1593 802/360/1593 801/361/1593 3311/332/1593
f 3311/332/1594 801/361/1594 800/362/1594 3318/339/1594
f 3318/339/1595 800/362/1595 799/363/1595 3325/346/1595
f 3325/346/1596 799/363/1596 74/364/1596 798/365/1596
f 3324/345/1597 3325/346/1597 798/365/1597 797/366/1597
f 3323/344/1598 3324/345/1598 797/366/1598 796/367/1598
f 3322/343/1599 3323/344/1599 796/367/1599 795/368/1599
f 3321/342/1600 3322/343/1600 795/368/1600 794/369/1600
f 3320/340/1601 3321/342/1601 794/369/1601 793/370/1601
f 3319/341/1602 3320/340/1602 793/370/1602 792/371/1602
f 841/372/1603 3319/341/1603 792/371/1603 78/373/1603
f 842/374/1604 3312/334/1604 3319/341/1604 841/372/1604
f 843/375/1605 3305/327/1605 3312/334/1605 842/374/1605
f 844/376/1606 3298/320/1606 3305/327/1606 843/375/1606
f 845/377/1607 3291/313/1607 3298/320/1607 844/376/1607
f 846/378/1608 3284/301/1608 3291/313/1608 845/377/1608
f 847/349/1609 3277/298/1609 3284/301/1609 846/378/1609
f 3326/379/1610 3327/380/1610 3334/381/1610 3333/382/1610
f 3327/380/1611 3328/383/1611 3335/384/1611 3334/381/1611
f 3328/383/1612 3329/385/1612 3336/386/1612 3335/384/1612
f 3329/385/1613 3330/387/1613 3337/388/1613 3336/386/1613
f 3330/387/1614 3331/389/1614 3338/390/1614 3337/388/1614
f 3331/389/1615 3332/391/1615 3339/392/1615 3338/390/1615
f 3333/382/1616 3334/381/1616 3341/393/1616 3340/394/1616
f 3334/381/1617 3335/384/1617 3342/395/1617 3341/393/1617
f 3335/384/1618 3336/386/1618 3343/396/1618 3342/395/1618
f 3336/386/1619 3337/388/1619 3344/397/1619 3343/396/1619
f 3337/388/1620 3338/390/1620 3345/398/1620 3344/397/1620
f 3338/390/1621 3339/392/1621 3346/399/1621 3345/398/1621
f 3340/394/1622 3341/393/1622 3348/400/1622 3347/401/1622
f 3341/393/1623 3342/395/1623 3349/402/1623 3348/400/1623
f 3342/395/1624 3343/396/1624 3350/403/1624 3349/402/1624
f 3343/396/1625 3344/397/1625 3351/404/1625 3350/403/1625
f 3344/397/1626 3345/398/1626 3352/405/1626 3351/404/1626
f 3345/398/1627 3346/399/1627 3353/406/1627 3352/405/1627
f 3347/401/1628 3348/400/1628 3355/407/1628 3354/408/1628
f 3348/400/1629 3349/402/1629 3356/409/1629 3355/407/1629
f 3349/402/1630 3350/403/1630 3357/410/1630 3356/409/1630
f 3350/403/1631 3351/404/1631 3358/411/1631 3357/410/1631
f 3351/404/1632 3352/405/1632 3359/412/1632 3358/411/1632
f 3352/405/1633 3353/406/1633 3360/413/1633 3359/412/1633
f 3354/408/1634 3355/407/1634 3362/414/1634 3361/415/1634
f 3355/407/1635 3356/409/1635 3363/416/1635 3362/414/1635
f 3356/409/1636 3357/410/1636 3364/417/1636 3363/416/1636
f 3357/410/1637 3358/411/1637 3365/418/1637 3364/417/1637
f 3358/411/1638 3359/412/1638 3366/419/1638 3365/418/1638
f 3359/412/1639 3360/413/1639 3367/420/1639 3366/419/1639
f 3361/415/1640 3362/414/1640 3369/421/1640 3368/422/1640
f 3362/414/1641 3363/416/1641 3370/423/1641 3369/421/1641
f 3363/416/1642 3364/417/1642 3371/424/1642 3370/423/1642
f 3364/417/1643 3365/418/1643 3372/425/1643 3371/424/1643
f 3365/418/1644 3366/419/1644 3373/426/1644 3372/425/1644
f 3366/419/1645 3367/420/1645 3374/427/1645 3373/426/1645
f 79/428/1646 854/429/1646 3326/379/1646 868/430/1646
f 854/429/1647 853/431/1647 3327/380/1647 3326/379/1647
f 853/431/1648 852/432/1648 3328/383/1648 3327/380/1648
f 852/432/1649 851/433/1649 3329/385/1649 3328/383/1649
f 851/433/1650 850/434/1650 3330/387/1650 3329/385/1650
f 850/434/1651 849/435/1651 3331/389/1651 3330/387/1651
f 849/435/1652 848/436/1652 3332/391/1652 3331/389/1652
f 848/436/1653 76/437/1653 840/438/1653 3332/391/1653
f 3332/391/1654 840/438/1654 839/439/1654 3339/392/1654
f 3339/392/1655 839/439/1655 838/440/1655 3346/399/1655
f 3346/399/1656 838/440/1656 837/441/1656 3353/406/1656
f 3353/406/1657 837/441/1657 836/442/1657 3360/413/1657
f 3360/413/1658 836/442/1658 835/443/1658 3367/420/1658
f 3367/420/1659 835/443/1659 834/444/1659 3374/427/1659
f 3374/427/1660 834/444/1660 77/445/1660 826/446/1660
f 3373/426/1661 3374/427/1661 826/446/1661 825/447/1661
f 3372/425/1662 3373/426/1662 825/447/1662 824/448/1662
f 3371/424/1663 3372/425/1663 824/448/1663 823/449/1663
f 3370/423/1664 3371/424/1664 823/449/1664 822/450/1664
f 3369/421/1665 3370/423/1665 822/450/1665 821/451/1665
f 3368/422/1666 3369/421/1666 821/451/1666 820/452/1666
f 862/453/1667 3368/422/1667 820/452/1667 80/454/1667
f 863/455/1668 3361/415/1668 3368/422/1668 862/453/1668
f 864/456/1669 3354/408/1669 3361/415/1669 863/455/1669
f 865/457/1670 3347/401/1670 3354/408/1670 864/456/1670
f 866/458/1671 3340/394/1671 3347/401/1671 865/457/1671
f 867/459/1672 3333/382/1672 3340/394/1672 866/458/1672
f 868/430/1673 3326/379/1673 3333/382/1673 867/459/1673
f 3375/460/1674 3376/461/1674 3383/462/1674 3382/463/1674
f 3376/461/1675 3377/464/1675 3384/465/1675 3383/462/1675
f 3377/464/1676 3378/466/1676 3385/467/1676 3384/465/1676
f 3378/466/1677 3379/468/1677 3386/469/1677 3385/467/1677
f 3379/468/1678 3380/470/1678 3387/471/1678 3386/469/1678
f 3380/470/1679 3381/472/1679 3388/473/1679 3387/471/1679
f 3382/463/1680 3383/462/1680 3390/474/1680 3389/475/1680
f 3383/462/1681 3384/465/1681 3391/476/1681 3390/474/1681
f 3384/465/1682 3385/467/1682 3392/477/1682 3391/476/1682
f 3385/467/1683 3386/469/1683 3393/478/1683 3392/477/1683
f 3386/469/1684 3387/471/1684 3394/479/1684 3393/478/1684
f 3387/471/1685 3388/473/1685 3395/480/1685 3394/479/1685
f 3389/475/1686 3390/474/1686 3397/481/1686 3396/482/1686
f 3390/474/1687 3391/476/1687 3398/483/1687 3397/481/1687
f 3391/476/1688 3392/477/1688 3399/484/1688 3398/483/1688
f 3392/477/1689 3393/478/1689 3400/485/1689 3399/484/1689
f 3393/478/1690 3394/479/1690 3401/486/1690 3400/485/1690
f 3394/479/1691 3395/480/1691 3402/487/1691 3401/486/1691
f 3396/482/1692 3397/481/1692 3404/488/1692 3403/489/1692
f 3397/481/1693 3398/483/1693 3405/490/1693 3404/488/1693
f 3398/483/1694 3399/484/1694 3406/491/1694 3405/490/1694
f 3399/484/1695 3400/485/1695 3407/492/1695 3406/491/1695
f 3400/485/1696 3401/486/1696 3408/493/1696 3407/492/1696
f 3401/486/1697 3402/487/1697 3409/494/1697 3408/493/1697
f 3403/489/1698 3404/488/1698 3411/495/1698 3410/496/1698
f 3404/488/1699 3405/490/1699 3412/497/1699 3411/495/1699
f 3405/490/1700 3406/491/1700 3413/498/1700 3412/497/1700
f 3406/491/1701 3407/492/1701 3414/499/1701 3413/498/1701
f 3407/492/1702 3408/493/1702 3415/500/1702 3414/499/1702
f 3408/493/1703 3409/494/1703 3416/501/1703 3415/500/1703
f 3410/496/1704 3411/495/1704 3418/502/1704 3417/503/1704
f 3411/495/1705 3412/497/1705 3419/504/1705 3418/502/1705
f 3412/497/1706 3413/498/1706 3420/505/1706 3419/504/1706
f 3413/498/1707 3414/499/1707 3421/506/1707 3420/505/1707
f 3414/499/1708 3415/500/1708 3422/507/1708 3421/506/1708
f 3415/500/1709 3416/501/1709 3423/508/1709 3422/507/1709
f 76/437/1710 819/509/1710 3375/460/1710 840/438/1710
f 819/509/1711 818/510/1711 3376/461/1711 3375/460/1711
f 818/510/1712 817/511/1712 3377/464/1712 3376/461/1712
f 817/511/1713 816/512/1713 3378/466/1713 3377/464/1713
f 816/512/1714 815/513/1714 3379/468/1714 3378/466/1714
f 815/513/1715 814/514/1715 3380/470/1715 3379/468/1715
f 814/514/1716 813/515/1716 3381/472/1716 3380/470/1716
f 813/515/1717 75/347/1717 847/349/1717 3381/472/1717
f 3381/472/1718 847/349/1718 846/378/1718 3388/473/1718
f 3388/473/1719 846/378/1719 845/377/1719 3395/480/1719
f 3395/480/1720 845/377/1720 844/376/1720 3402/487/1720
f 3402/487/1721 844/376/1721 843/375/1721 3409/494/1721
f 3409/494/1722 843/375/1722 842/374/1722 3416/501/1722
f 3416/501/1723 842/374/1723 841/372/1723 3423/508/1723
f 3423/508/1724 841/372/1724 78/373/1724 833/516/1724
f 3422/507/1725 3423/508/1725 833/516/1725 832/517/1725
f 3421/506/1726 3422/507/1726 832/517/1726 831/518/1726
f 3420/505/1727 3421/506/1727 831/518/1727 830/519/1727
f 3419/504/1728 3420/505/1728 830/519/1728 829/520/1728
f 3418/502/1729 3419/504/1729 829/520/1729 828/521/1729
f 3417/503/1730 3418/502/1730 828/521/1730 827/522/1730
f 834/444/1731 3417/503/1731 827/522/1731 77/445/1731
f 835/443/1732 3410/496/1732 3417/503/1732 834/444/1732
f 836/442/1733 3403/489/1733 3410/496/1733 835/443/1733
f 837/441/1734 3396/482/1734 3403/489/1734 836/442/1734
f 838/440/1735 3389/475/1735 3396/482/1735 837/441/1735
f 839/439/1736 3382/463/1736 3389/475/1736 838/440/1736
f 840/438/1737 3375/460/1737 3382/463/1737 839/439/1737
f 3424/523/1738 3425/524/1738 3432/525/1738 3431/526/1738
f 3425/524/1739 3426/527/1739 3433/528/1739 3432/525/1739
f 3426/527/1740 3427/529/1740 3434/530/1740 3433/528/1740
f 3427/529/1741 3428/531/1741 3435/532/1741 3434/530/1741
f 3428/531/1742 3429/533/1742 3436/534/1742 3435/532/1742
f 3429/533/1743 3430/535/1743 3437/536/1743 3436/534/1743
f 3431/526/1744 3432/525/1744 3439/537/1744 3438/538/1744
f 3432/525/1745 3433/528/1745 3440/539/1745 3439/537/1745
f 3433/528/1746 3434/530/1746 3441/540/1746 3440/539/1746
f 3434/530/1747 3435/532/1747 3442/541/1747 3441/540/1747
f 3435/532/1748 3436/534/1748 3443/542/1748 3442/541/1748
f 3436/534/1749 3437/536/1749 3444/543/1749 3443/542/1749
f 3438/538/1750 3439/537/1750 3446/544/1750 3445/545/1750
f 3439/537/1751 3440/539/1751 3447/546/1751 3446/544/1751
f 3440/539/1752 3441/540/1752 3448/547/1752 3447/546/1752
f 3441/540/1753 3442/541/1753 3449/548/1753 3448/547/1753
f 3442/541/1754 3443/542/1754 3450/549/1754 3449/548/1754
f 3443/542/1755 3444/543/1755 3451/550/1755 3450/549/1755
f 3445/545/1756 3446/544/1756 3453/551/1756 3452/552/1756
f 3446/544/1757 3447/546/1757 3454/553/1757 3453/551/1757
f 3447/546/1758 3448/547/1758 3455/554/1758 3454/553/1758
f 3448/547/1759 3449/548/1759 3456/555/1759 3455/554/1759
f 3449/548/1760 3450/549/1760 3457/556/1760 3456/555/1760
f 3450/549/1761 3451/550/1761 3458/557/1761 3457/556/1761
f 3452/552/1762 3453/551/1762 3460/558/1762 3459/559/1762
f 3453/551/1763 3454/553/1763 3461/560/1763 3460/558/1763
f 3454/553/1764 3455/554/1764 3462/561/1764 3461/560/1764
f 3455/554/1765 3456/555/1765 3463/562/1765 3462/561/1765
f 3456/555/1766 3457/556/1766 3464/563/1766 3463/562/1766
f 3457/556/1767 3458/557/1767 3465/564/1767 3464/563/1767
f 3459/559/1768 3460/558/1768 3467/565/1768 3466/566/1768
f 3460/558/1769 3461/560/1769 3468/567/1769 3467/565/1769
f 3461/560/1770 3462/561/1770 3469/568/1770 3468/567/1770
f 3462/561/1771 3463/562/1771 3470/569/1771 3469/568/1771
f 3463/562/1772 3464/563/1772 3471/570/1772 3470/569/1772
f 3464/563/1773 3465/564/1773 3472/571/1773 3471/570/1773
f 71/572/1774 784/573/1774 3424/523/1774 785/574/1774
f 784/573/1775 783/575/1775 3425/524/1775 3424/523/1775
f 783/575/1776 782/576/1776 3426/527/1776 3425/524/1776
f 782/576/1777 781/577/1777 3427/529/1777 3426/527/1777
f 781/577/1778 780/578/1778 3428/531/1778 3427/529/1778
f 780/578/1779 779/579/1779 3429/533/1779 3428/531/1779
f 779/579/1780 778/580/1780 3430/535/1780 3429/533/1780
f 778/580/1781 79/428/1781 868/430/1781 3430/535/1781
f 3430/535/1782 868/430/1782 867/459/1782 3437/536/1782
f 3437/536/1783 867/459/1783 866/458/1783 3444/543/1783
f 3444/543/1784 866/458/1784 865/457/1784 3451/550/1784
f 3451/550/1785 865/457/1785 864/456/1785 3458/557/1785
f 3458/557/1786 864/456/1786 863/455/1786 3465/564/1786
f 3465/564/1787 863/455/1787 862/453/1787 3472/571/1787
f 3472/571/1788 862/453/1788 80/454/1788 861/581/1788
f 3471/570/1789 3472/571/1789 861/581/1789 860/582/1789
f 3470/569/1790 3471/570/1790 860/582/1790 859/583/1790
f 3469/568/1791 3470/569/1791 859/583/1791 858/584/1791
f 3468/567/1792 3469/568/1792 858/584/1792 857/585/1792
f 3467/565/1793 3468/567/1793 857/585/1793 856/586/1793
f 3466/566/1794 3467/565/1794 856/586/1794 855/587/1794
f 791/588/1795 3466/566/1795 855/587/1795 72/589/1795
f 790/590/1796 3459/559/1796 3466/566/1796 791/588/1796
f 789/591/1797 3452/552/1797 3459/559/1797 790/590/1797
f 788/592/1798 3445/545/1798 3452/552/1798 789/591/1798
f 787/593/1799 3438/538/1799 3445/545/1799 788/592/1799
f 786/594/1800 3431/526/1800 3438/538/1800 787/593/1800
f 785/574/1801 3424/523/1801 3431/526/1801 786/594/1801
f 3473/298/1802 3474/299/1802 3481/300/1802 3480/301/1802
f 3474/299/1803 3475/302/1803 3482/303/1803 3481/300/1803
f 3475/302/1804 3476/304/1804 3483/305/1804 3482/303/1804
f 3476/304/1805 3477/306/1805 3484/307/1805 3483/305/1805
f 3477/306/1806 3478/308/1806 3485/309/1806 3484/307/1806
f 3478/308/1807 3479/310/1807 3486/311/1807 3485/309/1807
f 3480/301/1808 3481/300/1808 3488/312/1808 3487/313/1808
f 3481/300/1809 3482/303/1809 3489/314/1809 3488/312/1809
f 3482/303/1810 3483/305/1810 3490/315/1810 3489/314/1810
f 3483/305/1811 3484/307/1811 3491/316/1811 3490/315/1811
f 3484/307/1812 3485/309/1812 3492/317/1812 3491/316/1812
f 3485/309/1813 3486/311/1813 3493/318/1813 3492/317/1813
f 3487/313/1814 3488/312/1814 3495/319/1814 3494/320/1814
f 3488/312/1815 3489/314/1815 3496/321/1815 3495/319/1815
f 3489/314/1816 3490/315/1816 3497/322/1816 3496/321/1816
f 3490/315/1817 3491/316/1817 3498/323/1817 3497/322/1817
f 3491/316/1818 3492/317/1818 3499/324/1818 3498/323/1818
f 3492/317/1819 3493/318/1819 3500/325/1819 3499/324/1819
f 3494/320/1820 3495/319/1820 3502/326/1820 3501/327/1820
f 3495/319/1821 3496/321/1821 3503/328/1821 3502/326/1821
f 3496/321/1822 3497/322/1822 3504/329/1822 3503/328/1822
f 3497/322/1823 3498/323/1823 3505/330/1823 3504/329/1823
f 3498/323/1824 3499/324/1824 3506/331/1824 3505/330/1824
f 3499/324/1825 3500/325/1825 3507/332/1825 3506/331/1825
f 3501/327/1826 3502/326/1826 3509/333/1826 3508/334/1826
f 3502/326/1827 3503/328/1827 3510/335/1827 3509/333/1827
f 3503/328/1828 3504/329/1828 3511/336/1828 3510/335/1828
f 3504/329/1829 3505/330/1829 3512/337/1829 3511/336/1829
f 3505/330/1830 3506/331/1830 3513/338/1830 3512/337/1830
f 3506/331/1831 3507/332/1831 3514/339/1831 3513/338/1831
f 3508/334/1832 3509/333/1832 3516/340/1832 3515/341/1832
f 3509/333/1833 3510/335/1833 3517/342/1833 3516/340/1833
f 3510/335/1834 3511/336/1834 3518/343/1834 3517/342/1834
f 3511/336/1835 3512/337/1835 3519/344/1835 3518/343/1835
f 3512/337/1836 3513/338/1836 3520/345/1836 3519/344/1836
f 3513/338/1837 3514/339/1837 3521/346/1837 3520/345/1837
f 85/347/1838 903/348/1838 3473/298/1838 938/349/1838
f 903/348/1839 902/350/1839 3474/299/1839 3473/298/1839
f 902/350/1840 901/351/1840 3475/302/1840 3474/299/1840
f 901/351/1841 900/352/1841 3476/304/1841 3475/302/1841
f 900/352/1842 899/353/1842 3477/306/1842 3476/304/1842
f 899/353/1843 898/354/1843 3478/308/1843 3477/306/1843
f 898/354/1844 897/355/1844 3479/310/1844 3478/308/1844
f 897/355/1845 83/356/1845 896/357/1845 3479/310/1845
f 3479/310/1846 896/357/1846 895/358/1846 3486/311/1846
f 3486/311/1847 895/358/1847 894/359/1847 3493/318/1847
f 3493/318/1848 894/359/1848 893/360/1848 3500/325/1848
f 3500/325/1849 893/360/1849 892/361/1849 3507/332/1849
f 3507/332/1850 892/361/1850 891/362/1850 3514/339/1850
f 3514/339/1851 891/362/1851 890/363/1851 3521/346/1851
f 3521/346/1852 890/363/1852 84/364/1852 889/365/1852
f 3520/345/1853 3521/346/1853 889/365/1853 888/366/1853
f 3519/344/1854 3520/345/1854 888/366/1854 887/367/1854
f 3518/343/1855 3519/344/1855 887/367/1855 886/368/1855
f 3517/342/1856 3518/343/1856 886/368/1856 885/369/1856
f 3516/340/1857 3517/342/1857 885/369/1857 884/370/1857
f 3515/341/1858 3516/340/1858 884/370/1858 883/371/1858
f 932/372/1859 3515/341/1859 883/371/1859 88/373/1859
f 933/374/1860 3508/334/1860 3515/341/1860 932/372/1860
f 934/375/1861 3501/327/1861 3508/334/1861 933/374/1861
f 935/376/1862 3494/320/1862 3501/327/1862 934/375/1862
f 936/377/1863 3487/313/1863 3494/320/1863 935/376/1863
f 937/378/1864 3480/301/1864 3487/313/1864 936/377/1864
f 938/349/1865 3473/298/1865 3480/301/1865 937/378/1865
f 3522/379/1866 3523/380/1866 3530/381/1866 3529/382/1866
f 3523/380/1867 3524/383/1867 3531/384/1867 3530/381/1867
f 3524/383/1868 3525/385/1868 3532/386/1868 3531/384/1868
f 3525/385/1869 3526/387/1869 3533/388/1869 3532/386/1869
f 3526/387/1870 3527/389/1870 3534/390/1870 3533/388/1870
f 3527/389/1871 3528/391/1871 3535/392/1871 3534/390/1871
f 3529/382/1872 3530/381/1872 3537/393/1872 3536/394/1872
f 3530/381/1873 3531/384/1873 3538/395/1873 3537/393/1873
f 3531/384/1874 3532/386/1874 3539/396/1874 3538/395/1874
f 3532/386/1875 3533/388/1875 3540/397/1875 3539/396/1875
f 3533/388/1876 3534/390/1876 3541/398/1876 3540/397/1876
f 3534/390/1877 3535/392/1877 3542/399/1877 3541/398/1877
f 3536/394/1878 3537/393/1878 3544/400/1878 3543/401/1878
f 3537/393/1879 3538/395/1879 3545/402/1879 3544/400/1879
f 3538/395/1880 3539/396/1880 3546/403/1880 3545/402/1880
f 3539/396/1881 3540/397/1881 3547/404/1881 3546/403/1881
f 3540/397/1882 3541/398/1882 3548/405/1882 3547/404/1882
f 3541/398/1883 3542/399/1883 3549/406/1883 3548/405/1883
f 3543/401/1884 3544/400/1884 3551/407/1884 3550/408/1884
f 3544/400/1885 3545/402/1885 3552/409/1885 3551/407/1885
f 3545/402/1886 3546/403/1886 3553/410/1886 3552/409/1886
f 3546/403/1887 3547/404/1887 3554/411/1887 3553/410/1887
f 3547/404/1888 3548/405/1888 3555/412/1888 3554/411/1888
f 3548/405/1889 3549/406/1889 3556/413/1889 3555/412/1889
f 3550/408/1890 3551/407/1890 3558/414/1890 3557/415/1890
f 3551/407/1891 3552/409/1891 3559/416/1891 3558/414/1891
f 3552/409/1892 3553/410/1892 3560/417/1892 3559/416/1892
f 3553/410/1893 3554/411/1893 3561/418/1893 3560/417/1893
f 3554/411/1894 3555/412/1894 3562/419/1894 3561/418/1894
f 3555/412/1895 3556/413/1895 3563/420/1895 3562/419/1895
f 3557/415/1896 3558/414/1896 3565/421/1896 3564/422/1896
f 3558/414/1897 3559/416/1897 3566/423/1897 3565/421/1897
f 3559/416/1898 3560/417/1898 3567/424/1898 3566/423/1898
f 3560/417/1899 3561/418/1899 3568/425/1899 3567/424/1899
f 3561/418/1900 3562/419/1900 3569/426/1900 3568/425/1900
f 3562/419/1901 3563/420/1901 3570/427/1901 3569/426/1901
f 89/428/1902 945/429/1902 3522/379/1902 959/430/1902
f 945/429/1903 944/431/1903 3523/380/1903 3522/379/1903
f 944/431/1904 943/432/1904 3524/383/1904 3523/380/1904
f 943/432/1905 942/433/1905 3525/385/1905 3524/383/1905
f 942/433/1906 941/434/1906 3526/387/1906 3525/385/1906
f 941/434/1907 940/435/1907 3527/389/1907 3526/387/1907
f 940/435/1908 939/436/1908 3528/391/1908 3527/389/1908
f 939/436/1909 86/437/1909 931/438/1909 3528/391/1909
f 3528/391/1910 931/438/1910 930/439/1910 3535/392/1910
f 3535/392/1911 930/439/1911 929/440/1911 3542/399/1911
f 3542/399/1912 929/440/1912 928/441/1912 3549/406/1912
f 3549/406/1913 928/441/1913 927/442/1913 3556/413/1913
f 3556/413/1914 927/442/1914 926/443/1914 3563/420/1914
f 3563/420/1915 926/443/1915 925/444/1915 3570/427/1915
f 3570/427/1916 925/444/1916 87/445/1916 917/446/1916
f 3569/426/1917 3570/427/1917 917/446/1917 916/447/1917
f 3568/425/1918 3569/426/1918 916/447/1918 915/448/1918
f 3567/424/1919 3568/425/1919 915/448/1919 914/449/1919
f 3566/423/1920 3567/424/1920 914/449/1920 913/450/1920
f 3565/421/1921 3566/423/1921 913/450/1921 912/451/1921
f 3564/422/1922 3565/421/1922 912/451/1922 911/452/1922
f 953/453/1923 3564/422/1923 911/452/1923 90/454/1923
f 954/455/1924 3557/415/1924 3564/422/1924 953/453/1924
f 955/456/1925 3550/408/1925 3557/415/1925 954/455/1925
f 956/457/1926 3543/401/1926 3550/408/1926 955/456/1926
f 957/458/1927 3536/394/1927 3543/401/1927 956/457/1927
f 958/459/1928 3529/382/1928 3536/394/1928 957/458/1928
f 959/430/1929 3522/379/1929 3529/382/1929 958/459/1929
f 3571/460/1930 3572/461/1930 3579/462/1930 3578/463/1930
f 3572/461/1931 3573/464/1931 3580/465/1931 3579/462/1931
f 3573/464/1932 3574/466/1932 3581/467/1932 3580/465/1932
f 3574/466/1933 3575/468/1933 3582/469/1933 3581/467/1933
f 3575/468/1934 3576/470/1934 3583/471/1934 3582/469/1934
f 3576/470/1935 3577/472/1935 3584/473/1935 3583/471/1935
f 3578/463/1936 3579/462/1936 3586/474/1936 3585/475/1936
f 3579/462/1937 3580/465/1937 3587/476/1937 3586/474/1937
f 3580/465/1938 3581/467/1938 3588/477/1938 3587/476/1938
f 3581/467/1939 3582/469/1939 3589/478/1939 3588/477/1939
f 3582/469/1940 3583/471/1940 3590/479/1940 3589/478/1940
f 3583/471/1941 3584/473/1941 3591/480/1941 3590/479/1941
f 3585/475/1942 3586/474/1942 3593/481/1942 3592/482/1942
f 3586/474/1943 3587/476/1943 3594/483/1943 3593/481/1943
f 3587/476/1944 3588/477/1944 3595/484/1944 3594/483/1944
f 3588/477/1945 3589/478/1945 3596/485/1945 3595/484/1945
f 3589/478/1946 3590/479/1946 3597/486/1946 3596/485/1946
f 3590/479/1947 3591/480/1947 3598/487/1947 3597/486/1947
f 3592/482/1948 3593/481/1948 3600/488/1948 3599/489/1948
f 3593/481/1949 3594/483/1949 3601/490/1949 3600/488/1949
f 3594/483/1950 3595/484/1950 3602/491/1950 3601/490/1950
f 3595/484/1951 3596/485/1951 3603/492/1951 3602/491/1951
f 3596/485/1952 3597/486/1952 3604/493/1952 3603/492/1952
f 3597/486/1953 3598/487/1953 3605/494/1953 3604/493/1953
f 3599/489/1954 3600/488/1954 3607/495/1954 3606/496/1954
f 3600/488/1955 3601/490/1955 3608/497/1955 3607/495/1955
f 3601/490/1956 3602/491/1956 3609/498/1956 3608/497/1956
f 3602/491/1957 3603/492/1957 3610/499/1957 3609/498/1957
f 3603/492/1958 3604/493/1958 3611/500/1958 3610/499/1958
f 3604/493/1959 3605/494/1959 3612/501/1959 3611/500/1959
f 3606/496/1960 3607/495/1960 3614/502/1960 3613/503/1960
f 3607/495/1961 3608/497/1961 3615/504/1961 3614/502/1961
f 3608/497/1962 3609/498/1962 3616/505/1962 3615/504/1962
f 3609/498/1963 3610/499/1963 3617/506/1963 3616/505/1963
f 3610/499/1964 3611/500/1964 3618/507/1964 3617/506/1964
f 3611/500/1965 3612/501/1965 3619/508/1965 3618/507/1965
f 86/437/1966 910/509/1966 3571/460/1966 931/438/1966
f 910/509/1967 909/510/1967 3572/461/1967 3571/460/1967
f 909/510/1968 908/511/1968 3573/464/1968 3572/461/1968
f 908/511/1969 907/512/1969 3574/466/1969 3573/464/1969
f 907/512/1970 906/513/1970 3575/468/1970 3574/466/1970
f 906/513/1971 905/514/1971 3576/470/1971 3575/468/1971
f 905/514/1972 904/515/1972 3577/472/1972 3576/470/1972
f 904/515/1973 85/347/1973 938/349/1973 3577/472/1973
f 3577/472/1974 938/349/1974 937/378/1974 3584/473/1974
f 3584/473/1975 937/378/1975 936/377/1975 3591/480/1975
f 3591/480/1976 936/377/1976 935/376/1976 3598/487/1976
f 3598/487/1977 935/376/1977 934/375/1977 3605/494/1977
f 3605/494/1978 934/375/1978 933/374/1978 3612/501/1978
f 3612/501/1979 933/374/1979 932/372/1979 3619/508/1979
f 3619/508/1980 932/372/1980 88/373/1980 924/516/1980
f 3618/507/1981 3619/508/1981 924/516/1981 923/517/1981
f 3617/506/1982 3618/507/1982 923/517/1982 922/518/1982
f 3616/505/1983 3617/506/1983 922/518/1983 921/519/1983
f 3615/504/1984 3616/505/1984 921/519/1984 920/520/1984
f 3614/502/1985 3615/504/1985 920/520/1985 919/521/1985
f 3613/503/1986 3614/502/1986 919/521/1986 918/522/1986
f 925/444/1987 3613/503/1987 918/522/1987 87/445/1987
f 926/443/1988 3606/496/1988 3613/503/1988 925/444/1988
f 927/442/1989 3599/489/1989 3606/496/1989 926/443/1989
f 928/441/1990 3592/482/1990 3599/489/1990 927/442/1990
f 929/440/1991 3585/475/1991 3592/482/1991 928/441/1991
f 930/439/1992 3578/463/1992 3585/475/1992 929/440/1992
f 931/438/1993 3571/460/1993 3578/463/1993 930/439/1993
f 3620/523/1994 3621/524/1994 3628/525/1994 3627/526/1994
f 3621/524/1995 3622/527/1995 3629/528/1995 3628/525/1995
f 3622/527/1996 3623/529/1996 3630/530/1996 3629/528/1996
f 3623/529/1997 3624/531/1997 3631/532/1997 3630/530/1997
f 3624/531/1998 3625/533/1998 3632/534/1998 3631/532/1998
f 3625/533/1999 3626/535/1999 3633/536/1999 3632/534/1999
f 3627/526/2000 3628/525/2000 3635/537/2000 3634/538/2000
f 3628/525/2001 3629/528/2001 3636/539/2001 3635/537/2001
f 3629/528/2002 3630/530/2002 3637/540/2002 3636/539/2002
f 3630/530/2003 3631/532/2003 3638/541/2003 3637/540/2003
f 3631/532/2004 3632/534/2004 3639/542/2004 3638/541/2004
f 3632/534/2005 3633/536/2005 3640/543/2005 3639/542/2005
f 3634/538/2006 3635/537/2006 3642/544/2006 3641/545/2006
f 3635/537/2007 3636/539/2007 3643/546/2007 3642/544/2007
f 3636/539/2008 3637/540/2008 3644/547/2008 3643/546/2008
f 3637/540/2009 3638/541/2009 3645/548/2009 3644/547/2009
f 3638/541/2010 3639/542/2010 3646/549/2010 3645/548/2010
f 3639/542/2011 3640/543/2011 3647/550/2011 3646/549/2011
f 3641/545/2012 3642/544/2012 3649/551/2012 3648/552/2012
f 3642/544/2013 3643/546/2013 3650/553/2013 3649/551/2013
f 3643/546/2014 3644/547/2014 3651/554/2014 3650/553/2014
f 3644/547/2015 3645/548/2015 3652/555/2015 3651/554/2015
f 3645/548/2016 3646/549/2016 3653/556/2016 3652/555/2016
f 3646/549/2017 3647/550/2017 3654/557/2017 3653/556/2017
f 3648/552/2018 3649/551/2018 3656/558/2018 3655/559/2018
f 3649/551/2019 3650/553/2019 3657/560/2019 3656/558/2019
f 3650/553/2020 3651/554/2020 3658/561/2020 3657/560/2020
f 3651/554/2021 3652/555/2021 3659/562/2021 3658/561/2021
f 3652/555/2022 3653/556/2022 3660/563/2022 3659/562/2022
f 3653/556/2023 3654/557/2023 3661/564/2023 3660/563/2023
f 3655/559/2024 3656/558/2024 3663/565/2024 3662/566/2024
f 3656/558/2025 3657/560/2025 3664/567/2025 3663/565/2025
f 3657/560/2026 3658/561/2026 3665/568/2026 3664/567/2026
f 3658/561/2027 3659/562/2027 3666/569/2027 3665/568/2027
f 3659/562/2028 3660/563/2028 3667/570/2028 3666/569/2028
f 3660/563/2029 3661/564/2029 3668/571/2029 3667/570/2029
f 81/572/2030 875/573/2030 3620/523/2030 876/574/2030
f 875/573/2031 874/575/2031 3621/524/2031 3620/523/2031
f 874/575/2032 873/576/2032 3622/527/2032 3621/524/2032
f 873/576/2033 872/577/2033 3623/529/2033 3622/527/2033
f 872/577/2034 871/578/2034 3624/531/2034 3623/529/2034
f 871/578/2035 870/579/2035 3625/533/2035 3624/531/2035
f 870/579/2036 869/580/2036 3626/535/2036 3625/533/2036
f 869/580/2037 89/428/2037 959/430/2037 3626/535/2037
f 3626/535/2038 959/430/2038 958/459/2038 3633/536/2038
f 3633/536/2039 958/459/2039 957/458/2039 3640/543/2039
f 3640/543/2040 957/458/2040 956/457/2040 3647/550/2040
f 3647/550/2041 956/457/2041 955/456/2041 3654/557/2041
f 3654/557/2042 955/456/2042 954/455/2042 3661/564/2042
f 3661/564/2043 954/455/2043 953/453/2043 3668/571/2043
f 3668/571/2044 953/453/2044 90/454/2044 952/581/2044
f 3667/570/2045 3668/571/2045 952/581/2045 951/582/2045
f 3666/569/2046 3667/570/2046 951/582/2046 950/583/2046
f 3665/568/2047 3666/569/2047 950/583/2047 949/584/2047
f 3664/567/2048 3665/568/2048 949/584/2048 948/585/2048
f 3663/565/2049 3664/567/2049 948/585/2049 947/586/2049
f 3662/566/2050 3663/565/2050 947/586/2050 946/587/2050
f 882/588/2051 3662/566/2051 946/587/2051 82/589/2051
f 881/590/2052 3655/559/2052 3662/566/2052 882/588/2052
f 880/591/2053 3648/552/2053 3655/559/2053 881/590/2053
f 879/592/2054 3641/545/2054 3648/552/2054 880/591/2054
f 878/593/2055 3634/538/2055 3641/545/2055 879/592/2055
f 877/594/2056 3627/526/2056 3634/538/2056 878/593/2056
f 876/574/2057 3620/523/2057 3627/526/2057 877/594/2057
f 3669/298/2058 3670/299/2058 3677/300/2058 3676/301/2058
f 3670/299/2059 3671/302/2059 3678/303/2059 3677/300/2059
f 3671/302/2060 3672/304/2060 3679/305/2060 3678/303/2060
f 3672/304/2061 3673/306/2061 3680/307/2061 3679/305/2061
f 3673/306/2062 3674/308/2062 3681/309/2062 3680/307/2062
f 3674/308/2063 3675/310/2063 3682/311/2063 3681/309/2063
f 3676/301/2064 3677/300/2064 3684/312/2064 3683/313/2064
f 3677/300/2065 3678/303/2065 3685/314/2065 3684/312/2065
f 3678/303/2066 3679/305/2066 3686/315/2066 3685/314/2066
f 3679/305/2067 3680/307/2067 3687/316/2067 3686/315/2067
f 3680/307/2068 3681/309/2068 3688/317/2068 3687/316/2068
f 3681/309/2069 3682/311/2069 3689/318/2069 3688/317/2069
f 3683/313/2070 3684/312/2070 3691/319/2070 3690/320/2070
f 3684/312/2071 3685/314/2071 3692/321/2071 3691/319/2071
f 3685/314/2072 3686/315/2072 3693/322/2072 3692/321/2072
f 3686/315/2073 3687/316/2073 3694/323/2073 3693/322/2073
f 3687/316/2074 3688/317/2074 3695/324/2074 3694/323/2074
f 3688/317/2075 3689/318/2075 3696/325/2075 3695/324/2075
f 3690/320/2076 3691/319/2076 3698/326/2076 3697/327/2076
f 3691/319/2077 3692/321/2077 3699/328/2077 3698/326/2077
f 3692/321/2078 3693/322/2078 3700/329/2078 3699/328/2078
f 3693/322/2079 3694/323/2079 3701/330/2079 3700/329/2079
f 3694/323/2080 3695/324/2080 3702/331/2080 3701/330/2080
f 3695/324/2081 3696/325/2081 3703/332/2081 3702/331/2081
f 3697/327/2082 3698/326/2082 3705/333/2082 3704/334/2082
f 3698/326/2083 3699/328/2083 3706/335/2083 3705/333/2083
f 3699/328/2084 3700/329/2084 3707/336/2084 3706/335/2084
f 3700/329/2085 3701/330/2085 3708/337/2085 3707/336/2085
f 3701/330/2086 3702/331/2086 3709/338/2086 3708/337/2086
f 3702/331/2087 3703/332/2087 3710/339/2087 3709/338/2087
f 3704/334/2088 3705/333/2088 3712/340/2088 3711/341/2088
f 3705/333/2089 3706/335/2089 3713/342/2089 3712/340/2089
f 3706/335/2090 3707/336/2090 3714/343/2090 3713/342/2090
f 3707/336/2091 3708/337/2091 3715/344/2091 3714/343/2091
f 3708/337/2092 3709/338/2092 3716/345/2092 3715/344/2092
f 3709/338/2093 3710/339/2093 3717/346/2093 3716/345/2093
f 95/347/2094 994/348/2094 3669/298/2094 1029/349/2094
f 994/348/2095 993/350/2095 3670/299/2095 3669/298/2095
f 993/350/2096 992/351/2096 3671/302/2096 3670/299/2096
f 992/351/2097 991/352/2097 3672/304/2097 3671/302/2097
f 991/352/2098 990/353/2098 3673/306/2098 3672/304/2098
f 990/353/2099 989/354/2099 3674/308/2099 3673/306/2099
f 989/354/2100 988/355/2100 3675/310/2100 3674/308/2100
f 988/355/2101 93/356/2101 987/357/2101 3675/310/2101
f 3675/310/2102 987/357/2102 986/358/2102 3682/311/2102
f 3682/311/2103 986/358/2103 985/359/2103 3689/318/2103
f 3689/318/2104 985/359/2104 984/360/2104 3696/325/2104
f 3696/325/2105 984/360/2105 983/361/2105 3703/332/2105
f 3703/332/2106 983/361/2106 982/362/2106 3710/339/2106
f 3710/339/2107 982/362/2107 981/363/2107 3717/346/2107
f 3717/346/2108 981/363/2108 94/364/2108 980/365/2108
f 3716/345/2109 3717/346/2109 980/365/2109 979/366/2109
f 3715/344/2110 3716/345/2110 979/366/2110 978/367/2110
f 3714/343/2111 3715/344/2111 978/367/2111 977/368/2111
f 3713/342/2112 3714/343/2112 977/368/2112 976/369/2112
f 3712/340/2113 3713/342/2113 976/369/2113 975/370/2113
f 3711/341/2114 3712/340/2114 975/370/2114 974/371/2114
f 1023/372/2115 3711/341/2115 974/371/2115 98/373/2115
f 1024/374/2116 3704/334/2116 3711/341/2116 1023/372/2116
f 1025/375/2117 3697/327/2117 3704/334/2117 1024/374/2117
f 1026/376/2118 3690/320/2118 3697/327/2118 1025/375/2118
f 1027/377/2119 3683/313/2119 3690/320/2119 1026/376/2119
f 1028/378/2120 3676/301/2120 3683/313/2120 1027/377/2120
f 1029/349/2121 3669/298/2121 3676/301/2121 1028/378/2121
f 3718/379/2122 3719/380/2122 3726/381/2122 3725/382/2122
f 3719/380/2123 3720/383/2123 3727/384/2123 3726/381/2123
f 3720/383/2124 3721/385/2124 3728/386/2124 3727/384/2124
f 3721/385/2125 3722/387/2125 3729/388/2125 3728/386/2125
f 3722/387/2126 3723/389/2126 3730/390/2126 3729/388/2126
f 3723/389/2127 3724/391/2127 3731/392/2127 3730/390/2127
f 3725/382/2128 3726/381/2128 3733/393/2128 3732/394/2128
f 3726/381/2129 3727/384/2129 3734/395/2129 3733/393/2129
f 3727/384/2130 3728/386/2130 3735/396/2130 3734/395/2130
f 3728/386/2131 3729/388/2131 3736/397/2131 3735/396/2131
f 3729/388/2132 3730/390/2132 3737/398/2132 3736/397/2132
f 3730/390/2133 3731/392/2133 3738/399/2133 3737/398/2133
f 3732/394/2134 3733/393/2134 3740/400/2134 3739/401/2134
f 3733/393/2135 3734/395/2135 3741/402/2135 3740/400/2135
f 3734/395/2136 3735/396/2136 3742/403/2136 3741/402/2136
f 3735/396/2137 3736/397/2137 3743/404/2137 3742/403/2137
f 3736/397/2138 3737/398/2138 3744/405/2138 3743/404/2138
f 3737/398/2139 3738/399/2139 3745/406/2139 3744/405/2139
f 3739/401/2140 3740/400/2140 3747/407/2140 3746/408/2140
f 3740/400/2141 3741/402/2141 3748/409/2141 3747/407/2141
f 3741/402/2142 3742/403/2142 3749/410/2142 3748/409/2142
f 3742/403/2143 3743/404/2143 3750/411/2143 3749/410/2143
f 3743/404/2144 3744/405/2144 3751/412/2144 3750/411/2144
f 3744/405/2145 3745/406/2145 3752/413/2145 3751/412/2145
f 3746/408/2146 3747/407/2146 3754/414/2146 3753/415/2146
f 3747/407/2147 3748/409/2147 3755/416/2147 3754/414/2147
f 3748/409/2148 3749/410/2148 3756/417/2148 3755/416/2148
f 3749/410/2149 3750/411/2149 3757/418/2149 3756/417/2149
f 3750/411/2150 3751/412/2150 3758/419/2150 3757/418/2150
f 3751/412/2151 3752/413/2151 3759/420/2151 3758/419/2151
f 3753/415/2152 3754/414/2152 3761/421/2152 3760/422/2152
f 3754/414/2153 3755/416/2153 3762/423/2153 3761/421/2153
f 3755/416/2154 3756/417/2154 3763/424/2154 3762/423/2154
f 3756/417/2155 3757/418/2155 3764/425/2155 3763/424/2155
f 3757/418/2156 3758/419/2156 3765/426/2156 3764/425/2156
f 3758/419/2157 3759/420/2157 3766/427/2157 3765/426/2157
f 99/428/2158 1036/429/2158 3718/379/2158 1050/430/2158
f 1036/429/2159 1035/431/2159 3719/380/2159 3718/379/2159
f 1035/431/2160 1034/432/2160 3720/383/2160 3719/380/2160
f 1034/432/2161 1033/433/2161 3721/385/2161 3720/383/2161
f 1033/433/2162 1032/434/2162 3722/387/2162 3721/385/2162
f 1032/434/2163 1031/435/2163 3723/389/2163 3722/387/2163
f 1031/435/2164 1030/436/2164 3724/391/2164 3723/389/2164
f 1030/436/2165 96/437/2165 1022/438/2165 3724/391/2165
f 3724/391/2166 1022/438/2166 1021/439/2166 3731/392/2166
f 3731/392/2167 1021/439/2167 1020/440/2167 3738/399/2167
f 3738/399/2168 1020/440/2168 1019/441/2168 3745/406/2168
f 3745/406/2169 1019/441/2169 1018/442/2169 3752/413/2169
f 3752/413/2170 1018/442/2170 1017/443/2170 3759/420/2170
f 3759/420/2171 1017/443/2171 1016/444/2171 3766/427/2171
f 3766/427/2172 1016/444/2172 97/445/2172 1008/446/2172
f 3765/426/2173 3766/427/2173 1008/446/2173 1007/447/2173
f 3764/425/2174 3765/426/2174 1007/447/2174 1006/448/2174
f 3763/424/2175 3764/425/2175 1006/448/2175 1005/449/2175
f 3762/423/2176 3763/424/2176 1005/449/2176 1004/450/2176
f 3761/421/2177 3762/423/2177 1004/450/2177 1003/451/2177
f 3760/422/2178 3761/421/2178 1003/451/2178 1002/452/2178
f 1044/453/2179 3760/422/2179 1002/452/2179 100/454/2179
f 1045/455/2180 3753/415/2180 3760/422/2180 1044/453/2180
f 1046/456/2181 3746/408/2181 3753/415/2181 1045/455/2181
f 1047/457/2182 3739/401/2182 3746/408/2182 1046/456/2182
f 1048/458/2183 3732/394/2183 3739/401/2183 1047/457/2183
f 1049/459/2184 3725/382/2184 3732/394/2184 1048/458/2184
f 1050/430/2185 3718/379/2185 3725/382/2185 1049/459/2185
f 3767/460/2186 3768/461/2186 3775/462/2186 3774/463/2186
f 3768/461/2187 3769/464/2187 3776/465/2187 3775/462/2187
f 3769/464/2188 3770/466/2188 3777/467/2188 3776/465/2188
f 3770/466/2189 3771/468/2189 3778/469/2189 3777/467/2189
f 3771/468/2190 3772/470/2190 3779/471/2190 3778/469/2190
f 3772/470/2191 3773/472/2191 3780/473/2191 3779/471/2191
f 3774/463/2192 3775/462/2192 3782/474/2192 3781/475/2192
f 3775/462/2193 3776/465/2193 3783/476/2193 3782/474/2193
f 3776/465/2194 3777/467/2194 3784/477/2194 3783/476/2194
f 3777/467/2195 3778/469/2195 3785/478/2195 3784/477/2195
f 3778/469/2196 3779/471/2196 3786/479/2196 3785/478/2196
f 3779/471/2197 3780/473/2197 3787/480/2197 3786/479/2197
f 3781/475/2198 3782/474/2198 3789/481/2198 3788/482/2198
f 3782/474/2199 3783/476/2199 3790/483/2199 3789/481/2199
f 3783/476/2200 3784/477/2200 3791/484/2200 3790/483/2200
f 3784/477/2201 3785/478/2201 3792/485/2201 3791/484/2201
f 3785/478/2202 3786/479/2202 3793/486/2202 3792/485/2202
f 3786/479/2203 3787/480/2203 3794/487/2203 3793/486/2203
f 3788/482/2204 3789/481/2204 3796/488/2204 3795/489/2204
f 3789/481/2205 3790/483/2205 3797/490/2205 3796/488/2205
f 3790/483/2206 3791/484/2206 3798/491/2206 3797/490/2206
f 3791/484/2207 3792/485/2207 3799/492/2207 3798/491/2207
f 3792/485/2208 3793/486/2208 3800/493/2208 3799/492/2208
f 3793/486/2209 3794/487/2209 3801/494/2209 3800/493/2209
f 3795/489/2210 3796/488/2210 3803/495/2210 3802/496/2210
f 3796/488/2211 3797/490/2211 3804/497/2211 3803/495/2211
f 3797/490/2212 3798/491/2212 3805/498/2212 3804/497/2212
f 3798/491/2213 3799/492/2213 3806/499/2213 3805/498/2213
f 3799/492/2214 3800/493/2214 3807/500/2214 3806/499/2214
f 3800/493/2215 3801/494/2215 3808/501/2215 3807/500/2215
f 3802/496/2216 3803/495/2216 3810/502/2216 3809/503/2216
f 3803/495/2217 3804/497/2217 3811/504/2217 3810/502/2217
f 3804/497/2218 3805/498/2218 3812/505/2218 3811/504/2218
f 3805/498/2219 3806/499/2219 3813/506/2219 3812/505/2219
f 3806/499/2220 3807/500/2220 3814/507/2220 3813/506/2220
f 3807/500/2221 3808/501/2221 3815/508/2221 3814/507/2221
f 96/437/2222 1001/509/2222 3767/460/2222 1022/438/2222
f 1001/509/2223 1000/510/2223 3768/461/2223 3767/460/2223
f 1000/510/2224 999/511/2224 3769/464/2224 3768/461/2224
f 999/511/2225 998/512/2225 3770/466/2225 3769/464/2225
f 998/512/2226 997/513/2226 3771/468/2226 3770/466/2226
f 997/513/2227 996/514/2227 3772/470/2227 3771/468/2227
f 996/514/2228 995/515/2228 3773/472/2228 3772/470/2228
f 995/515/2229 95/347/2229 1029/349/2229 3773/472/2229
f 3773/472/2230 1029/349/2230 1028/378/2230 3780/473/2230
f 3780/473/2231 1028/378/2231 1027/377/2231 3787/480/2231
f 3787/480/2232 1027/377/2232 1026/376/2232 3794/487/2232
f 3794/487/2233 1026/376/2233 1025/375/2233 3801/494/2233
f 3801/494/2234 1025/375/2234 1024/374/2234 3808/501/2234
f 3808/501/2235 1024/374/2235 1023/372/2235 3815/508/2235
f 3815/508/2236 1023/372/2236 98/373/2236 1015/516/2236
f 3814/507/2237 3815/508/2237 1015/516/2237 1014/517/2237
f 3813/506/2238 3814/507/2238 1014/517/2238 1013/518/2238
f 3812/505/2239 3813/506/2239 1013/518/2239 1012/519/2239
f 3811/504/2240 3812/505/2240 1012/519/2240 1011/520/2240
f 3810/502/2241 3811/504/2241 1011/520/2241 1010/521/2241
f 3809/503/2242 3810/502/2242 1010/521/2242 1009/522/2242
f 1016/444/2243 3809/503/2243 1009/522/2243 97/445/2243
f 1017/443/2244 3802/496/2244 3809/503/2244 1016/444/2244
f 1018/442/2245 3795/489/2245 3802/496/2245 1017/443/2245
f 1019/441/2246 3788/482/2246 3795/489/2246 1018/442/2246
f 1020/440/2247 3781/475/2247 3788/482/2247 1019/441/2247
f 1021/439/2248 3774/463/2248 3781/475/2248 1020/440/2248
f 1022/438/2249 3767/460/2249 3774/463/2249 1021/439/2249
f 3816/523/2250 3817/524/2250 3824/525/2250 3823/526/2250
f 3817/524/2251 3818/527/2251 3825/528/2251 3824/525/2251
f 3818/527/2252 3819/529/2252 3826/530/2252 3825/528/2252
f 3819/529/2253 3820/531/2253 3827/532/2253 3826/530/2253
f 3820/531/2254 3821/533/2254 3828/534/2254 3827/532/2254
f 3821/533/2255 3822/535/2255 3829/536/2255 3828/534/2255
f 3823/526/2256 3824/525/2256 3831/537/2256 3830/538/2256
f 3824/525/2257 3825/528/2257 3832/539/2257 3831/537/2257
f 3825/528/2258 3826/530/2258 3833/540/2258 3832/539/2258
f 3826/530/2259 3827/532/2259 3834/541/2259 3833/540/2259
f 3827/532/2260 3828/534/2260 3835/542/2260 3834/541/2260
f 3828/534/2261 3829/536/2261 3836/543/2261 3835/542/2261
f 3830/538/2262 3831/537/2262 3838/544/2262 3837/545/2262
f 3831/537/2263 3832/539/2263 3839/546/2263 3838/544/2263
f 3832/539/2264 3833/540/2264 3840/547/2264 3839/546/2264
f 3833/540/2265 3834/541/2265 3841/548/2265 3840/547/2265
f 3834/541/2266 3835/542/2266 3842/549/2266 3841/548/2266
f 3835/542/2267 3836/543/2267 3843/550/2267 3842/549/2267
f 3837/545/2268 3838/544/2268 3845/551/2268 3844/552/2268
f 3838/544/2269 3839/546/2269 3846/553/2269 3845/551/2269
f 3839/546/2270 3840/547/2270 3847/554/2270 3846/553/2270
f 3840/547/2271 3841/548/2271 3848/555/2271 3847/554/2271
f 3841/548/2272 3842/549/2272 3849/556/2272 3848/555/2272
f 3842/549/2273 3843/550/2273 3850/557/2273 3849/556/2273
f 3844/552/2274 3845/551/2274 3852/558/2274 3851/559/2274
f 3845/551/2275 3846/553/2275 3853/560/2275 3852/558/2275
f 3846/553/2276 3847/554/2276 3854/561/2276 3853/560/2276
f 3847/554/2277 3848/555/2277 3855/562/2277 3854/561/2277
f 3848/555/2278 3849/556/2278 3856/563/2278 3855/562/2278
f 3849/556/2279 3850/557/2279 3857/564/2279 3856/563/2279
f 3851/559/2280 3852/558/2280 3859/565/2280 3858/566/2280
f 3852/558/2281 3853/560/2281 3860/567/2281 3859/565/2281
f 3853/560/2282 3854/561/2282 3861/568/2282 3860/567/2282
f 3854/561/2283 3855/562/2283 3862/569/2283 3861/568/2283
f 3855/562/2284 3856/563/2284 3863/570/2284 3862/569/2284
f 3856/563/2285 3857/564/2285 3864/571/2285 3863/570/2285
f 91/572/2286 966/573/2286 3816/523/2286 967/574/2286
f 966/573/2287 965/575/2287 3817/524/2287 3816/523/2287
f 965/575/2288 964/576/2288 3818/527/2288 3817/524/2288
f 964/576/2289 963/577/2289 3819/529/2289 3818/527/2289
f 963/577/2290 962/578/2290 3820/531/2290 3819/529/2290
f 962/578/2291 961/579/2291 3821/533/2291 3820/531/2291
f 961/579/2292 960/580/2292 3822/535/2292 3821/533/2292
f 960/580/2293 99/428/2293 1050/430/2293 3822/535/2293
f 3822/535/2294 1050/430/2294 1049/459/2294 3829/536/2294
f 3829/536/2295 1049/459/2295 1048/458/2295 3836/543/2295
f 3836/543/2296 1048/458/2296 1047/457/2296 3843/550/2296
f 3843/550/2297 1047/457/2297 1046/456/2297 3850/557/2297
f 3850/557/2298 1046/456/2298 1045/455/2298 3857/564/2298
f 3857/564/2299 1045/455/2299 1044/453/2299 3864/571/2299
f 3864/571/2300 1044/453/2300 100/454/2300 1043/581/2300
f 3863/570/2301 3864/571/2301 1043/581/2301 1042/582/2301
f 3862/569/2302 3863/570/2302 1042/582/2302 1041/583/2302
f 3861/568/2303 3862/569/2303 1041/583/2303 1040/584/2303
f 3860/567/2304 3861/568/2304 1040/584/2304 1039/585/2304
f 3859/565/2305 3860/567/2305 1039/585/2305 1038/586/2305
f 3858/566/2306 3859/565/2306 1038/586/2306 1037/587/2306
f 973/588/2307 3858/566/2307 1037/587/2307 92/589/2307
f 972/590/2308 3851/559/2308 3858/566/2308 973/588/2308
f 971/591/2309 3844/552/2309 3851/559/2309 972/590/2309
f 970/592/2310 3837/545/2310 3844/552/2310 971/591/2310
f 969/593/2311 3830/538/2311 3837/545/2311 970/592/2311
f 968/594/2312 3823/526/2312 3830/538/2312 969/593/2312
f 967/574/2313 3816/523/2313 3823/526/2313 968/594/2313
f 3865/298/2314 3866/299/2314 3873/300/2314 3872/301/2314
f 3866/299/2315 3867/302/2315 3874/303/2315 3873/300/2315
f 3867/302/2316 3868/304/2316 3875/305/2316 3874/303/2316
f 3868/304/2317 3869/306/2317 3876/307/2317 3875/305/2317
f 3869/306/2318 3870/308/2318 3877/309/2318 3876/307/2318
f 3870/308/2319 3871/310/2319 3878/311/2319 3877/309/2319
f 3872/301/2320 3873/300/2320 3880/312/2320 3879/313/2320
f 3873/300/2321 3874/303/2321 3881/314/2321 3880/312/2321
f 3874/303/2322 3875/305/2322 3882/315/2322 3881/314/2322
f 3875/305/2323 3876/307/2323 3883/316/2323 3882/315/2323
f 3876/307/2324 3877/309/2324 3884/317/2324 3883/316/2324
f 3877/309/2325 3878/311/2325 3885/318/2325 3884/317/2325
f 3879/313/2326 3880/312/2326 3887/319/2326 3886/320/2326
f 3880/312/2327 3881/314/2327 3888/321/2327 3887/319/2327
f 3881/314/2328 3882/315/2328 3889/322/2328 3888/321/2328
f 3882/315/2329 3883/316/2329 3890/323/2329 3889/322/2329
f 3883/316/2330 3884/317/2330 3891/324/2330 3890/323/2330
f 3884/317/2331 3885/318/2331 3892/325/2331 3891/324/2331
f 3886/320/2332 3887/319/2332 3894/326/2332 3893/327/2332
f 3887/319/2333 3888/321/2333 3895/328/2333 3894/326/2333
f 3888/321/2334 3889/322/2334 3896/329/2334 3895/328/2334
f 3889/322/2335 3890/323/2335 3897/330/2335 3896/329/2335
f 3890/323/2336 3891/324/2336 3898/331/2336 3897/330/2336
f 3891/324/2337 3892/325/2337 3899/332/2337 3898/331/2337
f 3893/327/2338 3894/326/2338 3901/333/2338 3900/334/2338
f 3894/326/2339 3895/328/2339 3902/335/2339 3901/333/2339
f 3895/328/2340 3896/329/2340 3903/336/2340 3902/335/2340
f 3896/329/2341 3897/330/2341 3904/337/2341 3903/336/2341
f 3897/330/2342 3898/331/2342 3905/338/2342 3904/337/2342
f 3898/331/2343 3899/332/2343 3906/339/2343 3905/338/2343
f 3900/334/2344 3901/333/2344 3908/340/2344 3907/341/2344
f 3901/333/2345 3902/335/2345 3909/342/2345 3908/340/2345
f 3902/335/2346 3903/336/2346 3910/343/2346 3909/342/2346
f 3903/336/2347 3904/337/2347 3911/344/2347 3910/343/2347
f 3904/337/2348 3905/338/2348 3912/345/2348 3911/344/2348
f 3905/338/2349 3906/339/2349 3913/346/2349 3912/345/2349
f 105/347/2350 1085/348/2350 3865/298/2350 1120/349/2350
f 1085/348/2351 1084/350/2351 3866/299/2351 3865/298/2351
f 1084/350/2352 1083/351/2352 3867/302/2352 3866/299/2352
f 1083/351/2353 1082/352/2353 3868/304/2353 3867/302/2353
f 1082/352/2354 1081/353/2354 3869/306/2354 3868/304/2354
f 1081/353/2355 1080/354/2355 3870/308/2355 3869/306/2355
f 1080/354/2356 1079/355/2356 3871/310/2356 3870/308/2356
f 1079/355/2357 103/356/2357 1078/357/2357 3871/310/2357
f 3871/310/2358 1078/357/2358 1077/358/2358 3878/311/2358
f 3878/311/2359 1077/358/2359 1076/359/2359 3885/318/2359
f 3885/318/2360 1076/359/2360 1075/360/2360 3892/325/2360
f 3892/325/2361 1075/360/2361 1074/361/2361 3899/332/2361
f 3899/332/2362 1074/361/2362 1073/362/2362 3906/339/2362
f 3906/339/2363 1073/362/2363 1072/363/2363 3913/346/2363
f 3913/346/2364 1072/363/2364 104/364/2364 1071/365/2364
f 3912/345/2365 3913/346/2365 1071/365/2365 1070/366/2365
f 3911/344/2366 3912/345/2366 1070/366/2366 1069/367/2366
f 3910/343/2367 3911/344/2367 1069/367/2367 1068/368/2367
f 3909/342/2368 3910/343/2368 1068/368/2368 1067/369/2368
f 3908/340/2369 3909/342/2369 1067/369/2369 1066/370/2369
f 3907/341/2370 3908/340/2370 1066/370/2370 1065/371/2370
f 1114/372/2371 3907/341/2371 1065/371/2371 108/373/2371
f 1115/374/2372 3900/334/2372 3907/341/2372 1114/372/2372
f 1116/375/2373 3893/327/2373 3900/334/2373 1115/374/2373
f 1117/376/2374 3886/320/2374 3893/327/2374 1116/375/2374
f 1118/377/2375 3879/313/2375 3886/320/2375 1117/376/2375
f 1119/378/2376 3872/301/2376 3879/313/2376 1118/377/2376
f 1120/349/2377 3865/298/2377 3872/301/2377 1119/378/2377
f 3914/379/2378 3915/380/2378 3922/381/2378 3921/382/2378
f 3915/380/2379 3916/383/2379 3923/384/2379 3922/381/2379
f 3916/383/2380 3917/385/2380 3924/386/2380 3923/384/2380
f 3917/385/2381 3918/387/2381 3925/388/2381 3924/386/2381
f 3918/387/2382 3919/389/2382 3926/390/2382 3925/388/2382
f 3919/389/2383 3920/391/2383 3927/392/2383 3926/390/2383
f 3921/382/2384 3922/381/2384 3929/393/2384 3928/394/2384
f 3922/381/2385 3923/384/2385 3930/395/2385 3929/393/2385
f 3923/384/2386 3924/386/2386 3931/396/2386 3930/395/2386
f 3924/386/2387 3925/388/2387 3932/397/2387 3931/396/2387
f 3925/388/2388 3926/390/2388 3933/398/2388 3932/397/2388
f 3926/390/2389 3927/392/2389 3934/399/2389 3933/398/2389
f 3928/394/2390 3929/393/2390 3936/400/2390 3935/401/2390
f 3929/393/2391 3930/395/2391 3937/402/2391 3936/400/2391
f 3930/395/2392 3931/396/2392 3938/403/2392 3937/402/2392
f 3931/396/2393 3932/397/2393 3939/404/2393 3938/403/2393
f 3932/397/2394 3933/398/2394 3940/405/2394 3939/404/2394
f 3933/398/2395 3934/399/2395 3941/406/2395 3940/405/2395
f 3935/401/2396 3936/400/2396 3943/407/2396 3942/408/2396
f 3936/400/2397 3937/402/2397 3944/409/2397 3943/407/2397
f 3937/402/2398 3938/403/2398 3945/410/2398 3944/409/2398
f 3938/403/2399 3939/404/2399 3946/411/2399 3945/410/2399
f 3939/404/2400 3940/405/2400 3947/412/2400 3946/411/2400
f 3940/405/2401 3941/406/2401 3948/413/2401 3947/412/2401
f 3942/408/2402 3943/407/2402 3950/414/2402 3949/415/2402
f 3943/407/2403 3944/409/2403 3951/416/2403 3950/414/2403
f 3944/409/2404 3945/410/2404 3952/417/2404 3951/416/2404
f 3945/410/2405 3946/411/2405 3953/418/2405 3952/417/2405
f 3946/411/2406 3947/412/2406 3954/419/2406 3953/418/2406
f 3947/412/2407 3948/413/2407 3955/420/2407 3954/419/2407
f 3949/415/2408 3950/414/2408 3957/421/2408 3956/422/2408
f 3950/414/2409 3951/416/2409 3958/423/2409 3957/421/2409
f 3951/416/2410 3952/417/2410 3959/424/2410 3958/423/2410
f 3952/417/2411 3953/418/2411 3960/425/2411 3959/424/2411
f 3953/418/2412 3954/419/2412 3961/426/2412 3960/425/2412
f 3954/419/2413 3955/420/2413 3962/427/2413 3961/426/2413
f 109/428/2414 1127/429/2414 3914/379/2414 1141/430/2414
f 1127/429/2415 1126/431/2415 3915/380/2415 3914/379/2415
f 1126/431/2416 1125/432/2416 3916/383/2416 3915/380/2416
f 1125/432/2417 1124/433/2417 3917/385/2417 3916/383/2417
f 1124/433/2418 1123/434/2418 3918/387/2418 3917/385/2418
f 1123/434/2419 1122/435/2419 3919/389/2419 3918/387/2419
f 1122/435/2420 1121/436/2420 3920/391/2420 3919/389/2420
f 1121/436/2421 106/437/2421 1113/438/2421 3920/391/2421
f 3920/391/2422 1113/438/2422 1112/439/2422 3927/392/2422
f 3927/392/2423 1112/439/2423 1111/440/2423 3934/399/2423
f 3934/399/2424 1111/440/2424 1110/441/2424 3941/406/2424
f 3941/406/2425 1110/441/2425 1109/442/2425 3948/413/2425
f 3948/413/2426 1109/442/2426 1108/443/2426 3955/420/2426
f 3955/420/2427 1108/443/2427 1107/444/2427 3962/427/2427
f 3962/427/2428 1107/444/2428 107/445/2428 1099/446/2428
f 3961/426/2429 3962/427/2429 1099/446/2429 1098/447/2429
f 3960/425/2430 3961/426/2430 1098/447/2430 1097/448/2430
f 3959/424/2431 3960/425/2431 1097/448/2431 1096/449/2431
f 3958/423/2432 3959/424/2432 1096/449/2432 1095/450/2432
f 3957/421/2433 3958/423/2433 1095/450/2433 1094/451/2433
f 3956/422/2434 3957/421/2434 1094/451/2434 1093/452/2434
f 1135/453/2435 3956/422/2435 1093/452/2435 110/454/2435
f 1136/455/2436 3949/415/2436 3956/422/2436 1135/453/2436
f 1137/456/2437 3942/408/2437 3949/415/2437 1136/455/2437
f 1138/457/2438 3935/401/2438 3942/408/2438 1137/456/2438
f 1139/458/2439 3928/394/2439 3935/401/2439 1138/457/2439
f 1140/459/2440 3921/382/2440 3928/394/2440 1139/458/2440
f 1141/430/2441 3914/379/2441 3921/382/2441 1140/459/2441
f 3963/460/2442 3964/461/2442 3971/462/2442 3970/463/2442
f 3964/461/2443 3965/464/2443 3972/465/2443 3971/462/2443
f 3965/464/2444 3966/466/2444 3973/467/2444 3972/465/2444
f 3966/466/2445 3967/468/2445 3974/469/2445 3973/467/2445
f 3967/468/2446 3968/470/2446 3975/471/2446 3974/469/2446
f 3968/470/2447 3969/472/2447 3976/473/2447 3975/471/2447
f 3970/463/2448 3971/462/2448 3978/474/2448 3977/475/2448
f 3971/462/2449 3972/465/2449 3979/476/2449 3978/474/2449
f 3972/465/2450 3973/467/2450 3980/477/2450 3979/476/2450
f 3973/467/2451 3974/469/2451 3981/478/2451 3980/477/2451
f 3974/469/2452 3975/471/2452 3982/479/2452 3981/478/2452
f 3975/471/2453 3976/473/2453 3983/480/2453 3982/479/2453
f 3977/475/2454 3978/474/2454 3985/481/2454 3984/482/2454
f 3978/474/2455 3979/476/2455 3986/483/2455 3985/481/2455
f 3979/476/2456 3980/477/2456 3987/484/2456 3986/483/2456
f 3980/477/2457 3981/478/2457 3988/485/2457 3987/484/2457
f 3981/478/2458 3982/479/2458 3989/486/2458 3988/485/2458
f 3982/479/2459 3983/480/2459 3990/487/2459 3989/486/2459
f 3984/482/2460 3985/481/2460 3992/488/2460 3991/489/2460
f 3985/481/2461 3986/483/2461 3993/490/2461 3992/488/2461
f 3986/483/2462 3987/484/2462 3994/491/2462 3993/490/2462
f 3987/484/2463 3988/485/2463 3995/492/2463 3994/491/2463
f 3988/485/2464 3989/486/2464 3996/493/2464 3995/492/2464
f 3989/486/2465 3990/487/2465 3997/494/2465 3996/493/2465
f 3991/489/2466 3992/488/2466 3999/495/2466 3998/496/2466
f 3992/488/2467 3993/490/2467 4000/497/2467 3999/495/2467
f 3993/490/2468 3994/491/2468 4001/498/2468 4000/497/2468
f 3994/491/2469 3995/492/2469 4002/499/2469 4001/498/2469
f 3995/492/2470 3996/493/2470 4003/500/2470 4002/499/2470
f 3996/493/2471 3997/494/2471 4004/501/2471 4003/500/2471
f 3998/496/2472 3999/495/2472 4006/502/2472 4005/503/2472
f 3999/495/2473 4000/497/2473 4007/504/2473 4006/502/2473
f 4000/497/2474 4001/498/2474 4008/505/2474 4007/504/2474
f 4001/498/2475 4002/499/2475 4009/506/2475 4008/505/2475
f 4002/499/2476 4003/500/2476 4010/507/2476 4009/506/2476
f 4003/500/2477 4004/501/2477 4011/508/2477 4010/507/2477
f 106/437/2478 1092/509/2478 3963/460/2478 1113/438/2478
f 1092/509/2479 1091/510/2479 3964/461/2479 3963/460/2479
f 1091/510/2480 1090/511/2480 3965/464/2480 3964/461/2480
f 1090/511/2481 1089/512/2481 3966/466/2481 3965/464/2481
f 1089/512/2482 1088/513/2482 3967/468/2482 3966/466/2482
f 1088/513/2483 1087/514/2483 3968/470/2483 3967/468/2483
f 1087/514/2484 1086/515/2484 3969/472/2484 3968/470/2484
f 1086/515/2485 105/347/2485 1120/349/2485 3969/472/2485
f 3969/472/2486 1120/349/2486 1119/378/2486 3976/473/2486
f 3976/473/2487 1119/378/2487 1118/377/2487 3983/480/2487
f 3983/480/2488 1118/377/2488 1117/376/2488 3990/487/2488
f 3990/487/2489 1117/376/2489 1116/375/2489 3997/494/2489
f 3997/494/2490 1116/375/2490 1115/374/2490 4004/501/2490
f 4004/501/2491 1115/374/2491 1114/372/2491 4011/508/2491
f 4011/508/2492 1114/372/2492 108/373/2492 1106/516/2492
f 4010/507/2493 4011/508/2493 1106/516/2493 1105/517/2493
f 4009/506/2494 4010/507/2494 1105/517/2494 1104/518/2494
f 4008/505/2495 4009/506/2495 1104/518/2495 1103/519/2495
f 4007/504/2496 4008/505/2496 1103/519/2496 1102/520/2496
f 4006/502/2497 4007/504/2497 1102/520/2497 1101/521/2497
f 4005/503/2498 4006/502/2498 1101/521/2498 1100/522/2498
f 1107/444/2499 4005/503/2499 1100/522/2499 107/445/2499
f 1108/443/2500 3998/496/2500 4005/503/2500 1107/444/2500
f 1109/442/2501 3991/489/2501 3998/496/2501 1108/443/2501
f 1110/441/2502 3984/482/2502 3991/489/2502 1109/442/2502
f 1111/440/2503 3977/475/2503 3984/482/2503 1110/441/2503
f 1112/439/2504 3970/463/2504 3977/475/2504 1111/440/2504
f 1113/438/2505 3963/460/2505 3970/463/2505 1112/439/2505
f 4012/523/2506 4013/524/2506 4020/525/2506 4019/526/2506
f 4013/524/2507 4014/527/2507 4021/528/2507 4020/525/2507
f 4014/527/2508 4015/529/2508 4022/530/2508 4021/528/2508
f 4015/529/2509 4016/531/2509 4023/532/2509 4022/530/2509
f 4016/531/2510 4017/533/2510 4024/534/2510 4023/532/2510
f 4017/533/2511 4018/535/2511 4025/536/2511 4024/534/2511
f 4019/526/2512 4020/525/2512 4027/537/2512 4026/538/2512
f 4020/525/2513 4021/528/2513 4028/539/2513 4027/537/2513
f 4021/528/2514 4022/530/2514 4029/540/2514 4028/539/2514
f 4022/530/2515 4023/532/2515 4030/541/2515 4029/540/2515
f 4023/532/2516 4024/534/2516 4031/542/2516 4030/541/2516
f 4024/534/2517 4025/536/2517 4032/543/2517 4031/542/2517
f 4026/538/2518 4027/537/2518 4034/544/2518 4033/545/2518
f 4027/537/2519 4028/539/2519 4035/546/2519 4034/544/2519
f 4028/539/2520 4029/540/2520 4036/547/2520 4035/546/2520
f 4029/540/2521 4030/541/2521 4037/548/2521 4036/547/2521
f 4030/541/2522 4031/542/2522 4038/549/2522 4037/548/2522
f 4031/542/2523 4032/543/2523 4039/550/2523 4038/549/2523
f 4033/545/2524 4034/544/2524 4041/551/2524 4040/552/2524
f 4034/544/2525 4035/546/2525 4042/553/2525 4041/551/2525
f 4035/546/2526 4036/547/2526 4043/554/2526 4042/553/2526
f 4036/547/2527 4037/548/2527 4044/555/2527 4043/554/2527
f 4037/548/2528 4038/549/2528 4045/556/2528 4044/555/2528
f 4038/549/2529 4039/550/2529 4046/557/2529 4045/556/2529
f 4040/552/2530 4041/551/2530 4048/558/2530 4047/559/2530
f 4041/551/2531 4042/553/2531 4049/560/2531 4048/558/2531
f 4042/553/2532 4043/554/2532 4050/561/2532 4049/560/2532
f 4043/554/2533 4044/555/2533 4051/562/2533 4050/561/2533
f 4044/555/2534 4045/556/2534 4052/563/2534 4051/562/2534
f 4045/556/2535 4046/557/2535 4053/564/2535 4052/563/2535
f 4047/559/2536 4048/558/2536 4055/565/2536 4054/566/2536
f 4048/558/2537 4049/560/2537 4056/567/2537 4055/565/2537
f 4049/560/2538 4050/561/2538 4057/568/2538 4056/567/2538
f 4050/561/2539 4051/562/2539 4058/569/2539 4057/568/2539
f 4051/562/2540 4052/563/2540 4059/570/2540 4058/569/2540
f 4052/563/2541 4053/564/2541 4060/571/2541 4059/570/2541
f 101/572/2542 1057/573/2542 4012/523/2542 1058/574/2542
f 1057/573/2543 1056/575/2543 4013/524/2543 4012/523/2543
f 1056/575/2544 1055/576/2544 4014/527/2544 4013/524/2544
f 1055/576/2545 1054/577/2545 4015/529/2545 4014/527/2545
f 1054/577/2546 1053/578/2546 4016/531/2546 4015/529/2546
f 1053/578/2547 1052/579/2547 4017/533/2547 4016/531/2547
f 1052/579/2548 1051/580/2548 4018/535/2548 4017/533/2548
f 1051/580/2549 109/428/2549 1141/430/2549 4018/535/2549
f 4018/535/2550 1141/430/2550 1140/459/2550 4025/536/2550
f 4025/536/2551 1140/459/2551 1139/458/2551 4032/543/2551
f 4032/543/2552 1139/458/2552 1138/457/2552 4039/550/2552
f 4039/550/2553 1138/457/2553 1137/456/2553 4046/557/2553
f 4046/557/2554 1137/456/2554 1136/455/2554 4053/564/2554
f 4053/564/2555 1136/455/2555 1135/453/2555 4060/571/2555
f 4060/571/2556 1135/453/2556 110/454/2556 1134/581/2556
f 4059/570/2557 4060/571/2557 1134/581/2557 1133/582/2557
f 4058/569/2558 4059/570/2558 1133/582/2558 1132/583/2558
f 4057/568/2559 4058/569/2559 1132/583/2559 1131/584/2559
f 4056/567/2560 4057/568/2560 1131/584/2560 1130/585/2560
f 4055/565/2561 4056/567/2561 1130/585/2561 1129/586/2561
f 4054/566/2562 4055/565/2562 1129/586/2562 1128/587/2562
f 1064/588/2563 4054/566/2563 1128/587/2563 102/589/2563
f 1063/590/2564 4047/559/2564 4054/566/2564 1064/588/2564
f 1062/591/2565 4040/552/2565 4047/559/2565 1063/590/2565
f 1061/592/2566 4033/545/2566 4040/552/2566 1062/591/2566
f 1060/593/2567 4026/538/2567 4033/545/2567 1061/592/2567
f 1059/594/2568 4019/526/2568 4026/538/2568 1060/593/2568
f 1058/574/2569 4012/523/2569 4019/526/2569 1059/594/2569
f 4061/298/2570 4062/299/2570 4069/300/2570 4068/301/2570
f 4062/299/2571 4063/302/2571 4070/303/2571 4069/300/2571
f 4063/302/2572 4064/304/2572 4071/305/2572 4070/303/2572
f 4064/304/2573 4065/306/2573 4072/307/2573 4071/305/2573
f 4065/306/2574 4066/308/2574 4073/309/2574 4072/307/2574
f 4066/308/2575 4067/310/2575 4074/311/2575 4073/309/2575
f 4068/301/2576 4069/300/2576 4076/312/2576 4075/313/2576
f 4069/300/2577 4070/303/2577 4077/314/2577 4076/312/2577
f 4070/303/2578 4071/305/2578 4078/315/2578 4077/314/2578
f 4071/305/2579 4072/307/2579 4079/316/2579 4078/315/2579
f 4072/307/2580 4073/309/2580 4080/317/2580 4079/316/2580
f 4073/309/2581 4074/311/2581 4081/318/2581 4080/317/2581
f 4075/313/2582 4076/312/2582 4083/319/2582 4082/320/2582
f 4076/312/2583 4077/314/2583 4084/321/2583 4083/319/2583
f 4077/314/2584 4078/315/2584 4085/322/2584 4084/321/2584
f 4078/315/2585 4079/316/2585 4086/323/2585 4085/322/2585
f 4079/316/2586 4080/317/2586 4087/324/2586 4086/323/2586
f 4080/317/2587 4081/318/2587 4088/325/2587 4087/324/2587
f 4082/320/2588 4083/319/2588 4090/326/2588 4089/327/2588
f 4083/319/2589 4084/321/2589 4091/328/2589 4090/326/2589
f 4084/321/2590 4085/322/2590 4092/329/2590 4091/328/2590
f 4085/322/2591 4086/323/2591 4093/330/2591 4092/329/2591
f 4086/323/2592 4087/324/2592 4094/331/2592 4093/330/2592
f 4087/324/2593 4088/325/2593 4095/332/2593 4094/331/2593
f 4089/327/2594 4090/326/2594 4097/333/2594 4096/334/2594
f 4090/326/2595 4091/328/2595 4098/335/2595 4097/333/2595
f 4091/328/2596 4092/329/2596 4099/336/2596 4098/335/2596
f 4092/329/2597 4093/330/2597 4100/337/2597 4099/336/2597
f 4093/330/2598 4094/331/2598 4101/338/2598 4100/337/2598
f 4094/331/2599 4095/332/2599 4102/339/2599 4101/338/2599
f 4096/334/2600 4097/333/2600 4104/340/2600 4103/341/2600
f 4097/333/2601 4098/335/2601 4105/342/2601 4104/340/2601
f 4098/335/2602 4099/336/2602 4106/343/2602 4105/342/2602
f 4099/336/2603 4100/337/2603 4107/344/2603 4106/343/2603
f 4100/337/2604 4101/338/2604 4108/345/2604 4107/344/2604
f 4101/338/2605 4102/339/2605 4109/346/2605 4108/345/2605
f 115/347/2606 1176/348/2606 4061/298/2606 1211/349/2606
f 1176/348/2607 1175/350/2607 4062/299/2607 4061/298/2607
f 1175/350/2608 1174/351/2608 4063/302/2608 4062/299/2608
f 1174/351/2609 1173/352/2609 4064/304/2609 4063/302/2609
f 1173/352/2610 1172/353/2610 4065/306/2610 4064/304/2610
f 1172/353/2611 1171/354/2611 4066/308/2611 4065/306/2611
f 1171/354/2612 1170/355/2612 4067/310/2612 4066/308/2612
f 1170/355/2613 113/356/2613 1169/357/2613 4067/310/2613
f 4067/310/2614 1169/357/2614 1168/358/2614 4074/311/2614
f 4074/311/2615 1168/358/2615 1167/359/2615 4081/318/2615
f 4081/318/2616 1167/359/2616 1166/360/2616 4088/325/2616
f 4088/325/2617 1166/360/2617 1165/361/2617 4095/332/2617
f 4095/332/2618 1165/361/2618 1164/362/2618 4102/339/2618
f 4102/339/2619 1164/362/2619 1163/363/2619 4109/346/2619
f 4109/346/2620 1163/363/2620 114/364/2620 1162/365/2620
f 4108/345/2621 4109/346/2621 1162/365/2621 1161/366/2621
f 4107/344/2622 4108/345/2622 1161/366/2622 1160/367/2622
f 4106/343/2623 4107/344/2623 1160/367/2623 1159/368/2623
f 4105/342/2624 4106/343/2624 1159/368/2624 1158/369/2624
f 4104/340/2625 4105/342/2625 1158/369/2625 1157/370/2625
f 4103/341/2626 4104/340/2626 1157/370/2626 1156/371/2626
f 1205/372/2627 4103/341/2627 1156/371/2627 118/373/2627
f 1206/374/2628 4096/334/2628 4103/341/2628 1205/372/2628
f 1207/375/2629 4089/327/2629 4096/334/2629 1206/374/2629
f 1208/376/2630 4082/320/2630 4089/327/2630 1207/375/2630
f 1209/377/2631 4075/313/2631 4082/320/2631 1208/376/2631
f 1210/378/2632 4068/301/2632 4075/313/2632 1209/377/2632
f 1211/349/2633 4061/298/2633 4068/301/2633 1210/378/2633
f 4110/379/2634 4111/380/2634 4118/381/2634 4117/382/2634
f 4111/380/2635 4112/383/2635 4119/384/2635 4118/381/2635
f 4112/383/2636 4113/385/2636 4120/386/2636 4119/384/2636
f 4113/385/2637 4114/387/2637 4121/388/2637 4120/386/2637
f 4114/387/2638 4115/389/2638 4122/390/2638 4121/388/2638
f 4115/389/2639 4116/391/2639 4123/392/2639 4122/390/2639
f 4117/382/2640 4118/381/2640 4125/393/2640 4124/394/2640
f 4118/381/2641 4119/384/2641 4126/395/2641 4125/393/2641
f 4119/384/2642 4120/386/2642 4127/396/2642 4126/395/2642
f 4120/386/2643 4121/388/2643 4128/397/2643 4127/396/2643
f 4121/388/2644 4122/390/2644 4129/398/2644 4128/397/2644
f 4122/390/2645 4123/392/2645 4130/399/2645 4129/398/2645
f 4124/394/2646 4125/393/2646 4132/400/2646 4131/401/2646
f 4125/393/2647 4126/395/2647 4133/402/2647 4132/400/2647
f 4126/395/2648 4127/396/2648 4134/403/2648 4133/402/2648
f 4127/396/2649 4128/397/2649 4135/404/2649 4134/403/2649
f 4128/397/2650 4129/398/2650 4136/405/2650 4135/404/2650
f 4129/398/2651 4130/399/2651 4137/406/2651 4136/405/2651
f 4131/401/2652 4132/400/2652 4139/407/2652 4138/408/2652
f 4132/400/2653 4133/402/2653 4140/409/2653 4139/407/2653
f 4133/402/2654 4134/403/2654 4141/410/2654 4140/409/2654
f 4134/403/2655 4135/404/2655 4142/411/2655 4141/410/2655
f 4135/404/2656 4136/405/2656 4143/412/2656 4142/411/2656
f 4136/405/2657 4137/406/2657 4144/413/2657 4143/412/2657
f 4138/408/2658 4139/407/2658 4146/414/2658 4145/415/2658
f 4139/407/2659 4140/409/2659 4147/416/2659 4146/414/2659
f 4140/409/2660 4141/410/2660 4148/417/2660 4147/416/2660
f 4141/410/2661 4142/411/2661 4149/418/2661 4148/417/2661
f 4142/411/2662 4143/412/2662 4150/419/2662 4149/418/2662
f 4143/412/2663 4144/413/2663 4151/420/2663 4150/419/2663
f 4145/415/2664 4146/414/2664 4153/421/2664 4152/422/2664
f 4146/414/2665 4147/416/2665 4154/423/2665 4153/421/2665
f 4147/416/2666 4148/417/2666 4155/424/2666 4154/423/2666
f 4148/417/2667 4149/418/2667 4156/425/2667 4155/424/2667
f 4149/418/2668 4150/419/2668 4157/426/2668 4156/425/2668
f 4150/419/2669 4151/420/2669 4158/427/2669 4157/426/2669
f 119/428/2670 1218/429/2670 4110/379/2670 1232/430/2670
f 1218/429/2671 1217/431/2671 4111/380/2671 4110/379/2671
f 1217/431/2672 1216/432/2672 4112/383/2672 4111/380/2672
f 1216/432/2673 1215/433/2673 4113/385/2673 4112/383/2673
f 1215/433/2674 1214/434/2674 4114/387/2674 4113/385/2674
f 1214/434/2675 1213/435/2675 4115/389/2675 4114/387/2675
f 1213/435/2676 1212/436/2676 4116/391/2676 4115/389/2676
f 1212/436/2677 116/437/2677 1204/438/2677 4116/391/2677
f 4116/391/2678 1204/438/2678 1203/439/2678 4123/392/2678
f 4123/392/2679 1203/439/2679 1202/440/2679 4130/399/2679
f 4130/399/2680 1202/440/2680 1201/441/2680 4137/406/2680
f 4137/406/2681 1201/441/2681 1200/442/2681 4144/413/2681
f 4144/413/2682 1200/442/2682 1199/443/2682 4151/420/2682
f 4151/420/2683 1199/443/2683 1198/444/2683 4158/427/2683
f 4158/427/2684 1198/444/2684 117/445/2684 1190/446/2684
f 4157/426/2685 4158/427/2685 1190/446/2685 1189/447/2685
f 4156/425/2686 4157/426/2686 1189/447/2686 1188/448/2686
f 4155/424/2687 4156/425/2687 1188/448/2687 1187/449/2687
f 4154/423/2688 4155/424/2688 1187/449/2688 1186/450/2688
f 4153/421/2689 4154/423/2689 1186/450/2689 1185/451/2689
f 4152/422/2690 4153/421/2690 1185/451/2690 1184/452/2690
f 1226/453/2691 4152/422/2691 1184/452/2691 120/454/2691
f 1227/455/2692 4145/415/2692 4152/422/2692 1226/453/2692
f 1228/456/2693 4138/408/2693 4145/415/2693 1227/455/2693
f 1229/457/2694 4131/401/2694 4138/408/2694 1228/456/2694
f 1230/458/2695 4124/394/2695 4131/401/2695 1229/457/2695
f 1231/459/2696 4117/382/2696 4124/394/2696 1230/458/2696
f 1232/430/2697 4110/379/2697 4117/382/2697 1231/459/2697
f 4159/460/2698 4160/461/2698 4167/462/2698 4166/463/2698
f 4160/461/2699 4161/464/2699 4168/465/2699 4167/462/2699
f 4161/464/2700 4162/466/2700 4169/467/2700 4168/465/2700
f 4162/466/2701 4163/468/2701 4170/469/2701 4169/467/2701
f 4163/468/2702 4164/470/2702 4171/471/2702 4170/469/2702
f 4164/470/2703 4165/472/2703 4172/473/2703 4171/471/2703
f 4166/463/2704 4167/462/2704 4174/474/2704 4173/475/2704
f 4167/462/2705 4168/465/2705 4175/476/2705 4174/474/2705
f 4168/465/2706 4169/467/2706 4176/477/2706 4175/476/2706
f 4169/467/2707 4170/469/2707 4177/478/2707 4176/477/2707
f 4170/469/2708 4171/471/2708 4178/479/2708 4177/478/2708
f 4171/471/2709 4172/473/2709 4179/480/2709 4178/479/2709
f 4173/475/2710 4174/474/2710 4181/481/2710 4180/482/2710
f 4174/474/2711 4175/476/2711 4182/483/2711 4181/481/2711
f 4175/476/2712 4176/477/2712 4183/484/2712 4182/483/2712
f 4176/477/2713 4177/478/2713 4184/485/2713 4183/484/2713
f 4177/478/2714 4178/479/2714 4185/486/2714 4184/485/2714
f 4178/479/2715 4179/480/2715 4186/487/2715 4185/486/2715
f 4180/482/2716 4181/481/2716 4188/488/2716 4187/489/2716
f 4181/481/2717 4182/483/2717 4189/490/2717 4188/488/2717
f 4182/483/2718 4183/484/2718 4190/491/2718 4189/490/2718
f 4183/484/2719 4184/485/2719 4191/492/2719 4190/491/2719
f 4184/485/2720 4185/486/2720 4192/493/2720 4191/492/2720
f 4185/486/2721 4186/487/2721 4193/494/2721 4192/493/2721
f 4187/489/2722 4188/488/2722 4195/495/2722 4194/496/2722
f 4188/488/2723 4189/490/2723 4196/497/2723 4195/495/2723
f 4189/490/2724 4190/491/2724 4197/498/2724 4196/497/2724
f 4190/491/2725 4191/492/2725 4198/499/2725 4197/498/2725
f 4191/492/2726 4192/493/2726 4199/500/2726 4198/499/2726
f 4192/493/2727 4193/494/2727 4200/501/2727 4199/500/2727
f 4194/496/2728 4195/495/2728 4202/502/2728 4201/503/2728
f 4195/495/2729 4196/497/2729 4203/504/2729 4202/502/2729
f 4196/497/2730 4197/498/2730 4204/505/2730 4203/504/2730
f 4197/498/2731 4198/499/2731 4205/506/2731 4204/505/2731
f 4198/499/2732 4199/500/2732 4206/507/2732 4205/506/2732
f 4199/500/2733 4200/501/2733 4207/508/2733 4206/507/2733
f 116/437/2734 1183/509/2734 4159/460/2734 1204/438/2734
f 1183/509/2735 1182/510/2735 4160/461/2735 4159/460/2735
f 1182/510/2736 1181/511/2736 4161/464/2736 4160/461/2736
f 1181/511/2737 1180/512/2737 4162/466/2737 4161/464/2737
f 1180/512/2738 1179/513/2738 4163/468/2738 4162/466/2738
f 1179/513/2739 1178/514/2739 4164/470/2739 4163/468/2739
f 1178/514/2740 1177/515/2740 4165/472/2740 4164/470/2740
f 1177/515/2741 115/347/2741 1211/349/2741 4165/472/2741
f 4165/472/2742 1211/349/2742 1210/378/2742 4172/473/2742
f 4172/473/2743 1210/378/2743 1209/377/2743 4179/480/2743
f 4179/480/2744 1209/377/2744 1208/376/2744 4186/487/2744
f 4186/487/2745 1208/376/2745 1207/375/2745 4193/494/2745
f 4193/494/2746 1207/375/2746 1206/374/2746 4200/501/2746
f 4200/501/2747 1206/374/2747 1205/372/2747 4207/508/2747
f 4207/508/2748 1205/372/2748 118/373/2748 1197/516/2748
f 4206/507/2749 4207/508/2749 1197/516/2749 1196/517/2749
f 4205/506/2750 4206/507/2750 1196/517/2750 1195/518/2750
f 4204/505/2751 4205/506/2751 1195/518/2751 1194/519/2751
f 4203/504/2752 4204/505/2752 1194/519/2752 1193/520/2752
f 4202/502/2753 4203/504/2753 1193/520/2753 1192/521/2753
f 4201/503/2754 4202/502/2754 1192/521/2754 1191/522/2754
f 1198/444/2755 4201/503/2755 1191/522/2755 117/445/2755
f 1199/443/2756 4194/496/2756 4201/503/2756 1198/444/2756
f 1200/442/2757 4187/489/2757 4194/496/2757 1199/443/2757
f 1201/441/2758 4180/482/2758 4187/489/2758 1200/442/2758
f 1202/440/2759 4173/475/2759 4180/482/2759 1201/441/2759
f 1203/439/2760 4166/463/2760 4173/475/2760 1202/440/2760
f 1204/438/2761 4159/460/2761 4166/463/2761 1203/439/2761
f 4208/523/2762 4209/524/2762 4216/525/2762 4215/526/2762
f 4209/524/2763 4210/527/2763 4217/528/2763 4216/525/2763
f 4210/527/2764 4211/529/2764 4218/530/2764 4217/528/2764
f 4211/529/2765 4212/531/2765 4219/532/2765 4218/530/2765
f 4212/531/2766 4213/533/2766 4220/534/2766 4219/532/2766
f 4213/533/2767 4214/535/2767 4221/536/2767 4220/534/2767
f 4215/526/2768 4216/525/2768 4223/537/2768 4222/538/2768
f 4216/525/2769 4217/528/2769 4224/539/2769 4223/537/2769
f 4217/528/2770 4218/530/2770 4225/540/2770 4224/539/2770
f 4218/530/2771 4219/532/2771 4226/541/2771 4225/540/2771
f 4219/532/2772 4220/534/2772 4227/542/2772 4226/541/2772
f 4220/534/2773 4221/536/2773 4228/543/2773 4227/542/2773
f 4222/538/2774 4223/537/2774 4230/544/2774 4229/545/2774
f 4223/537/2775 4224/539/2775 4231/546/2775 4230/544/2775
f 4224/539/2776 4225/540/2776 4232/547/2776 4231/546/2776
f 4225/540/2777 4226/541/2777 4233/548/2777 4232/547/2777
f 4226/541/2778 4227/542/2778 4234/549/2778 4233/548/2778
f 4227/542/2779 4228/543/2779 4235/550/2779 4234/549/2779
f 4229/545/2780 4230/544/2780 4237/551/2780 4236/552/2780
f 4230/544/2781 4231/546/2781 4238/553/2781 4237/551/2781
f 4231/546/2782 4232/547/2782 4239/554/2782 4238/553/2782
f 4232/547/2783 4233/548/2783 4240/555/2783 4239/554/2783
f 4233/548/2784 4234/549/2784 4241/556/2784 4240/555/2784
f 4234/549/2785 4235/550/2785 4242/557/2785 4241/556/2785
f 4236/552/2786 4237/551/2786 4244/558/2786 4243/559/2786
f 4237/551/2787 4238/553/2787 4245/560/2787 4244/558/2787
f 4238/553/2788 4239/554/2788 4246/561/2788 4245/560/2788
f 4239/554/2789 4240/555/2789 4247/562/2789 4246/561/2789
f 4240/555/2790 4241/556/2790 4248/563/2790 4247/562/2790
f 4241/556/2791 4242/557/2791 4249/564/2791 4248/563/2791
f 4243/559/2792 4244/558/2792 4251/565/2792 4250/566/2792
f 4244/558/2793 4245/560/2793 4252/567/2793 4251/565/2793
f 4245/560/2794 4246/561/2794 4253/568/2794 4252/567/2794
f 4246/561/2795 4247/562/2795 4254/569/2795 4253/568/2795
f 4247/562/2796 4248/563/2796 4255/570/2796 4254/569/2796
f 4248/563/2797 4249/564/2797 4256/571/2797 4255/570/2797
f 111/572/2798 1148/573/2798 4208/523/2798 1149/574/2798
f 1148/573/2799 1147/575/2799 4209/524/2799 4208/523/2799
f 1147/575/2800 1146/576/2800 4210/527/2800 4209/524/2800
f 1146/576/2801 1145/577/2801 4211/529/2801 4210/527/2801
f 1145/577/2802 1144/578/2802 4212/531/2802 4211/529/2802
f 1144/578/2803 1143/579/2803 4213/533/2803 4212/531/2803
f 1143/579/2804 1142/580/2804 4214/535/2804 4213/533/2804
f 1142/580/2805 119/428/2805 1232/430/2805 4214/535/2805
f 4214/535/2806 1232/430/2806 1231/459/2806 4221/536/2806
f 4221/536/2807 1231/459/2807 1230/458/2807 4228/543/2807
f 4228/543/2808 1230/458/2808 1229/457/2808 4235/550/2808
f 4235/550/2809 1229/457/2809 1228/456/2809 4242/557/2809
f 4242/557/2810 1228/456/2810 1227/455/2810 4249/564/2810
f 4249/564/2811 1227/455/2811 1226/453/2811 4256/571/2811
f 4256/571/2812 1226/453/2812 120/454/2812 1225/581/2812
f 4255/570/2813 4256/571/2813 1225/581/2813 1224/582/2813
f 4254/569/2814 4255/570/2814 1224/582/2814 1223/583/2814
f 4253/568/2815 4254/569/2815 1223/583/2815 1222/584/2815
f 4252/567/2816 4253/568/2816 1222/584/2816 1221/585/2816
f 4251/565/2817 4252/567/2817 1221/585/2817 1220/586/2817
f 4250/566/2818 4251/565/2818 1220/586/2818 1219/587/2818
f 1155/588/2819 4250/566/2819 1219/587/2819 112/589/2819
f 1154/590/2820 4243/559/2820 4250/566/2820 1155/588/2820
f 1153/591/2821 4236/552/2821 4243/559/2821 1154/590/2821
f 1152/592/2822 4229/545/2822 4236/552/2822 1153/591/2822
f 1151/593/2823 4222/538/2823 4229/545/2823 1152/592/2823
f 1150/594/2824 4215/526/2824 4222/538/2824 1151/593/2824
f 1149/574/2825 4208/523/2825 4215/526/2825 1150/594/2825
f 4257/298/2826 4258/299/2826 4265/300/2826 4264/301/2826
f 4258/299/2827 4259/302/2827 4266/303/2827 4265/300/2827
f 4259/302/2828 4260/304/2828 4267/305/2828 4266/303/2828
f 4260/304/2829 4261/306/2829 4268/307/2829 4267/305/2829
f 4261/306/2830 4262/308/2830 4269/309/2830 4268/307/2830
f 4262/308/2831 4263/310/2831 4270/311/2831 4269/309/2831
f 4264/301/2832 4265/300/2832 4272/312/2832 4271/313/2832
f 4265/300/2833 4266/303/2833 4273/314/2833 4272/312/2833
f 4266/303/2834 4267/305/2834 4274/315/2834 4273/314/2834
f 4267/305/2835 4268/307/2835 4275/316/2835 4274/315/2835
f 4268/307/2836 4269/309/2836 4276/317/2836 4275/316/2836
f 4269/309/2837 4270/311/2837 4277/318/2837 4276/317/2837
f 4271/313/2838 4272/312/2838 4279/319/2838 4278/320/2838
f 4272/312/2839 4273/314/2839 4280/321/2839 4279/319/2839
f 4273/314/2840 4274/315/2840 4281/322/2840 4280/321/2840
f 4274/315/2841 4275/316/2841 4282/323/2841 4281/322/2841
f 4275/316/2842 4276/317/2842 4283/324/2842 4282/323/2842
f 4276/317/2843 4277/318/2843 4284/325/2843 4283/324/2843
f 4278/320/2844 4279/319/2844 4286/326/2844 4285/327/2844
f 4279/319/2845 4280/321/2845 4287/328/2845 4286/326/2845
f 4280/321/2846 4281/322/2846 4288/329/2846 4287/328/2846
f 4281/322/2847 4282/323/2847 4289/330/2847 4288/329/2847
f 4282/323/2848 4283/324/2848 4290/331/2848 4289/330/2848
f 4283/324/2849 4284/325/2849 4291/332/2849 4290/331/2849
f 4285/327/2850 4286/326/2850 4293/333/2850 4292/334/2850
f 4286/326/2851 4287/328/2851 4294/335/2851 4293/333/2851
f 4287/328/2852 4288/329/2852 4295/336/2852 4294/335/2852
f 4288/329/2853 4289/330/2853 4296/337/2853 4295/336/2853
f 4289/330/2854 4290/331/2854 4297/338/2854 4296/337/2854
f 4290/331/2855 4291/332/2855 4298/339/2855 4297/338/2855
f 4292/334/2856 4293/333/2856 4300/340/2856 4299/341/2856
f 4293/333/2857 4294/335/2857 4301/342/2857 4300/340/2857
f 4294/335/2858 4295/336/2858 4302/343/2858 4301/342/2858
f 4295/336/2859 4296/337/2859 4303/344/2859 4302/343/2859
f 4296/337/2860 4297/338/2860 4304/345/2860 4303/344/2860
f 4297/338/2861 4298/339/2861 4305/346/2861 4304/345/2861
f 125/347/2862 1267/348/2862 4257/298/2862 1302/349/2862
f 1267/348/2863 1266/350/2863 4258/299/2863 4257/298/2863
f 1266/350/2864 1265/351/2864 4259/302/2864 4258/299/2864
f 1265/351/2865 1264/352/2865 4260/304/2865 4259/302/2865
f 1264/352/2866 1263/353/2866 4261/306/2866 4260/304/2866
f 1263/353/2867 1262/354/2867 4262/308/2867 4261/306/2867
f 1262/354/2868 1261/355/2868 4263/310/2868 4262/308/2868
f 1261/355/2869 123/356/2869 1260/357/2869 4263/310/2869
f 4263/310/2870 1260/357/2870 1259/358/2870 4270/311/2870
f 4270/311/2871 1259/358/2871 1258/359/2871 4277/318/2871
f 4277/318/2872 1258/359/2872 1257/360/2872 4284/325/2872
f 4284/325/2873 1257/360/2873 1256/361/2873 4291/332/2873
f 4291/332/2874 1256/361/2874 1255/362/2874 4298/339/2874
f 4298/339/2875 1255/362/2875 1254/363/2875 4305/346/2875
f 4305/346/2876 1254/363/2876 124/364/2876 1253/365/2876
f 4304/345/2877 4305/346/2877 1253/365/2877 1252/366/2877
f 4303/344/2878 4304/345/2878 1252/366/2878 1251/367/2878
f 4302/343/2879 4303/344/2879 1251/367/2879 1250/368/2879
f 4301/342/2880 4302/343/2880 1250/368/2880 1249/369/2880
f 4300/340/2881 4301/342/2881 1249/369/2881 1248/370/2881
f 4299/341/2882 4300/340/2882 1248/370/2882 1247/371/2882
f 1296/372/2883 4299/341/2883 1247/371/2883 128/373/2883
f 1297/374/2884 4292/334/2884 4299/341/2884 1296/372/2884
f 1298/375/2885 4285/327/2885 4292/334/2885 1297/374/2885
f 1299/376/2886 4278/320/2886 4285/327/2886 1298/375/2886
f 1300/377/2887 4271/313/2887 4278/320/2887 1299/376/2887
f 1301/378/2888 4264/301/2888 4271/313/2888 1300/377/2888
f 1302/349/2889 4257/298/2889 4264/301/2889 1301/378/2889
f 4306/379/2890 4307/380/2890 4314/381/2890 4313/382/2890
f 4307/380/2891 4308/383/2891 4315/384/2891 4314/381/2891
f 4308/383/2892 4309/385/2892 4316/386/2892 4315/384/2892
f 4309/385/2893 4310/387/2893 4317/388/2893 4316/386/2893
f 4310/387/2894 4311/389/2894 4318/390/2894 4317/388/2894
f 4311/389/2895 4312/391/2895 4319/392/2895 4318/390/2895
f 4313/382/2896 4314/381/2896 4321/393/2896 4320/394/2896
f 4314/381/2897 4315/384/2897 4322/395/2897 4321/393/2897
f 4315/384/2898 4316/386/2898 4323/396/2898 4322/395/2898
f 4316/386/2899 4317/388/2899 4324/397/2899 4323/396/2899
f 4317/388/2900 4318/390/2900 4325/398/2900 4324/397/2900
f 4318/390/2901 4319/392/2901 4326/399/2901 4325/398/2901
f 4320/394/2902 4321/393/2902 4328/400/2902 4327/401/2902
f 4321/393/2903 4322/395/2903 4329/402/2903 4328/400/2903
f 4322/395/2904 4323/396/2904 4330/403/2904 4329/402/2904
f 4323/396/2905 4324/397/2905 4331/404/2905 4330/403/2905
f 4324/397/2906 4325/398/2906 4332/405/2906 4331/404/2906
f 4325/398/2907 4326/399/2907 4333/406/2907 4332/405/2907
f 4327/401/2908 4328/400/2908 4335/407/2908 4334/408/2908
f 4328/400/2909 4329/402/2909 4336/409/2909 4335/407/2909
f 4329/402/2910 4330/403/2910 4337/410/2910 4336/409/2910
f 4330/403/2911 4331/404/2911 4338/411/2911 4337/410/2911
f 4331/404/2912 4332/405/2912 4339/412/2912 4338/411/2912
f 4332/405/2913 4333/406/2913 4340/413/2913 4339/412/2913
f 4334/408/2914 4335/407/2914 4342/414/2914 4341/415/2914
f 4335/407/2915 4336/409/2915 4343/416/2915 4342/414/2915
f 4336/409/2916 4337/410/2916 4344/417/2916 4343/416/2916
f 4337/410/2917 4338/411/2917 4345/418/2917 4344/417/2917
f 4338/411/2918 4339/412/2918 4346/419/2918 4345/418/2918
f 4339/412/2919 4340/413/2919 4347/420/2919 4346/419/2919
f 4341/415/2920 4342/414/2920 4349/421/2920 4348/422/2920
f 4342/414/2921 4343/416/2921 4350/423/2921 4349/421/2921
f 4343/416/2922 4344/417/2922 4351/424/2922 4350/423/2922
f 4344/417/2923 4345/418/2923 4352/425/2923 4351/424/2923
f 4345/418/2924 4346/419/2924 4353/426/2924 4352/425/2924
f 4346/419/2925 4347/420/2925 4354/427/2925 4353/426/2925
f 129/428/2926 1309/429/2926 4306/379/2926 1323/430/2926
f 1309/429/2927 1308/431/2927 4307/380/2927 4306/379/2927
f 1308/431/2928 1307/432/2928 4308/383/2928 4307/380/2928
f 1307/432/2929 1306/433/2929 4309/385/2929 4308/383/2929
f 1306/433/2930 1305/434/2930 4310/387/2930 4309/385/2930
f 1305/434/2931 1304/435/2931 4311/389/2931 4310/387/2931
f 1304/435/2932 1303/436/2932 4312/391/2932 4311/389/2932
f 1303/436/2933 126/437/2933 1295/438/2933 4312/391/2933
f 4312/391/2934 1295/438/2934 1294/439/2934 4319/392/2934
f 4319/392/2935 1294/439/2935 1293/440/2935 4326/399/2935
f 4326/399/2936 1293/440/2936 1292/441/2936 4333/406/2936
f 4333/406/2937 1292/441/2937 1291/442/2937 4340/413/2937
f 4340/413/2938 1291/442/2938 1290/443/2938 4347/420/2938
f 4347/420/2939 1290/443/2939 1289/444/2939 4354/427/2939
f 4354/427/2940 1289/444/2940 127/445/2940 1281/446/2940
f 4353/426/2941 4354/427/2941 1281/446/2941 1280/447/2941
f 4352/425/2942 4353/426/2942 1280/447/2942 1279/448/2942
f 4351/424/2943 4352/425/2943 1279/448/2943 1278/449/2943
f 4350/423/2944 4351/424/2944 1278/449/2944 1277/450/2944
f 4349/421/2945 4350/423/2945 1277/450/2945 1276/451/2945
f 4348/422/2946 4349/421/2946 1276/451/2946 1275/452/2946
f 1317/453/2947 4348/422/2947 1275/452/2947 130/454/2947
f 1318/455/2948 4341/415/2948 4348/422/2948 1317/453/2948
f 1319/456/2949 4334/408/2949 4341/415/2949 1318/455/2949
f 1320/457/2950 4327/401/2950 4334/408/2950 1319/456/2950
f 1321/458/2951 4320/394/2951 4327/401/2951 1320/457/2951
f 1322/459/2952 4313/382/2952 4320/394/2952 1321/458/2952
f 1323/430/2953 4306/379/2953 4313/382/2953 1322/459/2953
f 4355/460/2954 4356/461/2954 4363/462/2954 4362/463/2954
f 4356/461/2955 4357/464/2955 4364/465/2955 4363/462/2955
f 4357/464/2956 4358/466/2956 4365/467/2956 4364/465/2956
f 4358/466/2957 4359/468/2957 4366/469/2957 4365/467/2957
f 4359/468/2958 4360/470/2958 4367/471/2958 4366/469/2958
f 4360/470/2959 4361/472/2959 4368/473/2959 4367/471/2959
f 4362/463/2960 4363/462/2960 4370/474/2960 4369/475/2960
f 4363/462/2961 4364/465/2961 4371/476/2961 4370/474/2961
f 4364/465/2962 4365/467/2962 4372/477/2962 4371/476/2962
f 4365/467/2963 4366/469/2963 4373/478/2963 4372/477/2963
f 4366/469/2964 4367/471/2964 4374/479/2964 4373/478/2964
f 4367/471/2965 4368/473/2965 4375/480/2965 4374/479/2965
f 4369/475/2966 4370/474/2966 4377/481/2966 4376/482/2966
f 4370/474/2967 4371/476/2967 4378/483/2967 4377/481/2967
f 4371/476/2968 4372/477/2968 4379/484/2968 4378/483/2968
f 4372/477/2969 4373/478/2969 4380/485/2969 4379/484/2969
f 4373/478/2970 4374/479/2970 4381/486/2970 4380/485/2970
f 4374/479/2971 4375/480/2971 4382/487/2971 4381/486/2971
f 4376/482/2972 4377/481/2972 4384/488/2972 4383/489/2972
f 4377/481/2973 4378/483/2973 4385/490/2973 4384/488/2973
f 4378/483/2974 4379/484/2974 4386/491/2974 4385/490/2974
f 4379/484/2975 4380/485/2975 4387/492/2975 4386/491/2975
f 4380/485/2976 4381/486/2976 4388/493/2976 4387/492/2976
f 4381/486/2977 4382/487/2977 4389/494/2977 4388/493/2977
f 4383/489/2978 4384/488/2978 4391/495/2978 4390/496/2978
f 4384/488/2979 4385/490/2979 4392/497/2979 4391/495/2979
f 4385/490/2980 4386/491/2980 4393/498/2980 4392/497/2980
f 4386/491/2981 4387/492/2981 4394/499/2981 4393/498/2981
f 4387/492/2982 4388/493/2982 4395/500/2982 4394/499/2982
f 4388/493/2983 4389/494/2983 4396/501/2983 4395/500/2983
f 4390/496/2984 4391/495/2984 4398/502/2984 4397/503/2984
f 4391/495/2985 4392/497/2985 4399/504/2985 4398/502/2985
f 4392/497/2986 4393/498/2986 4400/505/2986 4399/504/2986
f 4393/498/2987 4394/499/2987 4401/506/2987 4400/505/2987
f 4394/499/2988 4395/500/2988 4402/507/2988 4401/506/2988
f 4395/500/2989 4396/501/2989 4403/508/2989 4402/507/2989
f 126/437/2990 1274/509/2990 4355/460/2990 1295/438/2990
f 1274/509/2991 1273/510/2991 4356/461/2991 4355/460/2991
f 1273/510/2992 1272/511/2992 4357/464/2992 4356/461/2992
f 1272/511/2993 1271/512/2993 4358/466/2993 4357/464/2993
f 1271/512/2994 1270/513/2994 4359/468/2994 4358/466/2994
f 1270/513/2995 1269/514/2995 4360/470/2995 4359/468/2995
f 1269/514/2996 1268/515/2996 4361/472/2996 4360/470/2996
f 1268/515/2997 125/347/2997 1302/349/2997 4361/472/2997
f 4361/472/2998 1302/349/2998 1301/378/2998 4368/473/2998
f 4368/473/2999 1301/378/2999 1300/377/2999 4375/480/2999
f 4375/480/3000 1300/377/3000 1299/376/3000 4382/487/3000
f 4382/487/3001 1299/376/3001 1298/375/3001 4389/494/3001
f 4389/494/3002 1298/375/3002 1297/374/3002 4396/501/3002
f 4396/501/3003 1297/374/3003 1296/372/3003 4403/508/3003
f 4403/508/3004 1296/372/3004 128/373/3004 1288/516/3004
f 4402/507/3005 4403/508/3005 1288/516/3005 1287/517/3005
f 4401/506/3006 4402/507/3006 1287/517/3006 1286/518/3006
f 4400/505/3007 4401/506/3007 1286/518/3007 1285/519/3007
f 4399/504/3008 4400/505/3008 1285/519/3008 1284/520/3008
f 4398/502/3009 4399/504/3009 1284/520/3009 1283/521/3009
f 4397/503/3010 4398/502/3010 1283/521/3010 1282/522/3010
f 1289/444/3011 4397/503/3011 1282/522/3011 127/445/3011
f 1290/443/3012 4390/496/3012 4397/503/3012 1289/444/3012
f 1291/442/3013 4383/489/3013 4390/496/3013 1290/443/3013
f 1292/441/3014 4376/482/3014 4383/489/3014 1291/442/3014
f 1293/440/3015 4369/475/3015 4376/482/3015 1292/441/3015
f 1294/439/3016 4362/463/3016 4369/475/3016 1293/440/3016
f 1295/438/3017 4355/460/3017 4362/463/3017 1294/439/3017
f 4404/523/3018 4405/524/3018 4412/525/3018 4411/526/3018
f 4405/524/3019 4406/527/3019 4413/528/3019 4412/525/3019
f 4406/527/3020 4407/529/3020 4414/530/3020 4413/528/3020
f 4407/529/3021 4408/531/3021 4415/532/3021 4414/530/3021
f 4408/531/3022 4409/533/3022 4416/534/3022 4415/532/3022
f 4409/533/3023 4410/535/3023 4417/536/3023 4416/534/3023
f 4411/526/3024 4412/525/3024 4419/537/3024 4418/538/3024
f 4412/525/3025 4413/528/3025 4420/539/3025 4419/537/3025
f 4413/528/3026 4414/530/3026 4421/540/3026 4420/539/3026
f 4414/530/3027 4415/532/3027 4422/541/3027 4421/540/3027
f 4415/532/3028 4416/534/3028 4423/542/3028 4422/541/3028
f 4416/534/3029 4417/536/3029 4424/543/3029 4423/542/3029
f 4418/538/3030 4419/537/3030 4426/544/3030 4425/545/3030
f 4419/537/3031 4420/539/3031 4427/546/3031 4426/544/3031
f 4420/539/3032 4421/540/3032 4428/547/3032 4427/546/3032
f 4421/540/3033 4422/541/3033 4429/548/3033 4428/547/3033
f 4422/541/3034 4423/542/3034 4430/549/3034 4429/548/3034
f 4423/542/3035 4424/543/3035 4431/550/3035 4430/549/3035
f 4425/545/3036 4426/544/3036 4433/551/3036 4432/552/3036
f 4426/544/3037 4427/546/3037 4434/553/3037 4433/551/3037
f 4427/546/3038 4428/547/3038 4435/554/3038 4434/553/3038
f 4428/547/3039 4429/548/3039 4436/555/3039 4435/554/3039
f 4429/548/3040 4430/549/3040 4437/556/3040 4436/555/3040
f 4430/549/3041 4431/550/3041 4438/557/3041 4437/556/3041
f 4432/552/3042 4433/551/3042 4440/558/3042 4439/559/3042
f 4433/551/3043 4434/553/3043 4441/560/3043 4440/558/3043
f 4434/553/3044 4435/554/3044 4442/561/3044 4441/560/3044
f 4435/554/3045 4436/555/3045 4443/562/3045 4442/561/3045
f 4436/555/3046 4437/556/3046 4444/563/3046 4443/562/3046
f 4437/556/3047 4438/557/3047 4445/564/3047 4444/563/3047
f 4439/559/3048 4440/558/3048 4447/565/3048 4446/566/3048
f 4440/558/3049 4441/560/3049 4448/567/3049 4447/565/3049
f 4441/560/3050 4442/561/3050 4449/568/3050 4448/567/3050
f 4442/561/3051 4443/562/3051 4450/569/3051 4449/568/3051
f 4443/562/3052 4444/563/3052 4451/570/3052 4450/569/3052
f 4444/563/3053 4445/564/3053 4452/571/3053 4451/570/3053
f 121/572/3054 1239/573/3054 4404/523/3054 1240/574/3054
f 1239/573/3055 1238/575/3055 4405/524/3055 4404/523/3055
f 1238/575/3056 1237/576/3056 4406/527/3056 4405/524/3056
f 1237/576/3057 1236/577/3057 4407/529/3057 4406/527/3057
f 1236/577/3058 1235/578/3058 4408/531/3058 4407/529/3058
f 1235/578/3059 1234/579/3059 4409/533/3059 4408/531/3059
f 1234/579/3060 1233/580/3060 4410/535/3060 4409/533/3060
f 1233/580/3061 129/428/3061 1323/430/3061 4410/535/3061
f 4410/535/3062 1323/430/3062 1322/459/3062 4417/536/3062
f 4417/536/3063 1322/459/3063 1321/458/3063 4424/543/3063
f 4424/543/3064 1321/458/3064 1320/457/3064 4431/550/3064
f 4431/550/3065 1320/457/3065 1319/456/3065 4438/557/3065
f 4438/557/3066 1319/456/3066 1318/455/3066 4445/564/3066
f 4445/564/3067 1318/455/3067 1317/453/3067 4452/571/3067
f 4452/571/3068 1317/453/3068 130/454/3068 1316/581/3068
f 4451/570/3069 4452/571/3069 1316/581/3069 1315/582/3069
f 4450/569/3070 4451/570/3070 1315/582/3070 1314/583/3070
f 4449/568/3071 4450/569/3071 1314/583/3071 1313/584/3071
f 4448/567/3072 4449/568/3072 1313/584/3072 1312/585/3072
f 4447/565/3073 4448/567/3073 1312/585/3073 1311/586/3073
f 4446/566/3074 4447/565/3074 1311/586/3074 1310/587/3074
f 1246/588/3075 4446/566/3075 1310/587/3075 122/589/3075
f 1245/590/3076 4439/559/3076 4446/566/3076 1246/588/3076
f 1244/591/3077 4432/552/3077 4439/559/3077 1245/590/3077
f 1243/592/3078 4425/545/3078 4432/552/3078 1244/591/3078
f 1242/593/3079 4418/538/3079 4425/545/3079 1243/592/3079
f 1241/594/3080 4411/526/3080 4418/538/3080 1242/593/3080
f 1240/574/3081 4404/523/3081 4411/526/3081 1241/594/3081
f 4453/298/1546 4454/299/1546 4461/300/1546 4460/301/1546
f 4454/299/1547 4455/302/1547 4462/303/1547 4461/300/1547
f 4455/302/1548 4456/304/1548 4463/305/1548 4462/303/1548
f 4456/304/1549 4457/306/1549 4464/307/1549 4463/305/1549
f 4457/306/1550 4458/308/1550 4465/309/1550 4464/307/1550
f 4458/308/1551 4459/310/1551 4466/311/1551 4465/309/1551
f 4460/301/1552 4461/300/1552 4468/312/1552 4467/313/1552
f 4461/300/1553 4462/303/1553 4469/314/1553 4468/312/1553
f 4462/303/1554 4463/305/1554 4470/315/1554 4469/314/1554
f 4463/305/1555 4464/307/1555 4471/316/1555 4470/315/1555
f 4464/307/1556 4465/309/1556 4472/317/1556 4471/316/1556
f 4465/309/1557 4466/311/1557 4473/318/1557 4472/317/1557
f 4467/313/1558 4468/312/1558 4475/319/1558 4474/320/1558
f 4468/312/1559 4469/314/1559 4476/321/1559 4475/319/1559
f 4469/314/1560 4470/315/1560 4477/322/1560 4476/321/1560
f 4470/315/1561 4471/316/1561 4478/323/1561 4477/322/1561
f 4471/316/1562 4472/317/1562 4479/324/1562 4478/323/1562
f 4472/317/1563 4473/318/1563 4480/325/1563 4479/324/1563
f 4474/320/1564 4475/319/1564 4482/326/1564 4481/327/1564
f 4475/319/1565 4476/321/1565 4483/328/1565 4482/326/1565
f 4476/321/1566 4477/322/1566 4484/329/1566 4483/328/1566
f 4477/322/1567 4478/323/1567 4485/330/1567 4484/329/1567
f 4478/323/1568 4479/324/1568 4486/331/1568 4485/330/1568
f 4479/324/1569 4480/325/1569 4487/332/1569 4486/331/1569
f 4481/327/1570 4482/326/1570 4489/333/1570 4488/334/1570
f 4482/326/1571 4483/328/1571 4490/335/1571 4489/333/1571
f 4483/328/1572 4484/329/1572 4491/336/1572 4490/335/1572
f 4484/329/1573 4485/330/1573 4492/337/1573 4491/336/1573
f 4485/330/1574 4486/331/1574 4493/338/1574 4492/337/1574
f 4486/331/1575 4487/332/1575 4494/339/1575 4493/338/1575
f 4488/334/1576 4489/333/1576 4496/340/1576 4495/341/1576
f 4489/333/1577 4490/335/1577 4497/342/1577 4496/340/1577
f 4490/335/1578 4491/336/1578 4498/343/1578 4497/342/1578
f 4491/336/1579 4492/337/1579 4499/344/1579 4498/343/1579
f 4492/337/1580 4493/338/1580 4500/345/1580 4499/344/1580
f 4493/338/1581 4494/339/1581 4501/346/1581 4500/345/1581
f 135/347/1582 1358/348/1582 4453/298/1582 1393/349/1582
f 1358/348/1583 1357/350/1583 4454/299/1583 4453/298/1583
f 1357/350/1584 1356/351/1584 4455/302/1584 4454/299/1584
f 1356/351/1585 1355/352/1585 4456/304/1585 4455/302/1585
f 1355/352/1586 1354/353/1586 4457/306/1586 4456/304/1586
f 1354/353/1587 1353/354/1587 4458/308/1587 4457/306/1587
f 1353/354/1588 1352/355/1588 4459/310/1588 4458/308/1588
f 1352/355/1589 133/356/1589 1351/357/1589 4459/310/1589
f 4459/310/1590 1351/357/1590 1350/358/1590 4466/311/1590
f 4466/311/1591 1350/358/1591 1349/359/1591 4473/318/1591
f 4473/318/1592 1349/359/1592 1348/360/1592 4480/325/1592
f 4480/325/1593 1348/360/1593 1347/361/1593 4487/332/1593
f 4487/332/1594 1347/361/1594 1346/362/1594 4494/339/1594
f 4494/339/1595 1346/362/1595 1345/363/1595 4501/346/1595
f 4501/346/1596 1345/363/1596 134/364/1596 1344/365/1596
f 4500/345/1597 4501/346/1597 1344/365/1597 1343/366/1597
f 4499/344/1598 4500/345/1598 1343/366/1598 1342/367/1598
f 4498/343/1599 4499/344/1599 1342/367/1599 1341/368/1599
f 4497/342/1600 4498/343/1600 1341/368/1600 1340/369/1600
f 4496/340/1601 4497/342/1601 1340/369/1601 1339/370/1601
f 4495/341/1602 4496/340/1602 1339/370/1602 1338/371/1602
f 1387/372/1603 4495/341/1603 1338/371/1603 138/373/1603
f 1388/374/1604 4488/334/1604 4495/341/1604 1387/372/1604
f 1389/375/1605 4481/327/1605 4488/334/1605 1388/374/1605
f 1390/376/1606 4474/320/1606 4481/327/1606 1389/375/1606
f 1391/377/1607 4467/313/1607 4474/320/1607 1390/376/1607
f 1392/378/1608 4460/301/1608 4467/313/1608 1391/377/1608
f 1393/349/1609 4453/298/1609 4460/301/1609 1392/378/1609
f 4502/379/1610 4503/380/1610 4510/381/1610 4509/382/1610
f 4503/380/1611 4504/383/1611 4511/384/1611 4510/381/1611
f 4504/383/1612 4505/385/1612 4512/386/1612 4511/384/1612
f 4505/385/1613 4506/387/1613 4513/388/1613 4512/386/1613
f 4506/387/1614 4507/389/1614 4514/390/1614 4513/388/1614
f 4507/389/1615 4508/391/1615 4515/392/1615 4514/390/1615
f 4509/382/1616 4510/381/1616 4517/393/1616 4516/394/1616
f 4510/381/1617 4511/384/1617 4518/395/1617 4517/393/1617
f 4511/384/1618 4512/386/1618 4519/396/1618 4518/395/1618
f 4512/386/1619 4513/388/1619 4520/397/1619 4519/396/1619
f 4513/388/1620 4514/390/1620 4521/398/1620 4520/397/1620
f 4514/390/1621 4515/392/1621 4522/399/1621 4521/398/1621
f 4516/394/3082 4517/393/3082 4524/400/3082 4523/401/3082
f 4517/393/1623 4518/395/1623 4525/402/1623 4524/400/1623
f 4518/395/1624 4519/396/1624 4526/403/1624 4525/402/1624
f 4519/396/1625 4520/397/1625 4527/404/1625 4526/403/1625
f 4520/397/1626 4521/398/1626 4528/405/1626 4527/404/1626
f 4521/398/1627 4522/399/1627 4529/406/1627 4528/405/1627
f 4523/401/1628 4524/400/1628 4531/407/1628 4530/408/1628
f 4524/400/1629 4525/402/1629 4532/409/1629 4531/407/1629
f 4525/402/1630 4526/403/1630 4533/410/1630 4532/409/1630
f 4526/403/1631 4527/404/1631 4534/411/1631 4533/410/1631
f 4527/404/1632 4528/405/1632 4535/412/1632 4534/411/1632
f 4528/405/1633 4529/406/1633 4536/413/1633 4535/412/1633
f 4530/408/1634 4531/407/1634 4538/414/1634 4537/415/1634
f 4531/407/1635 4532/409/1635 4539/416/1635 4538/414/1635
f 4532/409/1636 4533/410/1636 4540/417/1636 4539/416/1636
f 4533/410/1637 4534/411/1637 4541/418/1637 4540/417/1637
f 4534/411/1638 4535/412/1638 4542/419/1638 4541/418/1638
f 4535/412/1639 4536/413/1639 4543/420/1639 4542/419/1639
f 4537/415/1640 4538/414/1640 4545/421/1640 4544/422/1640
f 4538/414/1641 4539/416/1641 4546/423/1641 4545/421/1641
f 4539/416/1642 4540/417/1642 4547/424/1642 4546/423/1642
f 4540/417/1643 4541/418/1643 4548/425/1643 4547/424/1643
f 4541/418/1644 4542/419/1644 4549/426/1644 4548/425/1644
f 4542/419/1645 4543/420/1645 4550/427/1645 4549/426/1645
f 139/428/1646 1400/429/1646 4502/379/1646 1414/430/1646
f 1400/429/1647 1399/431/1647 4503/380/1647 4502/379/1647
f 1399/431/1648 1398/432/1648 4504/383/1648 4503/380/1648
f 1398/432/1649 1397/433/1649 4505/385/1649 4504/383/1649
f 1397/433/1650 1396/434/1650 4506/387/1650 4505/385/1650
f 1396/434/1651 1395/435/1651 4507/389/1651 4506/387/1651
f 1395/435/1652 1394/436/1652 4508/391/1652 4507/389/1652
f 1394/436/1653 136/437/1653 1386/438/1653 4508/391/1653
f 4508/391/1654 1386/438/1654 1385/439/1654 4515/392/1654
f 4515/392/1655 1385/439/1655 1384/440/1655 4522/399/1655
f 4522/399/1656 1384/440/1656 1383/441/1656 4529/406/1656
f 4529/406/1657 1383/441/1657 1382/442/1657 4536/413/1657
f 4536/413/1658 1382/442/1658 1381/443/1658 4543/420/1658
f 4543/420/1659 1381/443/1659 1380/444/1659 4550/427/1659
f 4550/427/1660 1380/444/1660 137/445/1660 1372/446/1660
f 4549/426/1661 4550/427/1661 1372/446/1661 1371/447/1661
f 4548/425/1662 4549/426/1662 1371/447/1662 1370/448/1662
f 4547/424/1663 4548/425/1663 1370/448/1663 1369/449/1663
f 4546/423/1664 4547/424/1664 1369/449/1664 1368/450/1664
f 4545/421/1665 4546/423/1665 1368/450/1665 1367/451/1665
f 4544/422/1666 4545/421/1666 1367/451/1666 1366/452/1666
f 1408/453/1667 4544/422/1667 1366/452/1667 140/454/1667
f 1409/455/1668 4537/415/1668 4544/422/1668 1408/453/1668
f 1410/456/1669 4530/408/1669 4537/415/1669 1409/455/1669
f 1411/457/1670 4523/401/1670 4530/408/1670 1410/456/1670
f 1412/458/1671 4516/394/1671 4523/401/1671 1411/457/1671
f 1413/459/1672 4509/382/1672 4516/394/1672 1412/458/1672
f 1414/430/1673 4502/379/1673 4509/382/1673 1413/459/1673
f 4551/460/1674 4552/461/1674 4559/462/1674 4558/463/1674
f 4552/461/1675 4553/464/1675 4560/465/1675 4559/462/1675
f 4553/464/1676 4554/466/1676 4561/467/1676 4560/465/1676
f 4554/466/1677 4555/468/1677 4562/469/1677 4561/467/1677
f 4555/468/3083 4556/470/3083 4563/471/3083 4562/469/3083
f 4556/470/1679 4557/472/1679 4564/473/1679 4563/471/1679
f 4558/463/1680 4559/462/1680 4566/474/1680 4565/475/1680
f 4559/462/1681 4560/465/1681 4567/476/1681 4566/474/1681
f 4560/465/1682 4561/467/1682 4568/477/1682 4567/476/1682
f 4561/467/1683 4562/469/1683 4569/478/1683 4568/477/1683
f 4562/469/1684 4563/471/1684 4570/479/1684 4569/478/1684
f 4563/471/1685 4564/473/1685 4571/480/1685 4570/479/1685
f 4565/475/1686 4566/474/1686 4573/481/1686 4572/482/1686
f 4566/474/1687 4567/476/1687 4574/483/1687 4573/481/1687
f 4567/476/1688 4568/477/1688 4575/484/1688 4574/483/1688
f 4568/477/1689 4569/478/1689 4576/485/1689 4575/484/1689
f 4569/478/1690 4570/479/1690 4577/486/1690 4576/485/1690
f 4570/479/1691 4571/480/1691 4578/487/1691 4577/486/1691
f 4572/482/1692 4573/481/1692 4580/488/1692 4579/489/1692
f 4573/481/1693 4574/483/1693 4581/490/1693 4580/488/1693
f 4574/483/1694 4575/484/1694 4582/491/1694 4581/490/1694
f 4575/484/1695 4576/485/1695 4583/492/1695 4582/491/1695
f 4576/485/1696 4577/486/1696 4584/493/1696 4583/492/1696
f 4577/486/1697 4578/487/1697 4585/494/1697 4584/493/1697
f 4579/489/1698 4580/488/1698 4587/495/1698 4586/496/1698
f 4580/488/1699 4581/490/1699 4588/497/1699 4587/495/1699
f 4581/490/1700 4582/491/1700 4589/498/1700 4588/497/1700
f 4582/491/1701 4583/492/1701 4590/499/1701 4589/498/1701
f 4583/492/1702 4584/493/1702 4591/500/1702 4590/499/1702
f 4584/493/1703 4585/494/1703 4592/501/1703 4591/500/1703
f 4586/496/1704 4587/495/1704 4594/502/1704 4593/503/1704
f 4587/495/1705 4588/497/1705 4595/504/1705 4594/502/1705
f 4588/497/1706 4589/498/1706 4596/505/1706 4595/504/1706
f 4589/498/1707 4590/499/1707 4597/506/1707 4596/505/1707
f 4590/499/1708 4591/500/1708 4598/507/1708 4597/506/1708
f 4591/500/1709 4592/501/1709 4599/508/1709 4598/507/1709
f 136/437/1710 1365/509/1710 4551/460/1710 1386/438/1710
f 1365/509/1711 1364/510/1711 4552/461/1711 4551/460/1711
f 1364/510/1712 1363/511/1712 4553/464/1712 4552/461/1712
f 1363/511/1713 1362/512/1713 4554/466/1713 4553/464/1713
f 1362/512/1714 1361/513/1714 4555/468/1714 4554/466/1714
f 1361/513/1715 1360/514/1715 4556/470/1715 4555/468/1715
f 1360/514/1716 1359/515/1716 4557/472/1716 4556/470/1716
f 1359/515/1717 135/347/1717 1393/349/1717 4557/472/1717
f 4557/472/1718 1393/349/1718 1392/378/1718 4564/473/1718
f 4564/473/1719 1392/378/1719 1391/377/1719 4571/480/1719
f 4571/480/1720 1391/377/1720 1390/376/1720 4578/487/1720
f 4578/487/3084 1390/376/3084 1389/375/3084 4585/494/3084
f 4585/494/3085 1389/375/3085 1388/374/3085 4592/501/3085
f 4592/501/1723 1388/374/1723 1387/372/1723 4599/508/1723
f 4599/508/1724 1387/372/1724 138/373/1724 1379/516/1724
f 4598/507/1725 4599/508/1725 1379/516/1725 1378/517/1725
f 4597/506/1726 4598/507/1726 1378/517/1726 1377/518/1726
f 4596/505/1727 4597/506/1727 1377/518/1727 1376/519/1727
f 4595/504/1728 4596/505/1728 1376/519/1728 1375/520/1728
f 4594/502/1729 4595/504/1729 1375/520/1729 1374/521/1729
f 4593/503/1730 4594/502/1730 1374/521/1730 1373/522/1730
f 1380/444/1731 4593/503/1731 1373/522/1731 137/445/1731
f 1381/443/1732 4586/496/1732 4593/503/1732 1380/444/1732
f 1382/442/1733 4579/489/1733 4586/496/1733 1381/443/1733
f 1383/441/1734 4572/482/1734 4579/489/1734 1382/442/1734
f 1384/440/1735 4565/475/1735 4572/482/1735 1383/441/1735
f 1385/439/1736 4558/463/1736 4565/475/1736 1384/440/1736
f 1386/438/1737 4551/460/1737 4558/463/1737 1385/439/1737
f 4600/523/1738 4601/524/1738 4608/525/1738 4607/526/1738
f 4601/524/1739 4602/527/1739 4609/528/1739 4608/525/1739
f 4602/527/1740 4603/529/1740 4610/530/1740 4609/528/1740
f 4603/529/1741 4604/531/1741 4611/532/1741 4610/530/1741
f 4604/531/1742 4605/533/1742 4612/534/1742 4611/532/1742
f 4605/533/1743 4606/535/1743 4613/536/1743 4612/534/1743
f 4607/526/3086 4608/525/3086 4615/537/3086 4614/538/3086
f 4608/525/1745 4609/528/1745 4616/539/1745 4615/537/1745
f 4609/528/1746 4610/530/1746 4617/540/1746 4616/539/1746
f 4610/530/3087 4611/532/3087 4618/541/3087 4617/540/3087
f 4611/532/1748 4612/534/1748 4619/542/1748 4618/541/1748
f 4612/534/1749 4613/536/1749 4620/543/1749 4619/542/1749
f 4614/538/1750 4615/537/1750 4622/544/1750 4621/545/1750
f 4615/537/1751 4616/539/1751 4623/546/1751 4622/544/1751
f 4616/539/1752 4617/540/1752 4624/547/1752 4623/546/1752
f 4617/540/1753 4618/541/1753 4625/548/1753 4624/547/1753
f 4618/541/1754 4619/542/1754 4626/549/1754 4625/548/1754
f 4619/542/1755 4620/543/1755 4627/550/1755 4626/549/1755
f 4621/545/1756 4622/544/1756 4629/551/1756 4628/552/1756
f 4622/544/1757 4623/546/1757 4630/553/1757 4629/551/1757
f 4623/546/1758 4624/547/1758 4631/554/1758 4630/553/1758
f 4624/547/1759 4625/548/1759 4632/555/1759 4631/554/1759
f 4625/548/1760 4626/549/1760 4633/556/1760 4632/555/1760
f 4626/549/1761 4627/550/1761 4634/557/1761 4633/556/1761
f 4628/552/1762 4629/551/1762 4636/558/1762 4635/559/1762
f 4629/551/1763 4630/553/1763 4637/560/1763 4636/558/1763
f 4630/553/1764 4631/554/1764 4638/561/1764 4637/560/1764
f 4631/554/1765 4632/555/1765 4639/562/1765 4638/561/1765
f 4632/555/1766 4633/556/1766 4640/563/1766 4639/562/1766
f 4633/556/1767 4634/557/1767 4641/564/1767 4640/563/1767
f 4635/559/1768 4636/558/1768 4643/565/1768 4642/566/1768
f 4636/558/3088 4637/560/3088 4644/567/3088 4643/565/3088
f 4637/560/1770 4638/561/1770 4645/568/1770 4644/567/1770
f 4638/561/1771 4639/562/1771 4646/569/1771 4645/568/1771
f 4639/562/1772 4640/563/1772 4647/570/1772 4646/569/1772
f 4640/563/1773 4641/564/1773 4648/571/1773 4647/570/1773
f 131/572/1774 1330/573/1774 4600/523/1774 1331/574/1774
f 1330/573/1775 1329/575/1775 4601/524/1775 4600/523/1775
f 1329/575/1776 1328/576/1776 4602/527/1776 4601/524/1776
f 1328/576/1777 1327/577/1777 4603/529/1777 4602/527/1777
f 1327/577/1778 1326/578/1778 4604/531/1778 4603/529/1778
f 1326/578/1779 1325/579/1779 4605/533/1779 4604/531/1779
f 1325/579/1780 1324/580/1780 4606/535/1780 4605/533/1780
f 1324/580/1781 139/428/1781 1414/430/1781 4606/535/1781
f 4606/535/1782 1414/430/1782 1413/459/1782 4613/536/1782
f 4613/536/1783 1413/459/1783 1412/458/1783 4620/543/1783
f 4620/543/1784 1412/458/1784 1411/457/1784 4627/550/1784
f 4627/550/1785 1411/457/1785 1410/456/1785 4634/557/1785
f 4634/557/1786 1410/456/1786 1409/455/1786 4641/564/1786
f 4641/564/1787 1409/455/1787 1408/453/1787 4648/571/1787
f 4648/571/1788 1408/453/1788 140/454/1788 1407/581/1788
f 4647/570/1789 4648/571/1789 1407/581/1789 1406/582/1789
f 4646/569/1790 4647/570/1790 1406/582/1790 1405/583/1790
f 4645/568/1791 4646/569/1791 1405/583/1791 1404/584/1791
f 4644/567/1792 4645/568/1792 1404/584/1792 1403/585/1792
f 4643/565/1793 4644/567/1793 1403/585/1793 1402/586/1793
f 4642/566/1794 4643/565/1794 1402/586/1794 1401/587/1794
f 1337/588/1795 4642/566/1795 1401/587/1795 132/589/1795
f 1336/590/1796 4635/559/1796 4642/566/1796 1337/588/1796
f 1335/591/1797 4628/552/1797 4635/559/1797 1336/590/1797
f 1334/592/1798 4621/545/1798 4628/552/1798 1335/591/1798
f 1333/593/1799 4614/538/1799 4621/545/1799 1334/592/1799
f 1332/594/3089 4607/526/3089 4614/538/3089 1333/593/3089
f 1331/574/1801 4600/523/1801 4607/526/1801 1332/594/1801
f 4649/595/3090 4650/596/3090 4657/597/3090 4656/598/3090
f 4650/596/3091 4651/599/3091 4658/600/3091 4657/597/3091
f 4651/599/3092 4652/601/3092 4659/602/3092 4658/600/3092
f 4652/601/3093 4653/603/3093 4660/604/3093 4659/602/3093
f 4653/603/3094 4654/605/3094 4661/606/3094 4660/604/3094
f 4654/605/3095 4655/607/3095 4662/608/3095 4661/606/3095
f 4656/598/3096 4657/597/3096 4664/609/3096 4663/610/3096
f 4657/597/3097 4658/600/3097 4665/611/3097 4664/609/3097
f 4658/600/3098 4659/602/3098 4666/612/3098 4665/611/3098
f 4659/602/3099 4660/604/3099 4667/613/3099 4666/612/3099
f 4660/604/3100 4661/606/3100 4668/614/3100 4667/613/3100
f 4661/606/3101 4662/608/3101 4669/615/3101 4668/614/3101
f 4663/610/3102 4664/609/3102 4671/616/3102 4670/617/3102
f 4664/609/3103 4665/611/3103 4672/618/3103 4671/616/3103
f 4665/611/3104 4666/612/3104 4673/619/3104 4672/618/3104
f 4666/612/3105 4667/613/3105 4674/620/3105 4673/619/3105
f 4667/613/3106 4668/614/3106 4675/621/3106 4674/620/3106
f 4668/614/3107 4669/615/3107 4676/622/3107 4675/621/3107
f 4670/617/3108 4671/616/3108 4678/623/3108 4677/624/3108
f 4671/616/3109 4672/618/3109 4679/625/3109 4678/623/3109
f 4672/618/3110 4673/619/3110 4680/626/3110 4679/625/3110
f 4673/619/3111 4674/620/3111 4681/627/3111 4680/626/3111
f 4674/620/3112 4675/621/3112 4682/628/3112 4681/627/3112
f 4675/621/3113 4676/622/3113 4683/629/3113 4682/628/3113
f 4677/624/3114 4678/623/3114 4685/630/3114 4684/631/3114
f 4678/623/3115 4679/625/3115 4686/632/3115 4685/630/3115
f 4679/625/3116 4680/626/3116 4687/633/3116 4686/632/3116
f 4680/626/3117 4681/627/3117 4688/634/3117 4687/633/3117
f 4681/627/3118 4682/628/3118 4689/635/3118 4688/634/3118
f 4682/628/3119 4683/629/3119 4690/636/3119 4689/635/3119
f 4684/631/3120 4685/630/3120 4692/637/3120 4691/638/3120
f 4685/630/3121 4686/632/3121 4693/639/3121 4692/637/3121
f 4686/632/3122 4687/633/3122 4694/640/3122 4693/639/3122
f 4687/633/3123 4688/634/3123 4695/641/3123 4694/640/3123
f 4688/634/3124 4689/635/3124 4696/642/3124 4695/641/3124
f 4689/635/3125 4690/636/3125 4697/643/3125 4696/642/3125
f 1/275/3126 147/277/3126 4649/595/3126 1415/644/3126
f 147/277/3127 146/297/3127 4650/596/3127 4649/595/3127
f 146/297/3128 145/296/3128 4651/599/3128 4650/596/3128
f 145/296/3129 144/295/3129 4652/601/3129 4651/599/3129
f 144/295/3130 143/294/3130 4653/603/3130 4652/601/3130
f 143/294/3131 142/293/3131 4654/605/3131 4653/603/3131
f 142/293/3132 141/292/3132 4655/607/3132 4654/605/3132
f 141/292/3133 9/131/3133 1471/645/3133 4655/607/3133
f 4655/607/3134 1471/645/3134 1472/646/3134 4662/608/3134
f 4662/608/3135 1472/646/3135 1473/647/3135 4669/615/3135
f 4669/615/3136 1473/647/3136 1474/648/3136 4676/622/3136
f 4676/622/3137 1474/648/3137 1475/649/3137 4683/629/3137
f 4683/629/3138 1475/649/3138 1476/650/3138 4690/636/3138
f 4690/636/3139 1476/650/3139 1477/651/3139 4697/643/3139
f 4697/643/3140 1477/651/3140 79/428/3140 778/580/3140
f 4696/642/3141 4697/643/3141 778/580/3141 779/579/3141
f 4695/641/3142 4696/642/3142 779/579/3142 780/578/3142
f 4694/640/3143 4695/641/3143 780/578/3143 781/577/3143
f 4693/639/3144 4694/640/3144 781/577/3144 782/576/3144
f 4692/637/3145 4693/639/3145 782/576/3145 783/575/3145
f 4691/638/3146 4692/637/3146 783/575/3146 784/573/3146
f 1421/652/3147 4691/638/3147 784/573/3147 71/572/3147
f 1420/653/3148 4684/631/3148 4691/638/3148 1421/652/3148
f 1419/654/3149 4677/624/3149 4684/631/3149 1420/653/3149
f 1418/655/3150 4670/617/3150 4677/624/3150 1419/654/3150
f 1417/656/3151 4663/610/3151 4670/617/3151 1418/655/3151
f 1416/657/3152 4656/598/3152 4663/610/3152 1417/656/3152
f 1415/644/3153 4649/595/3153 4656/598/3153 1416/657/3153
f 4698/658/3154 4699/659/3154 4706/660/3154 4705/661/3154
f 4699/659/3155 4700/662/3155 4707/663/3155 4706/660/3155
f 4700/662/3156 4701/664/3156 4708/665/3156 4707/663/3156
f 4701/664/3157 4702/666/3157 4709/667/3157 4708/665/3157
f 4702/666/3158 4703/668/3158 4710/669/3158 4709/667/3158
f 4703/668/3159 4704/670/3159 4711/671/3159 4710/669/3159
f 4705/661/3160 4706/660/3160 4713/672/3160 4712/673/3160
f 4706/660/3161 4707/663/3161 4714/674/3161 4713/672/3161
f 4707/663/3162 4708/665/3162 4715/675/3162 4714/674/3162
f 4708/665/3163 4709/667/3163 4716/676/3163 4715/675/3163
f 4709/667/3164 4710/669/3164 4717/677/3164 4716/676/3164
f 4710/669/3165 4711/671/3165 4718/678/3165 4717/677/3165
f 4712/673/3166 4713/672/3166 4720/679/3166 4719/680/3166
f 4713/672/3167 4714/674/3167 4721/681/3167 4720/679/3167
f 4714/674/3168 4715/675/3168 4722/682/3168 4721/681/3168
f 4715/675/3169 4716/676/3169 4723/683/3169 4722/682/3169
f 4716/676/3170 4717/677/3170 4724/684/3170 4723/683/3170
f 4717/677/3171 4718/678/3171 4725/685/3171 4724/684/3171
f 4719/680/3172 4720/679/3172 4727/686/3172 4726/687/3172
f 4720/679/3173 4721/681/3173 4728/688/3173 4727/686/3173
f 4721/681/3174 4722/682/3174 4729/689/3174 4728/688/3174
f 4722/682/3175 4723/683/3175 4730/690/3175 4729/689/3175
f 4723/683/3176 4724/684/3176 4731/691/3176 4730/690/3176
f 4724/684/3177 4725/685/3177 4732/692/3177 4731/691/3177
f 4726/687/3178 4727/686/3178 4734/693/3178 4733/694/3178
f 4727/686/3179 4728/688/3179 4735/695/3179 4734/693/3179
f 4728/688/3180 4729/689/3180 4736/696/3180 4735/695/3180
f 4729/689/3181 4730/690/3181 4737/697/3181 4736/696/3181
f 4730/690/3182 4731/691/3182 4738/698/3182 4737/697/3182
f 4731/691/3183 4732/692/3183 4739/699/3183 4738/698/3183
f 4733/694/3184 4734/693/3184 4741/700/3184 4740/701/3184
f 4734/693/3185 4735/695/3185 4742/702/3185 4741/700/3185
f 4735/695/3186 4736/696/3186 4743/703/3186 4742/702/3186
f 4736/696/3187 4737/697/3187 4744/704/3187 4743/703/3187
f 4737/697/3188 4738/698/3188 4745/705/3188 4744/704/3188
f 4738/698/3189 4739/699/3189 4746/706/3189 4745/705/3189
f 2/284/3190 154/283/3190 4698/658/3190 1422/707/3190
f 154/283/3191 153/282/3191 4699/659/3191 4698/658/3191
f 153/282/3192 152/281/3192 4700/662/3192 4699/659/3192
f 152/281/3193 151/280/3193 4701/664/3193 4700/662/3193
f 151/280/3194 150/279/3194 4702/666/3194 4701/664/3194
f 150/279/3195 149/278/3195 4703/668/3195 4702/666/3195
f 149/278/3196 148/276/3196 4704/670/3196 4703/668/3196
f 148/276/3197 1/275/3197 1415/644/3197 4704/670/3197
f 4704/670/3198 1415/644/3198 1416/657/3198 4711/671/3198
f 4711/671/3199 1416/657/3199 1417/656/3199 4718/678/3199
f 4718/678/3200 1417/656/3200 1418/655/3200 4725/685/3200
f 4725/685/3201 1418/655/3201 1419/654/3201 4732/692/3201
f 4732/692/3202 1419/654/3202 1420/653/3202 4739/699/3202
f 4739/699/3203 1420/653/3203 1421/652/3203 4746/706/3203
f 4746/706/3204 1421/652/3204 71/572/3204 785/574/3204
f 4745/705/3205 4746/706/3205 785/574/3205 786/594/3205
f 4744/704/3206 4745/705/3206 786/594/3206 787/593/3206
f 4743/703/3207 4744/704/3207 787/593/3207 788/592/3207
f 4742/702/3208 4743/703/3208 788/592/3208 789/591/3208
f 4741/700/3209 4742/702/3209 789/591/3209 790/590/3209
f 4740/701/3210 4741/700/3210 790/590/3210 791/588/3210
f 1428/708/3211 4740/701/3211 791/588/3211 72/589/3211
f 1427/709/3212 4733/694/3212 4740/701/3212 1428/708/3212
f 1426/710/3213 4726/687/3213 4733/694/3213 1427/709/3213
f 1425/711/3214 4719/680/3214 4726/687/3214 1426/710/3214
f 1424/712/3215 4712/673/3215 4719/680/3215 1425/711/3215
f 1423/713/3216 4705/661/3216 4712/673/3216 1424/712/3216
f 1422/707/3217 4698/658/3217 4705/661/3217 1423/713/3217
f 4747/714/3218 4748/715/3218 4755/716/3218 4754/717/3218
f 4748/715/3219 4749/718/3219 4756/719/3219 4755/716/3219
f 4749/718/3220 4750/720/3220 4757/721/3220 4756/719/3220
f 4750/720/3221 4751/722/3221 4758/723/3221 4757/721/3221
f 4751/722/3222 4752/724/3222 4759/725/3222 4758/723/3222
f 4752/724/3223 4753/726/3223 4760/727/3223 4759/725/3223
f 4754/717/3224 4755/716/3224 4762/728/3224 4761/729/3224
f 4755/716/3225 4756/719/3225 4763/730/3225 4762/728/3225
f 4756/719/3226 4757/721/3226 4764/731/3226 4763/730/3226
f 4757/721/3227 4758/723/3227 4765/732/3227 4764/731/3227
f 4758/723/3228 4759/725/3228 4766/733/3228 4765/732/3228
f 4759/725/3229 4760/727/3229 4767/734/3229 4766/733/3229
f 4761/729/3230 4762/728/3230 4769/735/3230 4768/736/3230
f 4762/728/3231 4763/730/3231 4770/737/3231 4769/735/3231
f 4763/730/3232 4764/731/3232 4771/738/3232 4770/737/3232
f 4764/731/3233 4765/732/3233 4772/739/3233 4771/738/3233
f 4765/732/3234 4766/733/3234 4773/740/3234 4772/739/3234
f 4766/733/3235 4767/734/3235 4774/741/3235 4773/740/3235
f 4768/736/3236 4769/735/3236 4776/742/3236 4775/743/3236
f 4769/735/3237 4770/737/3237 4777/744/3237 4776/742/3237
f 4770/737/3238 4771/738/3238 4778/745/3238 4777/744/3238
f 4771/738/3239 4772/739/3239 4779/746/3239 4778/745/3239
f 4772/739/3240 4773/740/3240 4780/747/3240 4779/746/3240
f 4773/740/3241 4774/741/3241 4781/748/3241 4780/747/3241
f 4775/743/3242 4776/742/3242 4783/749/3242 4782/750/3242
f 4776/742/3243 4777/744/3243 4784/751/3243 4783/749/3243
f 4777/744/3244 4778/745/3244 4785/752/3244 4784/751/3244
f 4778/745/3245 4779/746/3245 4786/753/3245 4785/752/3245
f 4779/746/3246 4780/747/3246 4787/754/3246 4786/753/3246
f 4780/747/3247 4781/748/3247 4788/755/3247 4787/754/3247
f 4782/750/3248 4783/749/3248 4790/756/3248 4789/757/3248
f 4783/749/3249 4784/751/3249 4791/758/3249 4790/756/3249
f 4784/751/3250 4785/752/3250 4792/759/3250 4791/758/3250
f 4785/752/3251 4786/753/3251 4793/760/3251 4792/759/3251
f 4786/753/3252 4787/754/3252 4794/761/3252 4793/760/3252
f 4787/754/3253 4788/755/3253 4795/762/3253 4794/761/3253
f 4/67/3254 161/66/3254 4747/714/3254 1436/763/3254
f 161/66/3255 160/65/3255 4748/715/3255 4747/714/3255
f 160/65/3256 159/64/3256 4749/718/3256 4748/715/3256
f 159/64/3257 158/63/3257 4750/720/3257 4749/718/3257
f 158/63/3258 157/62/3258 4751/722/3258 4750/720/3258
f 157/62/3259 156/61/3259 4752/724/3259 4751/722/3259
f 156/61/3260 155/60/3260 4753/726/3260 4752/724/3260
f 155/60/3261 8/59/3261 1464/764/3261 4753/726/3261
f 4753/726/3262 1464/764/3262 1465/765/3262 4760/727/3262
f 4760/727/3263 1465/765/3263 1466/766/3263 4767/734/3263
f 4767/734/3264 1466/766/3264 1467/767/3264 4774/741/3264
f 4774/741/3265 1467/767/3265 1468/768/3265 4781/748/3265
f 4781/748/3266 1468/768/3266 1469/769/3266 4788/755/3266
f 4788/755/3267 1469/769/3267 1470/770/3267 4795/762/3267
f 4795/762/3268 1470/770/3268 78/373/3268 792/371/3268
f 4794/761/3269 4795/762/3269 792/371/3269 793/370/3269
f 4793/760/3270 4794/761/3270 793/370/3270 794/369/3270
f 4792/759/3271 4793/760/3271 794/369/3271 795/368/3271
f 4791/758/3272 4792/759/3272 795/368/3272 796/367/3272
f 4790/756/3273 4791/758/3273 796/367/3273 797/366/3273
f 4789/757/3274 4790/756/3274 797/366/3274 798/365/3274
f 1442/771/3275 4789/757/3275 798/365/3275 74/364/3275
f 1441/772/3276 4782/750/3276 4789/757/3276 1442/771/3276
f 1440/773/3277 4775/743/3277 4782/750/3277 1441/772/3277
f 1439/774/3278 4768/736/3278 4775/743/3278 1440/773/3278
f 1438/775/3279 4761/729/3279 4768/736/3279 1439/774/3279
f 1437/776/3280 4754/717/3280 4761/729/3280 1438/775/3280
f 1436/763/3281 4747/714/3281 4754/717/3281 1437/776/3281
f 4796/777/3282 4797/778/3282 4804/779/3282 4803/780/3282
f 4797/778/3283 4798/781/3283 4805/782/3283 4804/779/3283
f 4798/781/3284 4799/783/3284 4806/784/3284 4805/782/3284
f 4799/783/3285 4800/785/3285 4807/786/3285 4806/784/3285
f 4800/785/3286 4801/787/3286 4808/788/3286 4807/786/3286
f 4801/787/3287 4802/789/3287 4809/790/3287 4808/788/3287
f 4803/780/3288 4804/779/3288 4811/791/3288 4810/792/3288
f 4804/779/3289 4805/782/3289 4812/793/3289 4811/791/3289
f 4805/782/3290 4806/784/3290 4813/794/3290 4812/793/3290
f 4806/784/3291 4807/786/3291 4814/795/3291 4813/794/3291
f 4807/786/3292 4808/788/3292 4815/796/3292 4814/795/3292
f 4808/788/3293 4809/790/3293 4816/797/3293 4815/796/3293
f 4810/792/3294 4811/791/3294 4818/798/3294 4817/799/3294
f 4811/791/3295 4812/793/3295 4819/800/3295 4818/798/3295
f 4812/793/3296 4813/794/3296 4820/801/3296 4819/800/3296
f 4813/794/3297 4814/795/3297 4821/802/3297 4820/801/3297
f 4814/795/3298 4815/796/3298 4822/803/3298 4821/802/3298
f 4815/796/3299 4816/797/3299 4823/804/3299 4822/803/3299
f 4817/799/3300 4818/798/3300 4825/805/3300 4824/806/3300
f 4818/798/3301 4819/800/3301 4826/807/3301 4825/805/3301
f 4819/800/3302 4820/801/3302 4827/808/3302 4826/807/3302
f 4820/801/3303 4821/802/3303 4828/809/3303 4827/808/3303
f 4821/802/3304 4822/803/3304 4829/810/3304 4828/809/3304
f 4822/803/3305 4823/804/3305 4830/811/3305 4829/810/3305
f 4824/806/3306 4825/805/3306 4832/812/3306 4831/813/3306
f 4825/805/3307 4826/807/3307 4833/814/3307 4832/812/3307
f 4826/807/3308 4827/808/3308 4834/815/3308 4833/814/3308
f 4827/808/3309 4828/809/3309 4835/816/3309 4834/815/3309
f 4828/809/3310 4829/810/3310 4836/817/3310 4835/816/3310
f 4829/810/3311 4830/811/3311 4837/818/3311 4836/817/3311
f 4831/813/3312 4832/812/3312 4839/819/3312 4838/820/3312
f 4832/812/3313 4833/814/3313 4840/821/3313 4839/819/3313
f 4833/814/3314 4834/815/3314 4841/822/3314 4840/821/3314
f 4834/815/3315 4835/816/3315 4842/823/3315 4841/822/3315
f 4835/816/3316 4836/817/3316 4843/824/3316 4842/823/3316
f 4836/817/3317 4837/818/3317 4844/825/3317 4843/824/3317
f 3/76/3318 168/74/3318 4796/777/3318 1429/826/3318
f 168/74/3319 167/73/3319 4797/778/3319 4796/777/3319
f 167/73/3320 166/72/3320 4798/781/3320 4797/778/3320
f 166/72/3321 165/71/3321 4799/783/3321 4798/781/3321
f 165/71/3322 164/70/3322 4800/785/3322 4799/783/3322
f 164/70/3323 163/69/3323 4801/787/3323 4800/785/3323
f 163/69/3324 162/68/3324 4802/789/3324 4801/787/3324
f 162/68/3325 4/67/3325 1436/763/3325 4802/789/3325
f 4802/789/3326 1436/763/3326 1437/776/3326 4809/790/3326
f 4809/790/3327 1437/776/3327 1438/775/3327 4816/797/3327
f 4816/797/3328 1438/775/3328 1439/774/3328 4823/804/3328
f 4823/804/3329 1439/774/3329 1440/773/3329 4830/811/3329
f 4830/811/3330 1440/773/3330 1441/772/3330 4837/818/3330
f 4837/818/3331 1441/772/3331 1442/771/3331 4844/825/3331
f 4844/825/3332 1442/771/3332 74/364/3332 799/363/3332
f 4843/824/3333 4844/825/3333 799/363/3333 800/362/3333
f 4842/823/3334 4843/824/3334 800/362/3334 801/361/3334
f 4841/822/3335 4842/823/3335 801/361/3335 802/360/3335
f 4840/821/3336 4841/822/3336 802/360/3336 803/359/3336
f 4839/819/3337 4840/821/3337 803/359/3337 804/358/3337
f 4838/820/3338 4839/819/3338 804/358/3338 805/357/3338
f 1435/827/3339 4838/820/3339 805/357/3339 73/356/3339
f 1434/828/3340 4831/813/3340 4838/820/3340 1435/827/3340
f 1433/829/3341 4824/806/3341 4831/813/3341 1434/828/3341
f 1432/830/3342 4817/799/3342 4824/806/3342 1433/829/3342
f 1431/831/3343 4810/792/3343 4817/799/3343 1432/830/3343
f 1430/832/3344 4803/780/3344 4810/792/3344 1431/831/3344
f 1429/826/3345 4796/777/3345 4803/780/3345 1430/832/3345
f 4845/833/3346 4846/834/3346 4853/835/3346 4852/836/3346
f 4846/834/3347 4847/837/3347 4854/838/3347 4853/835/3347
f 4847/837/3348 4848/839/3348 4855/840/3348 4854/838/3348
f 4848/839/3349 4849/841/3349 4856/842/3349 4855/840/3349
f 4849/841/3350 4850/843/3350 4857/844/3350 4856/842/3350
f 4850/843/3351 4851/845/3351 4858/846/3351 4857/844/3351
f 4852/836/3352 4853/835/3352 4860/847/3352 4859/848/3352
f 4853/835/3353 4854/838/3353 4861/849/3353 4860/847/3353
f 4854/838/3354 4855/840/3354 4862/850/3354 4861/849/3354
f 4855/840/3355 4856/842/3355 4863/851/3355 4862/850/3355
f 4856/842/3356 4857/844/3356 4864/852/3356 4863/851/3356
f 4857/844/3357 4858/846/3357 4865/853/3357 4864/852/3357
f 4859/848/3358 4860/847/3358 4867/854/3358 4866/855/3358
f 4860/847/3359 4861/849/3359 4868/856/3359 4867/854/3359
f 4861/849/3360 4862/850/3360 4869/857/3360 4868/856/3360
f 4862/850/3361 4863/851/3361 4870/858/3361 4869/857/3361
f 4863/851/3362 4864/852/3362 4871/859/3362 4870/858/3362
f 4864/852/3363 4865/853/3363 4872/860/3363 4871/859/3363
f 4866/855/3364 4867/854/3364 4874/861/3364 4873/862/3364
f 4867/854/3365 4868/856/3365 4875/863/3365 4874/861/3365
f 4868/856/3366 4869/857/3366 4876/864/3366 4875/863/3366
f 4869/857/3367 4870/858/3367 4877/865/3367 4876/864/3367
f 4870/858/3368 4871/859/3368 4878/866/3368 4877/865/3368
f 4871/859/3369 4872/860/3369 4879/867/3369 4878/866/3369
f 4873/862/3370 4874/861/3370 4881/868/3370 4880/869/3370
f 4874/861/3371 4875/863/3371 4882/870/3371 4881/868/3371
f 4875/863/3372 4876/864/3372 4883/871/3372 4882/870/3372
f 4876/864/3373 4877/865/3373 4884/872/3373 4883/871/3373
f 4877/865/3374 4878/866/3374 4885/873/3374 4884/872/3374
f 4878/866/3375 4879/867/3375 4886/874/3375 4885/873/3375
f 4880/869/3376 4881/868/3376 4888/875/3376 4887/876/3376
f 4881/868/3377 4882/870/3377 4889/877/3377 4888/875/3377
f 4882/870/3378 4883/871/3378 4890/878/3378 4889/877/3378
f 4883/871/3379 4884/872/3379 4891/879/3379 4890/878/3379
f 4884/872/3380 4885/873/3380 4892/880/3380 4891/879/3380
f 4885/873/3381 4886/874/3381 4893/881/3381 4892/880/3381
f 5/50/3382 175/52/3382 4845/833/3382 1443/882/3382
f 175/52/3383 174/81/3383 4846/834/3383 4845/833/3383
f 174/81/3384 173/80/3384 4847/837/3384 4846/834/3384
f 173/80/3385 172/79/3385 4848/839/3385 4847/837/3385
f 172/79/3386 171/78/3386 4849/841/3386 4848/839/3386
f 171/78/3387 170/77/3387 4850/843/3387 4849/841/3387
f 170/77/3388 169/75/3388 4851/845/3388 4850/843/3388
f 169/75/3389 3/76/3389 1429/826/3389 4851/845/3389
f 4851/845/3390 1429/826/3390 1430/832/3390 4858/846/3390
f 4858/846/3391 1430/832/3391 1431/831/3391 4865/853/3391
f 4865/853/3392 1431/831/3392 1432/830/3392 4872/860/3392
f 4872/860/3393 1432/830/3393 1433/829/3393 4879/867/3393
f 4879/867/3394 1433/829/3394 1434/828/3394 4886/874/3394
f 4886/874/3395 1434/828/3395 1435/827/3395 4893/881/3395
f 4893/881/3396 1435/827/3396 73/356/3396 806/355/3396
f 4892/880/3397 4893/881/3397 806/355/3397 807/354/3397
f 4891/879/3398 4892/880/3398 807/354/3398 808/353/3398
f 4890/878/3399 4891/879/3399 808/353/3399 809/352/3399
f 4889/877/3400 4890/878/3400 809/352/3400 810/351/3400
f 4888/875/3401 4889/877/3401 810/351/3401 811/350/3401
f 4887/876/3402 4888/875/3402 811/350/3402 812/348/3402
f 1449/883/3403 4887/876/3403 812/348/3403 75/347/3403
f 1448/884/3404 4880/869/3404 4887/876/3404 1449/883/3404
f 1447/885/3405 4873/862/3405 4880/869/3405 1448/884/3405
f 1446/886/3406 4866/855/3406 4873/862/3406 1447/885/3406
f 1445/887/3407 4859/848/3407 4866/855/3407 1446/886/3407
f 1444/888/3408 4852/836/3408 4859/848/3408 1445/887/3408
f 1443/882/3409 4845/833/3409 4852/836/3409 1444/888/3409
f 4894/889/3410 4895/890/3410 4902/891/3410 4901/892/3410
f 4895/890/3411 4896/893/3411 4903/894/3411 4902/891/3411
f 4896/893/3412 4897/895/3412 4904/896/3412 4903/894/3412
f 4897/895/3413 4898/897/3413 4905/898/3413 4904/896/3413
f 4898/897/3414 4899/899/3414 4906/900/3414 4905/898/3414
f 4899/899/3415 4900/901/3415 4907/902/3415 4906/900/3415
f 4901/892/3416 4902/891/3416 4909/903/3416 4908/904/3416
f 4902/891/3417 4903/894/3417 4910/905/3417 4909/903/3417
f 4903/894/3418 4904/896/3418 4911/906/3418 4910/905/3418
f 4904/896/3419 4905/898/3419 4912/907/3419 4911/906/3419
f 4905/898/3420 4906/900/3420 4913/908/3420 4912/907/3420
f 4906/900/3421 4907/902/3421 4914/909/3421 4913/908/3421
f 4908/904/3422 4909/903/3422 4916/910/3422 4915/911/3422
f 4909/903/3423 4910/905/3423 4917/912/3423 4916/910/3423
f 4910/905/3424 4911/906/3424 4918/913/3424 4917/912/3424
f 4911/906/3425 4912/907/3425 4919/914/3425 4918/913/3425
f 4912/907/3426 4913/908/3426 4920/915/3426 4919/914/3426
f 4913/908/3427 4914/909/3427 4921/916/3427 4920/915/3427
f 4915/911/3428 4916/910/3428 4923/917/3428 4922/918/3428
f 4916/910/3429 4917/912/3429 4924/919/3429 4923/917/3429
f 4917/912/3430 4918/913/3430 4925/920/3430 4924/919/3430
f 4918/913/3431 4919/914/3431 4926/921/3431 4925/920/3431
f 4919/914/3432 4920/915/3432 4927/922/3432 4926/921/3432
f 4920/915/3433 4921/916/3433 4928/923/3433 4927/922/3433
f 4922/918/3434 4923/917/3434 4930/924/3434 4929/925/3434
f 4923/917/3435 4924/919/3435 4931/926/3435 4930/924/3435
f 4924/919/3436 4925/920/3436 4932/927/3436 4931/926/3436
f 4925/920/3437 4926/921/3437 4933/928/3437 4932/927/3437
f 4926/921/3438 4927/922/3438 4934/929/3438 4933/928/3438
f 4927/922/3439 4928/923/3439 4935/930/3439 4934/929/3439
f 4929/925/3440 4930/924/3440 4937/931/3440 4936/932/3440
f 4930/924/3441 4931/926/3441 4938/933/3441 4937/931/3441
f 4931/926/3442 4932/927/3442 4939/934/3442 4938/933/3442
f 4932/927/3443 4933/928/3443 4940/935/3443 4939/934/3443
f 4933/928/3444 4934/929/3444 4941/936/3444 4940/935/3444
f 4934/929/3445 4935/930/3445 4942/937/3445 4941/936/3445
f 6/157/3446 182/212/3446 4894/889/3446 1450/938/3446
f 182/212/3447 181/225/3447 4895/890/3447 4894/889/3447
f 181/225/3448 180/224/3448 4896/893/3448 4895/890/3448
f 180/224/3449 179/223/3449 4897/895/3449 4896/893/3449
f 179/223/3450 178/222/3450 4898/897/3450 4897/895/3450
f 178/222/3451 177/221/3451 4899/899/3451 4898/897/3451
f 177/221/3452 176/220/3452 4900/901/3452 4899/899/3452
f 176/220/3453 5/50/3453 1443/882/3453 4900/901/3453
f 4900/901/3454 1443/882/3454 1444/888/3454 4907/902/3454
f 4907/902/3455 1444/888/3455 1445/887/3455 4914/909/3455
f 4914/909/3456 1445/887/3456 1446/886/3456 4921/916/3456
f 4921/916/3457 1446/886/3457 1447/885/3457 4928/923/3457
f 4928/923/3458 1447/885/3458 1448/884/3458 4935/930/3458
f 4935/930/3459 1448/884/3459 1449/883/3459 4942/937/3459
f 4942/937/3460 1449/883/3460 75/347/3460 813/515/3460
f 4941/936/3461 4942/937/3461 813/515/3461 814/514/3461
f 4940/935/3462 4941/936/3462 814/514/3462 815/513/3462
f 4939/934/3463 4940/935/3463 815/513/3463 816/512/3463
f 4938/933/3464 4939/934/3464 816/512/3464 817/511/3464
f 4937/931/3465 4938/933/3465 817/511/3465 818/510/3465
f 4936/932/3466 4937/931/3466 818/510/3466 819/509/3466
f 1456/939/3467 4936/932/3467 819/509/3467 76/437/3467
f 1455/940/3468 4929/925/3468 4936/932/3468 1456/939/3468
f 1454/941/3469 4922/918/3469 4929/925/3469 1455/940/3469
f 1453/942/3470 4915/911/3470 4922/918/3470 1454/941/3470
f 1452/943/3471 4908/904/3471 4915/911/3471 1453/942/3471
f 1451/944/3472 4901/892/3472 4908/904/3472 1452/943/3472
f 1450/938/3473 4894/889/3473 4901/892/3473 1451/944/3473
f 4943/945/3474 4944/946/3474 4951/947/3474 4950/948/3474
f 4944/946/3475 4945/949/3475 4952/950/3475 4951/947/3475
f 4945/949/3476 4946/951/3476 4953/952/3476 4952/950/3476
f 4946/951/3477 4947/953/3477 4954/954/3477 4953/952/3477
f 4947/953/3478 4948/955/3478 4955/956/3478 4954/954/3478
f 4948/955/3479 4949/957/3479 4956/958/3479 4955/956/3479
f 4950/948/3480 4951/947/3480 4958/959/3480 4957/960/3480
f 4951/947/3481 4952/950/3481 4959/961/3481 4958/959/3481
f 4952/950/3482 4953/952/3482 4960/962/3482 4959/961/3482
f 4953/952/3483 4954/954/3483 4961/963/3483 4960/962/3483
f 4954/954/3484 4955/956/3484 4962/964/3484 4961/963/3484
f 4955/956/3485 4956/958/3485 4963/965/3485 4962/964/3485
f 4957/960/3486 4958/959/3486 4965/966/3486 4964/967/3486
f 4958/959/3487 4959/961/3487 4966/968/3487 4965/966/3487
f 4959/961/3488 4960/962/3488 4967/969/3488 4966/968/3488
f 4960/962/3489 4961/963/3489 4968/970/3489 4967/969/3489
f 4961/963/3490 4962/964/3490 4969/971/3490 4968/970/3490
f 4962/964/3491 4963/965/3491 4970/972/3491 4969/971/3491
f 4964/967/3492 4965/966/3492 4972/973/3492 4971/974/3492
f 4965/966/3493 4966/968/3493 4973/975/3493 4972/973/3493
f 4966/968/3494 4967/969/3494 4974/976/3494 4973/975/3494
f 4967/969/3495 4968/970/3495 4975/977/3495 4974/976/3495
f 4968/970/3496 4969/971/3496 4976/978/3496 4975/977/3496
f 4969/971/3497 4970/972/3497 4977/979/3497 4976/978/3497
f 4971/974/3498 4972/973/3498 4979/980/3498 4978/981/3498
f 4972/973/3499 4973/975/3499 4980/982/3499 4979/980/3499
f 4973/975/3500 4974/976/3500 4981/983/3500 4980/982/3500
f 4974/976/3501 4975/977/3501 4982/984/3501 4981/983/3501
f 4975/977/3502 4976/978/3502 4983/985/3502 4982/984/3502
f 4976/978/3503 4977/979/3503 4984/986/3503 4983/985/3503
f 4978/981/3504 4979/980/3504 4986/987/3504 4985/988/3504
f 4979/980/3505 4980/982/3505 4987/989/3505 4986/987/3505
f 4980/982/3506 4981/983/3506 4988/990/3506 4987/989/3506
f 4981/983/3507 4982/984/3507 4989/991/3507 4988/990/3507
f 4982/984/3508 4983/985/3508 4990/992/3508 4989/991/3508
f 4983/985/3509 4984/986/3509 4991/993/3509 4990/992/3509
f 7/148/3510 189/147/3510 4943/945/3510 1457/994/3510
f 189/147/3511 188/146/3511 4944/946/3511 4943/945/3511
f 188/146/3512 187/145/3512 4945/949/3512 4944/946/3512
f 187/145/3513 186/144/3513 4946/951/3513 4945/949/3513
f 186/144/3514 185/143/3514 4947/953/3514 4946/951/3514
f 185/143/3515 184/142/3515 4948/955/3515 4947/953/3515
f 184/142/3516 183/141/3516 4949/957/3516 4948/955/3516
f 183/141/3517 10/140/3517 1478/995/3517 4949/957/3517
f 4949/957/3518 1478/995/3518 1479/996/3518 4956/958/3518
f 4956/958/3519 1479/996/3519 1480/997/3519 4963/965/3519
f 4963/965/3520 1480/997/3520 1481/998/3520 4970/972/3520
f 4970/972/3521 1481/998/3521 1482/999/3521 4977/979/3521
f 4977/979/3522 1482/999/3522 1483/1000/3522 4984/986/3522
f 4984/986/3523 1483/1000/3523 1484/1001/3523 4991/993/3523
f 4991/993/3524 1484/1001/3524 80/454/3524 820/452/3524
f 4990/992/3525 4991/993/3525 820/452/3525 821/451/3525
f 4989/991/3526 4990/992/3526 821/451/3526 822/450/3526
f 4988/990/3527 4989/991/3527 822/450/3527 823/449/3527
f 4987/989/3528 4988/990/3528 823/449/3528 824/448/3528
f 4986/987/3529 4987/989/3529 824/448/3529 825/447/3529
f 4985/988/3530 4986/987/3530 825/447/3530 826/446/3530
f 1463/1002/3531 4985/988/3531 826/446/3531 77/445/3531
f 1462/1003/3532 4978/981/3532 4985/988/3532 1463/1002/3532
f 1461/1004/3533 4971/974/3533 4978/981/3533 1462/1003/3533
f 1460/1005/3534 4964/967/3534 4971/974/3534 1461/1004/3534
f 1459/1006/3535 4957/960/3535 4964/967/3535 1460/1005/3535
f 1458/1007/3536 4950/948/3536 4957/960/3536 1459/1006/3536
f 1457/994/3537 4943/945/3537 4950/948/3537 1458/1007/3537
f 4992/1008/3538 4993/1009/3538 5000/1010/3538 4999/1011/3538
f 4993/1009/3539 4994/1012/3539 5001/1013/3539 5000/1010/3539
f 4994/1012/3540 4995/1014/3540 5002/1015/3540 5001/1013/3540
f 4995/1014/3541 4996/1016/3541 5003/1017/3541 5002/1015/3541
f 4996/1016/3542 4997/1018/3542 5004/1019/3542 5003/1017/3542
f 4997/1018/3543 4998/1020/3543 5005/1021/3543 5004/1019/3543
f 4999/1011/3544 5000/1010/3544 5007/1022/3544 5006/1023/3544
f 5000/1010/3545 5001/1013/3545 5008/1024/3545 5007/1022/3545
f 5001/1013/3546 5002/1015/3546 5009/1025/3546 5008/1024/3546
f 5002/1015/3547 5003/1017/3547 5010/1026/3547 5009/1025/3547
f 5003/1017/3548 5004/1019/3548 5011/1027/3548 5010/1026/3548
f 5004/1019/3549 5005/1021/3549 5012/1028/3549 5011/1027/3549
f 5006/1023/3550 5007/1022/3550 5014/1029/3550 5013/1030/3550
f 5007/1022/3551 5008/1024/3551 5015/1031/3551 5014/1029/3551
f 5008/1024/3552 5009/1025/3552 5016/1032/3552 5015/1031/3552
f 5009/1025/3553 5010/1026/3553 5017/1033/3553 5016/1032/3553
f 5010/1026/3554 5011/1027/3554 5018/1034/3554 5017/1033/3554
f 5011/1027/3555 5012/1028/3555 5019/1035/3555 5018/1034/3555
f 5013/1030/3556 5014/1029/3556 5021/1036/3556 5020/1037/3556
f 5014/1029/3557 5015/1031/3557 5022/1038/3557 5021/1036/3557
f 5015/1031/3558 5016/1032/3558 5023/1039/3558 5022/1038/3558
f 5016/1032/3559 5017/1033/3559 5024/1040/3559 5023/1039/3559
f 5017/1033/3560 5018/1034/3560 5025/1041/3560 5024/1040/3560
f 5018/1034/3561 5019/1035/3561 5026/1042/3561 5025/1041/3561
f 5020/1037/3562 5021/1036/3562 5028/1043/3562 5027/1044/3562
f 5021/1036/3563 5022/1038/3563 5029/1045/3563 5028/1043/3563
f 5022/1038/3564 5023/1039/3564 5030/1046/3564 5029/1045/3564
f 5023/1039/3565 5024/1040/3565 5031/1047/3565 5030/1046/3565
f 5024/1040/3566 5025/1041/3566 5032/1048/3566 5031/1047/3566
f 5025/1041/3567 5026/1042/3567 5033/1049/3567 5032/1048/3567
f 5027/1044/3568 5028/1043/3568 5035/1050/3568 5034/1051/3568
f 5028/1043/3569 5029/1045/3569 5036/1052/3569 5035/1050/3569
f 5029/1045/3570 5030/1046/3570 5037/1053/3570 5036/1052/3570
f 5030/1046/3571 5031/1047/3571 5038/1054/3571 5037/1053/3571
f 5031/1047/3572 5032/1048/3572 5039/1055/3572 5038/1054/3572
f 5032/1048/3573 5033/1049/3573 5040/1056/3573 5039/1055/3573
f 8/59/3574 196/219/3574 4992/1008/3574 1464/764/3574
f 196/219/3575 195/218/3575 4993/1009/3575 4992/1008/3575
f 195/218/3576 194/217/3576 4994/1012/3576 4993/1009/3576
f 194/217/3577 193/216/3577 4995/1014/3577 4994/1012/3577
f 193/216/3578 192/215/3578 4996/1016/3578 4995/1014/3578
f 192/215/3579 191/214/3579 4997/1018/3579 4996/1016/3579
f 191/214/3580 190/213/3580 4998/1020/3580 4997/1018/3580
f 190/213/3581 7/148/3581 1457/994/3581 4998/1020/3581
f 4998/1020/3582 1457/994/3582 1458/1007/3582 5005/1021/3582
f 5005/1021/3583 1458/1007/3583 1459/1006/3583 5012/1028/3583
f 5012/1028/3584 1459/1006/3584 1460/1005/3584 5019/1035/3584
f 5019/1035/3585 1460/1005/3585 1461/1004/3585 5026/1042/3585
f 5026/1042/3586 1461/1004/3586 1462/1003/3586 5033/1049/3586
f 5033/1049/3587 1462/1003/3587 1463/1002/3587 5040/1056/3587
f 5040/1056/3588 1463/1002/3588 77/445/3588 827/522/3588
f 5039/1055/3589 5040/1056/3589 827/522/3589 828/521/3589
f 5038/1054/3590 5039/1055/3590 828/521/3590 829/520/3590
f 5037/1053/3591 5038/1054/3591 829/520/3591 830/519/3591
f 5036/1052/3592 5037/1053/3592 830/519/3592 831/518/3592
f 5035/1050/3593 5036/1052/3593 831/518/3593 832/517/3593
f 5034/1051/3594 5035/1050/3594 832/517/3594 833/516/3594
f 1470/770/3595 5034/1051/3595 833/516/3595 78/373/3595
f 1469/769/3596 5027/1044/3596 5034/1051/3596 1470/770/3596
f 1468/768/3597 5020/1037/3597 5027/1044/3597 1469/769/3597
f 1467/767/3598 5013/1030/3598 5020/1037/3598 1468/768/3598
f 1466/766/3599 5006/1023/3599 5013/1030/3599 1467/767/3599
f 1465/765/3600 4999/1011/3600 5006/1023/3600 1466/766/3600
f 1464/764/3601 4992/1008/3601 4999/1011/3601 1465/765/3601
f 5041/1057/3602 5042/1058/3602 5049/1059/3602 5048/1060/3602
f 5042/1058/3603 5043/1061/3603 5050/1062/3603 5049/1059/3603
f 5043/1061/3604 5044/1063/3604 5051/1064/3604 5050/1062/3604
f 5044/1063/3605 5045/1065/3605 5052/1066/3605 5051/1064/3605
f 5045/1065/3606 5046/1067/3606 5053/1068/3606 5052/1066/3606
f 5046/1067/3607 5047/1069/3607 5054/1070/3607 5053/1068/3607
f 5048/1060/3608 5049/1059/3608 5056/1071/3608 5055/1072/3608
f 5049/1059/3609 5050/1062/3609 5057/1073/3609 5056/1071/3609
f 5050/1062/3610 5051/1064/3610 5058/1074/3610 5057/1073/3610
f 5051/1064/3611 5052/1066/3611 5059/1075/3611 5058/1074/3611
f 5052/1066/3612 5053/1068/3612 5060/1076/3612 5059/1075/3612
f 5053/1068/3613 5054/1070/3613 5061/1077/3613 5060/1076/3613
f 5055/1072/3614 5056/1071/3614 5063/1078/3614 5062/1079/3614
f 5056/1071/3615 5057/1073/3615 5064/1080/3615 5063/1078/3615
f 5057/1073/3616 5058/1074/3616 5065/1081/3616 5064/1080/3616
f 5058/1074/3617 5059/1075/3617 5066/1082/3617 5065/1081/3617
f 5059/1075/3618 5060/1076/3618 5067/1083/3618 5066/1082/3618
f 5060/1076/3619 5061/1077/3619 5068/1084/3619 5067/1083/3619
f 5062/1079/3620 5063/1078/3620 5070/1085/3620 5069/1086/3620
f 5063/1078/3621 5064/1080/3621 5071/1087/3621 5070/1085/3621
f 5064/1080/3622 5065/1081/3622 5072/1088/3622 5071/1087/3622
f 5065/1081/3623 5066/1082/3623 5073/1089/3623 5072/1088/3623
f 5066/1082/3624 5067/1083/3624 5074/1090/3624 5073/1089/3624
f 5067/1083/3625 5068/1084/3625 5075/1091/3625 5074/1090/3625
f 5069/1086/3626 5070/1085/3626 5077/1092/3626 5076/1093/3626
f 5070/1085/3627 5071/1087/3627 5078/1094/3627 5077/1092/3627
f 5071/1087/3628 5072/1088/3628 5079/1095/3628 5078/1094/3628
f 5072/1088/3629 5073/1089/3629 5080/1096/3629 5079/1095/3629
f 5073/1089/3630 5074/1090/3630 5081/1097/3630 5080/1096/3630
f 5074/1090/3631 5075/1091/3631 5082/1098/3631 5081/1097/3631
f 5076/1093/3632 5077/1092/3632 5084/1099/3632 5083/1100/3632
f 5077/1092/3633 5078/1094/3633 5085/1101/3633 5084/1099/3633
f 5078/1094/3634 5079/1095/3634 5086/1102/3634 5085/1101/3634
f 5079/1095/3635 5080/1096/3635 5087/1103/3635 5086/1102/3635
f 5080/1096/3636 5081/1097/3636 5088/1104/3636 5087/1103/3636
f 5081/1097/3637 5082/1098/3637 5089/1105/3637 5088/1104/3637
f 9/131/3638 217/133/3638 5041/1057/3638 1471/645/3638
f 217/133/3639 216/162/3639 5042/1058/3639 5041/1057/3639
f 216/162/3640 215/161/3640 5043/1061/3640 5042/1058/3640
f 215/161/3641 214/160/3641 5044/1063/3641 5043/1061/3641
f 214/160/3642 213/159/3642 5045/1065/3642 5044/1063/3642
f 213/159/3643 212/158/3643 5046/1067/3643 5045/1065/3643
f 212/158/3644 211/156/3644 5047/1069/3644 5046/1067/3644
f 211/156/3645 6/157/3645 1450/938/3645 5047/1069/3645
f 5047/1069/3646 1450/938/3646 1451/944/3646 5054/1070/3646
f 5054/1070/3647 1451/944/3647 1452/943/3647 5061/1077/3647
f 5061/1077/3648 1452/943/3648 1453/942/3648 5068/1084/3648
f 5068/1084/3649 1453/942/3649 1454/941/3649 5075/1091/3649
f 5075/1091/3650 1454/941/3650 1455/940/3650 5082/1098/3650
f 5082/1098/3651 1455/940/3651 1456/939/3651 5089/1105/3651
f 5089/1105/3652 1456/939/3652 76/437/3652 848/436/3652
f 5088/1104/3653 5089/1105/3653 848/436/3653 849/435/3653
f 5087/1103/3654 5088/1104/3654 849/435/3654 850/434/3654
f 5086/1102/3655 5087/1103/3655 850/434/3655 851/433/3655
f 5085/1101/3656 5086/1102/3656 851/433/3656 852/432/3656
f 5084/1099/3657 5085/1101/3657 852/432/3657 853/431/3657
f 5083/1100/3658 5084/1099/3658 853/431/3658 854/429/3658
f 1477/651/3659 5083/1100/3659 854/429/3659 79/428/3659
f 1476/650/3660 5076/1093/3660 5083/1100/3660 1477/651/3660
f 1475/649/3661 5069/1086/3661 5076/1093/3661 1476/650/3661
f 1474/648/3662 5062/1079/3662 5069/1086/3662 1475/649/3662
f 1473/647/3663 5055/1072/3663 5062/1079/3663 1474/648/3663
f 1472/646/3664 5048/1060/3664 5055/1072/3664 1473/647/3664
f 1471/645/3665 5041/1057/3665 5048/1060/3665 1472/646/3665
f 5090/1106/3666 5091/1107/3666 5098/1108/3666 5097/1109/3666
f 5091/1107/3667 5092/1110/3667 5099/1111/3667 5098/1108/3667
f 5092/1110/3668 5093/1112/3668 5100/1113/3668 5099/1111/3668
f 5093/1112/3669 5094/1114/3669 5101/1115/3669 5100/1113/3669
f 5094/1114/3670 5095/1116/3670 5102/1117/3670 5101/1115/3670
f 5095/1116/3671 5096/1118/3671 5103/1119/3671 5102/1117/3671
f 5097/1109/3672 5098/1108/3672 5105/1120/3672 5104/1121/3672
f 5098/1108/3673 5099/1111/3673 5106/1122/3673 5105/1120/3673
f 5099/1111/3674 5100/1113/3674 5107/1123/3674 5106/1122/3674
f 5100/1113/3675 5101/1115/3675 5108/1124/3675 5107/1123/3675
f 5101/1115/3676 5102/1117/3676 5109/1125/3676 5108/1124/3676
f 5102/1117/3677 5103/1119/3677 5110/1126/3677 5109/1125/3677
f 5104/1121/3678 5105/1120/3678 5112/1127/3678 5111/1128/3678
f 5105/1120/3679 5106/1122/3679 5113/1129/3679 5112/1127/3679
f 5106/1122/3680 5107/1123/3680 5114/1130/3680 5113/1129/3680
f 5107/1123/3681 5108/1124/3681 5115/1131/3681 5114/1130/3681
f 5108/1124/3682 5109/1125/3682 5116/1132/3682 5115/1131/3682
f 5109/1125/3683 5110/1126/3683 5117/1133/3683 5116/1132/3683
f 5111/1128/3684 5112/1127/3684 5119/1134/3684 5118/1135/3684
f 5112/1127/3685 5113/1129/3685 5120/1136/3685 5119/1134/3685
f 5113/1129/3686 5114/1130/3686 5121/1137/3686 5120/1136/3686
f 5114/1130/3687 5115/1131/3687 5122/1138/3687 5121/1137/3687
f 5115/1131/3688 5116/1132/3688 5123/1139/3688 5122/1138/3688
f 5116/1132/3689 5117/1133/3689 5124/1140/3689 5123/1139/3689
f 5118/1135/3690 5119/1134/3690 5126/1141/3690 5125/1142/3690
f 5119/1134/3691 5120/1136/3691 5127/1143/3691 5126/1141/3691
f 5120/1136/3692 5121/1137/3692 5128/1144/3692 5127/1143/3692
f 5121/1137/3693 5122/1138/3693 5129/1145/3693 5128/1144/3693
f 5122/1138/3694 5123/1139/3694 5130/1146/3694 5129/1145/3694
f 5123/1139/3695 5124/1140/3695 5131/1147/3695 5130/1146/3695
f 5125/1142/3696 5126/1141/3696 5133/1148/3696 5132/1149/3696
f 5126/1141/3697 5127/1143/3697 5134/1150/3697 5133/1148/3697
f 5127/1143/3698 5128/1144/3698 5135/1151/3698 5134/1150/3698
f 5128/1144/3699 5129/1145/3699 5136/1152/3699 5135/1151/3699
f 5129/1145/3700 5130/1146/3700 5137/1153/3700 5136/1152/3700
f 5130/1146/3701 5131/1147/3701 5138/1154/3701 5137/1153/3701
f 10/140/3702 224/291/3702 5090/1106/3702 1478/995/3702
f 224/291/3703 223/290/3703 5091/1107/3703 5090/1106/3703
f 223/290/3704 222/289/3704 5092/1110/3704 5091/1107/3704
f 222/289/3705 221/288/3705 5093/1112/3705 5092/1110/3705
f 221/288/3706 220/287/3706 5094/1114/3706 5093/1112/3706
f 220/287/3707 219/286/3707 5095/1116/3707 5094/1114/3707
f 219/286/3708 218/285/3708 5096/1118/3708 5095/1116/3708
f 218/285/3709 2/284/3709 1422/707/3709 5096/1118/3709
f 5096/1118/3710 1422/707/3710 1423/713/3710 5103/1119/3710
f 5103/1119/3711 1423/713/3711 1424/712/3711 5110/1126/3711
f 5110/1126/3712 1424/712/3712 1425/711/3712 5117/1133/3712
f 5117/1133/3713 1425/711/3713 1426/710/3713 5124/1140/3713
f 5124/1140/3714 1426/710/3714 1427/709/3714 5131/1147/3714
f 5131/1147/3715 1427/709/3715 1428/708/3715 5138/1154/3715
f 5138/1154/3716 1428/708/3716 72/589/3716 855/587/3716
f 5137/1153/3717 5138/1154/3717 855/587/3717 856/586/3717
f 5136/1152/3718 5137/1153/3718 856/586/3718 857/585/3718
f 5135/1151/3719 5136/1152/3719 857/585/3719 858/584/3719
f 5134/1150/3720 5135/1151/3720 858/584/3720 859/583/3720
f 5133/1148/3721 5134/1150/3721 859/583/3721 860/582/3721
f 5132/1149/3722 5133/1148/3722 860/582/3722 861/581/3722
f 1484/1001/3723 5132/1149/3723 861/581/3723 80/454/3723
f 1483/1000/3724 5125/1142/3724 5132/1149/3724 1484/1001/3724
f 1482/999/3725 5118/1135/3725 5125/1142/3725 1483/1000/3725
f 1481/998/3726 5111/1128/3726 5118/1135/3726 1482/999/3726
f 1480/997/3727 5104/1121/3727 5111/1128/3727 1481/998/3727
f 1479/996/3728 5097/1109/3728 5104/1121/3728 1480/997/3728
f 1478/995/3729 5090/1106/3729 5097/1109/3729 1479/996/3729
f 5139/595/3730 5140/596/3730 5147/597/3730 5146/598/3730
f 5140/596/3731 5141/599/3731 5148/600/3731 5147/597/3731
f 5141/599/3732 5142/601/3732 5149/602/3732 5148/600/3732
f 5142/601/3733 5143/603/3733 5150/604/3733 5149/602/3733
f 5143/603/3734 5144/605/3734 5151/606/3734 5150/604/3734
f 5144/605/3735 5145/607/3735 5152/608/3735 5151/606/3735
f 5146/598/3736 5147/597/3736 5154/609/3736 5153/610/3736
f 5147/597/3737 5148/600/3737 5155/611/3737 5154/609/3737
f 5148/600/3738 5149/602/3738 5156/612/3738 5155/611/3738
f 5149/602/3739 5150/604/3739 5157/613/3739 5156/612/3739
f 5150/604/3740 5151/606/3740 5158/614/3740 5157/613/3740
f 5151/606/3741 5152/608/3741 5159/615/3741 5158/614/3741
f 5153/610/3742 5154/609/3742 5161/616/3742 5160/617/3742
f 5154/609/3743 5155/611/3743 5162/618/3743 5161/616/3743
f 5155/611/3744 5156/612/3744 5163/619/3744 5162/618/3744
f 5156/612/3745 5157/613/3745 5164/620/3745 5163/619/3745
f 5157/613/3746 5158/614/3746 5165/621/3746 5164/620/3746
f 5158/614/3747 5159/615/3747 5166/622/3747 5165/621/3747
f 5160/617/3748 5161/616/3748 5168/623/3748 5167/624/3748
f 5161/616/3749 5162/618/3749 5169/625/3749 5168/623/3749
f 5162/618/3750 5163/619/3750 5170/626/3750 5169/625/3750
f 5163/619/3751 5164/620/3751 5171/627/3751 5170/626/3751
f 5164/620/3752 5165/621/3752 5172/628/3752 5171/627/3752
f 5165/621/3753 5166/622/3753 5173/629/3753 5172/628/3753
f 5167/624/3754 5168/623/3754 5175/630/3754 5174/631/3754
f 5168/623/3755 5169/625/3755 5176/632/3755 5175/630/3755
f 5169/625/3756 5170/626/3756 5177/633/3756 5176/632/3756
f 5170/626/3757 5171/627/3757 5178/634/3757 5177/633/3757
f 5171/627/3758 5172/628/3758 5179/635/3758 5178/634/3758
f 5172/628/3759 5173/629/3759 5180/636/3759 5179/635/3759
f 5174/631/3760 5175/630/3760 5182/637/3760 5181/638/3760
f 5175/630/3761 5176/632/3761 5183/639/3761 5182/637/3761
f 5176/632/3762 5177/633/3762 5184/640/3762 5183/639/3762
f 5177/633/3763 5178/634/3763 5185/641/3763 5184/640/3763
f 5178/634/3764 5179/635/3764 5186/642/3764 5185/641/3764
f 5179/635/3765 5180/636/3765 5187/643/3765 5186/642/3765
f 11/275/3766 238/277/3766 5139/595/3766 1485/644/3766
f 238/277/3767 237/297/3767 5140/596/3767 5139/595/3767
f 237/297/3768 236/296/3768 5141/599/3768 5140/596/3768
f 236/296/3769 235/295/3769 5142/601/3769 5141/599/3769
f 235/295/3770 234/294/3770 5143/603/3770 5142/601/3770
f 234/294/3771 233/293/3771 5144/605/3771 5143/603/3771
f 233/293/3772 232/292/3772 5145/607/3772 5144/605/3772
f 232/292/3773 19/131/3773 1541/645/3773 5145/607/3773
f 5145/607/3774 1541/645/3774 1542/646/3774 5152/608/3774
f 5152/608/3775 1542/646/3775 1543/647/3775 5159/615/3775
f 5159/615/3776 1543/647/3776 1544/648/3776 5166/622/3776
f 5166/622/3777 1544/648/3777 1545/649/3777 5173/629/3777
f 5173/629/3778 1545/649/3778 1546/650/3778 5180/636/3778
f 5180/636/3779 1546/650/3779 1547/651/3779 5187/643/3779
f 5187/643/3780 1547/651/3780 89/428/3780 869/580/3780
f 5186/642/3781 5187/643/3781 869/580/3781 870/579/3781
f 5185/641/3782 5186/642/3782 870/579/3782 871/578/3782
f 5184/640/3783 5185/641/3783 871/578/3783 872/577/3783
f 5183/639/3784 5184/640/3784 872/577/3784 873/576/3784
f 5182/637/3785 5183/639/3785 873/576/3785 874/575/3785
f 5181/638/3786 5182/637/3786 874/575/3786 875/573/3786
f 1491/652/3787 5181/638/3787 875/573/3787 81/572/3787
f 1490/653/3788 5174/631/3788 5181/638/3788 1491/652/3788
f 1489/654/3789 5167/624/3789 5174/631/3789 1490/653/3789
f 1488/655/3790 5160/617/3790 5167/624/3790 1489/654/3790
f 1487/656/3791 5153/610/3791 5160/617/3791 1488/655/3791
f 1486/657/3792 5146/598/3792 5153/610/3792 1487/656/3792
f 1485/644/3793 5139/595/3793 5146/598/3793 1486/657/3793
f 5188/658/3794 5189/659/3794 5196/660/3794 5195/661/3794
f 5189/659/3795 5190/662/3795 5197/663/3795 5196/660/3795
f 5190/662/3796 5191/664/3796 5198/665/3796 5197/663/3796
f 5191/664/3797 5192/666/3797 5199/667/3797 5198/665/3797
f 5192/666/3798 5193/668/3798 5200/669/3798 5199/667/3798
f 5193/668/3799 5194/670/3799 5201/671/3799 5200/669/3799
f 5195/661/3800 5196/660/3800 5203/672/3800 5202/673/3800
f 5196/660/3801 5197/663/3801 5204/674/3801 5203/672/3801
f 5197/663/3802 5198/665/3802 5205/675/3802 5204/674/3802
f 5198/665/3803 5199/667/3803 5206/676/3803 5205/675/3803
f 5199/667/3804 5200/669/3804 5207/677/3804 5206/676/3804
f 5200/669/3805 5201/671/3805 5208/678/3805 5207/677/3805
f 5202/673/3806 5203/672/3806 5210/679/3806 5209/680/3806
f 5203/672/3807 5204/674/3807 5211/681/3807 5210/679/3807
f 5204/674/3808 5205/675/3808 5212/682/3808 5211/681/3808
f 5205/675/3809 5206/676/3809 5213/683/3809 5212/682/3809
f 5206/676/3810 5207/677/3810 5214/684/3810 5213/683/3810
f 5207/677/3811 5208/678/3811 5215/685/3811 5214/684/3811
f 5209/680/3812 5210/679/3812 5217/686/3812 5216/687/3812
f 5210/679/3813 5211/681/3813 5218/688/3813 5217/686/3813
f 5211/681/3814 5212/682/3814 5219/689/3814 5218/688/3814
f 5212/682/3815 5213/683/3815 5220/690/3815 5219/689/3815
f 5213/683/3816 5214/684/3816 5221/691/3816 5220/690/3816
f 5214/684/3817 5215/685/3817 5222/692/3817 5221/691/3817
f 5216/687/3818 5217/686/3818 5224/693/3818 5223/694/3818
f 5217/686/3819 5218/688/3819 5225/695/3819 5224/693/3819
f 5218/688/3820 5219/689/3820 5226/696/3820 5225/695/3820
f 5219/689/3821 5220/690/3821 5227/697/3821 5226/696/3821
f 5220/690/3822 5221/691/3822 5228/698/3822 5227/697/3822
f 5221/691/3823 5222/692/3823 5229/699/3823 5228/698/3823
f 5223/694/3824 5224/693/3824 5231/700/3824 5230/701/3824
f 5224/693/3825 5225/695/3825 5232/702/3825 5231/700/3825
f 5225/695/3826 5226/696/3826 5233/703/3826 5232/702/3826
f 5226/696/3827 5227/697/3827 5234/704/3827 5233/703/3827
f 5227/697/3828 5228/698/3828 5235/705/3828 5234/704/3828
f 5228/698/3829 5229/699/3829 5236/706/3829 5235/705/3829
f 12/284/3830 245/283/3830 5188/658/3830 1492/707/3830
f 245/283/3831 244/282/3831 5189/659/3831 5188/658/3831
f 244/282/3832 243/281/3832 5190/662/3832 5189/659/3832
f 243/281/3833 242/280/3833 5191/664/3833 5190/662/3833
f 242/280/3834 241/279/3834 5192/666/3834 5191/664/3834
f 241/279/3835 240/278/3835 5193/668/3835 5192/666/3835
f 240/278/3836 239/276/3836 5194/670/3836 5193/668/3836
f 239/276/3837 11/275/3837 1485/644/3837 5194/670/3837
f 5194/670/3838 1485/644/3838 1486/657/3838 5201/671/3838
f 5201/671/3839 1486/657/3839 1487/656/3839 5208/678/3839
f 5208/678/3840 1487/656/3840 1488/655/3840 5215/685/3840
f 5215/685/3841 1488/655/3841 1489/654/3841 5222/692/3841
f 5222/692/3842 1489/654/3842 1490/653/3842 5229/699/3842
f 5229/699/3843 1490/653/3843 1491/652/3843 5236/706/3843
f 5236/706/3844 1491/652/3844 81/572/3844 876/574/3844
f 5235/705/3845 5236/706/3845 876/574/3845 877/594/3845
f 5234/704/3846 5235/705/3846 877/594/3846 878/593/3846
f 5233/703/3847 5234/704/3847 878/593/3847 879/592/3847
f 5232/702/3848 5233/703/3848 879/592/3848 880/591/3848
f 5231/700/3849 5232/702/3849 880/591/3849 881/590/3849
f 5230/701/3850 5231/700/3850 881/590/3850 882/588/3850
f 1498/708/3851 5230/701/3851 882/588/3851 82/589/3851
f 1497/709/3852 5223/694/3852 5230/701/3852 1498/708/3852
f 1496/710/3853 5216/687/3853 5223/694/3853 1497/709/3853
f 1495/711/3854 5209/680/3854 5216/687/3854 1496/710/3854
f 1494/712/3855 5202/673/3855 5209/680/3855 1495/711/3855
f 1493/713/3856 5195/661/3856 5202/673/3856 1494/712/3856
f 1492/707/3857 5188/658/3857 5195/661/3857 1493/713/3857
f 5237/714/3858 5238/715/3858 5245/716/3858 5244/717/3858
f 5238/715/3859 5239/718/3859 5246/719/3859 5245/716/3859
f 5239/718/3860 5240/720/3860 5247/721/3860 5246/719/3860
f 5240/720/3861 5241/722/3861 5248/723/3861 5247/721/3861
f 5241/722/3862 5242/724/3862 5249/725/3862 5248/723/3862
f 5242/724/3863 5243/726/3863 5250/727/3863 5249/725/3863
f 5244/717/3864 5245/716/3864 5252/728/3864 5251/729/3864
f 5245/716/3865 5246/719/3865 5253/730/3865 5252/728/3865
f 5246/719/3866 5247/721/3866 5254/731/3866 5253/730/3866
f 5247/721/3867 5248/723/3867 5255/732/3867 5254/731/3867
f 5248/723/3868 5249/725/3868 5256/733/3868 5255/732/3868
f 5249/725/3869 5250/727/3869 5257/734/3869 5256/733/3869
f 5251/729/3870 5252/728/3870 5259/735/3870 5258/736/3870
f 5252/728/3871 5253/730/3871 5260/737/3871 5259/735/3871
f 5253/730/3872 5254/731/3872 5261/738/3872 5260/737/3872
f 5254/731/3873 5255/732/3873 5262/739/3873 5261/738/3873
f 5255/732/3874 5256/733/3874 5263/740/3874 5262/739/3874
f 5256/733/3875 5257/734/3875 5264/741/3875 5263/740/3875
f 5258/736/3876 5259/735/3876 5266/742/3876 5265/743/3876
f 5259/735/3877 5260/737/3877 5267/744/3877 5266/742/3877
f 5260/737/3878 5261/738/3878 5268/745/3878 5267/744/3878
f 5261/738/3879 5262/739/3879 5269/746/3879 5268/745/3879
f 5262/739/3880 5263/740/3880 5270/747/3880 5269/746/3880
f 5263/740/3881 5264/741/3881 5271/748/3881 5270/747/3881
f 5265/743/3882 5266/742/3882 5273/749/3882 5272/750/3882
f 5266/742/3883 5267/744/3883 5274/751/3883 5273/749/3883
f 5267/744/3884 5268/745/3884 5275/752/3884 5274/751/3884
f 5268/745/3885 5269/746/3885 5276/753/3885 5275/752/3885
f 5269/746/3886 5270/747/3886 5277/754/3886 5276/753/3886
f 5270/747/3887 5271/748/3887 5278/755/3887 5277/754/3887
f 5272/750/3888 5273/749/3888 5280/756/3888 5279/757/3888
f 5273/749/3889 5274/751/3889 5281/758/3889 5280/756/3889
f 5274/751/3890 5275/752/3890 5282/759/3890 5281/758/3890
f 5275/752/3891 5276/753/3891 5283/760/3891 5282/759/3891
f 5276/753/3892 5277/754/3892 5284/761/3892 5283/760/3892
f 5277/754/3893 5278/755/3893 5285/762/3893 5284/761/3893
f 14/67/3894 252/66/3894 5237/714/3894 1506/763/3894
f 252/66/3895 251/65/3895 5238/715/3895 5237/714/3895
f 251/65/3896 250/64/3896 5239/718/3896 5238/715/3896
f 250/64/3897 249/63/3897 5240/720/3897 5239/718/3897
f 249/63/3898 248/62/3898 5241/722/3898 5240/720/3898
f 248/62/3899 247/61/3899 5242/724/3899 5241/722/3899
f 247/61/3900 246/60/3900 5243/726/3900 5242/724/3900
f 246/60/3901 18/59/3901 1534/764/3901 5243/726/3901
f 5243/726/3902 1534/764/3902 1535/765/3902 5250/727/3902
f 5250/727/3903 1535/765/3903 1536/766/3903 5257/734/3903
f 5257/734/3904 1536/766/3904 1537/767/3904 5264/741/3904
f 5264/741/3905 1537/767/3905 1538/768/3905 5271/748/3905
f 5271/748/3906 1538/768/3906 1539/769/3906 5278/755/3906
f 5278/755/3907 1539/769/3907 1540/770/3907 5285/762/3907
f 5285/762/3908 1540/770/3908 88/373/3908 883/371/3908
f 5284/761/3909 5285/762/3909 883/371/3909 884/370/3909
f 5283/760/3910 5284/761/3910 884/370/3910 885/369/3910
f 5282/759/3911 5283/760/3911 885/369/3911 886/368/3911
f 5281/758/3912 5282/759/3912 886/368/3912 887/367/3912
f 5280/756/3913 5281/758/3913 887/367/3913 888/366/3913
f 5279/757/3914 5280/756/3914 888/366/3914 889/365/3914
f 1512/771/3915 5279/757/3915 889/365/3915 84/364/3915
f 1511/772/3916 5272/750/3916 5279/757/3916 1512/771/3916
f 1510/773/3917 5265/743/3917 5272/750/3917 1511/772/3917
f 1509/774/3918 5258/736/3918 5265/743/3918 1510/773/3918
f 1508/775/3919 5251/729/3919 5258/736/3919 1509/774/3919
f 1507/776/3920 5244/717/3920 5251/729/3920 1508/775/3920
f 1506/763/3921 5237/714/3921 5244/717/3921 1507/776/3921
f 5286/777/3922 5287/778/3922 5294/779/3922 5293/780/3922
f 5287/778/3923 5288/781/3923 5295/782/3923 5294/779/3923
f 5288/781/3924 5289/783/3924 5296/784/3924 5295/782/3924
f 5289/783/3925 5290/785/3925 5297/786/3925 5296/784/3925
f 5290/785/3926 5291/787/3926 5298/788/3926 5297/786/3926
f 5291/787/3927 5292/789/3927 5299/790/3927 5298/788/3927
f 5293/780/3928 5294/779/3928 5301/791/3928 5300/792/3928
f 5294/779/3929 5295/782/3929 5302/793/3929 5301/791/3929
f 5295/782/3930 5296/784/3930 5303/794/3930 5302/793/3930
f 5296/784/3931 5297/786/3931 5304/795/3931 5303/794/3931
f 5297/786/3932 5298/788/3932 5305/796/3932 5304/795/3932
f 5298/788/3933 5299/790/3933 5306/797/3933 5305/796/3933
f 5300/792/3934 5301/791/3934 5308/798/3934 5307/799/3934
f 5301/791/3935 5302/793/3935 5309/800/3935 5308/798/3935
f 5302/793/3936 5303/794/3936 5310/801/3936 5309/800/3936
f 5303/794/3937 5304/795/3937 5311/802/3937 5310/801/3937
f 5304/795/3938 5305/796/3938 5312/803/3938 5311/802/3938
f 5305/796/3939 5306/797/3939 5313/804/3939 5312/803/3939
f 5307/799/3940 5308/798/3940 5315/805/3940 5314/806/3940
f 5308/798/3941 5309/800/3941 5316/807/3941 5315/805/3941
f 5309/800/3942 5310/801/3942 5317/808/3942 5316/807/3942
f 5310/801/3943 5311/802/3943 5318/809/3943 5317/808/3943
f 5311/802/3944 5312/803/3944 5319/810/3944 5318/809/3944
f 5312/803/3945 5313/804/3945 5320/811/3945 5319/810/3945
f 5314/806/3946 5315/805/3946 5322/812/3946 5321/813/3946
f 5315/805/3947 5316/807/3947 5323/814/3947 5322/812/3947
f 5316/807/3948 5317/808/3948 5324/815/3948 5323/814/3948
f 5317/808/3949 5318/809/3949 5325/816/3949 5324/815/3949
f 5318/809/3950 5319/810/3950 5326/817/3950 5325/816/3950
f 5319/810/3951 5320/811/3951 5327/818/3951 5326/817/3951
f 5321/813/3952 5322/812/3952 5329/819/3952 5328/820/3952
f 5322/812/3953 5323/814/3953 5330/821/3953 5329/819/3953
f 5323/814/3954 5324/815/3954 5331/822/3954 5330/821/3954
f 5324/815/3955 5325/816/3955 5332/823/3955 5331/822/3955
f 5325/816/3956 5326/817/3956 5333/824/3956 5332/823/3956
f 5326/817/3957 5327/818/3957 5334/825/3957 5333/824/3957
f 13/76/3958 259/74/3958 5286/777/3958 1499/826/3958
f 259/74/3959 258/73/3959 5287/778/3959 5286/777/3959
f 258/73/3960 257/72/3960 5288/781/3960 5287/778/3960
f 257/72/3961 256/71/3961 5289/783/3961 5288/781/3961
f 256/71/3962 255/70/3962 5290/785/3962 5289/783/3962
f 255/70/3963 254/69/3963 5291/787/3963 5290/785/3963
f 254/69/3964 253/68/3964 5292/789/3964 5291/787/3964
f 253/68/3965 14/67/3965 1506/763/3965 5292/789/3965
f 5292/789/3966 1506/763/3966 1507/776/3966 5299/790/3966
f 5299/790/3967 1507/776/3967 1508/775/3967 5306/797/3967
f 5306/797/3968 1508/775/3968 1509/774/3968 5313/804/3968
f 5313/804/3969 1509/774/3969 1510/773/3969 5320/811/3969
f 5320/811/3970 1510/773/3970 1511/772/3970 5327/818/3970
f 5327/818/3971 1511/772/3971 1512/771/3971 5334/825/3971
f 5334/825/3972 1512/771/3972 84/364/3972 890/363/3972
f 5333/824/3973 5334/825/3973 890/363/3973 891/362/3973
f 5332/823/3974 5333/824/3974 891/362/3974 892/361/3974
f 5331/822/3975 5332/823/3975 892/361/3975 893/360/3975
f 5330/821/3976 5331/822/3976 893/360/3976 894/359/3976
f 5329/819/3977 5330/821/3977 894/359/3977 895/358/3977
f 5328/820/3978 5329/819/3978 895/358/3978 896/357/3978
f 1505/827/3979 5328/820/3979 896/357/3979 83/356/3979
f 1504/828/3980 5321/813/3980 5328/820/3980 1505/827/3980
f 1503/829/3981 5314/806/3981 5321/813/3981 1504/828/3981
f 1502/830/3982 5307/799/3982 5314/806/3982 1503/829/3982
f 1501/831/3983 5300/792/3983 5307/799/3983 1502/830/3983
f 1500/832/3984 5293/780/3984 5300/792/3984 1501/831/3984
f 1499/826/3985 5286/777/3985 5293/780/3985 1500/832/3985
f 5335/833/3986 5336/834/3986 5343/835/3986 5342/836/3986
f 5336/834/3987 5337/837/3987 5344/838/3987 5343/835/3987
f 5337/837/3988 5338/839/3988 5345/840/3988 5344/838/3988
f 5338/839/3989 5339/841/3989 5346/842/3989 5345/840/3989
f 5339/841/3990 5340/843/3990 5347/844/3990 5346/842/3990
f 5340/843/3991 5341/845/3991 5348/846/3991 5347/844/3991
f 5342/836/3992 5343/835/3992 5350/847/3992 5349/848/3992
f 5343/835/3993 5344/838/3993 5351/849/3993 5350/847/3993
f 5344/838/3994 5345/840/3994 5352/850/3994 5351/849/3994
f 5345/840/3995 5346/842/3995 5353/851/3995 5352/850/3995
f 5346/842/3996 5347/844/3996 5354/852/3996 5353/851/3996
f 5347/844/3997 5348/846/3997 5355/853/3997 5354/852/3997
f 5349/848/3998 5350/847/3998 5357/854/3998 5356/855/3998
f 5350/847/3999 5351/849/3999 5358/856/3999 5357/854/3999
f 5351/849/4000 5352/850/4000 5359/857/4000 5358/856/4000
f 5352/850/4001 5353/851/4001 5360/858/4001 5359/857/4001
f 5353/851/4002 5354/852/4002 5361/859/4002 5360/858/4002
f 5354/852/4003 5355/853/4003 5362/860/4003 5361/859/4003
f 5356/855/4004 5357/854/4004 5364/861/4004 5363/862/4004
f 5357/854/4005 5358/856/4005 5365/863/4005 5364/861/4005
f 5358/856/4006 5359/857/4006 5366/864/4006 5365/863/4006
f 5359/857/4007 5360/858/4007 5367/865/4007 5366/864/4007
f 5360/858/4008 5361/859/4008 5368/866/4008 5367/865/4008
f 5361/859/4009 5362/860/4009 5369/867/4009 5368/866/4009
f 5363/862/4010 5364/861/4010 5371/868/4010 5370/869/4010
f 5364/861/4011 5365/863/4011 5372/870/4011 5371/868/4011
f 5365/863/4012 5366/864/4012 5373/871/4012 5372/870/4012
f 5366/864/4013 5367/865/4013 5374/872/4013 5373/871/4013
f 5367/865/4014 5368/866/4014 5375/873/4014 5374/872/4014
f 5368/866/4015 5369/867/4015 5376/874/4015 5375/873/4015
f 5370/869/4016 5371/868/4016 5378/875/4016 5377/876/4016
f 5371/868/4017 5372/870/4017 5379/877/4017 5378/875/4017
f 5372/870/4018 5373/871/4018 5380/878/4018 5379/877/4018
f 5373/871/4019 5374/872/4019 5381/879/4019 5380/878/4019
f 5374/872/4020 5375/873/4020 5382/880/4020 5381/879/4020
f 5375/873/4021 5376/874/4021 5383/881/4021 5382/880/4021
f 15/50/4022 266/52/4022 5335/833/4022 1513/882/4022
f 266/52/4023 265/81/4023 5336/834/4023 5335/833/4023
f 265/81/4024 264/80/4024 5337/837/4024 5336/834/4024
f 264/80/4025 263/79/4025 5338/839/4025 5337/837/4025
f 263/79/4026 262/78/4026 5339/841/4026 5338/839/4026
f 262/78/4027 261/77/4027 5340/843/4027 5339/841/4027
f 261/77/4028 260/75/4028 5341/845/4028 5340/843/4028
f 260/75/4029 13/76/4029 1499/826/4029 5341/845/4029
f 5341/845/4030 1499/826/4030 1500/832/4030 5348/846/4030
f 5348/846/4031 1500/832/4031 1501/831/4031 5355/853/4031
f 5355/853/4032 1501/831/4032 1502/830/4032 5362/860/4032
f 5362/860/4033 1502/830/4033 1503/829/4033 5369/867/4033
f 5369/867/4034 1503/829/4034 1504/828/4034 5376/874/4034
f 5376/874/4035 1504/828/4035 1505/827/4035 5383/881/4035
f 5383/881/4036 1505/827/4036 83/356/4036 897/355/4036
f 5382/880/4037 5383/881/4037 897/355/4037 898/354/4037
f 5381/879/4038 5382/880/4038 898/354/4038 899/353/4038
f 5380/878/4039 5381/879/4039 899/353/4039 900/352/4039
f 5379/877/4040 5380/878/4040 900/352/4040 901/351/4040
f 5378/875/4041 5379/877/4041 901/351/4041 902/350/4041
f 5377/876/4042 5378/875/4042 902/350/4042 903/348/4042
f 1519/883/4043 5377/876/4043 903/348/4043 85/347/4043
f 1518/884/4044 5370/869/4044 5377/876/4044 1519/883/4044
f 1517/885/4045 5363/862/4045 5370/869/4045 1518/884/4045
f 1516/886/4046 5356/855/4046 5363/862/4046 1517/885/4046
f 1515/887/4047 5349/848/4047 5356/855/4047 1516/886/4047
f 1514/888/4048 5342/836/4048 5349/848/4048 1515/887/4048
f 1513/882/4049 5335/833/4049 5342/836/4049 1514/888/4049
f 5384/889/4050 5385/890/4050 5392/891/4050 5391/892/4050
f 5385/890/4051 5386/893/4051 5393/894/4051 5392/891/4051
f 5386/893/4052 5387/895/4052 5394/896/4052 5393/894/4052
f 5387/895/4053 5388/897/4053 5395/898/4053 5394/896/4053
f 5388/897/4054 5389/899/4054 5396/900/4054 5395/898/4054
f 5389/899/4055 5390/901/4055 5397/902/4055 5396/900/4055
f 5391/892/4056 5392/891/4056 5399/903/4056 5398/904/4056
f 5392/891/4057 5393/894/4057 5400/905/4057 5399/903/4057
f 5393/894/4058 5394/896/4058 5401/906/4058 5400/905/4058
f 5394/896/4059 5395/898/4059 5402/907/4059 5401/906/4059
f 5395/898/4060 5396/900/4060 5403/908/4060 5402/907/4060
f 5396/900/4061 5397/902/4061 5404/909/4061 5403/908/4061
f 5398/904/4062 5399/903/4062 5406/910/4062 5405/911/4062
f 5399/903/4063 5400/905/4063 5407/912/4063 5406/910/4063
f 5400/905/4064 5401/906/4064 5408/913/4064 5407/912/4064
f 5401/906/4065 5402/907/4065 5409/914/4065 5408/913/4065
f 5402/907/4066 5403/908/4066 5410/915/4066 5409/914/4066
f 5403/908/4067 5404/909/4067 5411/916/4067 5410/915/4067
f 5405/911/4068 5406/910/4068 5413/917/4068 5412/918/4068
f 5406/910/4069 5407/912/4069 5414/919/4069 5413/917/4069
f 5407/912/4070 5408/913/4070 5415/920/4070 5414/919/4070
f 5408/913/4071 5409/914/4071 5416/921/4071 5415/920/4071
f 5409/914/4072 5410/915/4072 5417/922/4072 5416/921/4072
f 5410/915/4073 5411/916/4073 5418/923/4073 5417/922/4073
f 5412/918/4074 5413/917/4074 5420/924/4074 5419/925/4074
f 5413/917/4075 5414/919/4075 5421/926/4075 5420/924/4075
f 5414/919/4076 5415/920/4076 5422/927/4076 5421/926/4076
f 5415/920/4077 5416/921/4077 5423/928/4077 5422/927/4077
f 5416/921/4078 5417/922/4078 5424/929/4078 5423/928/4078
f 5417/922/4079 5418/923/4079 5425/930/4079 5424/929/4079
f 5419/925/4080 5420/924/4080 5427/931/4080 5426/932/4080
f 5420/924/4081 5421/926/4081 5428/933/4081 5427/931/4081
f 5421/926/4082 5422/927/4082 5429/934/4082 5428/933/4082
f 5422/927/4083 5423/928/4083 5430/935/4083 5429/934/4083
f 5423/928/4084 5424/929/4084 5431/936/4084 5430/935/4084
f 5424/929/4085 5425/930/4085 5432/937/4085 5431/936/4085
f 16/157/4086 273/212/4086 5384/889/4086 1520/938/4086
f 273/212/4087 272/225/4087 5385/890/4087 5384/889/4087
f 272/225/4088 271/224/4088 5386/893/4088 5385/890/4088
f 271/224/4089 270/223/4089 5387/895/4089 5386/893/4089
f 270/223/4090 269/222/4090 5388/897/4090 5387/895/4090
f 269/222/4091 268/221/4091 5389/899/4091 5388/897/4091
f 268/221/4092 267/220/4092 5390/901/4092 5389/899/4092
f 267/220/4093 15/50/4093 1513/882/4093 5390/901/4093
f 5390/901/4094 1513/882/4094 1514/888/4094 5397/902/4094
f 5397/902/4095 1514/888/4095 1515/887/4095 5404/909/4095
f 5404/909/4096 1515/887/4096 1516/886/4096 5411/916/4096
f 5411/916/4097 1516/886/4097 1517/885/4097 5418/923/4097
f 5418/923/4098 1517/885/4098 1518/884/4098 5425/930/4098
f 5425/930/4099 1518/884/4099 1519/883/4099 5432/937/4099
f 5432/937/4100 1519/883/4100 85/347/4100 904/515/4100
f 5431/936/4101 5432/937/4101 904/515/4101 905/514/4101
f 5430/935/4102 5431/936/4102 905/514/4102 906/513/4102
f 5429/934/4103 5430/935/4103 906/513/4103 907/512/4103
f 5428/933/4104 5429/934/4104 907/512/4104 908/511/4104
f 5427/931/4105 5428/933/4105 908/511/4105 909/510/4105
f 5426/932/4106 5427/931/4106 909/510/4106 910/509/4106
f 1526/939/4107 5426/932/4107 910/509/4107 86/437/4107
f 1525/940/4108 5419/925/4108 5426/932/4108 1526/939/4108
f 1524/941/4109 5412/918/4109 5419/925/4109 1525/940/4109
f 1523/942/4110 5405/911/4110 5412/918/4110 1524/941/4110
f 1522/943/4111 5398/904/4111 5405/911/4111 1523/942/4111
f 1521/944/4112 5391/892/4112 5398/904/4112 1522/943/4112
f 1520/938/4113 5384/889/4113 5391/892/4113 1521/944/4113
f 5433/945/4114 5434/946/4114 5441/947/4114 5440/948/4114
f 5434/946/4115 5435/949/4115 5442/950/4115 5441/947/4115
f 5435/949/4116 5436/951/4116 5443/952/4116 5442/950/4116
f 5436/951/4117 5437/953/4117 5444/954/4117 5443/952/4117
f 5437/953/4118 5438/955/4118 5445/956/4118 5444/954/4118
f 5438/955/4119 5439/957/4119 5446/958/4119 5445/956/4119
f 5440/948/4120 5441/947/4120 5448/959/4120 5447/960/4120
f 5441/947/4121 5442/950/4121 5449/961/4121 5448/959/4121
f 5442/950/4122 5443/952/4122 5450/962/4122 5449/961/4122
f 5443/952/4123 5444/954/4123 5451/963/4123 5450/962/4123
f 5444/954/4124 5445/956/4124 5452/964/4124 5451/963/4124
f 5445/956/4125 5446/958/4125 5453/965/4125 5452/964/4125
f 5447/960/4126 5448/959/4126 5455/966/4126 5454/967/4126
f 5448/959/4127 5449/961/4127 5456/968/4127 5455/966/4127
f 5449/961/4128 5450/962/4128 5457/969/4128 5456/968/4128
f 5450/962/4129 5451/963/4129 5458/970/4129 5457/969/4129
f 5451/963/4130 5452/964/4130 5459/971/4130 5458/970/4130
f 5452/964/4131 5453/965/4131 5460/972/4131 5459/971/4131
f 5454/967/4132 5455/966/4132 5462/973/4132 5461/974/4132
f 5455/966/4133 5456/968/4133 5463/975/4133 5462/973/4133
f 5456/968/4134 5457/969/4134 5464/976/4134 5463/975/4134
f 5457/969/4135 5458/970/4135 5465/977/4135 5464/976/4135
f 5458/970/4136 5459/971/4136 5466/978/4136 5465/977/4136
f 5459/971/4137 5460/972/4137 5467/979/4137 5466/978/4137
f 5461/974/4138 5462/973/4138 5469/980/4138 5468/981/4138
f 5462/973/4139 5463/975/4139 5470/982/4139 5469/980/4139
f 5463/975/4140 5464/976/4140 5471/983/4140 5470/982/4140
f 5464/976/4141 5465/977/4141 5472/984/4141 5471/983/4141
f 5465/977/4142 5466/978/4142 5473/985/4142 5472/984/4142
f 5466/978/4143 5467/979/4143 5474/986/4143 5473/985/4143
f 5468/981/4144 5469/980/4144 5476/987/4144 5475/988/4144
f 5469/980/4145 5470/982/4145 5477/989/4145 5476/987/4145
f 5470/982/4146 5471/983/4146 5478/990/4146 5477/989/4146
f 5471/983/4147 5472/984/4147 5479/991/4147 5478/990/4147
f 5472/984/4148 5473/985/4148 5480/992/4148 5479/991/4148
f 5473/985/4149 5474/986/4149 5481/993/4149 5480/992/4149
f 17/148/4150 280/147/4150 5433/945/4150 1527/994/4150
f 280/147/4151 279/146/4151 5434/946/4151 5433/945/4151
f 279/146/4152 278/145/4152 5435/949/4152 5434/946/4152
f 278/145/4153 277/144/4153 5436/951/4153 5435/949/4153
f 277/144/4154 276/143/4154 5437/953/4154 5436/951/4154
f 276/143/4155 275/142/4155 5438/955/4155 5437/953/4155
f 275/142/4156 274/141/4156 5439/957/4156 5438/955/4156
f 274/141/4157 20/140/4157 1548/995/4157 5439/957/4157
f 5439/957/4158 1548/995/4158 1549/996/4158 5446/958/4158
f 5446/958/4159 1549/996/4159 1550/997/4159 5453/965/4159
f 5453/965/4160 1550/997/4160 1551/998/4160 5460/972/4160
f 5460/972/4161 1551/998/4161 1552/999/4161 5467/979/4161
f 5467/979/4162 1552/999/4162 1553/1000/4162 5474/986/4162
f 5474/986/4163 1553/1000/4163 1554/1001/4163 5481/993/4163
f 5481/993/4164 1554/1001/4164 90/454/4164 911/452/4164
f 5480/992/4165 5481/993/4165 911/452/4165 912/451/4165
f 5479/991/4166 5480/992/4166 912/451/4166 913/450/4166
f 5478/990/4167 5479/991/4167 913/450/4167 914/449/4167
f 5477/989/4168 5478/990/4168 914/449/4168 915/448/4168
f 5476/987/4169 5477/989/4169 915/448/4169 916/447/4169
f 5475/988/4170 5476/987/4170 916/447/4170 917/446/4170
f 1533/1002/4171 5475/988/4171 917/446/4171 87/445/4171
f 1532/1003/4172 5468/981/4172 5475/988/4172 1533/1002/4172
f 1531/1004/4173 5461/974/4173 5468/981/4173 1532/1003/4173
f 1530/1005/4174 5454/967/4174 5461/974/4174 1531/1004/4174
f 1529/1006/4175 5447/960/4175 5454/967/4175 1530/1005/4175
f 1528/1007/4176 5440/948/4176 5447/960/4176 1529/1006/4176
f 1527/994/4177 5433/945/4177 5440/948/4177 1528/1007/4177
f 5482/1008/4178 5483/1009/4178 5490/1010/4178 5489/1011/4178
f 5483/1009/4179 5484/1012/4179 5491/1013/4179 5490/1010/4179
f 5484/1012/4180 5485/1014/4180 5492/1015/4180 5491/1013/4180
f 5485/1014/4181 5486/1016/4181 5493/1017/4181 5492/1015/4181
f 5486/1016/4182 5487/1018/4182 5494/1019/4182 5493/1017/4182
f 5487/1018/4183 5488/1020/4183 5495/1021/4183 5494/1019/4183
f 5489/1011/4184 5490/1010/4184 5497/1022/4184 5496/1023/4184
f 5490/1010/4185 5491/1013/4185 5498/1024/4185 5497/1022/4185
f 5491/1013/4186 5492/1015/4186 5499/1025/4186 5498/1024/4186
f 5492/1015/4187 5493/1017/4187 5500/1026/4187 5499/1025/4187
f 5493/1017/4188 5494/1019/4188 5501/1027/4188 5500/1026/4188
f 5494/1019/4189 5495/1021/4189 5502/1028/4189 5501/1027/4189
f 5496/1023/4190 5497/1022/4190 5504/1029/4190 5503/1030/4190
f 5497/1022/4191 5498/1024/4191 5505/1031/4191 5504/1029/4191
f 5498/1024/4192 5499/1025/4192 5506/1032/4192 5505/1031/4192
f 5499/1025/4193 5500/1026/4193 5507/1033/4193 5506/1032/4193
f 5500/1026/4194 5501/1027/4194 5508/1034/4194 5507/1033/4194
f 5501/1027/4195 5502/1028/4195 5509/1035/4195 5508/1034/4195
f 5503/1030/4196 5504/1029/4196 5511/1036/4196 5510/1037/4196
f 5504/1029/4197 5505/1031/4197 5512/1038/4197 5511/1036/4197
f 5505/1031/4198 5506/1032/4198 5513/1039/4198 5512/1038/4198
f 5506/1032/4199 5507/1033/4199 5514/1040/4199 5513/1039/4199
f 5507/1033/4200 5508/1034/4200 5515/1041/4200 5514/1040/4200
f 5508/1034/4201 5509/1035/4201 5516/1042/4201 5515/1041/4201
f 5510/1037/4202 5511/1036/4202 5518/1043/4202 5517/1044/4202
f 5511/1036/4203 5512/1038/4203 5519/1045/4203 5518/1043/4203
f 5512/1038/4204 5513/1039/4204 5520/1046/4204 5519/1045/4204
f 5513/1039/4205 5514/1040/4205 5521/1047/4205 5520/1046/4205
f 5514/1040/4206 5515/1041/4206 5522/1048/4206 5521/1047/4206
f 5515/1041/4207 5516/1042/4207 5523/1049/4207 5522/1048/4207
f 5517/1044/4208 5518/1043/4208 5525/1050/4208 5524/1051/4208
f 5518/1043/4209 5519/1045/4209 5526/1052/4209 5525/1050/4209
f 5519/1045/4210 5520/1046/4210 5527/1053/4210 5526/1052/4210
f 5520/1046/4211 5521/1047/4211 5528/1054/4211 5527/1053/4211
f 5521/1047/4212 5522/1048/4212 5529/1055/4212 5528/1054/4212
f 5522/1048/4213 5523/1049/4213 5530/1056/4213 5529/1055/4213
f 18/59/4214 287/219/4214 5482/1008/4214 1534/764/4214
f 287/219/4215 286/218/4215 5483/1009/4215 5482/1008/4215
f 286/218/4216 285/217/4216 5484/1012/4216 5483/1009/4216
f 285/217/4217 284/216/4217 5485/1014/4217 5484/1012/4217
f 284/216/4218 283/215/4218 5486/1016/4218 5485/1014/4218
f 283/215/4219 282/214/4219 5487/1018/4219 5486/1016/4219
f 282/214/4220 281/213/4220 5488/1020/4220 5487/1018/4220
f 281/213/4221 17/148/4221 1527/994/4221 5488/1020/4221
f 5488/1020/4222 1527/994/4222 1528/1007/4222 5495/1021/4222
f 5495/1021/4223 1528/1007/4223 1529/1006/4223 5502/1028/4223
f 5502/1028/4224 1529/1006/4224 1530/1005/4224 5509/1035/4224
f 5509/1035/4225 1530/1005/4225 1531/1004/4225 5516/1042/4225
f 5516/1042/4226 1531/1004/4226 1532/1003/4226 5523/1049/4226
f 5523/1049/4227 1532/1003/4227 1533/1002/4227 5530/1056/4227
f 5530/1056/4228 1533/1002/4228 87/445/4228 918/522/4228
f 5529/1055/4229 5530/1056/4229 918/522/4229 919/521/4229
f 5528/1054/4230 5529/1055/4230 919/521/4230 920/520/4230
f 5527/1053/4231 5528/1054/4231 920/520/4231 921/519/4231
f 5526/1052/4232 5527/1053/4232 921/519/4232 922/518/4232
f 5525/1050/4233 5526/1052/4233 922/518/4233 923/517/4233
f 5524/1051/4234 5525/1050/4234 923/517/4234 924/516/4234
f 1540/770/4235 5524/1051/4235 924/516/4235 88/373/4235
f 1539/769/4236 5517/1044/4236 5524/1051/4236 1540/770/4236
f 1538/768/4237 5510/1037/4237 5517/1044/4237 1539/769/4237
f 1537/767/4238 5503/1030/4238 5510/1037/4238 1538/768/4238
f 1536/766/4239 5496/1023/4239 5503/1030/4239 1537/767/4239
f 1535/765/4240 5489/1011/4240 5496/1023/4240 1536/766/4240
f 1534/764/4241 5482/1008/4241 5489/1011/4241 1535/765/4241
f 5531/1057/4242 5532/1058/4242 5539/1059/4242 5538/1060/4242
f 5532/1058/4243 5533/1061/4243 5540/1062/4243 5539/1059/4243
f 5533/1061/4244 5534/1063/4244 5541/1064/4244 5540/1062/4244
f 5534/1063/4245 5535/1065/4245 5542/1066/4245 5541/1064/4245
f 5535/1065/4246 5536/1067/4246 5543/1068/4246 5542/1066/4246
f 5536/1067/4247 5537/1069/4247 5544/1070/4247 5543/1068/4247
f 5538/1060/4248 5539/1059/4248 5546/1071/4248 5545/1072/4248
f 5539/1059/4249 5540/1062/4249 5547/1073/4249 5546/1071/4249
f 5540/1062/4250 5541/1064/4250 5548/1074/4250 5547/1073/4250
f 5541/1064/4251 5542/1066/4251 5549/1075/4251 5548/1074/4251
f 5542/1066/4252 5543/1068/4252 5550/1076/4252 5549/1075/4252
f 5543/1068/4253 5544/1070/4253 5551/1077/4253 5550/1076/4253
f 5545/1072/4254 5546/1071/4254 5553/1078/4254 5552/1079/4254
f 5546/1071/4255 5547/1073/4255 5554/1080/4255 5553/1078/4255
f 5547/1073/4256 5548/1074/4256 5555/1081/4256 5554/1080/4256
f 5548/1074/4257 5549/1075/4257 5556/1082/4257 5555/1081/4257
f 5549/1075/4258 5550/1076/4258 5557/1083/4258 5556/1082/4258
f 5550/1076/4259 5551/1077/4259 5558/1084/4259 5557/1083/4259
f 5552/1079/4260 5553/1078/4260 5560/1085/4260 5559/1086/4260
f 5553/1078/4261 5554/1080/4261 5561/1087/4261 5560/1085/4261
f 5554/1080/4262 5555/1081/4262 5562/1088/4262 5561/1087/4262
f 5555/1081/4263 5556/1082/4263 5563/1089/4263 5562/1088/4263
f 5556/1082/4264 5557/1083/4264 5564/1090/4264 5563/1089/4264
f 5557/1083/4265 5558/1084/4265 5565/1091/4265 5564/1090/4265
f 5559/1086/4266 5560/1085/4266 5567/1092/4266 5566/1093/4266
f 5560/1085/4267 5561/1087/4267 5568/1094/4267 5567/1092/4267
f 5561/1087/4268 5562/1088/4268 5569/1095/4268 5568/1094/4268
f 5562/1088/4269 5563/1089/4269 5570/1096/4269 5569/1095/4269
f 5563/1089/4270 5564/1090/4270 5571/1097/4270 5570/1096/4270
f 5564/1090/4271 5565/1091/4271 5572/1098/4271 5571/1097/4271
f 5566/1093/4272 5567/1092/4272 5574/1099/4272 5573/1100/4272
f 5567/1092/4273 5568/1094/4273 5575/1101/4273 5574/1099/4273
f 5568/1094/4274 5569/1095/4274 5576/1102/4274 5575/1101/4274
f 5569/1095/4275 5570/1096/4275 5577/1103/4275 5576/1102/4275
f 5570/1096/4276 5571/1097/4276 5578/1104/4276 5577/1103/4276
f 5571/1097/4277 5572/1098/4277 5579/1105/4277 5578/1104/4277
f 19/131/4278 308/133/4278 5531/1057/4278 1541/645/4278
f 308/133/4279 307/162/4279 5532/1058/4279 5531/1057/4279
f 307/162/4280 306/161/4280 5533/1061/4280 5532/1058/4280
f 306/161/4281 305/160/4281 5534/1063/4281 5533/1061/4281
f 305/160/4282 304/159/4282 5535/1065/4282 5534/1063/4282
f 304/159/4283 303/158/4283 5536/1067/4283 5535/1065/4283
f 303/158/4284 302/156/4284 5537/1069/4284 5536/1067/4284
f 302/156/4285 16/157/4285 1520/938/4285 5537/1069/4285
f 5537/1069/4286 1520/938/4286 1521/944/4286 5544/1070/4286
f 5544/1070/4287 1521/944/4287 1522/943/4287 5551/1077/4287
f 5551/1077/4288 1522/943/4288 1523/942/4288 5558/1084/4288
f 5558/1084/4289 1523/942/4289 1524/941/4289 5565/1091/4289
f 5565/1091/4290 1524/941/4290 1525/940/4290 5572/1098/4290
f 5572/1098/4291 1525/940/4291 1526/939/4291 5579/1105/4291
f 5579/1105/4292 1526/939/4292 86/437/4292 939/436/4292
f 5578/1104/4293 5579/1105/4293 939/436/4293 940/435/4293
f 5577/1103/4294 5578/1104/4294 940/435/4294 941/434/4294
f 5576/1102/4295 5577/1103/4295 941/434/4295 942/433/4295
f 5575/1101/4296 5576/1102/4296 942/433/4296 943/432/4296
f 5574/1099/4297 5575/1101/4297 943/432/4297 944/431/4297
f 5573/1100/4298 5574/1099/4298 944/431/4298 945/429/4298
f 1547/651/4299 5573/1100/4299 945/429/4299 89/428/4299
f 1546/650/4300 5566/1093/4300 5573/1100/4300 1547/651/4300
f 1545/649/4301 5559/1086/4301 5566/1093/4301 1546/650/4301
f 1544/648/4302 5552/1079/4302 5559/1086/4302 1545/649/4302
f 1543/647/4303 5545/1072/4303 5552/1079/4303 1544/648/4303
f 1542/646/4304 5538/1060/4304 5545/1072/4304 1543/647/4304
f 1541/645/4305 5531/1057/4305 5538/1060/4305 1542/646/4305
f 5580/1106/4306 5581/1107/4306 5588/1108/4306 5587/1109/4306
f 5581/1107/4307 5582/1110/4307 5589/1111/4307 5588/1108/4307
f 5582/1110/4308 5583/1112/4308 5590/1113/4308 5589/1111/4308
f 5583/1112/4309 5584/1114/4309 5591/1115/4309 5590/1113/4309
f 5584/1114/4310 5585/1116/4310 5592/1117/4310 5591/1115/4310
f 5585/1116/4311 5586/1118/4311 5593/1119/4311 5592/1117/4311
f 5587/1109/4312 5588/1108/4312 5595/1120/4312 5594/1121/4312
f 5588/1108/4313 5589/1111/4313 5596/1122/4313 5595/1120/4313
f 5589/1111/4314 5590/1113/4314 5597/1123/4314 5596/1122/4314
f 5590/1113/4315 5591/1115/4315 5598/1124/4315 5597/1123/4315
f 5591/1115/4316 5592/1117/4316 5599/1125/4316 5598/1124/4316
f 5592/1117/4317 5593/1119/4317 5600/1126/4317 5599/1125/4317
f 5594/1121/4318 5595/1120/4318 5602/1127/4318 5601/1128/4318
f 5595/1120/4319 5596/1122/4319 5603/1129/4319 5602/1127/4319
f 5596/1122/4320 5597/1123/4320 5604/1130/4320 5603/1129/4320
f 5597/1123/4321 5598/1124/4321 5605/1131/4321 5604/1130/4321
f 5598/1124/4322 5599/1125/4322 5606/1132/4322 5605/1131/4322
f 5599/1125/4323 5600/1126/4323 5607/1133/4323 5606/1132/4323
f 5601/1128/4324 5602/1127/4324 5609/1134/4324 5608/1135/4324
f 5602/1127/4325 5603/1129/4325 5610/1136/4325 5609/1134/4325
f 5603/1129/4326 5604/1130/4326 5611/1137/4326 5610/1136/4326
f 5604/1130/4327 5605/1131/4327 5612/1138/4327 5611/1137/4327
f 5605/1131/4328 5606/1132/4328 5613/1139/4328 5612/1138/4328
f 5606/1132/4329 5607/1133/4329 5614/1140/4329 5613/1139/4329
f 5608/1135/4330 5609/1134/4330 5616/1141/4330 5615/1142/4330
f 5609/1134/4331 5610/1136/4331 5617/1143/4331 5616/1141/4331
f 5610/1136/4332 5611/1137/4332 5618/1144/4332 5617/1143/4332
f 5611/1137/4333 5612/1138/4333 5619/1145/4333 5618/1144/4333
f 5612/1138/4334 5613/1139/4334 5620/1146/4334 5619/1145/4334
f 5613/1139/4335 5614/1140/4335 5621/1147/4335 5620/1146/4335
f 5615/1142/4336 5616/1141/4336 5623/1148/4336 5622/1149/4336
f 5616/1141/4337 5617/1143/4337 5624/1150/4337 5623/1148/4337
f 5617/1143/4338 5618/1144/4338 5625/1151/4338 5624/1150/4338
f 5618/1144/4339 5619/1145/4339 5626/1152/4339 5625/1151/4339
f 5619/1145/4340 5620/1146/4340 5627/1153/4340 5626/1152/4340
f 5620/1146/4341 5621/1147/4341 5628/1154/4341 5627/1153/4341
f 20/140/4342 315/291/4342 5580/1106/4342 1548/995/4342
f 315/291/4343 314/290/4343 5581/1107/4343 5580/1106/4343
f 314/290/4344 313/289/4344 5582/1110/4344 5581/1107/4344
f 313/289/4345 312/288/4345 5583/1112/4345 5582/1110/4345
f 312/288/4346 311/287/4346 5584/1114/4346 5583/1112/4346
f 311/287/4347 310/286/4347 5585/1116/4347 5584/1114/4347
f 310/286/4348 309/285/4348 5586/1118/4348 5585/1116/4348
f 309/285/4349 12/284/4349 1492/707/4349 5586/1118/4349
f 5586/1118/4350 1492/707/4350 1493/713/4350 5593/1119/4350
f 5593/1119/4351 1493/713/4351 1494/712/4351 5600/1126/4351
f 5600/1126/4352 1494/712/4352 1495/711/4352 5607/1133/4352
f 5607/1133/4353 1495/711/4353 1496/710/4353 5614/1140/4353
f 5614/1140/4354 1496/710/4354 1497/709/4354 5621/1147/4354
f 5621/1147/4355 1497/709/4355 1498/708/4355 5628/1154/4355
f 5628/1154/4356 1498/708/4356 82/589/4356 946/587/4356
f 5627/1153/4357 5628/1154/4357 946/587/4357 947/586/4357
f 5626/1152/4358 5627/1153/4358 947/586/4358 948/585/4358
f 5625/1151/4359 5626/1152/4359 948/585/4359 949/584/4359
f 5624/1150/4360 5625/1151/4360 949/584/4360 950/583/4360
f 5623/1148/4361 5624/1150/4361 950/583/4361 951/582/4361
f 5622/1149/4362 5623/1148/4362 951/582/4362 952/581/4362
f 1554/1001/4363 5622/1149/4363 952/581/4363 90/454/4363
f 1553/1000/4364 5615/1142/4364 5622/1149/4364 1554/1001/4364
f 1552/999/4365 5608/1135/4365 5615/1142/4365 1553/1000/4365
f 1551/998/4366 5601/1128/4366 5608/1135/4366 1552/999/4366
f 1550/997/4367 5594/1121/4367 5601/1128/4367 1551/998/4367
f 1549/996/4368 5587/1109/4368 5594/1121/4368 1550/997/4368
f 1548/995/4369 5580/1106/4369 5587/1109/4369 1549/996/4369
f 5629/595/4370 5630/596/4370 5637/597/4370 5636/598/4370
f 5630/596/4371 5631/599/4371 5638/600/4371 5637/597/4371
f 5631/599/4372 5632/601/4372 5639/602/4372 5638/600/4372
f 5632/601/4373 5633/603/4373 5640/604/4373 5639/602/4373
f 5633/603/4374 5634/605/4374 5641/606/4374 5640/604/4374
f 5634/605/4375 5635/607/4375 5642/608/4375 5641/606/4375
f 5636/598/4376 5637/597/4376 5644/609/4376 5643/610/4376
f 5637/597/4377 5638/600/4377 5645/611/4377 5644/609/4377
f 5638/600/4378 5639/602/4378 5646/612/4378 5645/611/4378
f 5639/602/4379 5640/604/4379 5647/613/4379 5646/612/4379
f 5640/604/4380 5641/606/4380 5648/614/4380 5647/613/4380
f 5641/606/4381 5642/608/4381 5649/615/4381 5648/614/4381
f 5643/610/4382 5644/609/4382 5651/616/4382 5650/617/4382
f 5644/609/4383 5645/611/4383 5652/618/4383 5651/616/4383
f 5645/611/4384 5646/612/4384 5653/619/4384 5652/618/4384
f 5646/612/4385 5647/613/4385 5654/620/4385 5653/619/4385
f 5647/613/4386 5648/614/4386 5655/621/4386 5654/620/4386
f 5648/614/4387 5649/615/4387 5656/622/4387 5655/621/4387
f 5650/617/4388 5651/616/4388 5658/623/4388 5657/624/4388
f 5651/616/4389 5652/618/4389 5659/625/4389 5658/623/4389
f 5652/618/4390 5653/619/4390 5660/626/4390 5659/625/4390
f 5653/619/4391 5654/620/4391 5661/627/4391 5660/626/4391
f 5654/620/4392 5655/621/4392 5662/628/4392 5661/627/4392
f 5655/621/4393 5656/622/4393 5663/629/4393 5662/628/4393
f 5657/624/4394 5658/623/4394 5665/630/4394 5664/631/4394
f 5658/623/4395 5659/625/4395 5666/632/4395 5665/630/4395
f 5659/625/4396 5660/626/4396 5667/633/4396 5666/632/4396
f 5660/626/4397 5661/627/4397 5668/634/4397 5667/633/4397
f 5661/627/4398 5662/628/4398 5669/635/4398 5668/634/4398
f 5662/628/4399 5663/629/4399 5670/636/4399 5669/635/4399
f 5664/631/4400 5665/630/4400 5672/637/4400 5671/638/4400
f 5665/630/4401 5666/632/4401 5673/639/4401 5672/637/4401
f 5666/632/4402 5667/633/4402 5674/640/4402 5673/639/4402
f 5667/633/4403 5668/634/4403 5675/641/4403 5674/640/4403
f 5668/634/4404 5669/635/4404 5676/642/4404 5675/641/4404
f 5669/635/4405 5670/636/4405 5677/643/4405 5676/642/4405
f 21/275/4406 329/277/4406 5629/595/4406 1555/644/4406
f 329/277/4407 328/297/4407 5630/596/4407 5629/595/4407
f 328/297/4408 327/296/4408 5631/599/4408 5630/596/4408
f 327/296/4409 326/295/4409 5632/601/4409 5631/599/4409
f 326/295/4410 325/294/4410 5633/603/4410 5632/601/4410
f 325/294/4411 324/293/4411 5634/605/4411 5633/603/4411
f 324/293/4412 323/292/4412 5635/607/4412 5634/605/4412
f 323/292/4413 29/131/4413 1611/645/4413 5635/607/4413
f 5635/607/4414 1611/645/4414 1612/646/4414 5642/608/4414
f 5642/608/4415 1612/646/4415 1613/647/4415 5649/615/4415
f 5649/615/4416 1613/647/4416 1614/648/4416 5656/622/4416
f 5656/622/4417 1614/648/4417 1615/649/4417 5663/629/4417
f 5663/629/4418 1615/649/4418 1616/650/4418 5670/636/4418
f 5670/636/4419 1616/650/4419 1617/651/4419 5677/643/4419
f 5677/643/4420 1617/651/4420 99/428/4420 960/580/4420
f 5676/642/4421 5677/643/4421 960/580/4421 961/579/4421
f 5675/641/4422 5676/642/4422 961/579/4422 962/578/4422
f 5674/640/4423 5675/641/4423 962/578/4423 963/577/4423
f 5673/639/4424 5674/640/4424 963/577/4424 964/576/4424
f 5672/637/4425 5673/639/4425 964/576/4425 965/575/4425
f 5671/638/4426 5672/637/4426 965/575/4426 966/573/4426
f 1561/652/4427 5671/638/4427 966/573/4427 91/572/4427
f 1560/653/4428 5664/631/4428 5671/638/4428 1561/652/4428
f 1559/654/4429 5657/624/4429 5664/631/4429 1560/653/4429
f 1558/655/4430 5650/617/4430 5657/624/4430 1559/654/4430
f 1557/656/4431 5643/610/4431 5650/617/4431 1558/655/4431
f 1556/657/4432 5636/598/4432 5643/610/4432 1557/656/4432
f 1555/644/4433 5629/595/4433 5636/598/4433 1556/657/4433
f 5678/658/4434 5679/659/4434 5686/660/4434 5685/661/4434
f 5679/659/4435 5680/662/4435 5687/663/4435 5686/660/4435
f 5680/662/4436 5681/664/4436 5688/665/4436 5687/663/4436
f 5681/664/4437 5682/666/4437 5689/667/4437 5688/665/4437
f 5682/666/4438 5683/668/4438 5690/669/4438 5689/667/4438
f 5683/668/4439 5684/670/4439 5691/671/4439 5690/669/4439
f 5685/661/4440 5686/660/4440 5693/672/4440 5692/673/4440
f 5686/660/4441 5687/663/4441 5694/674/4441 5693/672/4441
f 5687/663/4442 5688/665/4442 5695/675/4442 5694/674/4442
f 5688/665/4443 5689/667/4443 5696/676/4443 5695/675/4443
f 5689/667/4444 5690/669/4444 5697/677/4444 5696/676/4444
f 5690/669/4445 5691/671/4445 5698/678/4445 5697/677/4445
f 5692/673/4446 5693/672/4446 5700/679/4446 5699/680/4446
f 5693/672/4447 5694/674/4447 5701/681/4447 5700/679/4447
f 5694/674/4448 5695/675/4448 5702/682/4448 5701/681/4448
f 5695/675/4449 5696/676/4449 5703/683/4449 5702/682/4449
f 5696/676/4450 5697/677/4450 5704/684/4450 5703/683/4450
f 5697/677/4451 5698/678/4451 5705/685/4451 5704/684/4451
f 5699/680/4452 5700/679/4452 5707/686/4452 5706/687/4452
f 5700/679/4453 5701/681/4453 5708/688/4453 5707/686/4453
f 5701/681/4454 5702/682/4454 5709/689/4454 5708/688/4454
f 5702/682/4455 5703/683/4455 5710/690/4455 5709/689/4455
f 5703/683/4456 5704/684/4456 5711/691/4456 5710/690/4456
f 5704/684/4457 5705/685/4457 5712/692/4457 5711/691/4457
f 5706/687/4458 5707/686/4458 5714/693/4458 5713/694/4458
f 5707/686/4459 5708/688/4459 5715/695/4459 5714/693/4459
f 5708/688/4460 5709/689/4460 5716/696/4460 5715/695/4460
f 5709/689/4461 5710/690/4461 5717/697/4461 5716/696/4461
f 5710/690/4462 5711/691/4462 5718/698/4462 5717/697/4462
f 5711/691/4463 5712/692/4463 5719/699/4463 5718/698/4463
f 5713/694/4464 5714/693/4464 5721/700/4464 5720/701/4464
f 5714/693/4465 5715/695/4465 5722/702/4465 5721/700/4465
f 5715/695/4466 5716/696/4466 5723/703/4466 5722/702/4466
f 5716/696/4467 5717/697/4467 5724/704/4467 5723/703/4467
f 5717/697/4468 5718/698/4468 5725/705/4468 5724/704/4468
f 5718/698/4469 5719/699/4469 5726/706/4469 5725/705/4469
f 22/284/4470 336/283/4470 5678/658/4470 1562/707/4470
f 336/283/4471 335/282/4471 5679/659/4471 5678/658/4471
f 335/282/4472 334/281/4472 5680/662/4472 5679/659/4472
f 334/281/4473 333/280/4473 5681/664/4473 5680/662/4473
f 333/280/4474 332/279/4474 5682/666/4474 5681/664/4474
f 332/279/4475 331/278/4475 5683/668/4475 5682/666/4475
f 331/278/4476 330/276/4476 5684/670/4476 5683/668/4476
f 330/276/4477 21/275/4477 1555/644/4477 5684/670/4477
f 5684/670/4478 1555/644/4478 1556/657/4478 5691/671/4478
f 5691/671/4479 1556/657/4479 1557/656/4479 5698/678/4479
f 5698/678/4480 1557/656/4480 1558/655/4480 5705/685/4480
f 5705/685/4481 1558/655/4481 1559/654/4481 5712/692/4481
f 5712/692/4482 1559/654/4482 1560/653/4482 5719/699/4482
f 5719/699/4483 1560/653/4483 1561/652/4483 5726/706/4483
f 5726/706/4484 1561/652/4484 91/572/4484 967/574/4484
f 5725/705/4485 5726/706/4485 967/574/4485 968/594/4485
f 5724/704/4486 5725/705/4486 968/594/4486 969/593/4486
f 5723/703/4487 5724/704/4487 969/593/4487 970/592/4487
f 5722/702/4488 5723/703/4488 970/592/4488 971/591/4488
f 5721/700/4489 5722/702/4489 971/591/4489 972/590/4489
f 5720/701/4490 5721/700/4490 972/590/4490 973/588/4490
f 1568/708/4491 5720/701/4491 973/588/4491 92/589/4491
f 1567/709/4492 5713/694/4492 5720/701/4492 1568/708/4492
f 1566/710/4493 5706/687/4493 5713/694/4493 1567/709/4493
f 1565/711/4494 5699/680/4494 5706/687/4494 1566/710/4494
f 1564/712/4495 5692/673/4495 5699/680/4495 1565/711/4495
f 1563/713/4496 5685/661/4496 5692/673/4496 1564/712/4496
f 1562/707/4497 5678/658/4497 5685/661/4497 1563/713/4497
f 5727/714/4498 5728/715/4498 5735/716/4498 5734/717/4498
f 5728/715/4499 5729/718/4499 5736/719/4499 5735/716/4499
f 5729/718/4500 5730/720/4500 5737/721/4500 5736/719/4500
f 5730/720/4501 5731/722/4501 5738/723/4501 5737/721/4501
f 5731/722/4502 5732/724/4502 5739/725/4502 5738/723/4502
f 5732/724/4503 5733/726/4503 5740/727/4503 5739/725/4503
f 5734/717/4504 5735/716/4504 5742/728/4504 5741/729/4504
f 5735/716/4505 5736/719/4505 5743/730/4505 5742/728/4505
f 5736/719/4506 5737/721/4506 5744/731/4506 5743/730/4506
f 5737/721/4507 5738/723/4507 5745/732/4507 5744/731/4507
f 5738/723/4508 5739/725/4508 5746/733/4508 5745/732/4508
f 5739/725/4509 5740/727/4509 5747/734/4509 5746/733/4509
f 5741/729/4510 5742/728/4510 5749/735/4510 5748/736/4510
f 5742/728/4511 5743/730/4511 5750/737/4511 5749/735/4511
f 5743/730/4512 5744/731/4512 5751/738/4512 5750/737/4512
f 5744/731/4513 5745/732/4513 5752/739/4513 5751/738/4513
f 5745/732/4514 5746/733/4514 5753/740/4514 5752/739/4514
f 5746/733/4515 5747/734/4515 5754/741/4515 5753/740/4515
f 5748/736/4516 5749/735/4516 5756/742/4516 5755/743/4516
f 5749/735/4517 5750/737/4517 5757/744/4517 5756/742/4517
f 5750/737/4518 5751/738/4518 5758/745/4518 5757/744/4518
f 5751/738/4519 5752/739/4519 5759/746/4519 5758/745/4519
f 5752/739/4520 5753/740/4520 5760/747/4520 5759/746/4520
f 5753/740/4521 5754/741/4521 5761/748/4521 5760/747/4521
f 5755/743/4522 5756/742/4522 5763/749/4522 5762/750/4522
f 5756/742/4523 5757/744/4523 5764/751/4523 5763/749/4523
f 5757/744/4524 5758/745/4524 5765/752/4524 5764/751/4524
f 5758/745/4525 5759/746/4525 5766/753/4525 5765/752/4525
f 5759/746/4526 5760/747/4526 5767/754/4526 5766/753/4526
f 5760/747/4527 5761/748/4527 5768/755/4527 5767/754/4527
f 5762/750/4528 5763/749/4528 5770/756/4528 5769/757/4528
f 5763/749/4529 5764/751/4529 5771/758/4529 5770/756/4529
f 5764/751/4530 5765/752/4530 5772/759/4530 5771/758/4530
f 5765/752/4531 5766/753/4531 5773/760/4531 5772/759/4531
f 5766/753/4532 5767/754/4532 5774/761/4532 5773/760/4532
f 5767/754/4533 5768/755/4533 5775/762/4533 5774/761/4533
f 24/67/4534 343/66/4534 5727/714/4534 1576/763/4534
f 343/66/4535 342/65/4535 5728/715/4535 5727/714/4535
f 342/65/4536 341/64/4536 5729/718/4536 5728/715/4536
f 341/64/620 340/63/620 5730/720/620 5729/718/620
f 340/63/4537 339/62/4537 5731/722/4537 5730/720/4537
f 339/62/4538 338/61/4538 5732/724/4538 5731/722/4538
f 338/61/4539 337/60/4539 5733/726/4539 5732/724/4539
f 337/60/4540 28/59/4540 1604/764/4540 5733/726/4540
f 5733/726/4541 1604/764/4541 1605/765/4541 5740/727/4541
f 5740/727/4542 1605/765/4542 1606/766/4542 5747/734/4542
f 5747/734/4543 1606/766/4543 1607/767/4543 5754/741/4543
f 5754/741/4544 1607/767/4544 1608/768/4544 5761/748/4544
f 5761/748/4545 1608/768/4545 1609/769/4545 5768/755/4545
f 5768/755/4546 1609/769/4546 1610/770/4546 5775/762/4546
f 5775/762/4547 1610/770/4547 98/373/4547 974/371/4547
f 5774/761/4548 5775/762/4548 974/371/4548 975/370/4548
f 5773/760/4549 5774/761/4549 975/370/4549 976/369/4549
f 5772/759/4550 5773/760/4550 976/369/4550 977/368/4550
f 5771/758/4551 5772/759/4551 977/368/4551 978/367/4551
f 5770/756/4552 5771/758/4552 978/367/4552 979/366/4552
f 5769/757/4553 5770/756/4553 979/366/4553 980/365/4553
f 1582/771/4554 5769/757/4554 980/365/4554 94/364/4554
f 1581/772/4555 5762/750/4555 5769/757/4555 1582/771/4555
f 1580/773/4556 5755/743/4556 5762/750/4556 1581/772/4556
f 1579/774/4557 5748/736/4557 5755/743/4557 1580/773/4557
f 1578/775/4558 5741/729/4558 5748/736/4558 1579/774/4558
f 1577/776/4559 5734/717/4559 5741/729/4559 1578/775/4559
f 1576/763/4560 5727/714/4560 5734/717/4560 1577/776/4560
f 5776/777/4561 5777/778/4561 5784/779/4561 5783/780/4561
f 5777/778/4562 5778/781/4562 5785/782/4562 5784/779/4562
f 5778/781/4563 5779/783/4563 5786/784/4563 5785/782/4563
f 5779/783/4564 5780/785/4564 5787/786/4564 5786/784/4564
f 5780/785/4565 5781/787/4565 5788/788/4565 5787/786/4565
f 5781/787/4566 5782/789/4566 5789/790/4566 5788/788/4566
f 5783/780/4567 5784/779/4567 5791/791/4567 5790/792/4567
f 5784/779/4568 5785/782/4568 5792/793/4568 5791/791/4568
f 5785/782/4569 5786/784/4569 5793/794/4569 5792/793/4569
f 5786/784/4570 5787/786/4570 5794/795/4570 5793/794/4570
f 5787/786/4571 5788/788/4571 5795/796/4571 5794/795/4571
f 5788/788/4572 5789/790/4572 5796/797/4572 5795/796/4572
f 5790/792/4573 5791/791/4573 5798/798/4573 5797/799/4573
f 5791/791/4574 5792/793/4574 5799/800/4574 5798/798/4574
f 5792/793/4575 5793/794/4575 5800/801/4575 5799/800/4575
f 5793/794/4576 5794/795/4576 5801/802/4576 5800/801/4576
f 5794/795/4577 5795/796/4577 5802/803/4577 5801/802/4577
f 5795/796/4578 5796/797/4578 5803/804/4578 5802/803/4578
f 5797/799/4579 5798/798/4579 5805/805/4579 5804/806/4579
f 5798/798/4580 5799/800/4580 5806/807/4580 5805/805/4580
f 5799/800/4581 5800/801/4581 5807/808/4581 5806/807/4581
f 5800/801/4582 5801/802/4582 5808/809/4582 5807/808/4582
f 5801/802/4583 5802/803/4583 5809/810/4583 5808/809/4583
f 5802/803/4584 5803/804/4584 5810/811/4584 5809/810/4584
f 5804/806/4585 5805/805/4585 5812/812/4585 5811/813/4585
f 5805/805/4586 5806/807/4586 5813/814/4586 5812/812/4586
f 5806/807/4587 5807/808/4587 5814/815/4587 5813/814/4587
f 5807/808/4588 5808/809/4588 5815/816/4588 5814/815/4588
f 5808/809/4589 5809/810/4589 5816/817/4589 5815/816/4589
f 5809/810/4590 5810/811/4590 5817/818/4590 5816/817/4590
f 5811/813/4591 5812/812/4591 5819/819/4591 5818/820/4591
f 5812/812/4592 5813/814/4592 5820/821/4592 5819/819/4592
f 5813/814/4593 5814/815/4593 5821/822/4593 5820/821/4593
f 5814/815/4594 5815/816/4594 5822/823/4594 5821/822/4594
f 5815/816/4595 5816/817/4595 5823/824/4595 5822/823/4595
f 5816/817/4596 5817/818/4596 5824/825/4596 5823/824/4596
f 23/76/4597 350/74/4597 5776/777/4597 1569/826/4597
f 350/74/4598 349/73/4598 5777/778/4598 5776/777/4598
f 349/73/4599 348/72/4599 5778/781/4599 5777/778/4599
f 348/72/4600 347/71/4600 5779/783/4600 5778/781/4600
f 347/71/4601 346/70/4601 5780/785/4601 5779/783/4601
f 346/70/4602 345/69/4602 5781/787/4602 5780/785/4602
f 345/69/4603 344/68/4603 5782/789/4603 5781/787/4603
f 344/68/4604 24/67/4604 1576/763/4604 5782/789/4604
f 5782/789/4605 1576/763/4605 1577/776/4605 5789/790/4605
f 5789/790/4606 1577/776/4606 1578/775/4606 5796/797/4606
f 5796/797/4607 1578/775/4607 1579/774/4607 5803/804/4607
f 5803/804/4608 1579/774/4608 1580/773/4608 5810/811/4608
f 5810/811/4609 1580/773/4609 1581/772/4609 5817/818/4609
f 5817/818/4610 1581/772/4610 1582/771/4610 5824/825/4610
f 5824/825/4611 1582/771/4611 94/364/4611 981/363/4611
f 5823/824/4612 5824/825/4612 981/363/4612 982/362/4612
f 5822/823/4613 5823/824/4613 982/362/4613 983/361/4613
f 5821/822/4614 5822/823/4614 983/361/4614 984/360/4614
f 5820/821/4615 5821/822/4615 984/360/4615 985/359/4615
f 5819/819/4616 5820/821/4616 985/359/4616 986/358/4616
f 5818/820/4617 5819/819/4617 986/358/4617 987/357/4617
f 1575/827/4618 5818/820/4618 987/357/4618 93/356/4618
f 1574/828/4619 5811/813/4619 5818/820/4619 1575/827/4619
f 1573/829/4620 5804/806/4620 5811/813/4620 1574/828/4620
f 1572/830/4621 5797/799/4621 5804/806/4621 1573/829/4621
f 1571/831/4622 5790/792/4622 5797/799/4622 1572/830/4622
f 1570/832/4623 5783/780/4623 5790/792/4623 1571/831/4623
f 1569/826/4624 5776/777/4624 5783/780/4624 1570/832/4624
f 5825/833/4625 5826/834/4625 5833/835/4625 5832/836/4625
f 5826/834/4626 5827/837/4626 5834/838/4626 5833/835/4626
f 5827/837/4627 5828/839/4627 5835/840/4627 5834/838/4627
f 5828/839/4628 5829/841/4628 5836/842/4628 5835/840/4628
f 5829/841/4629 5830/843/4629 5837/844/4629 5836/842/4629
f 5830/843/4630 5831/845/4630 5838/846/4630 5837/844/4630
f 5832/836/4631 5833/835/4631 5840/847/4631 5839/848/4631
f 5833/835/4632 5834/838/4632 5841/849/4632 5840/847/4632
f 5834/838/4633 5835/840/4633 5842/850/4633 5841/849/4633
f 5835/840/4634 5836/842/4634 5843/851/4634 5842/850/4634
f 5836/842/4635 5837/844/4635 5844/852/4635 5843/851/4635
f 5837/844/4636 5838/846/4636 5845/853/4636 5844/852/4636
f 5839/848/4637 5840/847/4637 5847/854/4637 5846/855/4637
f 5840/847/4638 5841/849/4638 5848/856/4638 5847/854/4638
f 5841/849/4639 5842/850/4639 5849/857/4639 5848/856/4639
f 5842/850/4640 5843/851/4640 5850/858/4640 5849/857/4640
f 5843/851/4641 5844/852/4641 5851/859/4641 5850/858/4641
f 5844/852/4642 5845/853/4642 5852/860/4642 5851/859/4642
f 5846/855/4643 5847/854/4643 5854/861/4643 5853/862/4643
f 5847/854/4644 5848/856/4644 5855/863/4644 5854/861/4644
f 5848/856/4645 5849/857/4645 5856/864/4645 5855/863/4645
f 5849/857/4646 5850/858/4646 5857/865/4646 5856/864/4646
f 5850/858/4647 5851/859/4647 5858/866/4647 5857/865/4647
f 5851/859/4648 5852/860/4648 5859/867/4648 5858/866/4648
f 5853/862/4649 5854/861/4649 5861/868/4649 5860/869/4649
f 5854/861/4650 5855/863/4650 5862/870/4650 5861/868/4650
f 5855/863/4651 5856/864/4651 5863/871/4651 5862/870/4651
f 5856/864/4652 5857/865/4652 5864/872/4652 5863/871/4652
f 5857/865/4653 5858/866/4653 5865/873/4653 5864/872/4653
f 5858/866/4654 5859/867/4654 5866/874/4654 5865/873/4654
f 5860/869/4655 5861/868/4655 5868/875/4655 5867/876/4655
f 5861/868/4656 5862/870/4656 5869/877/4656 5868/875/4656
f 5862/870/4657 5863/871/4657 5870/878/4657 5869/877/4657
f 5863/871/4658 5864/872/4658 5871/879/4658 5870/878/4658
f 5864/872/4659 5865/873/4659 5872/880/4659 5871/879/4659
f 5865/873/4660 5866/874/4660 5873/881/4660 5872/880/4660
f 25/50/4661 357/52/4661 5825/833/4661 1583/882/4661
f 357/52/4662 356/81/4662 5826/834/4662 5825/833/4662
f 356/81/4663 355/80/4663 5827/837/4663 5826/834/4663
f 355/80/4664 354/79/4664 5828/839/4664 5827/837/4664
f 354/79/4665 353/78/4665 5829/841/4665 5828/839/4665
f 353/78/4666 352/77/4666 5830/843/4666 5829/841/4666
f 352/77/4667 351/75/4667 5831/845/4667 5830/843/4667
f 351/75/4668 23/76/4668 1569/826/4668 5831/845/4668
f 5831/845/4669 1569/826/4669 1570/832/4669 5838/846/4669
f 5838/846/4670 1570/832/4670 1571/831/4670 5845/853/4670
f 5845/853/4671 1571/831/4671 1572/830/4671 5852/860/4671
f 5852/860/4672 1572/830/4672 1573/829/4672 5859/867/4672
f 5859/867/4673 1573/829/4673 1574/828/4673 5866/874/4673
f 5866/874/4674 1574/828/4674 1575/827/4674 5873/881/4674
f 5873/881/4675 1575/827/4675 93/356/4675 988/355/4675
f 5872/880/4676 5873/881/4676 988/355/4676 989/354/4676
f 5871/879/4677 5872/880/4677 989/354/4677 990/353/4677
f 5870/878/4678 5871/879/4678 990/353/4678 991/352/4678
f 5869/877/4679 5870/878/4679 991/352/4679 992/351/4679
f 5868/875/4680 5869/877/4680 992/351/4680 993/350/4680
f 5867/876/4681 5868/875/4681 993/350/4681 994/348/4681
f 1589/883/4682 5867/876/4682 994/348/4682 95/347/4682
f 1588/884/4683 5860/869/4683 5867/876/4683 1589/883/4683
f 1587/885/4684 5853/862/4684 5860/869/4684 1588/884/4684
f 1586/886/4685 5846/855/4685 5853/862/4685 1587/885/4685
f 1585/887/4686 5839/848/4686 5846/855/4686 1586/886/4686
f 1584/888/4687 5832/836/4687 5839/848/4687 1585/887/4687
f 1583/882/4688 5825/833/4688 5832/836/4688 1584/888/4688
f 5874/889/4689 5875/890/4689 5882/891/4689 5881/892/4689
f 5875/890/4690 5876/893/4690 5883/894/4690 5882/891/4690
f 5876/893/4691 5877/895/4691 5884/896/4691 5883/894/4691
f 5877/895/4692 5878/897/4692 5885/898/4692 5884/896/4692
f 5878/897/4693 5879/899/4693 5886/900/4693 5885/898/4693
f 5879/899/4694 5880/901/4694 5887/902/4694 5886/900/4694
f 5881/892/4695 5882/891/4695 5889/903/4695 5888/904/4695
f 5882/891/4696 5883/894/4696 5890/905/4696 5889/903/4696
f 5883/894/4697 5884/896/4697 5891/906/4697 5890/905/4697
f 5884/896/4698 5885/898/4698 5892/907/4698 5891/906/4698
f 5885/898/4699 5886/900/4699 5893/908/4699 5892/907/4699
f 5886/900/4700 5887/902/4700 5894/909/4700 5893/908/4700
f 5888/904/4701 5889/903/4701 5896/910/4701 5895/911/4701
f 5889/903/4702 5890/905/4702 5897/912/4702 5896/910/4702
f 5890/905/4703 5891/906/4703 5898/913/4703 5897/912/4703
f 5891/906/4704 5892/907/4704 5899/914/4704 5898/913/4704
f 5892/907/4705 5893/908/4705 5900/915/4705 5899/914/4705
f 5893/908/4706 5894/909/4706 5901/916/4706 5900/915/4706
f 5895/911/4707 5896/910/4707 5903/917/4707 5902/918/4707
f 5896/910/4708 5897/912/4708 5904/919/4708 5903/917/4708
f 5897/912/4709 5898/913/4709 5905/920/4709 5904/919/4709
f 5898/913/4710 5899/914/4710 5906/921/4710 5905/920/4710
f 5899/914/4711 5900/915/4711 5907/922/4711 5906/921/4711
f 5900/915/4712 5901/916/4712 5908/923/4712 5907/922/4712
f 5902/918/4713 5903/917/4713 5910/924/4713 5909/925/4713
f 5903/917/4714 5904/919/4714 5911/926/4714 5910/924/4714
f 5904/919/4715 5905/920/4715 5912/927/4715 5911/926/4715
f 5905/920/4716 5906/921/4716 5913/928/4716 5912/927/4716
f 5906/921/4717 5907/922/4717 5914/929/4717 5913/928/4717
f 5907/922/4718 5908/923/4718 5915/930/4718 5914/929/4718
f 5909/925/4719 5910/924/4719 5917/931/4719 5916/932/4719
f 5910/924/4720 5911/926/4720 5918/933/4720 5917/931/4720
f 5911/926/4721 5912/927/4721 5919/934/4721 5918/933/4721
f 5912/927/4722 5913/928/4722 5920/935/4722 5919/934/4722
f 5913/928/4723 5914/929/4723 5921/936/4723 5920/935/4723
f 5914/929/4724 5915/930/4724 5922/937/4724 5921/936/4724
f 26/157/4725 364/212/4725 5874/889/4725 1590/938/4725
f 364/212/4726 363/225/4726 5875/890/4726 5874/889/4726
f 363/225/4727 362/224/4727 5876/893/4727 5875/890/4727
f 362/224/4728 361/223/4728 5877/895/4728 5876/893/4728
f 361/223/4729 360/222/4729 5878/897/4729 5877/895/4729
f 360/222/4730 359/221/4730 5879/899/4730 5878/897/4730
f 359/221/4731 358/220/4731 5880/901/4731 5879/899/4731
f 358/220/4732 25/50/4732 1583/882/4732 5880/901/4732
f 5880/901/4733 1583/882/4733 1584/888/4733 5887/902/4733
f 5887/902/4734 1584/888/4734 1585/887/4734 5894/909/4734
f 5894/909/4735 1585/887/4735 1586/886/4735 5901/916/4735
f 5901/916/4736 1586/886/4736 1587/885/4736 5908/923/4736
f 5908/923/4737 1587/885/4737 1588/884/4737 5915/930/4737
f 5915/930/4738 1588/884/4738 1589/883/4738 5922/937/4738
f 5922/937/4739 1589/883/4739 95/347/4739 995/515/4739
f 5921/936/4740 5922/937/4740 995/515/4740 996/514/4740
f 5920/935/4741 5921/936/4741 996/514/4741 997/513/4741
f 5919/934/4742 5920/935/4742 997/513/4742 998/512/4742
f 5918/933/4743 5919/934/4743 998/512/4743 999/511/4743
f 5917/931/4744 5918/933/4744 999/511/4744 1000/510/4744
f 5916/932/4745 5917/931/4745 1000/510/4745 1001/509/4745
f 1596/939/4746 5916/932/4746 1001/509/4746 96/437/4746
f 1595/940/4747 5909/925/4747 5916/932/4747 1596/939/4747
f 1594/941/4748 5902/918/4748 5909/925/4748 1595/940/4748
f 1593/942/4749 5895/911/4749 5902/918/4749 1594/941/4749
f 1592/943/4750 5888/904/4750 5895/911/4750 1593/942/4750
f 1591/944/4751 5881/892/4751 5888/904/4751 1592/943/4751
f 1590/938/4752 5874/889/4752 5881/892/4752 1591/944/4752
f 5923/945/4753 5924/946/4753 5931/947/4753 5930/948/4753
f 5924/946/4754 5925/949/4754 5932/950/4754 5931/947/4754
f 5925/949/4755 5926/951/4755 5933/952/4755 5932/950/4755
f 5926/951/4756 5927/953/4756 5934/954/4756 5933/952/4756
f 5927/953/4757 5928/955/4757 5935/956/4757 5934/954/4757
f 5928/955/4758 5929/957/4758 5936/958/4758 5935/956/4758
f 5930/948/4759 5931/947/4759 5938/959/4759 5937/960/4759
f 5931/947/4760 5932/950/4760 5939/961/4760 5938/959/4760
f 5932/950/4761 5933/952/4761 5940/962/4761 5939/961/4761
f 5933/952/4762 5934/954/4762 5941/963/4762 5940/962/4762
f 5934/954/4763 5935/956/4763 5942/964/4763 5941/963/4763
f 5935/956/4764 5936/958/4764 5943/965/4764 5942/964/4764
f 5937/960/4765 5938/959/4765 5945/966/4765 5944/967/4765
f 5938/959/4766 5939/961/4766 5946/968/4766 5945/966/4766
f 5939/961/4767 5940/962/4767 5947/969/4767 5946/968/4767
f 5940/962/4768 5941/963/4768 5948/970/4768 5947/969/4768
f 5941/963/4769 5942/964/4769 5949/971/4769 5948/970/4769
f 5942/964/4770 5943/965/4770 5950/972/4770 5949/971/4770
f 5944/967/4771 5945/966/4771 5952/973/4771 5951/974/4771
f 5945/966/4772 5946/968/4772 5953/975/4772 5952/973/4772
f 5946/968/4773 5947/969/4773 5954/976/4773 5953/975/4773
f 5947/969/4774 5948/970/4774 5955/977/4774 5954/976/4774
f 5948/970/4775 5949/971/4775 5956/978/4775 5955/977/4775
f 5949/971/4776 5950/972/4776 5957/979/4776 5956/978/4776
f 5951/974/4777 5952/973/4777 5959/980/4777 5958/981/4777
f 5952/973/4778 5953/975/4778 5960/982/4778 5959/980/4778
f 5953/975/4779 5954/976/4779 5961/983/4779 5960/982/4779
f 5954/976/4780 5955/977/4780 5962/984/4780 5961/983/4780
f 5955/977/4781 5956/978/4781 5963/985/4781 5962/984/4781
f 5956/978/4782 5957/979/4782 5964/986/4782 5963/985/4782
f 5958/981/4783 5959/980/4783 5966/987/4783 5965/988/4783
f 5959/980/4784 5960/982/4784 5967/989/4784 5966/987/4784
f 5960/982/4785 5961/983/4785 5968/990/4785 5967/989/4785
f 5961/983/4786 5962/984/4786 5969/991/4786 5968/990/4786
f 5962/984/4787 5963/985/4787 5970/992/4787 5969/991/4787
f 5963/985/4788 5964/986/4788 5971/993/4788 5970/992/4788
f 27/148/4789 371/147/4789 5923/945/4789 1597/994/4789
f 371/147/4790 370/146/4790 5924/946/4790 5923/945/4790
f 370/146/4791 369/145/4791 5925/949/4791 5924/946/4791
f 369/145/4792 368/144/4792 5926/951/4792 5925/949/4792
f 368/144/4793 367/143/4793 5927/953/4793 5926/951/4793
f 367/143/4794 366/142/4794 5928/955/4794 5927/953/4794
f 366/142/4795 365/141/4795 5929/957/4795 5928/955/4795
f 365/141/4796 30/140/4796 1618/995/4796 5929/957/4796
f 5929/957/4797 1618/995/4797 1619/996/4797 5936/958/4797
f 5936/958/4798 1619/996/4798 1620/997/4798 5943/965/4798
f 5943/965/4799 1620/997/4799 1621/998/4799 5950/972/4799
f 5950/972/4800 1621/998/4800 1622/999/4800 5957/979/4800
f 5957/979/4801 1622/999/4801 1623/1000/4801 5964/986/4801
f 5964/986/4802 1623/1000/4802 1624/1001/4802 5971/993/4802
f 5971/993/4803 1624/1001/4803 100/454/4803 1002/452/4803
f 5970/992/4804 5971/993/4804 1002/452/4804 1003/451/4804
f 5969/991/4805 5970/992/4805 1003/451/4805 1004/450/4805
f 5968/990/4806 5969/991/4806 1004/450/4806 1005/449/4806
f 5967/989/4807 5968/990/4807 1005/449/4807 1006/448/4807
f 5966/987/4808 5967/989/4808 1006/448/4808 1007/447/4808
f 5965/988/4809 5966/987/4809 1007/447/4809 1008/446/4809
f 1603/1002/4810 5965/988/4810 1008/446/4810 97/445/4810
f 1602/1003/4811 5958/981/4811 5965/988/4811 1603/1002/4811
f 1601/1004/4812 5951/974/4812 5958/981/4812 1602/1003/4812
f 1600/1005/4813 5944/967/4813 5951/974/4813 1601/1004/4813
f 1599/1006/4814 5937/960/4814 5944/967/4814 1600/1005/4814
f 1598/1007/4815 5930/948/4815 5937/960/4815 1599/1006/4815
f 1597/994/4816 5923/945/4816 5930/948/4816 1598/1007/4816
f 5972/1008/4817 5973/1009/4817 5980/1010/4817 5979/1011/4817
f 5973/1009/4818 5974/1012/4818 5981/1013/4818 5980/1010/4818
f 5974/1012/4819 5975/1014/4819 5982/1015/4819 5981/1013/4819
f 5975/1014/4820 5976/1016/4820 5983/1017/4820 5982/1015/4820
f 5976/1016/4821 5977/1018/4821 5984/1019/4821 5983/1017/4821
f 5977/1018/4822 5978/1020/4822 5985/1021/4822 5984/1019/4822
f 5979/1011/4823 5980/1010/4823 5987/1022/4823 5986/1023/4823
f 5980/1010/4824 5981/1013/4824 5988/1024/4824 5987/1022/4824
f 5981/1013/4825 5982/1015/4825 5989/1025/4825 5988/1024/4825
f 5982/1015/4826 5983/1017/4826 5990/1026/4826 5989/1025/4826
f 5983/1017/4827 5984/1019/4827 5991/1027/4827 5990/1026/4827
f 5984/1019/4828 5985/1021/4828 5992/1028/4828 5991/1027/4828
f 5986/1023/4829 5987/1022/4829 5994/1029/4829 5993/1030/4829
f 5987/1022/4830 5988/1024/4830 5995/1031/4830 5994/1029/4830
f 5988/1024/4831 5989/1025/4831 5996/1032/4831 5995/1031/4831
f 5989/1025/4832 5990/1026/4832 5997/1033/4832 5996/1032/4832
f 5990/1026/4833 5991/1027/4833 5998/1034/4833 5997/1033/4833
f 5991/1027/4834 5992/1028/4834 5999/1035/4834 5998/1034/4834
f 5993/1030/4835 5994/1029/4835 6001/1036/4835 6000/1037/4835
f 5994/1029/4836 5995/1031/4836 6002/1038/4836 6001/1036/4836
f 5995/1031/4837 5996/1032/4837 6003/1039/4837 6002/1038/4837
f 5996/1032/4838 5997/1033/4838 6004/1040/4838 6003/1039/4838
f 5997/1033/4839 5998/1034/4839 6005/1041/4839 6004/1040/4839
f 5998/1034/4840 5999/1035/4840 6006/1042/4840 6005/1041/4840
f 6000/1037/4841 6001/1036/4841 6008/1043/4841 6007/1044/4841
f 6001/1036/4842 6002/1038/4842 6009/1045/4842 6008/1043/4842
f 6002/1038/4843 6003/1039/4843 6010/1046/4843 6009/1045/4843
f 6003/1039/4844 6004/1040/4844 6011/1047/4844 6010/1046/4844
f 6004/1040/4845 6005/1041/4845 6012/1048/4845 6011/1047/4845
f 6005/1041/4846 6006/1042/4846 6013/1049/4846 6012/1048/4846
f 6007/1044/4847 6008/1043/4847 6015/1050/4847 6014/1051/4847
f 6008/1043/4848 6009/1045/4848 6016/1052/4848 6015/1050/4848
f 6009/1045/4849 6010/1046/4849 6017/1053/4849 6016/1052/4849
f 6010/1046/4850 6011/1047/4850 6018/1054/4850 6017/1053/4850
f 6011/1047/4851 6012/1048/4851 6019/1055/4851 6018/1054/4851
f 6012/1048/4852 6013/1049/4852 6020/1056/4852 6019/1055/4852
f 28/59/4853 378/219/4853 5972/1008/4853 1604/764/4853
f 378/219/4854 377/218/4854 5973/1009/4854 5972/1008/4854
f 377/218/4855 376/217/4855 5974/1012/4855 5973/1009/4855
f 376/217/4856 375/216/4856 5975/1014/4856 5974/1012/4856
f 375/216/4857 374/215/4857 5976/1016/4857 5975/1014/4857
f 374/215/4858 373/214/4858 5977/1018/4858 5976/1016/4858
f 373/214/4859 372/213/4859 5978/1020/4859 5977/1018/4859
f 372/213/4860 27/148/4860 1597/994/4860 5978/1020/4860
f 5978/1020/4861 1597/994/4861 1598/1007/4861 5985/1021/4861
f 5985/1021/4862 1598/1007/4862 1599/1006/4862 5992/1028/4862
f 5992/1028/4863 1599/1006/4863 1600/1005/4863 5999/1035/4863
f 5999/1035/4864 1600/1005/4864 1601/1004/4864 6006/1042/4864
f 6006/1042/4865 1601/1004/4865 1602/1003/4865 6013/1049/4865
f 6013/1049/4866 1602/1003/4866 1603/1002/4866 6020/1056/4866
f 6020/1056/4867 1603/1002/4867 97/445/4867 1009/522/4867
f 6019/1055/4868 6020/1056/4868 1009/522/4868 1010/521/4868
f 6018/1054/4869 6019/1055/4869 1010/521/4869 1011/520/4869
f 6017/1053/4870 6018/1054/4870 1011/520/4870 1012/519/4870
f 6016/1052/4871 6017/1053/4871 1012/519/4871 1013/518/4871
f 6015/1050/4872 6016/1052/4872 1013/518/4872 1014/517/4872
f 6014/1051/4873 6015/1050/4873 1014/517/4873 1015/516/4873
f 1610/770/4874 6014/1051/4874 1015/516/4874 98/373/4874
f 1609/769/4875 6007/1044/4875 6014/1051/4875 1610/770/4875
f 1608/768/4876 6000/1037/4876 6007/1044/4876 1609/769/4876
f 1607/767/4877 5993/1030/4877 6000/1037/4877 1608/768/4877
f 1606/766/4878 5986/1023/4878 5993/1030/4878 1607/767/4878
f 1605/765/4879 5979/1011/4879 5986/1023/4879 1606/766/4879
f 1604/764/4880 5972/1008/4880 5979/1011/4880 1605/765/4880
f 6021/1057/4881 6022/1058/4881 6029/1059/4881 6028/1060/4881
f 6022/1058/4882 6023/1061/4882 6030/1062/4882 6029/1059/4882
f 6023/1061/4883 6024/1063/4883 6031/1064/4883 6030/1062/4883
f 6024/1063/4884 6025/1065/4884 6032/1066/4884 6031/1064/4884
f 6025/1065/4885 6026/1067/4885 6033/1068/4885 6032/1066/4885
f 6026/1067/4886 6027/1069/4886 6034/1070/4886 6033/1068/4886
f 6028/1060/4887 6029/1059/4887 6036/1071/4887 6035/1072/4887
f 6029/1059/4888 6030/1062/4888 6037/1073/4888 6036/1071/4888
f 6030/1062/4889 6031/1064/4889 6038/1074/4889 6037/1073/4889
f 6031/1064/4890 6032/1066/4890 6039/1075/4890 6038/1074/4890
f 6032/1066/4891 6033/1068/4891 6040/1076/4891 6039/1075/4891
f 6033/1068/4892 6034/1070/4892 6041/1077/4892 6040/1076/4892
f 6035/1072/4893 6036/1071/4893 6043/1078/4893 6042/1079/4893
f 6036/1071/4894 6037/1073/4894 6044/1080/4894 6043/1078/4894
f 6037/1073/4895 6038/1074/4895 6045/1081/4895 6044/1080/4895
f 6038/1074/4896 6039/1075/4896 6046/1082/4896 6045/1081/4896
f 6039/1075/4897 6040/1076/4897 6047/1083/4897 6046/1082/4897
f 6040/1076/4898 6041/1077/4898 6048/1084/4898 6047/1083/4898
f 6042/1079/4899 6043/1078/4899 6050/1085/4899 6049/1086/4899
f 6043/1078/4900 6044/1080/4900 6051/1087/4900 6050/1085/4900
f 6044/1080/4901 6045/1081/4901 6052/1088/4901 6051/1087/4901
f 6045/1081/4902 6046/1082/4902 6053/1089/4902 6052/1088/4902
f 6046/1082/4903 6047/1083/4903 6054/1090/4903 6053/1089/4903
f 6047/1083/4904 6048/1084/4904 6055/1091/4904 6054/1090/4904
f 6049/1086/4905 6050/1085/4905 6057/1092/4905 6056/1093/4905
f 6050/1085/4906 6051/1087/4906 6058/1094/4906 6057/1092/4906
f 6051/1087/4907 6052/1088/4907 6059/1095/4907 6058/1094/4907
f 6052/1088/4908 6053/1089/4908 6060/1096/4908 6059/1095/4908
f 6053/1089/4909 6054/1090/4909 6061/1097/4909 6060/1096/4909
f 6054/1090/4910 6055/1091/4910 6062/1098/4910 6061/1097/4910
f 6056/1093/4911 6057/1092/4911 6064/1099/4911 6063/1100/4911
f 6057/1092/4912 6058/1094/4912 6065/1101/4912 6064/1099/4912
f 6058/1094/4913 6059/1095/4913 6066/1102/4913 6065/1101/4913
f 6059/1095/4914 6060/1096/4914 6067/1103/4914 6066/1102/4914
f 6060/1096/4915 6061/1097/4915 6068/1104/4915 6067/1103/4915
f 6061/1097/4916 6062/1098/4916 6069/1105/4916 6068/1104/4916
f 29/131/4917 399/133/4917 6021/1057/4917 1611/645/4917
f 399/133/4918 398/162/4918 6022/1058/4918 6021/1057/4918
f 398/162/4919 397/161/4919 6023/1061/4919 6022/1058/4919
f 397/161/4920 396/160/4920 6024/1063/4920 6023/1061/4920
f 396/160/4921 395/159/4921 6025/1065/4921 6024/1063/4921
f 395/159/4922 394/158/4922 6026/1067/4922 6025/1065/4922
f 394/158/4923 393/156/4923 6027/1069/4923 6026/1067/4923
f 393/156/4924 26/157/4924 1590/938/4924 6027/1069/4924
f 6027/1069/4925 1590/938/4925 1591/944/4925 6034/1070/4925
f 6034/1070/4926 1591/944/4926 1592/943/4926 6041/1077/4926
f 6041/1077/4927 1592/943/4927 1593/942/4927 6048/1084/4927
f 6048/1084/4928 1593/942/4928 1594/941/4928 6055/1091/4928
f 6055/1091/4929 1594/941/4929 1595/940/4929 6062/1098/4929
f 6062/1098/4930 1595/940/4930 1596/939/4930 6069/1105/4930
f 6069/1105/4931 1596/939/4931 96/437/4931 1030/436/4931
f 6068/1104/4932 6069/1105/4932 1030/436/4932 1031/435/4932
f 6067/1103/4933 6068/1104/4933 1031/435/4933 1032/434/4933
f 6066/1102/4934 6067/1103/4934 1032/434/4934 1033/433/4934
f 6065/1101/4935 6066/1102/4935 1033/433/4935 1034/432/4935
f 6064/1099/4936 6065/1101/4936 1034/432/4936 1035/431/4936
f 6063/1100/4937 6064/1099/4937 1035/431/4937 1036/429/4937
f 1617/651/4938 6063/1100/4938 1036/429/4938 99/428/4938
f 1616/650/4939 6056/1093/4939 6063/1100/4939 1617/651/4939
f 1615/649/4940 6049/1086/4940 6056/1093/4940 1616/650/4940
f 1614/648/4941 6042/1079/4941 6049/1086/4941 1615/649/4941
f 1613/647/4942 6035/1072/4942 6042/1079/4942 1614/648/4942
f 1612/646/4943 6028/1060/4943 6035/1072/4943 1613/647/4943
f 1611/645/4944 6021/1057/4944 6028/1060/4944 1612/646/4944
f 6070/1106/4945 6071/1107/4945 6078/1108/4945 6077/1109/4945
f 6071/1107/4946 6072/1110/4946 6079/1111/4946 6078/1108/4946
f 6072/1110/4947 6073/1112/4947 6080/1113/4947 6079/1111/4947
f 6073/1112/4948 6074/1114/4948 6081/1115/4948 6080/1113/4948
f 6074/1114/4949 6075/1116/4949 6082/1117/4949 6081/1115/4949
f 6075/1116/4950 6076/1118/4950 6083/1119/4950 6082/1117/4950
f 6077/1109/4951 6078/1108/4951 6085/1120/4951 6084/1121/4951
f 6078/1108/4952 6079/1111/4952 6086/1122/4952 6085/1120/4952
f 6079/1111/4953 6080/1113/4953 6087/1123/4953 6086/1122/4953
f 6080/1113/4954 6081/1115/4954 6088/1124/4954 6087/1123/4954
f 6081/1115/4955 6082/1117/4955 6089/1125/4955 6088/1124/4955
f 6082/1117/4956 6083/1119/4956 6090/1126/4956 6089/1125/4956
f 6084/1121/4957 6085/1120/4957 6092/1127/4957 6091/1128/4957
f 6085/1120/4958 6086/1122/4958 6093/1129/4958 6092/1127/4958
f 6086/1122/4959 6087/1123/4959 6094/1130/4959 6093/1129/4959
f 6087/1123/4960 6088/1124/4960 6095/1131/4960 6094/1130/4960
f 6088/1124/4961 6089/1125/4961 6096/1132/4961 6095/1131/4961
f 6089/1125/4962 6090/1126/4962 6097/1133/4962 6096/1132/4962
f 6091/1128/4963 6092/1127/4963 6099/1134/4963 6098/1135/4963
f 6092/1127/4964 6093/1129/4964 6100/1136/4964 6099/1134/4964
f 6093/1129/4965 6094/1130/4965 6101/1137/4965 6100/1136/4965
f 6094/1130/4966 6095/1131/4966 6102/1138/4966 6101/1137/4966
f 6095/1131/4967 6096/1132/4967 6103/1139/4967 6102/1138/4967
f 6096/1132/4968 6097/1133/4968 6104/1140/4968 6103/1139/4968
f 6098/1135/4969 6099/1134/4969 6106/1141/4969 6105/1142/4969
f 6099/1134/4970 6100/1136/4970 6107/1143/4970 6106/1141/4970
f 6100/1136/4971 6101/1137/4971 6108/1144/4971 6107/1143/4971
f 6101/1137/4972 6102/1138/4972 6109/1145/4972 6108/1144/4972
f 6102/1138/4973 6103/1139/4973 6110/1146/4973 6109/1145/4973
f 6103/1139/4974 6104/1140/4974 6111/1147/4974 6110/1146/4974
f 6105/1142/4975 6106/1141/4975 6113/1148/4975 6112/1149/4975
f 6106/1141/4976 6107/1143/4976 6114/1150/4976 6113/1148/4976
f 6107/1143/4977 6108/1144/4977 6115/1151/4977 6114/1150/4977
f 6108/1144/4978 6109/1145/4978 6116/1152/4978 6115/1151/4978
f 6109/1145/4979 6110/1146/4979 6117/1153/4979 6116/1152/4979
f 6110/1146/4980 6111/1147/4980 6118/1154/4980 6117/1153/4980
f 30/140/4981 406/291/4981 6070/1106/4981 1618/995/4981
f 406/291/4982 405/290/4982 6071/1107/4982 6070/1106/4982
f 405/290/4983 404/289/4983 6072/1110/4983 6071/1107/4983
f 404/289/4984 403/288/4984 6073/1112/4984 6072/1110/4984
f 403/288/4985 402/287/4985 6074/1114/4985 6073/1112/4985
f 402/287/4986 401/286/4986 6075/1116/4986 6074/1114/4986
f 401/286/4987 400/285/4987 6076/1118/4987 6075/1116/4987
f 400/285/4988 22/284/4988 1562/707/4988 6076/1118/4988
f 6076/1118/4989 1562/707/4989 1563/713/4989 6083/1119/4989
f 6083/1119/4990 1563/713/4990 1564/712/4990 6090/1126/4990
f 6090/1126/4991 1564/712/4991 1565/711/4991 6097/1133/4991
f 6097/1133/4992 1565/711/4992 1566/710/4992 6104/1140/4992
f 6104/1140/4993 1566/710/4993 1567/709/4993 6111/1147/4993
f 6111/1147/4994 1567/709/4994 1568/708/4994 6118/1154/4994
f 6118/1154/4995 1568/708/4995 92/589/4995 1037/587/4995
f 6117/1153/4996 6118/1154/4996 1037/587/4996 1038/586/4996
f 6116/1152/4997 6117/1153/4997 1038/586/4997 1039/585/4997
f 6115/1151/4998 6116/1152/4998 1039/585/4998 1040/584/4998
f 6114/1150/4999 6115/1151/4999 1040/584/4999 1041/583/4999
f 6113/1148/5000 6114/1150/5000 1041/583/5000 1042/582/5000
f 6112/1149/5001 6113/1148/5001 1042/582/5001 1043/581/5001
f 1624/1001/5002 6112/1149/5002 1043/581/5002 100/454/5002
f 1623/1000/5003 6105/1142/5003 6112/1149/5003 1624/1001/5003
f 1622/999/5004 6098/1135/5004 6105/1142/5004 1623/1000/5004
f 1621/998/5005 6091/1128/5005 6098/1135/5005 1622/999/5005
f 1620/997/5006 6084/1121/5006 6091/1128/5006 1621/998/5006
f 1619/996/5007 6077/1109/5007 6084/1121/5007 1620/997/5007
f 1618/995/5008 6070/1106/5008 6077/1109/5008 1619/996/5008
f 6119/595/5009 6120/596/5009 6127/597/5009 6126/598/5009
f 6120/596/5010 6121/599/5010 6128/600/5010 6127/597/5010
f 6121/599/5011 6122/601/5011 6129/602/5011 6128/600/5011
f 6122/601/5012 6123/603/5012 6130/604/5012 6129/602/5012
f 6123/603/5013 6124/605/5013 6131/606/5013 6130/604/5013
f 6124/605/5014 6125/607/5014 6132/608/5014 6131/606/5014
f 6126/598/5015 6127/597/5015 6134/609/5015 6133/610/5015
f 6127/597/5016 6128/600/5016 6135/611/5016 6134/609/5016
f 6128/600/5017 6129/602/5017 6136/612/5017 6135/611/5017
f 6129/602/5018 6130/604/5018 6137/613/5018 6136/612/5018
f 6130/604/5019 6131/606/5019 6138/614/5019 6137/613/5019
f 6131/606/5020 6132/608/5020 6139/615/5020 6138/614/5020
f 6133/610/5021 6134/609/5021 6141/616/5021 6140/617/5021
f 6134/609/5022 6135/611/5022 6142/618/5022 6141/616/5022
f 6135/611/5023 6136/612/5023 6143/619/5023 6142/618/5023
f 6136/612/5024 6137/613/5024 6144/620/5024 6143/619/5024
f 6137/613/5025 6138/614/5025 6145/621/5025 6144/620/5025
f 6138/614/5026 6139/615/5026 6146/622/5026 6145/621/5026
f 6140/617/5027 6141/616/5027 6148/623/5027 6147/624/5027
f 6141/616/5028 6142/618/5028 6149/625/5028 6148/623/5028
f 6142/618/5029 6143/619/5029 6150/626/5029 6149/625/5029
f 6143/619/5030 6144/620/5030 6151/627/5030 6150/626/5030
f 6144/620/5031 6145/621/5031 6152/628/5031 6151/627/5031
f 6145/621/5032 6146/622/5032 6153/629/5032 6152/628/5032
f 6147/624/5033 6148/623/5033 6155/630/5033 6154/631/5033
f 6148/623/5034 6149/625/5034 6156/632/5034 6155/630/5034
f 6149/625/5035 6150/626/5035 6157/633/5035 6156/632/5035
f 6150/626/5036 6151/627/5036 6158/634/5036 6157/633/5036
f 6151/627/5037 6152/628/5037 6159/635/5037 6158/634/5037
f 6152/628/5038 6153/629/5038 6160/636/5038 6159/635/5038
f 6154/631/5039 6155/630/5039 6162/637/5039 6161/638/5039
f 6155/630/5040 6156/632/5040 6163/639/5040 6162/637/5040
f 6156/632/5041 6157/633/5041 6164/640/5041 6163/639/5041
f 6157/633/5042 6158/634/5042 6165/641/5042 6164/640/5042
f 6158/634/5043 6159/635/5043 6166/642/5043 6165/641/5043
f 6159/635/5044 6160/636/5044 6167/643/5044 6166/642/5044
f 31/275/5045 420/277/5045 6119/595/5045 1625/644/5045
f 420/277/5046 419/297/5046 6120/596/5046 6119/595/5046
f 419/297/5047 418/296/5047 6121/599/5047 6120/596/5047
f 418/296/5048 417/295/5048 6122/601/5048 6121/599/5048
f 417/295/5049 416/294/5049 6123/603/5049 6122/601/5049
f 416/294/5050 415/293/5050 6124/605/5050 6123/603/5050
f 415/293/5051 414/292/5051 6125/607/5051 6124/605/5051
f 414/292/5052 39/131/5052 1681/645/5052 6125/607/5052
f 6125/607/5053 1681/645/5053 1682/646/5053 6132/608/5053
f 6132/608/5054 1682/646/5054 1683/647/5054 6139/615/5054
f 6139/615/5055 1683/647/5055 1684/648/5055 6146/622/5055
f 6146/622/5056 1684/648/5056 1685/649/5056 6153/629/5056
f 6153/629/5057 1685/649/5057 1686/650/5057 6160/636/5057
f 6160/636/5058 1686/650/5058 1687/651/5058 6167/643/5058
f 6167/643/5059 1687/651/5059 109/428/5059 1051/580/5059
f 6166/642/5060 6167/643/5060 1051/580/5060 1052/579/5060
f 6165/641/5061 6166/642/5061 1052/579/5061 1053/578/5061
f 6164/640/5062 6165/641/5062 1053/578/5062 1054/577/5062
f 6163/639/5063 6164/640/5063 1054/577/5063 1055/576/5063
f 6162/637/5064 6163/639/5064 1055/576/5064 1056/575/5064
f 6161/638/5065 6162/637/5065 1056/575/5065 1057/573/5065
f 1631/652/5066 6161/638/5066 1057/573/5066 101/572/5066
f 1630/653/5067 6154/631/5067 6161/638/5067 1631/652/5067
f 1629/654/5068 6147/624/5068 6154/631/5068 1630/653/5068
f 1628/655/5069 6140/617/5069 6147/624/5069 1629/654/5069
f 1627/656/5070 6133/610/5070 6140/617/5070 1628/655/5070
f 1626/657/5071 6126/598/5071 6133/610/5071 1627/656/5071
f 1625/644/5072 6119/595/5072 6126/598/5072 1626/657/5072
f 6168/658/5073 6169/659/5073 6176/660/5073 6175/661/5073
f 6169/659/5074 6170/662/5074 6177/663/5074 6176/660/5074
f 6170/662/5075 6171/664/5075 6178/665/5075 6177/663/5075
f 6171/664/5076 6172/666/5076 6179/667/5076 6178/665/5076
f 6172/666/5077 6173/668/5077 6180/669/5077 6179/667/5077
f 6173/668/5078 6174/670/5078 6181/671/5078 6180/669/5078
f 6175/661/5079 6176/660/5079 6183/672/5079 6182/673/5079
f 6176/660/5080 6177/663/5080 6184/674/5080 6183/672/5080
f 6177/663/5081 6178/665/5081 6185/675/5081 6184/674/5081
f 6178/665/5082 6179/667/5082 6186/676/5082 6185/675/5082
f 6179/667/5083 6180/669/5083 6187/677/5083 6186/676/5083
f 6180/669/5084 6181/671/5084 6188/678/5084 6187/677/5084
f 6182/673/5085 6183/672/5085 6190/679/5085 6189/680/5085
f 6183/672/5086 6184/674/5086 6191/681/5086 6190/679/5086
f 6184/674/5087 6185/675/5087 6192/682/5087 6191/681/5087
f 6185/675/5088 6186/676/5088 6193/683/5088 6192/682/5088
f 6186/676/5089 6187/677/5089 6194/684/5089 6193/683/5089
f 6187/677/5090 6188/678/5090 6195/685/5090 6194/684/5090
f 6189/680/5091 6190/679/5091 6197/686/5091 6196/687/5091
f 6190/679/5092 6191/681/5092 6198/688/5092 6197/686/5092
f 6191/681/5093 6192/682/5093 6199/689/5093 6198/688/5093
f 6192/682/5094 6193/683/5094 6200/690/5094 6199/689/5094
f 6193/683/5095 6194/684/5095 6201/691/5095 6200/690/5095
f 6194/684/5096 6195/685/5096 6202/692/5096 6201/691/5096
f 6196/687/5097 6197/686/5097 6204/693/5097 6203/694/5097
f 6197/686/5098 6198/688/5098 6205/695/5098 6204/693/5098
f 6198/688/5099 6199/689/5099 6206/696/5099 6205/695/5099
f 6199/689/5100 6200/690/5100 6207/697/5100 6206/696/5100
f 6200/690/5101 6201/691/5101 6208/698/5101 6207/697/5101
f 6201/691/5102 6202/692/5102 6209/699/5102 6208/698/5102
f 6203/694/5103 6204/693/5103 6211/700/5103 6210/701/5103
f 6204/693/5104 6205/695/5104 6212/702/5104 6211/700/5104
f 6205/695/5105 6206/696/5105 6213/703/5105 6212/702/5105
f 6206/696/5106 6207/697/5106 6214/704/5106 6213/703/5106
f 6207/697/5107 6208/698/5107 6215/705/5107 6214/704/5107
f 6208/698/5108 6209/699/5108 6216/706/5108 6215/705/5108
f 32/284/5109 427/283/5109 6168/658/5109 1632/707/5109
f 427/283/5110 426/282/5110 6169/659/5110 6168/658/5110
f 426/282/5111 425/281/5111 6170/662/5111 6169/659/5111
f 425/281/5112 424/280/5112 6171/664/5112 6170/662/5112
f 424/280/5113 423/279/5113 6172/666/5113 6171/664/5113
f 423/279/5114 422/278/5114 6173/668/5114 6172/666/5114
f 422/278/5115 421/276/5115 6174/670/5115 6173/668/5115
f 421/276/5116 31/275/5116 1625/644/5116 6174/670/5116
f 6174/670/5117 1625/644/5117 1626/657/5117 6181/671/5117
f 6181/671/5118 1626/657/5118 1627/656/5118 6188/678/5118
f 6188/678/5119 1627/656/5119 1628/655/5119 6195/685/5119
f 6195/685/5120 1628/655/5120 1629/654/5120 6202/692/5120
f 6202/692/5121 1629/654/5121 1630/653/5121 6209/699/5121
f 6209/699/5122 1630/653/5122 1631/652/5122 6216/706/5122
f 6216/706/5123 1631/652/5123 101/572/5123 1058/574/5123
f 6215/705/5124 6216/706/5124 1058/574/5124 1059/594/5124
f 6214/704/5125 6215/705/5125 1059/594/5125 1060/593/5125
f 6213/703/5126 6214/704/5126 1060/593/5126 1061/592/5126
f 6212/702/5127 6213/703/5127 1061/592/5127 1062/591/5127
f 6211/700/5128 6212/702/5128 1062/591/5128 1063/590/5128
f 6210/701/5129 6211/700/5129 1063/590/5129 1064/588/5129
f 1638/708/5130 6210/701/5130 1064/588/5130 102/589/5130
f 1637/709/5131 6203/694/5131 6210/701/5131 1638/708/5131
f 1636/710/5132 6196/687/5132 6203/694/5132 1637/709/5132
f 1635/711/5133 6189/680/5133 6196/687/5133 1636/710/5133
f 1634/712/5134 6182/673/5134 6189/680/5134 1635/711/5134
f 1633/713/5135 6175/661/5135 6182/673/5135 1634/712/5135
f 1632/707/5136 6168/658/5136 6175/661/5136 1633/713/5136
f 6217/714/5137 6218/715/5137 6225/716/5137 6224/717/5137
f 6218/715/5138 6219/718/5138 6226/719/5138 6225/716/5138
f 6219/718/5139 6220/720/5139 6227/721/5139 6226/719/5139
f 6220/720/5140 6221/722/5140 6228/723/5140 6227/721/5140
f 6221/722/5141 6222/724/5141 6229/725/5141 6228/723/5141
f 6222/724/5142 6223/726/5142 6230/727/5142 6229/725/5142
f 6224/717/5143 6225/716/5143 6232/728/5143 6231/729/5143
f 6225/716/5144 6226/719/5144 6233/730/5144 6232/728/5144
f 6226/719/5145 6227/721/5145 6234/731/5145 6233/730/5145
f 6227/721/5146 6228/723/5146 6235/732/5146 6234/731/5146
f 6228/723/5147 6229/725/5147 6236/733/5147 6235/732/5147
f 6229/725/5148 6230/727/5148 6237/734/5148 6236/733/5148
f 6231/729/5149 6232/728/5149 6239/735/5149 6238/736/5149
f 6232/728/5150 6233/730/5150 6240/737/5150 6239/735/5150
f 6233/730/5151 6234/731/5151 6241/738/5151 6240/737/5151
f 6234/731/5152 6235/732/5152 6242/739/5152 6241/738/5152
f 6235/732/5153 6236/733/5153 6243/740/5153 6242/739/5153
f 6236/733/5154 6237/734/5154 6244/741/5154 6243/740/5154
f 6238/736/5155 6239/735/5155 6246/742/5155 6245/743/5155
f 6239/735/5156 6240/737/5156 6247/744/5156 6246/742/5156
f 6240/737/5157 6241/738/5157 6248/745/5157 6247/744/5157
f 6241/738/5158 6242/739/5158 6249/746/5158 6248/745/5158
f 6242/739/5159 6243/740/5159 6250/747/5159 6249/746/5159
f 6243/740/5160 6244/741/5160 6251/748/5160 6250/747/5160
f 6245/743/5161 6246/742/5161 6253/749/5161 6252/750/5161
f 6246/742/5162 6247/744/5162 6254/751/5162 6253/749/5162
f 6247/744/5163 6248/745/5163 6255/752/5163 6254/751/5163
f 6248/745/5164 6249/746/5164 6256/753/5164 6255/752/5164
f 6249/746/5165 6250/747/5165 6257/754/5165 6256/753/5165
f 6250/747/5166 6251/748/5166 6258/755/5166 6257/754/5166
f 6252/750/5167 6253/749/5167 6260/756/5167 6259/757/5167
f 6253/749/5168 6254/751/5168 6261/758/5168 6260/756/5168
f 6254/751/5169 6255/752/5169 6262/759/5169 6261/758/5169
f 6255/752/5170 6256/753/5170 6263/760/5170 6262/759/5170
f 6256/753/5171 6257/754/5171 6264/761/5171 6263/760/5171
f 6257/754/5172 6258/755/5172 6265/762/5172 6264/761/5172
f 34/67/5173 434/66/5173 6217/714/5173 1646/763/5173
f 434/66/5174 433/65/5174 6218/715/5174 6217/714/5174
f 433/65/5175 432/64/5175 6219/718/5175 6218/715/5175
f 432/64/5176 431/63/5176 6220/720/5176 6219/718/5176
f 431/63/5177 430/62/5177 6221/722/5177 6220/720/5177
f 430/62/5178 429/61/5178 6222/724/5178 6221/722/5178
f 429/61/5179 428/60/5179 6223/726/5179 6222/724/5179
f 428/60/5180 38/59/5180 1674/764/5180 6223/726/5180
f 6223/726/5181 1674/764/5181 1675/765/5181 6230/727/5181
f 6230/727/5182 1675/765/5182 1676/766/5182 6237/734/5182
f 6237/734/5183 1676/766/5183 1677/767/5183 6244/741/5183
f 6244/741/5184 1677/767/5184 1678/768/5184 6251/748/5184
f 6251/748/5185 1678/768/5185 1679/769/5185 6258/755/5185
f 6258/755/5186 1679/769/5186 1680/770/5186 6265/762/5186
f 6265/762/5187 1680/770/5187 108/373/5187 1065/371/5187
f 6264/761/5188 6265/762/5188 1065/371/5188 1066/370/5188
f 6263/760/5189 6264/761/5189 1066/370/5189 1067/369/5189
f 6262/759/5190 6263/760/5190 1067/369/5190 1068/368/5190
f 6261/758/5191 6262/759/5191 1068/368/5191 1069/367/5191
f 6260/756/5192 6261/758/5192 1069/367/5192 1070/366/5192
f 6259/757/5193 6260/756/5193 1070/366/5193 1071/365/5193
f 1652/771/5194 6259/757/5194 1071/365/5194 104/364/5194
f 1651/772/5195 6252/750/5195 6259/757/5195 1652/771/5195
f 1650/773/5196 6245/743/5196 6252/750/5196 1651/772/5196
f 1649/774/5197 6238/736/5197 6245/743/5197 1650/773/5197
f 1648/775/5198 6231/729/5198 6238/736/5198 1649/774/5198
f 1647/776/5199 6224/717/5199 6231/729/5199 1648/775/5199
f 1646/763/5200 6217/714/5200 6224/717/5200 1647/776/5200
f 6266/777/5201 6267/778/5201 6274/779/5201 6273/780/5201
f 6267/778/5202 6268/781/5202 6275/782/5202 6274/779/5202
f 6268/781/5203 6269/783/5203 6276/784/5203 6275/782/5203
f 6269/783/5204 6270/785/5204 6277/786/5204 6276/784/5204
f 6270/785/5205 6271/787/5205 6278/788/5205 6277/786/5205
f 6271/787/5206 6272/789/5206 6279/790/5206 6278/788/5206
f 6273/780/5207 6274/779/5207 6281/791/5207 6280/792/5207
f 6274/779/5208 6275/782/5208 6282/793/5208 6281/791/5208
f 6275/782/5209 6276/784/5209 6283/794/5209 6282/793/5209
f 6276/784/5210 6277/786/5210 6284/795/5210 6283/794/5210
f 6277/786/5211 6278/788/5211 6285/796/5211 6284/795/5211
f 6278/788/5212 6279/790/5212 6286/797/5212 6285/796/5212
f 6280/792/5213 6281/791/5213 6288/798/5213 6287/799/5213
f 6281/791/5214 6282/793/5214 6289/800/5214 6288/798/5214
f 6282/793/5215 6283/794/5215 6290/801/5215 6289/800/5215
f 6283/794/5216 6284/795/5216 6291/802/5216 6290/801/5216
f 6284/795/5217 6285/796/5217 6292/803/5217 6291/802/5217
f 6285/796/5218 6286/797/5218 6293/804/5218 6292/803/5218
f 6287/799/5219 6288/798/5219 6295/805/5219 6294/806/5219
f 6288/798/5220 6289/800/5220 6296/807/5220 6295/805/5220
f 6289/800/5221 6290/801/5221 6297/808/5221 6296/807/5221
f 6290/801/5222 6291/802/5222 6298/809/5222 6297/808/5222
f 6291/802/5223 6292/803/5223 6299/810/5223 6298/809/5223
f 6292/803/5224 6293/804/5224 6300/811/5224 6299/810/5224
f 6294/806/5225 6295/805/5225 6302/812/5225 6301/813/5225
f 6295/805/5226 6296/807/5226 6303/814/5226 6302/812/5226
f 6296/807/5227 6297/808/5227 6304/815/5227 6303/814/5227
f 6297/808/5228 6298/809/5228 6305/816/5228 6304/815/5228
f 6298/809/5229 6299/810/5229 6306/817/5229 6305/816/5229
f 6299/810/5230 6300/811/5230 6307/818/5230 6306/817/5230
f 6301/813/5231 6302/812/5231 6309/819/5231 6308/820/5231
f 6302/812/5232 6303/814/5232 6310/821/5232 6309/819/5232
f 6303/814/5233 6304/815/5233 6311/822/5233 6310/821/5233
f 6304/815/5234 6305/816/5234 6312/823/5234 6311/822/5234
f 6305/816/5235 6306/817/5235 6313/824/5235 6312/823/5235
f 6306/817/5236 6307/818/5236 6314/825/5236 6313/824/5236
f 33/76/5237 441/74/5237 6266/777/5237 1639/826/5237
f 441/74/5238 440/73/5238 6267/778/5238 6266/777/5238
f 440/73/5239 439/72/5239 6268/781/5239 6267/778/5239
f 439/72/5240 438/71/5240 6269/783/5240 6268/781/5240
f 438/71/5241 437/70/5241 6270/785/5241 6269/783/5241
f 437/70/5242 436/69/5242 6271/787/5242 6270/785/5242
f 436/69/5243 435/68/5243 6272/789/5243 6271/787/5243
f 435/68/5244 34/67/5244 1646/763/5244 6272/789/5244
f 6272/789/5245 1646/763/5245 1647/776/5245 6279/790/5245
f 6279/790/5246 1647/776/5246 1648/775/5246 6286/797/5246
f 6286/797/5247 1648/775/5247 1649/774/5247 6293/804/5247
f 6293/804/5248 1649/774/5248 1650/773/5248 6300/811/5248
f 6300/811/5249 1650/773/5249 1651/772/5249 6307/818/5249
f 6307/818/5250 1651/772/5250 1652/771/5250 6314/825/5250
f 6314/825/5251 1652/771/5251 104/364/5251 1072/363/5251
f 6313/824/5252 6314/825/5252 1072/363/5252 1073/362/5252
f 6312/823/5253 6313/824/5253 1073/362/5253 1074/361/5253
f 6311/822/5254 6312/823/5254 1074/361/5254 1075/360/5254
f 6310/821/5255 6311/822/5255 1075/360/5255 1076/359/5255
f 6309/819/5256 6310/821/5256 1076/359/5256 1077/358/5256
f 6308/820/5257 6309/819/5257 1077/358/5257 1078/357/5257
f 1645/827/5258 6308/820/5258 1078/357/5258 103/356/5258
f 1644/828/5259 6301/813/5259 6308/820/5259 1645/827/5259
f 1643/829/5260 6294/806/5260 6301/813/5260 1644/828/5260
f 1642/830/5261 6287/799/5261 6294/806/5261 1643/829/5261
f 1641/831/5262 6280/792/5262 6287/799/5262 1642/830/5262
f 1640/832/5263 6273/780/5263 6280/792/5263 1641/831/5263
f 1639/826/5264 6266/777/5264 6273/780/5264 1640/832/5264
f 6315/833/5265 6316/834/5265 6323/835/5265 6322/836/5265
f 6316/834/5266 6317/837/5266 6324/838/5266 6323/835/5266
f 6317/837/5267 6318/839/5267 6325/840/5267 6324/838/5267
f 6318/839/5268 6319/841/5268 6326/842/5268 6325/840/5268
f 6319/841/5269 6320/843/5269 6327/844/5269 6326/842/5269
f 6320/843/5270 6321/845/5270 6328/846/5270 6327/844/5270
f 6322/836/5271 6323/835/5271 6330/847/5271 6329/848/5271
f 6323/835/5272 6324/838/5272 6331/849/5272 6330/847/5272
f 6324/838/5273 6325/840/5273 6332/850/5273 6331/849/5273
f 6325/840/5274 6326/842/5274 6333/851/5274 6332/850/5274
f 6326/842/5275 6327/844/5275 6334/852/5275 6333/851/5275
f 6327/844/5276 6328/846/5276 6335/853/5276 6334/852/5276
f 6329/848/5277 6330/847/5277 6337/854/5277 6336/855/5277
f 6330/847/5278 6331/849/5278 6338/856/5278 6337/854/5278
f 6331/849/5279 6332/850/5279 6339/857/5279 6338/856/5279
f 6332/850/5280 6333/851/5280 6340/858/5280 6339/857/5280
f 6333/851/5281 6334/852/5281 6341/859/5281 6340/858/5281
f 6334/852/5282 6335/853/5282 6342/860/5282 6341/859/5282
f 6336/855/5283 6337/854/5283 6344/861/5283 6343/862/5283
f 6337/854/5284 6338/856/5284 6345/863/5284 6344/861/5284
f 6338/856/5285 6339/857/5285 6346/864/5285 6345/863/5285
f 6339/857/5286 6340/858/5286 6347/865/5286 6346/864/5286
f 6340/858/5287 6341/859/5287 6348/866/5287 6347/865/5287
f 6341/859/5288 6342/860/5288 6349/867/5288 6348/866/5288
f 6343/862/5289 6344/861/5289 6351/868/5289 6350/869/5289
f 6344/861/5290 6345/863/5290 6352/870/5290 6351/868/5290
f 6345/863/5291 6346/864/5291 6353/871/5291 6352/870/5291
f 6346/864/5292 6347/865/5292 6354/872/5292 6353/871/5292
f 6347/865/5293 6348/866/5293 6355/873/5293 6354/872/5293
f 6348/866/5294 6349/867/5294 6356/874/5294 6355/873/5294
f 6350/869/5295 6351/868/5295 6358/875/5295 6357/876/5295
f 6351/868/5296 6352/870/5296 6359/877/5296 6358/875/5296
f 6352/870/5297 6353/871/5297 6360/878/5297 6359/877/5297
f 6353/871/5298 6354/872/5298 6361/879/5298 6360/878/5298
f 6354/872/5299 6355/873/5299 6362/880/5299 6361/879/5299
f 6355/873/5300 6356/874/5300 6363/881/5300 6362/880/5300
f 35/50/5301 448/52/5301 6315/833/5301 1653/882/5301
f 448/52/5302 447/81/5302 6316/834/5302 6315/833/5302
f 447/81/5303 446/80/5303 6317/837/5303 6316/834/5303
f 446/80/5304 445/79/5304 6318/839/5304 6317/837/5304
f 445/79/5305 444/78/5305 6319/841/5305 6318/839/5305
f 444/78/5306 443/77/5306 6320/843/5306 6319/841/5306
f 443/77/5307 442/75/5307 6321/845/5307 6320/843/5307
f 442/75/5308 33/76/5308 1639/826/5308 6321/845/5308
f 6321/845/5309 1639/826/5309 1640/832/5309 6328/846/5309
f 6328/846/5310 1640/832/5310 1641/831/5310 6335/853/5310
f 6335/853/5311 1641/831/5311 1642/830/5311 6342/860/5311
f 6342/860/5312 1642/830/5312 1643/829/5312 6349/867/5312
f 6349/867/5313 1643/829/5313 1644/828/5313 6356/874/5313
f 6356/874/5314 1644/828/5314 1645/827/5314 6363/881/5314
f 6363/881/5315 1645/827/5315 103/356/5315 1079/355/5315
f 6362/880/5316 6363/881/5316 1079/355/5316 1080/354/5316
f 6361/879/5317 6362/880/5317 1080/354/5317 1081/353/5317
f 6360/878/5318 6361/879/5318 1081/353/5318 1082/352/5318
f 6359/877/5319 6360/878/5319 1082/352/5319 1083/351/5319
f 6358/875/5320 6359/877/5320 1083/351/5320 1084/350/5320
f 6357/876/5321 6358/875/5321 1084/350/5321 1085/348/5321
f 1659/883/5322 6357/876/5322 1085/348/5322 105/347/5322
f 1658/884/5323 6350/869/5323 6357/876/5323 1659/883/5323
f 1657/885/5324 6343/862/5324 6350/869/5324 1658/884/5324
f 1656/886/5325 6336/855/5325 6343/862/5325 1657/885/5325
f 1655/887/5326 6329/848/5326 6336/855/5326 1656/886/5326
f 1654/888/5327 6322/836/5327 6329/848/5327 1655/887/5327
f 1653/882/5328 6315/833/5328 6322/836/5328 1654/888/5328
f 6364/889/5329 6365/890/5329 6372/891/5329 6371/892/5329
f 6365/890/5330 6366/893/5330 6373/894/5330 6372/891/5330
f 6366/893/5331 6367/895/5331 6374/896/5331 6373/894/5331
f 6367/895/5332 6368/897/5332 6375/898/5332 6374/896/5332
f 6368/897/5333 6369/899/5333 6376/900/5333 6375/898/5333
f 6369/899/5334 6370/901/5334 6377/902/5334 6376/900/5334
f 6371/892/5335 6372/891/5335 6379/903/5335 6378/904/5335
f 6372/891/5336 6373/894/5336 6380/905/5336 6379/903/5336
f 6373/894/5337 6374/896/5337 6381/906/5337 6380/905/5337
f 6374/896/5338 6375/898/5338 6382/907/5338 6381/906/5338
f 6375/898/5339 6376/900/5339 6383/908/5339 6382/907/5339
f 6376/900/5340 6377/902/5340 6384/909/5340 6383/908/5340
f 6378/904/5341 6379/903/5341 6386/910/5341 6385/911/5341
f 6379/903/5342 6380/905/5342 6387/912/5342 6386/910/5342
f 6380/905/5343 6381/906/5343 6388/913/5343 6387/912/5343
f 6381/906/5344 6382/907/5344 6389/914/5344 6388/913/5344
f 6382/907/5345 6383/908/5345 6390/915/5345 6389/914/5345
f 6383/908/5346 6384/909/5346 6391/916/5346 6390/915/5346
f 6385/911/5347 6386/910/5347 6393/917/5347 6392/918/5347
f 6386/910/5348 6387/912/5348 6394/919/5348 6393/917/5348
f 6387/912/5349 6388/913/5349 6395/920/5349 6394/919/5349
f 6388/913/5350 6389/914/5350 6396/921/5350 6395/920/5350
f 6389/914/5351 6390/915/5351 6397/922/5351 6396/921/5351
f 6390/915/5352 6391/916/5352 6398/923/5352 6397/922/5352
f 6392/918/5353 6393/917/5353 6400/924/5353 6399/925/5353
f 6393/917/5354 6394/919/5354 6401/926/5354 6400/924/5354
f 6394/919/5355 6395/920/5355 6402/927/5355 6401/926/5355
f 6395/920/5356 6396/921/5356 6403/928/5356 6402/927/5356
f 6396/921/5357 6397/922/5357 6404/929/5357 6403/928/5357
f 6397/922/5358 6398/923/5358 6405/930/5358 6404/929/5358
f 6399/925/5359 6400/924/5359 6407/931/5359 6406/932/5359
f 6400/924/5360 6401/926/5360 6408/933/5360 6407/931/5360
f 6401/926/5361 6402/927/5361 6409/934/5361 6408/933/5361
f 6402/927/5362 6403/928/5362 6410/935/5362 6409/934/5362
f 6403/928/5363 6404/929/5363 6411/936/5363 6410/935/5363
f 6404/929/5364 6405/930/5364 6412/937/5364 6411/936/5364
f 36/157/5365 455/212/5365 6364/889/5365 1660/938/5365
f 455/212/5366 454/225/5366 6365/890/5366 6364/889/5366
f 454/225/5367 453/224/5367 6366/893/5367 6365/890/5367
f 453/224/5368 452/223/5368 6367/895/5368 6366/893/5368
f 452/223/5369 451/222/5369 6368/897/5369 6367/895/5369
f 451/222/5370 450/221/5370 6369/899/5370 6368/897/5370
f 450/221/5371 449/220/5371 6370/901/5371 6369/899/5371
f 449/220/5372 35/50/5372 1653/882/5372 6370/901/5372
f 6370/901/5373 1653/882/5373 1654/888/5373 6377/902/5373
f 6377/902/5374 1654/888/5374 1655/887/5374 6384/909/5374
f 6384/909/5375 1655/887/5375 1656/886/5375 6391/916/5375
f 6391/916/5376 1656/886/5376 1657/885/5376 6398/923/5376
f 6398/923/5377 1657/885/5377 1658/884/5377 6405/930/5377
f 6405/930/5378 1658/884/5378 1659/883/5378 6412/937/5378
f 6412/937/5379 1659/883/5379 105/347/5379 1086/515/5379
f 6411/936/5380 6412/937/5380 1086/515/5380 1087/514/5380
f 6410/935/5381 6411/936/5381 1087/514/5381 1088/513/5381
f 6409/934/5382 6410/935/5382 1088/513/5382 1089/512/5382
f 6408/933/5383 6409/934/5383 1089/512/5383 1090/511/5383
f 6407/931/5384 6408/933/5384 1090/511/5384 1091/510/5384
f 6406/932/5385 6407/931/5385 1091/510/5385 1092/509/5385
f 1666/939/5386 6406/932/5386 1092/509/5386 106/437/5386
f 1665/940/5387 6399/925/5387 6406/932/5387 1666/939/5387
f 1664/941/5388 6392/918/5388 6399/925/5388 1665/940/5388
f 1663/942/5389 6385/911/5389 6392/918/5389 1664/941/5389
f 1662/943/5390 6378/904/5390 6385/911/5390 1663/942/5390
f 1661/944/5391 6371/892/5391 6378/904/5391 1662/943/5391
f 1660/938/5392 6364/889/5392 6371/892/5392 1661/944/5392
f 6413/945/5393 6414/946/5393 6421/947/5393 6420/948/5393
f 6414/946/5394 6415/949/5394 6422/950/5394 6421/947/5394
f 6415/949/5395 6416/951/5395 6423/952/5395 6422/950/5395
f 6416/951/5396 6417/953/5396 6424/954/5396 6423/952/5396
f 6417/953/5397 6418/955/5397 6425/956/5397 6424/954/5397
f 6418/955/5398 6419/957/5398 6426/958/5398 6425/956/5398
f 6420/948/5399 6421/947/5399 6428/959/5399 6427/960/5399
f 6421/947/5400 6422/950/5400 6429/961/5400 6428/959/5400
f 6422/950/5401 6423/952/5401 6430/962/5401 6429/961/5401
f 6423/952/5402 6424/954/5402 6431/963/5402 6430/962/5402
f 6424/954/5403 6425/956/5403 6432/964/5403 6431/963/5403
f 6425/956/5404 6426/958/5404 6433/965/5404 6432/964/5404
f 6427/960/5405 6428/959/5405 6435/966/5405 6434/967/5405
f 6428/959/5406 6429/961/5406 6436/968/5406 6435/966/5406
f 6429/961/5407 6430/962/5407 6437/969/5407 6436/968/5407
f 6430/962/5408 6431/963/5408 6438/970/5408 6437/969/5408
f 6431/963/5409 6432/964/5409 6439/971/5409 6438/970/5409
f 6432/964/5410 6433/965/5410 6440/972/5410 6439/971/5410
f 6434/967/5411 6435/966/5411 6442/973/5411 6441/974/5411
f 6435/966/5412 6436/968/5412 6443/975/5412 6442/973/5412
f 6436/968/5413 6437/969/5413 6444/976/5413 6443/975/5413
f 6437/969/5414 6438/970/5414 6445/977/5414 6444/976/5414
f 6438/970/5415 6439/971/5415 6446/978/5415 6445/977/5415
f 6439/971/5416 6440/972/5416 6447/979/5416 6446/978/5416
f 6441/974/5417 6442/973/5417 6449/980/5417 6448/981/5417
f 6442/973/5418 6443/975/5418 6450/982/5418 6449/980/5418
f 6443/975/5419 6444/976/5419 6451/983/5419 6450/982/5419
f 6444/976/5420 6445/977/5420 6452/984/5420 6451/983/5420
f 6445/977/5421 6446/978/5421 6453/985/5421 6452/984/5421
f 6446/978/5422 6447/979/5422 6454/986/5422 6453/985/5422
f 6448/981/5423 6449/980/5423 6456/987/5423 6455/988/5423
f 6449/980/5424 6450/982/5424 6457/989/5424 6456/987/5424
f 6450/982/5425 6451/983/5425 6458/990/5425 6457/989/5425
f 6451/983/5426 6452/984/5426 6459/991/5426 6458/990/5426
f 6452/984/5427 6453/985/5427 6460/992/5427 6459/991/5427
f 6453/985/5428 6454/986/5428 6461/993/5428 6460/992/5428
f 37/148/5429 462/147/5429 6413/945/5429 1667/994/5429
f 462/147/5430 461/146/5430 6414/946/5430 6413/945/5430
f 461/146/5431 460/145/5431 6415/949/5431 6414/946/5431
f 460/145/5432 459/144/5432 6416/951/5432 6415/949/5432
f 459/144/5433 458/143/5433 6417/953/5433 6416/951/5433
f 458/143/5434 457/142/5434 6418/955/5434 6417/953/5434
f 457/142/5435 456/141/5435 6419/957/5435 6418/955/5435
f 456/141/5436 40/140/5436 1688/995/5436 6419/957/5436
f 6419/957/5437 1688/995/5437 1689/996/5437 6426/958/5437
f 6426/958/5438 1689/996/5438 1690/997/5438 6433/965/5438
f 6433/965/5439 1690/997/5439 1691/998/5439 6440/972/5439
f 6440/972/5440 1691/998/5440 1692/999/5440 6447/979/5440
f 6447/979/5441 1692/999/5441 1693/1000/5441 6454/986/5441
f 6454/986/5442 1693/1000/5442 1694/1001/5442 6461/993/5442
f 6461/993/5443 1694/1001/5443 110/454/5443 1093/452/5443
f 6460/992/5444 6461/993/5444 1093/452/5444 1094/451/5444
f 6459/991/5445 6460/992/5445 1094/451/5445 1095/450/5445
f 6458/990/5446 6459/991/5446 1095/450/5446 1096/449/5446
f 6457/989/5447 6458/990/5447 1096/449/5447 1097/448/5447
f 6456/987/5448 6457/989/5448 1097/448/5448 1098/447/5448
f 6455/988/5449 6456/987/5449 1098/447/5449 1099/446/5449
f 1673/1002/5450 6455/988/5450 1099/446/5450 107/445/5450
f 1672/1003/5451 6448/981/5451 6455/988/5451 1673/1002/5451
f 1671/1004/5452 6441/974/5452 6448/981/5452 1672/1003/5452
f 1670/1005/5453 6434/967/5453 6441/974/5453 1671/1004/5453
f 1669/1006/5454 6427/960/5454 6434/967/5454 1670/1005/5454
f 1668/1007/5455 6420/948/5455 6427/960/5455 1669/1006/5455
f 1667/994/5456 6413/945/5456 6420/948/5456 1668/1007/5456
f 6462/1008/5457 6463/1009/5457 6470/1010/5457 6469/1011/5457
f 6463/1009/5458 6464/1012/5458 6471/1013/5458 6470/1010/5458
f 6464/1012/5459 6465/1014/5459 6472/1015/5459 6471/1013/5459
f 6465/1014/5460 6466/1016/5460 6473/1017/5460 6472/1015/5460
f 6466/1016/5461 6467/1018/5461 6474/1019/5461 6473/1017/5461
f 6467/1018/5462 6468/1020/5462 6475/1021/5462 6474/1019/5462
f 6469/1011/5463 6470/1010/5463 6477/1022/5463 6476/1023/5463
f 6470/1010/5464 6471/1013/5464 6478/1024/5464 6477/1022/5464
f 6471/1013/5465 6472/1015/5465 6479/1025/5465 6478/1024/5465
f 6472/1015/5466 6473/1017/5466 6480/1026/5466 6479/1025/5466
f 6473/1017/5467 6474/1019/5467 6481/1027/5467 6480/1026/5467
f 6474/1019/5468 6475/1021/5468 6482/1028/5468 6481/1027/5468
f 6476/1023/5469 6477/1022/5469 6484/1029/5469 6483/1030/5469
f 6477/1022/5470 6478/1024/5470 6485/1031/5470 6484/1029/5470
f 6478/1024/5471 6479/1025/5471 6486/1032/5471 6485/1031/5471
f 6479/1025/5472 6480/1026/5472 6487/1033/5472 6486/1032/5472
f 6480/1026/5473 6481/1027/5473 6488/1034/5473 6487/1033/5473
f 6481/1027/5474 6482/1028/5474 6489/1035/5474 6488/1034/5474
f 6483/1030/5475 6484/1029/5475 6491/1036/5475 6490/1037/5475
f 6484/1029/5476 6485/1031/5476 6492/1038/5476 6491/1036/5476
f 6485/1031/5477 6486/1032/5477 6493/1039/5477 6492/1038/5477
f 6486/1032/5478 6487/1033/5478 6494/1040/5478 6493/1039/5478
f 6487/1033/5479 6488/1034/5479 6495/1041/5479 6494/1040/5479
f 6488/1034/5480 6489/1035/5480 6496/1042/5480 6495/1041/5480
f 6490/1037/5481 6491/1036/5481 6498/1043/5481 6497/1044/5481
f 6491/1036/5482 6492/1038/5482 6499/1045/5482 6498/1043/5482
f 6492/1038/5483 6493/1039/5483 6500/1046/5483 6499/1045/5483
f 6493/1039/5484 6494/1040/5484 6501/1047/5484 6500/1046/5484
f 6494/1040/5485 6495/1041/5485 6502/1048/5485 6501/1047/5485
f 6495/1041/5486 6496/1042/5486 6503/1049/5486 6502/1048/5486
f 6497/1044/5487 6498/1043/5487 6505/1050/5487 6504/1051/5487
f 6498/1043/5488 6499/1045/5488 6506/1052/5488 6505/1050/5488
f 6499/1045/5489 6500/1046/5489 6507/1053/5489 6506/1052/5489
f 6500/1046/5490 6501/1047/5490 6508/1054/5490 6507/1053/5490
f 6501/1047/5491 6502/1048/5491 6509/1055/5491 6508/1054/5491
f 6502/1048/5492 6503/1049/5492 6510/1056/5492 6509/1055/5492
f 38/59/5493 469/219/5493 6462/1008/5493 1674/764/5493
f 469/219/5494 468/218/5494 6463/1009/5494 6462/1008/5494
f 468/218/5495 467/217/5495 6464/1012/5495 6463/1009/5495
f 467/217/5496 466/216/5496 6465/1014/5496 6464/1012/5496
f 466/216/5497 465/215/5497 6466/1016/5497 6465/1014/5497
f 465/215/5498 464/214/5498 6467/1018/5498 6466/1016/5498
f 464/214/5499 463/213/5499 6468/1020/5499 6467/1018/5499
f 463/213/5500 37/148/5500 1667/994/5500 6468/1020/5500
f 6468/1020/5501 1667/994/5501 1668/1007/5501 6475/1021/5501
f 6475/1021/5502 1668/1007/5502 1669/1006/5502 6482/1028/5502
f 6482/1028/5503 1669/1006/5503 1670/1005/5503 6489/1035/5503
f 6489/1035/5504 1670/1005/5504 1671/1004/5504 6496/1042/5504
f 6496/1042/5505 1671/1004/5505 1672/1003/5505 6503/1049/5505
f 6503/1049/5506 1672/1003/5506 1673/1002/5506 6510/1056/5506
f 6510/1056/5507 1673/1002/5507 107/445/5507 1100/522/5507
f 6509/1055/5508 6510/1056/5508 1100/522/5508 1101/521/5508
f 6508/1054/5509 6509/1055/5509 1101/521/5509 1102/520/5509
f 6507/1053/5510 6508/1054/5510 1102/520/5510 1103/519/5510
f 6506/1052/5511 6507/1053/5511 1103/519/5511 1104/518/5511
f 6505/1050/5512 6506/1052/5512 1104/518/5512 1105/517/5512
f 6504/1051/5513 6505/1050/5513 1105/517/5513 1106/516/5513
f 1680/770/5514 6504/1051/5514 1106/516/5514 108/373/5514
f 1679/769/5515 6497/1044/5515 6504/1051/5515 1680/770/5515
f 1678/768/5516 6490/1037/5516 6497/1044/5516 1679/769/5516
f 1677/767/5517 6483/1030/5517 6490/1037/5517 1678/768/5517
f 1676/766/5518 6476/1023/5518 6483/1030/5518 1677/767/5518
f 1675/765/5519 6469/1011/5519 6476/1023/5519 1676/766/5519
f 1674/764/5520 6462/1008/5520 6469/1011/5520 1675/765/5520
f 6511/1057/5521 6512/1058/5521 6519/1059/5521 6518/1060/5521
f 6512/1058/5522 6513/1061/5522 6520/1062/5522 6519/1059/5522
f 6513/1061/5523 6514/1063/5523 6521/1064/5523 6520/1062/5523
f 6514/1063/5524 6515/1065/5524 6522/1066/5524 6521/1064/5524
f 6515/1065/5525 6516/1067/5525 6523/1068/5525 6522/1066/5525
f 6516/1067/5526 6517/1069/5526 6524/1070/5526 6523/1068/5526
f 6518/1060/5527 6519/1059/5527 6526/1071/5527 6525/1072/5527
f 6519/1059/5528 6520/1062/5528 6527/1073/5528 6526/1071/5528
f 6520/1062/5529 6521/1064/5529 6528/1074/5529 6527/1073/5529
f 6521/1064/5530 6522/1066/5530 6529/1075/5530 6528/1074/5530
f 6522/1066/5531 6523/1068/5531 6530/1076/5531 6529/1075/5531
f 6523/1068/5532 6524/1070/5532 6531/1077/5532 6530/1076/5532
f 6525/1072/5533 6526/1071/5533 6533/1078/5533 6532/1079/5533
f 6526/1071/5534 6527/1073/5534 6534/1080/5534 6533/1078/5534
f 6527/1073/5535 6528/1074/5535 6535/1081/5535 6534/1080/5535
f 6528/1074/5536 6529/1075/5536 6536/1082/5536 6535/1081/5536
f 6529/1075/5537 6530/1076/5537 6537/1083/5537 6536/1082/5537
f 6530/1076/5538 6531/1077/5538 6538/1084/5538 6537/1083/5538
f 6532/1079/5539 6533/1078/5539 6540/1085/5539 6539/1086/5539
f 6533/1078/5540 6534/1080/5540 6541/1087/5540 6540/1085/5540
f 6534/1080/5541 6535/1081/5541 6542/1088/5541 6541/1087/5541
f 6535/1081/5542 6536/1082/5542 6543/1089/5542 6542/1088/5542
f 6536/1082/5543 6537/1083/5543 6544/1090/5543 6543/1089/5543
f 6537/1083/5544 6538/1084/5544 6545/1091/5544 6544/1090/5544
f 6539/1086/5545 6540/1085/5545 6547/1092/5545 6546/1093/5545
f 6540/1085/5546 6541/1087/5546 6548/1094/5546 6547/1092/5546
f 6541/1087/5547 6542/1088/5547 6549/1095/5547 6548/1094/5547
f 6542/1088/5548 6543/1089/5548 6550/1096/5548 6549/1095/5548
f 6543/1089/5549 6544/1090/5549 6551/1097/5549 6550/1096/5549
f 6544/1090/5550 6545/1091/5550 6552/1098/5550 6551/1097/5550
f 6546/1093/5551 6547/1092/5551 6554/1099/5551 6553/1100/5551
f 6547/1092/5552 6548/1094/5552 6555/1101/5552 6554/1099/5552
f 6548/1094/5553 6549/1095/5553 6556/1102/5553 6555/1101/5553
f 6549/1095/5554 6550/1096/5554 6557/1103/5554 6556/1102/5554
f 6550/1096/5555 6551/1097/5555 6558/1104/5555 6557/1103/5555
f 6551/1097/5556 6552/1098/5556 6559/1105/5556 6558/1104/5556
f 39/131/5557 490/133/5557 6511/1057/5557 1681/645/5557
f 490/133/5558 489/162/5558 6512/1058/5558 6511/1057/5558
f 489/162/5559 488/161/5559 6513/1061/5559 6512/1058/5559
f 488/161/5560 487/160/5560 6514/1063/5560 6513/1061/5560
f 487/160/5561 486/159/5561 6515/1065/5561 6514/1063/5561
f 486/159/5562 485/158/5562 6516/1067/5562 6515/1065/5562
f 485/158/5563 484/156/5563 6517/1069/5563 6516/1067/5563
f 484/156/5564 36/157/5564 1660/938/5564 6517/1069/5564
f 6517/1069/5565 1660/938/5565 1661/944/5565 6524/1070/5565
f 6524/1070/5566 1661/944/5566 1662/943/5566 6531/1077/5566
f 6531/1077/5567 1662/943/5567 1663/942/5567 6538/1084/5567
f 6538/1084/5568 1663/942/5568 1664/941/5568 6545/1091/5568
f 6545/1091/5569 1664/941/5569 1665/940/5569 6552/1098/5569
f 6552/1098/5570 1665/940/5570 1666/939/5570 6559/1105/5570
f 6559/1105/5571 1666/939/5571 106/437/5571 1121/436/5571
f 6558/1104/5572 6559/1105/5572 1121/436/5572 1122/435/5572
f 6557/1103/5573 6558/1104/5573 1122/435/5573 1123/434/5573
f 6556/1102/5574 6557/1103/5574 1123/434/5574 1124/433/5574
f 6555/1101/5575 6556/1102/5575 1124/433/5575 1125/432/5575
f 6554/1099/5576 6555/1101/5576 1125/432/5576 1126/431/5576
f 6553/1100/5577 6554/1099/5577 1126/431/5577 1127/429/5577
f 1687/651/5578 6553/1100/5578 1127/429/5578 109/428/5578
f 1686/650/5579 6546/1093/5579 6553/1100/5579 1687/651/5579
f 1685/649/5580 6539/1086/5580 6546/1093/5580 1686/650/5580
f 1684/648/5581 6532/1079/5581 6539/1086/5581 1685/649/5581
f 1683/647/5582 6525/1072/5582 6532/1079/5582 1684/648/5582
f 1682/646/5583 6518/1060/5583 6525/1072/5583 1683/647/5583
f 1681/645/5584 6511/1057/5584 6518/1060/5584 1682/646/5584
f 6560/1106/5585 6561/1107/5585 6568/1108/5585 6567/1109/5585
f 6561/1107/5586 6562/1110/5586 6569/1111/5586 6568/1108/5586
f 6562/1110/5587 6563/1112/5587 6570/1113/5587 6569/1111/5587
f 6563/1112/5588 6564/1114/5588 6571/1115/5588 6570/1113/5588
f 6564/1114/5589 6565/1116/5589 6572/1117/5589 6571/1115/5589
f 6565/1116/5590 6566/1118/5590 6573/1119/5590 6572/1117/5590
f 6567/1109/5591 6568/1108/5591 6575/1120/5591 6574/1121/5591
f 6568/1108/5592 6569/1111/5592 6576/1122/5592 6575/1120/5592
f 6569/1111/5593 6570/1113/5593 6577/1123/5593 6576/1122/5593
f 6570/1113/5594 6571/1115/5594 6578/1124/5594 6577/1123/5594
f 6571/1115/5595 6572/1117/5595 6579/1125/5595 6578/1124/5595
f 6572/1117/5596 6573/1119/5596 6580/1126/5596 6579/1125/5596
f 6574/1121/5597 6575/1120/5597 6582/1127/5597 6581/1128/5597
f 6575/1120/5598 6576/1122/5598 6583/1129/5598 6582/1127/5598
f 6576/1122/5599 6577/1123/5599 6584/1130/5599 6583/1129/5599
f 6577/1123/5600 6578/1124/5600 6585/1131/5600 6584/1130/5600
f 6578/1124/5601 6579/1125/5601 6586/1132/5601 6585/1131/5601
f 6579/1125/5602 6580/1126/5602 6587/1133/5602 6586/1132/5602
f 6581/1128/5603 6582/1127/5603 6589/1134/5603 6588/1135/5603
f 6582/1127/5604 6583/1129/5604 6590/1136/5604 6589/1134/5604
f 6583/1129/5605 6584/1130/5605 6591/1137/5605 6590/1136/5605
f 6584/1130/5606 6585/1131/5606 6592/1138/5606 6591/1137/5606
f 6585/1131/5607 6586/1132/5607 6593/1139/5607 6592/1138/5607
f 6586/1132/5608 6587/1133/5608 6594/1140/5608 6593/1139/5608
f 6588/1135/5609 6589/1134/5609 6596/1141/5609 6595/1142/5609
f 6589/1134/5610 6590/1136/5610 6597/1143/5610 6596/1141/5610
f 6590/1136/5611 6591/1137/5611 6598/1144/5611 6597/1143/5611
f 6591/1137/5612 6592/1138/5612 6599/1145/5612 6598/1144/5612
f 6592/1138/5613 6593/1139/5613 6600/1146/5613 6599/1145/5613
f 6593/1139/5614 6594/1140/5614 6601/1147/5614 6600/1146/5614
f 6595/1142/5615 6596/1141/5615 6603/1148/5615 6602/1149/5615
f 6596/1141/5616 6597/1143/5616 6604/1150/5616 6603/1148/5616
f 6597/1143/5617 6598/1144/5617 6605/1151/5617 6604/1150/5617
f 6598/1144/5618 6599/1145/5618 6606/1152/5618 6605/1151/5618
f 6599/1145/5619 6600/1146/5619 6607/1153/5619 6606/1152/5619
f 6600/1146/5620 6601/1147/5620 6608/1154/5620 6607/1153/5620
f 40/140/5621 497/291/5621 6560/1106/5621 1688/995/5621
f 497/291/5622 496/290/5622 6561/1107/5622 6560/1106/5622
f 496/290/5623 495/289/5623 6562/1110/5623 6561/1107/5623
f 495/289/5624 494/288/5624 6563/1112/5624 6562/1110/5624
f 494/288/5625 493/287/5625 6564/1114/5625 6563/1112/5625
f 493/287/5626 492/286/5626 6565/1116/5626 6564/1114/5626
f 492/286/5627 491/285/5627 6566/1118/5627 6565/1116/5627
f 491/285/5628 32/284/5628 1632/707/5628 6566/1118/5628
f 6566/1118/5629 1632/707/5629 1633/713/5629 6573/1119/5629
f 6573/1119/5630 1633/713/5630 1634/712/5630 6580/1126/5630
f 6580/1126/5631 1634/712/5631 1635/711/5631 6587/1133/5631
f 6587/1133/5632 1635/711/5632 1636/710/5632 6594/1140/5632
f 6594/1140/5633 1636/710/5633 1637/709/5633 6601/1147/5633
f 6601/1147/5634 1637/709/5634 1638/708/5634 6608/1154/5634
f 6608/1154/5635 1638/708/5635 102/589/5635 1128/587/5635
f 6607/1153/5636 6608/1154/5636 1128/587/5636 1129/586/5636
f 6606/1152/5637 6607/1153/5637 1129/586/5637 1130/585/5637
f 6605/1151/5638 6606/1152/5638 1130/585/5638 1131/584/5638
f 6604/1150/5639 6605/1151/5639 1131/584/5639 1132/583/5639
f 6603/1148/5640 6604/1150/5640 1132/583/5640 1133/582/5640
f 6602/1149/5641 6603/1148/5641 1133/582/5641 1134/581/5641
f 1694/1001/5642 6602/1149/5642 1134/581/5642 110/454/5642
f 1693/1000/5643 6595/1142/5643 6602/1149/5643 1694/1001/5643
f 1692/999/5644 6588/1135/5644 6595/1142/5644 1693/1000/5644
f 1691/998/5645 6581/1128/5645 6588/1135/5645 1692/999/5645
f 1690/997/5646 6574/1121/5646 6581/1128/5646 1691/998/5646
f 1689/996/5647 6567/1109/5647 6574/1121/5647 1690/997/5647
f 1688/995/5648 6560/1106/5648 6567/1109/5648 1689/996/5648
f 6609/595/5649 6610/596/5649 6617/597/5649 6616/598/5649
f 6610/596/5650 6611/599/5650 6618/600/5650 6617/597/5650
f 6611/599/5651 6612/601/5651 6619/602/5651 6618/600/5651
f 6612/601/5652 6613/603/5652 6620/604/5652 6619/602/5652
f 6613/603/5653 6614/605/5653 6621/606/5653 6620/604/5653
f 6614/605/5654 6615/607/5654 6622/608/5654 6621/606/5654
f 6616/598/5655 6617/597/5655 6624/609/5655 6623/610/5655
f 6617/597/5656 6618/600/5656 6625/611/5656 6624/609/5656
f 6618/600/5657 6619/602/5657 6626/612/5657 6625/611/5657
f 6619/602/5658 6620/604/5658 6627/613/5658 6626/612/5658
f 6620/604/5659 6621/606/5659 6628/614/5659 6627/613/5659
f 6621/606/5660 6622/608/5660 6629/615/5660 6628/614/5660
f 6623/610/5661 6624/609/5661 6631/616/5661 6630/617/5661
f 6624/609/5662 6625/611/5662 6632/618/5662 6631/616/5662
f 6625/611/5663 6626/612/5663 6633/619/5663 6632/618/5663
f 6626/612/5664 6627/613/5664 6634/620/5664 6633/619/5664
f 6627/613/5665 6628/614/5665 6635/621/5665 6634/620/5665
f 6628/614/5666 6629/615/5666 6636/622/5666 6635/621/5666
f 6630/617/5667 6631/616/5667 6638/623/5667 6637/624/5667
f 6631/616/5668 6632/618/5668 6639/625/5668 6638/623/5668
f 6632/618/5669 6633/619/5669 6640/626/5669 6639/625/5669
f 6633/619/5670 6634/620/5670 6641/627/5670 6640/626/5670
f 6634/620/5671 6635/621/5671 6642/628/5671 6641/627/5671
f 6635/621/5672 6636/622/5672 6643/629/5672 6642/628/5672
f 6637/624/5673 6638/623/5673 6645/630/5673 6644/631/5673
f 6638/623/5674 6639/625/5674 6646/632/5674 6645/630/5674
f 6639/625/5675 6640/626/5675 6647/633/5675 6646/632/5675
f 6640/626/5676 6641/627/5676 6648/634/5676 6647/633/5676
f 6641/627/5677 6642/628/5677 6649/635/5677 6648/634/5677
f 6642/628/5678 6643/629/5678 6650/636/5678 6649/635/5678
f 6644/631/5679 6645/630/5679 6652/637/5679 6651/638/5679
f 6645/630/5680 6646/632/5680 6653/639/5680 6652/637/5680
f 6646/632/5681 6647/633/5681 6654/640/5681 6653/639/5681
f 6647/633/5682 6648/634/5682 6655/641/5682 6654/640/5682
f 6648/634/5683 6649/635/5683 6656/642/5683 6655/641/5683
f 6649/635/5684 6650/636/5684 6657/643/5684 6656/642/5684
f 41/275/5685 511/277/5685 6609/595/5685 1695/644/5685
f 511/277/5686 510/297/5686 6610/596/5686 6609/595/5686
f 510/297/5687 509/296/5687 6611/599/5687 6610/596/5687
f 509/296/5688 508/295/5688 6612/601/5688 6611/599/5688
f 508/295/5689 507/294/5689 6613/603/5689 6612/601/5689
f 507/294/5690 506/293/5690 6614/605/5690 6613/603/5690
f 506/293/5691 505/292/5691 6615/607/5691 6614/605/5691
f 505/292/5692 49/131/5692 1751/645/5692 6615/607/5692
f 6615/607/5693 1751/645/5693 1752/646/5693 6622/608/5693
f 6622/608/5694 1752/646/5694 1753/647/5694 6629/615/5694
f 6629/615/5695 1753/647/5695 1754/648/5695 6636/622/5695
f 6636/622/5696 1754/648/5696 1755/649/5696 6643/629/5696
f 6643/629/5697 1755/649/5697 1756/650/5697 6650/636/5697
f 6650/636/5698 1756/650/5698 1757/651/5698 6657/643/5698
f 6657/643/5699 1757/651/5699 119/428/5699 1142/580/5699
f 6656/642/5700 6657/643/5700 1142/580/5700 1143/579/5700
f 6655/641/5701 6656/642/5701 1143/579/5701 1144/578/5701
f 6654/640/5702 6655/641/5702 1144/578/5702 1145/577/5702
f 6653/639/5703 6654/640/5703 1145/577/5703 1146/576/5703
f 6652/637/5704 6653/639/5704 1146/576/5704 1147/575/5704
f 6651/638/5705 6652/637/5705 1147/575/5705 1148/573/5705
f 1701/652/5706 6651/638/5706 1148/573/5706 111/572/5706
f 1700/653/5707 6644/631/5707 6651/638/5707 1701/652/5707
f 1699/654/5708 6637/624/5708 6644/631/5708 1700/653/5708
f 1698/655/5709 6630/617/5709 6637/624/5709 1699/654/5709
f 1697/656/5710 6623/610/5710 6630/617/5710 1698/655/5710
f 1696/657/5711 6616/598/5711 6623/610/5711 1697/656/5711
f 1695/644/5712 6609/595/5712 6616/598/5712 1696/657/5712
f 6658/658/5713 6659/659/5713 6666/660/5713 6665/661/5713
f 6659/659/5714 6660/662/5714 6667/663/5714 6666/660/5714
f 6660/662/5715 6661/664/5715 6668/665/5715 6667/663/5715
f 6661/664/5716 6662/666/5716 6669/667/5716 6668/665/5716
f 6662/666/5717 6663/668/5717 6670/669/5717 6669/667/5717
f 6663/668/5718 6664/670/5718 6671/671/5718 6670/669/5718
f 6665/661/5719 6666/660/5719 6673/672/5719 6672/673/5719
f 6666/660/5720 6667/663/5720 6674/674/5720 6673/672/5720
f 6667/663/5721 6668/665/5721 6675/675/5721 6674/674/5721
f 6668/665/5722 6669/667/5722 6676/676/5722 6675/675/5722
f 6669/667/5723 6670/669/5723 6677/677/5723 6676/676/5723
f 6670/669/5724 6671/671/5724 6678/678/5724 6677/677/5724
f 6672/673/5725 6673/672/5725 6680/679/5725 6679/680/5725
f 6673/672/5726 6674/674/5726 6681/681/5726 6680/679/5726
f 6674/674/5727 6675/675/5727 6682/682/5727 6681/681/5727
f 6675/675/5728 6676/676/5728 6683/683/5728 6682/682/5728
f 6676/676/5729 6677/677/5729 6684/684/5729 6683/683/5729
f 6677/677/5730 6678/678/5730 6685/685/5730 6684/684/5730
f 6679/680/5731 6680/679/5731 6687/686/5731 6686/687/5731
f 6680/679/5732 6681/681/5732 6688/688/5732 6687/686/5732
f 6681/681/5733 6682/682/5733 6689/689/5733 6688/688/5733
f 6682/682/5734 6683/683/5734 6690/690/5734 6689/689/5734
f 6683/683/5735 6684/684/5735 6691/691/5735 6690/690/5735
f 6684/684/5736 6685/685/5736 6692/692/5736 6691/691/5736
f 6686/687/5737 6687/686/5737 6694/693/5737 6693/694/5737
f 6687/686/5738 6688/688/5738 6695/695/5738 6694/693/5738
f 6688/688/5739 6689/689/5739 6696/696/5739 6695/695/5739
f 6689/689/5740 6690/690/5740 6697/697/5740 6696/696/5740
f 6690/690/5741 6691/691/5741 6698/698/5741 6697/697/5741
f 6691/691/5742 6692/692/5742 6699/699/5742 6698/698/5742
f 6693/694/5743 6694/693/5743 6701/700/5743 6700/701/5743
f 6694/693/5744 6695/695/5744 6702/702/5744 6701/700/5744
f 6695/695/5745 6696/696/5745 6703/703/5745 6702/702/5745
f 6696/696/5746 6697/697/5746 6704/704/5746 6703/703/5746
f 6697/697/5747 6698/698/5747 6705/705/5747 6704/704/5747
f 6698/698/5748 6699/699/5748 6706/706/5748 6705/705/5748
f 42/284/5749 518/283/5749 6658/658/5749 1702/707/5749
f 518/283/5750 517/282/5750 6659/659/5750 6658/658/5750
f 517/282/5751 516/281/5751 6660/662/5751 6659/659/5751
f 516/281/5752 515/280/5752 6661/664/5752 6660/662/5752
f 515/280/5753 514/279/5753 6662/666/5753 6661/664/5753
f 514/279/5754 513/278/5754 6663/668/5754 6662/666/5754
f 513/278/5755 512/276/5755 6664/670/5755 6663/668/5755
f 512/276/5756 41/275/5756 1695/644/5756 6664/670/5756
f 6664/670/5757 1695/644/5757 1696/657/5757 6671/671/5757
f 6671/671/5758 1696/657/5758 1697/656/5758 6678/678/5758
f 6678/678/5759 1697/656/5759 1698/655/5759 6685/685/5759
f 6685/685/5760 1698/655/5760 1699/654/5760 6692/692/5760
f 6692/692/5761 1699/654/5761 1700/653/5761 6699/699/5761
f 6699/699/5762 1700/653/5762 1701/652/5762 6706/706/5762
f 6706/706/5763 1701/652/5763 111/572/5763 1149/574/5763
f 6705/705/5764 6706/706/5764 1149/574/5764 1150/594/5764
f 6704/704/5765 6705/705/5765 1150/594/5765 1151/593/5765
f 6703/703/5766 6704/704/5766 1151/593/5766 1152/592/5766
f 6702/702/5767 6703/703/5767 1152/592/5767 1153/591/5767
f 6701/700/5768 6702/702/5768 1153/591/5768 1154/590/5768
f 6700/701/5769 6701/700/5769 1154/590/5769 1155/588/5769
f 1708/708/5770 6700/701/5770 1155/588/5770 112/589/5770
f 1707/709/5771 6693/694/5771 6700/701/5771 1708/708/5771
f 1706/710/5772 6686/687/5772 6693/694/5772 1707/709/5772
f 1705/711/5773 6679/680/5773 6686/687/5773 1706/710/5773
f 1704/712/5774 6672/673/5774 6679/680/5774 1705/711/5774
f 1703/713/5775 6665/661/5775 6672/673/5775 1704/712/5775
f 1702/707/5776 6658/658/5776 6665/661/5776 1703/713/5776
f 6707/714/5777 6708/715/5777 6715/716/5777 6714/717/5777
f 6708/715/5778 6709/718/5778 6716/719/5778 6715/716/5778
f 6709/718/5779 6710/720/5779 6717/721/5779 6716/719/5779
f 6710/720/5780 6711/722/5780 6718/723/5780 6717/721/5780
f 6711/722/5781 6712/724/5781 6719/725/5781 6718/723/5781
f 6712/724/5782 6713/726/5782 6720/727/5782 6719/725/5782
f 6714/717/5783 6715/716/5783 6722/728/5783 6721/729/5783
f 6715/716/5784 6716/719/5784 6723/730/5784 6722/728/5784
f 6716/719/5785 6717/721/5785 6724/731/5785 6723/730/5785
f 6717/721/5786 6718/723/5786 6725/732/5786 6724/731/5786
f 6718/723/5787 6719/725/5787 6726/733/5787 6725/732/5787
f 6719/725/5788 6720/727/5788 6727/734/5788 6726/733/5788
f 6721/729/5789 6722/728/5789 6729/735/5789 6728/736/5789
f 6722/728/5790 6723/730/5790 6730/737/5790 6729/735/5790
f 6723/730/5791 6724/731/5791 6731/738/5791 6730/737/5791
f 6724/731/5792 6725/732/5792 6732/739/5792 6731/738/5792
f 6725/732/5793 6726/733/5793 6733/740/5793 6732/739/5793
f 6726/733/5794 6727/734/5794 6734/741/5794 6733/740/5794
f 6728/736/5795 6729/735/5795 6736/742/5795 6735/743/5795
f 6729/735/5796 6730/737/5796 6737/744/5796 6736/742/5796
f 6730/737/5797 6731/738/5797 6738/745/5797 6737/744/5797
f 6731/738/5798 6732/739/5798 6739/746/5798 6738/745/5798
f 6732/739/5799 6733/740/5799 6740/747/5799 6739/746/5799
f 6733/740/5800 6734/741/5800 6741/748/5800 6740/747/5800
f 6735/743/5801 6736/742/5801 6743/749/5801 6742/750/5801
f 6736/742/5802 6737/744/5802 6744/751/5802 6743/749/5802
f 6737/744/5803 6738/745/5803 6745/752/5803 6744/751/5803
f 6738/745/5804 6739/746/5804 6746/753/5804 6745/752/5804
f 6739/746/5805 6740/747/5805 6747/754/5805 6746/753/5805
f 6740/747/5806 6741/748/5806 6748/755/5806 6747/754/5806
f 6742/750/5807 6743/749/5807 6750/756/5807 6749/757/5807
f 6743/749/5808 6744/751/5808 6751/758/5808 6750/756/5808
f 6744/751/5809 6745/752/5809 6752/759/5809 6751/758/5809
f 6745/752/5810 6746/753/5810 6753/760/5810 6752/759/5810
f 6746/753/5811 6747/754/5811 6754/761/5811 6753/760/5811
f 6747/754/5812 6748/755/5812 6755/762/5812 6754/761/5812
f 44/67/5813 525/66/5813 6707/714/5813 1716/763/5813
f 525/66/5814 524/65/5814 6708/715/5814 6707/714/5814
f 524/65/5815 523/64/5815 6709/718/5815 6708/715/5815
f 523/64/5816 522/63/5816 6710/720/5816 6709/718/5816
f 522/63/5817 521/62/5817 6711/722/5817 6710/720/5817
f 521/62/5818 520/61/5818 6712/724/5818 6711/722/5818
f 520/61/5819 519/60/5819 6713/726/5819 6712/724/5819
f 519/60/5820 48/59/5820 1744/764/5820 6713/726/5820
f 6713/726/5821 1744/764/5821 1745/765/5821 6720/727/5821
f 6720/727/5822 1745/765/5822 1746/766/5822 6727/734/5822
f 6727/734/5823 1746/766/5823 1747/767/5823 6734/741/5823
f 6734/741/5824 1747/767/5824 1748/768/5824 6741/748/5824
f 6741/748/5825 1748/768/5825 1749/769/5825 6748/755/5825
f 6748/755/5826 1749/769/5826 1750/770/5826 6755/762/5826
f 6755/762/5827 1750/770/5827 118/373/5827 1156/371/5827
f 6754/761/5828 6755/762/5828 1156/371/5828 1157/370/5828
f 6753/760/5829 6754/761/5829 1157/370/5829 1158/369/5829
f 6752/759/5830 6753/760/5830 1158/369/5830 1159/368/5830
f 6751/758/5831 6752/759/5831 1159/368/5831 1160/367/5831
f 6750/756/5832 6751/758/5832 1160/367/5832 1161/366/5832
f 6749/757/5833 6750/756/5833 1161/366/5833 1162/365/5833
f 1722/771/5834 6749/757/5834 1162/365/5834 114/364/5834
f 1721/772/5835 6742/750/5835 6749/757/5835 1722/771/5835
f 1720/773/5836 6735/743/5836 6742/750/5836 1721/772/5836
f 1719/774/5837 6728/736/5837 6735/743/5837 1720/773/5837
f 1718/775/5838 6721/729/5838 6728/736/5838 1719/774/5838
f 1717/776/5839 6714/717/5839 6721/729/5839 1718/775/5839
f 1716/763/5840 6707/714/5840 6714/717/5840 1717/776/5840
f 6756/777/5841 6757/778/5841 6764/779/5841 6763/780/5841
f 6757/778/5842 6758/781/5842 6765/782/5842 6764/779/5842
f 6758/781/5843 6759/783/5843 6766/784/5843 6765/782/5843
f 6759/783/5844 6760/785/5844 6767/786/5844 6766/784/5844
f 6760/785/5845 6761/787/5845 6768/788/5845 6767/786/5845
f 6761/787/5846 6762/789/5846 6769/790/5846 6768/788/5846
f 6763/780/5847 6764/779/5847 6771/791/5847 6770/792/5847
f 6764/779/5848 6765/782/5848 6772/793/5848 6771/791/5848
f 6765/782/5849 6766/784/5849 6773/794/5849 6772/793/5849
f 6766/784/5850 6767/786/5850 6774/795/5850 6773/794/5850
f 6767/786/5851 6768/788/5851 6775/796/5851 6774/795/5851
f 6768/788/5852 6769/790/5852 6776/797/5852 6775/796/5852
f 6770/792/5853 6771/791/5853 6778/798/5853 6777/799/5853
f 6771/791/5854 6772/793/5854 6779/800/5854 6778/798/5854
f 6772/793/5855 6773/794/5855 6780/801/5855 6779/800/5855
f 6773/794/5856 6774/795/5856 6781/802/5856 6780/801/5856
f 6774/795/5857 6775/796/5857 6782/803/5857 6781/802/5857
f 6775/796/5858 6776/797/5858 6783/804/5858 6782/803/5858
f 6777/799/5859 6778/798/5859 6785/805/5859 6784/806/5859
f 6778/798/5860 6779/800/5860 6786/807/5860 6785/805/5860
f 6779/800/5861 6780/801/5861 6787/808/5861 6786/807/5861
f 6780/801/5862 6781/802/5862 6788/809/5862 6787/808/5862
f 6781/802/5863 6782/803/5863 6789/810/5863 6788/809/5863
f 6782/803/5864 6783/804/5864 6790/811/5864 6789/810/5864
f 6784/806/5865 6785/805/5865 6792/812/5865 6791/813/5865
f 6785/805/5866 6786/807/5866 6793/814/5866 6792/812/5866
f 6786/807/5867 6787/808/5867 6794/815/5867 6793/814/5867
f 6787/808/5868 6788/809/5868 6795/816/5868 6794/815/5868
f 6788/809/5869 6789/810/5869 6796/817/5869 6795/816/5869
f 6789/810/5870 6790/811/5870 6797/818/5870 6796/817/5870
f 6791/813/5871 6792/812/5871 6799/819/5871 6798/820/5871
f 6792/812/5872 6793/814/5872 6800/821/5872 6799/819/5872
f 6793/814/5873 6794/815/5873 6801/822/5873 6800/821/5873
f 6794/815/5874 6795/816/5874 6802/823/5874 6801/822/5874
f 6795/816/5875 6796/817/5875 6803/824/5875 6802/823/5875
f 6796/817/5876 6797/818/5876 6804/825/5876 6803/824/5876
f 43/76/5877 532/74/5877 6756/777/5877 1709/826/5877
f 532/74/5878 531/73/5878 6757/778/5878 6756/777/5878
f 531/73/5879 530/72/5879 6758/781/5879 6757/778/5879
f 530/72/5880 529/71/5880 6759/783/5880 6758/781/5880
f 529/71/5881 528/70/5881 6760/785/5881 6759/783/5881
f 528/70/5882 527/69/5882 6761/787/5882 6760/785/5882
f 527/69/5883 526/68/5883 6762/789/5883 6761/787/5883
f 526/68/5884 44/67/5884 1716/763/5884 6762/789/5884
f 6762/789/5885 1716/763/5885 1717/776/5885 6769/790/5885
f 6769/790/5886 1717/776/5886 1718/775/5886 6776/797/5886
f 6776/797/5887 1718/775/5887 1719/774/5887 6783/804/5887
f 6783/804/5888 1719/774/5888 1720/773/5888 6790/811/5888
f 6790/811/5889 1720/773/5889 1721/772/5889 6797/818/5889
f 6797/818/5890 1721/772/5890 1722/771/5890 6804/825/5890
f 6804/825/5891 1722/771/5891 114/364/5891 1163/363/5891
f 6803/824/5892 6804/825/5892 1163/363/5892 1164/362/5892
f 6802/823/5893 6803/824/5893 1164/362/5893 1165/361/5893
f 6801/822/5894 6802/823/5894 1165/361/5894 1166/360/5894
f 6800/821/5895 6801/822/5895 1166/360/5895 1167/359/5895
f 6799/819/5896 6800/821/5896 1167/359/5896 1168/358/5896
f 6798/820/5897 6799/819/5897 1168/358/5897 1169/357/5897
f 1715/827/5898 6798/820/5898 1169/357/5898 113/356/5898
f 1714/828/5899 6791/813/5899 6798/820/5899 1715/827/5899
f 1713/829/5900 6784/806/5900 6791/813/5900 1714/828/5900
f 1712/830/5901 6777/799/5901 6784/806/5901 1713/829/5901
f 1711/831/5902 6770/792/5902 6777/799/5902 1712/830/5902
f 1710/832/5903 6763/780/5903 6770/792/5903 1711/831/5903
f 1709/826/5904 6756/777/5904 6763/780/5904 1710/832/5904
f 6805/833/5905 6806/834/5905 6813/835/5905 6812/836/5905
f 6806/834/5906 6807/837/5906 6814/838/5906 6813/835/5906
f 6807/837/5907 6808/839/5907 6815/840/5907 6814/838/5907
f 6808/839/5908 6809/841/5908 6816/842/5908 6815/840/5908
f 6809/841/5909 6810/843/5909 6817/844/5909 6816/842/5909
f 6810/843/5910 6811/845/5910 6818/846/5910 6817/844/5910
f 6812/836/5911 6813/835/5911 6820/847/5911 6819/848/5911
f 6813/835/5912 6814/838/5912 6821/849/5912 6820/847/5912
f 6814/838/5913 6815/840/5913 6822/850/5913 6821/849/5913
f 6815/840/5914 6816/842/5914 6823/851/5914 6822/850/5914
f 6816/842/5915 6817/844/5915 6824/852/5915 6823/851/5915
f 6817/844/5916 6818/846/5916 6825/853/5916 6824/852/5916
f 6819/848/5917 6820/847/5917 6827/854/5917 6826/855/5917
f 6820/847/5918 6821/849/5918 6828/856/5918 6827/854/5918
f 6821/849/5919 6822/850/5919 6829/857/5919 6828/856/5919
f 6822/850/5920 6823/851/5920 6830/858/5920 6829/857/5920
f 6823/851/5921 6824/852/5921 6831/859/5921 6830/858/5921
f 6824/852/5922 6825/853/5922 6832/860/5922 6831/859/5922
f 6826/855/5923 6827/854/5923 6834/861/5923 6833/862/5923
f 6827/854/5924 6828/856/5924 6835/863/5924 6834/861/5924
f 6828/856/5925 6829/857/5925 6836/864/5925 6835/863/5925
f 6829/857/5926 6830/858/5926 6837/865/5926 6836/864/5926
f 6830/858/5927 6831/859/5927 6838/866/5927 6837/865/5927
f 6831/859/5928 6832/860/5928 6839/867/5928 6838/866/5928
f 6833/862/5929 6834/861/5929 6841/868/5929 6840/869/5929
f 6834/861/5930 6835/863/5930 6842/870/5930 6841/868/5930
f 6835/863/5931 6836/864/5931 6843/871/5931 6842/870/5931
f 6836/864/5932 6837/865/5932 6844/872/5932 6843/871/5932
f 6837/865/5933 6838/866/5933 6845/873/5933 6844/872/5933
f 6838/866/5934 6839/867/5934 6846/874/5934 6845/873/5934
f 6840/869/5935 6841/868/5935 6848/875/5935 6847/876/5935
f 6841/868/5936 6842/870/5936 6849/877/5936 6848/875/5936
f 6842/870/5937 6843/871/5937 6850/878/5937 6849/877/5937
f 6843/871/5938 6844/872/5938 6851/879/5938 6850/878/5938
f 6844/872/5939 6845/873/5939 6852/880/5939 6851/879/5939
f 6845/873/5940 6846/874/5940 6853/881/5940 6852/880/5940
f 45/50/5941 539/52/5941 6805/833/5941 1723/882/5941
f 539/52/5942 538/81/5942 6806/834/5942 6805/833/5942
f 538/81/5943 537/80/5943 6807/837/5943 6806/834/5943
f 537/80/5944 536/79/5944 6808/839/5944 6807/837/5944
f 536/79/5945 535/78/5945 6809/841/5945 6808/839/5945
f 535/78/5946 534/77/5946 6810/843/5946 6809/841/5946
f 534/77/5947 533/75/5947 6811/845/5947 6810/843/5947
f 533/75/5948 43/76/5948 1709/826/5948 6811/845/5948
f 6811/845/5949 1709/826/5949 1710/832/5949 6818/846/5949
f 6818/846/5950 1710/832/5950 1711/831/5950 6825/853/5950
f 6825/853/5951 1711/831/5951 1712/830/5951 6832/860/5951
f 6832/860/5952 1712/830/5952 1713/829/5952 6839/867/5952
f 6839/867/5953 1713/829/5953 1714/828/5953 6846/874/5953
f 6846/874/5954 1714/828/5954 1715/827/5954 6853/881/5954
f 6853/881/5955 1715/827/5955 113/356/5955 1170/355/5955
f 6852/880/5956 6853/881/5956 1170/355/5956 1171/354/5956
f 6851/879/5957 6852/880/5957 1171/354/5957 1172/353/5957
f 6850/878/5958 6851/879/5958 1172/353/5958 1173/352/5958
f 6849/877/5959 6850/878/5959 1173/352/5959 1174/351/5959
f 6848/875/5960 6849/877/5960 1174/351/5960 1175/350/5960
f 6847/876/5961 6848/875/5961 1175/350/5961 1176/348/5961
f 1729/883/5962 6847/876/5962 1176/348/5962 115/347/5962
f 1728/884/5963 6840/869/5963 6847/876/5963 1729/883/5963
f 1727/885/5964 6833/862/5964 6840/869/5964 1728/884/5964
f 1726/886/5965 6826/855/5965 6833/862/5965 1727/885/5965
f 1725/887/5966 6819/848/5966 6826/855/5966 1726/886/5966
f 1724/888/5967 6812/836/5967 6819/848/5967 1725/887/5967
f 1723/882/5968 6805/833/5968 6812/836/5968 1724/888/5968
f 6854/889/5969 6855/890/5969 6862/891/5969 6861/892/5969
f 6855/890/5970 6856/893/5970 6863/894/5970 6862/891/5970
f 6856/893/5971 6857/895/5971 6864/896/5971 6863/894/5971
f 6857/895/5972 6858/897/5972 6865/898/5972 6864/896/5972
f 6858/897/5973 6859/899/5973 6866/900/5973 6865/898/5973
f 6859/899/5974 6860/901/5974 6867/902/5974 6866/900/5974
f 6861/892/5975 6862/891/5975 6869/903/5975 6868/904/5975
f 6862/891/5976 6863/894/5976 6870/905/5976 6869/903/5976
f 6863/894/5977 6864/896/5977 6871/906/5977 6870/905/5977
f 6864/896/5978 6865/898/5978 6872/907/5978 6871/906/5978
f 6865/898/5979 6866/900/5979 6873/908/5979 6872/907/5979
f 6866/900/5980 6867/902/5980 6874/909/5980 6873/908/5980
f 6868/904/5981 6869/903/5981 6876/910/5981 6875/911/5981
f 6869/903/5982 6870/905/5982 6877/912/5982 6876/910/5982
f 6870/905/5983 6871/906/5983 6878/913/5983 6877/912/5983
f 6871/906/5984 6872/907/5984 6879/914/5984 6878/913/5984
f 6872/907/5985 6873/908/5985 6880/915/5985 6879/914/5985
f 6873/908/5986 6874/909/5986 6881/916/5986 6880/915/5986
f 6875/911/5987 6876/910/5987 6883/917/5987 6882/918/5987
f 6876/910/5988 6877/912/5988 6884/919/5988 6883/917/5988
f 6877/912/5989 6878/913/5989 6885/920/5989 6884/919/5989
f 6878/913/5990 6879/914/5990 6886/921/5990 6885/920/5990
f 6879/914/5991 6880/915/5991 6887/922/5991 6886/921/5991
f 6880/915/5992 6881/916/5992 6888/923/5992 6887/922/5992
f 6882/918/5993 6883/917/5993 6890/924/5993 6889/925/5993
f 6883/917/5994 6884/919/5994 6891/926/5994 6890/924/5994
f 6884/919/5995 6885/920/5995 6892/927/5995 6891/926/5995
f 6885/920/5996 6886/921/5996 6893/928/5996 6892/927/5996
f 6886/921/5997 6887/922/5997 6894/929/5997 6893/928/5997
f 6887/922/5998 6888/923/5998 6895/930/5998 6894/929/5998
f 6889/925/5999 6890/924/5999 6897/931/5999 6896/932/5999
f 6890/924/6000 6891/926/6000 6898/933/6000 6897/931/6000
f 6891/926/6001 6892/927/6001 6899/934/6001 6898/933/6001
f 6892/927/6002 6893/928/6002 6900/935/6002 6899/934/6002
f 6893/928/6003 6894/929/6003 6901/936/6003 6900/935/6003
f 6894/929/6004 6895/930/6004 6902/937/6004 6901/936/6004
f 46/157/6005 546/212/6005 6854/889/6005 1730/938/6005
f 546/212/6006 545/225/6006 6855/890/6006 6854/889/6006
f 545/225/6007 544/224/6007 6856/893/6007 6855/890/6007
f 544/224/6008 543/223/6008 6857/895/6008 6856/893/6008
f 543/223/6009 542/222/6009 6858/897/6009 6857/895/6009
f 542/222/6010 541/221/6010 6859/899/6010 6858/897/6010
f 541/221/6011 540/220/6011 6860/901/6011 6859/899/6011
f 540/220/6012 45/50/6012 1723/882/6012 6860/901/6012
f 6860/901/6013 1723/882/6013 1724/888/6013 6867/902/6013
f 6867/902/6014 1724/888/6014 1725/887/6014 6874/909/6014
f 6874/909/6015 1725/887/6015 1726/886/6015 6881/916/6015
f 6881/916/6016 1726/886/6016 1727/885/6016 6888/923/6016
f 6888/923/6017 1727/885/6017 1728/884/6017 6895/930/6017
f 6895/930/6018 1728/884/6018 1729/883/6018 6902/937/6018
f 6902/937/6019 1729/883/6019 115/347/6019 1177/515/6019
f 6901/936/6020 6902/937/6020 1177/515/6020 1178/514/6020
f 6900/935/6021 6901/936/6021 1178/514/6021 1179/513/6021
f 6899/934/6022 6900/935/6022 1179/513/6022 1180/512/6022
f 6898/933/6023 6899/934/6023 1180/512/6023 1181/511/6023
f 6897/931/6024 6898/933/6024 1181/511/6024 1182/510/6024
f 6896/932/6025 6897/931/6025 1182/510/6025 1183/509/6025
f 1736/939/6026 6896/932/6026 1183/509/6026 116/437/6026
f 1735/940/6027 6889/925/6027 6896/932/6027 1736/939/6027
f 1734/941/6028 6882/918/6028 6889/925/6028 1735/940/6028
f 1733/942/6029 6875/911/6029 6882/918/6029 1734/941/6029
f 1732/943/6030 6868/904/6030 6875/911/6030 1733/942/6030
f 1731/944/6031 6861/892/6031 6868/904/6031 1732/943/6031
f 1730/938/6032 6854/889/6032 6861/892/6032 1731/944/6032
f 6903/945/6033 6904/946/6033 6911/947/6033 6910/948/6033
f 6904/946/6034 6905/949/6034 6912/950/6034 6911/947/6034
f 6905/949/6035 6906/951/6035 6913/952/6035 6912/950/6035
f 6906/951/6036 6907/953/6036 6914/954/6036 6913/952/6036
f 6907/953/6037 6908/955/6037 6915/956/6037 6914/954/6037
f 6908/955/6038 6909/957/6038 6916/958/6038 6915/956/6038
f 6910/948/6039 6911/947/6039 6918/959/6039 6917/960/6039
f 6911/947/6040 6912/950/6040 6919/961/6040 6918/959/6040
f 6912/950/6041 6913/952/6041 6920/962/6041 6919/961/6041
f 6913/952/6042 6914/954/6042 6921/963/6042 6920/962/6042
f 6914/954/6043 6915/956/6043 6922/964/6043 6921/963/6043
f 6915/956/6044 6916/958/6044 6923/965/6044 6922/964/6044
f 6917/960/6045 6918/959/6045 6925/966/6045 6924/967/6045
f 6918/959/6046 6919/961/6046 6926/968/6046 6925/966/6046
f 6919/961/6047 6920/962/6047 6927/969/6047 6926/968/6047
f 6920/962/6048 6921/963/6048 6928/970/6048 6927/969/6048
f 6921/963/6049 6922/964/6049 6929/971/6049 6928/970/6049
f 6922/964/6050 6923/965/6050 6930/972/6050 6929/971/6050
f 6924/967/6051 6925/966/6051 6932/973/6051 6931/974/6051
f 6925/966/6052 6926/968/6052 6933/975/6052 6932/973/6052
f 6926/968/6053 6927/969/6053 6934/976/6053 6933/975/6053
f 6927/969/6054 6928/970/6054 6935/977/6054 6934/976/6054
f 6928/970/6055 6929/971/6055 6936/978/6055 6935/977/6055
f 6929/971/6056 6930/972/6056 6937/979/6056 6936/978/6056
f 6931/974/6057 6932/973/6057 6939/980/6057 6938/981/6057
f 6932/973/6058 6933/975/6058 6940/982/6058 6939/980/6058
f 6933/975/6059 6934/976/6059 6941/983/6059 6940/982/6059
f 6934/976/6060 6935/977/6060 6942/984/6060 6941/983/6060
f 6935/977/6061 6936/978/6061 6943/985/6061 6942/984/6061
f 6936/978/6062 6937/979/6062 6944/986/6062 6943/985/6062
f 6938/981/6063 6939/980/6063 6946/987/6063 6945/988/6063
f 6939/980/6064 6940/982/6064 6947/989/6064 6946/987/6064
f 6940/982/6065 6941/983/6065 6948/990/6065 6947/989/6065
f 6941/983/6066 6942/984/6066 6949/991/6066 6948/990/6066
f 6942/984/6067 6943/985/6067 6950/992/6067 6949/991/6067
f 6943/985/6068 6944/986/6068 6951/993/6068 6950/992/6068
f 47/148/6069 553/147/6069 6903/945/6069 1737/994/6069
f 553/147/6070 552/146/6070 6904/946/6070 6903/945/6070
f 552/146/6071 551/145/6071 6905/949/6071 6904/946/6071
f 551/145/6072 550/144/6072 6906/951/6072 6905/949/6072
f 550/144/6073 549/143/6073 6907/953/6073 6906/951/6073
f 549/143/6074 548/142/6074 6908/955/6074 6907/953/6074
f 548/142/6075 547/141/6075 6909/957/6075 6908/955/6075
f 547/141/6076 50/140/6076 1758/995/6076 6909/957/6076
f 6909/957/6077 1758/995/6077 1759/996/6077 6916/958/6077
f 6916/958/6078 1759/996/6078 1760/997/6078 6923/965/6078
f 6923/965/6079 1760/997/6079 1761/998/6079 6930/972/6079
f 6930/972/6080 1761/998/6080 1762/999/6080 6937/979/6080
f 6937/979/6081 1762/999/6081 1763/1000/6081 6944/986/6081
f 6944/986/6082 1763/1000/6082 1764/1001/6082 6951/993/6082
f 6951/993/6083 1764/1001/6083 120/454/6083 1184/452/6083
f 6950/992/6084 6951/993/6084 1184/452/6084 1185/451/6084
f 6949/991/6085 6950/992/6085 1185/451/6085 1186/450/6085
f 6948/990/6086 6949/991/6086 1186/450/6086 1187/449/6086
f 6947/989/6087 6948/990/6087 1187/449/6087 1188/448/6087
f 6946/987/6088 6947/989/6088 1188/448/6088 1189/447/6088
f 6945/988/6089 6946/987/6089 1189/447/6089 1190/446/6089
f 1743/1002/6090 6945/988/6090 1190/446/6090 117/445/6090
f 1742/1003/6091 6938/981/6091 6945/988/6091 1743/1002/6091
f 1741/1004/6092 6931/974/6092 6938/981/6092 1742/1003/6092
f 1740/1005/6093 6924/967/6093 6931/974/6093 1741/1004/6093
f 1739/1006/6094 6917/960/6094 6924/967/6094 1740/1005/6094
f 1738/1007/6095 6910/948/6095 6917/960/6095 1739/1006/6095
f 1737/994/6096 6903/945/6096 6910/948/6096 1738/1007/6096
f 6952/1008/6097 6953/1009/6097 6960/1010/6097 6959/1011/6097
f 6953/1009/6098 6954/1012/6098 6961/1013/6098 6960/1010/6098
f 6954/1012/6099 6955/1014/6099 6962/1015/6099 6961/1013/6099
f 6955/1014/6100 6956/1016/6100 6963/1017/6100 6962/1015/6100
f 6956/1016/6101 6957/1018/6101 6964/1019/6101 6963/1017/6101
f 6957/1018/6102 6958/1020/6102 6965/1021/6102 6964/1019/6102
f 6959/1011/6103 6960/1010/6103 6967/1022/6103 6966/1023/6103
f 6960/1010/6104 6961/1013/6104 6968/1024/6104 6967/1022/6104
f 6961/1013/6105 6962/1015/6105 6969/1025/6105 6968/1024/6105
f 6962/1015/6106 6963/1017/6106 6970/1026/6106 6969/1025/6106
f 6963/1017/6107 6964/1019/6107 6971/1027/6107 6970/1026/6107
f 6964/1019/6108 6965/1021/6108 6972/1028/6108 6971/1027/6108
f 6966/1023/6109 6967/1022/6109 6974/1029/6109 6973/1030/6109
f 6967/1022/6110 6968/1024/6110 6975/1031/6110 6974/1029/6110
f 6968/1024/6111 6969/1025/6111 6976/1032/6111 6975/1031/6111
f 6969/1025/6112 6970/1026/6112 6977/1033/6112 6976/1032/6112
f 6970/1026/6113 6971/1027/6113 6978/1034/6113 6977/1033/6113
f 6971/1027/6114 6972/1028/6114 6979/1035/6114 6978/1034/6114
f 6973/1030/6115 6974/1029/6115 6981/1036/6115 6980/1037/6115
f 6974/1029/6116 6975/1031/6116 6982/1038/6116 6981/1036/6116
f 6975/1031/6117 6976/1032/6117 6983/1039/6117 6982/1038/6117
f 6976/1032/6118 6977/1033/6118 6984/1040/6118 6983/1039/6118
f 6977/1033/6119 6978/1034/6119 6985/1041/6119 6984/1040/6119
f 6978/1034/6120 6979/1035/6120 6986/1042/6120 6985/1041/6120
f 6980/1037/6121 6981/1036/6121 6988/1043/6121 6987/1044/6121
f 6981/1036/6122 6982/1038/6122 6989/1045/6122 6988/1043/6122
f 6982/1038/6123 6983/1039/6123 6990/1046/6123 6989/1045/6123
f 6983/1039/6124 6984/1040/6124 6991/1047/6124 6990/1046/6124
f 6984/1040/6125 6985/1041/6125 6992/1048/6125 6991/1047/6125
f 6985/1041/6126 6986/1042/6126 6993/1049/6126 6992/1048/6126
f 6987/1044/6127 6988/1043/6127 6995/1050/6127 6994/1051/6127
f 6988/1043/6128 6989/1045/6128 6996/1052/6128 6995/1050/6128
f 6989/1045/6129 6990/1046/6129 6997/1053/6129 6996/1052/6129
f 6990/1046/6130 6991/1047/6130 6998/1054/6130 6997/1053/6130
f 6991/1047/6131 6992/1048/6131 6999/1055/6131 6998/1054/6131
f 6992/1048/6132 6993/1049/6132 7000/1056/6132 6999/1055/6132
f 48/59/6133 560/219/6133 6952/1008/6133 1744/764/6133
f 560/219/6134 559/218/6134 6953/1009/6134 6952/1008/6134
f 559/218/6135 558/217/6135 6954/1012/6135 6953/1009/6135
f 558/217/6136 557/216/6136 6955/1014/6136 6954/1012/6136
f 557/216/6137 556/215/6137 6956/1016/6137 6955/1014/6137
f 556/215/6138 555/214/6138 6957/1018/6138 6956/1016/6138
f 555/214/6139 554/213/6139 6958/1020/6139 6957/1018/6139
f 554/213/6140 47/148/6140 1737/994/6140 6958/1020/6140
f 6958/1020/6141 1737/994/6141 1738/1007/6141 6965/1021/6141
f 6965/1021/6142 1738/1007/6142 1739/1006/6142 6972/1028/6142
f 6972/1028/6143 1739/1006/6143 1740/1005/6143 6979/1035/6143
f 6979/1035/6144 1740/1005/6144 1741/1004/6144 6986/1042/6144
f 6986/1042/6145 1741/1004/6145 1742/1003/6145 6993/1049/6145
f 6993/1049/6146 1742/1003/6146 1743/1002/6146 7000/1056/6146
f 7000/1056/6147 1743/1002/6147 117/445/6147 1191/522/6147
f 6999/1055/6148 7000/1056/6148 1191/522/6148 1192/521/6148
f 6998/1054/6149 6999/1055/6149 1192/521/6149 1193/520/6149
f 6997/1053/6150 6998/1054/6150 1193/520/6150 1194/519/6150
f 6996/1052/6151 6997/1053/6151 1194/519/6151 1195/518/6151
f 6995/1050/6152 6996/1052/6152 1195/518/6152 1196/517/6152
f 6994/1051/6153 6995/1050/6153 1196/517/6153 1197/516/6153
f 1750/770/6154 6994/1051/6154 1197/516/6154 118/373/6154
f 1749/769/6155 6987/1044/6155 6994/1051/6155 1750/770/6155
f 1748/768/6156 6980/1037/6156 6987/1044/6156 1749/769/6156
f 1747/767/6157 6973/1030/6157 6980/1037/6157 1748/768/6157
f 1746/766/6158 6966/1023/6158 6973/1030/6158 1747/767/6158
f 1745/765/6159 6959/1011/6159 6966/1023/6159 1746/766/6159
f 1744/764/6160 6952/1008/6160 6959/1011/6160 1745/765/6160
f 7001/1057/6161 7002/1058/6161 7009/1059/6161 7008/1060/6161
f 7002/1058/6162 7003/1061/6162 7010/1062/6162 7009/1059/6162
f 7003/1061/6163 7004/1063/6163 7011/1064/6163 7010/1062/6163
f 7004/1063/6164 7005/1065/6164 7012/1066/6164 7011/1064/6164
f 7005/1065/6165 7006/1067/6165 7013/1068/6165 7012/1066/6165
f 7006/1067/6166 7007/1069/6166 7014/1070/6166 7013/1068/6166
f 7008/1060/6167 7009/1059/6167 7016/1071/6167 7015/1072/6167
f 7009/1059/6168 7010/1062/6168 7017/1073/6168 7016/1071/6168
f 7010/1062/6169 7011/1064/6169 7018/1074/6169 7017/1073/6169
f 7011/1064/6170 7012/1066/6170 7019/1075/6170 7018/1074/6170
f 7012/1066/6171 7013/1068/6171 7020/1076/6171 7019/1075/6171
f 7013/1068/6172 7014/1070/6172 7021/1077/6172 7020/1076/6172
f 7015/1072/6173 7016/1071/6173 7023/1078/6173 7022/1079/6173
f 7016/1071/6174 7017/1073/6174 7024/1080/6174 7023/1078/6174
f 7017/1073/6175 7018/1074/6175 7025/1081/6175 7024/1080/6175
f 7018/1074/6176 7019/1075/6176 7026/1082/6176 7025/1081/6176
f 7019/1075/6177 7020/1076/6177 7027/1083/6177 7026/1082/6177
f 7020/1076/6178 7021/1077/6178 7028/1084/6178 7027/1083/6178
f 7022/1079/6179 7023/1078/6179 7030/1085/6179 7029/1086/6179
f 7023/1078/6180 7024/1080/6180 7031/1087/6180 7030/1085/6180
f 7024/1080/6181 7025/1081/6181 7032/1088/6181 7031/1087/6181
f 7025/1081/6182 7026/1082/6182 7033/1089/6182 7032/1088/6182
f 7026/1082/6183 7027/1083/6183 7034/1090/6183 7033/1089/6183
f 7027/1083/6184 7028/1084/6184 7035/1091/6184 7034/1090/6184
f 7029/1086/6185 7030/1085/6185 7037/1092/6185 7036/1093/6185
f 7030/1085/6186 7031/1087/6186 7038/1094/6186 7037/1092/6186
f 7031/1087/6187 7032/1088/6187 7039/1095/6187 7038/1094/6187
f 7032/1088/6188 7033/1089/6188 7040/1096/6188 7039/1095/6188
f 7033/1089/6189 7034/1090/6189 7041/1097/6189 7040/1096/6189
f 7034/1090/6190 7035/1091/6190 7042/1098/6190 7041/1097/6190
f 7036/1093/6191 7037/1092/6191 7044/1099/6191 7043/1100/6191
f 7037/1092/6192 7038/1094/6192 7045/1101/6192 7044/1099/6192
f 7038/1094/6193 7039/1095/6193 7046/1102/6193 7045/1101/6193
f 7039/1095/6194 7040/1096/6194 7047/1103/6194 7046/1102/6194
f 7040/1096/6195 7041/1097/6195 7048/1104/6195 7047/1103/6195
f 7041/1097/6196 7042/1098/6196 7049/1105/6196 7048/1104/6196
f 49/131/6197 581/133/6197 7001/1057/6197 1751/645/6197
f 581/133/6198 580/162/6198 7002/1058/6198 7001/1057/6198
f 580/162/6199 579/161/6199 7003/1061/6199 7002/1058/6199
f 579/161/6200 578/160/6200 7004/1063/6200 7003/1061/6200
f 578/160/6201 577/159/6201 7005/1065/6201 7004/1063/6201
f 577/159/6202 576/158/6202 7006/1067/6202 7005/1065/6202
f 576/158/6203 575/156/6203 7007/1069/6203 7006/1067/6203
f 575/156/6204 46/157/6204 1730/938/6204 7007/1069/6204
f 7007/1069/6205 1730/938/6205 1731/944/6205 7014/1070/6205
f 7014/1070/6206 1731/944/6206 1732/943/6206 7021/1077/6206
f 7021/1077/6207 1732/943/6207 1733/942/6207 7028/1084/6207
f 7028/1084/6208 1733/942/6208 1734/941/6208 7035/1091/6208
f 7035/1091/6209 1734/941/6209 1735/940/6209 7042/1098/6209
f 7042/1098/6210 1735/940/6210 1736/939/6210 7049/1105/6210
f 7049/1105/6211 1736/939/6211 116/437/6211 1212/436/6211
f 7048/1104/6212 7049/1105/6212 1212/436/6212 1213/435/6212
f 7047/1103/6213 7048/1104/6213 1213/435/6213 1214/434/6213
f 7046/1102/6214 7047/1103/6214 1214/434/6214 1215/433/6214
f 7045/1101/6215 7046/1102/6215 1215/433/6215 1216/432/6215
f 7044/1099/6216 7045/1101/6216 1216/432/6216 1217/431/6216
f 7043/1100/6217 7044/1099/6217 1217/431/6217 1218/429/6217
f 1757/651/6218 7043/1100/6218 1218/429/6218 119/428/6218
f 1756/650/6219 7036/1093/6219 7043/1100/6219 1757/651/6219
f 1755/649/6220 7029/1086/6220 7036/1093/6220 1756/650/6220
f 1754/648/6221 7022/1079/6221 7029/1086/6221 1755/649/6221
f 1753/647/6222 7015/1072/6222 7022/1079/6222 1754/648/6222
f 1752/646/6223 7008/1060/6223 7015/1072/6223 1753/647/6223
f 1751/645/6224 7001/1057/6224 7008/1060/6224 1752/646/6224
f 7050/1106/6225 7051/1107/6225 7058/1108/6225 7057/1109/6225
f 7051/1107/6226 7052/1110/6226 7059/1111/6226 7058/1108/6226
f 7052/1110/6227 7053/1112/6227 7060/1113/6227 7059/1111/6227
f 7053/1112/6228 7054/1114/6228 7061/1115/6228 7060/1113/6228
f 7054/1114/6229 7055/1116/6229 7062/1117/6229 7061/1115/6229
f 7055/1116/6230 7056/1118/6230 7063/1119/6230 7062/1117/6230
f 7057/1109/6231 7058/1108/6231 7065/1120/6231 7064/1121/6231
f 7058/1108/6232 7059/1111/6232 7066/1122/6232 7065/1120/6232
f 7059/1111/6233 7060/1113/6233 7067/1123/6233 7066/1122/6233
f 7060/1113/6234 7061/1115/6234 7068/1124/6234 7067/1123/6234
f 7061/1115/6235 7062/1117/6235 7069/1125/6235 7068/1124/6235
f 7062/1117/6236 7063/1119/6236 7070/1126/6236 7069/1125/6236
f 7064/1121/6237 7065/1120/6237 7072/1127/6237 7071/1128/6237
f 7065/1120/6238 7066/1122/6238 7073/1129/6238 7072/1127/6238
f 7066/1122/6239 7067/1123/6239 7074/1130/6239 7073/1129/6239
f 7067/1123/6240 7068/1124/6240 7075/1131/6240 7074/1130/6240
f 7068/1124/6241 7069/1125/6241 7076/1132/6241 7075/1131/6241
f 7069/1125/6242 7070/1126/6242 7077/1133/6242 7076/1132/6242
f 7071/1128/6243 7072/1127/6243 7079/1134/6243 7078/1135/6243
f 7072/1127/6244 7073/1129/6244 7080/1136/6244 7079/1134/6244
f 7073/1129/6245 7074/1130/6245 7081/1137/6245 7080/1136/6245
f 7074/1130/6246 7075/1131/6246 7082/1138/6246 7081/1137/6246
f 7075/1131/6247 7076/1132/6247 7083/1139/6247 7082/1138/6247
f 7076/1132/6248 7077/1133/6248 7084/1140/6248 7083/1139/6248
f 7078/1135/6249 7079/1134/6249 7086/1141/6249 7085/1142/6249
f 7079/1134/6250 7080/1136/6250 7087/1143/6250 7086/1141/6250
f 7080/1136/6251 7081/1137/6251 7088/1144/6251 7087/1143/6251
f 7081/1137/6252 7082/1138/6252 7089/1145/6252 7088/1144/6252
f 7082/1138/6253 7083/1139/6253 7090/1146/6253 7089/1145/6253
f 7083/1139/6254 7084/1140/6254 7091/1147/6254 7090/1146/6254
f 7085/1142/6255 7086/1141/6255 7093/1148/6255 7092/1149/6255
f 7086/1141/6256 7087/1143/6256 7094/1150/6256 7093/1148/6256
f 7087/1143/6257 7088/1144/6257 7095/1151/6257 7094/1150/6257
f 7088/1144/6258 7089/1145/6258 7096/1152/6258 7095/1151/6258
f 7089/1145/6259 7090/1146/6259 7097/1153/6259 7096/1152/6259
f 7090/1146/6260 7091/1147/6260 7098/1154/6260 7097/1153/6260
f 50/140/6261 588/291/6261 7050/1106/6261 1758/995/6261
f 588/291/6262 587/290/6262 7051/1107/6262 7050/1106/6262
f 587/290/6263 586/289/6263 7052/1110/6263 7051/1107/6263
f 586/289/6264 585/288/6264 7053/1112/6264 7052/1110/6264
f 585/288/6265 584/287/6265 7054/1114/6265 7053/1112/6265
f 584/287/6266 583/286/6266 7055/1116/6266 7054/1114/6266
f 583/286/6267 582/285/6267 7056/1118/6267 7055/1116/6267
f 582/285/6268 42/284/6268 1702/707/6268 7056/1118/6268
f 7056/1118/6269 1702/707/6269 1703/713/6269 7063/1119/6269
f 7063/1119/6270 1703/713/6270 1704/712/6270 7070/1126/6270
f 7070/1126/6271 1704/712/6271 1705/711/6271 7077/1133/6271
f 7077/1133/6272 1705/711/6272 1706/710/6272 7084/1140/6272
f 7084/1140/6273 1706/710/6273 1707/709/6273 7091/1147/6273
f 7091/1147/6274 1707/709/6274 1708/708/6274 7098/1154/6274
f 7098/1154/6275 1708/708/6275 112/589/6275 1219/587/6275
f 7097/1153/6276 7098/1154/6276 1219/587/6276 1220/586/6276
f 7096/1152/6277 7097/1153/6277 1220/586/6277 1221/585/6277
f 7095/1151/6278 7096/1152/6278 1221/585/6278 1222/584/6278
f 7094/1150/6279 7095/1151/6279 1222/584/6279 1223/583/6279
f 7093/1148/6280 7094/1150/6280 1223/583/6280 1224/582/6280
f 7092/1149/6281 7093/1148/6281 1224/582/6281 1225/581/6281
f 1764/1001/6282 7092/1149/6282 1225/581/6282 120/454/6282
f 1763/1000/6283 7085/1142/6283 7092/1149/6283 1764/1001/6283
f 1762/999/6284 7078/1135/6284 7085/1142/6284 1763/1000/6284
f 1761/998/6285 7071/1128/6285 7078/1135/6285 1762/999/6285
f 1760/997/6286 7064/1121/6286 7071/1128/6286 1761/998/6286
f 1759/996/6287 7057/1109/6287 7064/1121/6287 1760/997/6287
f 1758/995/6288 7050/1106/6288 7057/1109/6288 1759/996/6288
f 7099/595/6289 7100/596/6289 7107/597/6289 7106/598/6289
f 7100/596/6290 7101/599/6290 7108/600/6290 7107/597/6290
f 7101/599/6291 7102/601/6291 7109/602/6291 7108/600/6291
f 7102/601/6292 7103/603/6292 7110/604/6292 7109/602/6292
f 7103/603/6293 7104/605/6293 7111/606/6293 7110/604/6293
f 7104/605/6294 7105/607/6294 7112/608/6294 7111/606/6294
f 7106/598/6295 7107/597/6295 7114/609/6295 7113/610/6295
f 7107/597/6296 7108/600/6296 7115/611/6296 7114/609/6296
f 7108/600/6297 7109/602/6297 7116/612/6297 7115/611/6297
f 7109/602/6298 7110/604/6298 7117/613/6298 7116/612/6298
f 7110/604/6299 7111/606/6299 7118/614/6299 7117/613/6299
f 7111/606/6300 7112/608/6300 7119/615/6300 7118/614/6300
f 7113/610/6301 7114/609/6301 7121/616/6301 7120/617/6301
f 7114/609/6302 7115/611/6302 7122/618/6302 7121/616/6302
f 7115/611/6303 7116/612/6303 7123/619/6303 7122/618/6303
f 7116/612/6304 7117/613/6304 7124/620/6304 7123/619/6304
f 7117/613/6305 7118/614/6305 7125/621/6305 7124/620/6305
f 7118/614/6306 7119/615/6306 7126/622/6306 7125/621/6306
f 7120/617/6307 7121/616/6307 7128/623/6307 7127/624/6307
f 7121/616/6308 7122/618/6308 7129/625/6308 7128/623/6308
f 7122/618/6309 7123/619/6309 7130/626/6309 7129/625/6309
f 7123/619/6310 7124/620/6310 7131/627/6310 7130/626/6310
f 7124/620/6311 7125/621/6311 7132/628/6311 7131/627/6311
f 7125/621/6312 7126/622/6312 7133/629/6312 7132/628/6312
f 7127/624/6313 7128/623/6313 7135/630/6313 7134/631/6313
f 7128/623/6314 7129/625/6314 7136/632/6314 7135/630/6314
f 7129/625/6315 7130/626/6315 7137/633/6315 7136/632/6315
f 7130/626/6316 7131/627/6316 7138/634/6316 7137/633/6316
f 7131/627/6317 7132/628/6317 7139/635/6317 7138/634/6317
f 7132/628/6318 7133/629/6318 7140/636/6318 7139/635/6318
f 7134/631/6319 7135/630/6319 7142/637/6319 7141/638/6319
f 7135/630/6320 7136/632/6320 7143/639/6320 7142/637/6320
f 7136/632/6321 7137/633/6321 7144/640/6321 7143/639/6321
f 7137/633/6322 7138/634/6322 7145/641/6322 7144/640/6322
f 7138/634/6323 7139/635/6323 7146/642/6323 7145/641/6323
f 7139/635/6324 7140/636/6324 7147/643/6324 7146/642/6324
f 51/275/6325 602/277/6325 7099/595/6325 1765/644/6325
f 602/277/6326 601/297/6326 7100/596/6326 7099/595/6326
f 601/297/6327 600/296/6327 7101/599/6327 7100/596/6327
f 600/296/6328 599/295/6328 7102/601/6328 7101/599/6328
f 599/295/6329 598/294/6329 7103/603/6329 7102/601/6329
f 598/294/6330 597/293/6330 7104/605/6330 7103/603/6330
f 597/293/6331 596/292/6331 7105/607/6331 7104/605/6331
f 596/292/6332 59/131/6332 1821/645/6332 7105/607/6332
f 7105/607/6333 1821/645/6333 1822/646/6333 7112/608/6333
f 7112/608/6334 1822/646/6334 1823/647/6334 7119/615/6334
f 7119/615/6335 1823/647/6335 1824/648/6335 7126/622/6335
f 7126/622/6336 1824/648/6336 1825/649/6336 7133/629/6336
f 7133/629/6337 1825/649/6337 1826/650/6337 7140/636/6337
f 7140/636/6338 1826/650/6338 1827/651/6338 7147/643/6338
f 7147/643/6339 1827/651/6339 129/428/6339 1233/580/6339
f 7146/642/6340 7147/643/6340 1233/580/6340 1234/579/6340
f 7145/641/6341 7146/642/6341 1234/579/6341 1235/578/6341
f 7144/640/6342 7145/641/6342 1235/578/6342 1236/577/6342
f 7143/639/6343 7144/640/6343 1236/577/6343 1237/576/6343
f 7142/637/6344 7143/639/6344 1237/576/6344 1238/575/6344
f 7141/638/6345 7142/637/6345 1238/575/6345 1239/573/6345
f 1771/652/6346 7141/638/6346 1239/573/6346 121/572/6346
f 1770/653/6347 7134/631/6347 7141/638/6347 1771/652/6347
f 1769/654/6348 7127/624/6348 7134/631/6348 1770/653/6348
f 1768/655/6349 7120/617/6349 7127/624/6349 1769/654/6349
f 1767/656/6350 7113/610/6350 7120/617/6350 1768/655/6350
f 1766/657/6351 7106/598/6351 7113/610/6351 1767/656/6351
f 1765/644/6352 7099/595/6352 7106/598/6352 1766/657/6352
f 7148/658/6353 7149/659/6353 7156/660/6353 7155/661/6353
f 7149/659/6354 7150/662/6354 7157/663/6354 7156/660/6354
f 7150/662/6355 7151/664/6355 7158/665/6355 7157/663/6355
f 7151/664/6356 7152/666/6356 7159/667/6356 7158/665/6356
f 7152/666/6357 7153/668/6357 7160/669/6357 7159/667/6357
f 7153/668/6358 7154/670/6358 7161/671/6358 7160/669/6358
f 7155/661/6359 7156/660/6359 7163/672/6359 7162/673/6359
f 7156/660/6360 7157/663/6360 7164/674/6360 7163/672/6360
f 7157/663/6361 7158/665/6361 7165/675/6361 7164/674/6361
f 7158/665/6362 7159/667/6362 7166/676/6362 7165/675/6362
f 7159/667/6363 7160/669/6363 7167/677/6363 7166/676/6363
f 7160/669/6364 7161/671/6364 7168/678/6364 7167/677/6364
f 7162/673/6365 7163/672/6365 7170/679/6365 7169/680/6365
f 7163/672/6366 7164/674/6366 7171/681/6366 7170/679/6366
f 7164/674/6367 7165/675/6367 7172/682/6367 7171/681/6367
f 7165/675/6368 7166/676/6368 7173/683/6368 7172/682/6368
f 7166/676/6369 7167/677/6369 7174/684/6369 7173/683/6369
f 7167/677/6370 7168/678/6370 7175/685/6370 7174/684/6370
f 7169/680/6371 7170/679/6371 7177/686/6371 7176/687/6371
f 7170/679/6372 7171/681/6372 7178/688/6372 7177/686/6372
f 7171/681/6373 7172/682/6373 7179/689/6373 7178/688/6373
f 7172/682/6374 7173/683/6374 7180/690/6374 7179/689/6374
f 7173/683/6375 7174/684/6375 7181/691/6375 7180/690/6375
f 7174/684/6376 7175/685/6376 7182/692/6376 7181/691/6376
f 7176/687/6377 7177/686/6377 7184/693/6377 7183/694/6377
f 7177/686/6378 7178/688/6378 7185/695/6378 7184/693/6378
f 7178/688/6379 7179/689/6379 7186/696/6379 7185/695/6379
f 7179/689/6380 7180/690/6380 7187/697/6380 7186/696/6380
f 7180/690/6381 7181/691/6381 7188/698/6381 7187/697/6381
f 7181/691/6382 7182/692/6382 7189/699/6382 7188/698/6382
f 7183/694/6383 7184/693/6383 7191/700/6383 7190/701/6383
f 7184/693/6384 7185/695/6384 7192/702/6384 7191/700/6384
f 7185/695/6385 7186/696/6385 7193/703/6385 7192/702/6385
f 7186/696/6386 7187/697/6386 7194/704/6386 7193/703/6386
f 7187/697/6387 7188/698/6387 7195/705/6387 7194/704/6387
f 7188/698/6388 7189/699/6388 7196/706/6388 7195/705/6388
f 52/284/6389 609/283/6389 7148/658/6389 1772/707/6389
f 609/283/6390 608/282/6390 7149/659/6390 7148/658/6390
f 608/282/6391 607/281/6391 7150/662/6391 7149/659/6391
f 607/281/6392 606/280/6392 7151/664/6392 7150/662/6392
f 606/280/6393 605/279/6393 7152/666/6393 7151/664/6393
f 605/279/6394 604/278/6394 7153/668/6394 7152/666/6394
f 604/278/6395 603/276/6395 7154/670/6395 7153/668/6395
f 603/276/6396 51/275/6396 1765/644/6396 7154/670/6396
f 7154/670/6397 1765/644/6397 1766/657/6397 7161/671/6397
f 7161/671/6398 1766/657/6398 1767/656/6398 7168/678/6398
f 7168/678/6399 1767/656/6399 1768/655/6399 7175/685/6399
f 7175/685/6400 1768/655/6400 1769/654/6400 7182/692/6400
f 7182/692/6401 1769/654/6401 1770/653/6401 7189/699/6401
f 7189/699/6402 1770/653/6402 1771/652/6402 7196/706/6402
f 7196/706/6403 1771/652/6403 121/572/6403 1240/574/6403
f 7195/705/6404 7196/706/6404 1240/574/6404 1241/594/6404
f 7194/704/6405 7195/705/6405 1241/594/6405 1242/593/6405
f 7193/703/6406 7194/704/6406 1242/593/6406 1243/592/6406
f 7192/702/6407 7193/703/6407 1243/592/6407 1244/591/6407
f 7191/700/6408 7192/702/6408 1244/591/6408 1245/590/6408
f 7190/701/6409 7191/700/6409 1245/590/6409 1246/588/6409
f 1778/708/6410 7190/701/6410 1246/588/6410 122/589/6410
f 1777/709/6411 7183/694/6411 7190/701/6411 1778/708/6411
f 1776/710/6412 7176/687/6412 7183/694/6412 1777/709/6412
f 1775/711/6413 7169/680/6413 7176/687/6413 1776/710/6413
f 1774/712/6414 7162/673/6414 7169/680/6414 1775/711/6414
f 1773/713/6415 7155/661/6415 7162/673/6415 1774/712/6415
f 1772/707/6416 7148/658/6416 7155/661/6416 1773/713/6416
f 7197/714/6417 7198/715/6417 7205/716/6417 7204/717/6417
f 7198/715/6418 7199/718/6418 7206/719/6418 7205/716/6418
f 7199/718/6419 7200/720/6419 7207/721/6419 7206/719/6419
f 7200/720/6420 7201/722/6420 7208/723/6420 7207/721/6420
f 7201/722/6421 7202/724/6421 7209/725/6421 7208/723/6421
f 7202/724/6422 7203/726/6422 7210/727/6422 7209/725/6422
f 7204/717/6423 7205/716/6423 7212/728/6423 7211/729/6423
f 7205/716/6424 7206/719/6424 7213/730/6424 7212/728/6424
f 7206/719/6425 7207/721/6425 7214/731/6425 7213/730/6425
f 7207/721/6426 7208/723/6426 7215/732/6426 7214/731/6426
f 7208/723/6427 7209/725/6427 7216/733/6427 7215/732/6427
f 7209/725/6428 7210/727/6428 7217/734/6428 7216/733/6428
f 7211/729/6429 7212/728/6429 7219/735/6429 7218/736/6429
f 7212/728/6430 7213/730/6430 7220/737/6430 7219/735/6430
f 7213/730/6431 7214/731/6431 7221/738/6431 7220/737/6431
f 7214/731/6432 7215/732/6432 7222/739/6432 7221/738/6432
f 7215/732/6433 7216/733/6433 7223/740/6433 7222/739/6433
f 7216/733/6434 7217/734/6434 7224/741/6434 7223/740/6434
f 7218/736/6435 7219/735/6435 7226/742/6435 7225/743/6435
f 7219/735/6436 7220/737/6436 7227/744/6436 7226/742/6436
f 7220/737/6437 7221/738/6437 7228/745/6437 7227/744/6437
f 7221/738/6438 7222/739/6438 7229/746/6438 7228/745/6438
f 7222/739/6439 7223/740/6439 7230/747/6439 7229/746/6439
f 7223/740/6440 7224/741/6440 7231/748/6440 7230/747/6440
f 7225/743/6441 7226/742/6441 7233/749/6441 7232/750/6441
f 7226/742/6442 7227/744/6442 7234/751/6442 7233/749/6442
f 7227/744/6443 7228/745/6443 7235/752/6443 7234/751/6443
f 7228/745/6444 7229/746/6444 7236/753/6444 7235/752/6444
f 7229/746/6445 7230/747/6445 7237/754/6445 7236/753/6445
f 7230/747/6446 7231/748/6446 7238/755/6446 7237/754/6446
f 7232/750/6447 7233/749/6447 7240/756/6447 7239/757/6447
f 7233/749/6448 7234/751/6448 7241/758/6448 7240/756/6448
f 7234/751/6449 7235/752/6449 7242/759/6449 7241/758/6449
f 7235/752/6450 7236/753/6450 7243/760/6450 7242/759/6450
f 7236/753/6451 7237/754/6451 7244/761/6451 7243/760/6451
f 7237/754/6452 7238/755/6452 7245/762/6452 7244/761/6452
f 54/67/6453 616/66/6453 7197/714/6453 1786/763/6453
f 616/66/6454 615/65/6454 7198/715/6454 7197/714/6454
f 615/65/6455 614/64/6455 7199/718/6455 7198/715/6455
f 614/64/6456 613/63/6456 7200/720/6456 7199/718/6456
f 613/63/6457 612/62/6457 7201/722/6457 7200/720/6457
f 612/62/6458 611/61/6458 7202/724/6458 7201/722/6458
f 611/61/6459 610/60/6459 7203/726/6459 7202/724/6459
f 610/60/6460 58/59/6460 1814/764/6460 7203/726/6460
f 7203/726/6461 1814/764/6461 1815/765/6461 7210/727/6461
f 7210/727/6462 1815/765/6462 1816/766/6462 7217/734/6462
f 7217/734/6463 1816/766/6463 1817/767/6463 7224/741/6463
f 7224/741/6464 1817/767/6464 1818/768/6464 7231/748/6464
f 7231/748/6465 1818/768/6465 1819/769/6465 7238/755/6465
f 7238/755/6466 1819/769/6466 1820/770/6466 7245/762/6466
f 7245/762/6467 1820/770/6467 128/373/6467 1247/371/6467
f 7244/761/6468 7245/762/6468 1247/371/6468 1248/370/6468
f 7243/760/6469 7244/761/6469 1248/370/6469 1249/369/6469
f 7242/759/6470 7243/760/6470 1249/369/6470 1250/368/6470
f 7241/758/6471 7242/759/6471 1250/368/6471 1251/367/6471
f 7240/756/6472 7241/758/6472 1251/367/6472 1252/366/6472
f 7239/757/6473 7240/756/6473 1252/366/6473 1253/365/6473
f 1792/771/6474 7239/757/6474 1253/365/6474 124/364/6474
f 1791/772/6475 7232/750/6475 7239/757/6475 1792/771/6475
f 1790/773/6476 7225/743/6476 7232/750/6476 1791/772/6476
f 1789/774/6477 7218/736/6477 7225/743/6477 1790/773/6477
f 1788/775/6478 7211/729/6478 7218/736/6478 1789/774/6478
f 1787/776/6479 7204/717/6479 7211/729/6479 1788/775/6479
f 1786/763/6480 7197/714/6480 7204/717/6480 1787/776/6480
f 7246/777/6481 7247/778/6481 7254/779/6481 7253/780/6481
f 7247/778/6482 7248/781/6482 7255/782/6482 7254/779/6482
f 7248/781/6483 7249/783/6483 7256/784/6483 7255/782/6483
f 7249/783/6484 7250/785/6484 7257/786/6484 7256/784/6484
f 7250/785/6485 7251/787/6485 7258/788/6485 7257/786/6485
f 7251/787/6486 7252/789/6486 7259/790/6486 7258/788/6486
f 7253/780/6487 7254/779/6487 7261/791/6487 7260/792/6487
f 7254/779/6488 7255/782/6488 7262/793/6488 7261/791/6488
f 7255/782/6489 7256/784/6489 7263/794/6489 7262/793/6489
f 7256/784/6490 7257/786/6490 7264/795/6490 7263/794/6490
f 7257/786/6491 7258/788/6491 7265/796/6491 7264/795/6491
f 7258/788/6492 7259/790/6492 7266/797/6492 7265/796/6492
f 7260/792/6493 7261/791/6493 7268/798/6493 7267/799/6493
f 7261/791/6494 7262/793/6494 7269/800/6494 7268/798/6494
f 7262/793/6495 7263/794/6495 7270/801/6495 7269/800/6495
f 7263/794/6496 7264/795/6496 7271/802/6496 7270/801/6496
f 7264/795/6497 7265/796/6497 7272/803/6497 7271/802/6497
f 7265/796/6498 7266/797/6498 7273/804/6498 7272/803/6498
f 7267/799/6499 7268/798/6499 7275/805/6499 7274/806/6499
f 7268/798/6500 7269/800/6500 7276/807/6500 7275/805/6500
f 7269/800/6501 7270/801/6501 7277/808/6501 7276/807/6501
f 7270/801/6502 7271/802/6502 7278/809/6502 7277/808/6502
f 7271/802/6503 7272/803/6503 7279/810/6503 7278/809/6503
f 7272/803/6504 7273/804/6504 7280/811/6504 7279/810/6504
f 7274/806/6505 7275/805/6505 7282/812/6505 7281/813/6505
f 7275/805/6506 7276/807/6506 7283/814/6506 7282/812/6506
f 7276/807/6507 7277/808/6507 7284/815/6507 7283/814/6507
f 7277/808/6508 7278/809/6508 7285/816/6508 7284/815/6508
f 7278/809/6509 7279/810/6509 7286/817/6509 7285/816/6509
f 7279/810/6510 7280/811/6510 7287/818/6510 7286/817/6510
f 7281/813/6511 7282/812/6511 7289/819/6511 7288/820/6511
f 7282/812/6512 7283/814/6512 7290/821/6512 7289/819/6512
f 7283/814/6513 7284/815/6513 7291/822/6513 7290/821/6513
f 7284/815/6514 7285/816/6514 7292/823/6514 7291/822/6514
f 7285/816/6515 7286/817/6515 7293/824/6515 7292/823/6515
f 7286/817/6516 7287/818/6516 7294/825/6516 7293/824/6516
f 53/76/6517 623/74/6517 7246/777/6517 1779/826/6517
f 623/74/6518 622/73/6518 7247/778/6518 7246/777/6518
f 622/73/6519 621/72/6519 7248/781/6519 7247/778/6519
f 621/72/6520 620/71/6520 7249/783/6520 7248/781/6520
f 620/71/6521 619/70/6521 7250/785/6521 7249/783/6521
f 619/70/6522 618/69/6522 7251/787/6522 7250/785/6522
f 618/69/6523 617/68/6523 7252/789/6523 7251/787/6523
f 617/68/6524 54/67/6524 1786/763/6524 7252/789/6524
f 7252/789/6525 1786/763/6525 1787/776/6525 7259/790/6525
f 7259/790/6526 1787/776/6526 1788/775/6526 7266/797/6526
f 7266/797/6527 1788/775/6527 1789/774/6527 7273/804/6527
f 7273/804/6528 1789/774/6528 1790/773/6528 7280/811/6528
f 7280/811/6529 1790/773/6529 1791/772/6529 7287/818/6529
f 7287/818/6530 1791/772/6530 1792/771/6530 7294/825/6530
f 7294/825/6531 1792/771/6531 124/364/6531 1254/363/6531
f 7293/824/6532 7294/825/6532 1254/363/6532 1255/362/6532
f 7292/823/6533 7293/824/6533 1255/362/6533 1256/361/6533
f 7291/822/6534 7292/823/6534 1256/361/6534 1257/360/6534
f 7290/821/6535 7291/822/6535 1257/360/6535 1258/359/6535
f 7289/819/6536 7290/821/6536 1258/359/6536 1259/358/6536
f 7288/820/6537 7289/819/6537 1259/358/6537 1260/357/6537
f 1785/827/6538 7288/820/6538 1260/357/6538 123/356/6538
f 1784/828/6539 7281/813/6539 7288/820/6539 1785/827/6539
f 1783/829/6540 7274/806/6540 7281/813/6540 1784/828/6540
f 1782/830/6541 7267/799/6541 7274/806/6541 1783/829/6541
f 1781/831/6542 7260/792/6542 7267/799/6542 1782/830/6542
f 1780/832/6543 7253/780/6543 7260/792/6543 1781/831/6543
f 1779/826/6544 7246/777/6544 7253/780/6544 1780/832/6544
f 7295/833/6545 7296/834/6545 7303/835/6545 7302/836/6545
f 7296/834/6546 7297/837/6546 7304/838/6546 7303/835/6546
f 7297/837/6547 7298/839/6547 7305/840/6547 7304/838/6547
f 7298/839/6548 7299/841/6548 7306/842/6548 7305/840/6548
f 7299/841/6549 7300/843/6549 7307/844/6549 7306/842/6549
f 7300/843/6550 7301/845/6550 7308/846/6550 7307/844/6550
f 7302/836/6551 7303/835/6551 7310/847/6551 7309/848/6551
f 7303/835/6552 7304/838/6552 7311/849/6552 7310/847/6552
f 7304/838/6553 7305/840/6553 7312/850/6553 7311/849/6553
f 7305/840/6554 7306/842/6554 7313/851/6554 7312/850/6554
f 7306/842/6555 7307/844/6555 7314/852/6555 7313/851/6555
f 7307/844/6556 7308/846/6556 7315/853/6556 7314/852/6556
f 7309/848/6557 7310/847/6557 7317/854/6557 7316/855/6557
f 7310/847/6558 7311/849/6558 7318/856/6558 7317/854/6558
f 7311/849/6559 7312/850/6559 7319/857/6559 7318/856/6559
f 7312/850/6560 7313/851/6560 7320/858/6560 7319/857/6560
f 7313/851/6561 7314/852/6561 7321/859/6561 7320/858/6561
f 7314/852/6562 7315/853/6562 7322/860/6562 7321/859/6562
f 7316/855/6563 7317/854/6563 7324/861/6563 7323/862/6563
f 7317/854/6564 7318/856/6564 7325/863/6564 7324/861/6564
f 7318/856/6565 7319/857/6565 7326/864/6565 7325/863/6565
f 7319/857/6566 7320/858/6566 7327/865/6566 7326/864/6566
f 7320/858/6567 7321/859/6567 7328/866/6567 7327/865/6567
f 7321/859/6568 7322/860/6568 7329/867/6568 7328/866/6568
f 7323/862/6569 7324/861/6569 7331/868/6569 7330/869/6569
f 7324/861/6570 7325/863/6570 7332/870/6570 7331/868/6570
f 7325/863/6571 7326/864/6571 7333/871/6571 7332/870/6571
f 7326/864/6572 7327/865/6572 7334/872/6572 7333/871/6572
f 7327/865/6573 7328/866/6573 7335/873/6573 7334/872/6573
f 7328/866/6574 7329/867/6574 7336/874/6574 7335/873/6574
f 7330/869/6575 7331/868/6575 7338/875/6575 7337/876/6575
f 7331/868/6576 7332/870/6576 7339/877/6576 7338/875/6576
f 7332/870/6577 7333/871/6577 7340/878/6577 7339/877/6577
f 7333/871/6578 7334/872/6578 7341/879/6578 7340/878/6578
f 7334/872/6579 7335/873/6579 7342/880/6579 7341/879/6579
f 7335/873/6580 7336/874/6580 7343/881/6580 7342/880/6580
f 55/50/6581 630/52/6581 7295/833/6581 1793/882/6581
f 630/52/6582 629/81/6582 7296/834/6582 7295/833/6582
f 629/81/6583 628/80/6583 7297/837/6583 7296/834/6583
f 628/80/6584 627/79/6584 7298/839/6584 7297/837/6584
f 627/79/6585 626/78/6585 7299/841/6585 7298/839/6585
f 626/78/6586 625/77/6586 7300/843/6586 7299/841/6586
f 625/77/6587 624/75/6587 7301/845/6587 7300/843/6587
f 624/75/6588 53/76/6588 1779/826/6588 7301/845/6588
f 7301/845/6589 1779/826/6589 1780/832/6589 7308/846/6589
f 7308/846/6590 1780/832/6590 1781/831/6590 7315/853/6590
f 7315/853/6591 1781/831/6591 1782/830/6591 7322/860/6591
f 7322/860/6592 1782/830/6592 1783/829/6592 7329/867/6592
f 7329/867/6593 1783/829/6593 1784/828/6593 7336/874/6593
f 7336/874/6594 1784/828/6594 1785/827/6594 7343/881/6594
f 7343/881/6595 1785/827/6595 123/356/6595 1261/355/6595
f 7342/880/6596 7343/881/6596 1261/355/6596 1262/354/6596
f 7341/879/6597 7342/880/6597 1262/354/6597 1263/353/6597
f 7340/878/6598 7341/879/6598 1263/353/6598 1264/352/6598
f 7339/877/6599 7340/878/6599 1264/352/6599 1265/351/6599
f 7338/875/6600 7339/877/6600 1265/351/6600 1266/350/6600
f 7337/876/6601 7338/875/6601 1266/350/6601 1267/348/6601
f 1799/883/6602 7337/876/6602 1267/348/6602 125/347/6602
f 1798/884/6603 7330/869/6603 7337/876/6603 1799/883/6603
f 1797/885/6604 7323/862/6604 7330/869/6604 1798/884/6604
f 1796/886/6605 7316/855/6605 7323/862/6605 1797/885/6605
f 1795/887/6606 7309/848/6606 7316/855/6606 1796/886/6606
f 1794/888/6607 7302/836/6607 7309/848/6607 1795/887/6607
f 1793/882/6608 7295/833/6608 7302/836/6608 1794/888/6608
f 7344/889/6609 7345/890/6609 7352/891/6609 7351/892/6609
f 7345/890/6610 7346/893/6610 7353/894/6610 7352/891/6610
f 7346/893/6611 7347/895/6611 7354/896/6611 7353/894/6611
f 7347/895/6612 7348/897/6612 7355/898/6612 7354/896/6612
f 7348/897/6613 7349/899/6613 7356/900/6613 7355/898/6613
f 7349/899/6614 7350/901/6614 7357/902/6614 7356/900/6614
f 7351/892/6615 7352/891/6615 7359/903/6615 7358/904/6615
f 7352/891/6616 7353/894/6616 7360/905/6616 7359/903/6616
f 7353/894/6617 7354/896/6617 7361/906/6617 7360/905/6617
f 7354/896/6618 7355/898/6618 7362/907/6618 7361/906/6618
f 7355/898/6619 7356/900/6619 7363/908/6619 7362/907/6619
f 7356/900/6620 7357/902/6620 7364/909/6620 7363/908/6620
f 7358/904/6621 7359/903/6621 7366/910/6621 7365/911/6621
f 7359/903/6622 7360/905/6622 7367/912/6622 7366/910/6622
f 7360/905/6623 7361/906/6623 7368/913/6623 7367/912/6623
f 7361/906/6624 7362/907/6624 7369/914/6624 7368/913/6624
f 7362/907/6625 7363/908/6625 7370/915/6625 7369/914/6625
f 7363/908/6626 7364/909/6626 7371/916/6626 7370/915/6626
f 7365/911/6627 7366/910/6627 7373/917/6627 7372/918/6627
f 7366/910/6628 7367/912/6628 7374/919/6628 7373/917/6628
f 7367/912/6629 7368/913/6629 7375/920/6629 7374/919/6629
f 7368/913/6630 7369/914/6630 7376/921/6630 7375/920/6630
f 7369/914/6631 7370/915/6631 7377/922/6631 7376/921/6631
f 7370/915/6632 7371/916/6632 7378/923/6632 7377/922/6632
f 7372/918/6633 7373/917/6633 7380/924/6633 7379/925/6633
f 7373/917/6634 7374/919/6634 7381/926/6634 7380/924/6634
f 7374/919/6635 7375/920/6635 7382/927/6635 7381/926/6635
f 7375/920/6636 7376/921/6636 7383/928/6636 7382/927/6636
f 7376/921/6637 7377/922/6637 7384/929/6637 7383/928/6637
f 7377/922/6638 7378/923/6638 7385/930/6638 7384/929/6638
f 7379/925/6639 7380/924/6639 7387/931/6639 7386/932/6639
f 7380/924/6640 7381/926/6640 7388/933/6640 7387/931/6640
f 7381/926/6641 7382/927/6641 7389/934/6641 7388/933/6641
f 7382/927/6642 7383/928/6642 7390/935/6642 7389/934/6642
f 7383/928/6643 7384/929/6643 7391/936/6643 7390/935/6643
f 7384/929/6644 7385/930/6644 7392/937/6644 7391/936/6644
f 56/157/6645 637/212/6645 7344/889/6645 1800/938/6645
f 637/212/6646 636/225/6646 7345/890/6646 7344/889/6646
f 636/225/6647 635/224/6647 7346/893/6647 7345/890/6647
f 635/224/6648 634/223/6648 7347/895/6648 7346/893/6648
f 634/223/6649 633/222/6649 7348/897/6649 7347/895/6649
f 633/222/6650 632/221/6650 7349/899/6650 7348/897/6650
f 632/221/6651 631/220/6651 7350/901/6651 7349/899/6651
f 631/220/6652 55/50/6652 1793/882/6652 7350/901/6652
f 7350/901/6653 1793/882/6653 1794/888/6653 7357/902/6653
f 7357/902/6654 1794/888/6654 1795/887/6654 7364/909/6654
f 7364/909/6655 1795/887/6655 1796/886/6655 7371/916/6655
f 7371/916/6656 1796/886/6656 1797/885/6656 7378/923/6656
f 7378/923/6657 1797/885/6657 1798/884/6657 7385/930/6657
f 7385/930/6658 1798/884/6658 1799/883/6658 7392/937/6658
f 7392/937/6659 1799/883/6659 125/347/6659 1268/515/6659
f 7391/936/6660 7392/937/6660 1268/515/6660 1269/514/6660
f 7390/935/6661 7391/936/6661 1269/514/6661 1270/513/6661
f 7389/934/6662 7390/935/6662 1270/513/6662 1271/512/6662
f 7388/933/6663 7389/934/6663 1271/512/6663 1272/511/6663
f 7387/931/6664 7388/933/6664 1272/511/6664 1273/510/6664
f 7386/932/6665 7387/931/6665 1273/510/6665 1274/509/6665
f 1806/939/6666 7386/932/6666 1274/509/6666 126/437/6666
f 1805/940/6667 7379/925/6667 7386/932/6667 1806/939/6667
f 1804/941/6668 7372/918/6668 7379/925/6668 1805/940/6668
f 1803/942/6669 7365/911/6669 7372/918/6669 1804/941/6669
f 1802/943/6670 7358/904/6670 7365/911/6670 1803/942/6670
f 1801/944/6671 7351/892/6671 7358/904/6671 1802/943/6671
f 1800/938/6672 7344/889/6672 7351/892/6672 1801/944/6672
f 7393/945/6673 7394/946/6673 7401/947/6673 7400/948/6673
f 7394/946/6674 7395/949/6674 7402/950/6674 7401/947/6674
f 7395/949/6675 7396/951/6675 7403/952/6675 7402/950/6675
f 7396/951/6676 7397/953/6676 7404/954/6676 7403/952/6676
f 7397/953/6677 7398/955/6677 7405/956/6677 7404/954/6677
f 7398/955/6678 7399/957/6678 7406/958/6678 7405/956/6678
f 7400/948/6679 7401/947/6679 7408/959/6679 7407/960/6679
f 7401/947/6680 7402/950/6680 7409/961/6680 7408/959/6680
f 7402/950/6681 7403/952/6681 7410/962/6681 7409/961/6681
f 7403/952/6682 7404/954/6682 7411/963/6682 7410/962/6682
f 7404/954/6683 7405/956/6683 7412/964/6683 7411/963/6683
f 7405/956/6684 7406/958/6684 7413/965/6684 7412/964/6684
f 7407/960/6685 7408/959/6685 7415/966/6685 7414/967/6685
f 7408/959/6686 7409/961/6686 7416/968/6686 7415/966/6686
f 7409/961/6687 7410/962/6687 7417/969/6687 7416/968/6687
f 7410/962/6688 7411/963/6688 7418/970/6688 7417/969/6688
f 7411/963/6689 7412/964/6689 7419/971/6689 7418/970/6689
f 7412/964/6690 7413/965/6690 7420/972/6690 7419/971/6690
f 7414/967/6691 7415/966/6691 7422/973/6691 7421/974/6691
f 7415/966/6692 7416/968/6692 7423/975/6692 7422/973/6692
f 7416/968/6693 7417/969/6693 7424/976/6693 7423/975/6693
f 7417/969/6694 7418/970/6694 7425/977/6694 7424/976/6694
f 7418/970/6695 7419/971/6695 7426/978/6695 7425/977/6695
f 7419/971/6696 7420/972/6696 7427/979/6696 7426/978/6696
f 7421/974/6697 7422/973/6697 7429/980/6697 7428/981/6697
f 7422/973/6698 7423/975/6698 7430/982/6698 7429/980/6698
f 7423/975/6699 7424/976/6699 7431/983/6699 7430/982/6699
f 7424/976/6700 7425/977/6700 7432/984/6700 7431/983/6700
f 7425/977/6701 7426/978/6701 7433/985/6701 7432/984/6701
f 7426/978/6702 7427/979/6702 7434/986/6702 7433/985/6702
f 7428/981/6703 7429/980/6703 7436/987/6703 7435/988/6703
f 7429/980/6704 7430/982/6704 7437/989/6704 7436/987/6704
f 7430/982/6705 7431/983/6705 7438/990/6705 7437/989/6705
f 7431/983/6706 7432/984/6706 7439/991/6706 7438/990/6706
f 7432/984/6707 7433/985/6707 7440/992/6707 7439/991/6707
f 7433/985/6708 7434/986/6708 7441/993/6708 7440/992/6708
f 57/148/6709 644/147/6709 7393/945/6709 1807/994/6709
f 644/147/6710 643/146/6710 7394/946/6710 7393/945/6710
f 643/146/6711 642/145/6711 7395/949/6711 7394/946/6711
f 642/145/6712 641/144/6712 7396/951/6712 7395/949/6712
f 641/144/6713 640/143/6713 7397/953/6713 7396/951/6713
f 640/143/6714 639/142/6714 7398/955/6714 7397/953/6714
f 639/142/6715 638/141/6715 7399/957/6715 7398/955/6715
f 638/141/6716 60/140/6716 1828/995/6716 7399/957/6716
f 7399/957/6717 1828/995/6717 1829/996/6717 7406/958/6717
f 7406/958/6718 1829/996/6718 1830/997/6718 7413/965/6718
f 7413/965/6719 1830/997/6719 1831/998/6719 7420/972/6719
f 7420/972/6720 1831/998/6720 1832/999/6720 7427/979/6720
f 7427/979/6721 1832/999/6721 1833/1000/6721 7434/986/6721
f 7434/986/6722 1833/1000/6722 1834/1001/6722 7441/993/6722
f 7441/993/6723 1834/1001/6723 130/454/6723 1275/452/6723
f 7440/992/6724 7441/993/6724 1275/452/6724 1276/451/6724
f 7439/991/6725 7440/992/6725 1276/451/6725 1277/450/6725
f 7438/990/6726 7439/991/6726 1277/450/6726 1278/449/6726
f 7437/989/6727 7438/990/6727 1278/449/6727 1279/448/6727
f 7436/987/6728 7437/989/6728 1279/448/6728 1280/447/6728
f 7435/988/6729 7436/987/6729 1280/447/6729 1281/446/6729
f 1813/1002/6730 7435/988/6730 1281/446/6730 127/445/6730
f 1812/1003/6731 7428/981/6731 7435/988/6731 1813/1002/6731
f 1811/1004/6732 7421/974/6732 7428/981/6732 1812/1003/6732
f 1810/1005/6733 7414/967/6733 7421/974/6733 1811/1004/6733
f 1809/1006/6734 7407/960/6734 7414/967/6734 1810/1005/6734
f 1808/1007/6735 7400/948/6735 7407/960/6735 1809/1006/6735
f 1807/994/6736 7393/945/6736 7400/948/6736 1808/1007/6736
f 7442/1008/6737 7443/1009/6737 7450/1010/6737 7449/1011/6737
f 7443/1009/6738 7444/1012/6738 7451/1013/6738 7450/1010/6738
f 7444/1012/6739 7445/1014/6739 7452/1015/6739 7451/1013/6739
f 7445/1014/6740 7446/1016/6740 7453/1017/6740 7452/1015/6740
f 7446/1016/6741 7447/1018/6741 7454/1019/6741 7453/1017/6741
f 7447/1018/6742 7448/1020/6742 7455/1021/6742 7454/1019/6742
f 7449/1011/6743 7450/1010/6743 7457/1022/6743 7456/1023/6743
f 7450/1010/6744 7451/1013/6744 7458/1024/6744 7457/1022/6744
f 7451/1013/6745 7452/1015/6745 7459/1025/6745 7458/1024/6745
f 7452/1015/6746 7453/1017/6746 7460/1026/6746 7459/1025/6746
f 7453/1017/6747 7454/1019/6747 7461/1027/6747 7460/1026/6747
f 7454/1019/6748 7455/1021/6748 7462/1028/6748 7461/1027/6748
f 7456/1023/6749 7457/1022/6749 7464/1029/6749 7463/1030/6749
f 7457/1022/6750 7458/1024/6750 7465/1031/6750 7464/1029/6750
f 7458/1024/6751 7459/1025/6751 7466/1032/6751 7465/1031/6751
f 7459/1025/6752 7460/1026/6752 7467/1033/6752 7466/1032/6752
f 7460/1026/6753 7461/1027/6753 7468/1034/6753 7467/1033/6753
f 7461/1027/6754 7462/1028/6754 7469/1035/6754 7468/1034/6754
f 7463/1030/6755 7464/1029/6755 7471/1036/6755 7470/1037/6755
f 7464/1029/6756 7465/1031/6756 7472/1038/6756 7471/1036/6756
f 7465/1031/6757 7466/1032/6757 7473/1039/6757 7472/1038/6757
f 7466/1032/6758 7467/1033/6758 7474/1040/6758 7473/1039/6758
f 7467/1033/6759 7468/1034/6759 7475/1041/6759 7474/1040/6759
f 7468/1034/6760 7469/1035/6760 7476/1042/6760 7475/1041/6760
f 7470/1037/6761 7471/1036/6761 7478/1043/6761 7477/1044/6761
f 7471/1036/6762 7472/1038/6762 7479/1045/6762 7478/1043/6762
f 7472/1038/6763 7473/1039/6763 7480/1046/6763 7479/1045/6763
f 7473/1039/6764 7474/1040/6764 7481/1047/6764 7480/1046/6764
f 7474/1040/6765 7475/1041/6765 7482/1048/6765 7481/1047/6765
f 7475/1041/6766 7476/1042/6766 7483/1049/6766 7482/1048/6766
f 7477/1044/6767 7478/1043/6767 7485/1050/6767 7484/1051/6767
f 7478/1043/6768 7479/1045/6768 7486/1052/6768 7485/1050/6768
f 7479/1045/6769 7480/1046/6769 7487/1053/6769 7486/1052/6769
f 7480/1046/6770 7481/1047/6770 7488/1054/6770 7487/1053/6770
f 7481/1047/6771 7482/1048/6771 7489/1055/6771 7488/1054/6771
f 7482/1048/6772 7483/1049/6772 7490/1056/6772 7489/1055/6772
f 58/59/6773 651/219/6773 7442/1008/6773 1814/764/6773
f 651/219/6774 650/218/6774 7443/1009/6774 7442/1008/6774
f 650/218/6775 649/217/6775 7444/1012/6775 7443/1009/6775
f 649/217/6776 648/216/6776 7445/1014/6776 7444/1012/6776
f 648/216/6777 647/215/6777 7446/1016/6777 7445/1014/6777
f 647/215/6778 646/214/6778 7447/1018/6778 7446/1016/6778
f 646/214/6779 645/213/6779 7448/1020/6779 7447/1018/6779
f 645/213/6780 57/148/6780 1807/994/6780 7448/1020/6780
f 7448/1020/6781 1807/994/6781 1808/1007/6781 7455/1021/6781
f 7455/1021/6782 1808/1007/6782 1809/1006/6782 7462/1028/6782
f 7462/1028/6783 1809/1006/6783 1810/1005/6783 7469/1035/6783
f 7469/1035/6784 1810/1005/6784 1811/1004/6784 7476/1042/6784
f 7476/1042/6785 1811/1004/6785 1812/1003/6785 7483/1049/6785
f 7483/1049/6786 1812/1003/6786 1813/1002/6786 7490/1056/6786
f 7490/1056/6787 1813/1002/6787 127/445/6787 1282/522/6787
f 7489/1055/6788 7490/1056/6788 1282/522/6788 1283/521/6788
f 7488/1054/6789 7489/1055/6789 1283/521/6789 1284/520/6789
f 7487/1053/6790 7488/1054/6790 1284/520/6790 1285/519/6790
f 7486/1052/6791 7487/1053/6791 1285/519/6791 1286/518/6791
f 7485/1050/6792 7486/1052/6792 1286/518/6792 1287/517/6792
f 7484/1051/6793 7485/1050/6793 1287/517/6793 1288/516/6793
f 1820/770/6794 7484/1051/6794 1288/516/6794 128/373/6794
f 1819/769/6795 7477/1044/6795 7484/1051/6795 1820/770/6795
f 1818/768/6796 7470/1037/6796 7477/1044/6796 1819/769/6796
f 1817/767/6797 7463/1030/6797 7470/1037/6797 1818/768/6797
f 1816/766/6798 7456/1023/6798 7463/1030/6798 1817/767/6798
f 1815/765/6799 7449/1011/6799 7456/1023/6799 1816/766/6799
f 1814/764/6800 7442/1008/6800 7449/1011/6800 1815/765/6800
f 7491/1057/6801 7492/1058/6801 7499/1059/6801 7498/1060/6801
f 7492/1058/6802 7493/1061/6802 7500/1062/6802 7499/1059/6802
f 7493/1061/6803 7494/1063/6803 7501/1064/6803 7500/1062/6803
f 7494/1063/6804 7495/1065/6804 7502/1066/6804 7501/1064/6804
f 7495/1065/6805 7496/1067/6805 7503/1068/6805 7502/1066/6805
f 7496/1067/6806 7497/1069/6806 7504/1070/6806 7503/1068/6806
f 7498/1060/6807 7499/1059/6807 7506/1071/6807 7505/1072/6807
f 7499/1059/6808 7500/1062/6808 7507/1073/6808 7506/1071/6808
f 7500/1062/6809 7501/1064/6809 7508/1074/6809 7507/1073/6809
f 7501/1064/6810 7502/1066/6810 7509/1075/6810 7508/1074/6810
f 7502/1066/6811 7503/1068/6811 7510/1076/6811 7509/1075/6811
f 7503/1068/6812 7504/1070/6812 7511/1077/6812 7510/1076/6812
f 7505/1072/6813 7506/1071/6813 7513/1078/6813 7512/1079/6813
f 7506/1071/6814 7507/1073/6814 7514/1080/6814 7513/1078/6814
f 7507/1073/6815 7508/1074/6815 7515/1081/6815 7514/1080/6815
f 7508/1074/6816 7509/1075/6816 7516/1082/6816 7515/1081/6816
f 7509/1075/6817 7510/1076/6817 7517/1083/6817 7516/1082/6817
f 7510/1076/6818 7511/1077/6818 7518/1084/6818 7517/1083/6818
f 7512/1079/6819 7513/1078/6819 7520/1085/6819 7519/1086/6819
f 7513/1078/6820 7514/1080/6820 7521/1087/6820 7520/1085/6820
f 7514/1080/6821 7515/1081/6821 7522/1088/6821 7521/1087/6821
f 7515/1081/6822 7516/1082/6822 7523/1089/6822 7522/1088/6822
f 7516/1082/6823 7517/1083/6823 7524/1090/6823 7523/1089/6823
f 7517/1083/6824 7518/1084/6824 7525/1091/6824 7524/1090/6824
f 7519/1086/6825 7520/1085/6825 7527/1092/6825 7526/1093/6825
f 7520/1085/6826 7521/1087/6826 7528/1094/6826 7527/1092/6826
f 7521/1087/6827 7522/1088/6827 7529/1095/6827 7528/1094/6827
f 7522/1088/6828 7523/1089/6828 7530/1096/6828 7529/1095/6828
f 7523/1089/6829 7524/1090/6829 7531/1097/6829 7530/1096/6829
f 7524/1090/6830 7525/1091/6830 7532/1098/6830 7531/1097/6830
f 7526/1093/6831 7527/1092/6831 7534/1099/6831 7533/1100/6831
f 7527/1092/6832 7528/1094/6832 7535/1101/6832 7534/1099/6832
f 7528/1094/6833 7529/1095/6833 7536/1102/6833 7535/1101/6833
f 7529/1095/6834 7530/1096/6834 7537/1103/6834 7536/1102/6834
f 7530/1096/6835 7531/1097/6835 7538/1104/6835 7537/1103/6835
f 7531/1097/6836 7532/1098/6836 7539/1105/6836 7538/1104/6836
f 59/131/6837 672/133/6837 7491/1057/6837 1821/645/6837
f 672/133/6838 671/162/6838 7492/1058/6838 7491/1057/6838
f 671/162/6839 670/161/6839 7493/1061/6839 7492/1058/6839
f 670/161/6840 669/160/6840 7494/1063/6840 7493/1061/6840
f 669/160/6841 668/159/6841 7495/1065/6841 7494/1063/6841
f 668/159/6842 667/158/6842 7496/1067/6842 7495/1065/6842
f 667/158/6843 666/156/6843 7497/1069/6843 7496/1067/6843
f 666/156/6844 56/157/6844 1800/938/6844 7497/1069/6844
f 7497/1069/6845 1800/938/6845 1801/944/6845 7504/1070/6845
f 7504/1070/6846 1801/944/6846 1802/943/6846 7511/1077/6846
f 7511/1077/6847 1802/943/6847 1803/942/6847 7518/1084/6847
f 7518/1084/6848 1803/942/6848 1804/941/6848 7525/1091/6848
f 7525/1091/6849 1804/941/6849 1805/940/6849 7532/1098/6849
f 7532/1098/6850 1805/940/6850 1806/939/6850 7539/1105/6850
f 7539/1105/6851 1806/939/6851 126/437/6851 1303/436/6851
f 7538/1104/6852 7539/1105/6852 1303/436/6852 1304/435/6852
f 7537/1103/6853 7538/1104/6853 1304/435/6853 1305/434/6853
f 7536/1102/6854 7537/1103/6854 1305/434/6854 1306/433/6854
f 7535/1101/6855 7536/1102/6855 1306/433/6855 1307/432/6855
f 7534/1099/6856 7535/1101/6856 1307/432/6856 1308/431/6856
f 7533/1100/6857 7534/1099/6857 1308/431/6857 1309/429/6857
f 1827/651/6858 7533/1100/6858 1309/429/6858 129/428/6858
f 1826/650/6859 7526/1093/6859 7533/1100/6859 1827/651/6859
f 1825/649/6860 7519/1086/6860 7526/1093/6860 1826/650/6860
f 1824/648/6861 7512/1079/6861 7519/1086/6861 1825/649/6861
f 1823/647/6862 7505/1072/6862 7512/1079/6862 1824/648/6862
f 1822/646/6863 7498/1060/6863 7505/1072/6863 1823/647/6863
f 1821/645/6864 7491/1057/6864 7498/1060/6864 1822/646/6864
f 7540/1106/6865 7541/1107/6865 7548/1108/6865 7547/1109/6865
f 7541/1107/6866 7542/1110/6866 7549/1111/6866 7548/1108/6866
f 7542/1110/6867 7543/1112/6867 7550/1113/6867 7549/1111/6867
f 7543/1112/6868 7544/1114/6868 7551/1115/6868 7550/1113/6868
f 7544/1114/6869 7545/1116/6869 7552/1117/6869 7551/1115/6869
f 7545/1116/6870 7546/1118/6870 7553/1119/6870 7552/1117/6870
f 7547/1109/6871 7548/1108/6871 7555/1120/6871 7554/1121/6871
f 7548/1108/6872 7549/1111/6872 7556/1122/6872 7555/1120/6872
f 7549/1111/6873 7550/1113/6873 7557/1123/6873 7556/1122/6873
f 7550/1113/6874 7551/1115/6874 7558/1124/6874 7557/1123/6874
f 7551/1115/6875 7552/1117/6875 7559/1125/6875 7558/1124/6875
f 7552/1117/6876 7553/1119/6876 7560/1126/6876 7559/1125/6876
f 7554/1121/6877 7555/1120/6877 7562/1127/6877 7561/1128/6877
f 7555/1120/6878 7556/1122/6878 7563/1129/6878 7562/1127/6878
f 7556/1122/6879 7557/1123/6879 7564/1130/6879 7563/1129/6879
f 7557/1123/6880 7558/1124/6880 7565/1131/6880 7564/1130/6880
f 7558/1124/6881 7559/1125/6881 7566/1132/6881 7565/1131/6881
f 7559/1125/6882 7560/1126/6882 7567/1133/6882 7566/1132/6882
f 7561/1128/6883 7562/1127/6883 7569/1134/6883 7568/1135/6883
f 7562/1127/6884 7563/1129/6884 7570/1136/6884 7569/1134/6884
f 7563/1129/6885 7564/1130/6885 7571/1137/6885 7570/1136/6885
f 7564/1130/6886 7565/1131/6886 7572/1138/6886 7571/1137/6886
f 7565/1131/6887 7566/1132/6887 7573/1139/6887 7572/1138/6887
f 7566/1132/6888 7567/1133/6888 7574/1140/6888 7573/1139/6888
f 7568/1135/6889 7569/1134/6889 7576/1141/6889 7575/1142/6889
f 7569/1134/6890 7570/1136/6890 7577/1143/6890 7576/1141/6890
f 7570/1136/6891 7571/1137/6891 7578/1144/6891 7577/1143/6891
f 7571/1137/6892 7572/1138/6892 7579/1145/6892 7578/1144/6892
f 7572/1138/6893 7573/1139/6893 7580/1146/6893 7579/1145/6893
f 7573/1139/6894 7574/1140/6894 7581/1147/6894 7580/1146/6894
f 7575/1142/6895 7576/1141/6895 7583/1148/6895 7582/1149/6895
f 7576/1141/6896 7577/1143/6896 7584/1150/6896 7583/1148/6896
f 7577/1143/6897 7578/1144/6897 7585/1151/6897 7584/1150/6897
f 7578/1144/6898 7579/1145/6898 7586/1152/6898 7585/1151/6898
f 7579/1145/6899 7580/1146/6899 7587/1153/6899 7586/1152/6899
f 7580/1146/6900 7581/1147/6900 7588/1154/6900 7587/1153/6900
f 60/140/6901 679/291/6901 7540/1106/6901 1828/995/6901
f 679/291/6902 678/290/6902 7541/1107/6902 7540/1106/6902
f 678/290/6903 677/289/6903 7542/1110/6903 7541/1107/6903
f 677/289/6904 676/288/6904 7543/1112/6904 7542/1110/6904
f 676/288/6905 675/287/6905 7544/1114/6905 7543/1112/6905
f 675/287/6906 674/286/6906 7545/1116/6906 7544/1114/6906
f 674/286/6907 673/285/6907 7546/1118/6907 7545/1116/6907
f 673/285/6908 52/284/6908 1772/707/6908 7546/1118/6908
f 7546/1118/6909 1772/707/6909 1773/713/6909 7553/1119/6909
f 7553/1119/6910 1773/713/6910 1774/712/6910 7560/1126/6910
f 7560/1126/6911 1774/712/6911 1775/711/6911 7567/1133/6911
f 7567/1133/6912 1775/711/6912 1776/710/6912 7574/1140/6912
f 7574/1140/6913 1776/710/6913 1777/709/6913 7581/1147/6913
f 7581/1147/6914 1777/709/6914 1778/708/6914 7588/1154/6914
f 7588/1154/6915 1778/708/6915 122/589/6915 1310/587/6915
f 7587/1153/6916 7588/1154/6916 1310/587/6916 1311/586/6916
f 7586/1152/6917 7587/1153/6917 1311/586/6917 1312/585/6917
f 7585/1151/6918 7586/1152/6918 1312/585/6918 1313/584/6918
f 7584/1150/6919 7585/1151/6919 1313/584/6919 1314/583/6919
f 7583/1148/6920 7584/1150/6920 1314/583/6920 1315/582/6920
f 7582/1149/6921 7583/1148/6921 1315/582/6921 1316/581/6921
f 1834/1001/6922 7582/1149/6922 1316/581/6922 130/454/6922
f 1833/1000/6923 7575/1142/6923 7582/1149/6923 1834/1001/6923
f 1832/999/6924 7568/1135/6924 7575/1142/6924 1833/1000/6924
f 1831/998/6925 7561/1128/6925 7568/1135/6925 1832/999/6925
f 1830/997/6926 7554/1121/6926 7561/1128/6926 1831/998/6926
f 1829/996/6927 7547/1109/6927 7554/1121/6927 1830/997/6927
f 1828/995/6928 7540/1106/6928 7547/1109/6928 1829/996/6928
f 7589/595/3090 7590/596/3090 7597/597/3090 7596/598/3090
f 7590/596/3091 7591/599/3091 7598/600/3091 7597/597/3091
f 7591/599/3092 7592/601/3092 7599/602/3092 7598/600/3092
f 7592/601/3093 7593/603/3093 7600/604/3093 7599/602/3093
f 7593/603/3094 7594/605/3094 7601/606/3094 7600/604/3094
f 7594/605/3095 7595/607/3095 7602/608/3095 7601/606/3095
f 7596/598/3096 7597/597/3096 7604/609/3096 7603/610/3096
f 7597/597/3097 7598/600/3097 7605/611/3097 7604/609/3097
f 7598/600/3098 7599/602/3098 7606/612/3098 7605/611/3098
f 7599/602/3099 7600/604/3099 7607/613/3099 7606/612/3099
f 7600/604/3100 7601/606/3100 7608/614/3100 7607/613/3100
f 7601/606/3101 7602/608/3101 7609/615/3101 7608/614/3101
f 7603/610/3102 7604/609/3102 7611/616/3102 7610/617/3102
f 7604/609/3103 7605/611/3103 7612/618/3103 7611/616/3103
f 7605/611/3104 7606/612/3104 7613/619/3104 7612/618/3104
f 7606/612/3105 7607/613/3105 7614/620/3105 7613/619/3105
f 7607/613/3106 7608/614/3106 7615/621/3106 7614/620/3106
f 7608/614/3107 7609/615/3107 7616/622/3107 7615/621/3107
f 7610/617/3108 7611/616/3108 7618/623/3108 7617/624/3108
f 7611/616/3109 7612/618/3109 7619/625/3109 7618/623/3109
f 7612/618/3110 7613/619/3110 7620/626/3110 7619/625/3110
f 7613/619/6929 7614/620/6929 7621/627/6929 7620/626/6929
f 7614/620/3112 7615/621/3112 7622/628/3112 7621/627/3112
f 7615/621/3113 7616/622/3113 7623/629/3113 7622/628/3113
f 7617/624/3114 7618/623/3114 7625/630/3114 7624/631/3114
f 7618/623/3115 7619/625/3115 7626/632/3115 7625/630/3115
f 7619/625/3116 7620/626/3116 7627/633/3116 7626/632/3116
f 7620/626/3117 7621/627/3117 7628/634/3117 7627/633/3117
f 7621/627/3118 7622/628/3118 7629/635/3118 7628/634/3118
f 7622/628/3119 7623/629/3119 7630/636/3119 7629/635/3119
f 7624/631/3120 7625/630/3120 7632/637/3120 7631/638/3120
f 7625/630/3121 7626/632/3121 7633/639/3121 7632/637/3121
f 7626/632/3122 7627/633/3122 7634/640/3122 7633/639/3122
f 7627/633/3123 7628/634/3123 7635/641/3123 7634/640/3123
f 7628/634/3124 7629/635/3124 7636/642/3124 7635/641/3124
f 7629/635/3125 7630/636/3125 7637/643/3125 7636/642/3125
f 61/275/3126 693/277/3126 7589/595/3126 1835/644/3126
f 693/277/3127 692/297/3127 7590/596/3127 7589/595/3127
f 692/297/3128 691/296/3128 7591/599/3128 7590/596/3128
f 691/296/3129 690/295/3129 7592/601/3129 7591/599/3129
f 690/295/3130 689/294/3130 7593/603/3130 7592/601/3130
f 689/294/3131 688/293/3131 7594/605/3131 7593/603/3131
f 688/293/3132 687/292/3132 7595/607/3132 7594/605/3132
f 687/292/3133 69/131/3133 1891/645/3133 7595/607/3133
f 7595/607/3134 1891/645/3134 1892/646/3134 7602/608/3134
f 7602/608/3135 1892/646/3135 1893/647/3135 7609/615/3135
f 7609/615/3136 1893/647/3136 1894/648/3136 7616/622/3136
f 7616/622/3137 1894/648/3137 1895/649/3137 7623/629/3137
f 7623/629/3138 1895/649/3138 1896/650/3138 7630/636/3138
f 7630/636/3139 1896/650/3139 1897/651/3139 7637/643/3139
f 7637/643/3140 1897/651/3140 139/428/3140 1324/580/3140
f 7636/642/3141 7637/643/3141 1324/580/3141 1325/579/3141
f 7635/641/3142 7636/642/3142 1325/579/3142 1326/578/3142
f 7634/640/3143 7635/641/3143 1326/578/3143 1327/577/3143
f 7633/639/3144 7634/640/3144 1327/577/3144 1328/576/3144
f 7632/637/3145 7633/639/3145 1328/576/3145 1329/575/3145
f 7631/638/6930 7632/637/6930 1329/575/6930 1330/573/6930
f 1841/652/3147 7631/638/3147 1330/573/3147 131/572/3147
f 1840/653/3148 7624/631/3148 7631/638/3148 1841/652/3148
f 1839/654/3149 7617/624/3149 7624/631/3149 1840/653/3149
f 1838/655/3150 7610/617/3150 7617/624/3150 1839/654/3150
f 1837/656/6931 7603/610/6931 7610/617/6931 1838/655/6931
f 1836/657/3152 7596/598/3152 7603/610/3152 1837/656/3152
f 1835/644/3153 7589/595/3153 7596/598/3153 1836/657/3153
f 7638/658/3154 7639/659/3154 7646/660/3154 7645/661/3154
f 7639/659/3155 7640/662/3155 7647/663/3155 7646/660/3155
f 7640/662/3156 7641/664/3156 7648/665/3156 7647/663/3156
f 7641/664/3157 7642/666/3157 7649/667/3157 7648/665/3157
f 7642/666/3158 7643/668/3158 7650/669/3158 7649/667/3158
f 7643/668/3159 7644/670/3159 7651/671/3159 7650/669/3159
f 7645/661/3160 7646/660/3160 7653/672/3160 7652/673/3160
f 7646/660/6932 7647/663/6932 7654/674/6932 7653/672/6932
f 7647/663/6933 7648/665/6933 7655/675/6933 7654/674/6933
f 7648/665/3163 7649/667/3163 7656/676/3163 7655/675/3163
f 7649/667/3164 7650/669/3164 7657/677/3164 7656/676/3164
f 7650/669/3165 7651/671/3165 7658/678/3165 7657/677/3165
f 7652/673/3166 7653/672/3166 7660/679/3166 7659/680/3166
f 7653/672/3167 7654/674/3167 7661/681/3167 7660/679/3167
f 7654/674/3168 7655/675/3168 7662/682/3168 7661/681/3168
f 7655/675/3169 7656/676/3169 7663/683/3169 7662/682/3169
f 7656/676/3170 7657/677/3170 7664/684/3170 7663/683/3170
f 7657/677/3171 7658/678/3171 7665/685/3171 7664/684/3171
f 7659/680/3172 7660/679/3172 7667/686/3172 7666/687/3172
f 7660/679/3173 7661/681/3173 7668/688/3173 7667/686/3173
f 7661/681/3174 7662/682/3174 7669/689/3174 7668/688/3174
f 7662/682/3175 7663/683/3175 7670/690/3175 7669/689/3175
f 7663/683/3176 7664/684/3176 7671/691/3176 7670/690/3176
f 7664/684/6934 7665/685/6934 7672/692/6934 7671/691/6934
f 7666/687/3178 7667/686/3178 7674/693/3178 7673/694/3178
f 7667/686/3179 7668/688/3179 7675/695/3179 7674/693/3179
f 7668/688/3180 7669/689/3180 7676/696/3180 7675/695/3180
f 7669/689/3181 7670/690/3181 7677/697/3181 7676/696/3181
f 7670/690/3182 7671/691/3182 7678/698/3182 7677/697/3182
f 7671/691/3183 7672/692/3183 7679/699/3183 7678/698/3183
f 7673/694/3184 7674/693/3184 7681/700/3184 7680/701/3184
f 7674/693/3185 7675/695/3185 7682/702/3185 7681/700/3185
f 7675/695/3186 7676/696/3186 7683/703/3186 7682/702/3186
f 7676/696/3187 7677/697/3187 7684/704/3187 7683/703/3187
f 7677/697/3188 7678/698/3188 7685/705/3188 7684/704/3188
f 7678/698/3189 7679/699/3189 7686/706/3189 7685/705/3189
f 62/284/3190 700/283/3190 7638/658/3190 1842/707/3190
f 700/283/3191 699/282/3191 7639/659/3191 7638/658/3191
f 699/282/3192 698/281/3192 7640/662/3192 7639/659/3192
f 698/281/3193 697/280/3193 7641/664/3193 7640/662/3193
f 697/280/3194 696/279/3194 7642/666/3194 7641/664/3194
f 696/279/3195 695/278/3195 7643/668/3195 7642/666/3195
f 695/278/3196 694/276/3196 7644/670/3196 7643/668/3196
f 694/276/3197 61/275/3197 1835/644/3197 7644/670/3197
f 7644/670/3198 1835/644/3198 1836/657/3198 7651/671/3198
f 7651/671/3199 1836/657/3199 1837/656/3199 7658/678/3199
f 7658/678/3200 1837/656/3200 1838/655/3200 7665/685/3200
f 7665/685/6935 1838/655/6935 1839/654/6935 7672/692/6935
f 7672/692/3202 1839/654/3202 1840/653/3202 7679/699/3202
f 7679/699/3203 1840/653/3203 1841/652/3203 7686/706/3203
f 7686/706/3204 1841/652/3204 131/572/3204 1331/574/3204
f 7685/705/3205 7686/706/3205 1331/574/3205 1332/594/3205
f 7684/704/3206 7685/705/3206 1332/594/3206 1333/593/3206
f 7683/703/3207 7684/704/3207 1333/593/3207 1334/592/3207
f 7682/702/3208 7683/703/3208 1334/592/3208 1335/591/3208
f 7681/700/3209 7682/702/3209 1335/591/3209 1336/590/3209
f 7680/701/3210 7681/700/3210 1336/590/3210 1337/588/3210
f 1848/708/3211 7680/701/3211 1337/588/3211 132/589/3211
f 1847/709/3212 7673/694/3212 7680/701/3212 1848/708/3212
f 1846/710/3213 7666/687/3213 7673/694/3213 1847/709/3213
f 1845/711/3214 7659/680/3214 7666/687/3214 1846/710/3214
f 1844/712/3215 7652/673/3215 7659/680/3215 1845/711/3215
f 1843/713/3216 7645/661/3216 7652/673/3216 1844/712/3216
f 1842/707/3217 7638/658/3217 7645/661/3217 1843/713/3217
f 7687/714/3218 7688/715/3218 7695/716/3218 7694/717/3218
f 7688/715/3219 7689/718/3219 7696/719/3219 7695/716/3219
f 7689/718/3220 7690/720/3220 7697/721/3220 7696/719/3220
f 7690/720/3221 7691/722/3221 7698/723/3221 7697/721/3221
f 7691/722/3222 7692/724/3222 7699/725/3222 7698/723/3222
f 7692/724/3223 7693/726/3223 7700/727/3223 7699/725/3223
f 7694/717/3224 7695/716/3224 7702/728/3224 7701/729/3224
f 7695/716/3225 7696/719/3225 7703/730/3225 7702/728/3225
f 7696/719/3226 7697/721/3226 7704/731/3226 7703/730/3226
f 7697/721/3227 7698/723/3227 7705/732/3227 7704/731/3227
f 7698/723/3228 7699/725/3228 7706/733/3228 7705/732/3228
f 7699/725/3229 7700/727/3229 7707/734/3229 7706/733/3229
f 7701/729/3230 7702/728/3230 7709/735/3230 7708/736/3230
f 7702/728/3231 7703/730/3231 7710/737/3231 7709/735/3231
f 7703/730/3232 7704/731/3232 7711/738/3232 7710/737/3232
f 7704/731/3233 7705/732/3233 7712/739/3233 7711/738/3233
f 7705/732/3234 7706/733/3234 7713/740/3234 7712/739/3234
f 7706/733/3235 7707/734/3235 7714/741/3235 7713/740/3235
f 7708/736/3236 7709/735/3236 7716/742/3236 7715/743/3236
f 7709/735/3237 7710/737/3237 7717/744/3237 7716/742/3237
f 7710/737/3238 7711/738/3238 7718/745/3238 7717/744/3238
f 7711/738/3239 7712/739/3239 7719/746/3239 7718/745/3239
f 7712/739/3240 7713/740/3240 7720/747/3240 7719/746/3240
f 7713/740/3241 7714/741/3241 7721/748/3241 7720/747/3241
f 7715/743/6936 7716/742/6936 7723/749/6936 7722/750/6936
f 7716/742/3243 7717/744/3243 7724/751/3243 7723/749/3243
f 7717/744/3244 7718/745/3244 7725/752/3244 7724/751/3244
f 7718/745/3245 7719/746/3245 7726/753/3245 7725/752/3245
f 7719/746/3246 7720/747/3246 7727/754/3246 7726/753/3246
f 7720/747/3247 7721/748/3247 7728/755/3247 7727/754/3247
f 7722/750/3248 7723/749/3248 7730/756/3248 7729/757/3248
f 7723/749/3249 7724/751/3249 7731/758/3249 7730/756/3249
f 7724/751/3250 7725/752/3250 7732/759/3250 7731/758/3250
f 7725/752/3251 7726/753/3251 7733/760/3251 7732/759/3251
f 7726/753/3252 7727/754/3252 7734/761/3252 7733/760/3252
f 7727/754/3253 7728/755/3253 7735/762/3253 7734/761/3253
f 64/67/3254 707/66/3254 7687/714/3254 1856/763/3254
f 707/66/3255 706/65/3255 7688/715/3255 7687/714/3255
f 706/65/3256 705/64/3256 7689/718/3256 7688/715/3256
f 705/64/3257 704/63/3257 7690/720/3257 7689/718/3257
f 704/63/3258 703/62/3258 7691/722/3258 7690/720/3258
f 703/62/3259 702/61/3259 7692/724/3259 7691/722/3259
f 702/61/3260 701/60/3260 7693/726/3260 7692/724/3260
f 701/60/3261 68/59/3261 1884/764/3261 7693/726/3261
f 7693/726/3262 1884/764/3262 1885/765/3262 7700/727/3262
f 7700/727/3263 1885/765/3263 1886/766/3263 7707/734/3263
f 7707/734/3264 1886/766/3264 1887/767/3264 7714/741/3264
f 7714/741/3265 1887/767/3265 1888/768/3265 7721/748/3265
f 7721/748/3266 1888/768/3266 1889/769/3266 7728/755/3266
f 7728/755/3267 1889/769/3267 1890/770/3267 7735/762/3267
f 7735/762/3268 1890/770/3268 138/373/3268 1338/371/3268
f 7734/761/3269 7735/762/3269 1338/371/3269 1339/370/3269
f 7733/760/3270 7734/761/3270 1339/370/3270 1340/369/3270
f 7732/759/3271 7733/760/3271 1340/369/3271 1341/368/3271
f 7731/758/3272 7732/759/3272 1341/368/3272 1342/367/3272
f 7730/756/3273 7731/758/3273 1342/367/3273 1343/366/3273
f 7729/757/3274 7730/756/3274 1343/366/3274 1344/365/3274
f 1862/771/3275 7729/757/3275 1344/365/3275 134/364/3275
f 1861/772/3276 7722/750/3276 7729/757/3276 1862/771/3276
f 1860/773/3277 7715/743/3277 7722/750/3277 1861/772/3277
f 1859/774/3278 7708/736/3278 7715/743/3278 1860/773/3278
f 1858/775/3279 7701/729/3279 7708/736/3279 1859/774/3279
f 1857/776/3280 7694/717/3280 7701/729/3280 1858/775/3280
f 1856/763/3281 7687/714/3281 7694/717/3281 1857/776/3281
f 7736/777/3282 7737/778/3282 7744/779/3282 7743/780/3282
f 7737/778/3283 7738/781/3283 7745/782/3283 7744/779/3283
f 7738/781/3284 7739/783/3284 7746/784/3284 7745/782/3284
f 7739/783/3285 7740/785/3285 7747/786/3285 7746/784/3285
f 7740/785/3286 7741/787/3286 7748/788/3286 7747/786/3286
f 7741/787/3287 7742/789/3287 7749/790/3287 7748/788/3287
f 7743/780/3288 7744/779/3288 7751/791/3288 7750/792/3288
f 7744/779/3289 7745/782/3289 7752/793/3289 7751/791/3289
f 7745/782/3290 7746/784/3290 7753/794/3290 7752/793/3290
f 7746/784/3291 7747/786/3291 7754/795/3291 7753/794/3291
f 7747/786/3292 7748/788/3292 7755/796/3292 7754/795/3292
f 7748/788/3293 7749/790/3293 7756/797/3293 7755/796/3293
f 7750/792/3294 7751/791/3294 7758/798/3294 7757/799/3294
f 7751/791/3295 7752/793/3295 7759/800/3295 7758/798/3295
f 7752/793/6937 7753/794/6937 7760/801/6937 7759/800/6937
f 7753/794/3297 7754/795/3297 7761/802/3297 7760/801/3297
f 7754/795/3298 7755/796/3298 7762/803/3298 7761/802/3298
f 7755/796/3299 7756/797/3299 7763/804/3299 7762/803/3299
f 7757/799/3300 7758/798/3300 7765/805/3300 7764/806/3300
f 7758/798/3301 7759/800/3301 7766/807/3301 7765/805/3301
f 7759/800/6938 7760/801/6938 7767/808/6938 7766/807/6938
f 7760/801/3303 7761/802/3303 7768/809/3303 7767/808/3303
f 7761/802/3304 7762/803/3304 7769/810/3304 7768/809/3304
f 7762/803/3305 7763/804/3305 7770/811/3305 7769/810/3305
f 7764/806/3306 7765/805/3306 7772/812/3306 7771/813/3306
f 7765/805/3307 7766/807/3307 7773/814/3307 7772/812/3307
f 7766/807/3308 7767/808/3308 7774/815/3308 7773/814/3308
f 7767/808/3309 7768/809/3309 7775/816/3309 7774/815/3309
f 7768/809/3310 7769/810/3310 7776/817/3310 7775/816/3310
f 7769/810/3311 7770/811/3311 7777/818/3311 7776/817/3311
f 7771/813/3312 7772/812/3312 7779/819/3312 7778/820/3312
f 7772/812/3313 7773/814/3313 7780/821/3313 7779/819/3313
f 7773/814/3314 7774/815/3314 7781/822/3314 7780/821/3314
f 7774/815/3315 7775/816/3315 7782/823/3315 7781/822/3315
f 7775/816/3316 7776/817/3316 7783/824/3316 7782/823/3316
f 7776/817/3317 7777/818/3317 7784/825/3317 7783/824/3317
f 63/76/3318 714/74/3318 7736/777/3318 1849/826/3318
f 714/74/3319 713/73/3319 7737/778/3319 7736/777/3319
f 713/73/3320 712/72/3320 7738/781/3320 7737/778/3320
f 712/72/3321 711/71/3321 7739/783/3321 7738/781/3321
f 711/71/3322 710/70/3322 7740/785/3322 7739/783/3322
f 710/70/3323 709/69/3323 7741/787/3323 7740/785/3323
f 709/69/3324 708/68/3324 7742/789/3324 7741/787/3324
f 708/68/3325 64/67/3325 1856/763/3325 7742/789/3325
f 7742/789/3326 1856/763/3326 1857/776/3326 7749/790/3326
f 7749/790/3327 1857/776/3327 1858/775/3327 7756/797/3327
f 7756/797/3328 1858/775/3328 1859/774/3328 7763/804/3328
f 7763/804/3329 1859/774/3329 1860/773/3329 7770/811/3329
f 7770/811/3330 1860/773/3330 1861/772/3330 7777/818/3330
f 7777/818/3331 1861/772/3331 1862/771/3331 7784/825/3331
f 7784/825/3332 1862/771/3332 134/364/3332 1345/363/3332
f 7783/824/3333 7784/825/3333 1345/363/3333 1346/362/3333
f 7782/823/3334 7783/824/3334 1346/362/3334 1347/361/3334
f 7781/822/3335 7782/823/3335 1347/361/3335 1348/360/3335
f 7780/821/3336 7781/822/3336 1348/360/3336 1349/359/3336
f 7779/819/3337 7780/821/3337 1349/359/3337 1350/358/3337
f 7778/820/3338 7779/819/3338 1350/358/3338 1351/357/3338
f 1855/827/3339 7778/820/3339 1351/357/3339 133/356/3339
f 1854/828/3340 7771/813/3340 7778/820/3340 1855/827/3340
f 1853/829/3341 7764/806/3341 7771/813/3341 1854/828/3341
f 1852/830/3342 7757/799/3342 7764/806/3342 1853/829/3342
f 1851/831/3343 7750/792/3343 7757/799/3343 1852/830/3343
f 1850/832/3344 7743/780/3344 7750/792/3344 1851/831/3344
f 1849/826/3345 7736/777/3345 7743/780/3345 1850/832/3345
f 7785/833/3346 7786/834/3346 7793/835/3346 7792/836/3346
f 7786/834/3347 7787/837/3347 7794/838/3347 7793/835/3347
f 7787/837/3348 7788/839/3348 7795/840/3348 7794/838/3348
f 7788/839/3349 7789/841/3349 7796/842/3349 7795/840/3349
f 7789/841/3350 7790/843/3350 7797/844/3350 7796/842/3350
f 7790/843/3351 7791/845/3351 7798/846/3351 7797/844/3351
f 7792/836/3352 7793/835/3352 7800/847/3352 7799/848/3352
f 7793/835/3353 7794/838/3353 7801/849/3353 7800/847/3353
f 7794/838/3354 7795/840/3354 7802/850/3354 7801/849/3354
f 7795/840/3355 7796/842/3355 7803/851/3355 7802/850/3355
f 7796/842/3356 7797/844/3356 7804/852/3356 7803/851/3356
f 7797/844/3357 7798/846/3357 7805/853/3357 7804/852/3357
f 7799/848/3358 7800/847/3358 7807/854/3358 7806/855/3358
f 7800/847/3359 7801/849/3359 7808/856/3359 7807/854/3359
f 7801/849/3360 7802/850/3360 7809/857/3360 7808/856/3360
f 7802/850/3361 7803/851/3361 7810/858/3361 7809/857/3361
f 7803/851/3362 7804/852/3362 7811/859/3362 7810/858/3362
f 7804/852/3363 7805/853/3363 7812/860/3363 7811/859/3363
f 7806/855/3364 7807/854/3364 7814/861/3364 7813/862/3364
f 7807/854/3365 7808/856/3365 7815/863/3365 7814/861/3365
f 7808/856/3366 7809/857/3366 7816/864/3366 7815/863/3366
f 7809/857/3367 7810/858/3367 7817/865/3367 7816/864/3367
f 7810/858/3368 7811/859/3368 7818/866/3368 7817/865/3368
f 7811/859/3369 7812/860/3369 7819/867/3369 7818/866/3369
f 7813/862/3370 7814/861/3370 7821/868/3370 7820/869/3370
f 7814/861/3371 7815/863/3371 7822/870/3371 7821/868/3371
f 7815/863/3372 7816/864/3372 7823/871/3372 7822/870/3372
f 7816/864/3373 7817/865/3373 7824/872/3373 7823/871/3373
f 7817/865/3374 7818/866/3374 7825/873/3374 7824/872/3374
f 7818/866/3375 7819/867/3375 7826/874/3375 7825/873/3375
f 7820/869/3376 7821/868/3376 7828/875/3376 7827/876/3376
f 7821/868/3377 7822/870/3377 7829/877/3377 7828/875/3377
f 7822/870/3378 7823/871/3378 7830/878/3378 7829/877/3378
f 7823/871/3379 7824/872/3379 7831/879/3379 7830/878/3379
f 7824/872/3380 7825/873/3380 7832/880/3380 7831/879/3380
f 7825/873/3381 7826/874/3381 7833/881/3381 7832/880/3381
f 65/50/3382 721/52/3382 7785/833/3382 1863/882/3382
f 721/52/3383 720/81/3383 7786/834/3383 7785/833/3383
f 720/81/3384 719/80/3384 7787/837/3384 7786/834/3384
f 719/80/3385 718/79/3385 7788/839/3385 7787/837/3385
f 718/79/3386 717/78/3386 7789/841/3386 7788/839/3386
f 717/78/3387 716/77/3387 7790/843/3387 7789/841/3387
f 716/77/3388 715/75/3388 7791/845/3388 7790/843/3388
f 715/75/3389 63/76/3389 1849/826/3389 7791/845/3389
f 7791/845/3390 1849/826/3390 1850/832/3390 7798/846/3390
f 7798/846/3391 1850/832/3391 1851/831/3391 7805/853/3391
f 7805/853/3392 1851/831/3392 1852/830/3392 7812/860/3392
f 7812/860/6939 1852/830/6939 1853/829/6939 7819/867/6939
f 7819/867/3394 1853/829/3394 1854/828/3394 7826/874/3394
f 7826/874/3395 1854/828/3395 1855/827/3395 7833/881/3395
f 7833/881/3396 1855/827/3396 133/356/3396 1352/355/3396
f 7832/880/3397 7833/881/3397 1352/355/3397 1353/354/3397
f 7831/879/3398 7832/880/3398 1353/354/3398 1354/353/3398
f 7830/878/3399 7831/879/3399 1354/353/3399 1355/352/3399
f 7829/877/3400 7830/878/3400 1355/352/3400 1356/351/3400
f 7828/875/3401 7829/877/3401 1356/351/3401 1357/350/3401
f 7827/876/3402 7828/875/3402 1357/350/3402 1358/348/3402
f 1869/883/3403 7827/876/3403 1358/348/3403 135/347/3403
f 1868/884/3404 7820/869/3404 7827/876/3404 1869/883/3404
f 1867/885/3405 7813/862/3405 7820/869/3405 1868/884/3405
f 1866/886/3406 7806/855/3406 7813/862/3406 1867/885/3406
f 1865/887/3407 7799/848/3407 7806/855/3407 1866/886/3407
f 1864/888/3408 7792/836/3408 7799/848/3408 1865/887/3408
f 1863/882/3409 7785/833/3409 7792/836/3409 1864/888/3409
f 7834/889/3410 7835/890/3410 7842/891/3410 7841/892/3410
f 7835/890/3411 7836/893/3411 7843/894/3411 7842/891/3411
f 7836/893/3412 7837/895/3412 7844/896/3412 7843/894/3412
f 7837/895/3413 7838/897/3413 7845/898/3413 7844/896/3413
f 7838/897/3414 7839/899/3414 7846/900/3414 7845/898/3414
f 7839/899/3415 7840/901/3415 7847/902/3415 7846/900/3415
f 7841/892/3416 7842/891/3416 7849/903/3416 7848/904/3416
f 7842/891/3417 7843/894/3417 7850/905/3417 7849/903/3417
f 7843/894/3418 7844/896/3418 7851/906/3418 7850/905/3418
f 7844/896/3419 7845/898/3419 7852/907/3419 7851/906/3419
f 7845/898/3420 7846/900/3420 7853/908/3420 7852/907/3420
f 7846/900/3421 7847/902/3421 7854/909/3421 7853/908/3421
f 7848/904/3422 7849/903/3422 7856/910/3422 7855/911/3422
f 7849/903/3423 7850/905/3423 7857/912/3423 7856/910/3423
f 7850/905/3424 7851/906/3424 7858/913/3424 7857/912/3424
f 7851/906/6940 7852/907/6940 7859/914/6940 7858/913/6940
f 7852/907/3426 7853/908/3426 7860/915/3426 7859/914/3426
f 7853/908/6941 7854/909/6941 7861/916/6941 7860/915/6941
f 7855/911/3428 7856/910/3428 7863/917/3428 7862/918/3428
f 7856/910/3429 7857/912/3429 7864/919/3429 7863/917/3429
f 7857/912/3430 7858/913/3430 7865/920/3430 7864/919/3430
f 7858/913/3431 7859/914/3431 7866/921/3431 7865/920/3431
f 7859/914/3432 7860/915/3432 7867/922/3432 7866/921/3432
f 7860/915/3433 7861/916/3433 7868/923/3433 7867/922/3433
f 7862/918/3434 7863/917/3434 7870/924/3434 7869/925/3434
f 7863/917/3435 7864/919/3435 7871/926/3435 7870/924/3435
f 7864/919/3436 7865/920/3436 7872/927/3436 7871/926/3436
f 7865/920/3437 7866/921/3437 7873/928/3437 7872/927/3437
f 7866/921/3438 7867/922/3438 7874/929/3438 7873/928/3438
f 7867/922/3439 7868/923/3439 7875/930/3439 7874/929/3439
f 7869/925/3440 7870/924/3440 7877/931/3440 7876/932/3440
f 7870/924/3441 7871/926/3441 7878/933/3441 7877/931/3441
f 7871/926/3442 7872/927/3442 7879/934/3442 7878/933/3442
f 7872/927/3443 7873/928/3443 7880/935/3443 7879/934/3443
f 7873/928/3444 7874/929/3444 7881/936/3444 7880/935/3444
f 7874/929/3445 7875/930/3445 7882/937/3445 7881/936/3445
f 66/157/3446 728/212/3446 7834/889/3446 1870/938/3446
f 728/212/3447 727/225/3447 7835/890/3447 7834/889/3447
f 727/225/3448 726/224/3448 7836/893/3448 7835/890/3448
f 726/224/3449 725/223/3449 7837/895/3449 7836/893/3449
f 725/223/3450 724/222/3450 7838/897/3450 7837/895/3450
f 724/222/3451 723/221/3451 7839/899/3451 7838/897/3451
f 723/221/3452 722/220/3452 7840/901/3452 7839/899/3452
f 722/220/3453 65/50/3453 1863/882/3453 7840/901/3453
f 7840/901/3454 1863/882/3454 1864/888/3454 7847/902/3454
f 7847/902/3455 1864/888/3455 1865/887/3455 7854/909/3455
f 7854/909/3456 1865/887/3456 1866/886/3456 7861/916/3456
f 7861/916/3457 1866/886/3457 1867/885/3457 7868/923/3457
f 7868/923/3458 1867/885/3458 1868/884/3458 7875/930/3458
f 7875/930/3459 1868/884/3459 1869/883/3459 7882/937/3459
f 7882/937/3460 1869/883/3460 135/347/3460 1359/515/3460
f 7881/936/3461 7882/937/3461 1359/515/3461 1360/514/3461
f 7880/935/3462 7881/936/3462 1360/514/3462 1361/513/3462
f 7879/934/3463 7880/935/3463 1361/513/3463 1362/512/3463
f 7878/933/3464 7879/934/3464 1362/512/3464 1363/511/3464
f 7877/931/3465 7878/933/3465 1363/511/3465 1364/510/3465
f 7876/932/3466 7877/931/3466 1364/510/3466 1365/509/3466
f 1876/939/3467 7876/932/3467 1365/509/3467 136/437/3467
f 1875/940/3468 7869/925/3468 7876/932/3468 1876/939/3468
f 1874/941/3469 7862/918/3469 7869/925/3469 1875/940/3469
f 1873/942/3470 7855/911/3470 7862/918/3470 1874/941/3470
f 1872/943/3471 7848/904/3471 7855/911/3471 1873/942/3471
f 1871/944/3472 7841/892/3472 7848/904/3472 1872/943/3472
f 1870/938/6942 7834/889/6942 7841/892/6942 1871/944/6942
f 7883/945/3474 7884/946/3474 7891/947/3474 7890/948/3474
f 7884/946/3475 7885/949/3475 7892/950/3475 7891/947/3475
f 7885/949/3476 7886/951/3476 7893/952/3476 7892/950/3476
f 7886/951/3477 7887/953/3477 7894/954/3477 7893/952/3477
f 7887/953/3478 7888/955/3478 7895/956/3478 7894/954/3478
f 7888/955/3479 7889/957/3479 7896/958/3479 7895/956/3479
f 7890/948/3480 7891/947/3480 7898/959/3480 7897/960/3480
f 7891/947/3481 7892/950/3481 7899/961/3481 7898/959/3481
f 7892/950/3482 7893/952/3482 7900/962/3482 7899/961/3482
f 7893/952/3483 7894/954/3483 7901/963/3483 7900/962/3483
f 7894/954/3484 7895/956/3484 7902/964/3484 7901/963/3484
f 7895/956/3485 7896/958/3485 7903/965/3485 7902/964/3485
f 7897/960/3486 7898/959/3486 7905/966/3486 7904/967/3486
f 7898/959/3487 7899/961/3487 7906/968/3487 7905/966/3487
f 7899/961/3488 7900/962/3488 7907/969/3488 7906/968/3488
f 7900/962/6943 7901/963/6943 7908/970/6943 7907/969/6943
f 7901/963/3490 7902/964/3490 7909/971/3490 7908/970/3490
f 7902/964/3491 7903/965/3491 7910/972/3491 7909/971/3491
f 7904/967/3492 7905/966/3492 7912/973/3492 7911/974/3492
f 7905/966/3493 7906/968/3493 7913/975/3493 7912/973/3493
f 7906/968/3494 7907/969/3494 7914/976/3494 7913/975/3494
f 7907/969/3495 7908/970/3495 7915/977/3495 7914/976/3495
f 7908/970/3496 7909/971/3496 7916/978/3496 7915/977/3496
f 7909/971/3497 7910/972/3497 7917/979/3497 7916/978/3497
f 7911/974/6944 7912/973/6944 7919/980/6944 7918/981/6944
f 7912/973/3499 7913/975/3499 7920/982/3499 7919/980/3499
f 7913/975/3500 7914/976/3500 7921/983/3500 7920/982/3500
f 7914/976/3501 7915/977/3501 7922/984/3501 7921/983/3501
f 7915/977/3502 7916/978/3502 7923/985/3502 7922/984/3502
f 7916/978/3503 7917/979/3503 7924/986/3503 7923/985/3503
f 7918/981/3504 7919/980/3504 7926/987/3504 7925/988/3504
f 7919/980/3505 7920/982/3505 7927/989/3505 7926/987/3505
f 7920/982/3506 7921/983/3506 7928/990/3506 7927/989/3506
f 7921/983/3507 7922/984/3507 7929/991/3507 7928/990/3507
f 7922/984/3508 7923/985/3508 7930/992/3508 7929/991/3508
f 7923/985/3509 7924/986/3509 7931/993/3509 7930/992/3509
f 67/148/3510 735/147/3510 7883/945/3510 1877/994/3510
f 735/147/3511 734/146/3511 7884/946/3511 7883/945/3511
f 734/146/3512 733/145/3512 7885/949/3512 7884/946/3512
f 733/145/3513 732/144/3513 7886/951/3513 7885/949/3513
f 732/144/3514 731/143/3514 7887/953/3514 7886/951/3514
f 731/143/3515 730/142/3515 7888/955/3515 7887/953/3515
f 730/142/3516 729/141/3516 7889/957/3516 7888/955/3516
f 729/141/3517 70/140/3517 1898/995/3517 7889/957/3517
f 7889/957/3518 1898/995/3518 1899/996/3518 7896/958/3518
f 7896/958/3519 1899/996/3519 1900/997/3519 7903/965/3519
f 7903/965/3520 1900/997/3520 1901/998/3520 7910/972/3520
f 7910/972/3521 1901/998/3521 1902/999/3521 7917/979/3521
f 7917/979/3522 1902/999/3522 1903/1000/3522 7924/986/3522
f 7924/986/3523 1903/1000/3523 1904/1001/3523 7931/993/3523
f 7931/993/3524 1904/1001/3524 140/454/3524 1366/452/3524
f 7930/992/3525 7931/993/3525 1366/452/3525 1367/451/3525
f 7929/991/3526 7930/992/3526 1367/451/3526 1368/450/3526
f 7928/990/3527 7929/991/3527 1368/450/3527 1369/449/3527
f 7927/989/3528 7928/990/3528 1369/449/3528 1370/448/3528
f 7926/987/3529 7927/989/3529 1370/448/3529 1371/447/3529
f 7925/988/3530 7926/987/3530 1371/447/3530 1372/446/3530
f 1883/1002/3531 7925/988/3531 1372/446/3531 137/445/3531
f 1882/1003/3532 7918/981/3532 7925/988/3532 1883/1002/3532
f 1881/1004/3533 7911/974/3533 7918/981/3533 1882/1003/3533
f 1880/1005/3534 7904/967/3534 7911/974/3534 1881/1004/3534
f 1879/1006/3535 7897/960/3535 7904/967/3535 1880/1005/3535
f 1878/1007/3536 7890/948/3536 7897/960/3536 1879/1006/3536
f 1877/994/3537 7883/945/3537 7890/948/3537 1878/1007/3537
f 7932/1008/3538 7933/1009/3538 7940/1010/3538 7939/1011/3538
f 7933/1009/3539 7934/1012/3539 7941/1013/3539 7940/1010/3539
f 7934/1012/3540 7935/1014/3540 7942/1015/3540 7941/1013/3540
f 7935/1014/3541 7936/1016/3541 7943/1017/3541 7942/1015/3541
f 7936/1016/3542 7937/1018/3542 7944/1019/3542 7943/1017/3542
f 7937/1018/3543 7938/1020/3543 7945/1021/3543 7944/1019/3543
f 7939/1011/3544 7940/1010/3544 7947/1022/3544 7946/1023/3544
f 7940/1010/3545 7941/1013/3545 7948/1024/3545 7947/1022/3545
f 7941/1013/3546 7942/1015/3546 7949/1025/3546 7948/1024/3546
f 7942/1015/3547 7943/1017/3547 7950/1026/3547 7949/1025/3547
f 7943/1017/3548 7944/1019/3548 7951/1027/3548 7950/1026/3548
f 7944/1019/3549 7945/1021/3549 7952/1028/3549 7951/1027/3549
f 7946/1023/3550 7947/1022/3550 7954/1029/3550 7953/1030/3550
f 7947/1022/3551 7948/1024/3551 7955/1031/3551 7954/1029/3551
f 7948/1024/3552 7949/1025/3552 7956/1032/3552 7955/1031/3552
f 7949/1025/3553 7950/1026/3553 7957/1033/3553 7956/1032/3553
f 7950/1026/3554 7951/1027/3554 7958/1034/3554 7957/1033/3554
f 7951/1027/3555 7952/1028/3555 7959/1035/3555 7958/1034/3555
f 7953/1030/3556 7954/1029/3556 7961/1036/3556 7960/1037/3556
f 7954/1029/3557 7955/1031/3557 7962/1038/3557 7961/1036/3557
f 7955/1031/3558 7956/1032/3558 7963/1039/3558 7962/1038/3558
f 7956/1032/3559 7957/1033/3559 7964/1040/3559 7963/1039/3559
f 7957/1033/3560 7958/1034/3560 7965/1041/3560 7964/1040/3560
f 7958/1034/3561 7959/1035/3561 7966/1042/3561 7965/1041/3561
f 7960/1037/3562 7961/1036/3562 7968/1043/3562 7967/1044/3562
f 7961/1036/3563 7962/1038/3563 7969/1045/3563 7968/1043/3563
f 7962/1038/3564 7963/1039/3564 7970/1046/3564 7969/1045/3564
f 7963/1039/3565 7964/1040/3565 7971/1047/3565 7970/1046/3565
f 7964/1040/3566 7965/1041/3566 7972/1048/3566 7971/1047/3566
f 7965/1041/3567 7966/1042/3567 7973/1049/3567 7972/1048/3567
f 7967/1044/3568 7968/1043/3568 7975/1050/3568 7974/1051/3568
f 7968/1043/3569 7969/1045/3569 7976/1052/3569 7975/1050/3569
f 7969/1045/3570 7970/1046/3570 7977/1053/3570 7976/1052/3570
f 7970/1046/3571 7971/1047/3571 7978/1054/3571 7977/1053/3571
f 7971/1047/3572 7972/1048/3572 7979/1055/3572 7978/1054/3572
f 7972/1048/3573 7973/1049/3573 7980/1056/3573 7979/1055/3573
f 68/59/3574 742/219/3574 7932/1008/3574 1884/764/3574
f 742/219/3575 741/218/3575 7933/1009/3575 7932/1008/3575
f 741/218/3576 740/217/3576 7934/1012/3576 7933/1009/3576
f 740/217/3577 739/216/3577 7935/1014/3577 7934/1012/3577
f 739/216/3578 738/215/3578 7936/1016/3578 7935/1014/3578
f 738/215/3579 737/214/3579 7937/1018/3579 7936/1016/3579
f 737/214/3580 736/213/3580 7938/1020/3580 7937/1018/3580
f 736/213/3581 67/148/3581 1877/994/3581 7938/1020/3581
f 7938/1020/3582 1877/994/3582 1878/1007/3582 7945/1021/3582
f 7945/1021/3583 1878/1007/3583 1879/1006/3583 7952/1028/3583
f 7952/1028/3584 1879/1006/3584 1880/1005/3584 7959/1035/3584
f 7959/1035/3585 1880/1005/3585 1881/1004/3585 7966/1042/3585
f 7966/1042/3586 1881/1004/3586 1882/1003/3586 7973/1049/3586
f 7973/1049/3587 1882/1003/3587 1883/1002/3587 7980/1056/3587
f 7980/1056/3588 1883/1002/3588 137/445/3588 1373/522/3588
f 7979/1055/3589 7980/1056/3589 1373/522/3589 1374/521/3589
f 7978/1054/3590 7979/1055/3590 1374/521/3590 1375/520/3590
f 7977/1053/3591 7978/1054/3591 1375/520/3591 1376/519/3591
f 7976/1052/3592 7977/1053/3592 1376/519/3592 1377/518/3592
f 7975/1050/3593 7976/1052/3593 1377/518/3593 1378/517/3593
f 7974/1051/3594 7975/1050/3594 1378/517/3594 1379/516/3594
f 1890/770/6945 7974/1051/6945 1379/516/6945 138/373/6945
f 1889/769/3596 7967/1044/3596 7974/1051/3596 1890/770/3596
f 1888/768/3597 7960/1037/3597 7967/1044/3597 1889/769/3597
f 1887/767/3598 7953/1030/3598 7960/1037/3598 1888/768/3598
f 1886/766/3599 7946/1023/3599 7953/1030/3599 1887/767/3599
f 1885/765/3600 7939/1011/3600 7946/1023/3600 1886/766/3600
f 1884/764/3601 7932/1008/3601 7939/1011/3601 1885/765/3601
f 7981/1057/3602 7982/1058/3602 7989/1059/3602 7988/1060/3602
f 7982/1058/3603 7983/1061/3603 7990/1062/3603 7989/1059/3603
f 7983/1061/3604 7984/1063/3604 7991/1064/3604 7990/1062/3604
f 7984/1063/3605 7985/1065/3605 7992/1066/3605 7991/1064/3605
f 7985/1065/3606 7986/1067/3606 7993/1068/3606 7992/1066/3606
f 7986/1067/3607 7987/1069/3607 7994/1070/3607 7993/1068/3607
f 7988/1060/3608 7989/1059/3608 7996/1071/3608 7995/1072/3608
f 7989/1059/3609 7990/1062/3609 7997/1073/3609 7996/1071/3609
f 7990/1062/3610 7991/1064/3610 7998/1074/3610 7997/1073/3610
f 7991/1064/3611 7992/1066/3611 7999/1075/3611 7998/1074/3611
f 7992/1066/3612 7993/1068/3612 8000/1076/3612 7999/1075/3612
f 7993/1068/3613 7994/1070/3613 8001/1077/3613 8000/1076/3613
f 7995/1072/3614 7996/1071/3614 8003/1078/3614 8002/1079/3614
f 7996/1071/3615 7997/1073/3615 8004/1080/3615 8003/1078/3615
f 7997/1073/3616 7998/1074/3616 8005/1081/3616 8004/1080/3616
f 7998/1074/3617 7999/1075/3617 8006/1082/3617 8005/1081/3617
f 7999/1075/3618 8000/1076/3618 8007/1083/3618 8006/1082/3618
f 8000/1076/3619 8001/1077/3619 8008/1084/3619 8007/1083/3619
f 8002/1079/3620 8003/1078/3620 8010/1085/3620 8009/1086/3620
f 8003/1078/3621 8004/1080/3621 8011/1087/3621 8010/1085/3621
f 8004/1080/3622 8005/1081/3622 8012/1088/3622 8011/1087/3622
f 8005/1081/3623 8006/1082/3623 8013/1089/3623 8012/1088/3623
f 8006/1082/3624 8007/1083/3624 8014/1090/3624 8013/1089/3624
f 8007/1083/3625 8008/1084/3625 8015/1091/3625 8014/1090/3625
f 8009/1086/3626 8010/1085/3626 8017/1092/3626 8016/1093/3626
f 8010/1085/3627 8011/1087/3627 8018/1094/3627 8017/1092/3627
f 8011/1087/3628 8012/1088/3628 8019/1095/3628 8018/1094/3628
f 8012/1088/3629 8013/1089/3629 8020/1096/3629 8019/1095/3629
f 8013/1089/3630 8014/1090/3630 8021/1097/3630 8020/1096/3630
f 8014/1090/3631 8015/1091/3631 8022/1098/3631 8021/1097/3631
f 8016/1093/3632 8017/1092/3632 8024/1099/3632 8023/1100/3632
f 8017/1092/3633 8018/1094/3633 8025/1101/3633 8024/1099/3633
f 8018/1094/3634 8019/1095/3634 8026/1102/3634 8025/1101/3634
f 8019/1095/3635 8020/1096/3635 8027/1103/3635 8026/1102/3635
f 8020/1096/3636 8021/1097/3636 8028/1104/3636 8027/1103/3636
f 8021/1097/3637 8022/1098/3637 8029/1105/3637 8028/1104/3637
f 69/131/3638 763/133/3638 7981/1057/3638 1891/645/3638
f 763/133/3639 762/162/3639 7982/1058/3639 7981/1057/3639
f 762/162/3640 761/161/3640 7983/1061/3640 7982/1058/3640
f 761/161/3641 760/160/3641 7984/1063/3641 7983/1061/3641
f 760/160/3642 759/159/3642 7985/1065/3642 7984/1063/3642
f 759/159/3643 758/158/3643 7986/1067/3643 7985/1065/3643
f 758/158/3644 757/156/3644 7987/1069/3644 7986/1067/3644
f 757/156/3645 66/157/3645 1870/938/3645 7987/1069/3645
f 7987/1069/3646 1870/938/3646 1871/944/3646 7994/1070/3646
f 7994/1070/3647 1871/944/3647 1872/943/3647 8001/1077/3647
f 8001/1077/3648 1872/943/3648 1873/942/3648 8008/1084/3648
f 8008/1084/3649 1873/942/3649 1874/941/3649 8015/1091/3649
f 8015/1091/3650 1874/941/3650 1875/940/3650 8022/1098/3650
f 8022/1098/3651 1875/940/3651 1876/939/3651 8029/1105/3651
f 8029/1105/3652 1876/939/3652 136/437/3652 1394/436/3652
f 8028/1104/3653 8029/1105/3653 1394/436/3653 1395/435/3653
f 8027/1103/3654 8028/1104/3654 1395/435/3654 1396/434/3654
f 8026/1102/3655 8027/1103/3655 1396/434/3655 1397/433/3655
f 8025/1101/3656 8026/1102/3656 1397/433/3656 1398/432/3656
f 8024/1099/3657 8025/1101/3657 1398/432/3657 1399/431/3657
f 8023/1100/3658 8024/1099/3658 1399/431/3658 1400/429/3658
f 1897/651/3659 8023/1100/3659 1400/429/3659 139/428/3659
f 1896/650/3660 8016/1093/3660 8023/1100/3660 1897/651/3660
f 1895/649/3661 8009/1086/3661 8016/1093/3661 1896/650/3661
f 1894/648/3662 8002/1079/3662 8009/1086/3662 1895/649/3662
f 1893/647/3663 7995/1072/3663 8002/1079/3663 1894/648/3663
f 1892/646/3664 7988/1060/3664 7995/1072/3664 1893/647/3664
f 1891/645/3665 7981/1057/3665 7988/1060/3665 1892/646/3665
f 8030/1106/3666 8031/1107/3666 8038/1108/3666 8037/1109/3666
f 8031/1107/3667 8032/1110/3667 8039/1111/3667 8038/1108/3667
f 8032/1110/3668 8033/1112/3668 8040/1113/3668 8039/1111/3668
f 8033/1112/3669 8034/1114/3669 8041/1115/3669 8040/1113/3669
f 8034/1114/3670 8035/1116/3670 8042/1117/3670 8041/1115/3670
f 8035/1116/3671 8036/1118/3671 8043/1119/3671 8042/1117/3671
f 8037/1109/3672 8038/1108/3672 8045/1120/3672 8044/1121/3672
f 8038/1108/3673 8039/1111/3673 8046/1122/3673 8045/1120/3673
f 8039/1111/6946 8040/1113/6946 8047/1123/6946 8046/1122/6946
f 8040/1113/3675 8041/1115/3675 8048/1124/3675 8047/1123/3675
f 8041/1115/3676 8042/1117/3676 8049/1125/3676 8048/1124/3676
f 8042/1117/3677 8043/1119/3677 8050/1126/3677 8049/1125/3677
f 8044/1121/3678 8045/1120/3678 8052/1127/3678 8051/1128/3678
f 8045/1120/3679 8046/1122/3679 8053/1129/3679 8052/1127/3679
f 8046/1122/3680 8047/1123/3680 8054/1130/3680 8053/1129/3680
f 8047/1123/3681 8048/1124/3681 8055/1131/3681 8054/1130/3681
f 8048/1124/3682 8049/1125/3682 8056/1132/3682 8055/1131/3682
f 8049/1125/6947 8050/1126/6947 8057/1133/6947 8056/1132/6947
f 8051/1128/3684 8052/1127/3684 8059/1134/3684 8058/1135/3684
f 8052/1127/3685 8053/1129/3685 8060/1136/3685 8059/1134/3685
f 8053/1129/3686 8054/1130/3686 8061/1137/3686 8060/1136/3686
f 8054/1130/3687 8055/1131/3687 8062/1138/3687 8061/1137/3687
f 8055/1131/3688 8056/1132/3688 8063/1139/3688 8062/1138/3688
f 8056/1132/3689 8057/1133/3689 8064/1140/3689 8063/1139/3689
f 8058/1135/3690 8059/1134/3690 8066/1141/3690 8065/1142/3690
f 8059/1134/3691 8060/1136/3691 8067/1143/3691 8066/1141/3691
f 8060/1136/3692 8061/1137/3692 8068/1144/3692 8067/1143/3692
f 8061/1137/3693 8062/1138/3693 8069/1145/3693 8068/1144/3693
f 8062/1138/6948 8063/1139/6948 8070/1146/6948 8069/1145/6948
f 8063/1139/3695 8064/1140/3695 8071/1147/3695 8070/1146/3695
f 8065/1142/3696 8066/1141/3696 8073/1148/3696 8072/1149/3696
f 8066/1141/3697 8067/1143/3697 8074/1150/3697 8073/1148/3697
f 8067/1143/3698 8068/1144/3698 8075/1151/3698 8074/1150/3698
f 8068/1144/3699 8069/1145/3699 8076/1152/3699 8075/1151/3699
f 8069/1145/3700 8070/1146/3700 8077/1153/3700 8076/1152/3700
f 8070/1146/3701 8071/1147/3701 8078/1154/3701 8077/1153/3701
f 70/140/3702 770/291/3702 8030/1106/3702 1898/995/3702
f 770/291/3703 769/290/3703 8031/1107/3703 8030/1106/3703
f 769/290/3704 768/289/3704 8032/1110/3704 8031/1107/3704
f 768/289/3705 767/288/3705 8033/1112/3705 8032/1110/3705
f 767/288/3706 766/287/3706 8034/1114/3706 8033/1112/3706
f 766/287/3707 765/286/3707 8035/1116/3707 8034/1114/3707
f 765/286/3708 764/285/3708 8036/1118/3708 8035/1116/3708
f 764/285/3709 62/284/3709 1842/707/3709 8036/1118/3709
f 8036/1118/3710 1842/707/3710 1843/713/3710 8043/1119/3710
f 8043/1119/6949 1843/713/6949 1844/712/6949 8050/1126/6949
f 8050/1126/3712 1844/712/3712 1845/711/3712 8057/1133/3712
f 8057/1133/3713 1845/711/3713 1846/710/3713 8064/1140/3713
f 8064/1140/3714 1846/710/3714 1847/709/3714 8071/1147/3714
f 8071/1147/3715 1847/709/3715 1848/708/3715 8078/1154/3715
f 8078/1154/3716 1848/708/3716 132/589/3716 1401/587/3716
f 8077/1153/3717 8078/1154/3717 1401/587/3717 1402/586/3717
f 8076/1152/3718 8077/1153/3718 1402/586/3718 1403/585/3718
f 8075/1151/3719 8076/1152/3719 1403/585/3719 1404/584/3719
f 8074/1150/3720 8075/1151/3720 1404/584/3720 1405/583/3720
f 8073/1148/3721 8074/1150/3721 1405/583/3721 1406/582/3721
f 8072/1149/3722 8073/1148/3722 1406/582/3722 1407/581/3722
f 1904/1001/3723 8072/1149/3723 1407/581/3723 140/454/3723
f 1903/1000/3724 8065/1142/3724 8072/1149/3724 1904/1001/3724
f 1902/999/3725 8058/1135/3725 8065/1142/3725 1903/1000/3725
f 1901/998/3726 8051/1128/3726 8058/1135/3726 1902/999/3726
f 1900/997/3727 8044/1121/3727 8051/1128/3727 1901/998/3727
f 1899/996/3728 8037/1109/3728 8044/1121/3728 1900/997/3728
f 1898/995/3729 8030/1106/3729 8037/1109/3729 1899/996/3729
usemtl 材质
f 8079/1155/6950 8080/1156/6950 8081/1157/6950
f 8082/1158/6951 8083/1159/6951 8084/1160/6951
f 8085/1161/6952 8086/1162/6952 8087/1163/6952
f 8088/1164/6953 8089/1165/6953 8090/1166/6953
f 8091/1167/6954 8092/1168/6954 8093/1169/6954
f 8094/1170/6955 8095/1171/6955 8096/1172/6955
f 8097/1173/6956 8098/1174/6956 8099/1175/6956
f 8100/1176/6957 8101/1177/6957 8102/1178/6957
f 8103/1179/6958 8104/1180/6958 8105/1181/6958
f 8106/1182/6959 8107/1183/6959 8108/1184/6959
f 8109/1185/6960 8110/1186/6960 8111/1187/6960
f 8112/1188/6961 8113/1189/6961 8114/1190/6961
f 8115/1191/6962 8116/1192/6962 8117/1193/6962
f 8118/1194/6963 8119/1195/6963 8120/1196/6963
f 8121/1197/6964 8122/1198/6964 8123/1199/6964
f 8124/1200/6965 8125/1201/6965 8126/1202/6965
f 8127/1203/6966 8128/1204/6966 8129/1205/6966
f 8130/1206/6967 8131/1207/6967 8132/1208/6967
f 8133/1209/6968 8134/1210/6968 8135/1211/6968
f 8136/1212/6969 8137/1213/6969 8138/1214/6969
f 8139/1215/6970 8140/1216/6970 8141/1217/6970
f 8142/1218/6971 8143/1219/6971 8144/1220/6971
f 8145/1221/6972 8146/1222/6972 8147/1223/6972
f 8148/1224/6973 8149/1225/6973 8150/1226/6973
f 8081/1157/6974 8086/1162/6974 8085/1161/6974 8079/1155/6974
f 8090/1166/6975 8083/1159/6975 8082/1158/6975 8088/1164/6975
f 8080/1227/6976 8084/1228/6976 8083/1229/6976 8081/1230/6976
f 8089/1231/6977 8087/1232/6977 8086/1233/6977 8090/1234/6977
f 8087/1163/6978 8092/1168/6978 8091/1167/6978 8085/1161/6978
f 8096/1172/6979 8089/1165/6979 8088/1164/6979 8094/1170/6979
f 8095/1235/6980 8093/1236/6980 8092/1237/6980 8096/1238/6980
f 8093/1169/6981 8098/1174/6981 8097/1173/6981 8091/1167/6981
f 8102/1178/6982 8095/1171/6982 8094/1170/6982 8100/1176/6982
f 8101/1239/6983 8099/1240/6983 8098/1241/6983 8102/1242/6983
f 8099/1175/6984 8104/1180/6984 8103/1179/6984 8097/1173/6984
f 8108/1184/6985 8101/1177/6985 8100/1176/6985 8106/1182/6985
f 8107/1243/6986 8105/1244/6986 8104/1245/6986 8108/1246/6986
f 8105/1181/6987 8110/1186/6987 8109/1185/6987 8103/1179/6987
f 8114/1190/6988 8107/1183/6988 8106/1182/6988 8112/1188/6988
f 8113/1247/6989 8111/1248/6989 8110/1249/6989 8114/1250/6989
f 8111/1187/6990 8116/1192/6990 8115/1191/6990 8109/1185/6990
f 8120/1196/6991 8113/1189/6991 8112/1188/6991 8118/1194/6991
f 8119/1251/6992 8117/1252/6992 8116/1253/6992 8120/1254/6992
f 8117/1193/6993 8122/1198/6993 8121/1197/6993 8115/1191/6993
f 8126/1202/6994 8119/1195/6994 8118/1194/6994 8124/1200/6994
f 8125/1255/6995 8123/1256/6995 8122/1257/6995 8126/1258/6995
f 8123/1199/6996 8128/1204/6996 8127/1203/6996 8121/1197/6996
f 8132/1208/6997 8125/1201/6997 8124/1200/6997 8130/1206/6997
f 8131/1259/6998 8129/1260/6998 8128/1261/6998 8132/1262/6998
f 8129/1205/6999 8134/1210/6999 8133/1209/6999 8127/1203/6999
f 8138/1214/7000 8131/1207/7000 8130/1206/7000 8136/1212/7000
f 8137/1263/7001 8135/1264/7001 8134/1265/7001 8138/1266/7001
f 8135/1211/7002 8140/1216/7002 8139/1215/7002 8133/1209/7002
f 8144/1220/7003 8137/1213/7003 8136/1212/7003 8142/1218/7003
f 8143/1267/7004 8141/1268/7004 8140/1269/7004 8144/1270/7004
f 8141/1217/7005 8146/1222/7005 8145/1221/7005 8139/1215/7005
f 8150/1226/7006 8143/1219/7006 8142/1218/7006 8148/1224/7006
f 8149/1271/7007 8147/1272/7007 8146/1273/7007 8150/1274/7007
f 8147/1223/7008 8080/1156/7008 8079/1155/7008 8145/1221/7008
f 8084/1160/7009 8149/1225/7009 8148/1224/7009 8082/1158/7009
f 8079/1155/7010 8085/1161/7010 8091/1167/7010 8097/1173/7010 8103/1179/7010 8109/1185/7010 8115/1191/7010 8121/1197/7010 8127/1203/7010 8133/1209/7010 8139/1215/7010 8145/1221/7010
f 8081/1275/7011 8083/1276/7011 8090/1234/7011 8086/1233/7011
f 8147/1272/7012 8149/1271/7012 8084/1228/7012 8080/1227/7012
f 8088/1164/7013 8082/1158/7013 8148/1224/7013 8142/1218/7013 8136/1212/7013 8130/1206/7013 8124/1200/7013 8118/1194/7013 8112/1188/7013 8106/1182/7013 8100/1176/7013 8094/1170/7013
f 8087/1232/7014 8089/1231/7014 8096/1238/7014 8092/1237/7014
f 8093/1236/7015 8095/1235/7015 8102/1242/7015 8098/1241/7015
f 8099/1240/7016 8101/1239/7016 8108/1246/7016 8104/1245/7016
f 8105/1244/7017 8107/1243/7017 8114/1250/7017 8110/1249/7017
f 8111/1248/7018 8113/1247/7018 8120/1254/7018 8116/1253/7018
f 8117/1252/7019 8119/1251/7019 8126/1258/7019 8122/1257/7019
f 8123/1256/7020 8125/1255/7020 8132/1262/7020 8128/1261/7020
f 8129/1260/7021 8131/1259/7021 8138/1266/7021 8134/1265/7021
f 8135/1264/7022 8137/1263/7022 8144/1270/7022 8140/1269/7022
f 8141/1268/7023 8143/1267/7023 8150/1274/7023 8146/1273/7023
