# Blender 4.5.2 LTS
# www.blender.org
mtllib illumination sensor.mtl
o illumination_sensor
v 1.791703 0.638294 -0.778102
v 1.791703 1.035925 -0.778102
v 1.791703 0.974785 -0.778102
v 1.791703 0.888264 -0.778102
v 1.791703 0.79053 -0.778102
v 1.791703 0.699433 -0.778102
v 1.706543 1.035925 -0.560256
v 1.791703 1.035925 -0.560256
v 1.706543 0.638294 -0.560256
v 1.791703 0.638294 -0.560256
v 1.791703 0.974785 -0.560256
v 1.791703 0.888264 -0.560256
v 1.791703 0.79053 -0.560256
v 1.791703 0.699433 -0.560256
v 1.706543 0.974785 -0.560256
v 1.706543 0.699433 -0.560256
v 1.717296 0.638294 -0.560256
v 1.717296 1.035925 -0.560256
v 1.726709 0.638294 -0.560256
v 1.726709 1.035925 -0.560256
v 1.736111 0.638294 -0.560256
v 1.736111 1.035925 -0.560256
v 1.706543 0.79053 -0.560256
v 1.706543 0.888264 -0.560256
v 1.717296 0.638294 -0.69921
v 1.726709 0.638294 -0.69921
v 1.717296 1.037912 -0.560256
v 1.726709 1.037912 -0.560256
v 1.707318 0.826544 -0.786964
v 1.708474 0.829989 -0.800176
v 1.709104 0.810106 -0.800176
v 1.707987 0.80112 -0.786964
v 1.709941 0.802496 -0.800176
v 1.712129 0.79677 -0.800176
v 1.711005 0.791197 -0.786964
v 1.708208 0.799118 -0.786964
v 1.706876 0.822745 -0.781907
v 1.707878 0.798764 -0.785711
v 1.710302 0.787325 -0.781907
v 1.706543 0.79053 -0.778102
v 1.706876 0.856049 -0.781907
v 1.706543 0.888264 -0.778102
v 1.710302 0.891254 -0.781907
v 1.707878 0.88003 -0.785711
v 1.711005 0.887504 -0.786964
v 1.712129 0.882023 -0.800176
v 1.709941 0.876298 -0.800176
v 1.708208 0.879676 -0.786964
v 1.707318 0.85225 -0.786964
v 1.707987 0.877674 -0.786964
v 1.709104 0.868688 -0.800176
v 1.708474 0.848805 -0.800176
v 1.716938 0.882023 -0.800176
v 1.714199 0.882023 -0.800176
v 1.713833 0.889824 -0.786964
v 1.717216 0.891569 -0.786964
v 1.713966 0.896657 -0.781907
v 1.717296 0.907608 -0.778102
v 1.717404 0.893836 -0.785711
v 1.718508 0.882023 -0.800176
v 1.717629 0.891569 -0.786964
v 1.719566 0.884654 -0.791707
v 1.713833 0.788755 -0.786964
v 1.714199 0.79677 -0.800176
v 1.716938 0.79677 -0.800176
v 1.717216 0.786917 -0.786964
v 1.718508 0.79677 -0.800176
v 1.719689 0.796741 -0.801115
v 1.718884 0.786888 -0.787902
v 1.717629 0.786917 -0.786964
v 1.713966 0.781636 -0.781907
v 1.717404 0.78455 -0.785711
v 1.717978 0.777327 -0.782845
v 1.717296 0.752072 -0.778102
v 1.725331 0.882023 -0.800176
v 1.724389 0.884654 -0.791707
v 1.726257 0.891569 -0.786964
v 1.726709 0.907608 -0.778102
v 1.732206 0.900722 -0.781907
v 1.726486 0.893836 -0.785711
v 1.726796 0.882023 -0.800176
v 1.726642 0.891569 -0.786964
v 1.730795 0.891569 -0.786964
v 1.72926 0.882023 -0.800176
v 1.725086 0.786888 -0.787902
v 1.724229 0.796741 -0.801115
v 1.725331 0.79677 -0.800176
v 1.726257 0.786917 -0.786964
v 1.726796 0.79677 -0.800176
v 1.72926 0.79677 -0.800176
v 1.730795 0.786917 -0.786964
v 1.726642 0.786917 -0.786964
v 1.726012 0.777327 -0.782845
v 1.726486 0.78455 -0.785711
v 1.732206 0.777356 -0.781907
v 1.726709 0.752072 -0.778102
v 1.732983 0.876298 -0.800176
v 1.731071 0.882023 -0.800176
v 1.734759 0.891569 -0.786964
v 1.738326 0.885487 -0.786964
v 1.738881 0.900722 -0.781907
v 1.761506 0.931947 -0.778102
v 1.744489 0.861237 -0.781907
v 1.739852 0.887753 -0.785711
v 1.733716 0.868688 -0.800176
v 1.738519 0.883485 -0.786964
v 1.739104 0.854478 -0.786964
v 1.734266 0.848805 -0.800176
v 1.734759 0.786917 -0.786964
v 1.731071 0.79677 -0.800176
v 1.732983 0.802496 -0.800176
v 1.738326 0.793 -0.786964
v 1.733716 0.810106 -0.800176
v 1.734266 0.829989 -0.800176
v 1.739104 0.824009 -0.786964
v 1.738519 0.795002 -0.786964
v 1.738881 0.777356 -0.781907
v 1.739852 0.790632 -0.785711
v 1.744489 0.816841 -0.781907
v 1.761501 0.746482 -0.7784
v 1.710146 0.812535 -0.812681
v 1.709568 0.830769 -0.812681
v 1.711209 0.831593 -0.825893
v 1.711748 0.814957 -0.825893
v 1.712297 0.831909 -0.83095
v 1.714316 0.832146 -0.834755
v 1.714075 0.815747 -0.83095
v 1.712017 0.815153 -0.827145
v 1.710913 0.805556 -0.812681
v 1.711925 0.813347 -0.825893
v 1.713755 0.808453 -0.825893
v 1.71292 0.800305 -0.812681
v 1.711209 0.847201 -0.825893
v 1.709568 0.848025 -0.812681
v 1.710146 0.866259 -0.812681
v 1.711748 0.863837 -0.825893
v 1.710913 0.873238 -0.812681
v 1.71292 0.878488 -0.812681
v 1.713755 0.870341 -0.825893
v 1.711925 0.865447 -0.825893
v 1.712297 0.846885 -0.83095
v 1.712017 0.863641 -0.827145
v 1.714075 0.863046 -0.83095
v 1.714316 0.846648 -0.834755
v 1.715472 0.870341 -0.825893
v 1.714818 0.878488 -0.812681
v 1.71733 0.878488 -0.812681
v 1.717744 0.870341 -0.825893
v 1.71877 0.878488 -0.812681
v 1.719976 0.8758 -0.823027
v 1.719046 0.870341 -0.825893
v 1.720142 0.857529 -0.835694
v 1.719232 0.846648 -0.834755
v 1.719152 0.863046 -0.83095
v 1.715723 0.863046 -0.83095
v 1.717903 0.863046 -0.83095
v 1.718022 0.846648 -0.834755
v 1.715911 0.846648 -0.834755
v 1.720026 0.808424 -0.826832
v 1.719853 0.800277 -0.813619
v 1.71877 0.800305 -0.812681
v 1.719046 0.808453 -0.825893
v 1.71733 0.800305 -0.812681
v 1.714818 0.800305 -0.812681
v 1.715472 0.808453 -0.825893
v 1.717744 0.808453 -0.825893
v 1.715723 0.815747 -0.83095
v 1.715911 0.832146 -0.834755
v 1.718022 0.832146 -0.834755
v 1.717903 0.815747 -0.83095
v 1.719152 0.815747 -0.83095
v 1.719232 0.832146 -0.834755
v 1.720142 0.821206 -0.835694
v 1.723856 0.8758 -0.823027
v 1.725027 0.878488 -0.812681
v 1.724706 0.870341 -0.825893
v 1.72637 0.878488 -0.812681
v 1.72863 0.878488 -0.812681
v 1.727965 0.870341 -0.825893
v 1.725921 0.870341 -0.825893
v 1.72771 0.863046 -0.83095
v 1.727518 0.846648 -0.834755
v 1.725619 0.846648 -0.834755
v 1.725749 0.863046 -0.83095
v 1.723705 0.863017 -0.831889
v 1.724583 0.863046 -0.83095
v 1.72449 0.846648 -0.834755
v 1.723641 0.846619 -0.835694
v 1.727965 0.808453 -0.825893
v 1.72863 0.800305 -0.812681
v 1.72637 0.800305 -0.812681
v 1.725921 0.808453 -0.825893
v 1.725027 0.800305 -0.812681
v 1.724016 0.800277 -0.813619
v 1.723791 0.808424 -0.826832
v 1.724706 0.808453 -0.825893
v 1.723705 0.815718 -0.831889
v 1.723641 0.832117 -0.835694
v 1.72449 0.832146 -0.834755
v 1.724583 0.815747 -0.83095
v 1.72771 0.815747 -0.83095
v 1.725749 0.815747 -0.83095
v 1.725619 0.832146 -0.834755
v 1.727518 0.832146 -0.834755
v 1.729466 0.870341 -0.825893
v 1.730291 0.878488 -0.812681
v 1.732045 0.873238 -0.812681
v 1.731067 0.865447 -0.825893
v 1.732716 0.866259 -0.812681
v 1.733221 0.848025 -0.812681
v 1.731693 0.847201 -0.825893
v 1.731222 0.863837 -0.825893
v 1.729151 0.863046 -0.83095
v 1.730977 0.863641 -0.827145
v 1.730706 0.846885 -0.83095
v 1.728914 0.846648 -0.834755
v 1.732045 0.805556 -0.812681
v 1.730291 0.800305 -0.812681
v 1.729466 0.808453 -0.825893
v 1.731067 0.813347 -0.825893
v 1.729151 0.815747 -0.83095
v 1.728914 0.832146 -0.834755
v 1.730706 0.831909 -0.83095
v 1.730977 0.815153 -0.827145
v 1.732716 0.812535 -0.812681
v 1.731222 0.814957 -0.825893
v 1.731693 0.831593 -0.825893
v 1.733221 0.830769 -0.812681
v 1.720391 0.900625 -0.785032
v 1.717296 0.907512 -0.781227
v 1.720747 0.891473 -0.790089
v 1.721053 0.881927 -0.803302
v 1.719566 0.884616 -0.792955
v 1.719689 0.796703 -0.802363
v 1.721053 0.796674 -0.803302
v 1.720747 0.786821 -0.790089
v 1.718884 0.78685 -0.78915
v 1.717978 0.777289 -0.784093
v 1.720391 0.77726 -0.785032
v 1.717296 0.751976 -0.781227
v 1.724389 0.884616 -0.792955
v 1.722865 0.881927 -0.803302
v 1.723223 0.891473 -0.790089
v 1.723598 0.900625 -0.785032
v 1.726709 0.907512 -0.781227
v 1.726709 0.751976 -0.781227
v 1.723598 0.77726 -0.785032
v 1.726012 0.777289 -0.784093
v 1.724229 0.796703 -0.802363
v 1.725086 0.78685 -0.78915
v 1.723223 0.786821 -0.790089
v 1.722865 0.796674 -0.803302
v 1.719976 0.875761 -0.824275
v 1.721104 0.878392 -0.815806
v 1.721157 0.870244 -0.829019
v 1.721178 0.86295 -0.834076
v 1.721193 0.846551 -0.83788
v 1.720142 0.857491 -0.836942
v 1.721178 0.815651 -0.834076
v 1.720142 0.821168 -0.836942
v 1.721193 0.83205 -0.83788
v 1.719853 0.800238 -0.814867
v 1.720026 0.808386 -0.82808
v 1.721157 0.808357 -0.829019
v 1.721104 0.800209 -0.815806
v 1.723705 0.862979 -0.833137
v 1.723641 0.84658 -0.836942
v 1.72259 0.846551 -0.83788
v 1.72262 0.86295 -0.834076
v 1.72266 0.870244 -0.829019
v 1.722766 0.878392 -0.815806
v 1.723856 0.875761 -0.824275
v 1.723791 0.808386 -0.82808
v 1.724016 0.800238 -0.814867
v 1.722766 0.800209 -0.815806
v 1.72266 0.808357 -0.829019
v 1.723705 0.81568 -0.833137
v 1.72262 0.815651 -0.834076
v 1.72259 0.83205 -0.83788
v 1.723641 0.832079 -0.836942
v 1.709749 0.639887 -0.795096
v 1.710961 0.63939 -0.797572
v 1.710416 0.638294 -0.792537
v 1.708424 0.638294 -0.7812
v 1.706543 0.638294 -0.739611
v 1.706543 0.652137 -0.783558
v 1.707231 0.641709 -0.786035
v 1.712859 0.638294 -0.792537
v 1.712878 0.63939 -0.797572
v 1.714692 0.63939 -0.797572
v 1.714776 0.638294 -0.792537
v 1.720704 0.638294 -0.795635
v 1.719346 0.638294 -0.792537
v 1.719414 0.63939 -0.797572
v 1.724504 0.63939 -0.797572
v 1.724575 0.638294 -0.792537
v 1.7233 0.638294 -0.795635
v 1.728839 0.638294 -0.792537
v 1.72891 0.63939 -0.797572
v 1.730572 0.63939 -0.797572
v 1.730588 0.638294 -0.792537
v 1.733308 0.639887 -0.795096
v 1.732724 0.638294 -0.792537
v 1.732248 0.63939 -0.797572
v 1.734466 0.638294 -0.7812
v 1.73551 0.641709 -0.786035
v 1.736111 0.652256 -0.783708
v 1.745997 0.638141 -0.77801
v 1.714692 0.643398 -0.804662
v 1.712878 0.643398 -0.804662
v 1.71292 0.647268 -0.810031
v 1.714727 0.647275 -0.810047
v 1.713075 0.65742 -0.822592
v 1.713075 0.662773 -0.826112
v 1.714854 0.662808 -0.826183
v 1.714854 0.657455 -0.822664
v 1.719449 0.662936 -0.826445
v 1.720783 0.662667 -0.826561
v 1.720783 0.657297 -0.823096
v 1.719449 0.657583 -0.822926
v 1.719414 0.643398 -0.804662
v 1.719422 0.647303 -0.810103
v 1.720704 0.644476 -0.807151
v 1.711003 0.647268 -0.810031
v 1.710961 0.643398 -0.804662
v 1.709749 0.645717 -0.804461
v 1.709791 0.650084 -0.810453
v 1.707231 0.654204 -0.803727
v 1.706543 0.663262 -0.803527
v 1.707266 0.665679 -0.81201
v 1.707961 0.657576 -0.811573
v 1.711158 0.65742 -0.822592
v 1.709904 0.657463 -0.819581
v 1.709911 0.663396 -0.823085
v 1.711158 0.662773 -0.826112
v 1.724504 0.643398 -0.804662
v 1.7233 0.643348 -0.805116
v 1.723317 0.647194 -0.810406
v 1.724504 0.64727 -0.809915
v 1.723379 0.657141 -0.822317
v 1.723379 0.662512 -0.825782
v 1.724504 0.662782 -0.82557
v 1.724504 0.657429 -0.82205
v 1.72891 0.662782 -0.82557
v 1.730572 0.662782 -0.82557
v 1.730572 0.657429 -0.82205
v 1.72891 0.657429 -0.82205
v 1.72891 0.643398 -0.804662
v 1.72891 0.64727 -0.809915
v 1.730572 0.64727 -0.809915
v 1.730572 0.643398 -0.804662
v 1.733308 0.645717 -0.804461
v 1.732248 0.643398 -0.804662
v 1.732248 0.64727 -0.809915
v 1.733308 0.650086 -0.810336
v 1.732248 0.657429 -0.82205
v 1.732248 0.662782 -0.82557
v 1.733308 0.663404 -0.822639
v 1.733308 0.65747 -0.819156
v 1.73551 0.654204 -0.803727
v 1.734908 0.657578 -0.811457
v 1.73551 0.665681 -0.811914
v 1.736111 0.663288 -0.803559
v 1.709475 0.699433 -0.786524
v 1.707858 0.699252 -0.786
v 1.709293 0.699761 -0.781878
v 1.706825 0.698591 -0.784082
v 1.706543 0.688479 -0.783558
v 1.706543 0.699433 -0.778102
v 1.708625 0.700961 -0.778912
v 1.716228 0.699433 -0.786524
v 1.714363 0.699433 -0.786524
v 1.714545 0.700961 -0.781878
v 1.71651 0.701289 -0.781878
v 1.715213 0.706554 -0.778912
v 1.717296 0.709938 -0.778102
v 1.71726 0.706226 -0.779723
v 1.718164 0.699433 -0.786524
v 1.717917 0.701289 -0.781878
v 1.718446 0.701272 -0.78243
v 1.718693 0.699433 -0.786524
v 1.725804 0.699433 -0.786524
v 1.725311 0.699337 -0.785795
v 1.725558 0.701272 -0.78243
v 1.726051 0.701289 -0.781878
v 1.726462 0.708065 -0.779465
v 1.726709 0.717382 -0.778102
v 1.72853 0.706673 -0.779062
v 1.726708 0.706226 -0.779723
v 1.727611 0.699433 -0.786524
v 1.727365 0.701289 -0.781878
v 1.729113 0.700987 -0.78191
v 1.729273 0.699433 -0.786524
v 1.734683 0.699587 -0.782504
v 1.733515 0.699587 -0.78634
v 1.733707 0.699881 -0.782028
v 1.736111 0.700255 -0.779133
v 1.73429 0.701518 -0.779611
v 1.740597 0.708423 -0.779003
v 1.736111 0.689036 -0.784257
v 1.709607 0.695292 -0.809231
v 1.709873 0.691961 -0.812679
v 1.708509 0.691416 -0.812382
v 1.708036 0.69485 -0.808771
v 1.707452 0.689643 -0.811461
v 1.707229 0.684871 -0.81195
v 1.706543 0.687926 -0.803527
v 1.706806 0.695187 -0.80276
v 1.707102 0.693812 -0.807652
v 1.709476 0.69808 -0.805082
v 1.707871 0.696835 -0.805725
v 1.707847 0.698418 -0.800954
v 1.709457 0.69912 -0.800324
v 1.710761 0.683298 -0.82171
v 1.710979 0.679557 -0.824372
v 1.710063 0.68241 -0.822032
v 1.710965 0.675812 -0.826056
v 1.711003 0.67221 -0.826429
v 1.709784 0.67496 -0.823347
v 1.709816 0.67904 -0.823121
v 1.714884 0.675812 -0.826056
v 1.714727 0.672217 -0.826445
v 1.71292 0.67221 -0.826429
v 1.712874 0.675812 -0.826056
v 1.713689 0.676835 -0.825596
v 1.71286 0.679557 -0.824372
v 1.713064 0.683137 -0.821588
v 1.714 0.682982 -0.82163
v 1.713674 0.679557 -0.824372
v 1.715588 0.679557 -0.824372
v 1.714471 0.679557 -0.824372
v 1.715125 0.682616 -0.821935
v 1.716147 0.6825 -0.822006
v 1.715201 0.691483 -0.813058
v 1.713795 0.691961 -0.812679
v 1.714062 0.695292 -0.809231
v 1.715639 0.694717 -0.809801
v 1.714232 0.697419 -0.804582
v 1.714322 0.698734 -0.800032
v 1.716186 0.698734 -0.800032
v 1.716046 0.697419 -0.804582
v 1.718123 0.69873 -0.800029
v 1.718632 0.694555 -0.803593
v 1.718673 0.697425 -0.805152
v 1.718171 0.69737 -0.804557
v 1.71928 0.692045 -0.813149
v 1.718946 0.691483 -0.813058
v 1.718545 0.694735 -0.80981
v 1.718903 0.695292 -0.809796
v 1.716423 0.689732 -0.814445
v 1.717123 0.692513 -0.812117
v 1.717789 0.689732 -0.814445
v 1.717091 0.687085 -0.816541
v 1.718578 0.679557 -0.824372
v 1.718049 0.682497 -0.822004
v 1.719058 0.68261 -0.82193
v 1.719681 0.679557 -0.824372
v 1.720497 0.683418 -0.821625
v 1.720806 0.679948 -0.824425
v 1.720443 0.679557 -0.824372
v 1.720128 0.682969 -0.82162
v 1.720721 0.672254 -0.82672
v 1.719422 0.672245 -0.826501
v 1.719235 0.675812 -0.826056
v 1.720429 0.676835 -0.825596
v 1.720726 0.675962 -0.826262
v 1.724677 0.675812 -0.826056
v 1.724504 0.672212 -0.826313
v 1.723317 0.67222 -0.826553
v 1.723311 0.675962 -0.826262
v 1.723563 0.676835 -0.825596
v 1.723353 0.679948 -0.824425
v 1.723643 0.683663 -0.82181
v 1.723857 0.683284 -0.82172
v 1.723549 0.679557 -0.824372
v 1.725312 0.679557 -0.824372
v 1.724276 0.679557 -0.824372
v 1.724917 0.683172 -0.821708
v 1.725874 0.683134 -0.8217
v 1.724922 0.691834 -0.812677
v 1.724589 0.692028 -0.813136
v 1.724933 0.695275 -0.809784
v 1.725308 0.695066 -0.809437
v 1.725164 0.697401 -0.805133
v 1.725249 0.694558 -0.803595
v 1.725764 0.698733 -0.80003
v 1.725642 0.697388 -0.804569
v 1.727602 0.698726 -0.800006
v 1.729314 0.698722 -0.799972
v 1.729355 0.697219 -0.804448
v 1.727692 0.697237 -0.80449
v 1.729477 0.694407 -0.808944
v 1.729645 0.691081 -0.812437
v 1.728428 0.691112 -0.812489
v 1.728085 0.694345 -0.809214
v 1.726204 0.69137 -0.81267
v 1.726849 0.69404 -0.810245
v 1.727479 0.691215 -0.81263
v 1.726831 0.688647 -0.814848
v 1.728102 0.679557 -0.824372
v 1.727649 0.683132 -0.821698
v 1.728587 0.683135 -0.821698
v 1.729138 0.679557 -0.824372
v 1.729575 0.683128 -0.82168
v 1.730398 0.683134 -0.821681
v 1.730588 0.679557 -0.824372
v 1.729865 0.679557 -0.824372
v 1.728736 0.675812 -0.826056
v 1.729851 0.676835 -0.825596
v 1.730575 0.675812 -0.826056
v 1.730572 0.672212 -0.826313
v 1.72891 0.672212 -0.826313
v 1.734365 0.690682 -0.812112
v 1.733153 0.691074 -0.812383
v 1.733529 0.694392 -0.808837
v 1.734944 0.694134 -0.808397
v 1.733738 0.697739 -0.804746
v 1.733704 0.699176 -0.799937
v 1.735057 0.698274 -0.801373
v 1.735156 0.696643 -0.805483
v 1.735307 0.689394 -0.811272
v 1.73579 0.693545 -0.807353
v 1.736156 0.695205 -0.802641
v 1.73619 0.688032 -0.803619
v 1.735495 0.684755 -0.81184
v 1.733308 0.674962 -0.823251
v 1.732248 0.672212 -0.826313
v 1.732245 0.675812 -0.826056
v 1.733249 0.679007 -0.823112
v 1.732232 0.679557 -0.824372
v 1.732421 0.683142 -0.821688
v 1.733033 0.682255 -0.821993
v 1.715082 0.638294 -0.7812
v 1.714673 0.638294 -0.764162
v 1.712791 0.638294 -0.7812
v 1.721072 0.656119 -0.823458
v 1.721072 0.661555 -0.826726
v 1.721609 0.661251 -0.826772
v 1.721609 0.655797 -0.823557
v 1.721259 0.646843 -0.812693
v 1.721163 0.643116 -0.807235
v 1.720704 0.644414 -0.809172
v 1.723379 0.646919 -0.812202
v 1.7233 0.643165 -0.80678
v 1.722841 0.643116 -0.807235
v 1.722937 0.646843 -0.812693
v 1.723667 0.656085 -0.823291
v 1.723287 0.655797 -0.823557
v 1.723287 0.661251 -0.826772
v 1.723667 0.661522 -0.826559
v 1.721163 0.637144 -0.795635
v 1.720704 0.637347 -0.795635
v 1.7233 0.637347 -0.795635
v 1.722841 0.637144 -0.795635
v 1.717296 0.709841 -0.781227
v 1.719118 0.707985 -0.782038
v 1.718446 0.70121 -0.784451
v 1.719703 0.701193 -0.785003
v 1.719863 0.699337 -0.789649
v 1.718693 0.703173 -0.785829
v 1.725311 0.703173 -0.785829
v 1.724141 0.699337 -0.789649
v 1.724301 0.701193 -0.785003
v 1.725558 0.70121 -0.784451
v 1.726462 0.708002 -0.781486
v 1.724886 0.707985 -0.782038
v 1.726709 0.717286 -0.781227
v 1.718671 0.697339 -0.807155
v 1.718618 0.698059 -0.802719
v 1.719792 0.698137 -0.802778
v 1.719818 0.697322 -0.807707
v 1.719339 0.692272 -0.814807
v 1.718902 0.695213 -0.811805
v 1.719967 0.695196 -0.812357
v 1.720294 0.692339 -0.815263
v 1.720775 0.684708 -0.821956
v 1.721409 0.685128 -0.822097
v 1.721617 0.681771 -0.824669
v 1.721089 0.68138 -0.824616
v 1.720783 0.672258 -0.827467
v 1.720787 0.676512 -0.827014
v 1.72126 0.676663 -0.82722
v 1.721259 0.672259 -0.827671
v 1.723372 0.676512 -0.827014
v 1.723379 0.672251 -0.827431
v 1.722937 0.672259 -0.827671
v 1.722932 0.676663 -0.82722
v 1.723636 0.68138 -0.824616
v 1.723263 0.681771 -0.824669
v 1.723446 0.685337 -0.822255
v 1.723923 0.684981 -0.822162
v 1.724933 0.695213 -0.811805
v 1.72465 0.692272 -0.814807
v 1.723728 0.692339 -0.815263
v 1.723867 0.695196 -0.812357
v 1.725164 0.697339 -0.807155
v 1.724016 0.697322 -0.807707
v 1.72407 0.698135 -0.802777
v 1.725234 0.698078 -0.803388
v 1.719097 0.638294 -0.7812
v 1.720085 0.638294 -0.778102
v 1.72381 0.638091 -0.7812
v 1.724834 0.638294 -0.7812
v 1.72392 0.638294 -0.778102
v 1.730648 0.638294 -0.7812
v 1.729002 0.638294 -0.764162
v 1.72858 0.638294 -0.7812
v 1.723171 0.637144 -0.7812
v 1.72381 0.637347 -0.7812
v 1.723242 0.637347 -0.778102
v 1.720833 0.637144 -0.7812
v 1.720085 0.637347 -0.778102
v 1.709242 1.035636 -0.787731
v 1.706543 1.021223 -0.787683
v 1.706543 1.035925 -0.72342
v 1.714597 1.035636 -0.787731
v 1.717296 1.035925 -0.778102
v 1.729069 1.035636 -0.787731
v 1.726709 1.035925 -0.778102
v 1.733751 1.035636 -0.787731
v 1.736111 1.035925 -0.778102
v 1.736111 1.021223 -0.787683
v 1.708343 0.977452 -0.791865
v 1.710438 0.977196 -0.793314
v 1.710138 0.97384 -0.786205
v 1.706543 0.974786 -0.778102
v 1.706543 0.992628 -0.787587
v 1.707146 0.977959 -0.788989
v 1.709542 0.971963 -0.780817
v 1.7137 0.971963 -0.786205
v 1.7134 0.977196 -0.793314
v 1.716024 0.977196 -0.793314
v 1.716627 0.971018 -0.786205
v 1.718268 0.977196 -0.793314
v 1.719399 0.974761 -0.789705
v 1.71774 0.971018 -0.786205
v 1.714296 0.966365 -0.780817
v 1.71722 0.967311 -0.783533
v 1.715203 0.95015 -0.778102
v 1.725133 0.970993 -0.786989
v 1.724605 0.977172 -0.794099
v 1.725661 0.977196 -0.793314
v 1.726189 0.971018 -0.786205
v 1.727754 0.977196 -0.793314
v 1.730115 0.977196 -0.793314
v 1.729853 0.971963 -0.786205
v 1.727227 0.971018 -0.786205
v 1.726181 0.963519 -0.781602
v 1.726708 0.967311 -0.783533
v 1.729331 0.966365 -0.780817
v 1.726709 0.94668 -0.778102
v 1.734538 0.977452 -0.791865
v 1.732967 0.97384 -0.786205
v 1.732705 0.977196 -0.793314
v 1.735584 0.977959 -0.788989
v 1.736111 0.992628 -0.787587
v 1.750066 0.972369 -0.778102
v 1.733489 0.971963 -0.780817
v 1.716024 1.008421 -0.824726
v 1.7134 1.008421 -0.824726
v 1.7137 1.019949 -0.823706
v 1.716627 1.019949 -0.823706
v 1.71722 1.024838 -0.821318
v 1.714296 1.029806 -0.818892
v 1.714597 1.035063 -0.806835
v 1.717296 1.034775 -0.816465
v 1.718268 1.008421 -0.824726
v 1.71774 1.019949 -0.823706
v 1.719399 1.014956 -0.826918
v 1.710438 1.008421 -0.824726
v 1.708343 1.012117 -0.822604
v 1.710138 1.019949 -0.823706
v 1.707146 1.01945 -0.818394
v 1.706543 1.022501 -0.806691
v 1.709242 1.035063 -0.806835
v 1.709542 1.029806 -0.818892
v 1.707146 0.984255 -0.805199
v 1.706543 0.99758 -0.806405
v 1.707146 0.998904 -0.817408
v 1.707749 0.987529 -0.814583
v 1.708343 0.996578 -0.820417
v 1.710438 0.995406 -0.821934
v 1.710438 0.987727 -0.816988
v 1.708343 0.987627 -0.815775
v 1.708343 0.982741 -0.803093
v 1.708343 0.986527 -0.812293
v 1.710438 0.985508 -0.809965
v 1.710438 0.981979 -0.802031
v 1.716024 0.981979 -0.802031
v 1.7134 0.981979 -0.802031
v 1.7134 0.985508 -0.809965
v 1.716024 0.985508 -0.809965
v 1.7134 0.987727 -0.816988
v 1.7134 0.995406 -0.821934
v 1.716024 0.995406 -0.821934
v 1.716024 0.987727 -0.816988
v 1.718268 0.995406 -0.821934
v 1.719399 0.988822 -0.821312
v 1.718268 0.987727 -0.816988
v 1.718268 0.981979 -0.802031
v 1.718268 0.985508 -0.809965
v 1.719399 0.984365 -0.80721
v 1.726542 1.032165 -0.816762
v 1.729069 1.035063 -0.806835
v 1.729331 1.029806 -0.818892
v 1.726708 1.024838 -0.821318
v 1.729853 1.019949 -0.823706
v 1.730115 1.008421 -0.824726
v 1.727754 1.008421 -0.824726
v 1.727227 1.019949 -0.823706
v 1.725133 1.020056 -0.824294
v 1.726189 1.019949 -0.823706
v 1.725661 1.008421 -0.824726
v 1.724605 1.008396 -0.82551
v 1.725661 0.981979 -0.802031
v 1.724605 0.981954 -0.802816
v 1.724605 0.985484 -0.81075
v 1.725661 0.985508 -0.809965
v 1.724605 0.987703 -0.817772
v 1.724605 0.995382 -0.822719
v 1.725661 0.995406 -0.821934
v 1.725661 0.987727 -0.816988
v 1.727754 0.995406 -0.821934
v 1.730115 0.995406 -0.821934
v 1.730115 0.987727 -0.816988
v 1.727754 0.987727 -0.816988
v 1.727754 0.981979 -0.802031
v 1.727754 0.985508 -0.809965
v 1.730115 0.985508 -0.809965
v 1.730115 0.981979 -0.802031
v 1.735584 1.01945 -0.818394
v 1.733489 1.029806 -0.818892
v 1.733751 1.035063 -0.806835
v 1.736111 1.022501 -0.806691
v 1.734538 1.012117 -0.822604
v 1.732705 1.008421 -0.824726
v 1.732967 1.019949 -0.823706
v 1.734538 0.982741 -0.803093
v 1.732705 0.981979 -0.802031
v 1.732705 0.985508 -0.809965
v 1.734538 0.986527 -0.812293
v 1.732705 0.987727 -0.816988
v 1.732705 0.995406 -0.821934
v 1.734538 0.996578 -0.820417
v 1.734538 0.987627 -0.815775
v 1.735584 0.984255 -0.805199
v 1.735057 0.987529 -0.814583
v 1.735584 0.998904 -0.817408
v 1.736111 0.99758 -0.806405
v 1.719399 0.974713 -0.791261
v 1.720706 0.9771 -0.79644
v 1.720443 0.970921 -0.78933
v 1.719921 0.963446 -0.783943
v 1.717296 0.949012 -0.777858
v 1.726709 0.946584 -0.781227
v 1.724083 0.963446 -0.783943
v 1.726181 0.96347 -0.783158
v 1.725133 0.970945 -0.788545
v 1.723561 0.970921 -0.78933
v 1.723298 0.9771 -0.79644
v 1.724605 0.977124 -0.795655
v 1.717345 1.03566 -0.816451
v 1.720357 1.036175 -0.816187
v 1.720443 1.020376 -0.826047
v 1.720706 1.008324 -0.827851
v 1.719399 1.014908 -0.828474
v 1.720706 0.987631 -0.820113
v 1.719399 0.988774 -0.822868
v 1.720706 0.99531 -0.82506
v 1.720706 0.985412 -0.813091
v 1.720706 0.981882 -0.805157
v 1.719399 0.984317 -0.808767
v 1.725133 1.020269 -0.825459
v 1.724605 1.008348 -0.827067
v 1.723298 1.008324 -0.827851
v 1.723561 1.020376 -0.826047
v 1.724517 1.036222 -0.81637
v 1.726486 1.035606 -0.816844
v 1.724605 0.985436 -0.812306
v 1.724605 0.981906 -0.804372
v 1.723298 0.981882 -0.805157
v 1.723298 0.985412 -0.813091
v 1.724605 0.987655 -0.819329
v 1.723298 0.987631 -0.820113
v 1.723298 0.99531 -0.82506
v 1.724605 0.995334 -0.824275
v 1.724346 1.037623 -0.787731
v 1.726709 1.037912 -0.778102
v 1.719658 1.037623 -0.787731
v 1.717296 1.037912 -0.778102
v 1.791703 0.638294 -0.34695
v 1.791703 1.035925 -0.34695
v 1.791703 0.974785 -0.34695
v 1.791703 0.888264 -0.34695
v 1.791703 0.79053 -0.34695
v 1.791703 0.699433 -0.34695
v 1.706543 1.035925 -0.564795
v 1.791703 1.035925 -0.564795
v 1.706543 0.638294 -0.564795
v 1.791703 0.638294 -0.564795
v 1.791703 0.974785 -0.564795
v 1.791703 0.888264 -0.564795
v 1.791703 0.79053 -0.564795
v 1.791703 0.699433 -0.564795
v 1.706543 0.974785 -0.564795
v 1.706543 0.699433 -0.564795
v 1.717296 0.638294 -0.564795
v 1.717296 1.035925 -0.564795
v 1.726709 0.638294 -0.564795
v 1.726709 1.035925 -0.564795
v 1.736111 0.638294 -0.564795
v 1.736111 1.035925 -0.564795
v 1.706543 0.79053 -0.564795
v 1.706543 0.888264 -0.564795
v 1.717296 0.638294 -0.425841
v 1.726709 0.638294 -0.425841
v 1.717296 1.037912 -0.564795
v 1.726709 1.037912 -0.564795
v 1.707318 0.826544 -0.338088
v 1.708474 0.829989 -0.324875
v 1.709104 0.810106 -0.324875
v 1.707987 0.80112 -0.338088
v 1.709941 0.802496 -0.324875
v 1.712129 0.79677 -0.324875
v 1.711005 0.791197 -0.338088
v 1.708208 0.799118 -0.338088
v 1.706876 0.822745 -0.343145
v 1.707878 0.798764 -0.33934
v 1.710302 0.787325 -0.343145
v 1.706543 0.79053 -0.34695
v 1.706876 0.856049 -0.343145
v 1.706543 0.888264 -0.34695
v 1.710302 0.891254 -0.343145
v 1.707878 0.88003 -0.33934
v 1.711005 0.887504 -0.338088
v 1.712129 0.882023 -0.324875
v 1.709941 0.876298 -0.324875
v 1.708208 0.879676 -0.338088
v 1.707318 0.85225 -0.338088
v 1.707987 0.877674 -0.338088
v 1.709104 0.868688 -0.324875
v 1.708474 0.848805 -0.324875
v 1.716938 0.882023 -0.324875
v 1.714199 0.882023 -0.324875
v 1.713833 0.889824 -0.338088
v 1.717216 0.891569 -0.338088
v 1.713966 0.896657 -0.343145
v 1.717296 0.907608 -0.34695
v 1.717404 0.893836 -0.33934
v 1.718508 0.882023 -0.324875
v 1.717629 0.891569 -0.338088
v 1.719566 0.884654 -0.333344
v 1.713833 0.788755 -0.338088
v 1.714199 0.79677 -0.324875
v 1.716938 0.79677 -0.324875
v 1.717216 0.786917 -0.338088
v 1.718508 0.79677 -0.324875
v 1.719689 0.796741 -0.323936
v 1.718884 0.786888 -0.337149
v 1.717629 0.786917 -0.338088
v 1.713966 0.781636 -0.343145
v 1.717404 0.78455 -0.33934
v 1.717978 0.777327 -0.342206
v 1.717296 0.752072 -0.34695
v 1.725331 0.882023 -0.324875
v 1.724389 0.884654 -0.333344
v 1.726257 0.891569 -0.338088
v 1.726709 0.907608 -0.34695
v 1.732206 0.900722 -0.343145
v 1.726486 0.893836 -0.33934
v 1.726796 0.882023 -0.324875
v 1.726642 0.891569 -0.338088
v 1.730795 0.891569 -0.338088
v 1.72926 0.882023 -0.324875
v 1.725086 0.786888 -0.337149
v 1.724229 0.796741 -0.323936
v 1.725331 0.79677 -0.324875
v 1.726257 0.786917 -0.338088
v 1.726796 0.79677 -0.324875
v 1.72926 0.79677 -0.324875
v 1.730795 0.786917 -0.338088
v 1.726642 0.786917 -0.338088
v 1.726012 0.777327 -0.342206
v 1.726486 0.78455 -0.33934
v 1.732206 0.777356 -0.343145
v 1.726709 0.752072 -0.34695
v 1.732983 0.876298 -0.324875
v 1.731071 0.882023 -0.324875
v 1.734759 0.891569 -0.338088
v 1.738326 0.885487 -0.338088
v 1.738881 0.900722 -0.343145
v 1.761506 0.931947 -0.34695
v 1.744489 0.861237 -0.343145
v 1.739852 0.887753 -0.33934
v 1.733716 0.868688 -0.324875
v 1.738519 0.883485 -0.338088
v 1.739104 0.854478 -0.338088
v 1.734266 0.848805 -0.324875
v 1.734759 0.786917 -0.338088
v 1.731071 0.79677 -0.324875
v 1.732983 0.802496 -0.324875
v 1.738326 0.793 -0.338088
v 1.733716 0.810106 -0.324875
v 1.734266 0.829989 -0.324875
v 1.739104 0.824009 -0.338088
v 1.738519 0.795002 -0.338088
v 1.738881 0.777356 -0.343145
v 1.739852 0.790632 -0.33934
v 1.744489 0.816841 -0.343145
v 1.761501 0.746482 -0.346652
v 1.710146 0.812535 -0.312371
v 1.709568 0.830769 -0.312371
v 1.711209 0.831593 -0.299158
v 1.711748 0.814957 -0.299158
v 1.712297 0.831909 -0.294101
v 1.714316 0.832146 -0.290297
v 1.714075 0.815747 -0.294101
v 1.712017 0.815153 -0.297906
v 1.710913 0.805556 -0.312371
v 1.711925 0.813347 -0.299158
v 1.713755 0.808453 -0.299158
v 1.712919 0.800305 -0.312371
v 1.711209 0.847201 -0.299158
v 1.709568 0.848025 -0.312371
v 1.710146 0.866259 -0.312371
v 1.711748 0.863837 -0.299158
v 1.710913 0.873238 -0.312371
v 1.712919 0.878488 -0.312371
v 1.713755 0.870341 -0.299158
v 1.711925 0.865447 -0.299158
v 1.712297 0.846885 -0.294101
v 1.712017 0.863641 -0.297906
v 1.714075 0.863046 -0.294101
v 1.714316 0.846648 -0.290297
v 1.715472 0.870341 -0.299158
v 1.714818 0.878488 -0.312371
v 1.71733 0.878488 -0.312371
v 1.717744 0.870341 -0.299158
v 1.71877 0.878488 -0.312371
v 1.719976 0.8758 -0.302024
v 1.719046 0.870341 -0.299158
v 1.720142 0.857529 -0.289358
v 1.719232 0.846648 -0.290297
v 1.719152 0.863046 -0.294101
v 1.715723 0.863046 -0.294101
v 1.717903 0.863046 -0.294101
v 1.718022 0.846648 -0.290297
v 1.715911 0.846648 -0.290297
v 1.720026 0.808424 -0.298219
v 1.719853 0.800277 -0.311432
v 1.71877 0.800305 -0.312371
v 1.719046 0.808453 -0.299158
v 1.71733 0.800305 -0.312371
v 1.714818 0.800305 -0.312371
v 1.715472 0.808453 -0.299158
v 1.717744 0.808453 -0.299158
v 1.715723 0.815747 -0.294101
v 1.715911 0.832146 -0.290297
v 1.718022 0.832146 -0.290297
v 1.717903 0.815747 -0.294101
v 1.719152 0.815747 -0.294101
v 1.719232 0.832146 -0.290297
v 1.720142 0.821206 -0.289358
v 1.723856 0.8758 -0.302024
v 1.725027 0.878488 -0.312371
v 1.724706 0.870341 -0.299158
v 1.72637 0.878488 -0.312371
v 1.72863 0.878488 -0.312371
v 1.727965 0.870341 -0.299158
v 1.725921 0.870341 -0.299158
v 1.72771 0.863046 -0.294101
v 1.727518 0.846648 -0.290297
v 1.725619 0.846648 -0.290297
v 1.725749 0.863046 -0.294101
v 1.723705 0.863017 -0.293162
v 1.724583 0.863046 -0.294101
v 1.72449 0.846648 -0.290297
v 1.723641 0.846619 -0.289358
v 1.727965 0.808453 -0.299158
v 1.72863 0.800305 -0.312371
v 1.72637 0.800305 -0.312371
v 1.725921 0.808453 -0.299158
v 1.725027 0.800305 -0.312371
v 1.724016 0.800277 -0.311432
v 1.723791 0.808424 -0.298219
v 1.724706 0.808453 -0.299158
v 1.723705 0.815718 -0.293162
v 1.723641 0.832117 -0.289358
v 1.72449 0.832146 -0.290297
v 1.724583 0.815747 -0.294101
v 1.72771 0.815747 -0.294101
v 1.725749 0.815747 -0.294101
v 1.725619 0.832146 -0.290297
v 1.727518 0.832146 -0.290297
v 1.729466 0.870341 -0.299158
v 1.730291 0.878488 -0.312371
v 1.732045 0.873238 -0.312371
v 1.731067 0.865447 -0.299158
v 1.732716 0.866259 -0.312371
v 1.733221 0.848025 -0.312371
v 1.731693 0.847201 -0.299158
v 1.731222 0.863837 -0.299158
v 1.729151 0.863046 -0.294101
v 1.730977 0.863641 -0.297906
v 1.730706 0.846885 -0.294101
v 1.728913 0.846648 -0.290297
v 1.732045 0.805556 -0.312371
v 1.730291 0.800305 -0.312371
v 1.729466 0.808453 -0.299158
v 1.731067 0.813347 -0.299158
v 1.729151 0.815747 -0.294101
v 1.728913 0.832146 -0.290297
v 1.730706 0.831909 -0.294101
v 1.730977 0.815153 -0.297906
v 1.732716 0.812535 -0.312371
v 1.731222 0.814957 -0.299158
v 1.731693 0.831593 -0.299158
v 1.733221 0.830769 -0.312371
v 1.720391 0.900625 -0.340019
v 1.717296 0.907512 -0.343824
v 1.720747 0.891473 -0.334962
v 1.721053 0.881927 -0.32175
v 1.719566 0.884616 -0.332097
v 1.719689 0.796703 -0.322689
v 1.721053 0.796674 -0.32175
v 1.720747 0.786821 -0.334962
v 1.718884 0.78685 -0.335901
v 1.717978 0.777289 -0.340958
v 1.720391 0.77726 -0.340019
v 1.717296 0.751976 -0.343824
v 1.724389 0.884616 -0.332097
v 1.722865 0.881927 -0.32175
v 1.723223 0.891473 -0.334962
v 1.723598 0.900625 -0.340019
v 1.726709 0.907512 -0.343824
v 1.726709 0.751976 -0.343824
v 1.723598 0.77726 -0.340019
v 1.726012 0.777289 -0.340958
v 1.724229 0.796703 -0.322689
v 1.725086 0.78685 -0.335901
v 1.723223 0.786821 -0.334962
v 1.722865 0.796674 -0.32175
v 1.719976 0.875761 -0.300776
v 1.721104 0.878392 -0.309245
v 1.721157 0.870244 -0.296033
v 1.721178 0.86295 -0.290976
v 1.721193 0.846551 -0.287171
v 1.720142 0.857491 -0.28811
v 1.721178 0.815651 -0.290976
v 1.720142 0.821168 -0.28811
v 1.721193 0.83205 -0.287171
v 1.719853 0.800238 -0.310184
v 1.720026 0.808386 -0.296971
v 1.721157 0.808357 -0.296033
v 1.721104 0.800209 -0.309245
v 1.723705 0.862979 -0.291915
v 1.723641 0.84658 -0.28811
v 1.72259 0.846551 -0.287171
v 1.72262 0.86295 -0.290976
v 1.72266 0.870244 -0.296033
v 1.722766 0.878392 -0.309245
v 1.723856 0.875761 -0.300776
v 1.723791 0.808386 -0.296971
v 1.724016 0.800238 -0.310184
v 1.722766 0.800209 -0.309245
v 1.72266 0.808357 -0.296033
v 1.723705 0.81568 -0.291915
v 1.72262 0.815651 -0.290976
v 1.72259 0.83205 -0.287171
v 1.723641 0.832079 -0.28811
v 1.709749 0.639887 -0.329955
v 1.710961 0.63939 -0.327479
v 1.710416 0.638294 -0.332514
v 1.708424 0.638294 -0.343852
v 1.706543 0.638294 -0.385441
v 1.706543 0.652137 -0.341493
v 1.707231 0.641709 -0.339017
v 1.712859 0.638294 -0.332514
v 1.712878 0.63939 -0.327479
v 1.714692 0.63939 -0.327479
v 1.714776 0.638294 -0.332514
v 1.720704 0.638294 -0.329417
v 1.719346 0.638294 -0.332514
v 1.719414 0.63939 -0.327479
v 1.724504 0.63939 -0.327479
v 1.724575 0.638294 -0.332514
v 1.7233 0.638294 -0.329417
v 1.728839 0.638294 -0.332514
v 1.72891 0.63939 -0.327479
v 1.730572 0.63939 -0.327479
v 1.730588 0.638294 -0.332514
v 1.733308 0.639887 -0.329955
v 1.732724 0.638294 -0.332514
v 1.732248 0.63939 -0.327479
v 1.734466 0.638294 -0.343852
v 1.73551 0.641709 -0.339017
v 1.736111 0.652256 -0.341343
v 1.745997 0.638141 -0.347042
v 1.714692 0.643398 -0.32039
v 1.712878 0.643398 -0.32039
v 1.71292 0.647268 -0.31502
v 1.714727 0.647275 -0.315005
v 1.713075 0.65742 -0.302459
v 1.713075 0.662773 -0.29894
v 1.714854 0.662808 -0.298868
v 1.714854 0.657455 -0.302388
v 1.719449 0.662936 -0.298607
v 1.720783 0.662667 -0.29849
v 1.720783 0.657297 -0.301955
v 1.719449 0.657583 -0.302126
v 1.719414 0.643398 -0.32039
v 1.719422 0.647303 -0.314949
v 1.720704 0.644476 -0.3179
v 1.711003 0.647268 -0.31502
v 1.710961 0.643398 -0.32039
v 1.709749 0.645717 -0.32059
v 1.709791 0.650084 -0.314599
v 1.707231 0.654204 -0.321324
v 1.706543 0.663262 -0.321525
v 1.707266 0.665679 -0.313042
v 1.707961 0.657576 -0.313478
v 1.711158 0.65742 -0.302459
v 1.709904 0.657463 -0.30547
v 1.709911 0.663396 -0.301966
v 1.711158 0.662773 -0.29894
v 1.724504 0.643398 -0.32039
v 1.7233 0.643348 -0.319935
v 1.723317 0.647194 -0.314646
v 1.724504 0.64727 -0.315137
v 1.723379 0.657141 -0.302735
v 1.723379 0.662512 -0.29927
v 1.724504 0.662782 -0.299482
v 1.724504 0.657429 -0.303001
v 1.72891 0.662782 -0.299482
v 1.730572 0.662782 -0.299482
v 1.730572 0.657429 -0.303001
v 1.72891 0.657429 -0.303001
v 1.72891 0.643398 -0.32039
v 1.72891 0.64727 -0.315137
v 1.730572 0.64727 -0.315137
v 1.730572 0.643398 -0.32039
v 1.733308 0.645717 -0.32059
v 1.732248 0.643398 -0.32039
v 1.732248 0.64727 -0.315137
v 1.733308 0.650086 -0.314715
v 1.732248 0.657429 -0.303001
v 1.732248 0.662782 -0.299482
v 1.733308 0.663404 -0.302413
v 1.733308 0.65747 -0.305896
v 1.73551 0.654204 -0.321324
v 1.734908 0.657578 -0.313595
v 1.73551 0.665681 -0.313138
v 1.736111 0.663288 -0.321492
v 1.709475 0.699433 -0.338528
v 1.707858 0.699252 -0.339051
v 1.709293 0.699761 -0.343174
v 1.706825 0.698591 -0.340969
v 1.706543 0.688479 -0.341493
v 1.706543 0.699433 -0.34695
v 1.708625 0.700961 -0.346139
v 1.716228 0.699433 -0.338528
v 1.714363 0.699433 -0.338528
v 1.714545 0.700961 -0.343174
v 1.71651 0.701289 -0.343174
v 1.715213 0.706554 -0.346139
v 1.717296 0.709938 -0.34695
v 1.71726 0.706226 -0.345329
v 1.718164 0.699433 -0.338528
v 1.717917 0.701289 -0.343174
v 1.718446 0.701272 -0.342621
v 1.718693 0.699433 -0.338528
v 1.725804 0.699433 -0.338528
v 1.725311 0.699337 -0.339257
v 1.725558 0.701272 -0.342621
v 1.726051 0.701289 -0.343174
v 1.726462 0.708065 -0.345587
v 1.726709 0.717382 -0.34695
v 1.72853 0.706673 -0.345989
v 1.726708 0.706226 -0.345329
v 1.727611 0.699433 -0.338528
v 1.727365 0.701289 -0.343174
v 1.729113 0.700987 -0.343141
v 1.729273 0.699433 -0.338528
v 1.734683 0.699587 -0.342547
v 1.733515 0.699587 -0.338711
v 1.733706 0.699881 -0.343024
v 1.736111 0.700255 -0.345919
v 1.73429 0.701518 -0.34544
v 1.740597 0.708423 -0.346048
v 1.736111 0.689036 -0.340794
v 1.709607 0.695292 -0.31582
v 1.709873 0.691961 -0.312372
v 1.708509 0.691416 -0.31267
v 1.708036 0.69485 -0.31628
v 1.707452 0.689643 -0.313591
v 1.707229 0.684871 -0.313101
v 1.706543 0.687926 -0.321525
v 1.706806 0.695187 -0.322292
v 1.707102 0.693812 -0.317399
v 1.709476 0.69808 -0.319969
v 1.707871 0.696835 -0.319327
v 1.707847 0.698418 -0.324097
v 1.709457 0.69912 -0.324727
v 1.710761 0.683298 -0.303341
v 1.710979 0.679557 -0.300679
v 1.710063 0.68241 -0.303019
v 1.710965 0.675812 -0.298995
v 1.711003 0.67221 -0.298622
v 1.709784 0.67496 -0.301705
v 1.709816 0.67904 -0.301931
v 1.714884 0.675812 -0.298995
v 1.714727 0.672217 -0.298607
v 1.71292 0.67221 -0.298622
v 1.712874 0.675812 -0.298995
v 1.713689 0.676835 -0.299455
v 1.71286 0.679557 -0.300679
v 1.713064 0.683137 -0.303463
v 1.714 0.682982 -0.303422
v 1.713673 0.679557 -0.300679
v 1.715588 0.679557 -0.300679
v 1.714471 0.679557 -0.300679
v 1.715125 0.682616 -0.303117
v 1.716147 0.6825 -0.303046
v 1.715201 0.691483 -0.311993
v 1.713795 0.691961 -0.312372
v 1.714062 0.695292 -0.31582
v 1.715639 0.694717 -0.31525
v 1.714232 0.697419 -0.32047
v 1.714322 0.698734 -0.32502
v 1.716186 0.698734 -0.32502
v 1.716046 0.697419 -0.32047
v 1.718123 0.69873 -0.325023
v 1.718632 0.694555 -0.321459
v 1.718673 0.697425 -0.3199
v 1.718171 0.69737 -0.320494
v 1.71928 0.692045 -0.311903
v 1.718946 0.691483 -0.311993
v 1.718545 0.694735 -0.315242
v 1.718903 0.695292 -0.315255
v 1.716423 0.689732 -0.310607
v 1.717123 0.692513 -0.312935
v 1.717789 0.689732 -0.310607
v 1.717091 0.687085 -0.308511
v 1.718578 0.679557 -0.300679
v 1.718049 0.682497 -0.303048
v 1.719058 0.68261 -0.303122
v 1.719681 0.679557 -0.300679
v 1.720497 0.683418 -0.303427
v 1.720806 0.679948 -0.300627
v 1.720442 0.679557 -0.300679
v 1.720128 0.682969 -0.303432
v 1.720721 0.672254 -0.298331
v 1.719422 0.672245 -0.298551
v 1.719235 0.675812 -0.298995
v 1.720429 0.676835 -0.299455
v 1.720726 0.675962 -0.29879
v 1.724677 0.675812 -0.298995
v 1.724504 0.672212 -0.298738
v 1.723317 0.67222 -0.298498
v 1.723311 0.675962 -0.29879
v 1.723563 0.676835 -0.299455
v 1.723353 0.679948 -0.300627
v 1.723643 0.683663 -0.303241
v 1.723857 0.683284 -0.303332
v 1.723549 0.679557 -0.300679
v 1.725312 0.679557 -0.300679
v 1.724276 0.679557 -0.300679
v 1.724917 0.683172 -0.303343
v 1.725874 0.683134 -0.303351
v 1.724922 0.691834 -0.312374
v 1.724589 0.692028 -0.311916
v 1.724933 0.695275 -0.315268
v 1.725308 0.695066 -0.315615
v 1.725164 0.697401 -0.319918
v 1.725249 0.694558 -0.321456
v 1.725764 0.698733 -0.325021
v 1.725642 0.697388 -0.320482
v 1.727602 0.698726 -0.325046
v 1.729314 0.698722 -0.32508
v 1.729355 0.697219 -0.320603
v 1.727692 0.697237 -0.320561
v 1.729477 0.694407 -0.316107
v 1.729645 0.691081 -0.312615
v 1.728428 0.691112 -0.312562
v 1.728085 0.694345 -0.315837
v 1.726204 0.69137 -0.312382
v 1.726849 0.69404 -0.314807
v 1.727479 0.691215 -0.312421
v 1.726831 0.688647 -0.310203
v 1.728102 0.679557 -0.300679
v 1.727649 0.683132 -0.303353
v 1.728587 0.683135 -0.303354
v 1.729138 0.679557 -0.300679
v 1.729575 0.683128 -0.303372
v 1.730398 0.683134 -0.30337
v 1.730588 0.679557 -0.300679
v 1.729865 0.679557 -0.300679
v 1.728736 0.675812 -0.298995
v 1.729851 0.676835 -0.299455
v 1.730575 0.675812 -0.298995
v 1.730572 0.672212 -0.298738
v 1.72891 0.672212 -0.298738
v 1.734365 0.690682 -0.31294
v 1.733153 0.691074 -0.312668
v 1.733529 0.694392 -0.316214
v 1.734944 0.694134 -0.316655
v 1.733738 0.697739 -0.320306
v 1.733704 0.699176 -0.325115
v 1.735057 0.698274 -0.323679
v 1.735156 0.696643 -0.319569
v 1.735307 0.689394 -0.31378
v 1.73579 0.693545 -0.317698
v 1.736156 0.695205 -0.322411
v 1.73619 0.688032 -0.321433
v 1.735494 0.684755 -0.313211
v 1.733308 0.674962 -0.3018
v 1.732248 0.672212 -0.298738
v 1.732245 0.675812 -0.298995
v 1.733249 0.679007 -0.301939
v 1.732232 0.679557 -0.300679
v 1.732421 0.683142 -0.303364
v 1.733033 0.682255 -0.303058
v 1.715082 0.638294 -0.343852
v 1.714672 0.638294 -0.360889
v 1.712791 0.638294 -0.343852
v 1.721072 0.656119 -0.301593
v 1.721072 0.661555 -0.298325
v 1.721609 0.661251 -0.29828
v 1.721609 0.655797 -0.301494
v 1.721259 0.646843 -0.312358
v 1.721163 0.643116 -0.317817
v 1.720704 0.644414 -0.315879
v 1.723379 0.646919 -0.312849
v 1.7233 0.643165 -0.318271
v 1.722841 0.643116 -0.317817
v 1.722937 0.646843 -0.312358
v 1.723667 0.656085 -0.301761
v 1.723287 0.655797 -0.301494
v 1.723287 0.661251 -0.29828
v 1.723667 0.661522 -0.298492
v 1.721163 0.637144 -0.329417
v 1.720704 0.637347 -0.329417
v 1.7233 0.637347 -0.329417
v 1.722841 0.637144 -0.329417
v 1.717296 0.709841 -0.343824
v 1.719118 0.707985 -0.343014
v 1.718446 0.70121 -0.3406
v 1.719703 0.701193 -0.340048
v 1.719863 0.699337 -0.335402
v 1.718693 0.703173 -0.339223
v 1.725311 0.703173 -0.339223
v 1.724141 0.699337 -0.335402
v 1.724301 0.701193 -0.340048
v 1.725558 0.70121 -0.3406
v 1.726462 0.708002 -0.343566
v 1.724886 0.707985 -0.343014
v 1.726709 0.717286 -0.343824
v 1.718671 0.697339 -0.317896
v 1.718618 0.698059 -0.322332
v 1.719792 0.698137 -0.322274
v 1.719818 0.697322 -0.317344
v 1.719339 0.692272 -0.310245
v 1.718902 0.695213 -0.313247
v 1.719967 0.695196 -0.312695
v 1.720294 0.692339 -0.309788
v 1.720775 0.684708 -0.303096
v 1.721409 0.685128 -0.302954
v 1.721616 0.681771 -0.300383
v 1.721089 0.68138 -0.300435
v 1.720783 0.672258 -0.297584
v 1.720787 0.676512 -0.298037
v 1.72126 0.676663 -0.297832
v 1.721259 0.672259 -0.29738
v 1.723372 0.676512 -0.298037
v 1.723379 0.672251 -0.29762
v 1.722937 0.672259 -0.29738
v 1.722932 0.676663 -0.297832
v 1.723636 0.68138 -0.300435
v 1.723263 0.681771 -0.300383
v 1.723446 0.685337 -0.302796
v 1.723923 0.684981 -0.302889
v 1.724933 0.695213 -0.313247
v 1.72465 0.692272 -0.310245
v 1.723728 0.692339 -0.309788
v 1.723867 0.695196 -0.312695
v 1.725164 0.697339 -0.317897
v 1.724016 0.697322 -0.317344
v 1.72407 0.698135 -0.322275
v 1.725234 0.698078 -0.321663
v 1.719097 0.638294 -0.343852
v 1.720085 0.638294 -0.34695
v 1.72381 0.638091 -0.343852
v 1.724834 0.638294 -0.343852
v 1.72392 0.638294 -0.34695
v 1.730647 0.638294 -0.343852
v 1.729002 0.638294 -0.360889
v 1.72858 0.638294 -0.343852
v 1.723171 0.637144 -0.343852
v 1.72381 0.637347 -0.343852
v 1.723242 0.637347 -0.34695
v 1.720833 0.637144 -0.343852
v 1.720085 0.637347 -0.34695
v 1.709242 1.035636 -0.33732
v 1.706543 1.021223 -0.337368
v 1.706543 1.035925 -0.401632
v 1.714597 1.035636 -0.33732
v 1.717296 1.035925 -0.34695
v 1.729069 1.035636 -0.33732
v 1.726709 1.035925 -0.34695
v 1.733751 1.035636 -0.33732
v 1.736111 1.035925 -0.34695
v 1.736111 1.021223 -0.337368
v 1.708343 0.977452 -0.333187
v 1.710438 0.977196 -0.331737
v 1.710138 0.97384 -0.338847
v 1.706543 0.974786 -0.34695
v 1.706543 0.992628 -0.337464
v 1.707146 0.977959 -0.336063
v 1.709542 0.971963 -0.344234
v 1.7137 0.971963 -0.338847
v 1.7134 0.977196 -0.331737
v 1.716024 0.977196 -0.331737
v 1.716627 0.971018 -0.338847
v 1.718268 0.977196 -0.331737
v 1.719399 0.974761 -0.335347
v 1.71774 0.971018 -0.338847
v 1.714296 0.966365 -0.344234
v 1.71722 0.967311 -0.341519
v 1.715203 0.95015 -0.34695
v 1.725133 0.970993 -0.338062
v 1.724605 0.977172 -0.330953
v 1.725661 0.977196 -0.331737
v 1.726189 0.971018 -0.338847
v 1.727754 0.977196 -0.331737
v 1.730115 0.977196 -0.331737
v 1.729852 0.971963 -0.338847
v 1.727227 0.971018 -0.338847
v 1.726181 0.963519 -0.34345
v 1.726708 0.967311 -0.341519
v 1.729331 0.966365 -0.344234
v 1.726709 0.94668 -0.34695
v 1.734538 0.977452 -0.333187
v 1.732967 0.97384 -0.338847
v 1.732705 0.977196 -0.331737
v 1.735584 0.977959 -0.336063
v 1.736111 0.992628 -0.337464
v 1.750066 0.972369 -0.34695
v 1.733489 0.971963 -0.344234
v 1.716024 1.008421 -0.300326
v 1.7134 1.008421 -0.300326
v 1.7137 1.019949 -0.301345
v 1.716627 1.019949 -0.301345
v 1.71722 1.024838 -0.303733
v 1.714296 1.029806 -0.30616
v 1.714597 1.035063 -0.318216
v 1.717296 1.034775 -0.308587
v 1.718268 1.008421 -0.300326
v 1.71774 1.019949 -0.301345
v 1.719399 1.014956 -0.298134
v 1.710438 1.008421 -0.300326
v 1.708343 1.012117 -0.302448
v 1.710138 1.019949 -0.301345
v 1.707146 1.01945 -0.306657
v 1.706543 1.022501 -0.31836
v 1.709242 1.035063 -0.318216
v 1.709542 1.029806 -0.30616
v 1.707146 0.984255 -0.319852
v 1.706543 0.99758 -0.318646
v 1.707146 0.998904 -0.307644
v 1.707749 0.987529 -0.310469
v 1.708343 0.996578 -0.304634
v 1.710438 0.995406 -0.303117
v 1.710438 0.987727 -0.308064
v 1.708343 0.987627 -0.309276
v 1.708343 0.982741 -0.321958
v 1.708343 0.986527 -0.312759
v 1.710438 0.985508 -0.315086
v 1.710438 0.981979 -0.32302
v 1.716024 0.981979 -0.32302
v 1.7134 0.981979 -0.32302
v 1.7134 0.985508 -0.315086
v 1.716024 0.985508 -0.315086
v 1.7134 0.987727 -0.308064
v 1.7134 0.995406 -0.303117
v 1.716024 0.995406 -0.303117
v 1.716024 0.987727 -0.308064
v 1.718268 0.995406 -0.303117
v 1.719399 0.988822 -0.30374
v 1.718268 0.987727 -0.308064
v 1.718268 0.981979 -0.32302
v 1.718268 0.985508 -0.315086
v 1.719399 0.984365 -0.317841
v 1.726542 1.032165 -0.30829
v 1.729069 1.035063 -0.318216
v 1.729331 1.029806 -0.30616
v 1.726708 1.024838 -0.303733
v 1.729852 1.019949 -0.301345
v 1.730115 1.008421 -0.300326
v 1.727754 1.008421 -0.300326
v 1.727227 1.019949 -0.301345
v 1.725133 1.020056 -0.300758
v 1.726189 1.019949 -0.301345
v 1.725661 1.008421 -0.300326
v 1.724605 1.008396 -0.299541
v 1.725661 0.981979 -0.32302
v 1.724605 0.981954 -0.322236
v 1.724605 0.985484 -0.314302
v 1.725661 0.985508 -0.315086
v 1.724605 0.987703 -0.307279
v 1.724605 0.995382 -0.302333
v 1.725661 0.995406 -0.303117
v 1.725661 0.987727 -0.308064
v 1.727754 0.995406 -0.303117
v 1.730115 0.995406 -0.303117
v 1.730115 0.987727 -0.308064
v 1.727754 0.987727 -0.308064
v 1.727754 0.981979 -0.32302
v 1.727754 0.985508 -0.315086
v 1.730115 0.985508 -0.315086
v 1.730115 0.981979 -0.32302
v 1.735584 1.01945 -0.306657
v 1.733489 1.029806 -0.30616
v 1.733751 1.035063 -0.318216
v 1.736111 1.022501 -0.31836
v 1.734538 1.012117 -0.302448
v 1.732705 1.008421 -0.300326
v 1.732967 1.019949 -0.301345
v 1.734538 0.982741 -0.321958
v 1.732705 0.981979 -0.32302
v 1.732705 0.985508 -0.315086
v 1.734538 0.986527 -0.312759
v 1.732705 0.987727 -0.308064
v 1.732705 0.995406 -0.303117
v 1.734538 0.996578 -0.304634
v 1.734538 0.987627 -0.309276
v 1.735584 0.984255 -0.319852
v 1.735057 0.987529 -0.310469
v 1.735584 0.998904 -0.307644
v 1.736111 0.99758 -0.318646
v 1.719399 0.974713 -0.333791
v 1.720706 0.9771 -0.328612
v 1.720443 0.970921 -0.335721
v 1.719921 0.963446 -0.341109
v 1.717296 0.949012 -0.347194
v 1.726709 0.946584 -0.343824
v 1.724083 0.963446 -0.341109
v 1.726181 0.96347 -0.341893
v 1.725133 0.970945 -0.336506
v 1.723561 0.970921 -0.335721
v 1.723298 0.9771 -0.328612
v 1.724605 0.977124 -0.329396
v 1.717345 1.03566 -0.3086
v 1.720357 1.036175 -0.308864
v 1.720443 1.020376 -0.299004
v 1.720706 1.008324 -0.2972
v 1.719399 1.014908 -0.296578
v 1.720706 0.987631 -0.304938
v 1.719399 0.988774 -0.302183
v 1.720706 0.99531 -0.299992
v 1.720706 0.985412 -0.311961
v 1.720706 0.981882 -0.319895
v 1.719399 0.984317 -0.316285
v 1.725133 1.020269 -0.299592
v 1.724605 1.008348 -0.297985
v 1.723298 1.008324 -0.2972
v 1.723561 1.020376 -0.299004
v 1.724517 1.036222 -0.308682
v 1.726486 1.035606 -0.308208
v 1.724605 0.985436 -0.312745
v 1.724605 0.981906 -0.320679
v 1.723298 0.981882 -0.319895
v 1.723298 0.985412 -0.311961
v 1.724605 0.987655 -0.305723
v 1.723298 0.987631 -0.304938
v 1.723298 0.99531 -0.299992
v 1.724605 0.995334 -0.300776
v 1.724346 1.037623 -0.33732
v 1.726709 1.037912 -0.34695
v 1.719658 1.037623 -0.33732
v 1.717296 1.037912 -0.34695
v 1.814928 0.959274 -0.551194
v 1.802552 0.975283 -0.551194
v 1.786383 0.983947 -0.551194
v 1.777632 0.985062 -0.551194
v 1.768881 0.983947 -0.551194
v 1.752712 0.975283 -0.551194
v 1.821625 0.938141 -0.553402
v 1.819073 0.948816 -0.555526
v 1.814928 0.958655 -0.557483
v 1.809349 0.967279 -0.559198
v 1.802552 0.974356 -0.560606
v 1.794797 0.979615 -0.561652
v 1.786383 0.982853 -0.562296
v 1.777632 0.983947 -0.562514
v 1.768881 0.982853 -0.562296
v 1.760467 0.979615 -0.561652
v 1.752712 0.974356 -0.560606
v 1.745915 0.967279 -0.559198
v 1.740337 0.958655 -0.557483
v 1.736192 0.948816 -0.555526
v 1.733639 0.938141 -0.553402
v 1.821625 0.937497 -0.555526
v 1.819073 0.947553 -0.559691
v 1.814928 0.956821 -0.56353
v 1.809349 0.964944 -0.566895
v 1.802552 0.971611 -0.569656
v 1.794797 0.976564 -0.571708
v 1.786383 0.979615 -0.572972
v 1.777632 0.980645 -0.573399
v 1.768881 0.979615 -0.572972
v 1.760467 0.976564 -0.571708
v 1.752712 0.971611 -0.569656
v 1.745915 0.964944 -0.566895
v 1.740337 0.956821 -0.56353
v 1.736192 0.947553 -0.559691
v 1.733639 0.937497 -0.555526
v 1.821625 0.93645 -0.557483
v 1.819073 0.945501 -0.56353
v 1.814928 0.953842 -0.569103
v 1.809349 0.961153 -0.573988
v 1.802552 0.967152 -0.577997
v 1.794797 0.971611 -0.580976
v 1.786383 0.974356 -0.582811
v 1.777632 0.975283 -0.58343
v 1.768881 0.974356 -0.582811
v 1.760467 0.971611 -0.580976
v 1.752712 0.967152 -0.577997
v 1.745915 0.961153 -0.573988
v 1.740337 0.953842 -0.569103
v 1.736192 0.945501 -0.56353
v 1.733639 0.93645 -0.557483
v 1.821625 0.935043 -0.559198
v 1.819073 0.942739 -0.566895
v 1.814928 0.949833 -0.573988
v 1.809349 0.95605 -0.580206
v 1.802552 0.961153 -0.585308
v 1.794797 0.964944 -0.5891
v 1.786383 0.967279 -0.591434
v 1.777632 0.968067 -0.592223
v 1.768881 0.967279 -0.591434
v 1.760467 0.964944 -0.5891
v 1.752712 0.961153 -0.585308
v 1.745915 0.95605 -0.580206
v 1.740337 0.949833 -0.573988
v 1.736192 0.942739 -0.566895
v 1.733639 0.935043 -0.559198
v 1.821625 0.933327 -0.560606
v 1.819073 0.939375 -0.569656
v 1.814928 0.944948 -0.577997
v 1.809349 0.949833 -0.585308
v 1.802552 0.953842 -0.591308
v 1.794797 0.956821 -0.595766
v 1.786383 0.958655 -0.598512
v 1.777632 0.959274 -0.599439
v 1.768881 0.958655 -0.598512
v 1.760467 0.956821 -0.595766
v 1.752712 0.953842 -0.591308
v 1.745915 0.949833 -0.585308
v 1.740337 0.944948 -0.577997
v 1.736192 0.939375 -0.569656
v 1.733639 0.933327 -0.560606
v 1.822487 0.927038 -0.551194
v 1.821625 0.93137 -0.561652
v 1.819073 0.935536 -0.571708
v 1.814928 0.939375 -0.580976
v 1.809349 0.942739 -0.5891
v 1.802552 0.945501 -0.595766
v 1.794797 0.947553 -0.60072
v 1.786383 0.948816 -0.603771
v 1.777632 0.949243 -0.604801
v 1.768881 0.948816 -0.603771
v 1.760467 0.947553 -0.60072
v 1.752712 0.945501 -0.595766
v 1.745915 0.942739 -0.5891
v 1.740337 0.939375 -0.580976
v 1.736192 0.935536 -0.571708
v 1.733639 0.93137 -0.561652
v 1.821625 0.929247 -0.562296
v 1.819073 0.93137 -0.572972
v 1.814928 0.933327 -0.582811
v 1.809349 0.935043 -0.591434
v 1.802552 0.93645 -0.598512
v 1.794797 0.937497 -0.603771
v 1.786383 0.938141 -0.607009
v 1.777632 0.938358 -0.608103
v 1.768881 0.938141 -0.607009
v 1.760467 0.937497 -0.603771
v 1.752712 0.93645 -0.598512
v 1.745915 0.935043 -0.591434
v 1.740337 0.933327 -0.582811
v 1.736192 0.93137 -0.572972
v 1.733639 0.929247 -0.562296
v 1.821625 0.927038 -0.562514
v 1.819073 0.927038 -0.573399
v 1.814928 0.927038 -0.58343
v 1.809349 0.927038 -0.592223
v 1.802552 0.927038 -0.599439
v 1.794797 0.927038 -0.604801
v 1.786383 0.927038 -0.608103
v 1.777632 0.927038 -0.609217
v 1.768881 0.927038 -0.608103
v 1.760467 0.927038 -0.604801
v 1.752712 0.927038 -0.599439
v 1.745915 0.927038 -0.592223
v 1.740337 0.927038 -0.58343
v 1.736192 0.927038 -0.573399
v 1.733639 0.927038 -0.562514
v 1.821625 0.92483 -0.562296
v 1.819073 0.922706 -0.572972
v 1.814928 0.920749 -0.582811
v 1.809349 0.919034 -0.591434
v 1.802552 0.917626 -0.598512
v 1.794797 0.91658 -0.603771
v 1.786383 0.915936 -0.607009
v 1.777632 0.915719 -0.608103
v 1.768881 0.915936 -0.607009
v 1.760467 0.91658 -0.603771
v 1.752712 0.917626 -0.598512
v 1.745915 0.919034 -0.591434
v 1.740337 0.920749 -0.582811
v 1.736192 0.922706 -0.572972
v 1.733639 0.92483 -0.562296
v 1.821625 0.922706 -0.561652
v 1.819073 0.918541 -0.571708
v 1.814928 0.914702 -0.580976
v 1.809349 0.911337 -0.5891
v 1.802552 0.908576 -0.595766
v 1.794797 0.906524 -0.60072
v 1.786383 0.90526 -0.603771
v 1.777632 0.904834 -0.604801
v 1.768881 0.90526 -0.603771
v 1.760467 0.906524 -0.60072
v 1.752712 0.908576 -0.595766
v 1.745915 0.911337 -0.5891
v 1.740337 0.914702 -0.580976
v 1.736192 0.918541 -0.571708
v 1.733639 0.922706 -0.561652
v 1.821625 0.920749 -0.560606
v 1.819073 0.914702 -0.569656
v 1.814928 0.909129 -0.577997
v 1.809349 0.904244 -0.585308
v 1.802552 0.900235 -0.591308
v 1.794797 0.897256 -0.595766
v 1.786383 0.895422 -0.598512
v 1.777632 0.894802 -0.599439
v 1.768881 0.895422 -0.598512
v 1.760467 0.897256 -0.595766
v 1.752712 0.900235 -0.591308
v 1.745915 0.904244 -0.585308
v 1.740337 0.909129 -0.577997
v 1.736192 0.914702 -0.569656
v 1.733639 0.920749 -0.560606
v 1.821625 0.919034 -0.559198
v 1.819073 0.911337 -0.566895
v 1.814928 0.904244 -0.573988
v 1.809349 0.898027 -0.580206
v 1.802552 0.892924 -0.585308
v 1.794797 0.889133 -0.5891
v 1.786383 0.886798 -0.591434
v 1.777632 0.88601 -0.592223
v 1.768881 0.886798 -0.591434
v 1.760467 0.889133 -0.5891
v 1.752712 0.892924 -0.585308
v 1.745915 0.898027 -0.580206
v 1.740337 0.904244 -0.573988
v 1.736192 0.911337 -0.566895
v 1.733639 0.919034 -0.559198
v 1.821625 0.917626 -0.557483
v 1.819073 0.908576 -0.56353
v 1.814928 0.900235 -0.569103
v 1.809349 0.892924 -0.573988
v 1.802552 0.886924 -0.577997
v 1.794797 0.882466 -0.580976
v 1.786383 0.879721 -0.582811
v 1.777632 0.878794 -0.58343
v 1.768881 0.879721 -0.582811
v 1.760467 0.882466 -0.580976
v 1.752712 0.886924 -0.577997
v 1.745915 0.892924 -0.573988
v 1.740337 0.900235 -0.569103
v 1.736192 0.908576 -0.56353
v 1.733639 0.917626 -0.557483
v 1.821625 0.91658 -0.555526
v 1.819073 0.906524 -0.559691
v 1.814928 0.897256 -0.56353
v 1.809349 0.889133 -0.566895
v 1.802552 0.882466 -0.569656
v 1.794797 0.877512 -0.571708
v 1.786383 0.874462 -0.572972
v 1.777632 0.873432 -0.573399
v 1.768881 0.874462 -0.572972
v 1.760467 0.877512 -0.571708
v 1.752712 0.882466 -0.569656
v 1.745915 0.889133 -0.566895
v 1.740337 0.897256 -0.56353
v 1.736192 0.906524 -0.559691
v 1.733639 0.91658 -0.555526
v 1.821625 0.915936 -0.553402
v 1.819073 0.90526 -0.555526
v 1.814928 0.895422 -0.557483
v 1.809349 0.886798 -0.559198
v 1.802552 0.879721 -0.560606
v 1.794797 0.874462 -0.561652
v 1.786383 0.871223 -0.562296
v 1.777632 0.87013 -0.562514
v 1.768881 0.871223 -0.562296
v 1.760467 0.874462 -0.561652
v 1.752712 0.879721 -0.560606
v 1.745915 0.886798 -0.559198
v 1.740337 0.895422 -0.557483
v 1.736192 0.905261 -0.555526
v 1.733639 0.915936 -0.553402
v 1.821625 0.915719 -0.551194
v 1.819073 0.904834 -0.551194
v 1.814928 0.894802 -0.551194
v 1.809349 0.88601 -0.551194
v 1.802552 0.878794 -0.551194
v 1.794797 0.873432 -0.551194
v 1.786383 0.87013 -0.551194
v 1.777632 0.869015 -0.551194
v 1.768881 0.87013 -0.551194
v 1.760467 0.873432 -0.551194
v 1.752712 0.878794 -0.551194
v 1.745915 0.88601 -0.551194
v 1.740337 0.894802 -0.551194
v 1.736192 0.904834 -0.551194
v 1.733639 0.915719 -0.551194
v 1.821625 0.915936 -0.548986
v 1.819073 0.90526 -0.546862
v 1.814928 0.895422 -0.544905
v 1.809349 0.886798 -0.54319
v 1.802552 0.879721 -0.541782
v 1.794797 0.874462 -0.540736
v 1.786383 0.871223 -0.540092
v 1.777632 0.87013 -0.539874
v 1.768881 0.871223 -0.540092
v 1.760467 0.874462 -0.540736
v 1.752712 0.879721 -0.541782
v 1.745915 0.886798 -0.54319
v 1.740337 0.895422 -0.544905
v 1.736192 0.905261 -0.546862
v 1.733639 0.915936 -0.548986
v 1.821625 0.91658 -0.546862
v 1.819073 0.906524 -0.542697
v 1.814928 0.897256 -0.538858
v 1.809349 0.889133 -0.535493
v 1.802552 0.882466 -0.532732
v 1.794797 0.877512 -0.53068
v 1.786383 0.874462 -0.529416
v 1.777632 0.873432 -0.528989
v 1.768881 0.874462 -0.529416
v 1.760467 0.877512 -0.53068
v 1.752712 0.882466 -0.532732
v 1.745915 0.889133 -0.535493
v 1.740337 0.897256 -0.538858
v 1.736192 0.906524 -0.542697
v 1.733639 0.91658 -0.546862
v 1.821625 0.917626 -0.544905
v 1.819073 0.908576 -0.538858
v 1.814928 0.900235 -0.533285
v 1.809349 0.892924 -0.5284
v 1.802552 0.886924 -0.524391
v 1.794797 0.882466 -0.521412
v 1.786383 0.879721 -0.519577
v 1.777632 0.878794 -0.518958
v 1.768881 0.879721 -0.519577
v 1.760467 0.882466 -0.521412
v 1.752712 0.886924 -0.524391
v 1.745915 0.892924 -0.5284
v 1.740337 0.900235 -0.533285
v 1.736192 0.908576 -0.538858
v 1.733639 0.917626 -0.544905
v 1.821625 0.919034 -0.54319
v 1.819073 0.911337 -0.535493
v 1.814928 0.904244 -0.5284
v 1.809349 0.898027 -0.522182
v 1.802552 0.892924 -0.51708
v 1.794797 0.889133 -0.513288
v 1.786383 0.886798 -0.510954
v 1.777632 0.88601 -0.510165
v 1.768881 0.886798 -0.510954
v 1.760467 0.889133 -0.513288
v 1.752712 0.892924 -0.51708
v 1.745915 0.898027 -0.522182
v 1.740337 0.904244 -0.5284
v 1.736192 0.911337 -0.535493
v 1.733639 0.919034 -0.54319
v 1.732777 0.927038 -0.551194
v 1.821625 0.920749 -0.541782
v 1.819073 0.914702 -0.532732
v 1.814928 0.909129 -0.524391
v 1.809349 0.904244 -0.51708
v 1.802552 0.900235 -0.51108
v 1.794797 0.897256 -0.506622
v 1.786383 0.895422 -0.503876
v 1.777632 0.894802 -0.502949
v 1.768881 0.895422 -0.503876
v 1.760467 0.897256 -0.506622
v 1.752712 0.900235 -0.51108
v 1.745915 0.904244 -0.51708
v 1.740337 0.909129 -0.524391
v 1.736192 0.914702 -0.532732
v 1.733639 0.920749 -0.541782
v 1.821625 0.922706 -0.540736
v 1.819073 0.918541 -0.53068
v 1.814928 0.914702 -0.521412
v 1.809349 0.911337 -0.513288
v 1.802552 0.908576 -0.506622
v 1.794797 0.906524 -0.501668
v 1.786383 0.905261 -0.498617
v 1.777632 0.904834 -0.497587
v 1.768881 0.905261 -0.498617
v 1.760467 0.906524 -0.501668
v 1.752712 0.908576 -0.506622
v 1.745915 0.911337 -0.513288
v 1.740337 0.914702 -0.521412
v 1.736192 0.918541 -0.53068
v 1.733639 0.922706 -0.540736
v 1.821625 0.92483 -0.540092
v 1.819073 0.922706 -0.529416
v 1.814928 0.920749 -0.519577
v 1.809349 0.919034 -0.510954
v 1.802552 0.917626 -0.503876
v 1.794797 0.91658 -0.498617
v 1.786383 0.915936 -0.495379
v 1.777632 0.915719 -0.494286
v 1.768881 0.915936 -0.495379
v 1.760467 0.91658 -0.498617
v 1.752712 0.917626 -0.503876
v 1.745915 0.919034 -0.510954
v 1.740337 0.920749 -0.519577
v 1.736192 0.922706 -0.529416
v 1.733639 0.92483 -0.540092
v 1.821625 0.927038 -0.539874
v 1.819073 0.927038 -0.528989
v 1.814928 0.927038 -0.518958
v 1.809349 0.927038 -0.510165
v 1.802552 0.927038 -0.502949
v 1.794797 0.927038 -0.497587
v 1.786383 0.927038 -0.494286
v 1.777632 0.927038 -0.493171
v 1.768881 0.927038 -0.494286
v 1.760467 0.927038 -0.497587
v 1.752712 0.927038 -0.502949
v 1.745915 0.927038 -0.510165
v 1.740337 0.927038 -0.518958
v 1.736192 0.927038 -0.528989
v 1.733639 0.927038 -0.539874
v 1.821625 0.929247 -0.540092
v 1.819073 0.93137 -0.529416
v 1.814928 0.933327 -0.519577
v 1.809349 0.935043 -0.510954
v 1.802552 0.93645 -0.503876
v 1.794797 0.937497 -0.498617
v 1.786383 0.938141 -0.495379
v 1.777632 0.938358 -0.494286
v 1.768881 0.938141 -0.495379
v 1.760467 0.937497 -0.498617
v 1.752712 0.93645 -0.503876
v 1.745915 0.935043 -0.510954
v 1.740337 0.933327 -0.519577
v 1.736192 0.93137 -0.529416
v 1.733639 0.929247 -0.540092
v 1.821625 0.93137 -0.540736
v 1.819073 0.935536 -0.53068
v 1.814928 0.939375 -0.521412
v 1.809349 0.942739 -0.513288
v 1.802552 0.945501 -0.506622
v 1.794797 0.947553 -0.501668
v 1.786383 0.948816 -0.498617
v 1.777632 0.949243 -0.497587
v 1.768881 0.948816 -0.498617
v 1.760467 0.947553 -0.501668
v 1.752712 0.945501 -0.506622
v 1.745915 0.942739 -0.513288
v 1.740337 0.939375 -0.521412
v 1.736192 0.935536 -0.53068
v 1.733639 0.93137 -0.540736
v 1.821625 0.933327 -0.541782
v 1.819073 0.939375 -0.532732
v 1.814928 0.944948 -0.524391
v 1.809349 0.949833 -0.51708
v 1.802552 0.953842 -0.51108
v 1.794797 0.956821 -0.506622
v 1.786383 0.958655 -0.503876
v 1.777632 0.959274 -0.502949
v 1.768881 0.958655 -0.503876
v 1.760467 0.956821 -0.506622
v 1.752712 0.953842 -0.51108
v 1.745915 0.949833 -0.51708
v 1.740337 0.944948 -0.524391
v 1.736192 0.939375 -0.532732
v 1.733639 0.933327 -0.541782
v 1.821625 0.935043 -0.54319
v 1.819073 0.942739 -0.535493
v 1.814928 0.949833 -0.5284
v 1.809349 0.95605 -0.522182
v 1.802552 0.961153 -0.51708
v 1.794797 0.964944 -0.513288
v 1.786383 0.967279 -0.510954
v 1.777632 0.968067 -0.510165
v 1.768881 0.967279 -0.510954
v 1.760467 0.964944 -0.513288
v 1.752712 0.961153 -0.51708
v 1.745915 0.95605 -0.522182
v 1.740337 0.949833 -0.5284
v 1.736192 0.942739 -0.535493
v 1.733639 0.935043 -0.54319
v 1.821625 0.93645 -0.544905
v 1.819073 0.945501 -0.538858
v 1.814928 0.953842 -0.533285
v 1.809349 0.961153 -0.5284
v 1.802552 0.967152 -0.524391
v 1.794797 0.971611 -0.521412
v 1.786383 0.974356 -0.519577
v 1.777632 0.975283 -0.518958
v 1.768881 0.974356 -0.519577
v 1.760467 0.971611 -0.521412
v 1.752712 0.967152 -0.524391
v 1.745915 0.961153 -0.5284
v 1.740337 0.953842 -0.533285
v 1.736192 0.945501 -0.538858
v 1.733639 0.93645 -0.544905
v 1.821625 0.937497 -0.546862
v 1.819073 0.947553 -0.542697
v 1.814928 0.956821 -0.538858
v 1.809349 0.964944 -0.535493
v 1.802552 0.971611 -0.532732
v 1.794797 0.976564 -0.53068
v 1.786383 0.979615 -0.529416
v 1.777632 0.980645 -0.528989
v 1.768881 0.979615 -0.529416
v 1.760467 0.976564 -0.53068
v 1.752712 0.971611 -0.532732
v 1.745915 0.964944 -0.535493
v 1.740337 0.956821 -0.538858
v 1.736192 0.947553 -0.542697
v 1.733639 0.937497 -0.546862
v 1.821625 0.938141 -0.548986
v 1.819073 0.948816 -0.546862
v 1.814928 0.958655 -0.544905
v 1.809349 0.967279 -0.54319
v 1.802552 0.974356 -0.541782
v 1.794797 0.979615 -0.540736
v 1.786383 0.982853 -0.540092
v 1.777632 0.983947 -0.539874
v 1.768881 0.982853 -0.540092
v 1.760467 0.979615 -0.540736
v 1.752712 0.974356 -0.541782
v 1.745915 0.967279 -0.54319
v 1.740337 0.958655 -0.544905
v 1.736192 0.948816 -0.546862
v 1.733639 0.938141 -0.548986
v 1.821625 0.938358 -0.551194
v 1.819073 0.949243 -0.551194
v 1.809349 0.968067 -0.551194
v 1.794797 0.980645 -0.551194
v 1.760467 0.980645 -0.551194
v 1.745915 0.968067 -0.551194
v 1.740337 0.959274 -0.551194
v 1.736192 0.949243 -0.551194
v 1.733639 0.938358 -0.551194
v 1.781892 0.692229 -0.552178
v 1.76639 0.551311 -0.552178
v 1.781178 0.692229 -0.559426
v 1.765974 0.551311 -0.556401
v 1.779063 0.692229 -0.566395
v 1.764742 0.551311 -0.560463
v 1.77563 0.692229 -0.572818
v 1.762741 0.551311 -0.564206
v 1.77101 0.692229 -0.578448
v 1.760048 0.551311 -0.567487
v 1.76538 0.692229 -0.583069
v 1.756768 0.551311 -0.570179
v 1.758957 0.692229 -0.586502
v 1.753025 0.551311 -0.57218
v 1.751987 0.692229 -0.588616
v 1.748963 0.551311 -0.573412
v 1.744739 0.692229 -0.58933
v 1.744739 0.551311 -0.573828
v 1.737491 0.692229 -0.588616
v 1.740516 0.551311 -0.573412
v 1.730522 0.692229 -0.586502
v 1.736454 0.551311 -0.57218
v 1.724099 0.692229 -0.583069
v 1.732711 0.551311 -0.570179
v 1.718469 0.692229 -0.578448
v 1.72943 0.551311 -0.567487
v 1.713848 0.692229 -0.572818
v 1.726738 0.551311 -0.564206
v 1.710415 0.692229 -0.566395
v 1.724737 0.551311 -0.560463
v 1.708301 0.692229 -0.559426
v 1.723505 0.551311 -0.556401
v 1.707587 0.692229 -0.552178
v 1.723089 0.551311 -0.552178
v 1.708301 0.692229 -0.54493
v 1.723505 0.551311 -0.547954
v 1.710415 0.692229 -0.53796
v 1.724737 0.551311 -0.543893
v 1.713848 0.692229 -0.531537
v 1.726738 0.551311 -0.54015
v 1.718469 0.692229 -0.525907
v 1.72943 0.551311 -0.536869
v 1.724099 0.692229 -0.521287
v 1.732711 0.551311 -0.534176
v 1.730522 0.692229 -0.517854
v 1.736454 0.551311 -0.532176
v 1.737491 0.692229 -0.51574
v 1.740516 0.551311 -0.530944
v 1.744739 0.692229 -0.515026
v 1.744739 0.551311 -0.530528
v 1.751987 0.692229 -0.51574
v 1.748963 0.551311 -0.530944
v 1.758957 0.692229 -0.517854
v 1.753025 0.551311 -0.532176
v 1.76538 0.692229 -0.521287
v 1.756768 0.551311 -0.534176
v 1.77101 0.692229 -0.525907
v 1.760048 0.551311 -0.536869
v 1.77563 0.692229 -0.531537
v 1.762741 0.551311 -0.54015
v 1.779063 0.692229 -0.53796
v 1.764742 0.551311 -0.543893
v 1.781178 0.692229 -0.54493
v 1.765974 0.551311 -0.547954
v 1.781178 0.551311 -0.559426
v 1.781891 0.551311 -0.552178
v 1.779063 0.551311 -0.566395
v 1.77563 0.551311 -0.572818
v 1.77101 0.551311 -0.578448
v 1.76538 0.551311 -0.583069
v 1.758957 0.551311 -0.586502
v 1.751987 0.551311 -0.588616
v 1.744739 0.551311 -0.58933
v 1.737491 0.551311 -0.588616
v 1.730522 0.551311 -0.586502
v 1.724099 0.551311 -0.583069
v 1.718469 0.551311 -0.578448
v 1.713848 0.551311 -0.572818
v 1.710415 0.551311 -0.566395
v 1.708301 0.551311 -0.559426
v 1.707587 0.551311 -0.552178
v 1.708301 0.551311 -0.54493
v 1.710415 0.551311 -0.53796
v 1.713848 0.551311 -0.531537
v 1.718469 0.551311 -0.525907
v 1.724099 0.551311 -0.521287
v 1.730522 0.551311 -0.517854
v 1.737491 0.551311 -0.51574
v 1.744739 0.551311 -0.515026
v 1.751987 0.551311 -0.51574
v 1.758957 0.551311 -0.517854
v 1.76538 0.551311 -0.521287
v 1.77101 0.551311 -0.525907
v 1.77563 0.551311 -0.531537
v 1.779063 0.551311 -0.53796
v 1.781178 0.551311 -0.54493
v 1.781178 0.551311 -0.559426
v 1.781891 0.551311 -0.552178
v 1.779063 0.551311 -0.566395
v 1.77563 0.551311 -0.572818
v 1.77101 0.551311 -0.578448
v 1.76538 0.551311 -0.583069
v 1.758957 0.551311 -0.586502
v 1.751987 0.551311 -0.588616
v 1.744739 0.551311 -0.58933
v 1.737491 0.551311 -0.588616
v 1.730522 0.551311 -0.586502
v 1.724099 0.551311 -0.583069
v 1.718469 0.551311 -0.578448
v 1.713848 0.551311 -0.572818
v 1.710415 0.551311 -0.566395
v 1.708301 0.551311 -0.559426
v 1.707587 0.551311 -0.552178
v 1.708301 0.551311 -0.54493
v 1.710415 0.551311 -0.53796
v 1.713848 0.551311 -0.531537
v 1.718469 0.551311 -0.525907
v 1.724099 0.551311 -0.521287
v 1.730522 0.551311 -0.517854
v 1.737491 0.551311 -0.51574
v 1.744739 0.551311 -0.515026
v 1.751987 0.551311 -0.51574
v 1.758957 0.551311 -0.517854
v 1.76538 0.551311 -0.521287
v 1.77101 0.551311 -0.525907
v 1.77563 0.551311 -0.531537
v 1.779063 0.551311 -0.53796
v 1.781178 0.551311 -0.54493
v 1.765974 0.551311 -0.556401
v 1.76639 0.551311 -0.552178
v 1.764742 0.551311 -0.560463
v 1.762741 0.551311 -0.564206
v 1.760048 0.551311 -0.567487
v 1.756768 0.551311 -0.570179
v 1.753025 0.551311 -0.57218
v 1.748963 0.551311 -0.573412
v 1.744739 0.551311 -0.573828
v 1.740516 0.551311 -0.573412
v 1.736454 0.551311 -0.57218
v 1.732711 0.551311 -0.570179
v 1.72943 0.551311 -0.567487
v 1.726738 0.551311 -0.564206
v 1.724737 0.551311 -0.560463
v 1.723505 0.551311 -0.556401
v 1.723089 0.551311 -0.552178
v 1.723505 0.551311 -0.547954
v 1.724737 0.551311 -0.543893
v 1.726738 0.551311 -0.54015
v 1.72943 0.551311 -0.536869
v 1.732711 0.551311 -0.534176
v 1.736454 0.551311 -0.532176
v 1.740516 0.551311 -0.530944
v 1.744739 0.551311 -0.530528
v 1.748963 0.551311 -0.530944
v 1.753025 0.551311 -0.532176
v 1.756768 0.551311 -0.534176
v 1.760048 0.551311 -0.536869
v 1.762741 0.551311 -0.54015
v 1.764742 0.551311 -0.543893
v 1.765974 0.551311 -0.547954
v 1.765973 0.095645 -0.556401
v 1.766389 0.095645 -0.552178
v 1.764741 0.095645 -0.560463
v 1.762741 0.095645 -0.564206
v 1.760048 0.095645 -0.567487
v 1.756767 0.095645 -0.570179
v 1.753024 0.095645 -0.57218
v 1.748963 0.095645 -0.573412
v 1.744739 0.095645 -0.573828
v 1.740515 0.095645 -0.573412
v 1.736454 0.095645 -0.57218
v 1.732711 0.095645 -0.570179
v 1.72943 0.095645 -0.567487
v 1.726738 0.095645 -0.564206
v 1.724737 0.095645 -0.560463
v 1.723505 0.095645 -0.556401
v 1.723089 0.095645 -0.552178
v 1.723505 0.095645 -0.547954
v 1.724737 0.095645 -0.543893
v 1.726738 0.095645 -0.54015
v 1.72943 0.095645 -0.536869
v 1.732711 0.095645 -0.534176
v 1.736454 0.095645 -0.532176
v 1.740515 0.095645 -0.530944
v 1.744739 0.095645 -0.530528
v 1.748963 0.095645 -0.530944
v 1.753024 0.095645 -0.532176
v 1.756767 0.095645 -0.534176
v 1.760048 0.095645 -0.536869
v 1.762741 0.095645 -0.54015
v 1.764741 0.095645 -0.543893
v 1.765973 0.095645 -0.547954
v 1.781892 0.703913 -0.552178
v 1.781178 0.703913 -0.559426
v 1.779063 0.703913 -0.566395
v 1.77563 0.703913 -0.572818
v 1.77101 0.703913 -0.578448
v 1.76538 0.703913 -0.583069
v 1.758957 0.703913 -0.586502
v 1.751987 0.703913 -0.588616
v 1.744739 0.703913 -0.58933
v 1.737491 0.703913 -0.588616
v 1.730522 0.703913 -0.586502
v 1.724099 0.703913 -0.583069
v 1.718469 0.703913 -0.578448
v 1.713848 0.703913 -0.572818
v 1.710415 0.703913 -0.566395
v 1.708301 0.703913 -0.559426
v 1.707587 0.703913 -0.552178
v 1.708301 0.703913 -0.54493
v 1.710415 0.703913 -0.53796
v 1.713848 0.703913 -0.531537
v 1.718469 0.703913 -0.525907
v 1.724099 0.703913 -0.521287
v 1.730522 0.703913 -0.517854
v 1.737491 0.703913 -0.51574
v 1.744739 0.703913 -0.515026
v 1.751987 0.703913 -0.51574
v 1.758957 0.703913 -0.517854
v 1.76538 0.703913 -0.521287
v 1.77101 0.703913 -0.525907
v 1.77563 0.703913 -0.531537
v 1.779063 0.703913 -0.53796
v 1.781178 0.703913 -0.54493
v 1.784782 0.638718 -0.551896
v 1.784016 0.638718 -0.559666
v 1.78175 0.638718 -0.567138
v 1.778069 0.638718 -0.574024
v 1.773116 0.638718 -0.580059
v 1.76708 0.638718 -0.585013
v 1.760195 0.638718 -0.588693
v 1.752723 0.638718 -0.59096
v 1.744953 0.638718 -0.591725
v 1.737182 0.638718 -0.59096
v 1.729711 0.638718 -0.588693
v 1.722825 0.638718 -0.585013
v 1.716789 0.638718 -0.580059
v 1.711836 0.638718 -0.574024
v 1.708156 0.638718 -0.567138
v 1.705889 0.638718 -0.559666
v 1.705124 0.638718 -0.551896
v 1.705889 0.638718 -0.544126
v 1.708156 0.638718 -0.536654
v 1.711836 0.638718 -0.529769
v 1.716789 0.638718 -0.523733
v 1.722825 0.638718 -0.51878
v 1.729711 0.638718 -0.515099
v 1.737182 0.638718 -0.512833
v 1.744953 0.638718 -0.512067
v 1.752723 0.638718 -0.512833
v 1.760195 0.638718 -0.515099
v 1.76708 0.638718 -0.51878
v 1.773116 0.638718 -0.523733
v 1.778069 0.638718 -0.529769
v 1.78175 0.638718 -0.536654
v 1.784016 0.638718 -0.544126
v 1.784781 0.627008 -0.551896
v 1.784016 0.627008 -0.559666
v 1.78175 0.627008 -0.567138
v 1.778069 0.627008 -0.574024
v 1.773116 0.627008 -0.580059
v 1.76708 0.627008 -0.585013
v 1.760195 0.627008 -0.588693
v 1.752723 0.627008 -0.59096
v 1.744953 0.627008 -0.591725
v 1.737182 0.627008 -0.59096
v 1.729711 0.627008 -0.588693
v 1.722825 0.627008 -0.585013
v 1.716789 0.627008 -0.580059
v 1.711836 0.627008 -0.574024
v 1.708156 0.627008 -0.567138
v 1.705889 0.627008 -0.559666
v 1.705124 0.627008 -0.551896
v 1.705889 0.627008 -0.544126
v 1.708156 0.627008 -0.536654
v 1.711836 0.627008 -0.529769
v 1.716789 0.627008 -0.523733
v 1.722825 0.627008 -0.51878
v 1.729711 0.627008 -0.515099
v 1.737182 0.627008 -0.512833
v 1.744953 0.627008 -0.512067
v 1.752723 0.627008 -0.512833
v 1.760195 0.627008 -0.515099
v 1.76708 0.627008 -0.51878
v 1.773116 0.627008 -0.523733
v 1.778069 0.627008 -0.529769
v 1.78175 0.627008 -0.536654
v 1.784016 0.627008 -0.544126
v 1.781891 0.570057 -0.552178
v 1.781178 0.570057 -0.559426
v 1.779063 0.570057 -0.566395
v 1.77563 0.570057 -0.572818
v 1.77101 0.570057 -0.578448
v 1.76538 0.570057 -0.583069
v 1.758957 0.570057 -0.586502
v 1.751987 0.570057 -0.588616
v 1.744739 0.570057 -0.58933
v 1.737491 0.570057 -0.588616
v 1.730522 0.570057 -0.586502
v 1.724099 0.570057 -0.583069
v 1.718469 0.570057 -0.578448
v 1.713848 0.570057 -0.572818
v 1.710415 0.570057 -0.566395
v 1.708301 0.570057 -0.559426
v 1.707587 0.570057 -0.552178
v 1.708301 0.570057 -0.54493
v 1.710415 0.570057 -0.53796
v 1.713848 0.570057 -0.531537
v 1.718469 0.570057 -0.525907
v 1.724099 0.570057 -0.521287
v 1.730522 0.570057 -0.517854
v 1.737491 0.570057 -0.51574
v 1.744739 0.570057 -0.515026
v 1.751987 0.570057 -0.51574
v 1.758957 0.570057 -0.517854
v 1.76538 0.570057 -0.521287
v 1.77101 0.570057 -0.525907
v 1.77563 0.570057 -0.531537
v 1.779063 0.570057 -0.53796
v 1.781178 0.570057 -0.54493
v 1.746124 0.674133 -0.803807
v 1.74245 0.677884 -0.804434
v 1.737675 0.679914 -0.804774
v 1.734986 0.680175 -0.804817
v 1.747505 0.668736 -0.803363
v 1.74675 0.671512 -0.804413
v 1.746124 0.673741 -0.805257
v 1.744409 0.675695 -0.805997
v 1.74245 0.677298 -0.806604
v 1.740067 0.678489 -0.807055
v 1.737675 0.679223 -0.807332
v 1.734986 0.679471 -0.807426
v 1.747505 0.668535 -0.803769
v 1.74675 0.671053 -0.80534
v 1.746124 0.673074 -0.806602
v 1.744409 0.674846 -0.807709
v 1.74245 0.6763 -0.808617
v 1.740067 0.677381 -0.809292
v 1.737675 0.678046 -0.809707
v 1.734986 0.678271 -0.809848
v 1.747505 0.668395 -0.803952
v 1.74675 0.670613 -0.806023
v 1.746156 0.671942 -0.808071
v 1.744409 0.67368 -0.809222
v 1.74245 0.674929 -0.810397
v 1.740067 0.675857 -0.811269
v 1.737675 0.676428 -0.811807
v 1.734986 0.676621 -0.811988
v 1.747519 0.667685 -0.804614
v 1.74675 0.669408 -0.806968
v 1.746063 0.671232 -0.808598
v 1.744409 0.672241 -0.81048
v 1.74245 0.673237 -0.811875
v 1.740067 0.673977 -0.812912
v 1.737675 0.674432 -0.81355
v 1.734986 0.674586 -0.813766
v 1.747505 0.667525 -0.804651
v 1.74675 0.668746 -0.807354
v 1.746124 0.669726 -0.809527
v 1.744409 0.670584 -0.811432
v 1.74245 0.671288 -0.812995
v 1.740067 0.671812 -0.814156
v 1.737675 0.672134 -0.814871
v 1.734986 0.672243 -0.815113
v 1.746706 0.666321 -0.802541
v 1.747505 0.667096 -0.804795
v 1.74675 0.667766 -0.807685
v 1.746124 0.668303 -0.810007
v 1.744409 0.668773 -0.812042
v 1.74245 0.669159 -0.813713
v 1.740067 0.669446 -0.814954
v 1.737675 0.669623 -0.815718
v 1.734986 0.669683 -0.815976
v 1.747505 0.666647 -0.804854
v 1.74675 0.666741 -0.807818
v 1.746124 0.666814 -0.8102
v 1.744409 0.666878 -0.812288
v 1.74245 0.666931 -0.814002
v 1.740067 0.66697 -0.815275
v 1.737675 0.666994 -0.816059
v 1.734986 0.667002 -0.816324
v 1.747505 0.666196 -0.804823
v 1.74675 0.665709 -0.807748
v 1.746124 0.665316 -0.810099
v 1.744409 0.664972 -0.812159
v 1.74245 0.664689 -0.81385
v 1.740067 0.664479 -0.815107
v 1.737675 0.66435 -0.81588
v 1.734986 0.664306 -0.816142
v 1.747505 0.665759 -0.804705
v 1.74675 0.664711 -0.807479
v 1.746124 0.663867 -0.809707
v 1.744409 0.663127 -0.811661
v 1.74245 0.66252 -0.813264
v 1.740067 0.662069 -0.814456
v 1.737675 0.661791 -0.815189
v 1.734986 0.661697 -0.815437
v 1.747473 0.665611 -0.804562
v 1.74675 0.66388 -0.807101
v 1.746239 0.66219 -0.808613
v 1.744409 0.661415 -0.810813
v 1.74245 0.660507 -0.812267
v 1.740067 0.659832 -0.813347
v 1.737675 0.659416 -0.814012
v 1.734986 0.659276 -0.814237
v 1.747505 0.664995 -0.804228
v 1.74675 0.662922 -0.806249
v 1.746201 0.661547 -0.808343
v 1.744409 0.659901 -0.809646
v 1.74245 0.658727 -0.810895
v 1.740067 0.657854 -0.811823
v 1.737675 0.657317 -0.812395
v 1.734986 0.657135 -0.812588
v 1.747505 0.664697 -0.803887
v 1.74675 0.662284 -0.805609
v 1.746124 0.660345 -0.806994
v 1.744409 0.658644 -0.808207
v 1.74245 0.657249 -0.809203
v 1.740067 0.656212 -0.809943
v 1.737675 0.655573 -0.810399
v 1.734986 0.655358 -0.810552
v 1.747505 0.664471 -0.803495
v 1.74675 0.661769 -0.804713
v 1.746124 0.659596 -0.805692
v 1.744409 0.657692 -0.80655
v 1.74245 0.656129 -0.807255
v 1.740067 0.654968 -0.807778
v 1.737675 0.654252 -0.808101
v 1.734986 0.654011 -0.808209
v 1.747505 0.664327 -0.803066
v 1.74675 0.661439 -0.803733
v 1.746124 0.659117 -0.804269
v 1.744409 0.657081 -0.80474
v 1.74245 0.655411 -0.805126
v 1.740067 0.65417 -0.805413
v 1.737675 0.653405 -0.805589
v 1.734986 0.653147 -0.805649
v 1.747505 0.664269 -0.802617
v 1.74675 0.661306 -0.802707
v 1.746124 0.658924 -0.80278
v 1.744409 0.656836 -0.802845
v 1.74245 0.655122 -0.802897
v 1.740067 0.653849 -0.802937
v 1.737675 0.653065 -0.802961
v 1.734986 0.6528 -0.802969
v 1.747505 0.664299 -0.802165
v 1.74675 0.661375 -0.801675
v 1.746124 0.659025 -0.801283
v 1.744409 0.656964 -0.800938
v 1.74245 0.655273 -0.800656
v 1.740067 0.654017 -0.800446
v 1.737675 0.653243 -0.800316
v 1.734986 0.652982 -0.800273
v 1.747505 0.664417 -0.801728
v 1.74675 0.661645 -0.800677
v 1.746124 0.659416 -0.799833
v 1.744409 0.657463 -0.799093
v 1.74245 0.655859 -0.798486
v 1.740067 0.654668 -0.798035
v 1.737675 0.653934 -0.797758
v 1.734986 0.653687 -0.797664
v 1.747505 0.664618 -0.801323
v 1.74675 0.662104 -0.79975
v 1.746124 0.660083 -0.798488
v 1.744409 0.658311 -0.797381
v 1.74245 0.656857 -0.796473
v 1.740067 0.655777 -0.795798
v 1.737675 0.655111 -0.795383
v 1.734986 0.654887 -0.795242
v 1.747505 0.664722 -0.801095
v 1.746776 0.662657 -0.799012
v 1.746254 0.661603 -0.797267
v 1.744409 0.659477 -0.795868
v 1.74245 0.658228 -0.794693
v 1.740067 0.6573 -0.793821
v 1.737675 0.656729 -0.793283
v 1.734986 0.656536 -0.793102
v 1.747505 0.665404 -0.800606
v 1.74675 0.66369 -0.798148
v 1.746152 0.662298 -0.796634
v 1.744409 0.660917 -0.79461
v 1.74245 0.659921 -0.793215
v 1.740067 0.659181 -0.792178
v 1.737675 0.658725 -0.791539
v 1.734986 0.658571 -0.791324
v 1.747505 0.665628 -0.800441
v 1.74675 0.664411 -0.797736
v 1.746124 0.663432 -0.795563
v 1.744409 0.662573 -0.793658
v 1.74245 0.661869 -0.792095
v 1.740067 0.661345 -0.790934
v 1.737675 0.661023 -0.790219
v 1.734986 0.660914 -0.789977
v 1.747505 0.666056 -0.800296
v 1.74675 0.665391 -0.797405
v 1.746124 0.664854 -0.795083
v 1.744409 0.664384 -0.793048
v 1.74245 0.663998 -0.791377
v 1.740067 0.663711 -0.790136
v 1.737675 0.663535 -0.789372
v 1.734986 0.663475 -0.789114
v 1.747505 0.666505 -0.800238
v 1.74675 0.666416 -0.797272
v 1.746124 0.666343 -0.79489
v 1.744409 0.666279 -0.792802
v 1.74245 0.666226 -0.791088
v 1.740067 0.666187 -0.789815
v 1.737675 0.666163 -0.789031
v 1.734986 0.666155 -0.788766
v 1.747505 0.666957 -0.800268
v 1.74675 0.667448 -0.797342
v 1.746124 0.667841 -0.794991
v 1.744409 0.668185 -0.792931
v 1.74245 0.668468 -0.79124
v 1.740067 0.668678 -0.789983
v 1.737675 0.668807 -0.78921
v 1.734986 0.668851 -0.788948
v 1.747505 0.667394 -0.800386
v 1.74675 0.668447 -0.797611
v 1.746124 0.669291 -0.795382
v 1.744409 0.67003 -0.793429
v 1.74245 0.670637 -0.791826
v 1.740067 0.671088 -0.790634
v 1.737675 0.671366 -0.789901
v 1.734986 0.67146 -0.789653
v 1.747529 0.667536 -0.80053
v 1.74675 0.669103 -0.798044
v 1.746096 0.670914 -0.796267
v 1.744409 0.671742 -0.794277
v 1.74245 0.672651 -0.792823
v 1.740067 0.673325 -0.791743
v 1.737675 0.673741 -0.791078
v 1.734986 0.673881 -0.790853
v 1.747505 0.668165 -0.800917
v 1.74675 0.670338 -0.798818
v 1.746159 0.671586 -0.796843
v 1.744409 0.673256 -0.795444
v 1.74245 0.67443 -0.794195
v 1.740067 0.675303 -0.793267
v 1.737675 0.67584 -0.792695
v 1.734986 0.676022 -0.792502
v 1.747505 0.668456 -0.801205
v 1.74675 0.670873 -0.799481
v 1.746124 0.672813 -0.798096
v 1.744409 0.674513 -0.796883
v 1.74245 0.675909 -0.795887
v 1.740067 0.676946 -0.795147
v 1.737675 0.677584 -0.794691
v 1.734986 0.6778 -0.794537
v 1.747505 0.668681 -0.801597
v 1.74675 0.671388 -0.800377
v 1.746124 0.673561 -0.799398
v 1.744409 0.675465 -0.79854
v 1.74245 0.677028 -0.797835
v 1.740067 0.67819 -0.797312
v 1.737675 0.678905 -0.796989
v 1.734986 0.679146 -0.79688
v 1.747505 0.668826 -0.802026
v 1.74675 0.671719 -0.801357
v 1.746124 0.674041 -0.800821
v 1.744409 0.676076 -0.80035
v 1.74245 0.677746 -0.799964
v 1.740067 0.678988 -0.799677
v 1.737675 0.679752 -0.799501
v 1.734986 0.68001 -0.799441
v 1.747505 0.668884 -0.802475
v 1.74675 0.671852 -0.802383
v 1.746124 0.674234 -0.80231
v 1.744409 0.676322 -0.802245
v 1.74245 0.678035 -0.802193
v 1.740067 0.679309 -0.802153
v 1.737675 0.680093 -0.802129
v 1.734986 0.680357 -0.802121
v 1.747505 0.668854 -0.802926
v 1.74675 0.671782 -0.803415
v 1.744409 0.676193 -0.804152
v 1.740067 0.67914 -0.804644
v 1.747043 0.668258 -0.804127
v 1.746212 0.670422 -0.806159
v 1.744938 0.672158 -0.807791
v 1.747043 0.667917 -0.804425
v 1.746212 0.669643 -0.806839
v 1.744938 0.671027 -0.808779
v 1.747043 0.665353 -0.804504
v 1.746212 0.663784 -0.807019
v 1.744938 0.662522 -0.809041
v 1.747043 0.664995 -0.804228
v 1.746212 0.662965 -0.806388
v 1.744938 0.661332 -0.808124
v 1.746487 0.664894 -0.800964
v 1.746212 0.662735 -0.798931
v 1.744938 0.660999 -0.797299
v 1.746487 0.665235 -0.800666
v 1.746212 0.663514 -0.798251
v 1.744938 0.66213 -0.796311
v 1.746487 0.667799 -0.800587
v 1.746212 0.669373 -0.798071
v 1.744938 0.670636 -0.796049
v 1.746487 0.668158 -0.800864
v 1.746212 0.670192 -0.798702
v 1.744938 0.671825 -0.796966
v 1.746714 0.666576 -0.802546
v 1.746124 1.015536 -0.803807
v 1.74245 1.019287 -0.804434
v 1.737675 1.021317 -0.804774
v 1.734986 1.021578 -0.804817
v 1.747505 1.010139 -0.803363
v 1.74675 1.012915 -0.804413
v 1.746124 1.015144 -0.805257
v 1.744409 1.017098 -0.805997
v 1.74245 1.018701 -0.806604
v 1.740067 1.019892 -0.807055
v 1.737675 1.020626 -0.807332
v 1.734986 1.020874 -0.807426
v 1.747505 1.009938 -0.803769
v 1.74675 1.012456 -0.80534
v 1.746124 1.014477 -0.806602
v 1.744409 1.016249 -0.807709
v 1.74245 1.017703 -0.808617
v 1.740067 1.018784 -0.809292
v 1.737675 1.019449 -0.809707
v 1.734986 1.019674 -0.809848
v 1.747505 1.009798 -0.803952
v 1.74675 1.012016 -0.806023
v 1.746156 1.013345 -0.808071
v 1.744409 1.015083 -0.809222
v 1.74245 1.016332 -0.810397
v 1.740067 1.01726 -0.811269
v 1.737675 1.017831 -0.811807
v 1.734986 1.018024 -0.811988
v 1.747519 1.009088 -0.804614
v 1.74675 1.010811 -0.806968
v 1.746063 1.012635 -0.808598
v 1.744409 1.013644 -0.81048
v 1.74245 1.01464 -0.811875
v 1.740067 1.01538 -0.812912
v 1.737675 1.015835 -0.81355
v 1.734986 1.015989 -0.813766
v 1.747505 1.008928 -0.804651
v 1.74675 1.010149 -0.807354
v 1.746124 1.011129 -0.809527
v 1.744409 1.011987 -0.811432
v 1.74245 1.012691 -0.812995
v 1.740067 1.013215 -0.814156
v 1.737675 1.013537 -0.814871
v 1.734986 1.013646 -0.815113
v 1.746706 1.007724 -0.802541
v 1.747505 1.008499 -0.804795
v 1.74675 1.009169 -0.807685
v 1.746124 1.009706 -0.810007
v 1.744409 1.010176 -0.812042
v 1.74245 1.010562 -0.813713
v 1.740067 1.010849 -0.814954
v 1.737675 1.011026 -0.815718
v 1.734986 1.011086 -0.815976
v 1.747505 1.00805 -0.804854
v 1.74675 1.008144 -0.807818
v 1.746124 1.008217 -0.8102
v 1.744409 1.008281 -0.812288
v 1.74245 1.008334 -0.814002
v 1.740067 1.008373 -0.815275
v 1.737675 1.008397 -0.816059
v 1.734986 1.008406 -0.816324
v 1.747505 1.007599 -0.804823
v 1.74675 1.007112 -0.807748
v 1.746124 1.006719 -0.810099
v 1.744409 1.006375 -0.812159
v 1.74245 1.006092 -0.81385
v 1.740067 1.005882 -0.815107
v 1.737675 1.005753 -0.81588
v 1.734986 1.005709 -0.816142
v 1.747505 1.007162 -0.804705
v 1.74675 1.006114 -0.807479
v 1.746124 1.00527 -0.809707
v 1.744409 1.00453 -0.811661
v 1.74245 1.003923 -0.813264
v 1.740067 1.003472 -0.814456
v 1.737675 1.003194 -0.815189
v 1.734986 1.0031 -0.815437
v 1.747473 1.007014 -0.804562
v 1.74675 1.005283 -0.807101
v 1.746239 1.003593 -0.808613
v 1.744409 1.002818 -0.810813
v 1.74245 1.00191 -0.812267
v 1.740067 1.001235 -0.813347
v 1.737675 1.000819 -0.814012
v 1.734986 1.000679 -0.814237
v 1.747505 1.006398 -0.804228
v 1.74675 1.004325 -0.806249
v 1.746201 1.002951 -0.808343
v 1.744409 1.001304 -0.809646
v 1.74245 1.00013 -0.810895
v 1.740067 0.999257 -0.811823
v 1.737675 0.99872 -0.812395
v 1.734986 0.998538 -0.812588
v 1.747505 1.0061 -0.803887
v 1.74675 1.003688 -0.805609
v 1.746124 1.001748 -0.806994
v 1.744409 1.000047 -0.808207
v 1.74245 0.998652 -0.809203
v 1.740067 0.997615 -0.809943
v 1.737675 0.996976 -0.810399
v 1.734986 0.996761 -0.810552
v 1.747505 1.005874 -0.803495
v 1.74675 1.003172 -0.804713
v 1.746124 1.000999 -0.805692
v 1.744409 0.999095 -0.80655
v 1.74245 0.997532 -0.807255
v 1.740067 0.996371 -0.807778
v 1.737675 0.995655 -0.808101
v 1.734986 0.995414 -0.808209
v 1.747505 1.00573 -0.803066
v 1.74675 1.002842 -0.803733
v 1.746124 1.00052 -0.804269
v 1.744409 0.998484 -0.80474
v 1.74245 0.996814 -0.805126
v 1.740067 0.995573 -0.805413
v 1.737675 0.994808 -0.805589
v 1.734986 0.99455 -0.805649
v 1.747505 1.005672 -0.802617
v 1.74675 1.002709 -0.802707
v 1.746124 1.000327 -0.80278
v 1.744409 0.998239 -0.802845
v 1.74245 0.996525 -0.802897
v 1.740067 0.995252 -0.802937
v 1.737675 0.994468 -0.802961
v 1.734986 0.994203 -0.802969
v 1.747505 1.005702 -0.802165
v 1.74675 1.002779 -0.801675
v 1.746124 1.000428 -0.801283
v 1.744409 0.998367 -0.800938
v 1.74245 0.996676 -0.800656
v 1.740067 0.99542 -0.800446
v 1.737675 0.994646 -0.800316
v 1.734986 0.994385 -0.800273
v 1.747505 1.00582 -0.801728
v 1.74675 1.003048 -0.800677
v 1.746124 1.000819 -0.799833
v 1.744409 0.998866 -0.799093
v 1.74245 0.997262 -0.798486
v 1.740067 0.996071 -0.798035
v 1.737675 0.995337 -0.797758
v 1.734986 0.99509 -0.797664
v 1.747505 1.006021 -0.801323
v 1.74675 1.003507 -0.79975
v 1.746124 1.001486 -0.798488
v 1.744409 0.999714 -0.797381
v 1.74245 0.99826 -0.796473
v 1.740067 0.99718 -0.795798
v 1.737675 0.996514 -0.795383
v 1.734986 0.99629 -0.795242
v 1.747505 1.006125 -0.801095
v 1.746776 1.00406 -0.799012
v 1.746254 1.003006 -0.797267
v 1.744409 1.00088 -0.795868
v 1.74245 0.999631 -0.794693
v 1.740067 0.998703 -0.793821
v 1.737675 0.998132 -0.793283
v 1.734986 0.997939 -0.793102
v 1.747505 1.006807 -0.800606
v 1.74675 1.005093 -0.798148
v 1.746152 1.003701 -0.796634
v 1.744409 1.00232 -0.79461
v 1.74245 1.001324 -0.793215
v 1.740067 1.000584 -0.792178
v 1.737675 1.000128 -0.791539
v 1.734986 0.999974 -0.791324
v 1.747505 1.007031 -0.800441
v 1.74675 1.005814 -0.797736
v 1.746124 1.004835 -0.795563
v 1.744409 1.003976 -0.793658
v 1.74245 1.003272 -0.792095
v 1.740067 1.002748 -0.790934
v 1.737675 1.002426 -0.790219
v 1.734986 1.002317 -0.789977
v 1.747505 1.00746 -0.800296
v 1.74675 1.006794 -0.797405
v 1.746124 1.006257 -0.795083
v 1.744409 1.005787 -0.793048
v 1.74245 1.005401 -0.791377
v 1.740067 1.005114 -0.790136
v 1.737675 1.004938 -0.789372
v 1.734986 1.004878 -0.789114
v 1.747505 1.007908 -0.800238
v 1.74675 1.00782 -0.797272
v 1.746124 1.007746 -0.79489
v 1.744409 1.007682 -0.792802
v 1.74245 1.007629 -0.791088
v 1.740067 1.00759 -0.789815
v 1.737675 1.007566 -0.789031
v 1.734986 1.007558 -0.788766
v 1.747505 1.00836 -0.800268
v 1.74675 1.008851 -0.797342
v 1.746124 1.009244 -0.794991
v 1.744409 1.009588 -0.792931
v 1.74245 1.009871 -0.79124
v 1.740067 1.010081 -0.789983
v 1.737675 1.01021 -0.78921
v 1.734986 1.010254 -0.788948
v 1.747505 1.008797 -0.800386
v 1.74675 1.00985 -0.797611
v 1.746124 1.010694 -0.795382
v 1.744409 1.011433 -0.793429
v 1.74245 1.01204 -0.791826
v 1.740067 1.012491 -0.790634
v 1.737675 1.012769 -0.789901
v 1.734986 1.012863 -0.789653
v 1.747529 1.00894 -0.80053
v 1.74675 1.010506 -0.798044
v 1.746096 1.012317 -0.796267
v 1.744409 1.013145 -0.794277
v 1.74245 1.014054 -0.792823
v 1.740067 1.014728 -0.791743
v 1.737675 1.015144 -0.791078
v 1.734986 1.015284 -0.790853
v 1.747505 1.009568 -0.800917
v 1.74675 1.011741 -0.798818
v 1.746159 1.012989 -0.796843
v 1.744409 1.014659 -0.795444
v 1.74245 1.015833 -0.794195
v 1.740067 1.016706 -0.793267
v 1.737675 1.017244 -0.792695
v 1.734986 1.017425 -0.792502
v 1.747505 1.009859 -0.801205
v 1.74675 1.012276 -0.799481
v 1.746124 1.014216 -0.798096
v 1.744409 1.015916 -0.796883
v 1.74245 1.017312 -0.795887
v 1.740067 1.018349 -0.795147
v 1.737675 1.018987 -0.794691
v 1.734986 1.019203 -0.794537
v 1.747505 1.010084 -0.801597
v 1.74675 1.012791 -0.800377
v 1.746124 1.014964 -0.799398
v 1.744409 1.016868 -0.79854
v 1.74245 1.018431 -0.797835
v 1.740067 1.019593 -0.797312
v 1.737675 1.020308 -0.796989
v 1.734986 1.020549 -0.79688
v 1.747505 1.010229 -0.802026
v 1.74675 1.013122 -0.801357
v 1.746124 1.015444 -0.800821
v 1.744409 1.017479 -0.80035
v 1.74245 1.019149 -0.799964
v 1.740067 1.020391 -0.799677
v 1.737675 1.021155 -0.799501
v 1.734986 1.021413 -0.799441
v 1.747505 1.010287 -0.802475
v 1.74675 1.013255 -0.802383
v 1.746124 1.015637 -0.80231
v 1.744409 1.017725 -0.802245
v 1.74245 1.019438 -0.802193
v 1.740067 1.020712 -0.802153
v 1.737675 1.021496 -0.802129
v 1.734986 1.02176 -0.802121
v 1.747505 1.010257 -0.802926
v 1.74675 1.013185 -0.803415
v 1.744409 1.017596 -0.804152
v 1.740067 1.020543 -0.804644
v 1.747043 1.009661 -0.804127
v 1.746212 1.011825 -0.806159
v 1.744938 1.013561 -0.807791
v 1.747043 1.00932 -0.804425
v 1.746212 1.011046 -0.806839
v 1.744938 1.01243 -0.808779
v 1.747043 1.006756 -0.804504
v 1.746212 1.005187 -0.807019
v 1.744938 1.003925 -0.809041
v 1.747043 1.006398 -0.804228
v 1.746212 1.004368 -0.806388
v 1.744938 1.002735 -0.808124
v 1.746487 1.006297 -0.800964
v 1.746212 1.004138 -0.798931
v 1.744938 1.002402 -0.797299
v 1.746487 1.006638 -0.800666
v 1.746212 1.004917 -0.798251
v 1.744938 1.003533 -0.796311
v 1.746487 1.009202 -0.800587
v 1.746212 1.010776 -0.798071
v 1.744938 1.012039 -0.796049
v 1.746487 1.009561 -0.800864
v 1.746212 1.011595 -0.798702
v 1.744938 1.013228 -0.796966
v 1.746714 1.007979 -0.802546
v 1.746124 0.845452 -0.322232
v 1.74245 0.849203 -0.322859
v 1.737675 0.851233 -0.323198
v 1.734986 0.851494 -0.323242
v 1.747505 0.840055 -0.321788
v 1.74675 0.842831 -0.322838
v 1.746124 0.84506 -0.323682
v 1.744409 0.847014 -0.324421
v 1.74245 0.848617 -0.325028
v 1.740067 0.849808 -0.325479
v 1.737675 0.850542 -0.325757
v 1.734986 0.85079 -0.325851
v 1.747505 0.839854 -0.322194
v 1.74675 0.842372 -0.323764
v 1.746124 0.844393 -0.325027
v 1.744409 0.846165 -0.326133
v 1.74245 0.847619 -0.327042
v 1.740067 0.8487 -0.327716
v 1.737675 0.849365 -0.328132
v 1.734986 0.84959 -0.328272
v 1.747505 0.839714 -0.322376
v 1.74675 0.841932 -0.324447
v 1.746156 0.843261 -0.326496
v 1.744409 0.844999 -0.327647
v 1.74245 0.846248 -0.328821
v 1.740067 0.847176 -0.329694
v 1.737675 0.847747 -0.330232
v 1.734986 0.84794 -0.330413
v 1.747519 0.839004 -0.323039
v 1.74675 0.840727 -0.325393
v 1.746063 0.842551 -0.327023
v 1.744409 0.84356 -0.328904
v 1.74245 0.844556 -0.3303
v 1.740067 0.845296 -0.331337
v 1.737675 0.845751 -0.331975
v 1.734986 0.845905 -0.332191
v 1.747505 0.838844 -0.323075
v 1.74675 0.840065 -0.325779
v 1.746124 0.841045 -0.327952
v 1.744409 0.841903 -0.329856
v 1.74245 0.842607 -0.331419
v 1.740067 0.843131 -0.332581
v 1.737675 0.843453 -0.333296
v 1.734986 0.843562 -0.333537
v 1.746706 0.83764 -0.320966
v 1.747505 0.838415 -0.32322
v 1.74675 0.839085 -0.32611
v 1.746124 0.839622 -0.328432
v 1.744409 0.840092 -0.330467
v 1.74245 0.840478 -0.332137
v 1.740067 0.840765 -0.333379
v 1.737675 0.840942 -0.334143
v 1.734986 0.841001 -0.334401
v 1.747505 0.837966 -0.323278
v 1.74675 0.83806 -0.326243
v 1.746124 0.838133 -0.328625
v 1.744409 0.838197 -0.330713
v 1.74245 0.83825 -0.332426
v 1.740067 0.838289 -0.3337
v 1.737675 0.838313 -0.334484
v 1.734986 0.838322 -0.334748
v 1.747505 0.837515 -0.323248
v 1.74675 0.837028 -0.326173
v 1.746124 0.836635 -0.328524
v 1.744409 0.836291 -0.330584
v 1.74245 0.836008 -0.332275
v 1.740067 0.835798 -0.333531
v 1.737675 0.835669 -0.334305
v 1.734986 0.835625 -0.334566
v 1.747505 0.837078 -0.32313
v 1.74675 0.83603 -0.325903
v 1.746124 0.835186 -0.328132
v 1.744409 0.834446 -0.330086
v 1.74245 0.833839 -0.331689
v 1.740067 0.833388 -0.33288
v 1.737675 0.83311 -0.333614
v 1.734986 0.833016 -0.333862
v 1.747473 0.83693 -0.322987
v 1.74675 0.835199 -0.325526
v 1.746239 0.833509 -0.327038
v 1.744409 0.832734 -0.329237
v 1.74245 0.831826 -0.330691
v 1.740067 0.831151 -0.331772
v 1.737675 0.830735 -0.332437
v 1.734986 0.830595 -0.332662
v 1.747505 0.836314 -0.322653
v 1.74675 0.834241 -0.324674
v 1.746201 0.832866 -0.326767
v 1.744409 0.83122 -0.328071
v 1.74245 0.830046 -0.32932
v 1.740067 0.829173 -0.330248
v 1.737675 0.828636 -0.330819
v 1.734986 0.828454 -0.331012
v 1.747505 0.836016 -0.322312
v 1.74675 0.833604 -0.324034
v 1.746124 0.831663 -0.325418
v 1.744409 0.829963 -0.326632
v 1.74245 0.828568 -0.327628
v 1.740067 0.827531 -0.328368
v 1.737675 0.826892 -0.328823
v 1.734986 0.826677 -0.328977
v 1.747505 0.83579 -0.321919
v 1.74675 0.833088 -0.323137
v 1.746124 0.830915 -0.324117
v 1.744409 0.829011 -0.324975
v 1.74245 0.827448 -0.32568
v 1.740067 0.826287 -0.326203
v 1.737675 0.825571 -0.326525
v 1.734986 0.82533 -0.326634
v 1.747505 0.835646 -0.32149
v 1.74675 0.832758 -0.322157
v 1.746124 0.830436 -0.322694
v 1.744409 0.8284 -0.323164
v 1.74245 0.82673 -0.32355
v 1.740067 0.825489 -0.323837
v 1.737675 0.824724 -0.324014
v 1.734986 0.824466 -0.324073
v 1.747505 0.835588 -0.321041
v 1.74675 0.832625 -0.321132
v 1.746124 0.830243 -0.321205
v 1.744409 0.828155 -0.321269
v 1.74245 0.826441 -0.321322
v 1.740067 0.825168 -0.321361
v 1.737675 0.824384 -0.321385
v 1.734986 0.824119 -0.321394
v 1.747505 0.835618 -0.32059
v 1.74675 0.832694 -0.3201
v 1.746124 0.830344 -0.319707
v 1.744409 0.828283 -0.319363
v 1.74245 0.826592 -0.31908
v 1.740067 0.825336 -0.31887
v 1.737675 0.824562 -0.318741
v 1.734986 0.824301 -0.318697
v 1.747505 0.835736 -0.320153
v 1.74675 0.832964 -0.319102
v 1.746124 0.830735 -0.318258
v 1.744409 0.828782 -0.317518
v 1.74245 0.827178 -0.316911
v 1.740067 0.825987 -0.31646
v 1.737675 0.825253 -0.316182
v 1.734986 0.825006 -0.316088
v 1.747505 0.835937 -0.319747
v 1.74675 0.833423 -0.318175
v 1.746124 0.831402 -0.316913
v 1.744409 0.82963 -0.315806
v 1.74245 0.828176 -0.314898
v 1.740067 0.827096 -0.314223
v 1.737675 0.82643 -0.313807
v 1.734986 0.826206 -0.313667
v 1.747505 0.836041 -0.319519
v 1.746776 0.833976 -0.317437
v 1.746254 0.832922 -0.315691
v 1.744409 0.830796 -0.314292
v 1.74245 0.829547 -0.313118
v 1.740067 0.828619 -0.312245
v 1.737675 0.828048 -0.311708
v 1.734986 0.827855 -0.311526
v 1.747505 0.836723 -0.319031
v 1.74675 0.835009 -0.316573
v 1.746152 0.833617 -0.315058
v 1.744409 0.832236 -0.313035
v 1.74245 0.83124 -0.31164
v 1.740067 0.8305 -0.310603
v 1.737675 0.830044 -0.309964
v 1.734986 0.82989 -0.309749
v 1.747505 0.836947 -0.318866
v 1.74675 0.83573 -0.31616
v 1.746124 0.834751 -0.313987
v 1.744409 0.833892 -0.312083
v 1.74245 0.833188 -0.31052
v 1.740067 0.832664 -0.309359
v 1.737675 0.832342 -0.308643
v 1.734986 0.832233 -0.308402
v 1.747505 0.837375 -0.318721
v 1.74675 0.83671 -0.31583
v 1.746124 0.836173 -0.313508
v 1.744409 0.835703 -0.311472
v 1.74245 0.835317 -0.309802
v 1.740067 0.83503 -0.308561
v 1.737675 0.834853 -0.307796
v 1.734986 0.834794 -0.307538
v 1.747505 0.837824 -0.318663
v 1.74675 0.837735 -0.315697
v 1.746124 0.837662 -0.313315
v 1.744409 0.837598 -0.311227
v 1.74245 0.837545 -0.309513
v 1.740067 0.837506 -0.30824
v 1.737675 0.837482 -0.307456
v 1.734986 0.837474 -0.307191
v 1.747505 0.838276 -0.318693
v 1.74675 0.838767 -0.315766
v 1.746124 0.83916 -0.313416
v 1.744409 0.839504 -0.311355
v 1.74245 0.839787 -0.309664
v 1.740067 0.839997 -0.308408
v 1.737675 0.840126 -0.307634
v 1.734986 0.84017 -0.307373
v 1.747505 0.838713 -0.318811
v 1.74675 0.839766 -0.316036
v 1.746124 0.84061 -0.313807
v 1.744409 0.841349 -0.311854
v 1.74245 0.841956 -0.31025
v 1.740067 0.842407 -0.309059
v 1.737675 0.842685 -0.308325
v 1.734986 0.842779 -0.308078
v 1.747529 0.838856 -0.318955
v 1.74675 0.840422 -0.316468
v 1.746096 0.842233 -0.314692
v 1.744409 0.843061 -0.312702
v 1.74245 0.84397 -0.311248
v 1.740067 0.844644 -0.310168
v 1.737675 0.84506 -0.309502
v 1.734986 0.8452 -0.309278
v 1.747505 0.839484 -0.319341
v 1.74675 0.841657 -0.317243
v 1.746159 0.842905 -0.315268
v 1.744409 0.844575 -0.313868
v 1.74245 0.845749 -0.312619
v 1.740067 0.846622 -0.311691
v 1.737675 0.84716 -0.31112
v 1.734986 0.847341 -0.310927
v 1.747505 0.839775 -0.319629
v 1.74675 0.842192 -0.317905
v 1.746124 0.844132 -0.316521
v 1.744409 0.845832 -0.315308
v 1.74245 0.847228 -0.314312
v 1.740067 0.848265 -0.313572
v 1.737675 0.848903 -0.313116
v 1.734986 0.849119 -0.312962
v 1.747505 0.84 -0.320022
v 1.74675 0.842707 -0.318802
v 1.746124 0.84488 -0.317823
v 1.744409 0.846784 -0.316964
v 1.74245 0.848347 -0.31626
v 1.740067 0.849509 -0.315736
v 1.737675 0.850224 -0.315414
v 1.734986 0.850465 -0.315305
v 1.747505 0.840145 -0.320451
v 1.74675 0.843038 -0.319782
v 1.746124 0.84536 -0.319245
v 1.744409 0.847395 -0.318775
v 1.74245 0.849065 -0.318389
v 1.740067 0.850307 -0.318102
v 1.737675 0.851071 -0.317926
v 1.734986 0.851329 -0.317866
v 1.747505 0.840203 -0.320899
v 1.74675 0.843171 -0.320807
v 1.746124 0.845553 -0.320734
v 1.744409 0.847641 -0.32067
v 1.74245 0.849354 -0.320617
v 1.740067 0.850628 -0.320578
v 1.737675 0.851412 -0.320554
v 1.734986 0.851676 -0.320546
v 1.747505 0.840173 -0.321351
v 1.74675 0.843101 -0.321839
v 1.744409 0.847512 -0.322576
v 1.740067 0.850459 -0.323069
v 1.747043 0.839577 -0.322552
v 1.746212 0.841741 -0.324583
v 1.744938 0.843477 -0.326216
v 1.747043 0.839236 -0.32285
v 1.746212 0.840962 -0.325264
v 1.744938 0.842346 -0.327204
v 1.747043 0.836672 -0.322929
v 1.746212 0.835103 -0.325444
v 1.744938 0.83384 -0.327465
v 1.747043 0.836314 -0.322653
v 1.746212 0.834284 -0.324813
v 1.744938 0.832651 -0.326549
v 1.746487 0.836213 -0.319389
v 1.746212 0.834054 -0.317356
v 1.744938 0.832318 -0.315723
v 1.746487 0.836554 -0.319091
v 1.746212 0.834833 -0.316676
v 1.744938 0.833449 -0.314736
v 1.746487 0.839118 -0.319012
v 1.746212 0.840692 -0.316495
v 1.744938 0.841955 -0.314474
v 1.746487 0.839477 -0.319288
v 1.746212 0.841511 -0.317126
v 1.744938 0.843144 -0.31539
v 1.746714 0.837895 -0.32097
v 1.746124 1.015536 -0.326188
v 1.74245 1.019287 -0.326814
v 1.737675 1.021317 -0.327154
v 1.734986 1.021578 -0.327197
v 1.747505 1.010139 -0.325743
v 1.74675 1.012915 -0.326793
v 1.746124 1.015144 -0.327637
v 1.744409 1.017098 -0.328377
v 1.74245 1.018701 -0.328984
v 1.740067 1.019892 -0.329435
v 1.737675 1.020626 -0.329713
v 1.734986 1.020874 -0.329806
v 1.747505 1.009938 -0.326149
v 1.74675 1.012456 -0.32772
v 1.746124 1.014477 -0.328982
v 1.744409 1.016249 -0.330089
v 1.74245 1.017703 -0.330997
v 1.740067 1.018784 -0.331672
v 1.737675 1.019449 -0.332087
v 1.734986 1.019674 -0.332228
v 1.747505 1.009798 -0.326332
v 1.74675 1.012016 -0.328403
v 1.746156 1.013345 -0.330451
v 1.744409 1.015083 -0.331602
v 1.74245 1.016332 -0.332777
v 1.740067 1.01726 -0.33365
v 1.737675 1.017831 -0.334187
v 1.734986 1.018024 -0.334368
v 1.747519 1.009088 -0.326994
v 1.74675 1.010811 -0.329348
v 1.746063 1.012635 -0.330978
v 1.744409 1.013644 -0.33286
v 1.74245 1.01464 -0.334255
v 1.740067 1.01538 -0.335292
v 1.737675 1.015835 -0.335931
v 1.734986 1.015989 -0.336146
v 1.747505 1.008928 -0.327031
v 1.74675 1.010149 -0.329735
v 1.746124 1.011129 -0.331907
v 1.744409 1.011987 -0.333812
v 1.74245 1.012691 -0.335375
v 1.740067 1.013215 -0.336536
v 1.737675 1.013537 -0.337251
v 1.734986 1.013646 -0.337493
v 1.746706 1.007724 -0.324921
v 1.747505 1.008499 -0.327175
v 1.74675 1.009169 -0.330065
v 1.746124 1.009706 -0.332387
v 1.744409 1.010176 -0.334422
v 1.74245 1.010562 -0.336093
v 1.740067 1.010849 -0.337334
v 1.737675 1.011026 -0.338098
v 1.734986 1.011086 -0.338356
v 1.747505 1.00805 -0.327234
v 1.74675 1.008144 -0.330198
v 1.746124 1.008217 -0.33258
v 1.744409 1.008281 -0.334668
v 1.74245 1.008334 -0.336382
v 1.740067 1.008373 -0.337655
v 1.737675 1.008397 -0.338439
v 1.734986 1.008406 -0.338704
v 1.747505 1.007599 -0.327203
v 1.74675 1.007112 -0.330128
v 1.746124 1.006719 -0.332479
v 1.744409 1.006375 -0.334539
v 1.74245 1.006092 -0.33623
v 1.740067 1.005882 -0.337487
v 1.737675 1.005753 -0.33826
v 1.734986 1.005709 -0.338522
v 1.747505 1.007162 -0.327085
v 1.74675 1.006114 -0.329859
v 1.746124 1.00527 -0.332088
v 1.744409 1.00453 -0.334041
v 1.74245 1.003923 -0.335644
v 1.740067 1.003472 -0.336836
v 1.737675 1.003194 -0.337569
v 1.734986 1.0031 -0.337817
v 1.747473 1.007014 -0.326942
v 1.74675 1.005283 -0.329482
v 1.746239 1.003593 -0.330993
v 1.744409 1.002818 -0.333193
v 1.74245 1.00191 -0.334647
v 1.740067 1.001235 -0.335727
v 1.737675 1.000819 -0.336392
v 1.734986 1.000679 -0.336617
v 1.747505 1.006398 -0.326608
v 1.74675 1.004325 -0.328629
v 1.746201 1.002951 -0.330723
v 1.744409 1.001304 -0.332026
v 1.74245 1.00013 -0.333275
v 1.740067 0.999257 -0.334203
v 1.737675 0.99872 -0.334775
v 1.734986 0.998538 -0.334968
v 1.747505 1.0061 -0.326267
v 1.74675 1.003688 -0.327989
v 1.746124 1.001748 -0.329374
v 1.744409 1.000047 -0.330587
v 1.74245 0.998652 -0.331583
v 1.740067 0.997615 -0.332323
v 1.737675 0.996976 -0.332779
v 1.734986 0.996761 -0.332933
v 1.747505 1.005874 -0.325875
v 1.74675 1.003172 -0.327093
v 1.746124 1.000999 -0.328072
v 1.744409 0.999095 -0.32893
v 1.74245 0.997532 -0.329635
v 1.740067 0.996371 -0.330158
v 1.737675 0.995655 -0.330481
v 1.734986 0.995414 -0.33059
v 1.747505 1.00573 -0.325446
v 1.74675 1.002842 -0.326113
v 1.746124 1.00052 -0.326649
v 1.744409 0.998484 -0.32712
v 1.74245 0.996814 -0.327506
v 1.740067 0.995573 -0.327793
v 1.737675 0.994808 -0.327969
v 1.734986 0.99455 -0.328029
v 1.747505 1.005672 -0.324997
v 1.74675 1.002709 -0.325087
v 1.746124 1.000327 -0.325161
v 1.744409 0.998239 -0.325225
v 1.74245 0.996525 -0.325277
v 1.740067 0.995252 -0.325317
v 1.737675 0.994468 -0.325341
v 1.734986 0.994203 -0.325349
v 1.747505 1.005702 -0.324545
v 1.74675 1.002779 -0.324055
v 1.746124 1.000428 -0.323663
v 1.744409 0.998367 -0.323318
v 1.74245 0.996676 -0.323036
v 1.740067 0.99542 -0.322826
v 1.737675 0.994646 -0.322696
v 1.734986 0.994385 -0.322653
v 1.747505 1.00582 -0.324108
v 1.74675 1.003048 -0.323057
v 1.746124 1.000819 -0.322213
v 1.744409 0.998866 -0.321473
v 1.74245 0.997262 -0.320866
v 1.740067 0.996071 -0.320415
v 1.737675 0.995337 -0.320138
v 1.734986 0.99509 -0.320044
v 1.747505 1.006021 -0.323703
v 1.74675 1.003507 -0.32213
v 1.746124 1.001486 -0.320868
v 1.744409 0.999714 -0.319761
v 1.74245 0.99826 -0.318853
v 1.740067 0.99718 -0.318178
v 1.737675 0.996514 -0.317763
v 1.734986 0.99629 -0.317622
v 1.747505 1.006125 -0.323475
v 1.746776 1.00406 -0.321392
v 1.746254 1.003006 -0.319647
v 1.744409 1.00088 -0.318248
v 1.74245 0.999631 -0.317073
v 1.740067 0.998703 -0.316201
v 1.737675 0.998132 -0.315663
v 1.734986 0.997939 -0.315482
v 1.747505 1.006807 -0.322986
v 1.74675 1.005093 -0.320528
v 1.746152 1.003701 -0.319014
v 1.744409 1.00232 -0.316991
v 1.74245 1.001324 -0.315595
v 1.740067 1.000584 -0.314558
v 1.737675 1.000128 -0.31392
v 1.734986 0.999974 -0.313704
v 1.747505 1.007031 -0.322821
v 1.74675 1.005814 -0.320116
v 1.746124 1.004835 -0.317943
v 1.744409 1.003976 -0.316038
v 1.74245 1.003272 -0.314475
v 1.740067 1.002748 -0.313314
v 1.737675 1.002426 -0.312599
v 1.734986 1.002317 -0.312357
v 1.747505 1.00746 -0.322676
v 1.74675 1.006794 -0.319785
v 1.746124 1.006257 -0.317463
v 1.744409 1.005787 -0.315428
v 1.74245 1.005401 -0.313757
v 1.740067 1.005114 -0.312516
v 1.737675 1.004938 -0.311752
v 1.734986 1.004878 -0.311494
v 1.747505 1.007908 -0.322618
v 1.74675 1.00782 -0.319652
v 1.746124 1.007746 -0.31727
v 1.744409 1.007682 -0.315182
v 1.74245 1.007629 -0.313468
v 1.740067 1.00759 -0.312195
v 1.737675 1.007566 -0.311411
v 1.734986 1.007558 -0.311146
v 1.747505 1.00836 -0.322649
v 1.74675 1.008851 -0.319722
v 1.746124 1.009244 -0.317371
v 1.744409 1.009588 -0.315311
v 1.74245 1.009871 -0.31362
v 1.740067 1.010081 -0.312363
v 1.737675 1.01021 -0.31159
v 1.734986 1.010254 -0.311328
v 1.747505 1.008797 -0.322767
v 1.74675 1.00985 -0.319991
v 1.746124 1.010694 -0.317763
v 1.744409 1.011433 -0.315809
v 1.74245 1.01204 -0.314206
v 1.740067 1.012491 -0.313014
v 1.737675 1.012769 -0.312281
v 1.734986 1.012863 -0.312033
v 1.747529 1.00894 -0.32291
v 1.74675 1.010506 -0.320424
v 1.746096 1.012317 -0.318647
v 1.744409 1.013145 -0.316657
v 1.74245 1.014054 -0.315203
v 1.740067 1.014728 -0.314123
v 1.737675 1.015144 -0.313458
v 1.734986 1.015284 -0.313233
v 1.747505 1.009568 -0.323297
v 1.74675 1.011741 -0.321198
v 1.746159 1.012989 -0.319223
v 1.744409 1.014659 -0.317824
v 1.74245 1.015833 -0.316575
v 1.740067 1.016706 -0.315647
v 1.737675 1.017244 -0.315075
v 1.734986 1.017425 -0.314882
v 1.747505 1.009859 -0.323585
v 1.74675 1.012276 -0.321861
v 1.746124 1.014216 -0.320476
v 1.744409 1.015916 -0.319263
v 1.74245 1.017312 -0.318267
v 1.740067 1.018349 -0.317527
v 1.737675 1.018987 -0.317071
v 1.734986 1.019203 -0.316918
v 1.747505 1.010084 -0.323977
v 1.74675 1.012791 -0.322757
v 1.746124 1.014964 -0.321778
v 1.744409 1.016868 -0.32092
v 1.74245 1.018431 -0.320215
v 1.740067 1.019593 -0.319692
v 1.737675 1.020308 -0.319369
v 1.734986 1.020549 -0.319261
v 1.747505 1.010229 -0.324406
v 1.74675 1.013122 -0.323737
v 1.746124 1.015444 -0.323201
v 1.744409 1.017479 -0.32273
v 1.74245 1.019149 -0.322344
v 1.740067 1.020391 -0.322057
v 1.737675 1.021155 -0.321881
v 1.734986 1.021413 -0.321821
v 1.747505 1.010287 -0.324855
v 1.74675 1.013255 -0.324763
v 1.746124 1.015637 -0.32469
v 1.744409 1.017725 -0.324625
v 1.74245 1.019438 -0.324573
v 1.740067 1.020712 -0.324533
v 1.737675 1.021496 -0.324509
v 1.734986 1.02176 -0.324501
v 1.747505 1.010257 -0.325306
v 1.74675 1.013185 -0.325795
v 1.744409 1.017596 -0.326532
v 1.740067 1.020543 -0.327024
v 1.747043 1.009661 -0.326508
v 1.746212 1.011825 -0.328539
v 1.744938 1.013561 -0.330171
v 1.747043 1.00932 -0.326805
v 1.746212 1.011046 -0.329219
v 1.744938 1.01243 -0.331159
v 1.747043 1.006756 -0.326884
v 1.746212 1.005187 -0.329399
v 1.744938 1.003925 -0.331421
v 1.747043 1.006398 -0.326608
v 1.746212 1.004368 -0.328768
v 1.744938 1.002735 -0.330505
v 1.746487 1.006297 -0.323344
v 1.746212 1.004138 -0.321311
v 1.744938 1.002402 -0.319679
v 1.746487 1.006638 -0.323046
v 1.746212 1.004917 -0.320631
v 1.744938 1.003533 -0.318691
v 1.746487 1.009202 -0.322968
v 1.746212 1.010776 -0.320451
v 1.744938 1.012039 -0.318429
v 1.746487 1.009561 -0.323244
v 1.746212 1.011595 -0.321082
v 1.744938 1.013228 -0.319346
v 1.746714 1.007979 -0.324926
v 1.746124 0.674133 -0.328165
v 1.74245 0.677884 -0.328792
v 1.737675 0.679914 -0.329132
v 1.734986 0.680175 -0.329175
v 1.747505 0.668736 -0.327721
v 1.74675 0.671512 -0.328771
v 1.746124 0.673741 -0.329615
v 1.744409 0.675695 -0.330354
v 1.74245 0.677298 -0.330961
v 1.740067 0.678489 -0.331413
v 1.737675 0.679223 -0.33169
v 1.734986 0.679471 -0.331784
v 1.747505 0.668535 -0.328127
v 1.74675 0.671053 -0.329697
v 1.746124 0.673074 -0.33096
v 1.744409 0.674846 -0.332067
v 1.74245 0.6763 -0.332975
v 1.740067 0.677381 -0.33365
v 1.737675 0.678046 -0.334065
v 1.734986 0.678271 -0.334205
v 1.747505 0.668395 -0.328309
v 1.74675 0.670613 -0.33038
v 1.746156 0.671942 -0.332429
v 1.744409 0.67368 -0.33358
v 1.74245 0.674929 -0.334755
v 1.740067 0.675857 -0.335627
v 1.737675 0.676428 -0.336165
v 1.734986 0.676621 -0.336346
v 1.747519 0.667685 -0.328972
v 1.74675 0.669408 -0.331326
v 1.746063 0.671232 -0.332956
v 1.744409 0.672241 -0.334837
v 1.74245 0.673237 -0.336233
v 1.740067 0.673977 -0.33727
v 1.737675 0.674432 -0.337908
v 1.734986 0.674586 -0.338124
v 1.747505 0.667525 -0.329009
v 1.74675 0.668746 -0.331712
v 1.746124 0.669726 -0.333885
v 1.744409 0.670584 -0.33579
v 1.74245 0.671288 -0.337353
v 1.740067 0.671812 -0.338514
v 1.737675 0.672134 -0.339229
v 1.734986 0.672243 -0.339471
v 1.746706 0.666321 -0.326899
v 1.747505 0.667096 -0.329153
v 1.74675 0.667766 -0.332043
v 1.746124 0.668303 -0.334365
v 1.744409 0.668773 -0.3364
v 1.74245 0.669159 -0.338071
v 1.740067 0.669446 -0.339312
v 1.737675 0.669623 -0.340076
v 1.734986 0.669683 -0.340334
v 1.747505 0.666647 -0.329211
v 1.74675 0.666741 -0.332176
v 1.746124 0.666814 -0.334558
v 1.744409 0.666878 -0.336646
v 1.74245 0.666931 -0.338359
v 1.740067 0.66697 -0.339633
v 1.737675 0.666994 -0.340417
v 1.734986 0.667002 -0.340682
v 1.747505 0.666196 -0.329181
v 1.74675 0.665709 -0.332106
v 1.746124 0.665316 -0.334457
v 1.744409 0.664972 -0.336517
v 1.74245 0.664689 -0.338208
v 1.740067 0.664479 -0.339465
v 1.737675 0.66435 -0.340238
v 1.734986 0.664306 -0.3405
v 1.747505 0.665759 -0.329063
v 1.74675 0.664711 -0.331836
v 1.746124 0.663867 -0.334065
v 1.744409 0.663127 -0.336019
v 1.74245 0.66252 -0.337622
v 1.740067 0.662069 -0.338814
v 1.737675 0.661791 -0.339547
v 1.734986 0.661697 -0.339795
v 1.747473 0.665611 -0.32892
v 1.74675 0.66388 -0.331459
v 1.746239 0.66219 -0.332971
v 1.744409 0.661415 -0.33517
v 1.74245 0.660507 -0.336624
v 1.740067 0.659832 -0.337705
v 1.737675 0.659416 -0.33837
v 1.734986 0.659276 -0.338595
v 1.747505 0.664995 -0.328586
v 1.74675 0.662922 -0.330607
v 1.746201 0.661547 -0.3327
v 1.744409 0.659901 -0.334004
v 1.74245 0.658727 -0.335253
v 1.740067 0.657854 -0.336181
v 1.737675 0.657317 -0.336753
v 1.734986 0.657135 -0.336946
v 1.747505 0.664697 -0.328245
v 1.74675 0.662284 -0.329967
v 1.746124 0.660345 -0.331352
v 1.744409 0.658644 -0.332565
v 1.74245 0.657249 -0.333561
v 1.740067 0.656212 -0.334301
v 1.737675 0.655573 -0.334756
v 1.734986 0.655358 -0.33491
v 1.747505 0.664471 -0.327852
v 1.74675 0.661769 -0.329071
v 1.746124 0.659596 -0.33005
v 1.744409 0.657692 -0.330908
v 1.74245 0.656129 -0.331613
v 1.740067 0.654968 -0.332136
v 1.737675 0.654252 -0.332458
v 1.734986 0.654011 -0.332567
v 1.747505 0.664327 -0.327423
v 1.74675 0.661439 -0.328091
v 1.746124 0.659117 -0.328627
v 1.744409 0.657081 -0.329098
v 1.74245 0.655411 -0.329484
v 1.740067 0.65417 -0.32977
v 1.737675 0.653405 -0.329947
v 1.734986 0.653147 -0.330007
v 1.747505 0.664269 -0.326975
v 1.74675 0.661306 -0.327065
v 1.746124 0.658924 -0.327138
v 1.744409 0.656836 -0.327203
v 1.74245 0.655122 -0.327255
v 1.740067 0.653849 -0.327294
v 1.737675 0.653065 -0.327319
v 1.734986 0.6528 -0.327327
v 1.747505 0.664299 -0.326523
v 1.74675 0.661375 -0.326033
v 1.746124 0.659025 -0.32564
v 1.744409 0.656964 -0.325296
v 1.74245 0.655273 -0.325013
v 1.740067 0.654017 -0.324803
v 1.737675 0.653243 -0.324674
v 1.734986 0.652982 -0.32463
v 1.747505 0.664417 -0.326086
v 1.74675 0.661645 -0.325035
v 1.746124 0.659416 -0.324191
v 1.744409 0.657463 -0.323451
v 1.74245 0.655859 -0.322844
v 1.740067 0.654668 -0.322393
v 1.737675 0.653934 -0.322115
v 1.734986 0.653687 -0.322022
v 1.747505 0.664618 -0.325681
v 1.74675 0.662104 -0.324108
v 1.746124 0.660083 -0.322846
v 1.744409 0.658311 -0.321739
v 1.74245 0.656857 -0.320831
v 1.740067 0.655777 -0.320156
v 1.737675 0.655111 -0.319741
v 1.734986 0.654887 -0.3196
v 1.747505 0.664722 -0.325452
v 1.746776 0.662657 -0.32337
v 1.746254 0.661603 -0.321625
v 1.744409 0.659477 -0.320225
v 1.74245 0.658228 -0.319051
v 1.740067 0.6573 -0.318178
v 1.737675 0.656729 -0.317641
v 1.734986 0.656536 -0.31746
v 1.747505 0.665404 -0.324964
v 1.74675 0.66369 -0.322506
v 1.746152 0.662298 -0.320992
v 1.744409 0.660917 -0.318968
v 1.74245 0.659921 -0.317573
v 1.740067 0.659181 -0.316536
v 1.737675 0.658725 -0.315897
v 1.734986 0.658571 -0.315682
v 1.747505 0.665628 -0.324799
v 1.74675 0.664411 -0.322093
v 1.746124 0.663432 -0.319921
v 1.744409 0.662573 -0.318016
v 1.74245 0.661869 -0.316453
v 1.740067 0.661345 -0.315292
v 1.737675 0.661023 -0.314577
v 1.734986 0.660914 -0.314335
v 1.747505 0.666056 -0.324654
v 1.74675 0.665391 -0.321763
v 1.746124 0.664854 -0.319441
v 1.744409 0.664384 -0.317405
v 1.74245 0.663998 -0.315735
v 1.740067 0.663711 -0.314494
v 1.737675 0.663535 -0.31373
v 1.734986 0.663475 -0.313472
v 1.747505 0.666505 -0.324596
v 1.74675 0.666416 -0.32163
v 1.746124 0.666343 -0.319248
v 1.744409 0.666279 -0.31716
v 1.74245 0.666226 -0.315446
v 1.740067 0.666187 -0.314173
v 1.737675 0.666163 -0.313389
v 1.734986 0.666155 -0.313124
v 1.747505 0.666957 -0.324626
v 1.74675 0.667448 -0.3217
v 1.746124 0.667841 -0.319349
v 1.744409 0.668185 -0.317289
v 1.74245 0.668468 -0.315598
v 1.740067 0.668678 -0.314341
v 1.737675 0.668807 -0.313567
v 1.734986 0.668851 -0.313306
v 1.747505 0.667394 -0.324744
v 1.74675 0.668447 -0.321969
v 1.746124 0.669291 -0.31974
v 1.744409 0.67003 -0.317787
v 1.74245 0.670637 -0.316183
v 1.740067 0.671088 -0.314992
v 1.737675 0.671366 -0.314258
v 1.734986 0.67146 -0.314011
v 1.747529 0.667536 -0.324888
v 1.74675 0.669103 -0.322402
v 1.746096 0.670914 -0.320625
v 1.744409 0.671742 -0.318635
v 1.74245 0.672651 -0.317181
v 1.740067 0.673325 -0.316101
v 1.737675 0.673741 -0.315435
v 1.734986 0.673881 -0.315211
v 1.747505 0.668165 -0.325274
v 1.74675 0.670338 -0.323176
v 1.746159 0.671586 -0.321201
v 1.744409 0.673256 -0.319802
v 1.74245 0.67443 -0.318553
v 1.740067 0.675303 -0.317625
v 1.737675 0.67584 -0.317053
v 1.734986 0.676022 -0.31686
v 1.747505 0.668456 -0.325562
v 1.74675 0.670873 -0.323839
v 1.746124 0.672813 -0.322454
v 1.744409 0.674513 -0.321241
v 1.74245 0.675909 -0.320245
v 1.740067 0.676946 -0.319505
v 1.737675 0.677584 -0.319049
v 1.734986 0.6778 -0.318895
v 1.747505 0.668681 -0.325955
v 1.74675 0.671388 -0.324735
v 1.746124 0.673561 -0.323756
v 1.744409 0.675465 -0.322897
v 1.74245 0.677028 -0.322193
v 1.740067 0.67819 -0.32167
v 1.737675 0.678905 -0.321347
v 1.734986 0.679146 -0.321238
v 1.747505 0.668826 -0.326384
v 1.74675 0.671719 -0.325715
v 1.746124 0.674041 -0.325178
v 1.744409 0.676076 -0.324708
v 1.74245 0.677746 -0.324322
v 1.740067 0.678988 -0.324035
v 1.737675 0.679752 -0.323859
v 1.734986 0.68001 -0.323799
v 1.747505 0.668884 -0.326833
v 1.74675 0.671852 -0.326741
v 1.746124 0.674234 -0.326667
v 1.744409 0.676322 -0.326603
v 1.74245 0.678035 -0.32655
v 1.740067 0.679309 -0.326511
v 1.737675 0.680093 -0.326487
v 1.734986 0.680357 -0.326479
v 1.747505 0.668854 -0.327284
v 1.74675 0.671782 -0.327772
v 1.744409 0.676193 -0.32851
v 1.740067 0.67914 -0.329002
v 1.747043 0.668258 -0.328485
v 1.746212 0.670422 -0.330517
v 1.744938 0.672158 -0.332149
v 1.747043 0.667917 -0.328783
v 1.746212 0.669643 -0.331197
v 1.744938 0.671027 -0.333137
v 1.747043 0.665353 -0.328862
v 1.746212 0.663784 -0.331377
v 1.744938 0.662522 -0.333399
v 1.747043 0.664995 -0.328586
v 1.746212 0.662965 -0.330746
v 1.744938 0.661332 -0.332482
v 1.746487 0.664894 -0.325322
v 1.746212 0.662735 -0.323289
v 1.744938 0.660999 -0.321656
v 1.746487 0.665235 -0.325024
v 1.746212 0.663514 -0.322609
v 1.744938 0.66213 -0.320669
v 1.746487 0.667799 -0.324945
v 1.746212 0.669373 -0.322428
v 1.744938 0.670636 -0.320407
v 1.746487 0.668158 -0.325222
v 1.746212 0.670192 -0.32306
v 1.744938 0.671825 -0.321323
v 1.746714 0.666576 -0.326904
v 1.746124 0.840142 -0.803807
v 1.74245 0.843893 -0.804434
v 1.737675 0.845923 -0.804774
v 1.734986 0.846184 -0.804817
v 1.747505 0.834745 -0.803363
v 1.74675 0.837521 -0.804413
v 1.746124 0.83975 -0.805257
v 1.744409 0.841704 -0.805997
v 1.74245 0.843307 -0.806604
v 1.740067 0.844499 -0.807055
v 1.737675 0.845232 -0.807332
v 1.734986 0.84548 -0.807426
v 1.747505 0.834544 -0.803769
v 1.74675 0.837062 -0.80534
v 1.746124 0.839084 -0.806602
v 1.744409 0.840855 -0.807709
v 1.74245 0.842309 -0.808617
v 1.740067 0.84339 -0.809292
v 1.737675 0.844055 -0.809707
v 1.734986 0.84428 -0.809848
v 1.747505 0.834404 -0.803952
v 1.74675 0.836622 -0.806023
v 1.746156 0.837951 -0.808071
v 1.744409 0.839689 -0.809222
v 1.74245 0.840938 -0.810397
v 1.740067 0.841866 -0.811269
v 1.737675 0.842438 -0.811807
v 1.734986 0.842631 -0.811988
v 1.747519 0.833695 -0.804614
v 1.74675 0.835417 -0.806968
v 1.746063 0.837241 -0.808598
v 1.744409 0.83825 -0.81048
v 1.74245 0.839246 -0.811875
v 1.740067 0.839986 -0.812912
v 1.737675 0.840441 -0.81355
v 1.734986 0.840595 -0.813766
v 1.747505 0.833534 -0.804651
v 1.74675 0.834755 -0.807354
v 1.746124 0.835735 -0.809527
v 1.744409 0.836593 -0.811432
v 1.74245 0.837298 -0.812995
v 1.740067 0.837821 -0.814156
v 1.737675 0.838143 -0.814871
v 1.734986 0.838252 -0.815113
v 1.746706 0.83233 -0.802541
v 1.747505 0.833105 -0.804795
v 1.74675 0.833776 -0.807685
v 1.746124 0.834312 -0.810007
v 1.744409 0.834783 -0.812042
v 1.74245 0.835169 -0.813713
v 1.740067 0.835455 -0.814954
v 1.737675 0.835632 -0.815718
v 1.734986 0.835692 -0.815976
v 1.747505 0.832656 -0.804854
v 1.74675 0.83275 -0.807818
v 1.746124 0.832823 -0.8102
v 1.744409 0.832888 -0.812288
v 1.74245 0.83294 -0.814002
v 1.740067 0.832979 -0.815275
v 1.737675 0.833004 -0.816059
v 1.734986 0.833012 -0.816324
v 1.747505 0.832205 -0.804823
v 1.74675 0.831718 -0.807748
v 1.746124 0.831325 -0.810099
v 1.744409 0.830981 -0.812159
v 1.74245 0.830698 -0.81385
v 1.740067 0.830488 -0.815107
v 1.737675 0.830359 -0.81588
v 1.734986 0.830315 -0.816142
v 1.747505 0.831768 -0.804705
v 1.74675 0.83072 -0.807479
v 1.746124 0.829876 -0.809707
v 1.744409 0.829136 -0.811661
v 1.74245 0.828529 -0.813264
v 1.740067 0.828078 -0.814456
v 1.737675 0.8278 -0.815189
v 1.734986 0.827707 -0.815437
v 1.747473 0.83162 -0.804562
v 1.74675 0.829889 -0.807101
v 1.746239 0.828199 -0.808613
v 1.744409 0.827424 -0.810813
v 1.74245 0.826516 -0.812267
v 1.740067 0.825841 -0.813347
v 1.737675 0.825426 -0.814012
v 1.734986 0.825285 -0.814237
v 1.747505 0.831004 -0.804228
v 1.74675 0.828931 -0.806249
v 1.746201 0.827557 -0.808343
v 1.744409 0.82591 -0.809646
v 1.74245 0.824736 -0.810895
v 1.740067 0.823863 -0.811823
v 1.737675 0.823326 -0.812395
v 1.734986 0.823144 -0.812588
v 1.747505 0.830706 -0.803887
v 1.74675 0.828294 -0.805609
v 1.746124 0.826354 -0.806994
v 1.744409 0.824653 -0.808207
v 1.74245 0.823258 -0.809203
v 1.740067 0.822221 -0.809943
v 1.737675 0.821582 -0.810399
v 1.734986 0.821367 -0.810552
v 1.747505 0.830481 -0.803495
v 1.74675 0.827778 -0.804713
v 1.746124 0.825606 -0.805692
v 1.744409 0.823701 -0.80655
v 1.74245 0.822138 -0.807255
v 1.740067 0.820977 -0.807778
v 1.737675 0.820262 -0.808101
v 1.734986 0.82002 -0.808209
v 1.747505 0.830336 -0.803066
v 1.74675 0.827448 -0.803733
v 1.746124 0.825126 -0.804269
v 1.744409 0.82309 -0.80474
v 1.74245 0.82142 -0.805126
v 1.740067 0.820179 -0.805413
v 1.737675 0.819415 -0.805589
v 1.734986 0.819157 -0.805649
v 1.747505 0.830278 -0.802617
v 1.74675 0.827315 -0.802707
v 1.746124 0.824933 -0.80278
v 1.744409 0.822845 -0.802845
v 1.74245 0.821131 -0.802897
v 1.740067 0.819858 -0.802937
v 1.737675 0.819074 -0.802961
v 1.734986 0.818809 -0.802969
v 1.747505 0.830308 -0.802165
v 1.74675 0.827385 -0.801675
v 1.746124 0.825034 -0.801283
v 1.744409 0.822973 -0.800938
v 1.74245 0.821283 -0.800656
v 1.740067 0.820026 -0.800446
v 1.737675 0.819252 -0.800316
v 1.734986 0.818991 -0.800273
v 1.747505 0.830426 -0.801728
v 1.74675 0.827654 -0.800677
v 1.746124 0.825425 -0.799833
v 1.744409 0.823472 -0.799093
v 1.74245 0.821868 -0.798486
v 1.740067 0.820677 -0.798035
v 1.737675 0.819943 -0.797758
v 1.734986 0.819696 -0.797664
v 1.747505 0.830627 -0.801323
v 1.74675 0.828113 -0.79975
v 1.746124 0.826092 -0.798488
v 1.744409 0.82432 -0.797381
v 1.74245 0.822866 -0.796473
v 1.740067 0.821786 -0.795798
v 1.737675 0.82112 -0.795383
v 1.734986 0.820896 -0.795242
v 1.747505 0.830731 -0.801095
v 1.746776 0.828666 -0.799012
v 1.746254 0.827612 -0.797267
v 1.744409 0.825486 -0.795868
v 1.74245 0.824238 -0.794693
v 1.740067 0.82331 -0.793821
v 1.737675 0.822738 -0.793283
v 1.734986 0.822545 -0.793102
v 1.747505 0.831414 -0.800606
v 1.74675 0.829699 -0.798148
v 1.746152 0.828307 -0.796634
v 1.744409 0.826926 -0.79461
v 1.74245 0.82593 -0.793215
v 1.740067 0.82519 -0.792178
v 1.737675 0.824734 -0.791539
v 1.734986 0.82458 -0.791324
v 1.747505 0.831637 -0.800441
v 1.74675 0.83042 -0.797736
v 1.746124 0.829441 -0.795563
v 1.744409 0.828582 -0.793658
v 1.74245 0.827878 -0.792095
v 1.740067 0.827354 -0.790934
v 1.737675 0.827032 -0.790219
v 1.734986 0.826923 -0.789977
v 1.747505 0.832066 -0.800296
v 1.74675 0.8314 -0.797405
v 1.746124 0.830863 -0.795083
v 1.744409 0.830393 -0.793048
v 1.74245 0.830007 -0.791377
v 1.740067 0.82972 -0.790136
v 1.737675 0.829544 -0.789372
v 1.734986 0.829484 -0.789114
v 1.747505 0.832514 -0.800238
v 1.74675 0.832426 -0.797272
v 1.746124 0.832352 -0.79489
v 1.744409 0.832288 -0.792802
v 1.74245 0.832235 -0.791088
v 1.740067 0.832196 -0.789815
v 1.737675 0.832172 -0.789031
v 1.734986 0.832164 -0.788766
v 1.747505 0.832966 -0.800268
v 1.74675 0.833457 -0.797342
v 1.746124 0.83385 -0.794991
v 1.744409 0.834195 -0.792931
v 1.74245 0.834477 -0.79124
v 1.740067 0.834687 -0.789983
v 1.737675 0.834817 -0.78921
v 1.734986 0.83486 -0.788948
v 1.747505 0.833403 -0.800386
v 1.74675 0.834456 -0.797611
v 1.746124 0.8353 -0.795382
v 1.744409 0.836039 -0.793429
v 1.74245 0.836646 -0.791826
v 1.740067 0.837098 -0.790634
v 1.737675 0.837375 -0.789901
v 1.734986 0.837469 -0.789653
v 1.747529 0.833546 -0.80053
v 1.74675 0.835112 -0.798044
v 1.746096 0.836923 -0.796267
v 1.744409 0.837752 -0.794277
v 1.74245 0.83866 -0.792823
v 1.740067 0.839335 -0.791743
v 1.737675 0.83975 -0.791078
v 1.734986 0.83989 -0.790853
v 1.747505 0.834175 -0.800917
v 1.74675 0.836347 -0.798818
v 1.746159 0.837595 -0.796843
v 1.744409 0.839265 -0.795444
v 1.74245 0.84044 -0.794195
v 1.740067 0.841312 -0.793267
v 1.737675 0.84185 -0.792695
v 1.734986 0.842031 -0.792502
v 1.747505 0.834465 -0.801205
v 1.74675 0.836882 -0.799481
v 1.746124 0.838822 -0.798096
v 1.744409 0.840522 -0.796883
v 1.74245 0.841918 -0.795887
v 1.740067 0.842955 -0.795147
v 1.737675 0.843593 -0.794691
v 1.734986 0.843809 -0.794537
v 1.747505 0.83469 -0.801597
v 1.74675 0.837397 -0.800377
v 1.746124 0.83957 -0.799398
v 1.744409 0.841474 -0.79854
v 1.74245 0.843037 -0.797835
v 1.740067 0.844199 -0.797312
v 1.737675 0.844914 -0.796989
v 1.734986 0.845155 -0.79688
v 1.747505 0.834835 -0.802026
v 1.74675 0.837728 -0.801357
v 1.746124 0.84005 -0.800821
v 1.744409 0.842085 -0.80035
v 1.74245 0.843755 -0.799964
v 1.740067 0.844997 -0.799677
v 1.737675 0.845761 -0.799501
v 1.734986 0.846019 -0.799441
v 1.747505 0.834893 -0.802475
v 1.74675 0.837861 -0.802383
v 1.746124 0.840243 -0.80231
v 1.744409 0.842331 -0.802245
v 1.74245 0.844044 -0.802193
v 1.740067 0.845318 -0.802153
v 1.737675 0.846102 -0.802129
v 1.734986 0.846367 -0.802121
v 1.747505 0.834863 -0.802926
v 1.74675 0.837791 -0.803415
v 1.744409 0.842202 -0.804152
v 1.740067 0.845149 -0.804644
v 1.747043 0.834267 -0.804127
v 1.746212 0.836431 -0.806159
v 1.744938 0.838167 -0.807791
v 1.747043 0.833927 -0.804425
v 1.746212 0.835652 -0.806839
v 1.744938 0.837037 -0.808779
v 1.747043 0.831362 -0.804504
v 1.746212 0.829793 -0.807019
v 1.744938 0.828531 -0.809041
v 1.747043 0.831004 -0.804228
v 1.746212 0.828974 -0.806388
v 1.744938 0.827341 -0.808124
v 1.746487 0.830903 -0.800964
v 1.746212 0.828745 -0.798931
v 1.744938 0.827008 -0.797299
v 1.746487 0.831244 -0.800666
v 1.746212 0.829523 -0.798251
v 1.744938 0.828139 -0.796311
v 1.746487 0.833809 -0.800587
v 1.746212 0.835382 -0.798071
v 1.744938 0.836645 -0.796049
v 1.746487 0.834167 -0.800864
v 1.746212 0.836202 -0.798702
v 1.744938 0.837834 -0.796966
v 1.746714 0.832585 -0.802546
v 1.728783 0.075781 -0.575259
v 1.718762 0.075799 -0.563396
v 1.716015 0.075812 -0.548111
v 1.721278 0.075817 -0.533502
v 1.733141 0.075813 -0.52348
v 1.748426 0.0758 -0.520734
v 1.763036 0.075782 -0.525997
v 1.773057 0.075765 -0.53786
v 1.775804 0.075751 -0.553144
v 1.77054 0.075746 -0.567754
v 1.758677 0.07575 -0.577775
v 1.743393 0.075763 -0.580522
v 1.728792 0.085635 -0.575266
v 1.718771 0.085653 -0.563403
v 1.716024 0.085667 -0.548119
v 1.721288 0.085672 -0.533508
v 1.733151 0.085668 -0.523487
v 1.748435 0.085655 -0.52074
v 1.763045 0.085637 -0.526004
v 1.773066 0.085619 -0.537867
v 1.775813 0.085606 -0.553151
v 1.77055 0.0856 -0.567761
v 1.758687 0.085605 -0.577782
v 1.743402 0.085618 -0.580529
v 1.728802 0.09549 -0.575273
v 1.718781 0.095508 -0.56341
v 1.716034 0.095522 -0.548125
v 1.721297 0.095527 -0.533515
v 1.73316 0.095523 -0.523494
v 1.748445 0.09551 -0.520747
v 1.763054 0.095492 -0.526011
v 1.773076 0.095474 -0.537874
v 1.775823 0.09546 -0.553158
v 1.770559 0.095455 -0.567768
v 1.758696 0.09546 -0.577789
v 1.743412 0.095473 -0.580536
v 1.728812 0.105345 -0.57528
v 1.718791 0.105363 -0.563417
v 1.716043 0.105376 -0.548132
v 1.721307 0.105381 -0.533522
v 1.73317 0.105377 -0.523501
v 1.748454 0.105364 -0.520754
v 1.763064 0.105347 -0.526017
v 1.773085 0.105329 -0.537881
v 1.775832 0.105316 -0.553165
v 1.770569 0.10531 -0.567775
v 1.758706 0.105315 -0.577796
v 1.743421 0.105327 -0.580543
v 1.728821 0.1152 -0.575287
v 1.7188 0.115218 -0.563423
v 1.716053 0.115231 -0.548139
v 1.721316 0.115236 -0.533529
v 1.733179 0.115232 -0.523508
v 1.748464 0.115219 -0.520761
v 1.763073 0.115201 -0.526024
v 1.773095 0.115184 -0.537887
v 1.775841 0.11517 -0.553172
v 1.770578 0.115165 -0.567782
v 1.758715 0.11517 -0.577803
v 1.743431 0.115182 -0.58055
v 1.72883 0.125054 -0.575293
v 1.718809 0.125072 -0.56343
v 1.716062 0.125086 -0.548146
v 1.721326 0.125091 -0.533536
v 1.733189 0.125087 -0.523515
v 1.748473 0.125074 -0.520768
v 1.763083 0.125056 -0.526031
v 1.773104 0.125038 -0.537894
v 1.775851 0.125025 -0.553179
v 1.770588 0.12502 -0.567789
v 1.758725 0.125024 -0.57781
v 1.74344 0.125037 -0.580557
v 1.72884 0.134909 -0.5753
v 1.718819 0.134927 -0.563437
v 1.716072 0.134941 -0.548153
v 1.721335 0.134946 -0.533543
v 1.733198 0.134942 -0.523522
v 1.748482 0.134929 -0.520775
v 1.763092 0.134911 -0.526038
v 1.773113 0.134893 -0.537901
v 1.77586 0.13488 -0.553186
v 1.770597 0.134874 -0.567796
v 1.758734 0.134879 -0.577817
v 1.74345 0.134891 -0.580564
v 1.728849 0.144764 -0.575307
v 1.718828 0.144782 -0.563444
v 1.716081 0.144795 -0.54816
v 1.721344 0.1448 -0.53355
v 1.733208 0.144796 -0.523529
v 1.748492 0.144783 -0.520782
v 1.763102 0.144766 -0.526045
v 1.773123 0.144748 -0.537908
v 1.77587 0.144735 -0.553192
v 1.770607 0.144729 -0.567803
v 1.758744 0.144734 -0.577824
v 1.743459 0.144746 -0.580571
v 1.728859 0.154619 -0.575314
v 1.718837 0.154637 -0.563451
v 1.716091 0.15465 -0.548167
v 1.721354 0.154655 -0.533557
v 1.733217 0.154651 -0.523536
v 1.748501 0.154638 -0.520789
v 1.763111 0.154621 -0.526052
v 1.773132 0.154603 -0.537915
v 1.775879 0.154589 -0.553199
v 1.770616 0.154584 -0.567809
v 1.758753 0.154589 -0.57783
v 1.743469 0.154601 -0.580577
v 1.728868 0.164474 -0.575321
v 1.718847 0.164492 -0.563458
v 1.7161 0.164505 -0.548174
v 1.721363 0.16451 -0.533564
v 1.733226 0.164506 -0.523543
v 1.748511 0.164493 -0.520796
v 1.763121 0.164475 -0.526059
v 1.773142 0.164457 -0.537922
v 1.775889 0.164444 -0.553206
v 1.770625 0.164439 -0.567816
v 1.758762 0.164443 -0.577837
v 1.743478 0.164456 -0.580584
v 1.728878 0.174328 -0.575328
v 1.718856 0.174346 -0.563465
v 1.71611 0.174359 -0.548181
v 1.721373 0.174365 -0.533571
v 1.733236 0.17436 -0.52355
v 1.74852 0.174348 -0.520803
v 1.76313 0.17433 -0.526066
v 1.773151 0.174312 -0.537929
v 1.775898 0.174299 -0.553213
v 1.770635 0.174294 -0.567823
v 1.758772 0.174298 -0.577844
v 1.743487 0.174311 -0.580591
v 1.728887 0.184183 -0.575335
v 1.718866 0.184201 -0.563472
v 1.716119 0.184214 -0.548188
v 1.721382 0.184219 -0.533578
v 1.733245 0.184215 -0.523556
v 1.748529 0.184203 -0.52081
v 1.763139 0.184185 -0.526073
v 1.77316 0.184167 -0.537936
v 1.775907 0.184154 -0.55322
v 1.770644 0.184148 -0.56783
v 1.758781 0.184153 -0.577851
v 1.743497 0.184165 -0.580598
v 1.728896 0.194038 -0.575342
v 1.718875 0.194056 -0.563479
v 1.716128 0.19407 -0.548195
v 1.721392 0.194075 -0.533584
v 1.733255 0.19407 -0.523563
v 1.748539 0.194057 -0.520817
v 1.763149 0.194039 -0.52608
v 1.77317 0.194021 -0.537943
v 1.775917 0.194008 -0.553227
v 1.770654 0.194003 -0.567837
v 1.758791 0.194007 -0.577858
v 1.743506 0.19402 -0.580605
v 1.728906 0.203893 -0.575349
v 1.718885 0.203911 -0.563486
v 1.716138 0.203924 -0.548202
v 1.721401 0.203929 -0.533592
v 1.733264 0.203925 -0.52357
v 1.748549 0.203912 -0.520824
v 1.763159 0.203894 -0.526087
v 1.77318 0.203876 -0.53795
v 1.775927 0.203863 -0.553234
v 1.770663 0.203858 -0.567844
v 1.7588 0.203862 -0.577865
v 1.743516 0.203875 -0.580612
v 1.728915 0.213747 -0.575356
v 1.718894 0.213765 -0.563493
v 1.716147 0.213778 -0.548208
v 1.721411 0.213784 -0.533598
v 1.733274 0.213779 -0.523577
v 1.748558 0.213767 -0.52083
v 1.763168 0.213749 -0.526094
v 1.773189 0.213731 -0.537957
v 1.775936 0.213718 -0.553241
v 1.770673 0.213713 -0.567851
v 1.75881 0.213717 -0.577872
v 1.743525 0.21373 -0.580619
v 1.728925 0.223602 -0.575363
v 1.718904 0.22362 -0.5635
v 1.716157 0.223634 -0.548215
v 1.72142 0.223639 -0.533605
v 1.733283 0.223634 -0.523584
v 1.748567 0.223622 -0.520837
v 1.763178 0.223604 -0.526101
v 1.773198 0.223586 -0.537964
v 1.775945 0.223572 -0.553248
v 1.770682 0.223567 -0.567858
v 1.758819 0.223572 -0.577879
v 1.743535 0.223584 -0.580626
v 1.728934 0.233457 -0.57537
v 1.718913 0.233475 -0.563506
v 1.716166 0.233488 -0.548222
v 1.72143 0.233493 -0.533612
v 1.733293 0.233489 -0.523591
v 1.748577 0.233476 -0.520844
v 1.763187 0.233459 -0.526107
v 1.773208 0.233441 -0.53797
v 1.775955 0.233427 -0.553255
v 1.770692 0.233422 -0.567865
v 1.758829 0.233427 -0.577886
v 1.743544 0.233439 -0.580633
v 1.728944 0.243312 -0.575377
v 1.718922 0.243329 -0.563513
v 1.716176 0.243343 -0.548229
v 1.721439 0.243348 -0.533619
v 1.733302 0.243344 -0.523598
v 1.748586 0.243331 -0.520851
v 1.763196 0.243313 -0.526114
v 1.773217 0.243296 -0.537977
v 1.775964 0.243282 -0.553262
v 1.770701 0.243277 -0.567872
v 1.758838 0.243281 -0.577893
v 1.743554 0.243294 -0.58064
v 1.728953 0.253166 -0.575383
v 1.718932 0.253184 -0.56352
v 1.716185 0.253197 -0.548236
v 1.721448 0.253203 -0.533626
v 1.733312 0.253198 -0.523605
v 1.748596 0.253186 -0.520858
v 1.763206 0.253168 -0.526121
v 1.773227 0.25315 -0.537984
v 1.775974 0.253137 -0.553269
v 1.77071 0.253132 -0.567879
v 1.758847 0.253136 -0.5779
v 1.743563 0.253149 -0.580647
v 1.728962 0.263021 -0.57539
v 1.718941 0.263039 -0.563527
v 1.716194 0.263052 -0.548243
v 1.721458 0.263058 -0.533633
v 1.733321 0.263053 -0.523612
v 1.748605 0.263041 -0.520865
v 1.763215 0.263023 -0.526128
v 1.773236 0.263005 -0.537991
v 1.775983 0.262992 -0.553276
v 1.77072 0.262986 -0.567886
v 1.758857 0.262991 -0.577907
v 1.743572 0.263003 -0.580653
v 1.728972 0.272876 -0.575397
v 1.718951 0.272894 -0.563534
v 1.716204 0.272907 -0.54825
v 1.721467 0.272912 -0.53364
v 1.73333 0.272908 -0.523619
v 1.748615 0.272895 -0.520872
v 1.763225 0.272878 -0.526135
v 1.773246 0.27286 -0.537998
v 1.775993 0.272846 -0.553282
v 1.770729 0.272841 -0.567892
v 1.758866 0.272846 -0.577913
v 1.743582 0.272858 -0.58066
v 1.728981 0.282731 -0.575404
v 1.71896 0.282748 -0.563541
v 1.716213 0.282762 -0.548257
v 1.721477 0.282767 -0.533647
v 1.73334 0.282763 -0.523626
v 1.748624 0.28275 -0.520879
v 1.763234 0.282732 -0.526142
v 1.773255 0.282714 -0.538005
v 1.776002 0.282701 -0.553289
v 1.770739 0.282696 -0.567899
v 1.758876 0.2827 -0.57792
v 1.743591 0.282713 -0.580667
v 1.728991 0.292585 -0.575411
v 1.71897 0.292603 -0.563548
v 1.716223 0.292617 -0.548264
v 1.721486 0.292622 -0.533654
v 1.733349 0.292618 -0.523633
v 1.748634 0.292605 -0.520886
v 1.763244 0.292587 -0.526149
v 1.773265 0.292569 -0.538012
v 1.776011 0.292556 -0.553296
v 1.770748 0.29255 -0.567906
v 1.758885 0.292555 -0.577927
v 1.743601 0.292568 -0.580674
v 1.729 0.30244 -0.575418
v 1.718979 0.302458 -0.563555
v 1.716232 0.302471 -0.548271
v 1.721496 0.302476 -0.533661
v 1.733359 0.302472 -0.52364
v 1.748643 0.30246 -0.520893
v 1.763253 0.302442 -0.526156
v 1.773274 0.302424 -0.538019
v 1.776021 0.302411 -0.553303
v 1.770758 0.302406 -0.567913
v 1.758895 0.30241 -0.577934
v 1.74361 0.302422 -0.580681
v 1.72901 0.312295 -0.575425
v 1.718989 0.312313 -0.563562
v 1.716241 0.312326 -0.548277
v 1.721505 0.312331 -0.533667
v 1.733368 0.312327 -0.523646
v 1.748652 0.312314 -0.520899
v 1.763262 0.312297 -0.526163
v 1.773283 0.312279 -0.538026
v 1.77603 0.312266 -0.55331
v 1.770767 0.312261 -0.56792
v 1.758904 0.312265 -0.577941
v 1.74362 0.312277 -0.580688
v 1.729019 0.32215 -0.575432
v 1.718998 0.322168 -0.563569
v 1.716251 0.322181 -0.548284
v 1.721514 0.322186 -0.533674
v 1.733377 0.322182 -0.523653
v 1.748662 0.322169 -0.520906
v 1.763272 0.322151 -0.52617
v 1.773293 0.322133 -0.538033
v 1.77604 0.32212 -0.553317
v 1.770776 0.322115 -0.567927
v 1.758913 0.322119 -0.577948
v 1.743629 0.322132 -0.580695
v 1.729029 0.332004 -0.575439
v 1.719007 0.332022 -0.563576
v 1.716261 0.332036 -0.548291
v 1.721524 0.332041 -0.533681
v 1.733387 0.332037 -0.52366
v 1.748671 0.332024 -0.520913
v 1.763281 0.332006 -0.526177
v 1.773302 0.331988 -0.53804
v 1.776049 0.331975 -0.553324
v 1.770786 0.33197 -0.567934
v 1.758923 0.331974 -0.577955
v 1.743639 0.331987 -0.580702
v 1.729038 0.341859 -0.575446
v 1.719017 0.341877 -0.563582
v 1.71627 0.34189 -0.548298
v 1.721533 0.341896 -0.533688
v 1.733396 0.341891 -0.523667
v 1.74868 0.341879 -0.52092
v 1.763291 0.341861 -0.526183
v 1.773312 0.341843 -0.538046
v 1.776059 0.34183 -0.553331
v 1.770795 0.341825 -0.567941
v 1.758932 0.341829 -0.577962
v 1.743648 0.341842 -0.580709
v 1.729047 0.351714 -0.575452
v 1.719026 0.351732 -0.563589
v 1.716279 0.351745 -0.548305
v 1.721543 0.35175 -0.533695
v 1.733406 0.351746 -0.523674
v 1.74869 0.351733 -0.520927
v 1.7633 0.351716 -0.52619
v 1.773321 0.351698 -0.538053
v 1.776068 0.351685 -0.553338
v 1.770805 0.351679 -0.567948
v 1.758942 0.351684 -0.577969
v 1.743657 0.351696 -0.580716
v 1.729057 0.361569 -0.575459
v 1.719036 0.361587 -0.563596
v 1.716289 0.3616 -0.548312
v 1.721552 0.361605 -0.533702
v 1.733415 0.361601 -0.523681
v 1.748699 0.361588 -0.520934
v 1.763309 0.36157 -0.526197
v 1.77333 0.361552 -0.53806
v 1.776078 0.361539 -0.553344
v 1.770814 0.361534 -0.567955
v 1.758951 0.361538 -0.577976
v 1.743667 0.361551 -0.580723
v 1.729066 0.371423 -0.575466
v 1.719045 0.371441 -0.563603
v 1.716298 0.371455 -0.548319
v 1.721562 0.37146 -0.533709
v 1.733425 0.371456 -0.523688
v 1.748709 0.371443 -0.520941
v 1.763319 0.371425 -0.526204
v 1.77334 0.371407 -0.538067
v 1.776087 0.371394 -0.553352
v 1.770824 0.371389 -0.567962
v 1.758961 0.371393 -0.577983
v 1.743676 0.371406 -0.580729
v 1.729076 0.381278 -0.575473
v 1.719055 0.381296 -0.56361
v 1.716308 0.381309 -0.548326
v 1.721571 0.381315 -0.533716
v 1.733434 0.38131 -0.523695
v 1.748718 0.381298 -0.520948
v 1.763328 0.38128 -0.526211
v 1.773349 0.381262 -0.538074
v 1.776096 0.381249 -0.553358
v 1.770833 0.381244 -0.567968
v 1.75897 0.381248 -0.577989
v 1.743686 0.381261 -0.580736
v 1.729085 0.391133 -0.57548
v 1.719064 0.391151 -0.563617
v 1.716317 0.391164 -0.548333
v 1.72158 0.391169 -0.533723
v 1.733443 0.391165 -0.523702
v 1.748728 0.391152 -0.520955
v 1.763338 0.391135 -0.526218
v 1.773359 0.391117 -0.538081
v 1.776106 0.391103 -0.553365
v 1.770843 0.391098 -0.567975
v 1.758979 0.391103 -0.577996
v 1.743695 0.391115 -0.580743
v 1.729095 0.400988 -0.575487
v 1.719073 0.401006 -0.563624
v 1.716327 0.401019 -0.54834
v 1.72159 0.401024 -0.53373
v 1.733453 0.40102 -0.523709
v 1.748737 0.401007 -0.520962
v 1.763347 0.400989 -0.526225
v 1.773368 0.400972 -0.538088
v 1.776115 0.400958 -0.553372
v 1.770852 0.400953 -0.567982
v 1.758989 0.400957 -0.578003
v 1.743705 0.40097 -0.58075
v 1.729104 0.410842 -0.575494
v 1.719083 0.41086 -0.563631
v 1.716336 0.410873 -0.548347
v 1.721599 0.410879 -0.533737
v 1.733462 0.410874 -0.523716
v 1.748747 0.410862 -0.520969
v 1.763357 0.410844 -0.526232
v 1.773378 0.410827 -0.538095
v 1.776125 0.410813 -0.553379
v 1.770861 0.410808 -0.567989
v 1.758998 0.410812 -0.57801
v 1.743714 0.410825 -0.580757
v 1.729113 0.420697 -0.575501
v 1.719092 0.420715 -0.563638
v 1.716345 0.420728 -0.548353
v 1.721608 0.420734 -0.533743
v 1.733472 0.420729 -0.523722
v 1.748756 0.420717 -0.520975
v 1.763366 0.420699 -0.526239
v 1.773387 0.420681 -0.538102
v 1.776134 0.420668 -0.553386
v 1.77087 0.420663 -0.567996
v 1.759008 0.420667 -0.578017
v 1.743723 0.42068 -0.580764
v 1.729123 0.430552 -0.575508
v 1.719102 0.43057 -0.563645
v 1.716355 0.430584 -0.54836
v 1.721618 0.430589 -0.53375
v 1.733481 0.430584 -0.523729
v 1.748765 0.430571 -0.520982
v 1.763375 0.430554 -0.526246
v 1.773396 0.430536 -0.538109
v 1.776143 0.430522 -0.553393
v 1.77088 0.430517 -0.568003
v 1.759017 0.430522 -0.578024
v 1.743733 0.430534 -0.580771
v 1.729132 0.440407 -0.575515
v 1.719111 0.440425 -0.563652
v 1.716364 0.440438 -0.548367
v 1.721627 0.440443 -0.533757
v 1.733491 0.440439 -0.523736
v 1.748775 0.440426 -0.520989
v 1.763385 0.440409 -0.526253
v 1.773406 0.440391 -0.538116
v 1.776153 0.440377 -0.5534
v 1.77089 0.440372 -0.56801
v 1.759027 0.440376 -0.578031
v 1.743742 0.440389 -0.580778
v 1.729142 0.450261 -0.575522
v 1.71912 0.450279 -0.563658
v 1.716374 0.450293 -0.548374
v 1.721637 0.450298 -0.533764
v 1.7335 0.450294 -0.523743
v 1.748784 0.450281 -0.520996
v 1.763394 0.450263 -0.526259
v 1.773415 0.450245 -0.538122
v 1.776162 0.450232 -0.553407
v 1.770899 0.450227 -0.568017
v 1.759036 0.450231 -0.578038
v 1.743752 0.450244 -0.580785
v 1.729151 0.460116 -0.575529
v 1.71913 0.460134 -0.563665
v 1.716383 0.460147 -0.548381
v 1.721646 0.460153 -0.533771
v 1.733509 0.460148 -0.52375
v 1.748794 0.460136 -0.521003
v 1.763404 0.460118 -0.526266
v 1.773425 0.4601 -0.538129
v 1.776172 0.460087 -0.553414
v 1.770908 0.460082 -0.568024
v 1.759045 0.460086 -0.578045
v 1.743761 0.460099 -0.580792
v 1.72916 0.469971 -0.575535
v 1.719139 0.469989 -0.563672
v 1.716392 0.470002 -0.548388
v 1.721656 0.470007 -0.533778
v 1.733519 0.470003 -0.523757
v 1.748803 0.46999 -0.52101
v 1.763413 0.469973 -0.526273
v 1.773434 0.469955 -0.538136
v 1.776181 0.469942 -0.55342
v 1.770918 0.469936 -0.568031
v 1.759055 0.469941 -0.578052
v 1.74377 0.469953 -0.580799
v 1.72917 0.479826 -0.575542
v 1.719149 0.479844 -0.563679
v 1.716402 0.479857 -0.548395
v 1.721665 0.479862 -0.533785
v 1.733528 0.479858 -0.523764
v 1.748812 0.479845 -0.521017
v 1.763422 0.479827 -0.52628
v 1.773443 0.479809 -0.538143
v 1.77619 0.479796 -0.553427
v 1.770927 0.479791 -0.568037
v 1.759064 0.479795 -0.578059
v 1.74378 0.479808 -0.580805
v 1.72918 0.489681 -0.575549
v 1.719158 0.489699 -0.563686
v 1.716411 0.489712 -0.548402
v 1.721675 0.489717 -0.533792
v 1.733538 0.489713 -0.523771
v 1.748822 0.4897 -0.521024
v 1.763432 0.489682 -0.526287
v 1.773453 0.489664 -0.53815
v 1.7762 0.489651 -0.553434
v 1.770937 0.489646 -0.568044
v 1.759074 0.48965 -0.578065
v 1.743789 0.489663 -0.580813
v 1.729189 0.499535 -0.575556
v 1.719168 0.499553 -0.563693
v 1.716421 0.499567 -0.548409
v 1.721684 0.499572 -0.533799
v 1.733547 0.499567 -0.523778
v 1.748831 0.499555 -0.521031
v 1.763441 0.499537 -0.526294
v 1.773462 0.499519 -0.538157
v 1.776209 0.499506 -0.553441
v 1.770946 0.4995 -0.568051
v 1.759083 0.499505 -0.578072
v 1.743799 0.499517 -0.580819
v 1.729198 0.50939 -0.575563
v 1.719177 0.509408 -0.5637
v 1.71643 0.509421 -0.548416
v 1.721694 0.509427 -0.533806
v 1.733557 0.509422 -0.523785
v 1.748841 0.509409 -0.521038
v 1.763451 0.509392 -0.526301
v 1.773472 0.509374 -0.538164
v 1.776219 0.50936 -0.553448
v 1.770956 0.509355 -0.568058
v 1.759093 0.50936 -0.578079
v 1.743808 0.509372 -0.580826
v 1.729208 0.519245 -0.57557
v 1.719187 0.519262 -0.563707
v 1.71644 0.519276 -0.548423
v 1.721703 0.519281 -0.533813
v 1.733566 0.519277 -0.523792
v 1.74885 0.519264 -0.521045
v 1.76346 0.519247 -0.526308
v 1.773481 0.519229 -0.538171
v 1.776228 0.519216 -0.553455
v 1.770965 0.51921 -0.568065
v 1.759102 0.519215 -0.578086
v 1.743818 0.519227 -0.580833
v 1.729217 0.529099 -0.575577
v 1.719196 0.529117 -0.563714
v 1.716449 0.529131 -0.548429
v 1.721712 0.529136 -0.533819
v 1.733575 0.529132 -0.523798
v 1.74886 0.529119 -0.521052
v 1.76347 0.529101 -0.526315
v 1.773491 0.529083 -0.538178
v 1.776238 0.52907 -0.553462
v 1.770974 0.529065 -0.568072
v 1.759111 0.529069 -0.578093
v 1.743827 0.529082 -0.58084
v 1.729227 0.538954 -0.575584
v 1.719205 0.538972 -0.563721
v 1.716459 0.538986 -0.548436
v 1.721722 0.538991 -0.533826
v 1.733585 0.538986 -0.523805
v 1.748869 0.538974 -0.521058
v 1.763479 0.538956 -0.526322
v 1.7735 0.538938 -0.538185
v 1.776247 0.538925 -0.553469
v 1.770984 0.53892 -0.568079
v 1.759121 0.538924 -0.5781
v 1.743837 0.538937 -0.580847
v 1.791703 0.715591 -0.350862
v 1.791703 0.715591 -0.77549
v 1.791703 0.771391 -0.350862
v 1.791703 0.771391 -0.77549
vn 1 0 0
vn 0 -1 0
vn -0.0024 -1 0.0001
vn -0.0023 -1 0.0002
vn 0 0 1
vn -0.9955 -0.012 -0.0942
vn -0.9958 -0.0142 -0.0901
vn -0.9922 -0.0641 -0.1072
vn -0.9885 -0.0606 -0.1389
vn -0.9604 -0.2286 -0.1593
vn -0.9201 -0.3425 -0.1903
vn -0.7477 -0.5172 -0.4164
vn -0.9428 -0.2168 -0.2532
vn -0.9946 -0.0123 -0.1032
vn -0.9453 -0.1607 -0.2837
vn -0.7483 -0.3053 -0.589
vn -0.9938 -0.0358 -0.1057
vn -0.9946 0.0123 -0.1032
vn -0.9834 0.0887 -0.1586
vn -0.7832 0.3968 -0.4788
vn -0.9452 0.1626 -0.283
vn -0.7423 0.5265 -0.4145
vn -0.9197 0.3437 -0.19
vn -0.9603 0.2291 -0.1592
vn -0.9426 0.2184 -0.2524
vn -0.9955 0.012 -0.0942
vn -0.9885 0.0606 -0.1389
vn -0.9922 0.0641 -0.1072
vn -0.9958 0.0142 -0.0901
vn -0.0597 0.9038 -0.4238
vn -0.1574 0.9087 -0.3866
vn -0.4256 0.6862 -0.59
vn -0.1608 0.6709 -0.7239
vn -0.6169 0.4617 -0.6374
vn -0.6187 0.4368 -0.653
vn -0.3722 0.4795 -0.7947
vn 0.8809 0.4095 -0.2373
vn -0.4378 -0.6726 -0.5966
vn -0.1641 -0.9055 -0.3912
vn -0.0622 -0.9006 -0.4301
vn -0.1656 -0.6571 -0.7354
vn -0.1975 -0.8619 -0.467
vn -0.3139 -0.8767 -0.3644
vn -0.5005 -0.5833 -0.6398
vn -0.2719 -0.5958 -0.7557
vn -0.5419 -0.2854 -0.7905
vn -0.4605 -0.4013 -0.7918
vn -0.4358 -0.2138 -0.8743
vn -0.5482 -0.207 -0.8103
vn -0.8925 0.3929 -0.2214
vn -0.0637 0.2341 -0.9701
vn -0.0532 0.4093 -0.9109
vn 0.2017 0.4693 -0.8597
vn 0 0.9002 -0.4355
vn 0 0.6631 -0.7485
vn 0.527 -0.572 -0.6286
vn 0.3327 -0.8716 -0.36
vn 0.2112 -0.8583 -0.4677
vn 0.2871 -0.5913 -0.7536
vn 0 -0.8969 -0.4423
vn 0 -0.6505 -0.7595
vn 0 -0.6506 -0.7594
vn 0.1746 -0.2325 -0.9568
vn 0.3132 -0.3954 -0.8635
vn 0.0467 -0.2887 -0.9563
vn -0.0101 -0.0766 -0.997
vn 0.9305 0.2059 -0.303
vn 0.8562 0.3486 -0.3814
vn 0.296 0.5 -0.8138
vn 0.6863 0.1965 -0.7003
vn 0.0841 0.2252 -0.9707
vn 0.0166 0.0168 -0.9997
vn 0.4463 0.0078 -0.8949
vn 0.391 0.1339 -0.9106
vn 0.9702 0.0523 -0.2367
vn 0.8019 0.0456 -0.5957
vn 0.8302 0.0086 -0.5574
vn 0.9757 0.0114 -0.2189
vn 0.2919 -0.4897 -0.8215
vn 0.8544 -0.3479 -0.386
vn 0.9302 -0.205 -0.3046
vn 0.6829 -0.1949 -0.704
vn 0.9701 -0.0522 -0.237
vn 0.9757 -0.0113 -0.2189
vn 0.8301 -0.0086 -0.5576
vn 0.8012 -0.0456 -0.5967
vn 0.1226 -0.1757 -0.9768
vn 0.3826 -0.1319 -0.9144
vn 0.4452 -0.0065 -0.8954
vn 0.024 -0.0153 -0.9996
vn -0.991 -0.07 -0.1143
vn -0.9942 -0.0158 -0.1063
vn -0.9856 -0.0159 -0.1681
vn -0.982 -0.0693 -0.1756
vn -0.9341 -0.035 -0.3553
vn -0.8798 -0.0429 -0.4735
vn -0.8593 -0.163 -0.4848
vn -0.9144 -0.1551 -0.3739
vn -0.9545 -0.2401 -0.1769
vn -0.9213 -0.2297 -0.3137
vn -0.8842 -0.3331 -0.3275
vn -0.9158 -0.3486 -0.1997
vn -0.9856 0.0159 -0.1681
vn -0.9942 0.0158 -0.1063
vn -0.991 0.07 -0.1143
vn -0.982 0.0692 -0.1756
vn -0.9545 0.2401 -0.1769
vn -0.9158 0.3486 -0.1997
vn -0.8842 0.3331 -0.3275
vn -0.9213 0.2297 -0.3137
vn -0.9341 0.035 -0.3553
vn -0.9144 0.1551 -0.3739
vn -0.8593 0.163 -0.4848
vn -0.8798 0.0429 -0.4735
vn 0 0.7258 -0.6879
vn 0 0.9155 -0.4023
vn -0.9506 0.2549 -0.1771
vn -0.9554 0.0549 -0.2902
vn -0.7497 0.0056 -0.6617
vn -0.9618 0.0574 -0.2675
vn 0 0.4051 -0.9143
vn 0 0.1137 -0.9935
vn -0.5886 -0.5484 -0.594
vn -0.3971 -0.8166 -0.4188
vn -0.1602 -0.9138 -0.3731
vn -0.2846 -0.7167 -0.6367
vn 0 -0.9155 -0.4023
vn 0 -0.7258 -0.6879
vn 0 -0.4051 -0.9143
vn 0 -0.1137 -0.9935
vn -0.9621 -0.0572 -0.2666
vn -0.7497 -0.0056 -0.6617
vn -0.9557 -0.0547 -0.2893
vn 0.9562 0.2381 -0.1701
vn 0.7012 0.2623 -0.663
vn 0.6844 0.3207 -0.6548
vn 0.7349 0.0814 -0.6733
vn 0.736 0.0708 -0.6732
vn 0.1701 -0.9125 -0.372
vn 0.4236 -0.8041 -0.4171
vn 0.6155 -0.5317 -0.5819
vn 0.3 -0.7132 -0.6335
vn 0.7098 -0.2618 -0.654
vn 0.7381 -0.0726 -0.6708
vn 0.7376 -0.0787 -0.6706
vn 0.6976 -0.311 -0.6455
vn 0.9063 0.2985 -0.2992
vn 0.9326 0.3104 -0.1842
vn 0.9633 0.2129 -0.1636
vn 0.9352 0.2056 -0.2883
vn 0.9923 0.0613 -0.1072
vn 0.9949 0.0138 -0.1001
vn 0.9879 0.0139 -0.1544
vn 0.9851 0.0608 -0.1611
vn 0.8847 0.1463 -0.4426
vn 0.9294 0.1399 -0.3414
vn 0.9459 0.0312 -0.3229
vn 0.9017 0.0384 -0.4307
vn 0.9633 -0.2129 -0.1636
vn 0.9326 -0.3104 -0.1842
vn 0.9063 -0.2985 -0.2992
vn 0.9352 -0.2056 -0.2883
vn 0.8847 -0.1463 -0.4426
vn 0.9017 -0.0384 -0.4307
vn 0.9459 -0.0312 -0.3229
vn 0.9294 -0.1399 -0.3414
vn 0.9923 -0.0613 -0.1072
vn 0.9851 -0.0608 -0.1611
vn 0.9879 -0.0139 -0.1544
vn 0.9949 -0.0138 -0.1001
vn -0.9481 0.247 -0.2004
vn -0.3077 -0.8213 -0.4805
vn -0.134 -0.9008 -0.4131
vn -0.1891 -0.6469 -0.7387
vn -0.3686 -0.5546 -0.746
vn -0.3709 -0.2426 -0.8964
vn -0.1878 -0.2961 -0.9365
vn -0.0117 -0.0726 -0.9973
vn 0.9476 0.2462 -0.2035
vn 0.0117 -0.0725 -0.9973
vn 0.1879 -0.2959 -0.9366
vn 0.371 -0.2421 -0.8965
vn 0.3083 -0.8204 -0.4816
vn 0.3688 -0.5535 -0.7467
vn 0.1893 -0.6465 -0.7391
vn 0.1342 -0.9006 -0.4135
vn 0.8856 0.3969 -0.2412
vn 0.8315 0.1263 -0.5409
vn 0.8293 -0.127 -0.5442
vn -0.2763 -0.8986 -0.3408
vn -0.4754 -0.6771 -0.5617
vn -0.2667 -0.6825 -0.6805
vn -0.1729 -0.8919 -0.4179
vn 0.6052 0.3486 -0.7157
vn 0.659 0.0905 -0.7467
vn 0.6601 0.08 -0.7469
vn 0.6211 0.2931 -0.7269
vn -0.887 0.3962 -0.2373
vn 0.475 -0.6766 -0.5627
vn 0.2767 -0.8983 -0.3414
vn 0.1734 -0.8916 -0.4183
vn 0.2661 -0.6822 -0.681
vn 0.6188 -0.3405 -0.7079
vn 0.6305 -0.2933 -0.7187
vn 0.6624 -0.0818 -0.7447
vn 0.6619 -0.0879 -0.7444
vn -0.0995 0.9298 -0.3544
vn -0.1933 0.5718 -0.7973
vn -0.3806 0.4412 -0.8127
vn 0.1069 0.929 -0.3544
vn 0.2061 0.5695 -0.7958
vn 0.4042 0.4336 -0.8054
vn -0.0993 0.9352 -0.3398
vn 0 0.7244 -0.6894
vn -0.6201 0.4425 -0.6478
vn 0 0.1136 -0.9935
vn 0 0.4042 -0.9147
vn -0.6384 -0.4338 -0.6359
vn 0 -0.1136 -0.9935
vn 0 -0.4042 -0.9147
vn 0.645 0.4295 -0.6321
vn 0.1068 0.9343 -0.3402
vn 0 0.7242 -0.6896
vn 0 0.1135 -0.9935
vn 0 0.404 -0.9148
vn 0 -0.1135 -0.9935
vn 0 -0.404 -0.9148
vn -0.2067 0.908 -0.3643
vn -0.6303 -0.2058 -0.7486
vn -0.2154 -0.9046 -0.3679
vn 0 0.8935 -0.449
vn 0 -0.8898 -0.4563
vn 0 0.1142 -0.9935
vn 0 0.4079 -0.913
vn 0 0.9175 -0.3977
vn 0 0.7299 -0.6836
vn 0 -0.9175 -0.3977
vn 0 -0.7299 -0.6836
vn 0 -0.1142 -0.9935
vn 0 -0.4079 -0.913
vn 0 0.4078 -0.9131
vn 0 0.7298 -0.6836
vn 0 -0.7298 -0.6836
vn 0 -0.4078 -0.9131
vn -0.1992 0.9422 -0.2694
vn 0.2137 0.939 -0.2696
vn -0.9966 0.0828 -0.0025
vn -0.996 0.0892 -0.0028
vn -0.9972 0.0742 -0.0023
vn -0.9988 0.0487 -0.0015
vn -0.9999 0.0171 -0.0006
vn -0.9999 0.0113 -0.0004
vn -0.9997 0.0225 -0.0007
vn -0.9993 0.0381 -0.0011
vn 0.9982 0.0597 -0.0019
vn 0.9968 0.08 -0.0024
vn 0.9958 0.092 -0.0028
vn 0.9962 0.0869 -0.0026
vn 0.9978 0.0663 -0.002
vn 0.9985 0.054 -0.0017
vn 0.9999 0.0131 -0.0004
vn 0.9999 0.0139 -0.0004
vn -0.0848 0.4678 -0.8798
vn -0.0933 0.5616 -0.8221
vn -0.1893 0.4433 -0.8762
vn -0.1089 0.2599 -0.9595
vn 0.0934 0.5613 -0.8223
vn 0.0848 0.4677 -0.8798
vn -0.0724 0.2606 -0.9627
vn 0.1894 0.443 -0.8763
vn -0.5643 0.4676 -0.6804
vn -0.5828 -0.4604 -0.6697
vn 0.5624 0.4675 -0.682
vn 0.0858 0.9299 -0.3577
vn -0.0856 0.9301 -0.3572
vn 0 0.1138 -0.9935
vn 0 0.4053 -0.9142
vn 0 0.4054 -0.9141
vn -0.0854 0.9369 -0.339
vn 0.0856 0.9368 -0.3392
vn 0 0.7263 -0.6874
vn 0 0.7261 -0.6876
vn 0 -0.1138 -0.9935
vn 0 -0.4055 -0.9141
vn 0 -0.4053 -0.9142
vn -0.6663 0 -0.7457
vn -0.1727 0.9474 -0.2696
vn 0.1731 0.9471 -0.2703
vn 0.9988 0.0494 -0.0016
vn 0.9996 0.0292 -0.0009
vn 0.9999 0.0147 -0.0005
vn 0.9998 0.0221 -0.0007
vn 1 0.0018 -0.0001
vn 1 0.0021 -0.0001
vn 1 0.0086 -0.0003
vn 1 0.0067 -0.0002
vn 1 -0.0067 0.0002
vn 1 -0.009 0.0003
vn 1 -0.0022 0.0001
vn 1 -0.0018 0.0001
vn -0.9986 0.0528 -0.0016
vn -0.9979 0.0649 -0.002
vn -0.9999 0.0136 -0.0004
vn -0.9999 0.0129 -0.0004
vn -1 0 0
vn -0.9954 -0.0953 0.0029
vn -0.995 -0.1003 0.0031
vn -0.9979 -0.065 0.002
vn -0.9991 -0.0416 0.0013
vn -0.9999 -0.0135 0.0003
vn 0.9951 -0.0988 0.003
vn 0.9985 -0.0539 0.0017
vn 0.9998 -0.0176 0.0005
vn 0.997 -0.0768 0.0024
vn 0.9992 -0.0396 0.0012
vn 0.9983 -0.0588 0.0018
vn 0.004 0.0008 -1
vn 0.0066 0.0013 -1
vn -1 -0.0055 0.0001
vn -1 -0.0034 0.0001
vn -1 0.0051 -0.0002
vn -1 0.0035 -0.0001
vn -0.8534 -0.4775 -0.2089
vn -0.8237 -0.5001 -0.2673
vn -0.8255 -0.5432 -0.1533
vn -0.9724 -0.2276 -0.0514
vn -0.9999 -0.0136 -0.0024
vn -0.9985 -0.0522 -0.0179
vn -0.9536 -0.286 -0.0935
vn 0 -0.9943 -0.1069
vn 0 -0.9343 -0.3564
vn -0.3395 -0.9129 -0.2267
vn -0.0322 -0.9972 -0.0679
vn -0.0889 -0.9138 -0.3963
vn 0.0955 -0.9128 -0.397
vn 0.0778 -0.9944 -0.072
vn 0.3772 -0.8986 -0.2242
vn 0.88 -0.4357 -0.1894
vn 0.8589 -0.493 -0.1389
vn 0.8571 -0.4541 -0.2433
vn 0.5481 -0.21 -0.8096
vn 0.5911 -0.04 -0.8056
vn 0.5734 -0.1189 -0.8106
vn -0.0005 -0.8423 -0.5389
vn -0.0002 -0.8422 -0.5392
vn -0.0017 -0.795 -0.6067
vn -0.0041 -0.7955 -0.606
vn -0.0072 -0.6732 -0.7395
vn -0.0115 -0.5493 -0.8355
vn -0.0276 -0.5491 -0.8353
vn -0.0174 -0.6727 -0.7398
vn -0.1146 -0.544 -0.8312
vn -0.1997 -0.5348 -0.821
vn -0.2301 -0.6573 -0.7176
vn -0.1264 -0.6612 -0.7395
vn -0.0783 -0.8531 -0.5158
vn -0.1386 -0.7817 -0.608
vn -0.3507 -0.7677 -0.5363
vn -0.8518 -0.4161 -0.3184
vn -0.8474 -0.446 -0.2881
vn -0.9007 -0.3571 -0.2473
vn -0.8994 -0.3416 -0.2728
vn -0.9781 -0.1638 -0.1282
vn -0.9977 -0.035 -0.0581
vn -0.9862 -0.0429 -0.1601
vn -0.9684 -0.167 -0.1851
vn -0.8953 -0.2729 -0.3521
vn -0.9184 -0.2645 -0.2942
vn -0.9485 -0.0958 -0.302
vn -0.9258 -0.1143 -0.3602
vn 0.0914 -0.8414 -0.5325
vn 0.2074 -0.8199 -0.5336
vn 0.2942 -0.7498 -0.5926
vn 0.1449 -0.7804 -0.6083
vn 0.3099 -0.6335 -0.709
vn 0.2625 -0.3311 -0.9064
vn 0.1298 -0.3073 -0.9427
vn 0.1591 -0.6549 -0.7388
vn 0 -0.3242 -0.946
vn 0 -0.6652 -0.7467
vn 0 -0.8393 -0.5437
vn 0 -0.7863 -0.6179
vn 0.921 -0.3204 -0.2217
vn 0.8769 -0.4039 -0.2606
vn 0.8807 -0.3762 -0.2879
vn 0.9199 -0.3067 -0.2444
vn 0.9165 -0.2451 -0.3162
vn 0.9417 -0.1012 -0.3207
vn 0.9603 -0.0844 -0.266
vn 0.9357 -0.2367 -0.2616
vn 0.9831 -0.1447 -0.1119
vn 0.9761 -0.147 -0.1599
vn 0.9894 -0.0367 -0.1402
vn 0.9982 -0.0312 -0.0507
vn -0.1251 0.9884 -0.0859
vn -0.2124 0.9727 -0.0932
vn -0.2058 0.9605 -0.1871
vn -0.982 0.1829 -0.0462
vn -0.9997 0.0234 -0.0067
vn -0.9974 0.0673 -0.0258
vn -0.979 0.1905 -0.073
vn -0.0208 0.9785 -0.2053
vn -0.0394 0.987 -0.1559
vn -0.097 0.9576 -0.2713
vn -0.0379 0.9339 -0.3556
vn -0.3823 0.5186 -0.7648
vn -0.398 0.4377 -0.8062
vn -0.3633 0.3737 -0.8534
vn -0.0661 0.9587 -0.2765
vn -0.0619 0.9233 -0.3791
vn -0.1898 0.9005 -0.3913
vn -0.0359 0.9663 -0.255
vn -0.1761 0.8939 -0.4121
vn -0.0559 0.9211 -0.3854
vn 0.2778 0.1381 -0.9507
vn 0.0017 0.0422 -0.9991
vn 0.1409 0.2423 -0.9599
vn 0.189 0.3152 -0.93
vn 0.0219 0.9782 -0.2067
vn 0.0376 0.9332 -0.3574
vn 0.0924 0.9562 -0.2776
vn 0.0288 0.9868 -0.1592
vn 0.5293 0.8289 -0.181
vn 0.1931 0.9773 -0.0877
vn 0.2963 0.8527 -0.4302
vn -0.441 0.2559 -0.8602
vn -0.2204 0.1744 -0.9597
vn -0.0427 0.0473 -0.998
vn -0.1733 0.7732 -0.6101
vn -0.2017 0.6935 -0.6916
vn -0.4081 0.6365 -0.6544
vn -0.3828 0.7123 -0.5882
vn -0.9524 0.1535 -0.2634
vn -0.9856 0.024 -0.1675
vn -0.9987 0.0196 -0.0476
vn -0.9728 0.2175 -0.0796
vn -0.9449 0.2306 -0.2323
vn -0.1571 0.9167 -0.3673
vn -0.3989 0.8086 -0.4325
vn -0.3716 0.9132 -0.1671
vn -0.123 0.9834 -0.1331
vn -0.1839 0.6517 -0.7358
vn 0.0024 0.5112 -0.8595
vn -0.3546 0.5641 -0.7457
vn -0.9036 0.0629 -0.4237
vn -0.9286 -0.009 -0.3709
vn -0.9509 0.0117 -0.3093
vn -0.888 0.1553 -0.4328
vn -0.003 0.2426 -0.9701
vn -0.017 0.0544 -0.9984
vn -0.0068 0.047 -0.9989
vn -0.0014 0.2319 -0.9727
vn -0.0008 0.3523 -0.9359
vn 0.0208 0.5118 -0.8589
vn 0.0451 0.6624 -0.7478
vn 0.062 0.6668 -0.7426
vn 0.0084 0.5195 -0.8545
vn 0.0023 0.5219 -0.853
vn 0.0004 0.5213 -0.8534
vn 0.0952 0.6623 -0.7431
vn 0.0708 0.6811 -0.7288
vn 0.0347 0.6973 -0.7159
vn 0.029 0.7139 -0.6997
vn 0.0532 0.821 -0.5685
vn 0.025 0.8119 -0.5832
vn 0.074 0.9289 -0.3628
vn 0.0408 0.9875 -0.1524
vn 0.0039 0.9859 -0.1672
vn 0.0232 0.9236 -0.3827
vn 0.9637 0.2649 -0.0326
vn 0.9762 0.2159 0.0216
vn 0.9817 0.181 0.0593
vn -0.7352 0.4327 -0.5218
vn -0.7243 0.4374 -0.5329
vn -0.7327 0.5059 -0.4553
vn -0.7144 0.57 -0.4059
vn 0.065 0.671 -0.7386
vn -0.0001 0.7048 -0.7094
vn -0.0663 0.6706 -0.7389
vn 0.0024 0.7144 -0.6997
vn -0.0015 0.5223 -0.8528
vn -0.0682 0.6815 -0.7286
vn -0.0925 0.6632 -0.7427
vn 0.0011 0.5224 -0.8527
vn -0.6753 0.4536 -0.5816
vn -0.5848 0.4367 -0.6836
vn -0.5725 0.3915 -0.7204
vn -0.6345 0.4638 -0.6183
vn -0.1444 0.0849 -0.9859
vn -0.0839 0.0682 -0.9941
vn -0.0596 0.2547 -0.9652
vn -0.2916 0.3578 -0.8871
vn -0.2116 0.2048 -0.9557
vn 0.0661 0.2274 -0.9715
vn 0.0976 0.0143 -0.9951
vn 0.1907 0.0323 -0.9811
vn 0.1796 0.1394 -0.9738
vn 0.0551 0.3319 -0.9417
vn 0.7669 0.3103 -0.5617
vn 0.8096 0.3482 -0.4725
vn 0.7974 0.3336 -0.5029
vn 0.733 0.2964 -0.6122
vn 0.0041 0.5062 -0.8624
vn 0.0147 0.5017 -0.8649
vn 0.1385 0.6521 -0.7454
vn 0.0914 0.6755 -0.7317
vn 0.7946 0.3884 -0.4667
vn 0.8052 0.3787 -0.4564
vn 0.7172 0.5335 -0.4483
vn 0.4545 0.7314 -0.5084
vn -0.9841 0.1618 0.0735
vn -0.9804 0.1937 0.035
vn -0.9712 0.2375 -0.0187
vn 0.0162 0.9832 -0.182
vn -0.0428 0.9827 -0.1801
vn -0.0308 0.9002 -0.4344
vn 0.0759 0.9101 -0.4075
vn 0.0177 0.7845 -0.6199
vn 0.031 0.7413 -0.6705
vn 0.1243 0.7311 -0.6709
vn 0.1462 0.7998 -0.5823
vn 0.1459 0.6731 -0.725
vn 0.2091 0.734 -0.6462
vn 0.1378 0.6904 -0.7102
vn 0.0352 0.7341 -0.6781
vn 0 0.5075 -0.8617
vn -0.0697 0.6816 -0.7284
vn -0.0346 0.6777 -0.7345
vn 0.0028 0.5082 -0.8612
vn 0.0317 0.6828 -0.7299
vn 0.006 0.6839 -0.7295
vn -0.0015 0.5086 -0.861
vn 0.0018 0.5089 -0.8608
vn 0 0.2195 -0.9756
vn 0 0.3501 -0.9367
vn 0 0.2104 -0.9776
vn 0 0.0084 -1
vn 0 0.0088 -1
vn 0.3953 0.661 -0.6378
vn 0.2081 0.7161 -0.6663
vn 0.1501 0.7445 -0.6505
vn 0.3101 0.7002 -0.643
vn 0.1429 0.8898 -0.4334
vn 0.146 0.9791 -0.1415
vn 0.6021 0.7768 -0.1847
vn 0.3217 0.7819 -0.5339
vn 0.9508 0.158 -0.2663
vn 0.9362 0.2283 -0.2671
vn 0.9657 0.2433 -0.0909
vn 0.9988 0.0066 -0.0477
vn 0.9883 0.02 -0.1513
vn 0.962 0.0114 -0.2727
vn 0.9441 -0.0085 -0.3295
vn 0.9245 0.0563 -0.3769
vn 0.9089 0.1478 -0.39
vn 0.0221 0.5134 -0.8579
vn 0.2216 0.6763 -0.7025
vn 0.4178 0.5694 -0.7079
vn -0.4613 -0.5486 -0.6973
vn -0.3113 -0.2264 -0.923
vn -0.1722 -0.3274 -0.9291
vn -0.2458 -0.6362 -0.7314
vn 0.0015 -0.8009 -0.5989
vn -0.2063 -0.8523 -0.4806
vn 0.0065 -0.8305 -0.557
vn 0.6102 -0.6463 -0.4582
vn 0.4763 -0.7665 -0.4308
vn 0.2724 -0.8225 -0.4993
vn 0.645 -0.6118 -0.458
vn 0.6826 -0.4761 -0.5545
vn 0.6826 -0.4879 -0.5441
vn 0.3188 -0.3013 -0.8987
vn 0.5795 -0.186 -0.7934
vn 0.8772 0.4754 0.0676
vn 0.7927 0.6007 -0.1035
vn 0.8548 0.5188 0.0125
vn -0.8598 0.5104 0.0166
vn -0.8125 0.5761 -0.0893
vn -0.8772 0.4754 0.0677
vn 0.3383 0.1668 -0.9261
vn 0.1492 0.2404 -0.9591
vn 0.0026 0.0338 -0.9994
vn -0.1137 0.9605 -0.2541
vn -0.0682 0.9845 -0.1619
vn -0.0231 0.99 -0.139
vn -0.0753 0.9478 -0.31
vn -0.3862 0.6195 -0.6834
vn -0.2549 0.817 -0.5172
vn -0.1529 0.796 -0.5856
vn -0.2194 0.6675 -0.7116
vn -0.4613 0.544 -0.7009
vn -0.2562 0.6119 -0.7483
vn -0.2458 0.5153 -0.821
vn -0.4515 0.458 -0.7657
vn -0.3372 0.0084 -0.9414
vn -0.4256 0.244 -0.8714
vn -0.2183 0.2865 -0.9329
vn -0.1698 0.009 -0.9854
vn 0.4811 0.2159 -0.8497
vn 0.4802 0.0154 -0.877
vn 0.2419 0.0139 -0.9702
vn 0.2391 0.2715 -0.9322
vn 0.5035 0.3936 -0.7691
vn 0.2483 0.4934 -0.8336
vn 0.215 0.6247 -0.7507
vn 0.4923 0.5245 -0.6946
vn 0.2561 0.8183 -0.5147
vn 0.3896 0.6416 -0.6607
vn 0.1963 0.6864 -0.7003
vn 0.1505 0.7992 -0.5819
vn 0.0774 0.9616 -0.2634
vn 0.0653 0.9477 -0.3125
vn 0.0034 0.9902 -0.1396
vn 0.0125 0.9843 -0.1758
vn 0.1476 -0.9888 0.0224
vn 0.0653 -0.9978 0.0091
vn 0.0134 -0.9999 0.004
vn -0.0025 -1 -0.0008
vn -0.0046 -1 -0.0005
vn 0.1645 -0.986 0.028
vn 0.3262 -0.9451 0.0212
vn 0.037 -0.9972 0.0645
vn 0 -0.9361 -0.3518
vn 0 -0.9952 -0.0976
vn 0.9413 -0.3185 -0.1118
vn 0.8731 -0.4708 -0.1268
vn 0 -0.9359 -0.3524
vn 0 -0.9951 -0.0987
vn 0 -0.8422 -0.5392
vn 0 -0.7949 -0.6067
vn 0 -0.5494 -0.8356
vn 0 -0.6719 -0.7406
vn -0.9931 -0.1173 0.0001
vn -0.9937 -0.1113 -0.0168
vn -0.9917 -0.0323 -0.1248
vn -0.9949 -0.0779 -0.0639
vn 0 -0.6651 -0.7467
vn 0.9991 -0.0367 -0.0221
vn -0.9788 -0.0107 -0.2045
vn -0.9798 -0.0099 -0.1997
vn -0.9938 0.0486 -0.1004
vn -0.991 0.0707 -0.1133
vn -0.9644 0.0952 -0.2466
vn -0.9777 0.0449 -0.2051
vn -0.958 0.1343 -0.2534
vn -0.9783 0.1157 -0.1721
vn -0.2833 0.5528 -0.7837
vn -0.1004 0.4299 -0.8973
vn -0.5219 0.3097 -0.7948
vn 0.7289 0.1901 -0.6576
vn 0.2279 0.5111 -0.8287
vn 0.0782 0.4209 -0.9037
vn -0.8735 0.2782 -0.3995
vn -0.8563 0.3588 -0.3715
vn -0.8958 0.4372 -0.0799
vn -0.9163 0.3632 -0.1691
vn 0.0078 0.9856 -0.1687
vn 0.0091 0.9144 -0.4046
vn -0.6886 0.636 -0.3483
vn -0.02 0.6841 -0.7291
vn 0.004 0.8326 -0.5538
vn -0.0748 0.674 -0.7349
vn 0.0044 0.5205 -0.8538
vn 0.7132 0.2883 -0.6389
vn 0.1114 0.6503 -0.7515
vn 0.0205 0.4971 -0.8675
vn 0.1629 0.689 -0.7062
vn 0.5853 0.7206 -0.3717
vn 0.2182 0.8913 -0.3975
vn 0.0251 0.9835 -0.1793
vn 0.8638 0.2967 -0.4072
vn 0.8198 0.3692 -0.4377
vn 0.9162 0.3519 -0.1915
vn -0.27 0.9423 -0.1979
vn -0.5211 0.5614 -0.6429
vn -0.461 0.5837 -0.6684
vn 0.5184 0.7686 -0.3749
vn 0.3624 0.6736 -0.6442
vn -0.7587 0.2605 -0.5971
vn -0.8748 0.2432 -0.419
vn 0 0.0354 -0.9994
vn 0 0.2602 -0.9655
vn 0.9999 -0.0137 0.0004
vn 0.9999 -0.0124 0.0004
vn 0.9976 -0.0688 0.0021
vn 0.9961 -0.0878 0.0027
vn 0.999 -0.0194 -0.041
vn 0.9992 -0.0166 -0.0364
vn 0.9943 -0.0833 -0.0667
vn 0.9928 -0.1186 -0.0172
vn 0.8041 0.2436 -0.5423
vn 0.8868 0.2511 -0.3881
vn 0 -0.0037 -1
vn 0 0.2442 -0.9697
vn 1 0 0.0023
vn 1 0.001 0.0027
vn 0.9569 0.2851 -0.0553
vn -0.9658 0.2558 -0.0416
vn 0.6016 0.0188 -0.7985
vn -0.0288 -0.0242 -0.9993
vn -0.012 -0.0324 -0.9994
vn -0.1276 -0.0119 -0.9917
vn -0.0833 -0.0144 -0.9964
vn -0.5557 -0.6346 -0.5371
vn 0 -0.7992 -0.601
vn 0 -0.6485 -0.7612
vn -0.2082 -0.869 -0.4489
vn -0.4334 -0.7999 -0.415
vn 0.2054 -0.8696 -0.449
vn 0.4278 -0.8026 -0.4159
vn -0.1042 0.2875 -0.9521
vn -0.0875 0.378 -0.9216
vn -0.1954 0.3462 -0.9176
vn -0.0754 0.143 -0.9868
vn 0.1525 0.3814 -0.9118
vn 0.3373 0.3454 -0.8757
vn 0.0001 0.972 -0.2351
vn 0.0001 0.9721 -0.2346
vn 0 0.9286 -0.371
vn 0.7728 0.6203 -0.1342
vn -0.7973 0.5921 -0.1176
vn -0.9467 -0.0608 -0.3162
vn -0.9457 -0.1576 -0.2844
vn -0.984 -0.1089 -0.1412
vn -0.9673 -0.1416 -0.2103
vn 0.9911 0.014 0.1325
vn 0.9914 0.0132 0.1303
vn 0.9909 -0.0662 0.1174
vn 0.994 -0.0433 0.1009
vn 0.9844 -0.1595 0.0738
vn 0.9799 -0.1668 0.1091
vn 0.9827 -0.1184 0.1422
vn 0.9775 -0.1585 0.139
vn 0.9955 0.066 0.0681
vn 0.9989 0.0301 0.0346
vn 1 0.0024 0.0037
vn 0.9999 0.0085 0.0132
vn -0.993 -0.1176 -0.0111
vn -0.996 -0.0687 -0.0571
vn -0.9992 -0.0156 -0.0356
vn -0.9996 -0.0126 -0.0259
vn -0.9934 -0.1148 0.0045
vn -0.9995 -0.0285 -0.0155
vn -1 -0.0063 -0.0052
vn -1 -0.0059 -0.0038
vn 0.9936 -0.1124 0.0098
vn 0.9934 -0.1147 0.005
vn 0.992 -0.1242 0.0216
vn 0.9892 -0.1416 0.0366
vn 0.9999 -0.0042 -0.0167
vn 0.9999 -0.0026 -0.0137
vn 0.9991 -0.0303 -0.0283
vn 0.994 -0.1097 0.0013
vn 0.978 0.0921 0.1869
vn 0.9803 0.061 0.1881
vn 0.9852 0.1011 0.1386
vn 0.9863 0.0989 0.1317
vn -0.0039 -1 -0.0007
vn -0.0063 -1 -0.002
vn -0.0472 -0.9973 0.0555
vn -0.1618 -0.9867 0.0143
vn 0.9252 -0.3709 0.0806
vn 0.9817 -0.1892 0.0231
vn 0.9811 -0.1922 0.024
vn 0.1739 -0.9848 -0.0051
vn 0.3471 -0.9378 -0.0101
vn -0.1714 -0.9852 -0.0051
vn -0.3424 -0.9395 -0.0102
vn -0.9994 0 -0.0353
vn -0.9997 -0.0169 -0.0168
vn -0.9957 -0.0655 -0.0652
vn 0.9994 0 -0.0353
vn -0.0016 -1 0.0003
vn 0.0015 -1 0.0004
vn 0.0104 -0.0029 -0.9999
vn 0.0077 -0.0072 -0.9999
vn 0 -0.0337 -0.9994
vn -0.353 0.6154 -0.7047
vn -0.8818 0.468 -0.0582
vn 0 0 -1
vn 0 0.4 -0.9165
vn -0.9985 -0.054 0.0017
vn -0.9972 -0.075 0.0023
vn 0 0.4001 -0.9165
vn 0 0.0001 1
vn -0.9816 0.19 -0.0193
vn -0.9962 0.0868 -0.0082
vn -0.9999 0.0131 -0.003
vn 0.9789 0.1655 -0.1196
vn 0.9179 0.1457 -0.369
vn 0.9588 0.1107 -0.2616
vn -0.5305 -0.7715 -0.3512
vn -0.2088 -0.8609 -0.4639
vn -0.5404 -0.7437 -0.3936
vn -0.9976 -0.0593 -0.0355
vn -0.9995 -0.0283 -0.0137
vn -0.9895 -0.1261 -0.0709
vn -0.9786 -0.1767 -0.1057
vn -0.346 -0.7426 -0.5735
vn -0.0941 -0.847 -0.5231
vn -0.0347 -0.8268 -0.5614
vn -0.1286 -0.6968 -0.7056
vn -0.1361 -0.837 -0.53
vn 0.3599 -0.7173 -0.5966
vn 0.0299 -0.686 -0.727
vn -0.5878 -0.2073 -0.782
vn -0.8756 -0.0652 -0.4787
vn -0.674 -0.1773 -0.7172
vn 0.4939 -0.5814 -0.6465
vn 0.3925 -0.7692 -0.5043
vn 0.2204 -0.7866 -0.5768
vn 0.2687 -0.6219 -0.7356
vn 0.0383 -0.8267 -0.5614
vn 0.106 -0.846 -0.5226
vn 0.383 -0.7307 -0.5652
vn 0.1424 -0.6948 -0.705
vn 0.438 -0.2501 -0.8635
vn 0.4483 -0.4831 -0.7521
vn 0.3601 -0.3312 -0.8722
vn 0.057 -0.0421 -0.9975
vn 0.5772 -0.7429 -0.3392
vn 0.5874 -0.715 -0.3792
vn 0.2351 -0.8556 -0.4612
vn 0.4838 -0.3273 -0.8117
vn 0.1067 -0.0771 -0.9913
vn 0.302 -0.2255 -0.9263
vn 0 -0.0615 -0.9981
vn 0 0.268 -0.9634
vn -0.2193 0.4467 -0.8674
vn -0.5797 0.6124 -0.5374
vn -0.5709 0.6049 -0.5551
vn -0.617 -0.1521 -0.7721
vn -0.8885 -0.0001 -0.4589
vn -0.8699 -0.0148 -0.493
vn -0.7157 -0.084 -0.6934
vn -0.8429 0.0119 -0.538
vn -0.8484 0.146 -0.5088
vn -0.9591 0.11 -0.2609
vn -0.9927 0.1131 -0.0425
vn -0.978 0.2036 -0.0456
vn -0.9592 0.2028 -0.1971
vn -0.9982 -0.0493 -0.035
vn -0.999 -0.0258 -0.0354
vn -0.9811 -0.0481 -0.1875
vn -0.9813 -0.0935 -0.168
vn -0.8219 -0.1858 -0.5385
vn -0.6467 -0.2863 -0.707
vn -0.5689 -0.4108 -0.7124
vn -0.3962 -0.8416 -0.367
vn -0.2507 -0.91 -0.3302
vn -0.0428 -0.9307 -0.3633
vn -0.0971 -0.8948 -0.4359
vn 0 -0.896 -0.4441
vn 0 -0.9351 -0.3545
vn 0 -0.5416 -0.8407
vn 0 -0.3818 -0.9242
vn -0.9373 -0.1887 -0.293
vn -0.1558 -0.8772 -0.4541
vn -0.0957 -0.9381 -0.333
vn 0.0063 -0.9168 -0.3994
vn 0.2111 0.7703 -0.6017
vn -0.2106 0.9623 -0.1723
vn 0.0873 0.7345 -0.6729
vn 0.0907 0.4919 -0.8659
vn 0.5457 0.0558 -0.8361
vn 0.572 -0.0571 -0.8182
vn 0.5721 -0.0575 -0.8182
vn 0.1712 -0.8797 -0.4437
vn 0.3227 -0.8542 -0.4077
vn 0.261 -0.9097 -0.323
vn 0.1441 -0.9218 -0.36
vn 0.5375 -0.4567 -0.7089
vn 0.5743 -0.2958 -0.7634
vn 0.5671 -0.3348 -0.7525
vn 0.9674 0.0979 -0.2334
vn 0.9684 0.1791 -0.1736
vn 0.983 0.179 -0.04
vn 0.9944 0.0994 -0.0373
vn 0.8691 0.0114 -0.4944
vn 0.761 -0.0793 -0.6438
vn 0.8783 0.1324 -0.4594
vn 0.4345 -0.8257 -0.3598
vn 0.1123 -0.8931 -0.4357
vn 0.0482 -0.9301 -0.3642
vn 0.2831 -0.9019 -0.3263
vn 0.6204 -0.3918 -0.6794
vn 0.6943 -0.2728 -0.666
vn 0.8509 -0.1719 -0.4964
vn 0.9986 -0.0431 -0.0306
vn 0.9856 -0.0822 -0.1478
vn 0.9853 -0.0424 -0.1654
vn 0.9993 -0.0226 -0.031
vn -0.8101 -0.4274 -0.4014
vn 0.3497 -0.0956 -0.932
vn 0.1033 -0.3993 -0.911
vn 0.3548 -0.2914 -0.8884
vn 0.347 -0.5947 -0.7252
vn 0.1785 -0.663 -0.727
vn 0.1603 -0.8163 -0.5549
vn 0.3327 -0.7516 -0.5696
vn 0.8058 0.1048 -0.5829
vn 0.7923 -0.3304 -0.5129
vn -0.1153 -0.9366 -0.3309
vn -0.1602 -0.8771 -0.4528
vn -0.4548 -0.8147 -0.3597
vn 0.278 0.3261 -0.9035
vn 0.4747 -0.0327 -0.8795
vn 0.2366 -0.0335 -0.971
vn 0.1384 0.3297 -0.9339
vn 0.2332 -0.9031 -0.3606
vn 0.2783 -0.8552 -0.4372
vn 0.135 -0.8905 -0.4345
vn 0.1086 -0.9326 -0.3441
vn 0.4576 -0.4815 -0.7475
vn 0.2539 -0.5238 -0.8131
vn 0.2478 -0.3621 -0.8986
vn 0.4866 -0.3519 -0.7996
vn -0.0078 0.9997 -0.0235
vn -0.0134 0.9997 -0.0187
vn -0.0013 1 -0.0004
vn -0.0226 0.9997 -0.0093
vn 0 0.9996 -0.03
vn -0.2222 0.9739 -0.0474
vn -0.0378 0.9991 -0.018
vn 0 1 -0.0089
vn 0.9956 0.0932 -0.0029
vn 0.9976 0.0689 -0.0021
vn 0.9999 0.0148 -0.0005
vn 0.9999 0.0158 -0.0005
vn -0.4634 -0.6626 -0.5884
vn -0.2903 -0.6404 -0.711
vn -0.9319 -0.0272 -0.3617
vn 0 -0.0637 -0.998
vn -0.174 0.3367 -0.9254
vn 0 0.4389 -0.8985
vn -0.3476 0.403 -0.8466
vn -0.4279 -0.8398 -0.3341
vn -0.4049 -0.8697 -0.2824
vn -0.9357 -0.1458 -0.3213
vn -0.0515 -0.9522 -0.301
vn -0.1839 -0.9372 -0.2962
vn 0 -0.9535 -0.3014
vn -0.2237 -0.9294 -0.2937
vn -0.1457 -0.9433 -0.2981
vn 0.1541 0.485 -0.8608
vn 0.0576 0.3467 -0.9362
vn 0.2389 -0.9259 -0.2926
vn 0.1395 -0.9442 -0.2984
vn 0 -0.3819 -0.9242
vn 0.4698 -0.8204 -0.326
vn 0.4523 -0.8485 -0.2747
vn 0.0568 -0.952 -0.3009
vn 0.2023 -0.9338 -0.2951
vn 0.9497 -0.1294 -0.2851
vn -0.5435 -0.2411 -0.804
vn -0.6841 -0.6784 -0.2679
vn -0.6156 -0.6667 -0.4201
vn 0.7316 -0.6342 -0.2502
vn 0.6647 -0.6307 -0.4005
vn 0 -0.0603 -0.9982
vn 0 0.2725 -0.9622
vn 0 0.9761 -0.2174
vn 0 0.9919 -0.1273
vn 0 0.9166 -0.3997
vn -0.5638 -0.1732 -0.8076
vn 0 -0.0604 -0.9982
vn 0 0.2719 -0.9623
vn 0 0.976 -0.2176
vn -0.3324 -0.8269 -0.4536
vn 0.9997 -0.0214 -0.0069
vn 0.9992 -0.0376 -0.0121
vn 0.8176 0.1232 -0.5625
vn -0.467 0.8819 -0.0648
vn 0.2401 -0.5929 -0.7687
vn 0.1642 -0.4653 -0.8698
vn 0.4908 -0.4585 -0.7409
vn -0.0943 0.5143 -0.8524
vn -0.0909 0.4232 -0.9015
vn -0.1717 0.4986 -0.8496
vn -0.124 -0.9461 -0.299
vn -0.1948 -0.9353 -0.2956
vn 0.0443 0.5133 -0.8571
vn 0.1286 0.4947 -0.8595
vn 0.079 -0.9505 -0.3004
vn 0.1948 -0.9353 -0.2956
vn -0.2166 -0.0829 -0.9727
vn -0.2304 -0.122 -0.9654
vn -0.1417 -0.8392 -0.525
vn 0 -0.0301 -0.9995
vn -0.5087 -0.1806 -0.8418
vn -0.2917 -0.8386 -0.4601
vn 0.9998 -0.0219 -0.0013
vn 0.9997 -0.0223 -0.0013
vn 0.9977 -0.0367 -0.0571
vn 0.997 -0.0351 -0.0684
vn 0.9998 0.0183 -0.0006
vn 0.9977 0.0673 -0.0021
vn 0.9925 0.1221 -0.0038
vn 0.9952 0.0978 -0.003
vn 1 0 -0.0001
vn 0.0857 0.9952 -0.0463
vn -0.0668 0.9966 -0.0473
vn -0.0107 0.9998 -0.017
vn 0.0142 0.9998 -0.0168
vn 0.1885 0.9806 -0.0541
vn 0.1002 0.9936 -0.0524
vn -0.0733 0.9959 -0.0532
vn -0.1398 0.9886 -0.0563
vn 0 1 0
vn -0.9999 0.0171 -0.0014
vn -1 0.0086 -0.0007
vn -1 0.0084 -0.0007
vn 1 0.0053 -0.003
vn 0.9999 0.0103 -0.0058
vn 1 0.005 -0.0029
vn -0.6971 -0.1875 -0.6921
vn -0.6202 -0.2855 -0.7307
vn -0.7529 -0.1021 -0.6502
vn -0.8085 0.0035 -0.5885
vn -0.9987 -0.0354 -0.0364
vn -0.9956 -0.065 -0.0669
vn -0.9992 -0.0275 -0.0283
vn 0.0401 -0.0962 0.9946
vn 0.9919 -0.027 -0.1238
vn -0.0023 -1 -0.0002
vn -0.0024 -1 -0.0001
vn -0.9955 -0.012 0.0942
vn -0.9885 -0.0606 0.1388
vn -0.9922 -0.0641 0.1072
vn -0.9958 -0.0142 0.0901
vn -0.9604 -0.2286 0.1593
vn -0.9428 -0.2168 0.2532
vn -0.7477 -0.5172 0.4164
vn -0.9201 -0.3425 0.1903
vn -0.9946 -0.0123 0.1032
vn -0.9938 -0.0358 0.1057
vn -0.7483 -0.3053 0.589
vn -0.9453 -0.1607 0.2837
vn -0.9946 0.0123 0.1032
vn -0.9452 0.1626 0.283
vn -0.7832 0.3968 0.4788
vn -0.9834 0.0887 0.1586
vn -0.7423 0.5265 0.4145
vn -0.9426 0.2184 0.2524
vn -0.9603 0.2291 0.1592
vn -0.9197 0.3437 0.19
vn -0.9955 0.012 0.0942
vn -0.9958 0.0142 0.0901
vn -0.9922 0.0641 0.1072
vn -0.9885 0.0606 0.1389
vn -0.0597 0.9038 0.4238
vn -0.1608 0.6709 0.7239
vn -0.4256 0.6862 0.59
vn -0.1574 0.9087 0.3866
vn -0.6169 0.4617 0.6374
vn -0.3723 0.4795 0.7947
vn -0.6187 0.4368 0.653
vn 0.8809 0.4095 0.2372
vn -0.4378 -0.6726 0.5966
vn -0.1656 -0.6571 0.7354
vn -0.0622 -0.9007 0.4301
vn -0.1641 -0.9055 0.3912
vn -0.1975 -0.8619 0.467
vn -0.2719 -0.5958 0.7557
vn -0.5005 -0.5833 0.6398
vn -0.3139 -0.8767 0.3645
vn -0.5419 -0.2854 0.7905
vn -0.5482 -0.207 0.8103
vn -0.4358 -0.2137 0.8743
vn -0.4605 -0.4013 0.7918
vn -0.8925 0.3929 0.2214
vn -0.0637 0.2341 0.9701
vn 0.2017 0.4693 0.8597
vn -0.0532 0.4093 0.9109
vn 0 0.9002 0.4355
vn 0 0.6631 0.7485
vn 0.527 -0.572 0.6286
vn 0.2871 -0.5913 0.7536
vn 0.2112 -0.8583 0.4677
vn 0.3327 -0.8716 0.3601
vn 0 -0.8969 0.4423
vn 0 -0.6506 0.7594
vn 0 -0.6505 0.7595
vn 0.1746 -0.2325 0.9568
vn -0.0101 -0.0766 0.997
vn 0.0467 -0.2886 0.9563
vn 0.3132 -0.3954 0.8635
vn 0.9305 0.2059 0.303
vn 0.6863 0.1965 0.7003
vn 0.296 0.5 0.8138
vn 0.8562 0.3486 0.3814
vn 0.0841 0.2252 0.9707
vn 0.391 0.1339 0.9106
vn 0.4463 0.0078 0.8949
vn 0.0166 0.0168 0.9997
vn 0.9702 0.0523 0.2367
vn 0.9757 0.0114 0.2189
vn 0.8302 0.0086 0.5574
vn 0.8019 0.0456 0.5957
vn 0.2919 -0.4897 0.8215
vn 0.6829 -0.1949 0.704
vn 0.9302 -0.205 0.3046
vn 0.8544 -0.3479 0.386
vn 0.9701 -0.0522 0.237
vn 0.8012 -0.0456 0.5967
vn 0.8301 -0.0086 0.5576
vn 0.9757 -0.0113 0.2189
vn 0.1226 -0.1757 0.9768
vn 0.024 -0.0153 0.9996
vn 0.4452 -0.0065 0.8954
vn 0.3826 -0.1319 0.9144
vn -0.991 -0.07 0.1143
vn -0.982 -0.0693 0.1756
vn -0.9857 -0.0159 0.168
vn -0.9942 -0.0158 0.1063
vn -0.9341 -0.035 0.3553
vn -0.9144 -0.1551 0.3739
vn -0.8593 -0.163 0.4848
vn -0.8798 -0.0429 0.4735
vn -0.9545 -0.2401 0.1769
vn -0.9158 -0.3486 0.1997
vn -0.8842 -0.3331 0.3275
vn -0.9213 -0.2297 0.3137
vn -0.9857 0.0159 0.168
vn -0.982 0.0692 0.1756
vn -0.991 0.07 0.1143
vn -0.9942 0.0158 0.1063
vn -0.9545 0.2401 0.1769
vn -0.9213 0.2297 0.3137
vn -0.8842 0.3331 0.3275
vn -0.9158 0.3486 0.1997
vn -0.9341 0.035 0.3553
vn -0.8798 0.0429 0.4735
vn -0.8593 0.163 0.4848
vn -0.9144 0.1551 0.3739
vn 0 0.7258 0.6879
vn 0 0.9155 0.4023
vn -0.9506 0.2549 0.1771
vn -0.9554 0.0549 0.2902
vn -0.9618 0.0574 0.2675
vn -0.7497 0.0056 0.6617
vn 0 0.4051 0.9143
vn 0 0.1137 0.9935
vn -0.5887 -0.5484 0.5939
vn -0.2847 -0.7167 0.6366
vn -0.1602 -0.9138 0.3731
vn -0.3971 -0.8166 0.4188
vn 0 -0.9155 0.4023
vn 0 -0.7258 0.6879
vn 0 -0.4051 0.9143
vn 0 -0.1137 0.9935
vn -0.9621 -0.0572 0.2665
vn -0.9557 -0.0547 0.2892
vn -0.7498 -0.0056 0.6617
vn 0.9562 0.2381 0.1701
vn 0.7012 0.2623 0.663
vn 0.736 0.0708 0.6732
vn 0.7349 0.0814 0.6733
vn 0.6844 0.3207 0.6548
vn 0.1701 -0.9125 0.372
vn 0.3 -0.7132 0.6335
vn 0.6155 -0.5317 0.5818
vn 0.4236 -0.8041 0.4171
vn 0.7098 -0.2618 0.654
vn 0.6976 -0.3109 0.6454
vn 0.7376 -0.0787 0.6706
vn 0.7381 -0.0726 0.6708
vn 0.9063 0.2985 0.2992
vn 0.9352 0.2056 0.2883
vn 0.9633 0.2129 0.1636
vn 0.9326 0.3104 0.1842
vn 0.9923 0.0613 0.1072
vn 0.9851 0.0608 0.1611
vn 0.9879 0.0139 0.1544
vn 0.9949 0.0138 0.1001
vn 0.8847 0.1463 0.4426
vn 0.9017 0.0384 0.4307
vn 0.9459 0.0312 0.3229
vn 0.9295 0.1399 0.3414
vn 0.9633 -0.2129 0.1636
vn 0.9352 -0.2056 0.2883
vn 0.9063 -0.2985 0.2992
vn 0.9326 -0.3104 0.1842
vn 0.8847 -0.1463 0.4426
vn 0.9295 -0.1399 0.3414
vn 0.9459 -0.0312 0.3229
vn 0.9017 -0.0384 0.4307
vn 0.9923 -0.0613 0.1072
vn 0.9949 -0.0138 0.1001
vn 0.9879 -0.0139 0.1544
vn 0.9851 -0.0608 0.1611
vn -0.9481 0.247 0.2004
vn -0.3077 -0.8213 0.4804
vn -0.3686 -0.5546 0.746
vn -0.1891 -0.6469 0.7387
vn -0.134 -0.9008 0.4131
vn -0.3709 -0.2426 0.8964
vn -0.0117 -0.0726 0.9973
vn -0.1878 -0.2961 0.9365
vn 0.9476 0.2462 0.2035
vn 0.0117 -0.0725 0.9973
vn 0.371 -0.2421 0.8965
vn 0.1879 -0.2959 0.9366
vn 0.3083 -0.8204 0.4816
vn 0.1342 -0.9006 0.4135
vn 0.1893 -0.6465 0.7391
vn 0.3688 -0.5535 0.7467
vn 0.8856 0.3969 0.2412
vn 0.8315 0.1263 0.541
vn 0.8293 -0.127 0.5442
vn -0.2763 -0.8986 0.3408
vn -0.173 -0.8919 0.4179
vn -0.2667 -0.6825 0.6805
vn -0.4754 -0.6771 0.5618
vn 0.6052 0.3486 0.7157
vn 0.6211 0.2931 0.7269
vn 0.6601 0.08 0.7469
vn 0.659 0.0905 0.7467
vn -0.887 0.3963 0.2373
vn 0.475 -0.6766 0.5627
vn 0.2661 -0.6822 0.681
vn 0.1734 -0.8916 0.4183
vn 0.2767 -0.8983 0.3414
vn 0.6188 -0.3405 0.7079
vn 0.6619 -0.0879 0.7444
vn 0.6624 -0.0818 0.7447
vn 0.6305 -0.2933 0.7186
vn -0.0995 0.9298 0.3544
vn -0.1933 0.5718 0.7973
vn -0.3806 0.4412 0.8127
vn 0.2061 0.5695 0.7957
vn 0.1069 0.929 0.3544
vn 0.4043 0.4336 0.8053
vn 0 0.7244 0.6893
vn -0.0993 0.9352 0.3398
vn -0.6201 0.4425 0.6478
vn 0 0.1136 0.9935
vn 0 0.4042 0.9147
vn -0.6385 -0.4337 0.6358
vn 0 -0.4042 0.9147
vn 0 -0.1136 0.9935
vn 0.645 0.4295 0.6321
vn 0.1068 0.9343 0.3402
vn 0 0.7242 0.6896
vn 0 0.404 0.9148
vn 0 0.1135 0.9935
vn 0 -0.1135 0.9935
vn 0 -0.404 0.9147
vn -0.2067 0.908 0.3643
vn -0.6303 -0.2058 0.7486
vn -0.2154 -0.9046 0.3679
vn 0 0.8935 0.449
vn 0 -0.8898 0.4563
vn 0 0.4079 0.913
vn 0 0.1143 0.9935
vn 0 0.9175 0.3977
vn 0 0.7299 0.6836
vn 0 -0.7299 0.6836
vn 0 -0.9175 0.3977
vn 0 -0.1143 0.9935
vn 0 -0.4079 0.913
vn 0 0.4078 0.9131
vn 0 0.7298 0.6836
vn 0 -0.7298 0.6836
vn 0 -0.4078 0.9131
vn 0 -0.1142 0.9935
vn -0.1992 0.9422 0.2694
vn 0.2137 0.939 0.2696
vn -0.9966 0.0828 0.0025
vn -0.9988 0.0487 0.0015
vn -0.9972 0.0742 0.0022
vn -0.996 0.0892 0.0027
vn -0.9999 0.0171 0.0005
vn -0.9993 0.0381 0.0012
vn -0.9997 0.0225 0.0007
vn -0.9999 0.0113 0.0004
vn 0.9982 0.0597 0.0019
vn 0.9962 0.0869 0.0026
vn 0.9958 0.092 0.0028
vn 0.9968 0.08 0.0024
vn 0.9978 0.0663 0.002
vn 0.9999 0.0139 0.0004
vn 0.9999 0.0131 0.0004
vn 0.9985 0.054 0.0017
vn -0.0848 0.4678 0.8797
vn -0.1089 0.2599 0.9595
vn -0.1893 0.4433 0.8761
vn -0.0933 0.5616 0.8221
vn 0.0934 0.5613 0.8223
vn 0.1894 0.443 0.8763
vn -0.0724 0.2606 0.9627
vn 0.0848 0.4677 0.8798
vn -0.5642 0.4676 0.6805
vn -0.5827 -0.4604 0.6697
vn 0.5624 0.4675 0.682
vn 0.0858 0.9299 0.3577
vn -0.0855 0.9301 0.3572
vn 0 0.1138 0.9935
vn 0 0.4054 0.9141
vn 0 0.4053 0.9142
vn -0.0854 0.9369 0.339
vn 0 0.7261 0.6876
vn 0 0.7263 0.6874
vn 0.0856 0.9368 0.3392
vn 0 -0.1138 0.9935
vn 0 -0.4053 0.9142
vn 0 -0.4055 0.9141
vn -0.6662 0 0.7458
vn -0.1727 0.9474 0.2696
vn 0.1732 0.9471 0.2703
vn 0.9988 0.0494 0.0016
vn 0.9998 0.0221 0.0007
vn 0.9999 0.0147 0.0005
vn 0.9996 0.0292 0.0009
vn 1 0.0018 0
vn 1 0.0067 0.0002
vn 1 0.0086 0.0003
vn 1 0.0021 0.0001
vn 1 -0.0067 -0.0003
vn 1 -0.0018 -0.0001
vn 1 -0.0022 -0.0001
vn 1 -0.009 -0.0003
vn -0.9986 0.0528 0.0016
vn -0.9999 0.0129 0.0004
vn -0.9999 0.0136 0.0004
vn -0.9979 0.0649 0.002
vn -0.9954 -0.0953 -0.0029
vn -0.9979 -0.065 -0.002
vn -0.995 -0.1002 -0.0031
vn -0.9991 -0.0416 -0.0013
vn -0.9999 -0.0135 -0.0004
vn 0.9951 -0.0988 -0.0031
vn 0.997 -0.0768 -0.0024
vn 0.9998 -0.0176 -0.0006
vn 0.9985 -0.0539 -0.0017
vn 0.9992 -0.0396 -0.0012
vn 0.9983 -0.0588 -0.0018
vn 0.0066 0.0013 1
vn 0.004 0.0008 1
vn -1 -0.0055 -0.0002
vn -1 -0.0034 -0.0001
vn -1 0.0051 0.0002
vn -1 0.0035 0.0001
vn -0.8534 -0.4775 0.2089
vn -0.8255 -0.5432 0.1533
vn -0.8237 -0.5001 0.2673
vn -0.9724 -0.2276 0.0514
vn -0.9536 -0.286 0.0935
vn -0.9985 -0.0522 0.0179
vn -0.9999 -0.0136 0.0024
vn 0 -0.9943 0.1069
vn 0 -0.9343 0.3564
vn -0.3395 -0.9129 0.2267
vn -0.0889 -0.9138 0.3963
vn -0.0322 -0.9972 0.0679
vn 0.0955 -0.9128 0.397
vn 0.3773 -0.8986 0.2242
vn 0.0778 -0.9944 0.072
vn 0.8799 -0.4357 0.1894
vn 0.857 -0.4542 0.2433
vn 0.8588 -0.493 0.1389
vn 0.5481 -0.21 0.8096
vn 0.5734 -0.1189 0.8106
vn 0.5911 -0.04 0.8056
vn -0.0005 -0.8423 0.5389
vn -0.0041 -0.7955 0.606
vn -0.0017 -0.795 0.6067
vn -0.0002 -0.8422 0.5392
vn -0.0072 -0.6731 0.7395
vn -0.0174 -0.6726 0.7398
vn -0.0276 -0.5491 0.8353
vn -0.0115 -0.5493 0.8355
vn -0.1146 -0.544 0.8312
vn -0.1264 -0.6612 0.7395
vn -0.2301 -0.6573 0.7176
vn -0.1997 -0.5348 0.821
vn -0.0783 -0.8531 0.5158
vn -0.3507 -0.7677 0.5363
vn -0.1386 -0.7817 0.608
vn -0.8518 -0.4161 0.3184
vn -0.8994 -0.3416 0.2728
vn -0.9007 -0.3571 0.2474
vn -0.8474 -0.446 0.2881
vn -0.9781 -0.1638 0.1282
vn -0.9684 -0.167 0.1851
vn -0.9862 -0.0429 0.1601
vn -0.9977 -0.035 0.0581
vn -0.8953 -0.2729 0.3521
vn -0.9258 -0.1143 0.3602
vn -0.9485 -0.0958 0.302
vn -0.9184 -0.2645 0.2942
vn 0.0914 -0.8414 0.5326
vn 0.1449 -0.7804 0.6083
vn 0.2942 -0.7498 0.5927
vn 0.2074 -0.8199 0.5336
vn 0.3099 -0.6335 0.709
vn 0.1591 -0.6549 0.7388
vn 0.1298 -0.3073 0.9427
vn 0.2625 -0.3311 0.9064
vn 0 -0.3242 0.946
vn 0 -0.6652 0.7467
vn 0 -0.8393 0.5437
vn 0 -0.7863 0.6179
vn 0.921 -0.3205 0.2217
vn 0.9199 -0.3067 0.2444
vn 0.8806 -0.3762 0.288
vn 0.8769 -0.404 0.2606
vn 0.9164 -0.2452 0.3163
vn 0.9357 -0.2368 0.2616
vn 0.9603 -0.0844 0.266
vn 0.9417 -0.1013 0.3208
vn 0.9831 -0.1447 0.1119
vn 0.9982 -0.0312 0.0507
vn 0.9894 -0.0367 0.1402
vn 0.9761 -0.147 0.1599
vn -0.1251 0.9884 0.0859
vn -0.2058 0.9605 0.1871
vn -0.2125 0.9727 0.0932
vn -0.982 0.1829 0.0462
vn -0.979 0.1905 0.0731
vn -0.9974 0.0673 0.0258
vn -0.9997 0.0234 0.0067
vn -0.0208 0.9785 0.2053
vn -0.0379 0.9339 0.3556
vn -0.097 0.9576 0.2713
vn -0.0394 0.987 0.1559
vn -0.3823 0.5186 0.7648
vn -0.3633 0.3737 0.8534
vn -0.398 0.4377 0.8062
vn -0.0661 0.9587 0.2765
vn -0.1898 0.9004 0.3914
vn -0.0619 0.9233 0.3792
vn -0.0358 0.9663 0.255
vn -0.0558 0.9211 0.3854
vn -0.176 0.894 0.4121
vn 0.2778 0.1381 0.9507
vn 0.189 0.3152 0.93
vn 0.1409 0.2423 0.9599
vn 0.0017 0.0422 0.9991
vn 0.0219 0.9782 0.2067
vn 0.0288 0.9868 0.1592
vn 0.0924 0.9562 0.2776
vn 0.0376 0.9332 0.3574
vn 0.5292 0.8289 0.181
vn 0.2963 0.8527 0.4302
vn 0.1931 0.9773 0.0877
vn -0.441 0.2559 0.8602
vn -0.0427 0.0473 0.998
vn -0.2204 0.1743 0.9597
vn -0.1732 0.7732 0.6101
vn -0.3828 0.7123 0.5882
vn -0.4081 0.6365 0.6544
vn -0.2017 0.6935 0.6917
vn -0.9524 0.1535 0.2634
vn -0.9449 0.2306 0.2323
vn -0.9728 0.2175 0.0796
vn -0.9987 0.0196 0.0476
vn -0.9856 0.024 0.1675
vn -0.1571 0.9167 0.3673
vn -0.123 0.9834 0.1331
vn -0.3716 0.9132 0.1671
vn -0.3989 0.8086 0.4325
vn -0.1839 0.6517 0.7358
vn -0.3545 0.5641 0.7457
vn 0.0024 0.5112 0.8595
vn -0.9036 0.0629 0.4237
vn -0.888 0.1553 0.4328
vn -0.9509 0.0117 0.3092
vn -0.9287 -0.009 0.3708
vn -0.003 0.2426 0.9701
vn -0.0008 0.3523 0.9359
vn -0.0014 0.2319 0.9727
vn -0.0068 0.047 0.9989
vn -0.017 0.0544 0.9984
vn 0.0208 0.5117 0.8589
vn 0.0084 0.5194 0.8545
vn 0.062 0.6668 0.7426
vn 0.0451 0.6624 0.7478
vn 0.0023 0.5219 0.853
vn 0.0708 0.6811 0.7288
vn 0.0952 0.6623 0.7431
vn 0.0005 0.5214 0.8533
vn 0.0347 0.6973 0.7159
vn 0.025 0.8119 0.5832
vn 0.0532 0.821 0.5685
vn 0.029 0.7139 0.6997
vn 0.074 0.9289 0.3628
vn 0.0232 0.9236 0.3827
vn 0.0039 0.9859 0.1672
vn 0.0408 0.9875 0.1524
vn 0.9637 0.2649 0.0326
vn 0.9817 0.181 -0.0593
vn 0.9762 0.2159 -0.0216
vn -0.7352 0.4327 0.5218
vn -0.7144 0.57 0.4059
vn -0.7327 0.5059 0.4553
vn -0.7243 0.4374 0.533
vn 0.065 0.671 0.7386
vn 0.0024 0.7144 0.6997
vn -0.0663 0.6706 0.7389
vn -0.0001 0.7048 0.7094
vn -0.0015 0.5223 0.8528
vn 0.0011 0.5225 0.8527
vn -0.0925 0.6633 0.7427
vn -0.0682 0.6815 0.7286
vn -0.6752 0.4536 0.5816
vn -0.6345 0.4638 0.6183
vn -0.5724 0.3915 0.7204
vn -0.5848 0.4368 0.6836
vn -0.1444 0.0849 0.9859
vn -0.2115 0.2048 0.9557
vn -0.2916 0.3578 0.8871
vn -0.0596 0.2547 0.9652
vn -0.0839 0.0682 0.9941
vn 0.0661 0.2274 0.9715
vn 0.0551 0.3319 0.9417
vn 0.1796 0.1394 0.9738
vn 0.1908 0.0323 0.9811
vn 0.0976 0.0143 0.9951
vn 0.767 0.3103 0.5616
vn 0.7332 0.2965 0.6119
vn 0.7974 0.3335 0.5029
vn 0.8097 0.3481 0.4725
vn 0.0041 0.5062 0.8624
vn 0.0914 0.6755 0.7317
vn 0.1385 0.6521 0.7454
vn 0.0147 0.5017 0.8649
vn 0.7946 0.3884 0.4667
vn 0.4545 0.7314 0.5084
vn 0.7172 0.5336 0.4483
vn 0.8052 0.3787 0.4564
vn -0.9841 0.1618 -0.0735
vn -0.9712 0.2375 0.0187
vn -0.9804 0.1937 -0.035
vn 0.0162 0.9832 0.182
vn 0.0759 0.9101 0.4075
vn -0.0308 0.9002 0.4344
vn -0.0428 0.9827 0.1801
vn 0.0177 0.7845 0.6199
vn 0.1461 0.7997 0.5823
vn 0.1242 0.7311 0.6709
vn 0.031 0.7413 0.6705
vn 0.1459 0.673 0.7251
vn 0.0352 0.7341 0.6781
vn 0.1378 0.6903 0.7103
vn 0.209 0.734 0.6462
vn 0 0.5075 0.8617
vn 0.0028 0.5082 0.8612
vn -0.0346 0.6777 0.7345
vn -0.0697 0.6816 0.7284
vn 0.0317 0.6829 0.7299
vn 0.0018 0.5089 0.8608
vn -0.0015 0.5086 0.861
vn 0.006 0.6839 0.7295
vn 0 0.2195 0.9756
vn 0 0.0088 1
vn 0 0.0084 1
vn 0 0.2103 0.9776
vn 0 0.3501 0.9367
vn 0.3953 0.661 0.6378
vn 0.3101 0.7003 0.643
vn 0.1501 0.7446 0.6505
vn 0.2081 0.7161 0.6663
vn 0.1429 0.8898 0.4334
vn 0.3218 0.7819 0.5339
vn 0.6021 0.7768 0.1847
vn 0.1459 0.9791 0.1415
vn 0.9508 0.1581 0.2663
vn 0.9883 0.02 0.1513
vn 0.9988 0.0066 0.0478
vn 0.9657 0.2433 0.091
vn 0.9362 0.2283 0.2671
vn 0.962 0.0114 0.2727
vn 0.9089 0.1478 0.39
vn 0.9245 0.0563 0.3769
vn 0.9441 -0.0085 0.3296
vn 0.0221 0.5134 0.8579
vn 0.4179 0.5695 0.7078
vn 0.2216 0.6764 0.7024
vn -0.4614 -0.5485 0.6973
vn -0.2459 -0.6361 0.7313
vn -0.1722 -0.3274 0.9291
vn -0.3113 -0.2263 0.923
vn 0.0015 -0.8009 0.5988
vn 0.0065 -0.8305 0.557
vn -0.2063 -0.8524 0.4806
vn 0.6101 -0.6463 0.4583
vn 0.6449 -0.6118 0.4581
vn 0.2724 -0.8225 0.4993
vn 0.4762 -0.7665 0.4309
vn 0.6825 -0.4761 0.5546
vn 0.5795 -0.186 0.7934
vn 0.3188 -0.3013 0.8987
vn 0.6826 -0.4879 0.5442
vn 0.8772 0.4754 -0.0677
vn 0.8548 0.5188 -0.0125
vn 0.7927 0.6007 0.1035
vn -0.8598 0.5104 -0.0166
vn -0.8772 0.4754 -0.0677
vn -0.8125 0.5761 0.0893
vn 0.3383 0.1668 0.9261
vn 0.0026 0.0338 0.9994
vn 0.1492 0.2404 0.9591
vn -0.1137 0.9605 0.2541
vn -0.0753 0.9478 0.31
vn -0.0231 0.99 0.139
vn -0.0681 0.9845 0.1619
vn -0.3862 0.6196 0.6833
vn -0.2194 0.6675 0.7116
vn -0.153 0.7961 0.5856
vn -0.2549 0.817 0.5172
vn -0.4613 0.544 0.7009
vn -0.4514 0.458 0.7658
vn -0.2458 0.5153 0.821
vn -0.2562 0.6119 0.7483
vn -0.3371 0.0084 0.9414
vn -0.1697 0.009 0.9855
vn -0.2182 0.2865 0.9329
vn -0.4255 0.244 0.8715
vn 0.481 0.2159 0.8497
vn 0.2391 0.2716 0.9323
vn 0.2419 0.0139 0.9702
vn 0.4802 0.0154 0.877
vn 0.5034 0.3936 0.7692
vn 0.4923 0.5245 0.6947
vn 0.215 0.6246 0.7507
vn 0.2483 0.4934 0.8336
vn 0.2561 0.8182 0.5147
vn 0.1505 0.7992 0.5819
vn 0.1963 0.6863 0.7003
vn 0.3896 0.6415 0.6608
vn 0.0774 0.9616 0.2634
vn 0.0125 0.9843 0.1758
vn 0.0034 0.9902 0.1396
vn 0.0653 0.9477 0.3125
vn 0.1475 -0.9888 -0.0224
vn 0.0134 -0.9999 -0.004
vn 0.0653 -0.9978 -0.0091
vn -0.0025 -1 0.0008
vn -0.0046 -1 0.0005
vn 0.1645 -0.986 -0.028
vn 0.037 -0.9972 -0.0645
vn 0.3261 -0.9451 -0.0211
vn 0 -0.9361 0.3518
vn 0 -0.9952 0.0976
vn 0.8731 -0.4708 0.1268
vn 0.9413 -0.3185 0.1118
vn 0 -0.9951 0.0987
vn 0 -0.9359 0.3524
vn 0 -0.7949 0.6068
vn 0 -0.8422 0.5391
vn 0 -0.5494 0.8356
vn 0 -0.6719 0.7406
vn -0.9931 -0.1173 -0.0001
vn -0.9949 -0.0779 0.0638
vn -0.9917 -0.0323 0.1247
vn -0.9936 -0.1113 0.0167
vn 0.9991 -0.0367 0.0221
vn -0.9788 -0.0107 0.2045
vn -0.991 0.0707 0.1134
vn -0.9938 0.0486 0.1005
vn -0.9798 -0.0099 0.1998
vn -0.9644 0.0951 0.2466
vn -0.9783 0.1157 0.1721
vn -0.958 0.1343 0.2533
vn -0.9777 0.0449 0.2051
vn -0.2832 0.5528 0.7837
vn -0.1004 0.43 0.8973
vn -0.5219 0.3096 0.7948
vn 0.7289 0.1901 0.6576
vn 0.0782 0.4209 0.9037
vn 0.2279 0.5111 0.8287
vn -0.8735 0.2782 0.3996
vn -0.8563 0.3589 0.3715
vn -0.9162 0.3632 0.1691
vn -0.8958 0.4372 0.0799
vn 0.0091 0.9144 0.4046
vn 0.0078 0.9856 0.1687
vn -0.6886 0.636 0.3483
vn -0.02 0.6841 0.7291
vn 0.004 0.8326 0.5538
vn 0.0044 0.5205 0.8538
vn -0.0748 0.674 0.7349
vn 0.7135 0.2884 0.6386
vn 0.1114 0.6503 0.7515
vn 0.0205 0.4971 0.8675
vn 0.1629 0.6891 0.7061
vn 0.2182 0.8913 0.3975
vn 0.5854 0.7206 0.3715
vn 0.0251 0.9835 0.1793
vn 0.8198 0.3693 0.4377
vn 0.8638 0.2967 0.4072
vn 0.9162 0.3519 0.1915
vn -0.27 0.9423 0.1979
vn -0.5211 0.5614 0.6429
vn -0.461 0.5837 0.6684
vn 0.5184 0.7686 0.3749
vn 0.3623 0.6736 0.6442
vn -0.7587 0.2605 0.597
vn -0.8748 0.2432 0.4191
vn 0 0.2602 0.9655
vn 0 0.0354 0.9994
vn 0.9999 -0.0137 -0.0004
vn 0.9961 -0.0878 -0.0027
vn 0.9976 -0.0688 -0.0021
vn 0.9999 -0.0124 -0.0004
vn 0.999 -0.0194 0.0411
vn 0.9928 -0.1186 0.0172
vn 0.9943 -0.0833 0.0667
vn 0.9992 -0.0166 0.0364
vn 0.8867 0.2511 0.3881
vn 0.804 0.2436 0.5424
vn 0 -0.0038 1
vn 0 0.2442 0.9697
vn 1 0 -0.0023
vn 1 0.001 -0.0027
vn 0.9569 0.2851 0.0553
vn -0.9658 0.2558 0.0416
vn 0.6016 0.0188 0.7985
vn -0.012 -0.0324 0.9994
vn -0.0288 -0.0242 0.9993
vn -0.0833 -0.0144 0.9964
vn -0.1276 -0.0119 0.9917
vn -0.5558 -0.6345 0.537
vn 0 -0.7992 0.601
vn 0 -0.6485 0.7612
vn -0.4334 -0.8 0.415
vn -0.2082 -0.869 0.4489
vn 0.2053 -0.8696 0.449
vn 0.4277 -0.8026 0.4159
vn -0.1042 0.2875 0.9521
vn -0.0754 0.143 0.9868
vn -0.1954 0.3462 0.9176
vn -0.0875 0.378 0.9216
vn 0.1525 0.3814 0.9118
vn 0.3373 0.3454 0.8757
vn 0.0001 0.972 0.2351
vn 0 0.9286 0.371
vn 0.0001 0.9721 0.2346
vn 0.7728 0.6203 0.1342
vn -0.7973 0.592 0.1176
vn -0.9467 -0.0608 0.3163
vn -0.9673 -0.1416 0.2104
vn -0.984 -0.1089 0.1412
vn -0.9456 -0.1576 0.2845
vn 0.9911 0.014 -0.1326
vn 0.9939 -0.0433 -0.101
vn 0.9909 -0.0663 -0.1174
vn 0.9914 0.0132 -0.1304
vn 0.9844 -0.1595 -0.0738
vn 0.9775 -0.1585 -0.139
vn 0.9827 -0.1185 -0.1422
vn 0.9799 -0.1668 -0.1091
vn 0.9955 0.066 -0.0681
vn 0.9999 0.0085 -0.0132
vn 1 0.0024 -0.0037
vn 0.9989 0.0301 -0.0346
vn -0.993 -0.1176 0.0111
vn -0.9996 -0.0126 0.0259
vn -0.9992 -0.0156 0.0355
vn -0.996 -0.0687 0.0571
vn -0.9934 -0.1148 -0.0045
vn -1 -0.0059 0.0038
vn -1 -0.0063 0.0052
vn -0.9995 -0.0285 0.0155
vn 0.9936 -0.1124 -0.0098
vn 0.9892 -0.1416 -0.0366
vn 0.992 -0.1242 -0.0216
vn 0.9934 -0.1147 -0.005
vn 0.9999 -0.0042 0.0167
vn 0.994 -0.1098 -0.0013
vn 0.9991 -0.0303 0.0282
vn 0.9999 -0.0026 0.0137
vn 0.978 0.0921 -0.187
vn 0.9863 0.0989 -0.1317
vn 0.9852 0.1011 -0.1386
vn 0.9803 0.061 -0.1881
vn -0.0039 -1 0.0007
vn -0.0063 -1 0.002
vn -0.1618 -0.9867 -0.0143
vn -0.0471 -0.9973 -0.0555
vn 0.9252 -0.3709 -0.0806
vn 0.9811 -0.1922 -0.024
vn 0.9817 -0.1892 -0.0231
vn 0.3471 -0.9378 0.0101
vn 0.1739 -0.9848 0.0051
vn -0.1714 -0.9852 0.0051
vn -0.3423 -0.9395 0.0102
vn -0.9994 0 0.0353
vn -0.9957 -0.0655 0.0653
vn -0.9997 -0.0169 0.0168
vn 0.9994 0 0.0353
vn -0.0016 -1 -0.0003
vn 0.0015 -1 -0.0004
vn 0.0077 -0.0072 0.9999
vn 0.0104 -0.0029 0.9999
vn 0 -0.0337 0.9994
vn -0.353 0.6154 0.7047
vn -0.8818 0.4681 0.0582
vn 0 0.4 0.9165
vn -0.9972 -0.075 -0.0023
vn -0.9985 -0.054 -0.0017
vn 0 0.4002 0.9164
vn -0.9816 0.19 0.0194
vn -0.9999 0.0131 0.003
vn -0.9962 0.0868 0.0082
vn 0.9789 0.1655 0.1196
vn 0.9588 0.1107 0.2616
vn 0.9179 0.1457 0.369
vn -0.5305 -0.7715 0.3512
vn -0.5404 -0.7437 0.3936
vn -0.2088 -0.8609 0.4639
vn -0.9976 -0.0593 0.0355
vn -0.9786 -0.1767 0.1057
vn -0.9895 -0.1261 0.0709
vn -0.9995 -0.0283 0.0137
vn -0.346 -0.7426 0.5735
vn -0.1286 -0.6968 0.7056
vn -0.0347 -0.8268 0.5614
vn -0.0941 -0.847 0.5231
vn -0.1361 -0.837 0.53
vn 0.0299 -0.686 0.727
vn 0.3599 -0.7173 0.5967
vn -0.5878 -0.2073 0.782
vn -0.674 -0.1773 0.7172
vn -0.8756 -0.0652 0.4787
vn 0.4939 -0.5814 0.6465
vn 0.2687 -0.6219 0.7356
vn 0.2204 -0.7866 0.5768
vn 0.3925 -0.7692 0.5043
vn 0.0383 -0.8266 0.5614
vn 0.1424 -0.6948 0.705
vn 0.3829 -0.7307 0.5652
vn 0.106 -0.846 0.5226
vn 0.4379 -0.2501 0.8635
vn 0.057 -0.0421 0.9975
vn 0.3601 -0.3312 0.8722
vn 0.4483 -0.4831 0.7521
vn 0.5772 -0.7428 0.3392
vn 0.2351 -0.8556 0.4612
vn 0.5874 -0.715 0.3792
vn 0.4838 -0.3273 0.8117
vn 0.302 -0.2255 0.9263
vn 0.1067 -0.0771 0.9913
vn 0 -0.0615 0.9981
vn 0 0.268 0.9634
vn -0.2193 0.4467 0.8674
vn -0.5709 0.6049 0.5551
vn -0.5797 0.6124 0.5374
vn -0.617 -0.1521 0.7721
vn -0.8699 -0.0148 0.493
vn -0.8885 -0.0001 0.4589
vn -0.7157 -0.084 0.6933
vn -0.8484 0.146 0.5088
vn -0.8429 0.0118 0.538
vn -0.9591 0.11 0.2609
vn -0.9592 0.2028 0.1971
vn -0.978 0.2036 0.0456
vn -0.9927 0.1131 0.0425
vn -0.9982 -0.0493 0.035
vn -0.9813 -0.0935 0.1681
vn -0.9811 -0.0481 0.1875
vn -0.999 -0.0258 0.0354
vn -0.8219 -0.1858 0.5385
vn -0.5689 -0.4108 0.7124
vn -0.6467 -0.2863 0.707
vn -0.3962 -0.8416 0.367
vn -0.0971 -0.8947 0.4359
vn -0.0428 -0.9307 0.3633
vn -0.2507 -0.91 0.3302
vn 0 -0.896 0.4441
vn 0 -0.9351 0.3545
vn 0 -0.5416 0.8407
vn 0 -0.3818 0.9242
vn -0.9373 -0.1887 0.2929
vn -0.1558 -0.8772 0.4541
vn 0.0063 -0.9168 0.3993
vn -0.0956 -0.9381 0.333
vn 0.2111 0.7704 0.6017
vn 0.0907 0.4919 0.8659
vn 0.0873 0.7346 0.6729
vn -0.2106 0.9623 0.1723
vn 0.5457 0.0558 0.8361
vn 0.5721 -0.0575 0.8182
vn 0.572 -0.0571 0.8182
vn 0.1712 -0.8797 0.4437
vn 0.1441 -0.9218 0.36
vn 0.261 -0.9097 0.323
vn 0.3227 -0.8542 0.4077
vn 0.5375 -0.4567 0.7089
vn 0.5671 -0.3348 0.7525
vn 0.5743 -0.2958 0.7634
vn 0.9675 0.0979 0.2334
vn 0.9944 0.0994 0.0373
vn 0.983 0.179 0.04
vn 0.9684 0.179 0.1736
vn 0.8692 0.0114 0.4944
vn 0.8783 0.1324 0.4594
vn 0.7611 -0.0793 0.6438
vn 0.4346 -0.8257 0.3598
vn 0.2831 -0.9019 0.3263
vn 0.0482 -0.9301 0.3642
vn 0.1123 -0.8931 0.4357
vn 0.6204 -0.3918 0.6794
vn 0.8509 -0.1719 0.4964
vn 0.6943 -0.2728 0.666
vn 0.9986 -0.0431 0.0306
vn 0.9993 -0.0226 0.031
vn 0.9853 -0.0424 0.1654
vn 0.9856 -0.0822 0.1478
vn -0.81 -0.4274 0.4015
vn 0.3496 -0.0956 0.932
vn 0.3548 -0.2914 0.8884
vn 0.1033 -0.3993 0.911
vn 0.347 -0.5947 0.7252
vn 0.3327 -0.7516 0.5696
vn 0.1603 -0.8163 0.5549
vn 0.1785 -0.663 0.727
vn 0.8058 0.1048 0.5829
vn 0.7923 -0.3304 0.5129
vn -0.1153 -0.9366 0.3309
vn -0.4548 -0.8147 0.3597
vn -0.1602 -0.8771 0.4528
vn 0.278 0.326 0.9035
vn 0.1384 0.3297 0.9339
vn 0.2366 -0.0335 0.971
vn 0.4748 -0.0327 0.8795
vn 0.2332 -0.9031 0.3606
vn 0.1085 -0.9326 0.3441
vn 0.135 -0.8905 0.4345
vn 0.2783 -0.8553 0.4371
vn 0.4576 -0.4815 0.7475
vn 0.4865 -0.3519 0.7997
vn 0.2478 -0.3621 0.8986
vn 0.2539 -0.5238 0.8131
vn -0.0078 0.9997 0.0235
vn -0.0226 0.9997 0.0093
vn -0.0013 1 0.0004
vn -0.0134 0.9997 0.0187
vn 0 0.9996 0.03
vn 0 1 0.0089
vn -0.0378 0.9991 0.018
vn -0.2222 0.9739 0.0474
vn 0.9956 0.0932 0.0029
vn 0.9999 0.0158 0.0005
vn 0.9999 0.0148 0.0005
vn 0.9976 0.0689 0.0021
vn -0.4634 -0.6626 0.5884
vn -0.2903 -0.6404 0.711
vn -0.9319 -0.0272 0.3617
vn 0 -0.0637 0.998
vn -0.174 0.3367 0.9254
vn 0 0.4389 0.8985
vn -0.3476 0.4031 0.8466
vn -0.4049 -0.8697 0.2824
vn -0.4279 -0.8398 0.334
vn -0.9357 -0.1458 0.3213
vn -0.0515 -0.9522 0.301
vn -0.184 -0.9372 0.2962
vn 0 -0.9535 0.3014
vn -0.2236 -0.9294 0.2937
vn -0.1457 -0.9433 0.2981
vn 0.1542 0.4849 0.8609
vn 0.0577 0.3467 0.9362
vn 0.1395 -0.9442 0.2984
vn 0.2389 -0.9259 0.2926
vn 0 -0.3819 0.9242
vn 0.4699 -0.8203 0.326
vn 0.4522 -0.8486 0.2747
vn 0.2023 -0.9338 0.2951
vn 0.0568 -0.952 0.3009
vn 0.9497 -0.1294 0.2851
vn -0.5435 -0.2411 0.804
vn -0.6841 -0.6784 0.2679
vn -0.6156 -0.6667 0.4201
vn 0.6646 -0.6307 0.4005
vn 0.7316 -0.6342 0.2502
vn 0 0.2725 0.9622
vn 0 -0.0603 0.9982
vn 0 0.9761 0.2174
vn 0 0.9166 0.3997
vn 0 0.9919 0.1273
vn -0.5638 -0.1732 0.8075
vn 0 -0.0604 0.9982
vn 0 0.2719 0.9623
vn 0 0.976 0.2176
vn -0.3324 -0.8269 0.4536
vn 0.9992 -0.0376 0.0121
vn 0.9997 -0.0214 0.0069
vn 0.8176 0.1232 0.5625
vn -0.0001 0.9996 0.03
vn -0.467 0.8819 0.0648
vn 0.2401 -0.5929 0.7687
vn 0.4909 -0.4585 0.7409
vn 0.1642 -0.4653 0.8698
vn -0.0943 0.5143 0.8524
vn -0.1717 0.4986 0.8497
vn -0.0909 0.4232 0.9015
vn -0.124 -0.9461 0.299
vn -0.1948 -0.9352 0.2956
vn 0.1286 0.4947 0.8595
vn 0.0442 0.5133 0.8571
vn 0.1947 -0.9353 0.2956
vn 0.079 -0.9505 0.3004
vn -0.2166 -0.0829 0.9727
vn -0.2304 -0.122 0.9654
vn -0.1417 -0.8392 0.525
vn 0 -0.0301 0.9995
vn -0.5087 -0.1806 0.8418
vn -0.2917 -0.8386 0.46
vn 0.9998 -0.0219 0.0013
vn 0.997 -0.0351 0.0683
vn 0.9977 -0.0367 0.057
vn 0.9997 -0.0223 0.0013
vn 0.9998 0.0183 0.0006
vn 0.9952 0.0978 0.003
vn 0.9925 0.1221 0.0038
vn 0.9977 0.0673 0.0021
vn 1 0 0.0001
vn 0.0857 0.9952 0.0463
vn 0.0142 0.9998 0.0168
vn -0.0107 0.9998 0.017
vn -0.0668 0.9966 0.0473
vn 0.1002 0.9936 0.0524
vn 0.1885 0.9806 0.0541
vn -0.1398 0.9886 0.0563
vn -0.0733 0.9959 0.0532
vn -0.9999 0.0171 0.0014
vn -1 0.0084 0.0007
vn -1 0.0086 0.0007
vn 1 0.0053 0.003
vn 1 0.005 0.0029
vn 0.9999 0.0103 0.0058
vn -0.697 -0.1875 0.6921
vn -0.7529 -0.1021 0.6502
vn -0.6201 -0.2855 0.7307
vn -0.8084 0.0035 0.5886
vn -0.9987 -0.0354 0.0364
vn -0.9992 -0.0275 0.0283
vn -0.9956 -0.065 0.0668
vn 0.0401 -0.0962 -0.9946
vn 0.992 -0.027 0.1237
vn -0.7869 0.6171 0
vn -0.6487 0.761 0
vn -0.6487 0.7464 -0.1485
vn -0.7869 0.6053 -0.1204
vn 0.6487 0.761 0
vn 0.7869 0.6171 0
vn 0.7869 0.6053 -0.1204
vn 0.6487 0.7464 -0.1485
vn -0.8854 0.4648 0
vn -0.8854 0.4558 -0.0907
vn 0.4672 0.8842 0
vn 0.4672 0.8672 -0.1725
vn -0.9505 0.3106 0
vn -0.9505 0.3047 -0.0606
vn 0.2459 0.9693 0
vn 0.2459 0.9507 -0.1891
vn -0.9876 0.1573 0
vn -0.9876 0.1542 -0.0307
vn 0 0.9808 -0.1951
vn 0.9876 0.1573 0
vn 0.9876 0.1542 -0.0306
vn -0.2459 0.9693 0
vn -0.2459 0.9507 -0.1891
vn 0.9505 0.3106 0
vn 0.9505 0.3047 -0.0606
vn -0.4672 0.8842 0
vn -0.4672 0.8672 -0.1725
vn 0.8854 0.4648 0
vn 0.8854 0.4558 -0.0907
vn 0.9505 0.287 -0.1189
vn 0.8854 0.4294 -0.1779
vn -0.4672 0.8169 -0.3384
vn -0.6487 0.7031 -0.2912
vn 0.7869 0.5702 -0.2362
vn -0.7869 0.5702 -0.2362
vn 0.6487 0.7031 -0.2912
vn -0.8854 0.4294 -0.1779
vn 0.4672 0.8169 -0.3384
vn -0.9505 0.287 -0.1189
vn 0.2459 0.8955 -0.3709
vn -0.9876 0.1453 -0.0602
vn 0 0.9239 -0.3827
vn 0.9876 0.1453 -0.0601
vn -0.2459 0.8955 -0.3709
vn 0.4672 0.7352 -0.4912
vn 0.2459 0.8059 -0.5385
vn -0.9505 0.2583 -0.1726
vn -0.9876 0.1308 -0.0874
vn 0 0.8315 -0.5556
vn 0.9876 0.1308 -0.0874
vn -0.2459 0.8059 -0.5385
vn 0.9505 0.2583 -0.1726
vn -0.4672 0.7352 -0.4912
vn 0.8854 0.3864 -0.2582
vn -0.6487 0.6328 -0.4228
vn 0.7869 0.5131 -0.3429
vn -0.7869 0.5131 -0.3429
vn 0.6487 0.6328 -0.4228
vn -0.8854 0.3864 -0.2582
vn -0.4672 0.6252 -0.6252
vn -0.6487 0.5381 -0.5381
vn 0.8854 0.3286 -0.3286
vn 0.7869 0.4364 -0.4364
vn -0.7869 0.4364 -0.4364
vn 0.6487 0.5381 -0.5381
vn -0.8854 0.3286 -0.3286
vn 0.4672 0.6252 -0.6252
vn -0.9505 0.2197 -0.2197
vn 0.2459 0.6854 -0.6854
vn -0.9876 0.1112 -0.1112
vn 0 0.7071 -0.7071
vn 0.9876 0.1112 -0.1112
vn -0.2459 0.6854 -0.6854
vn 0.9505 0.2197 -0.2197
vn -0.9505 0.1726 -0.2583
vn -0.9876 0.0874 -0.1307
vn 0.2459 0.5385 -0.8059
vn 0 0.5556 -0.8315
vn 0.9876 0.0874 -0.1308
vn -0.2459 0.5385 -0.8059
vn 0.9505 0.1726 -0.2583
vn -0.4672 0.4912 -0.7352
vn 0.8854 0.2582 -0.3864
vn -0.6487 0.4228 -0.6328
vn 0.7869 0.3429 -0.5131
vn -0.7869 0.3429 -0.5131
vn 0.6487 0.4228 -0.6328
vn -0.8854 0.2582 -0.3864
vn 0.4672 0.4912 -0.7352
vn -0.6487 0.2912 -0.7031
vn -0.7869 0.2362 -0.5702
vn 0.7869 0.2362 -0.5702
vn 0.6487 0.2912 -0.7031
vn -0.8854 0.1779 -0.4294
vn 0.4672 0.3384 -0.8169
vn -0.9505 0.1189 -0.287
vn 0.2459 0.3709 -0.8955
vn -0.9876 0.0602 -0.1453
vn 0 0.3827 -0.9239
vn 0.9876 0.0602 -0.1453
vn -0.2459 0.3709 -0.8955
vn 0.9505 0.1189 -0.287
vn -0.4672 0.3384 -0.8169
vn 0.8854 0.1779 -0.4294
vn 0.9876 0.0307 -0.1542
vn -0.9876 0.0307 -0.1542
vn 0 0.1951 -0.9808
vn -0.2459 0.1891 -0.9507
vn 0.9505 0.0606 -0.3047
vn -0.4672 0.1725 -0.8672
vn 0.8854 0.0907 -0.4558
vn -0.6487 0.1485 -0.7464
vn 0.7869 0.1204 -0.6053
vn -0.7869 0.1204 -0.6053
vn 0.6487 0.1485 -0.7464
vn -0.8854 0.0907 -0.4558
vn 0.4672 0.1725 -0.8672
vn -0.9505 0.0606 -0.3047
vn 0.2459 0.1891 -0.9507
vn 0.7869 0 -0.6171
vn 0.6487 0 -0.761
vn -0.7869 0 -0.6171
vn -0.8854 0 -0.4648
vn 0.4672 0 -0.8842
vn -0.9505 0 -0.3106
vn 0.2459 0 -0.9693
vn -0.9876 0 -0.1573
vn 0.9876 0 -0.1573
vn -0.2459 0 -0.9693
vn 0.9505 0 -0.3106
vn -0.4672 0 -0.8842
vn 0.8854 0 -0.4648
vn -0.6487 0 -0.761
vn 0 -0.1951 -0.9808
vn -0.2459 -0.1891 -0.9507
vn 0.9876 -0.0307 -0.1542
vn 0.9505 -0.0606 -0.3047
vn -0.4672 -0.1725 -0.8672
vn 0.8854 -0.0907 -0.4558
vn -0.6487 -0.1485 -0.7464
vn 0.7869 -0.1204 -0.6053
vn -0.7869 -0.1204 -0.6053
vn 0.6487 -0.1485 -0.7464
vn -0.8854 -0.0907 -0.4559
vn 0.4672 -0.1725 -0.8672
vn -0.9505 -0.0606 -0.3047
vn 0.2459 -0.1891 -0.9507
vn -0.9876 -0.0307 -0.1542
vn -0.7869 -0.2362 -0.5701
vn -0.8854 -0.1779 -0.4294
vn 0.6487 -0.2912 -0.7031
vn 0.4672 -0.3384 -0.8169
vn -0.9505 -0.1189 -0.287
vn 0.2459 -0.3709 -0.8955
vn -0.9876 -0.0602 -0.1453
vn 0 -0.3827 -0.9239
vn 0.9876 -0.0602 -0.1453
vn -0.2459 -0.3709 -0.8955
vn 0.9505 -0.1189 -0.287
vn -0.4672 -0.3384 -0.8169
vn 0.8854 -0.1779 -0.4294
vn -0.6487 -0.2912 -0.7031
vn 0.7869 -0.2362 -0.5702
vn 0.9876 -0.0874 -0.1307
vn 0.9505 -0.1726 -0.2583
vn -0.2459 -0.5385 -0.8059
vn -0.4672 -0.4912 -0.7352
vn 0.8854 -0.2582 -0.3864
vn -0.6487 -0.4228 -0.6328
vn 0.7869 -0.3429 -0.5131
vn -0.7869 -0.3429 -0.5131
vn 0.6487 -0.4228 -0.6328
vn -0.8854 -0.2582 -0.3864
vn 0.4672 -0.4912 -0.7352
vn -0.9505 -0.1726 -0.2583
vn 0.2459 -0.5385 -0.8059
vn -0.9876 -0.0874 -0.1307
vn 0 -0.5556 -0.8315
vn 0.6487 -0.5381 -0.5381
vn 0.4672 -0.6252 -0.6252
vn -0.8854 -0.3286 -0.3286
vn -0.9505 -0.2197 -0.2197
vn 0.2459 -0.6854 -0.6854
vn -0.9876 -0.1112 -0.1112
vn 0 -0.7071 -0.7071
vn 0.9876 -0.1112 -0.1112
vn -0.2459 -0.6854 -0.6854
vn 0.9505 -0.2197 -0.2197
vn -0.4672 -0.6252 -0.6252
vn 0.8854 -0.3286 -0.3286
vn -0.6487 -0.5381 -0.5381
vn 0.7869 -0.4364 -0.4364
vn -0.7869 -0.4364 -0.4364
vn -0.2459 -0.8059 -0.5385
vn -0.4672 -0.7352 -0.4912
vn 0.9505 -0.2583 -0.1726
vn 0.8854 -0.3864 -0.2582
vn -0.6487 -0.6328 -0.4228
vn 0.7869 -0.5131 -0.3429
vn -0.7869 -0.5131 -0.3429
vn 0.6487 -0.6328 -0.4228
vn -0.8854 -0.3864 -0.2582
vn 0.4672 -0.7352 -0.4912
vn -0.9505 -0.2583 -0.1726
vn 0.2459 -0.8059 -0.5385
vn -0.9876 -0.1308 -0.0874
vn 0 -0.8315 -0.5556
vn 0.9876 -0.1308 -0.0874
vn -0.8854 -0.4294 -0.1779
vn -0.9505 -0.287 -0.1189
vn 0.4672 -0.8169 -0.3384
vn 0.2459 -0.8955 -0.3709
vn -0.9876 -0.1453 -0.0602
vn 0 -0.9239 -0.3827
vn 0.9876 -0.1453 -0.0602
vn -0.2459 -0.8955 -0.3709
vn 0.9505 -0.287 -0.1189
vn -0.4672 -0.8169 -0.3384
vn 0.8854 -0.4294 -0.1779
vn -0.6487 -0.7031 -0.2912
vn 0.7869 -0.5702 -0.2362
vn -0.7869 -0.5702 -0.2362
vn 0.6487 -0.7031 -0.2912
vn -0.4672 -0.8672 -0.1725
vn -0.6487 -0.7464 -0.1485
vn 0.8854 -0.4558 -0.0907
vn 0.7869 -0.6053 -0.1204
vn -0.7869 -0.6053 -0.1204
vn 0.6487 -0.7464 -0.1485
vn -0.8854 -0.4558 -0.0907
vn 0.4672 -0.8672 -0.1725
vn -0.9505 -0.3047 -0.0606
vn 0.2459 -0.9507 -0.1891
vn -0.9876 -0.1542 -0.0307
vn 0 -0.9808 -0.1951
vn 0.9876 -0.1542 -0.0307
vn -0.2459 -0.9507 -0.1891
vn 0.9505 -0.3047 -0.0606
vn -0.9505 -0.3107 0
vn -0.9876 -0.1573 0
vn 0.2459 -0.9693 0
vn 0.9876 -0.1573 0
vn -0.2459 -0.9693 0
vn 0.9505 -0.3106 0
vn -0.4672 -0.8842 0
vn 0.8854 -0.4648 0
vn -0.6487 -0.761 0
vn 0.7869 -0.6171 0
vn -0.7869 -0.6171 0
vn 0.6487 -0.761 0
vn -0.8854 -0.4648 0
vn 0.4672 -0.8842 0
vn 0.8854 -0.4558 0.0907
vn 0.7869 -0.6053 0.1204
vn -0.6487 -0.7464 0.1485
vn -0.7869 -0.6053 0.1204
vn 0.6487 -0.7464 0.1485
vn -0.8854 -0.4558 0.0907
vn 0.4672 -0.8672 0.1725
vn -0.9505 -0.3047 0.0606
vn 0.2459 -0.9507 0.1891
vn -0.9876 -0.1542 0.0307
vn 0 -0.9808 0.1951
vn 0.9876 -0.1542 0.0307
vn -0.2459 -0.9507 0.1891
vn 0.9505 -0.3047 0.0606
vn -0.4672 -0.8672 0.1725
vn 0.2459 -0.8955 0.3709
vn 0 -0.9239 0.3827
vn 0.9876 -0.1453 0.0602
vn -0.9876 -0.1453 0.0602
vn -0.2459 -0.8955 0.3709
vn 0.9505 -0.287 0.1189
vn -0.4672 -0.8169 0.3384
vn 0.8854 -0.4294 0.1779
vn -0.6487 -0.7031 0.2912
vn 0.7869 -0.5702 0.2362
vn -0.7869 -0.5702 0.2362
vn 0.6487 -0.7031 0.2912
vn -0.8854 -0.4294 0.1779
vn 0.4672 -0.8169 0.3384
vn -0.9505 -0.287 0.1189
vn -0.6487 -0.6328 0.4228
vn -0.7869 -0.5131 0.3429
vn 0.7869 -0.5131 0.3429
vn 0.6487 -0.6328 0.4228
vn -0.8854 -0.3864 0.2582
vn 0.4672 -0.7352 0.4912
vn -0.9505 -0.2583 0.1726
vn 0.2459 -0.8059 0.5385
vn -0.9876 -0.1308 0.0874
vn 0 -0.8315 0.5556
vn 0.9876 -0.1308 0.0874
vn -0.2459 -0.8059 0.5385
vn 0.9505 -0.2583 0.1726
vn -0.4672 -0.7352 0.4912
vn 0.8854 -0.3864 0.2582
vn 0.9876 -0.1112 0.1112
vn -0.9876 -0.1112 0.1112
vn 0 -0.7071 0.7071
vn -0.2459 -0.6854 0.6854
vn 0.9505 -0.2197 0.2197
vn -0.4672 -0.6252 0.6252
vn 0.8854 -0.3286 0.3286
vn -0.6487 -0.5381 0.5381
vn 0.7869 -0.4364 0.4364
vn -0.7869 -0.4364 0.4364
vn 0.6487 -0.5381 0.5381
vn -0.8854 -0.3286 0.3286
vn 0.4672 -0.6252 0.6252
vn -0.9505 -0.2197 0.2197
vn 0.2459 -0.6854 0.6854
vn 0.7869 -0.3429 0.5131
vn 0.6487 -0.4228 0.6328
vn -0.7869 -0.3429 0.5131
vn -0.8854 -0.2582 0.3864
vn 0.4672 -0.4912 0.7352
vn -0.9505 -0.1726 0.2583
vn 0.2459 -0.5385 0.8059
vn -0.9876 -0.0874 0.1307
vn 0 -0.5556 0.8315
vn 0.9876 -0.0874 0.1308
vn -0.2459 -0.5385 0.8059
vn 0.9505 -0.1726 0.2583
vn -0.4672 -0.4912 0.7352
vn 0.8854 -0.2582 0.3864
vn -0.6487 -0.4228 0.6328
vn 0 -0.3827 0.9239
vn -0.2459 -0.3709 0.8955
vn 0.9876 -0.0602 0.1453
vn 0.9505 -0.1189 0.287
vn -0.4672 -0.3384 0.8169
vn 0.8854 -0.1779 0.4294
vn -0.6487 -0.2912 0.7031
vn 0.7869 -0.2362 0.5702
vn -0.7869 -0.2362 0.5702
vn 0.6487 -0.2912 0.7031
vn -0.8854 -0.1779 0.4294
vn 0.4672 -0.3384 0.8169
vn -0.9505 -0.1189 0.287
vn 0.2459 -0.3709 0.8955
vn -0.9876 -0.0602 0.1453
vn -0.7869 -0.1204 0.6053
vn -0.8854 -0.0907 0.4558
vn 0.6487 -0.1485 0.7464
vn 0.4672 -0.1725 0.8672
vn -0.9505 -0.0606 0.3047
vn 0.2459 -0.1891 0.9507
vn -0.9876 -0.0307 0.1542
vn 0 -0.1951 0.9808
vn 0.9876 -0.0307 0.1542
vn -0.2459 -0.1891 0.9507
vn 0.9505 -0.0606 0.3047
vn -0.4672 -0.1725 0.8672
vn 0.8854 -0.0907 0.4558
vn -0.6487 -0.1485 0.7464
vn 0.7869 -0.1204 0.6053
vn -0.2459 0 0.9693
vn -0.4672 0 0.8842
vn 0.9505 0 0.3107
vn 0.8854 0 0.4648
vn -0.6487 0 0.761
vn 0.7869 0 0.6171
vn -0.7869 0 0.6171
vn 0.6487 0 0.761
vn -0.8854 0 0.4648
vn 0.4672 0 0.8842
vn -0.9505 0 0.3107
vn 0.2459 0 0.9693
vn -0.9876 0 0.1573
vn 0.9876 0 0.1573
vn -0.8854 0.0907 0.4558
vn -0.9505 0.0606 0.3047
vn 0.4672 0.1725 0.8672
vn 0.2459 0.1891 0.9507
vn -0.9876 0.0307 0.1542
vn 0 0.1951 0.9808
vn 0.9876 0.0307 0.1542
vn -0.2459 0.1891 0.9507
vn 0.9505 0.0606 0.3047
vn -0.4672 0.1725 0.8672
vn 0.8854 0.0907 0.4558
vn -0.6487 0.1485 0.7464
vn 0.7869 0.1204 0.6053
vn -0.7869 0.1204 0.6053
vn 0.6487 0.1485 0.7464
vn 0.9505 0.1189 0.287
vn 0.8854 0.1779 0.4294
vn -0.4672 0.3384 0.8169
vn -0.6487 0.2912 0.7031
vn 0.7869 0.2362 0.5702
vn -0.7869 0.2362 0.5702
vn 0.6487 0.2912 0.7031
vn -0.8854 0.1779 0.4294
vn 0.4672 0.3384 0.8169
vn -0.9505 0.1189 0.287
vn 0.2459 0.3709 0.8955
vn -0.9876 0.0602 0.1453
vn 0 0.3827 0.9239
vn 0.9876 0.0602 0.1453
vn -0.2459 0.3709 0.8955
vn 0.4672 0.4912 0.7352
vn 0.2459 0.5385 0.8059
vn -0.9505 0.1726 0.2583
vn -0.9876 0.0874 0.1308
vn 0 0.5556 0.8315
vn 0.9876 0.0874 0.1308
vn -0.2459 0.5385 0.8059
vn 0.9505 0.1726 0.2583
vn -0.4672 0.4912 0.7352
vn 0.8854 0.2582 0.3864
vn -0.6487 0.4228 0.6328
vn 0.7869 0.3429 0.5131
vn -0.7869 0.3429 0.5131
vn 0.6487 0.4228 0.6328
vn -0.8854 0.2582 0.3864
vn -0.4672 0.6252 0.6252
vn -0.6487 0.5381 0.5381
vn 0.8854 0.3286 0.3286
vn 0.7869 0.4364 0.4364
vn -0.7869 0.4364 0.4364
vn 0.6487 0.5381 0.5381
vn -0.8854 0.3286 0.3286
vn 0.4672 0.6252 0.6252
vn -0.9505 0.2197 0.2197
vn 0.2459 0.6854 0.6854
vn -0.9876 0.1112 0.1112
vn 0 0.7071 0.7071
vn 0.9876 0.1112 0.1112
vn -0.2459 0.6854 0.6854
vn 0.9505 0.2197 0.2197
vn -0.9505 0.2583 0.1726
vn -0.9876 0.1308 0.0874
vn 0.2459 0.8059 0.5385
vn 0 0.8315 0.5556
vn 0.9876 0.1308 0.0874
vn -0.2459 0.8059 0.5385
vn 0.9505 0.2583 0.1726
vn -0.4672 0.7352 0.4912
vn 0.8854 0.3864 0.2582
vn -0.6487 0.6328 0.4228
vn 0.7869 0.5131 0.3429
vn -0.7869 0.5131 0.3429
vn 0.6487 0.6328 0.4228
vn -0.8854 0.3864 0.2582
vn 0.4672 0.7352 0.4912
vn 0.8854 0.4294 0.1779
vn 0.7869 0.5702 0.2362
vn -0.6487 0.7031 0.2912
vn -0.7869 0.5702 0.2362
vn 0.6487 0.7031 0.2912
vn -0.8854 0.4294 0.1779
vn 0.4672 0.8169 0.3384
vn -0.9505 0.287 0.1189
vn 0.2459 0.8955 0.3709
vn -0.9876 0.1453 0.0602
vn 0 0.9239 0.3827
vn 0.9876 0.1453 0.0601
vn -0.2459 0.8955 0.3709
vn 0.9505 0.287 0.1189
vn -0.4672 0.8169 0.3384
vn 0.2459 0.9507 0.1891
vn 0 0.9808 0.1951
vn 0.9876 0.1542 0.0306
vn -0.9876 0.1542 0.0307
vn -0.2459 0.9507 0.1891
vn 0.9505 0.3047 0.0606
vn -0.4672 0.8672 0.1725
vn 0.8854 0.4558 0.0907
vn -0.6487 0.7464 0.1485
vn 0.7869 0.6053 0.1204
vn -0.7869 0.6053 0.1204
vn 0.6487 0.7464 0.1485
vn -0.8854 0.4558 0.0907
vn 0.4672 0.8672 0.1725
vn -0.9505 0.3047 0.0606
vn 0.9808 0 -0.1951
vn 0.9239 0 -0.3827
vn 0.8315 0 -0.5556
vn 0.7071 0 -0.7071
vn 0.5556 0 -0.8315
vn 0.3827 0 -0.9239
vn 0.1951 0 -0.9808
vn -0.1951 0 -0.9808
vn -0.3827 0 -0.9239
vn -0.5556 0 -0.8315
vn -0.7071 0 -0.7071
vn -0.8315 0 -0.5556
vn -0.9239 0 -0.3827
vn -0.9808 0 -0.1951
vn -0.9808 0 0.1951
vn -0.9239 0 0.3827
vn -0.8315 0 0.5556
vn -0.7071 0 0.7071
vn -0.5556 0 0.8315
vn -0.3827 0 0.9239
vn -0.1951 0 0.9808
vn 0.1951 0 0.9808
vn 0.3827 0 0.9239
vn 0.5556 0 0.8315
vn 0.7071 0 0.7071
vn 0.8315 0 0.5556
vn 0.9239 0 0.3827
vn 0.9808 0 0.1951
vn 0.8852 0.4588 -0.0767
vn 0.9681 0.2471 -0.0413
vn 0.9681 0.2343 -0.0887
vn 0.8852 0.435 -0.1647
vn 0.7156 0.6889 -0.1151
vn 0.7156 0.6532 -0.2473
vn 0.5653 0.8136 -0.136
vn 0.5653 0.7714 -0.2921
vn 0.3911 0.9078 -0.1517
vn 0.3911 0.8607 -0.3259
vn 0.2047 0.9654 -0.1613
vn 0.2047 0.9154 -0.3466
vn 0.098 0.9816 -0.164
vn 0.098 0.9307 -0.3524
vn 0.9546 -0.2938 0.0491
vn 0.9613 -0.2748 -0.0217
vn 0.9542 -0.2799 0.1055
vn 0.9691 0.2431 -0.0407
vn 0.9691 0.2305 -0.0872
vn 0.9535 -0.2564 0.1587
vn 0.9692 0.213 -0.1233
vn 0.9681 0.2169 -0.1253
vn 0.8843 0.3991 -0.2424
vn 0.7149 0.5939 -0.3692
vn 0.5653 0.6996 -0.437
vn 0.3911 0.7806 -0.4876
vn 0.2047 0.8302 -0.5185
vn 0.098 0.8441 -0.5272
vn 0.7147 0.5062 -0.4826
vn 0.5653 0.6009 -0.5651
vn 0.3911 0.6705 -0.6305
vn 0.2047 0.7131 -0.6705
vn 0.098 0.725 -0.6817
vn 0.9525 -0.2415 0.1855
vn 0.9694 0.204 -0.1367
vn 0.9679 0.2091 -0.1393
vn 0.8416 0.3894 -0.3742
vn 0.1007 -0.8478 -0.5206
vn 0.1743 -0.8122 -0.5568
vn 0.1457 -0.8086 -0.57
vn 0.1109 -0.8461 -0.5214
vn -0.2108 0.8058 0.5534
vn 0.0319 0.7395 0.6724
vn -0.0388 0.7648 0.6431
vn 0.8418 0.3101 -0.4419
vn 0.7166 0.4008 -0.5708
vn 0.5653 0.4791 -0.6714
vn 0.3911 0.5346 -0.7492
vn 0.2047 0.5686 -0.7968
vn 0.098 0.5781 -0.8101
vn 0.7031 0.4753 0.5289
vn 0.5999 0.647 0.4707
vn 0.604 0.6414 0.4731
vn 0.5653 0.339 -0.752
vn 0.3911 0.3782 -0.8391
vn 0.2047 0.4022 -0.8924
vn 0.098 0.4089 -0.9073
vn 0.95 -0.15 0.2739
vn 0.9483 -0.0063 0.3174
vn 0.9495 -0.1295 0.2857
vn 0.9656 0.1335 -0.2232
vn 0.9673 0.1023 -0.2322
vn 0.9682 0.0898 -0.2336
vn 0.9671 0.1063 -0.2311
vn 0.8858 0.2023 -0.4176
vn 0.7182 0.2905 -0.6323
vn 0.9681 0.0564 -0.2441
vn 0.8852 0.1047 -0.4532
vn 0.7156 0.1573 -0.6806
vn 0.5653 0.1857 -0.8037
vn 0.3911 0.2072 -0.8967
vn 0.2047 0.2204 -0.9537
vn 0.098 0.2241 -0.9696
vn 0.9476 -0.0737 0.3107
vn 0.9691 0.0555 -0.2403
vn 0.3911 0.0283 -0.9199
vn 0.2047 0.0301 -0.9784
vn 0.098 0.0306 -0.9947
vn 0.9456 -0.0119 0.3252
vn 0.9691 0.0076 -0.2466
vn 0.9681 0.0077 -0.2505
vn 0.8852 0.0143 -0.4649
vn 0.7156 0.0215 -0.6982
vn 0.5653 0.0254 -0.8245
vn 0.9681 -0.0413 -0.2472
vn 0.8852 -0.0767 -0.4588
vn 0.7156 -0.1151 -0.6889
vn 0.5653 -0.136 -0.8136
vn 0.3911 -0.1517 -0.9078
vn 0.2047 -0.1613 -0.9654
vn 0.098 -0.164 -0.9816
vn 0.9433 0.0527 0.3276
vn 0.9691 -0.0407 -0.2434
vn 0.3911 -0.3259 -0.8607
vn 0.2047 -0.3466 -0.9154
vn 0.098 -0.3524 -0.9307
vn 0.9416 0.096 0.3228
vn 0.9705 -0.1034 -0.2177
vn 0.9691 -0.0895 -0.2297
vn 0.883 -0.1664 -0.439
vn 0.7174 -0.2499 -0.6503
vn 0.5653 -0.2921 -0.7714
vn 0.8497 -0.2639 -0.4565
vn 0.7147 -0.3654 -0.5964
vn 0.5653 -0.437 -0.6996
vn 0.3911 -0.4876 -0.7806
vn 0.2047 -0.5185 -0.8302
vn 0.098 -0.5272 -0.8441
vn 0.9414 0.1086 0.3194
vn 0.9705 -0.1368 -0.1987
vn 0.9696 -0.1104 -0.2183
vn 0.2047 -0.6705 -0.7131
vn 0.098 -0.6817 -0.725
vn -0.2755 0.6297 -0.7263
vn 0.4275 0.7501 -0.5046
vn 0.2773 0.728 -0.627
vn 0.2777 0.7281 -0.6267
vn 0.2777 0.6644 0.6938
vn 0.2802 0.6646 0.6927
vn 0.8407 -0.3679 -0.3974
vn 0.7125 -0.4793 -0.5125
vn 0.5653 -0.5651 -0.6009
vn 0.3911 -0.6305 -0.6705
vn 0.8846 -0.3843 -0.2641
vn 0.7141 -0.5715 -0.4043
vn 0.5653 -0.6714 -0.4791
vn 0.3911 -0.7492 -0.5346
vn 0.2047 -0.7968 -0.5686
vn 0.098 -0.8101 -0.5781
vn 0.935 0.2669 0.2336
vn 0.9418 0.3349 0.0282
vn 0.9348 0.2882 0.2078
vn 0.9695 -0.1884 -0.157
vn 0.9681 -0.1815 -0.173
vn 0.9688 -0.1983 -0.1484
vn 0.9689 -0.2035 -0.1409
vn 0.2047 -0.8924 -0.4022
vn 0.098 -0.9073 -0.4089
vn 0.9333 0.3268 0.1486
vn 0.969 -0.225 -0.1015
vn 0.9681 -0.2285 -0.1031
vn 0.8852 -0.4241 -0.1912
vn 0.7156 -0.6368 -0.287
vn 0.5653 -0.752 -0.3389
vn 0.3911 -0.8391 -0.3782
vn 0.7156 -0.6805 -0.1573
vn 0.5653 -0.8037 -0.1857
vn 0.3911 -0.8967 -0.2072
vn 0.2047 -0.9537 -0.2204
vn 0.098 -0.9696 -0.2241
vn 0.9323 0.3522 0.0819
vn 0.9691 -0.2405 -0.0556
vn 0.9681 -0.2442 -0.0564
vn 0.8852 -0.4532 -0.1047
vn 0.9691 -0.2467 -0.0075
vn 0.9681 -0.2505 -0.0077
vn 0.8852 -0.4649 -0.0143
vn 0.7156 -0.6982 -0.0215
vn 0.5653 -0.8245 -0.0254
vn 0.3911 -0.9199 -0.0283
vn 0.2047 -0.9784 -0.0301
vn 0.098 -0.9947 -0.0306
vn 0.9319 0.3625 0.0114
vn 0.5653 -0.8136 0.136
vn 0.3911 -0.9078 0.1517
vn 0.2047 -0.9654 0.1614
vn 0.098 -0.9816 0.1641
vn 0.9321 0.3573 -0.0601
vn 0.9691 -0.2435 0.0407
vn 0.9681 -0.2472 0.0413
vn 0.8852 -0.4588 0.0767
vn 0.7156 -0.6889 0.1151
vn 0.9691 -0.2308 0.0874
vn 0.9681 -0.2344 0.0888
vn 0.8852 -0.435 0.1647
vn 0.7156 -0.6532 0.2473
vn 0.5653 -0.7714 0.2921
vn 0.3911 -0.8607 0.3259
vn 0.2047 -0.9154 0.3466
vn 0.098 -0.9307 0.3524
vn 0.9328 0.3368 -0.1285
vn 0.5653 -0.6996 0.437
vn 0.3911 -0.7806 0.4876
vn 0.2047 -0.8302 0.5185
vn 0.098 -0.8441 0.5272
vn 0.9324 0.3269 -0.1545
vn 0.9687 -0.2198 0.1151
vn 0.9674 -0.2206 0.124
vn 0.8815 -0.3936 0.2607
vn 0.7211 -0.5819 0.3761
vn 0.9668 -0.2155 0.1374
vn 0.8682 -0.3506 0.3512
vn 0.7286 -0.4889 0.4796
vn 0.5653 -0.6009 0.5651
vn 0.3911 -0.6705 0.6305
vn 0.2047 -0.7131 0.6705
vn 0.098 -0.725 0.6817
vn 0.932 0.3299 -0.1499
vn 0.9686 -0.2172 0.121
vn 0.3911 -0.5346 0.7492
vn 0.2047 -0.5686 0.7968
vn 0.098 -0.5781 0.8101
vn 0.2745 -0.5971 -0.7537
vn 0.1317 -0.6414 -0.7558
vn 0.28 -0.5951 -0.7533
vn 0.0293 -0.636 0.7712
vn 0.2056 -0.8716 0.4451
vn 0.0614 -0.8909 0.4501
vn 0.2354 -0.8651 0.4429
vn 0.8674 -0.2996 0.3974
vn 0.7295 -0.4034 0.5524
vn 0.5653 -0.4791 0.6714
vn 0.9659 -0.1453 0.2141
vn 0.9675 -0.1127 0.2264
vn 0.8828 -0.2145 0.4179
vn 0.7223 -0.2961 0.625
vn 0.5653 -0.3389 0.752
vn 0.3911 -0.3782 0.8391
vn 0.2047 -0.4022 0.8924
vn 0.098 -0.4089 0.9073
vn 0.9347 0.2118 -0.2856
vn 0.9511 0.0085 -0.3086
vn 0.9393 0.1549 -0.3063
vn 0.9691 -0.1288 0.2103
vn 0.9693 -0.1048 0.2222
vn 0.3911 -0.2072 0.8967
vn 0.2047 -0.2204 0.9537
vn 0.098 -0.2241 0.9696
vn 0.9422 0.0734 -0.3268
vn 0.9691 -0.0555 0.2403
vn 0.9681 -0.0564 0.2441
vn 0.8852 -0.1047 0.4532
vn 0.7156 -0.1573 0.6806
vn 0.5653 -0.1857 0.8037
vn 0.8852 -0.0143 0.4649
vn 0.7156 -0.0215 0.6982
vn 0.5653 -0.0254 0.8245
vn 0.3911 -0.0283 0.9199
vn 0.2047 -0.0301 0.9784
vn 0.098 -0.0306 0.9947
vn 0.9445 0.0081 -0.3285
vn 0.9691 -0.0076 0.2465
vn 0.9681 -0.0077 0.2505
vn 0.2047 0.1614 0.9654
vn 0.098 0.164 0.9816
vn 0.9466 -0.0549 -0.3176
vn 0.9691 0.0406 0.2432
vn 0.9681 0.0413 0.2471
vn 0.8852 0.0767 0.4588
vn 0.7156 0.1151 0.6889
vn 0.5653 0.136 0.8136
vn 0.3911 0.1517 0.9078
vn 0.7177 0.2504 0.6498
vn 0.5653 0.2921 0.7714
vn 0.3911 0.3259 0.8607
vn 0.2047 0.3466 0.9154
vn 0.098 0.3524 0.9307
vn 0.9464 -0.2073 -0.2476
vn 0.9686 0.0995 0.228
vn 0.9679 0.0997 0.2306
vn 0.886 0.1744 0.4296
vn 0.9257 -0.3344 -0.1766
vn 0.9674 0.1283 0.2185
vn 0.9668 0.1332 0.218
vn 0.8443 0.2909 0.4499
vn 0.7181 0.3692 0.5899
vn 0.5653 0.437 0.6996
vn 0.3911 0.4876 0.7806
vn 0.2047 0.5185 0.8302
vn 0.098 0.5272 0.8441
vn 0.7175 0.4755 0.509
vn 0.5653 0.5651 0.6009
vn 0.3911 0.6305 0.6705
vn 0.2047 0.6705 0.7131
vn 0.098 0.6817 0.725
vn 0.0413 0.7373 -0.6743
vn -0.1028 0.8056 -0.5835
vn -0.0216 0.7703 -0.6373
vn -0.2176 -0.6922 0.6882
vn 0.8498 0.3622 0.383
vn 0.9679 0.1918 0.1623
vn 0.9694 0.1852 0.1609
vn 0.9694 0.1997 0.1425
vn 0.9682 0.2048 0.1438
vn 0.8841 0.3796 0.2726
vn 0.7168 0.5663 0.4068
vn 0.5653 0.6714 0.4791
vn 0.3911 0.7492 0.5346
vn 0.2047 0.7968 0.5686
vn 0.098 0.8101 0.5781
vn 0.9508 -0.2182 -0.2198
vn 0.9529 -0.2419 -0.1831
vn 0.5653 0.752 0.3389
vn 0.3911 0.8391 0.3782
vn 0.2047 0.8924 0.4022
vn 0.098 0.9073 0.4089
vn 0.9539 -0.274 -0.1228
vn 0.9691 0.2247 0.1013
vn 0.9681 0.2284 0.1029
vn 0.8852 0.4241 0.1912
vn 0.7156 0.6368 0.287
vn 0.9691 0.2401 0.0556
vn 0.9681 0.2441 0.0564
vn 0.8852 0.4532 0.1047
vn 0.7156 0.6805 0.1573
vn 0.5653 0.8037 0.1857
vn 0.3911 0.8967 0.2072
vn 0.2047 0.9537 0.2204
vn 0.098 0.9696 0.2241
vn 0.9545 -0.2908 -0.0668
vn 0.5653 0.8245 0.0254
vn 0.3911 0.9199 0.0283
vn 0.2047 0.9784 0.0301
vn 0.098 0.9947 0.0306
vn 0.9547 -0.2974 -0.0088
vn 0.9691 0.2464 0.0075
vn 0.9681 0.2504 0.0077
vn 0.8852 0.4649 0.0143
vn 0.7156 0.6982 0.0215
vn 0.9249 0.2501 -0.2863
vn 0.9969 0.0519 -0.0594
vn 0.9969 0.0518 -0.0593
vn 0.881 0.3113 -0.3563
vn 0.9899 -0.0933 0.1068
vn 0.9969 -0.0483 -0.0625
vn 0.9899 0.0865 0.1126
vn 0.9969 -0.0482 -0.0625
vn 0.9249 -0.2321 -0.3013
vn 0.9249 -0.2321 -0.3012
vn 0.881 -0.2888 -0.3748
vn 0.9954 -0.0628 0.072
vn 0.9951 -0.0648 0.0744
vn 0.9539 -0.1974 0.226
vn 0.9539 -0.1975 0.2261
vn 0.881 -0.3113 0.3564
vn 0.9954 0.0582 0.0757
vn 0.9951 0.0601 0.0784
vn 0.9539 0.1831 0.2376
vn 0.9539 0.1832 0.2377
vn 0.881 0.2888 0.3748
vn 0.3593 0.7925 -0.4929
vn 0.4071 0.7497 -0.5218
vn 0.3518 0.7987 -0.4882
vn 0.3632 0.6655 0.6521
vn 0.179 0.825 -0.5361
vn 0.0656 0.8023 -0.5933
vn 0.0811 -0.7978 -0.5974
vn 0.4067 -0.5416 -0.7357
vn -0.0766 0.7557 -0.6504
vn -0.1315 -0.6771 0.7241
vn 0.0072 -0.6883 0.7254
vn 0.0181 -0.6887 0.7249
vn -0.0438 0.5438 0.8381
vn -0.0415 -0.8625 -0.5043
vn -0.062 -0.7822 -0.6199
vn 0.0648 -0.7402 0.6693
vn 0.037 -0.7568 0.6525
vn -0.0211 -0.6248 -0.7805
vn 0.4838 0.7783 0.4002
vn -0.0446 -0.7998 0.5986
vn 0.3641 -0.8272 0.428
vn -0.0071 0.7419 0.6704
vn 0.7156 0.6889 -0.1152
vn 0.2047 0.9654 -0.1614
vn 0.098 0.9816 -0.1641
vn 0.9613 -0.2748 -0.0218
vn 0.9691 0.2431 -0.0406
vn 0.8843 0.3992 -0.2424
vn 0.9525 -0.2414 0.1854
vn 0.1007 -0.8479 -0.5206
vn 0.1457 -0.8087 -0.5699
vn 0.1109 -0.8461 -0.5213
vn -0.2107 0.8059 0.5534
vn 0.032 0.7395 0.6724
vn -0.0387 0.7648 0.6431
vn 0.8418 0.3101 -0.4418
vn 0.7033 0.4751 0.5289
vn 0.6 0.6469 0.4707
vn 0.6041 0.6413 0.4731
vn 0.5653 0.3389 -0.752
vn 0.9499 -0.1501 0.2742
vn 0.9495 -0.1296 0.2858
vn 0.9673 0.1023 -0.2323
vn 0.9682 0.0898 -0.2337
vn 0.9671 0.1063 -0.2312
vn 0.9681 0.0564 -0.2442
vn 0.7156 0.1573 -0.6805
vn 0.9691 0.0555 -0.2404
vn 0.9455 -0.0119 0.3253
vn 0.7156 -0.1152 -0.6889
vn 0.9433 0.0527 0.3277
vn 0.9416 0.096 0.3227
vn 0.9414 0.1085 0.3193
vn 0.9705 -0.1368 -0.1986
vn -0.2756 0.6296 -0.7264
vn 0.428 0.7503 -0.5039
vn 0.2775 0.7281 -0.6268
vn 0.278 0.7282 -0.6264
vn 0.2778 0.6644 0.6938
vn 0.2803 0.6645 0.6927
vn 0.8407 -0.3679 -0.3973
vn 0.9351 0.267 0.2332
vn 0.9418 0.335 0.0282
vn 0.9348 0.2882 0.2076
vn 0.9695 -0.1884 -0.1569
vn 0.9689 -0.1983 -0.1483
vn 0.9334 0.3269 0.1484
vn 0.9691 -0.225 -0.1013
vn 0.9681 -0.2285 -0.103
vn 0.8852 -0.4241 -0.1911
vn 0.7156 -0.6806 -0.1573
vn 0.9691 -0.2467 -0.0076
vn 0.9319 0.3625 0.0116
vn 0.098 -0.9816 0.164
vn 0.9323 0.3269 -0.1545
vn 0.9687 -0.2199 0.1152
vn 0.721 -0.582 0.376
vn 0.5653 -0.6009 0.565
vn 0.932 0.33 -0.1499
vn 0.9686 -0.2172 0.1211
vn 0.2746 -0.5971 -0.7537
vn 0.1318 -0.6415 -0.7557
vn 0.2801 -0.5951 -0.7532
vn 0.2054 -0.8717 0.445
vn 0.061 -0.8911 0.4498
vn 0.2352 -0.8652 0.4427
vn 0.9345 0.212 -0.2859
vn 0.9693 -0.1048 0.2223
vn 0.9681 -0.0077 0.2504
vn 0.9686 0.0995 0.2279
vn 0.886 0.1744 0.4295
vn 0.9674 0.1283 0.2183
vn 0.9668 0.1332 0.2179
vn 0.8444 0.2909 0.4499
vn 0.3911 0.4875 0.7806
vn 0.5653 0.565 0.6009
vn -0.2177 -0.6921 0.6882
vn 0.8498 0.3622 0.3829
vn 0.968 0.1918 0.1621
vn 0.9695 0.1852 0.1607
vn 0.9695 0.1997 0.1424
vn 0.9682 0.2048 0.1437
vn 0.8841 0.3796 0.2725
vn 0.7168 0.5664 0.4068
vn 0.5654 0.6714 0.4791
vn 0.9539 -0.2739 -0.1228
vn 0.8852 0.4241 0.1911
vn 0.7156 0.6806 0.1573
vn 0.9544 -0.2907 -0.0671
vn 0.9547 -0.2974 -0.0092
vn 0.9691 0.2464 0.0076
vn 0.9249 0.2501 -0.2864
vn 0.9969 0.052 -0.0595
vn 0.881 0.3113 -0.3564
vn 0.9899 -0.0932 0.1068
vn 0.9969 -0.0483 -0.0627
vn 0.9899 0.0865 0.1122
vn 0.9969 -0.0482 -0.0626
vn 0.9954 -0.0628 0.0718
vn 0.9952 -0.0648 0.074
vn 0.881 -0.3113 0.3563
vn 0.9954 0.0582 0.0758
vn 0.9539 0.1831 0.2377
vn 0.9539 0.1832 0.2378
vn 0.881 0.2888 0.3749
vn 0.3593 0.7924 -0.4929
vn 0.4073 0.7496 -0.5218
vn 0.3633 0.6654 0.6521
vn 0.179 0.8249 -0.5361
vn 0.0656 0.8023 -0.5934
vn 0.081 -0.7978 -0.5974
vn -0.0765 0.7556 -0.6505
vn -0.1318 -0.677 0.7241
vn 0.0071 -0.6883 0.7254
vn 0.018 -0.6886 0.7249
vn -0.0437 0.5438 0.8381
vn -0.0416 -0.8626 -0.5042
vn -0.0619 -0.7822 -0.6199
vn 0.037 -0.7568 0.6526
vn 0.4838 0.7782 0.4003
vn -0.007 0.7419 0.6704
vn 0.9546 -0.2938 0.0487
vn 0.9542 -0.28 0.1057
vn 0.9691 0.2305 -0.0873
vn 0.9534 -0.2563 0.1589
vn 0.3911 0.7806 -0.4875
vn 0.5653 0.6009 -0.565
vn 0.9525 -0.2414 0.1855
vn 0.8416 0.3893 -0.3742
vn -0.2106 0.8057 0.5535
vn 0.7167 0.4008 -0.5707
vn 0.5999 0.6469 0.4707
vn 0.9502 -0.1502 0.2731
vn 0.9497 -0.1296 0.2852
vn 0.9656 0.1336 -0.2232
vn 0.9673 0.1024 -0.2322
vn 0.8858 0.2024 -0.4176
vn 0.9476 -0.0736 0.3107
vn 0.9456 -0.0119 0.3251
vn 0.7156 0.0215 -0.6981
vn 0.9415 0.0961 0.323
vn 0.9413 0.1086 0.3196
vn 0.4274 0.7502 -0.5046
vn 0.2772 0.728 -0.6271
vn 0.2777 0.6645 0.6938
vn 0.2803 0.6646 0.6927
vn 0.8846 -0.3843 -0.2642
vn 0.935 0.267 0.2336
vn 0.9348 0.2883 0.2076
vn 0.9334 0.3269 0.1483
vn 0.969 -0.2251 -0.1015
vn 0.2047 -0.9654 0.1613
vn 0.9691 -0.2435 0.0406
vn 0.9324 0.3268 -0.1545
vn 0.9687 -0.2198 0.1152
vn 0.9668 -0.2155 0.1375
vn 0.7286 -0.489 0.4796
vn 0.9321 0.3297 -0.1499
vn 0.2747 -0.5972 -0.7536
vn 0.1321 -0.6416 -0.7556
vn 0.2802 -0.5951 -0.7532
vn 0.2056 -0.8717 0.4449
vn 0.0615 -0.8911 0.4497
vn 0.2354 -0.8652 0.4427
vn 0.5653 -0.4792 0.6714
vn 0.9659 -0.1453 0.2142
vn 0.9345 0.2117 -0.286
vn 0.9392 0.1549 -0.3064
vn 0.9691 -0.1288 0.2104
vn 0.9422 0.0735 -0.3268
vn 0.7156 -0.1573 0.6805
vn 0.7156 -0.0215 0.6981
vn 0.9445 0.0081 -0.3284
vn 0.2047 0.1613 0.9654
vn 0.9466 -0.055 -0.3176
vn 0.9464 -0.2072 -0.2476
vn 0.9686 0.0995 0.2277
vn 0.9679 0.0997 0.2305
vn 0.9258 -0.3341 -0.1766
vn 0.9675 0.1283 0.2181
vn 0.9669 0.1332 0.2178
vn -0.1028 0.8055 -0.5836
vn -0.0216 0.7702 -0.6374
vn -0.2176 -0.6921 0.6883
vn 0.8498 0.3621 0.383
vn 0.9679 0.1917 0.1622
vn 0.7168 0.5663 0.4069
vn 0.9539 -0.2739 -0.1224
vn 0.9681 0.2284 0.103
vn 0.9681 0.2441 0.0565
vn 0.8852 0.4532 0.1048
vn 0.9547 -0.2975 -0.0095
vn 0.9899 0.0865 0.1121
vn 0.9969 -0.0482 -0.0627
vn 0.9248 -0.2321 -0.3013
vn 0.8809 -0.2888 -0.3749
vn 0.9954 0.0582 0.0756
vn 0.9951 0.0601 0.078
vn 0.9539 0.1831 0.2378
vn 0.8809 0.2888 0.3749
vn 0.3593 0.7925 -0.4928
vn 0.4071 0.7497 -0.5217
vn 0.3518 0.7988 -0.4881
vn 0.3633 0.6655 0.6521
vn 0.1789 0.825 -0.5361
vn 0.0655 0.8023 -0.5933
vn 0.0811 -0.7979 -0.5973
vn 0.4066 -0.5416 -0.7357
vn -0.0766 0.7556 -0.6505
vn -0.1317 -0.677 0.7241
vn -0.0437 0.5439 0.838
vn -0.0415 -0.8626 -0.5042
vn -0.062 -0.7823 -0.6199
vn 0.037 -0.7569 0.6525
vn -0.0211 -0.6247 -0.7805
vn -0.0446 -0.7999 0.5985
vn -0.007 0.7419 0.6705
vn 0.9613 -0.2747 -0.0218
vn 0.9535 -0.2562 0.1586
vn 0.9526 -0.2412 0.1854
vn 0.1008 -0.8479 -0.5205
vn 0.1743 -0.8122 -0.5567
vn -0.2106 0.8058 0.5534
vn 0.7032 0.4752 0.5288
vn 0.9499 -0.1498 0.2742
vn 0.9495 -0.1294 0.2858
vn 0.9656 0.1335 -0.2233
vn 0.9672 0.1023 -0.2323
vn 0.2047 -0.1614 -0.9654
vn 0.098 -0.1641 -0.9816
vn 0.3911 -0.4875 -0.7806
vn 0.9414 0.1087 0.3193
vn 0.4276 0.7502 -0.5042
vn 0.2773 0.728 -0.6269
vn 0.2778 0.7282 -0.6266
vn 0.968 -0.1815 -0.173
vn 0.9688 -0.1983 -0.1483
vn 0.9689 -0.2036 -0.1409
vn 0.9334 0.3268 0.1484
vn 0.9319 0.3626 0.0116
vn 0.932 0.3573 -0.0601
vn 0.5653 -0.6996 0.4369
vn 0.7211 -0.582 0.376
vn 0.2744 -0.5971 -0.7538
vn 0.1315 -0.6414 -0.7558
vn 0.2799 -0.5951 -0.7533
vn 0.2053 -0.8717 0.4449
vn 0.0609 -0.8911 0.4497
vn 0.2351 -0.8653 0.4427
vn 0.9345 0.2119 -0.2859
vn 0.9465 -0.2071 -0.2477
vn 0.9686 0.0995 0.2278
vn 0.9259 -0.334 -0.1766
vn 0.9674 0.1284 0.2182
vn 0.9668 0.1333 0.2178
vn 0.8444 0.2909 0.4498
vn 0.968 0.1918 0.1622
vn 0.9508 -0.2183 -0.2198
vn 0.9529 -0.242 -0.1831
vn 0.9544 -0.2908 -0.0671
vn 0.9547 -0.2975 -0.0092
vn 0.9969 0.052 -0.0593
vn 0.9969 0.0519 -0.0592
vn 0.8809 0.3113 -0.3564
vn 0.9899 -0.0932 0.1073
vn 0.9969 -0.0482 -0.0624
vn 0.3518 0.7987 -0.4881
vn 0.1791 0.825 -0.536
vn 0.081 -0.7979 -0.5973
vn -0.062 -0.7822 -0.62
vn 0.0371 -0.7568 0.6526
vn 0.4839 0.7782 0.4003
vn 0.364 -0.8272 0.428
vn 0.8852 0.4588 -0.0766
vn 0.9542 -0.28 0.1055
vn 0.9691 0.2432 -0.0407
vn 0.9691 0.2306 -0.0872
vn 0.9535 -0.2563 0.1587
vn 0.9692 0.213 -0.1234
vn 0.9681 0.2169 -0.1254
vn 0.9694 0.204 -0.1368
vn 0.9679 0.209 -0.1393
vn 0.1007 -0.8478 -0.5207
vn -0.2107 0.8058 0.5535
vn 0.7166 0.4008 -0.5707
vn 0.95 -0.1499 0.2741
vn 0.9495 -0.1295 0.2858
vn 0.8858 0.2024 -0.4177
vn 0.9416 0.0961 0.3229
vn 0.8829 -0.1664 -0.439
vn 0.8496 -0.2639 -0.4566
vn 0.9413 0.1088 0.3196
vn -0.2756 0.6297 -0.7263
vn 0.4276 0.75 -0.5046
vn 0.2773 0.7279 -0.6271
vn 0.2778 0.728 -0.6268
vn 0.5654 -0.6714 -0.4791
vn 0.9347 0.2883 0.2078
vn 0.9688 -0.1984 -0.1484
vn 0.9333 0.3269 0.1486
vn 0.969 -0.2251 -0.1016
vn 0.969 -0.2406 -0.0556
vn 0.969 -0.2468 -0.0075
vn 0.969 -0.2435 0.0407
vn 0.7156 -0.6889 0.1152
vn 0.969 -0.2309 0.0874
vn 0.9687 -0.2199 0.1151
vn 0.9674 -0.2206 0.1239
vn 0.721 -0.582 0.3761
vn 0.2746 -0.5971 -0.7538
vn 0.28 -0.595 -0.7533
vn 0.2057 -0.8715 0.4451
vn 0.0617 -0.8909 0.4501
vn 0.2355 -0.8651 0.4429
vn 0.966 -0.1452 0.2141
vn 0.9675 -0.1126 0.2264
vn 0.9691 -0.0555 0.2404
vn 0.9691 -0.0076 0.2466
vn 0.5654 0.2921 0.7714
vn 0.9674 0.1284 0.2184
vn 0.9668 0.1333 0.2179
vn 0.0414 0.7373 -0.6743
vn -0.2176 -0.6921 0.6882
vn 0.9679 0.1917 0.1623
vn 0.5654 0.752 0.3389
vn 0.9691 0.2402 0.0556
vn 0.9681 0.244 0.0564
vn 0.9969 0.0519 -0.0593
vn 0.179 0.825 -0.536
vn 0.0655 0.8024 -0.5932
vn 0.4067 -0.5415 -0.7358
vn -0.0766 0.7558 -0.6503
vn 0.0073 -0.6883 0.7254
vn 0.0181 -0.6886 0.7249
vn -0.0416 -0.8625 -0.5043
vn 0.4838 0.7783 0.4003
vn -0.0071 0.7419 0.6705
vn 0.9542 -0.2799 0.1057
vn 0.9534 -0.2564 0.1589
vn 0.1008 -0.8478 -0.5206
vn 0.1744 -0.8122 -0.5567
vn 0.1458 -0.8087 -0.5699
vn -0.2107 0.8058 0.5534
vn 0.0318 0.7395 0.6724
vn 0.703 0.4754 0.529
vn 0.5998 0.647 0.4708
vn 0.6039 0.6414 0.4732
vn 0.9499 -0.15 0.2741
vn 0.9671 0.1062 -0.2312
vn 0.098 0.224 -0.9696
vn 0.9477 -0.0737 0.3106
vn 0.9433 0.0528 0.3276
vn 0.9416 0.096 0.3229
vn 0.9696 -0.1104 -0.2182
vn 0.2776 0.6644 0.6938
vn 0.9691 -0.2251 -0.1014
vn 0.9323 0.3522 0.0822
vn 0.9691 -0.2405 -0.0555
vn 0.8852 -0.4532 -0.1048
vn 0.2748 -0.5971 -0.7537
vn 0.1321 -0.6414 -0.7558
vn 0.2802 -0.595 -0.7533
vn 0.0292 -0.636 0.7712
vn 0.2058 -0.8716 0.4449
vn 0.0617 -0.8911 0.4496
vn 0.2355 -0.8652 0.4427
vn 0.9345 0.2119 -0.2861
vn 0.9423 0.0734 -0.3267
vn -0.1029 0.8055 -0.5836
vn -0.0217 0.7702 -0.6374
vn 0.9679 0.1918 0.1622
vn 0.9507 -0.2182 -0.2203
vn 0.9528 -0.2419 -0.1833
vn 0.9539 -0.274 -0.1224
vn 0.9691 0.2402 0.0555
vn 0.0981 0.9947 0.0306
vn 0.8809 -0.2887 -0.3749
vn 0.3592 0.7925 -0.4929
vn 0.3517 0.7987 -0.4882
vn 0.0812 -0.7978 -0.5974
vn -0.0766 0.7557 -0.6505
vn -0.1316 -0.6771 0.7241
vn 0.018 -0.6887 0.7249
vn -0.062 -0.7823 -0.6198
vn 0.4837 0.7783 0.4004
vn -0.5709 0 -0.821
vn -0.3389 -0.0003 -0.9408
vn -0.9049 0.0006 -0.4256
vn -0.9842 0.0008 -0.1769
vn -0.821 0.0012 0.5709
vn -0.9408 0.0011 0.3389
vn -0.6453 0.0011 0.7639
vn -0.6453 0.0012 0.7639
vn -0.1769 0.0009 0.9842
vn 0.5709 0 0.821
vn 0.3389 0.0003 0.9408
vn 0.7639 -0.0003 0.6453
vn 0.9049 -0.0006 0.4256
vn 0.9842 -0.0008 0.1769
vn 0.821 -0.0012 -0.5709
vn 0.9408 -0.0011 -0.3389
vn 0.6453 -0.0011 -0.7639
vn 0.6453 -0.0012 -0.7639
vn 0.1769 -0.0008 -0.9842
vn 0.1769 -0.0009 -0.9842
vn -0.9408 0.0012 0.3389
vn -0.0839 -0.0006 -0.9965
vn -0.7639 0.0003 -0.6453
vn -0.4256 0.001 0.9049
vn -0.4256 0.0011 0.9049
vn 0.0839 0.0006 0.9965
vn 0.9408 -0.0012 -0.3389
vt 0.625000 0.650000
vt 0.750917 0.650000
vt 0.750917 0.700000
vt 0.625000 0.700000
vt 0.625000 0.600000
vt 0.750917 0.600000
vt 0.625000 0.550000
vt 0.750917 0.550000
vt 0.625000 0.500000
vt 0.750917 0.500000
vt 0.750917 0.750000
vt 0.625000 0.750000
vt 0.406566 0.795600
vt 0.441716 0.795600
vt 0.441716 0.875917
vt 0.406566 0.875917
vt 0.000000 0.000000
vt 0.375000 0.631909
vt 0.375000 0.630517
vt 0.377150 0.642261
vt 0.377121 0.645506
vt 0.379947 0.646679
vt 0.387284 0.650000
vt 0.387055 0.650909
vt 0.377819 0.646619
vt 0.375000 0.633691
vt 0.377121 0.646619
vt 0.386094 0.652223
vt 0.375000 0.650000
vt 0.375000 0.616309
vt 0.375000 0.600000
vt 0.386039 0.597779
vt 0.377121 0.603381
vt 0.386986 0.599088
vt 0.387284 0.600000
vt 0.379947 0.603321
vt 0.377819 0.603381
vt 0.375000 0.618091
vt 0.377121 0.604494
vt 0.377150 0.607739
vt 0.375000 0.619483
vt 0.403973 0.600000
vt 0.394237 0.600000
vt 0.395807 0.597778
vt 0.406100 0.596642
vt 0.396671 0.594608
vt 0.406566 0.588821
vt 0.406801 0.595537
vt 0.409939 0.600000
vt 0.407580 0.596642
vt 0.414443 0.600000
vt 0.395864 0.652223
vt 0.394236 0.650000
vt 0.403973 0.650000
vt 0.406100 0.653358
vt 0.409939 0.650000
vt 0.414433 0.650000
vt 0.412077 0.653358
vt 0.407580 0.653358
vt 0.396701 0.655394
vt 0.406801 0.654463
vt 0.408932 0.657821
vt 0.406566 0.671108
vt 0.437569 0.600000
vt 0.433839 0.600000
vt 0.439926 0.596642
vt 0.441716 0.588821
vt 0.455683 0.592330
vt 0.440705 0.595537
vt 0.442505 0.600000
vt 0.441151 0.596642
vt 0.452173 0.596705
vt 0.449559 0.600000
vt 0.436205 0.653358
vt 0.433850 0.650000
vt 0.437569 0.650000
vt 0.439926 0.653358
vt 0.442505 0.650000
vt 0.449559 0.650000
vt 0.452157 0.653323
vt 0.441151 0.653358
vt 0.439350 0.657821
vt 0.440705 0.654463
vt 0.455642 0.657736
vt 0.441716 0.671108
vt 0.458654 0.603321
vt 0.453985 0.600000
vt 0.461895 0.596791
vt 0.470626 0.600246
vt 0.472509 0.592539
vt 0.534433 0.576469
vt 0.486483 0.613449
vt 0.474564 0.599214
vt 0.460434 0.607739
vt 0.471070 0.601359
vt 0.472396 0.616839
vt 0.461802 0.619483
vt 0.461856 0.653274
vt 0.453985 0.650000
vt 0.458654 0.646679
vt 0.470564 0.649852
vt 0.460434 0.642261
vt 0.461802 0.630517
vt 0.472381 0.633264
vt 0.471008 0.648739
vt 0.472410 0.657619
vt 0.474481 0.650916
vt 0.486433 0.636782
vt 0.533823 0.673279
vt 0.377128 0.642363
vt 0.375000 0.630688
vt 0.377120 0.630621
vt 0.379229 0.642326
vt 0.379937 0.630576
vt 0.387299 0.630518
vt 0.387288 0.642179
vt 0.379927 0.642290
vt 0.379957 0.646759
vt 0.379924 0.643395
vt 0.387283 0.646642
vt 0.387271 0.650000
vt 0.377120 0.619379
vt 0.375000 0.619312
vt 0.377128 0.607637
vt 0.379229 0.607674
vt 0.379957 0.603241
vt 0.387271 0.600000
vt 0.387283 0.603358
vt 0.379924 0.606605
vt 0.379937 0.619424
vt 0.379927 0.607710
vt 0.387288 0.607821
vt 0.387299 0.619482
vt 0.394255 0.603358
vt 0.394249 0.600000
vt 0.403977 0.600000
vt 0.403987 0.603358
vt 0.409937 0.600000
vt 0.414409 0.600000
vt 0.409935 0.603358
vt 0.414425 0.611179
vt 0.409944 0.619482
vt 0.409941 0.607821
vt 0.394264 0.607821
vt 0.403986 0.607821
vt 0.403989 0.619482
vt 0.394266 0.619482
vt 0.414414 0.646642
vt 0.414419 0.650000
vt 0.409937 0.650000
vt 0.409935 0.646642
vt 0.403977 0.650000
vt 0.394249 0.650000
vt 0.394255 0.646642
vt 0.403987 0.646642
vt 0.394264 0.642179
vt 0.394266 0.630518
vt 0.403989 0.630518
vt 0.403986 0.642179
vt 0.409941 0.642179
vt 0.409944 0.630518
vt 0.414425 0.638821
vt 0.433873 0.600000
vt 0.437573 0.600000
vt 0.437576 0.603358
vt 0.442506 0.600000
vt 0.449553 0.600000
vt 0.449549 0.603358
vt 0.442501 0.603358
vt 0.449544 0.607821
vt 0.449542 0.619482
vt 0.442497 0.619482
vt 0.442500 0.607821
vt 0.433862 0.607821
vt 0.437570 0.607821
vt 0.437567 0.619482
vt 0.433857 0.619482
vt 0.449549 0.646642
vt 0.449552 0.650000
vt 0.442506 0.650000
vt 0.442501 0.646642
vt 0.437573 0.650000
vt 0.433863 0.650000
vt 0.433869 0.646642
vt 0.437576 0.646642
vt 0.433862 0.642179
vt 0.433857 0.630518
vt 0.437567 0.630518
vt 0.437570 0.642179
vt 0.449544 0.642179
vt 0.442500 0.642179
vt 0.442497 0.630518
vt 0.449542 0.630518
vt 0.453985 0.603358
vt 0.453991 0.600000
vt 0.458646 0.603241
vt 0.458668 0.606605
vt 0.460447 0.607637
vt 0.461802 0.619312
vt 0.460453 0.619379
vt 0.459110 0.607674
vt 0.453982 0.607821
vt 0.458666 0.607710
vt 0.458660 0.619424
vt 0.453976 0.619482
vt 0.458646 0.646759
vt 0.453991 0.650000
vt 0.453985 0.646642
vt 0.458667 0.643395
vt 0.453982 0.642179
vt 0.453976 0.630518
vt 0.458660 0.630576
vt 0.458666 0.642290
vt 0.460447 0.642363
vt 0.459110 0.642327
vt 0.460453 0.630621
vt 0.461802 0.630688
vt 0.419321 0.596642
vt 0.420269 0.600000
vt 0.414433 0.650000
vt 0.420269 0.650000
vt 0.419321 0.653358
vt 0.412077 0.653358
vt 0.408932 0.657821
vt 0.418073 0.657821
vt 0.406566 0.671108
vt 0.433839 0.600000
vt 0.428015 0.600000
vt 0.428962 0.596642
vt 0.441716 0.671108
vt 0.430209 0.657821
vt 0.439350 0.657821
vt 0.433850 0.650000
vt 0.436205 0.653358
vt 0.428962 0.653358
vt 0.428015 0.650000
vt 0.414409 0.600000
vt 0.420258 0.600000
vt 0.420260 0.603358
vt 0.420258 0.607821
vt 0.420262 0.619482
vt 0.414424 0.611179
vt 0.420258 0.642179
vt 0.414425 0.638821
vt 0.420262 0.630518
vt 0.414420 0.650000
vt 0.414414 0.646642
vt 0.420260 0.646642
vt 0.420257 0.650000
vt 0.433862 0.607821
vt 0.433857 0.619482
vt 0.428020 0.619482
vt 0.428024 0.607821
vt 0.428023 0.603358
vt 0.428026 0.600000
vt 0.433873 0.600000
vt 0.433869 0.646642
vt 0.433863 0.650000
vt 0.428026 0.650000
vt 0.428023 0.646642
vt 0.433862 0.642179
vt 0.428024 0.642179
vt 0.428020 0.630518
vt 0.433857 0.630518
vt 0.418073 0.592179
vt 0.406566 0.588821
vt 0.430209 0.592179
vt 0.441716 0.588821
vt 0.249083 0.600000
vt 0.249083 0.650000
vt 0.384519 0.749014
vt 0.387969 0.750000
vt 0.386371 0.750299
vt 0.377453 0.749863
vt 0.356281 0.752905
vt 0.375000 0.738679
vt 0.376073 0.746669
vt 0.393542 0.751197
vt 0.393597 0.750000
vt 0.399403 0.750000
vt 0.399633 0.751465
vt 0.419295 0.750000
vt 0.414754 0.751465
vt 0.415026 0.750000
vt 0.432521 0.750000
vt 0.432816 0.751465
vt 0.428986 0.750000
vt 0.445336 0.751465
vt 0.445456 0.750000
vt 0.449969 0.750000
vt 0.450003 0.751199
vt 0.455742 0.749013
vt 0.454566 0.750291
vt 0.453549 0.750000
vt 0.458288 0.751195
vt 0.460504 0.747288
vt 0.461802 0.738598
vt 0.489435 0.749533
vt 0.399403 0.750000
vt 0.393597 0.750000
vt 0.393597 0.746801
vt 0.399407 0.746803
vt 0.393597 0.735092
vt 0.393597 0.729819
vt 0.399397 0.729817
vt 0.399397 0.735090
vt 0.415034 0.729821
vt 0.419295 0.729894
vt 0.419295 0.735082
vt 0.415029 0.735093
vt 0.415026 0.750000
vt 0.415021 0.746798
vt 0.419295 0.750000
vt 0.387969 0.746801
vt 0.387969 0.750000
vt 0.384353 0.747595
vt 0.384412 0.743601
vt 0.377015 0.737747
vt 0.375000 0.729581
vt 0.377010 0.727583
vt 0.379040 0.735092
vt 0.387969 0.735092
vt 0.384412 0.735092
vt 0.384410 0.729338
vt 0.387969 0.729819
vt 0.432521 0.750000
vt 0.428987 0.750000
vt 0.428987 0.746824
vt 0.432521 0.746801
vt 0.428986 0.735096
vt 0.428986 0.729843
vt 0.432521 0.729819
vt 0.432521 0.735092
vt 0.445456 0.729819
vt 0.449969 0.729819
vt 0.449969 0.735092
vt 0.445456 0.735092
vt 0.445456 0.750000
vt 0.445456 0.746801
vt 0.449969 0.746801
vt 0.449969 0.750000
vt 0.455852 0.747595
vt 0.453549 0.750000
vt 0.453549 0.746801
vt 0.455813 0.743601
vt 0.453549 0.735092
vt 0.453549 0.729819
vt 0.455814 0.729338
vt 0.455813 0.735092
vt 0.460520 0.737748
vt 0.459231 0.735092
vt 0.460533 0.727583
vt 0.461802 0.729566
vt 0.383609 0.700000
vt 0.379016 0.700172
vt 0.382981 0.699790
vt 0.375987 0.700713
vt 0.375000 0.708958
vt 0.375000 0.700000
vt 0.381200 0.699190
vt 0.403628 0.700000
vt 0.397957 0.700000
vt 0.398662 0.699217
vt 0.404457 0.698981
vt 0.400492 0.696105
vt 0.406566 0.694235
vt 0.406660 0.696272
vt 0.410035 0.700000
vt 0.409113 0.698981
vt 0.410864 0.698981
vt 0.411786 0.700000
vt 0.437945 0.700000
vt 0.436496 0.700000
vt 0.437418 0.698981
vt 0.438868 0.698981
vt 0.440794 0.695253
vt 0.441716 0.690148
vt 0.445586 0.696019
vt 0.441321 0.696272
vt 0.443250 0.700000
vt 0.442723 0.698982
vt 0.446780 0.699176
vt 0.447194 0.700000
vt 0.458819 0.700000
vt 0.456324 0.700000
vt 0.456686 0.699729
vt 0.461806 0.699437
vt 0.457856 0.698806
vt 0.474760 0.693758
vt 0.461804 0.708578
vt 0.384244 0.702214
vt 0.385026 0.704938
vt 0.381019 0.705384
vt 0.379631 0.702576
vt 0.377874 0.707015
vt 0.377016 0.711781
vt 0.375000 0.709411
vt 0.375782 0.703204
vt 0.376868 0.703538
vt 0.383745 0.700475
vt 0.379070 0.701312
vt 0.378775 0.700676
vt 0.383609 0.700000
vt 0.387388 0.713169
vt 0.388022 0.716255
vt 0.385308 0.713920
vt 0.387980 0.719318
vt 0.387969 0.722229
vt 0.384391 0.720001
vt 0.384590 0.716676
vt 0.400001 0.719318
vt 0.399410 0.722231
vt 0.393597 0.722229
vt 0.393585 0.719318
vt 0.396051 0.718481
vt 0.393544 0.716255
vt 0.394178 0.713169
vt 0.397006 0.713253
vt 0.396004 0.716255
vt 0.402189 0.716255
vt 0.398535 0.716255
vt 0.400567 0.713560
vt 0.403907 0.713644
vt 0.400736 0.705330
vt 0.396540 0.704938
vt 0.397322 0.702214
vt 0.402085 0.702534
vt 0.397821 0.700475
vt 0.397957 0.700000
vt 0.403628 0.700000
vt 0.403333 0.700482
vt 0.410035 0.700000
vt 0.411785 0.699999
vt 0.412021 0.700475
vt 0.410363 0.700483
vt 0.414218 0.704920
vt 0.413125 0.705330
vt 0.411701 0.702532
vt 0.412880 0.702214
vt 0.404583 0.706761
vt 0.406812 0.704445
vt 0.409101 0.706761
vt 0.406886 0.708926
vt 0.412082 0.716255
vt 0.410202 0.713644
vt 0.413580 0.713560
vt 0.415772 0.716255
vt 0.418307 0.713195
vt 0.419388 0.716191
vt 0.418399 0.716255
vt 0.417282 0.713253
vt 0.419295 0.722227
vt 0.415019 0.722227
vt 0.414394 0.719318
vt 0.418347 0.718481
vt 0.419315 0.719314
vt 0.433102 0.719318
vt 0.432521 0.722229
vt 0.428986 0.722225
vt 0.428967 0.719314
vt 0.429826 0.718481
vt 0.428894 0.716191
vt 0.429973 0.713199
vt 0.430890 0.713254
vt 0.429774 0.716255
vt 0.435227 0.716255
vt 0.432110 0.716255
vt 0.434194 0.713558
vt 0.437055 0.713644
vt 0.435044 0.705332
vt 0.434064 0.704920
vt 0.435402 0.702214
vt 0.436479 0.702462
vt 0.436261 0.700475
vt 0.436496 0.700000
vt 0.437945 0.700000
vt 0.437638 0.700492
vt 0.443250 0.700000
vt 0.447194 0.700000
vt 0.447281 0.700475
vt 0.443517 0.700493
vt 0.447598 0.702214
vt 0.448096 0.704939
vt 0.445304 0.705326
vt 0.444487 0.702454
vt 0.438665 0.706767
vt 0.440701 0.704589
vt 0.442409 0.706761
vt 0.440371 0.708926
vt 0.443417 0.716255
vt 0.442267 0.713644
vt 0.444968 0.713556
vt 0.446382 0.716255
vt 0.447678 0.713252
vt 0.449599 0.713169
vt 0.450002 0.716255
vt 0.448315 0.716255
vt 0.445018 0.719318
vt 0.448285 0.718481
vt 0.449976 0.719318
vt 0.449969 0.722229
vt 0.445456 0.722229
vt 0.457972 0.705385
vt 0.455422 0.704938
vt 0.455920 0.702214
vt 0.458855 0.702576
vt 0.456237 0.700475
vt 0.456324 0.700000
vt 0.458819 0.700000
vt 0.459212 0.701312
vt 0.459975 0.707018
vt 0.460614 0.703538
vt 0.461316 0.703121
vt 0.461802 0.709328
vt 0.460523 0.711780
vt 0.455847 0.719999
vt 0.453550 0.722229
vt 0.453542 0.719318
vt 0.455713 0.716697
vt 0.453516 0.716255
vt 0.453919 0.713169
vt 0.455261 0.713948
vt 0.400476 0.756827
vt 0.398865 0.764884
vt 0.393343 0.755657
vt 0.419295 0.735078
vt 0.419295 0.729906
vt 0.421008 0.729819
vt 0.421008 0.735092
vt 0.421008 0.746801
vt 0.421008 0.750000
vt 0.419295 0.750000
vt 0.428987 0.746828
vt 0.428986 0.750000
vt 0.427274 0.750000
vt 0.427274 0.746801
vt 0.428986 0.735092
vt 0.427274 0.735092
vt 0.427274 0.729819
vt 0.428986 0.729839
vt 0.410864 0.698981
vt 0.415555 0.698981
vt 0.416152 0.700000
vt 0.411786 0.700002
vt 0.436496 0.700003
vt 0.432130 0.700000
vt 0.432726 0.698981
vt 0.437418 0.698981
vt 0.440794 0.695253
vt 0.434909 0.695253
vt 0.412021 0.700475
vt 0.411786 0.700000
vt 0.416152 0.700000
vt 0.416304 0.700476
vt 0.414213 0.704911
vt 0.412880 0.702214
vt 0.416860 0.702214
vt 0.417730 0.704939
vt 0.418311 0.713203
vt 0.420360 0.713169
vt 0.421066 0.716255
vt 0.419387 0.716220
vt 0.419295 0.722229
vt 0.419315 0.719305
vt 0.421020 0.719318
vt 0.421008 0.722229
vt 0.428967 0.719305
vt 0.428986 0.722228
vt 0.427274 0.722229
vt 0.427261 0.719318
vt 0.428895 0.716220
vt 0.427215 0.716255
vt 0.427922 0.713169
vt 0.429969 0.713207
vt 0.435402 0.702214
vt 0.434069 0.704910
vt 0.430552 0.704938
vt 0.431422 0.702214
vt 0.436261 0.700475
vt 0.431978 0.700475
vt 0.432130 0.700000
vt 0.436496 0.700000
vt 0.430892 0.756827
vt 0.433897 0.756827
vt 0.431301 0.758292
vt 0.450130 0.755652
vt 0.446616 0.764884
vt 0.444896 0.756827
vt 0.428506 0.756826
vt 0.430892 0.756827
vt 0.428771 0.758292
vt 0.416981 0.758292
vt 0.413760 0.756826
vt 0.421008 0.750000
vt 0.419295 0.750000
vt 0.427274 0.750000
vt 0.428986 0.750000
vt 0.413373 0.695253
vt 0.416981 0.758292
vt 0.419775 0.756827
vt 0.375000 0.875917
vt 0.249083 0.700000
vt 0.249083 0.750000
vt 0.461802 0.875917
vt 0.625000 0.875917
vt 0.379626 0.500000
vt 0.375000 0.511864
vt 0.348904 0.495412
vt 0.456760 0.500000
vt 0.461802 0.500000
vt 0.461802 0.511864
vt 0.380116 0.548956
vt 0.386436 0.550000
vt 0.385615 0.550533
vt 0.375000 0.550000
vt 0.375000 0.535355
vt 0.376644 0.547642
vt 0.384153 0.551555
vt 0.396483 0.551528
vt 0.395130 0.550000
vt 0.403254 0.550000
vt 0.405025 0.552177
vt 0.410678 0.550000
vt 0.414420 0.550000
vt 0.408707 0.552177
vt 0.397956 0.554823
vt 0.406767 0.554320
vt 0.401036 0.564231
vt 0.435833 0.552177
vt 0.433862 0.550000
vt 0.436960 0.550000
vt 0.438931 0.552177
vt 0.443106 0.550000
vt 0.448993 0.550000
vt 0.448072 0.551536
vt 0.441979 0.552177
vt 0.439745 0.556497
vt 0.440871 0.554320
vt 0.447165 0.554826
vt 0.441716 0.566242
vt 0.458560 0.548945
vt 0.455000 0.550524
vt 0.454525 0.550000
vt 0.460766 0.547632
vt 0.461802 0.535355
vt 0.501756 0.551843
vt 0.455920 0.551557
vt 0.403254 0.518114
vt 0.395130 0.518114
vt 0.396012 0.508368
vt 0.405025 0.508368
vt 0.406519 0.502320
vt 0.397761 0.502165
vt 0.398642 0.500000
vt 0.406566 0.500000
vt 0.410678 0.518114
vt 0.408706 0.508368
vt 0.414420 0.511172
vt 0.386436 0.518114
vt 0.379973 0.515731
vt 0.385554 0.508368
vt 0.376608 0.511698
vt 0.375000 0.510448
vt 0.382923 0.500000
vt 0.383805 0.502804
vt 0.377034 0.544269
vt 0.375000 0.531212
vt 0.376626 0.529653
vt 0.378541 0.541632
vt 0.380156 0.531066
vt 0.386436 0.531886
vt 0.386436 0.541632
vt 0.380283 0.541632
vt 0.380550 0.548444
vt 0.380283 0.544391
vt 0.386436 0.547196
vt 0.386436 0.550000
vt 0.403254 0.550000
vt 0.395130 0.550000
vt 0.395130 0.547196
vt 0.403254 0.547196
vt 0.395130 0.541632
vt 0.395130 0.531886
vt 0.403254 0.531886
vt 0.403254 0.541632
vt 0.410678 0.531886
vt 0.414420 0.538828
vt 0.410678 0.541632
vt 0.410678 0.550000
vt 0.410678 0.547196
vt 0.414420 0.550000
vt 0.441716 0.500000
vt 0.446758 0.500000
vt 0.447319 0.502141
vt 0.441289 0.502834
vt 0.448432 0.508368
vt 0.448993 0.518114
vt 0.443106 0.518114
vt 0.441980 0.508368
vt 0.435828 0.508376
vt 0.438931 0.508368
vt 0.436960 0.518114
vt 0.433862 0.518114
vt 0.436960 0.550000
vt 0.433862 0.550000
vt 0.433862 0.547196
vt 0.436960 0.547196
vt 0.433862 0.541632
vt 0.433862 0.531886
vt 0.436960 0.531886
vt 0.436960 0.541632
vt 0.443106 0.531886
vt 0.448993 0.531886
vt 0.448993 0.541632
vt 0.443106 0.541632
vt 0.443106 0.550000
vt 0.443106 0.547195
vt 0.448993 0.547196
vt 0.448993 0.550000
vt 0.460781 0.511700
vt 0.456199 0.502804
vt 0.456760 0.500000
vt 0.461802 0.510448
vt 0.458641 0.515733
vt 0.454525 0.518114
vt 0.455086 0.508368
vt 0.458237 0.548498
vt 0.454525 0.550000
vt 0.454525 0.547195
vt 0.458440 0.544391
vt 0.454525 0.541632
vt 0.454525 0.531886
vt 0.458524 0.531066
vt 0.458440 0.541632
vt 0.460466 0.544349
vt 0.459549 0.541632
vt 0.460770 0.529654
vt 0.461802 0.531212
vt 0.414420 0.550000
vt 0.419300 0.550000
vt 0.418318 0.552177
vt 0.441716 0.566242
vt 0.431911 0.556497
vt 0.439745 0.556497
vt 0.435833 0.552177
vt 0.429963 0.552177
vt 0.428982 0.550000
vt 0.418318 0.508368
vt 0.419300 0.518114
vt 0.414420 0.511172
vt 0.419300 0.541632
vt 0.414420 0.538828
vt 0.419300 0.531886
vt 0.419300 0.547195
vt 0.419300 0.550000
vt 0.414420 0.550000
vt 0.435829 0.508374
vt 0.433862 0.518114
vt 0.428982 0.518114
vt 0.429963 0.508368
vt 0.433862 0.547196
vt 0.433862 0.550000
vt 0.428982 0.550000
vt 0.428982 0.547196
vt 0.433862 0.541632
vt 0.428982 0.541632
vt 0.428982 0.531886
vt 0.433862 0.531886
vt 0.398642 0.500000
vt 0.446758 0.500000
vt 0.416371 0.556497
vt 0.405976 0.564825
vt 0.415389 0.500000
vt 0.406566 0.500000
vt 0.432893 0.500000
vt 0.432893 0.500000
vt 0.415389 0.500000
vt 0.406566 0.500000
vt 0.441716 0.500000
vt 0.375000 0.374083
vt 0.406566 0.374083
vt 0.249083 0.500000
vt 0.249083 0.550000
vt 0.441716 0.374083
vt 0.461802 0.374083
vt 0.625000 0.374083
vt 0.750000 0.250000
vt 0.750000 0.312500
vt 0.718750 0.312500
vt 0.718750 0.250000
vt 0.750000 0.687500
vt 0.750000 0.750000
vt 0.718750 0.750000
vt 0.718750 0.687500
vt 0.750000 0.187500
vt 0.718750 0.187500
vt 0.750000 0.625000
vt 0.718750 0.625000
vt 0.750000 0.125000
vt 0.718750 0.125000
vt 0.750000 0.562500
vt 0.718750 0.562500
vt 0.750000 0.062500
vt 0.718750 0.062500
vt 0.750000 0.500000
vt 0.718750 0.500000
vt 0.750000 0.937500
vt 0.734375 1.000000
vt 0.718750 0.937500
vt 0.734375 0.000000
vt 0.750000 0.437500
vt 0.718750 0.437500
vt 0.750000 0.875000
vt 0.718750 0.875000
vt 0.750000 0.375000
vt 0.718750 0.375000
vt 0.750000 0.812500
vt 0.718750 0.812500
vt 0.687500 0.875000
vt 0.687500 0.812500
vt 0.687500 0.375000
vt 0.687500 0.312500
vt 0.687500 0.750000
vt 0.687500 0.250000
vt 0.687500 0.687500
vt 0.687500 0.187500
vt 0.687500 0.625000
vt 0.687500 0.125000
vt 0.687500 0.562500
vt 0.687500 0.062500
vt 0.687500 0.500000
vt 0.703125 1.000000
vt 0.687500 0.937500
vt 0.703125 0.000000
vt 0.687500 0.437500
vt 0.656250 0.625000
vt 0.656250 0.562500
vt 0.656250 0.125000
vt 0.656250 0.062500
vt 0.656250 0.500000
vt 0.671875 1.000000
vt 0.656250 0.937500
vt 0.671875 0.000000
vt 0.656250 0.437500
vt 0.656250 0.875000
vt 0.656250 0.375000
vt 0.656250 0.812500
vt 0.656250 0.312500
vt 0.656250 0.750000
vt 0.656250 0.250000
vt 0.656250 0.687500
vt 0.656250 0.187500
vt 0.625000 0.375000
vt 0.625000 0.312500
vt 0.625000 0.812500
vt 0.625000 0.250000
vt 0.625000 0.687500
vt 0.625000 0.187500
vt 0.625000 0.625000
vt 0.625000 0.125000
vt 0.625000 0.562500
vt 0.625000 0.062500
vt 0.640625 1.000000
vt 0.625000 0.937500
vt 0.640625 0.000000
vt 0.625000 0.437500
vt 0.625000 0.875000
vt 0.593750 0.125000
vt 0.593750 0.062500
vt 0.593750 0.562500
vt 0.593750 0.500000
vt 0.609375 1.000000
vt 0.593750 0.937500
vt 0.609375 0.000000
vt 0.593750 0.437500
vt 0.593750 0.875000
vt 0.593750 0.375000
vt 0.593750 0.812500
vt 0.593750 0.312500
vt 0.593750 0.750000
vt 0.593750 0.250000
vt 0.593750 0.687500
vt 0.593750 0.187500
vt 0.593750 0.625000
vt 0.562500 0.312500
vt 0.562500 0.250000
vt 0.562500 0.750000
vt 0.562500 0.687500
vt 0.562500 0.187500
vt 0.562500 0.625000
vt 0.562500 0.125000
vt 0.562500 0.562500
vt 0.562500 0.062500
vt 0.562500 0.500000
vt 0.578125 1.000000
vt 0.562500 0.937500
vt 0.578125 0.000000
vt 0.562500 0.437500
vt 0.562500 0.875000
vt 0.562500 0.375000
vt 0.562500 0.812500
vt 0.546875 1.000000
vt 0.531250 0.937500
vt 0.546875 0.000000
vt 0.531250 0.062500
vt 0.531250 0.500000
vt 0.531250 0.437500
vt 0.531250 0.875000
vt 0.531250 0.375000
vt 0.531250 0.812500
vt 0.531250 0.312500
vt 0.531250 0.750000
vt 0.531250 0.250000
vt 0.531250 0.687500
vt 0.531250 0.187500
vt 0.531250 0.625000
vt 0.531250 0.125000
vt 0.531250 0.562500
vt 0.500000 0.750000
vt 0.500000 0.687500
vt 0.500000 0.250000
vt 0.500000 0.187500
vt 0.500000 0.625000
vt 0.500000 0.125000
vt 0.500000 0.562500
vt 0.500000 0.062500
vt 0.500000 0.500000
vt 0.515625 1.000000
vt 0.500000 0.937500
vt 0.515625 0.000000
vt 0.500000 0.437500
vt 0.500000 0.875000
vt 0.500000 0.375000
vt 0.500000 0.812500
vt 0.500000 0.312500
vt 0.468750 0.500000
vt 0.468750 0.437500
vt 0.468750 0.937500
vt 0.468750 0.875000
vt 0.468750 0.375000
vt 0.468750 0.812500
vt 0.468750 0.312500
vt 0.468750 0.750000
vt 0.468750 0.250000
vt 0.468750 0.687500
vt 0.468750 0.187500
vt 0.468750 0.625000
vt 0.468750 0.125000
vt 0.468750 0.562500
vt 0.468750 0.062500
vt 0.484375 1.000000
vt 0.484375 0.000000
vt 0.437500 0.250000
vt 0.437500 0.187500
vt 0.437500 0.687500
vt 0.437500 0.625000
vt 0.437500 0.125000
vt 0.437500 0.562500
vt 0.437500 0.062500
vt 0.437500 0.500000
vt 0.453125 1.000000
vt 0.437500 0.937500
vt 0.453125 0.000000
vt 0.437500 0.437500
vt 0.437500 0.875000
vt 0.437500 0.375000
vt 0.437500 0.812500
vt 0.437500 0.312500
vt 0.437500 0.750000
vt 0.406250 0.937500
vt 0.406250 0.875000
vt 0.406250 0.437500
vt 0.406250 0.375000
vt 0.406250 0.812500
vt 0.406250 0.312500
vt 0.406250 0.750000
vt 0.406250 0.250000
vt 0.406250 0.687500
vt 0.406250 0.187500
vt 0.406250 0.625000
vt 0.406250 0.125000
vt 0.406250 0.562500
vt 0.406250 0.062500
vt 0.406250 0.500000
vt 0.421875 1.000000
vt 0.421875 0.000000
vt 0.375000 0.687500
vt 0.375000 0.625000
vt 0.375000 0.187500
vt 0.375000 0.125000
vt 0.375000 0.562500
vt 0.375000 0.062500
vt 0.375000 0.500000
vt 0.390625 1.000000
vt 0.375000 0.937500
vt 0.390625 0.000000
vt 0.375000 0.437500
vt 0.375000 0.875000
vt 0.375000 0.375000
vt 0.375000 0.812500
vt 0.375000 0.312500
vt 0.375000 0.750000
vt 0.375000 0.250000
vt 0.343750 0.437500
vt 0.343750 0.375000
vt 0.343750 0.875000
vt 0.343750 0.812500
vt 0.343750 0.312500
vt 0.343750 0.750000
vt 0.343750 0.250000
vt 0.343750 0.687500
vt 0.343750 0.187500
vt 0.343750 0.625000
vt 0.343750 0.125000
vt 0.343750 0.562500
vt 0.343750 0.062500
vt 0.343750 0.500000
vt 0.359375 1.000000
vt 0.343750 0.937500
vt 0.359375 0.000000
vt 0.312500 0.187500
vt 0.312500 0.125000
vt 0.312500 0.625000
vt 0.312500 0.562500
vt 0.312500 0.062500
vt 0.312500 0.500000
vt 0.328125 1.000000
vt 0.312500 0.937500
vt 0.328125 0.000000
vt 0.312500 0.437500
vt 0.312500 0.875000
vt 0.312500 0.375000
vt 0.312500 0.812500
vt 0.312500 0.312500
vt 0.312500 0.750000
vt 0.312500 0.250000
vt 0.312500 0.687500
vt 0.281250 0.375000
vt 0.281250 0.312500
vt 0.281250 0.812500
vt 0.281250 0.750000
vt 0.281250 0.250000
vt 0.281250 0.687500
vt 0.281250 0.187500
vt 0.281250 0.625000
vt 0.281250 0.125000
vt 0.281250 0.562500
vt 0.281250 0.062500
vt 0.281250 0.500000
vt 0.296875 1.000000
vt 0.281250 0.937500
vt 0.296875 0.000000
vt 0.281250 0.437500
vt 0.281250 0.875000
vt 0.250000 0.125000
vt 0.250000 0.062500
vt 0.250000 0.562500
vt 0.250000 0.500000
vt 0.265625 1.000000
vt 0.250000 0.937500
vt 0.265625 0.000000
vt 0.250000 0.437500
vt 0.250000 0.875000
vt 0.250000 0.375000
vt 0.250000 0.812500
vt 0.250000 0.312500
vt 0.250000 0.750000
vt 0.250000 0.250000
vt 0.250000 0.687500
vt 0.250000 0.187500
vt 0.250000 0.625000
vt 0.218750 0.812500
vt 0.218750 0.750000
vt 0.218750 0.312500
vt 0.218750 0.250000
vt 0.218750 0.687500
vt 0.218750 0.187500
vt 0.218750 0.625000
vt 0.218750 0.125000
vt 0.218750 0.562500
vt 0.218750 0.062500
vt 0.218750 0.500000
vt 0.234375 1.000000
vt 0.218750 0.937500
vt 0.234375 0.000000
vt 0.218750 0.437500
vt 0.218750 0.875000
vt 0.218750 0.375000
vt 0.187500 0.562500
vt 0.187500 0.500000
vt 0.203125 1.000000
vt 0.187500 0.937500
vt 0.203125 0.000000
vt 0.187500 0.062500
vt 0.187500 0.437500
vt 0.187500 0.875000
vt 0.187500 0.375000
vt 0.187500 0.812500
vt 0.187500 0.312500
vt 0.187500 0.750000
vt 0.187500 0.250000
vt 0.187500 0.687500
vt 0.187500 0.187500
vt 0.187500 0.625000
vt 0.187500 0.125000
vt 0.156250 0.312500
vt 0.156250 0.250000
vt 0.156250 0.750000
vt 0.156250 0.687500
vt 0.156250 0.187500
vt 0.156250 0.625000
vt 0.156250 0.125000
vt 0.156250 0.562500
vt 0.156250 0.062500
vt 0.156250 0.500000
vt 0.171875 1.000000
vt 0.156250 0.937500
vt 0.171875 0.000000
vt 0.156250 0.437500
vt 0.156250 0.875000
vt 0.156250 0.375000
vt 0.156250 0.812500
vt 0.140625 1.000000
vt 0.125000 0.937500
vt 0.140625 0.000000
vt 0.125000 0.062500
vt 0.125000 0.500000
vt 0.125000 0.437500
vt 0.125000 0.875000
vt 0.125000 0.375000
vt 0.125000 0.812500
vt 0.125000 0.312500
vt 0.125000 0.750000
vt 0.125000 0.250000
vt 0.125000 0.687500
vt 0.125000 0.187500
vt 0.125000 0.625000
vt 0.125000 0.125000
vt 0.125000 0.562500
vt 0.093750 0.750000
vt 0.093750 0.687500
vt 0.093750 0.250000
vt 0.093750 0.187500
vt 0.093750 0.625000
vt 0.093750 0.125000
vt 0.093750 0.562500
vt 0.093750 0.062500
vt 0.093750 0.500000
vt 0.109375 1.000000
vt 0.093750 0.937500
vt 0.109375 0.000000
vt 0.093750 0.437500
vt 0.093750 0.875000
vt 0.093750 0.375000
vt 0.093750 0.812500
vt 0.093750 0.312500
vt 0.062500 0.500000
vt 0.062500 0.437500
vt 0.062500 0.937500
vt 0.062500 0.875000
vt 0.062500 0.375000
vt 0.062500 0.812500
vt 0.062500 0.312500
vt 0.062500 0.750000
vt 0.062500 0.250000
vt 0.062500 0.687500
vt 0.062500 0.187500
vt 0.062500 0.625000
vt 0.062500 0.125000
vt 0.062500 0.562500
vt 0.062500 0.062500
vt 0.078125 1.000000
vt 0.078125 0.000000
vt 0.031250 0.250000
vt 0.031250 0.187500
vt 0.031250 0.687500
vt 0.031250 0.625000
vt 0.031250 0.125000
vt 0.031250 0.562500
vt 0.031250 0.062500
vt 0.031250 0.500000
vt 0.046875 1.000000
vt 0.031250 0.937500
vt 0.046875 0.000000
vt 0.031250 0.437500
vt 0.031250 0.875000
vt 0.031250 0.375000
vt 0.031250 0.812500
vt 0.031250 0.312500
vt 0.031250 0.750000
vt 0.000000 0.437500
vt 0.000000 0.375000
vt 0.000000 0.875000
vt 0.000000 0.812500
vt 0.000000 0.312500
vt 0.000000 0.750000
vt 0.000000 0.250000
vt 0.000000 0.687500
vt 0.000000 0.187500
vt 0.000000 0.625000
vt 0.000000 0.125000
vt 0.000000 0.562500
vt 0.000000 0.062500
vt 0.000000 0.500000
vt 0.015625 1.000000
vt 0.000000 0.937500
vt 0.015625 0.000000
vt 1.000000 0.125000
vt 1.000000 0.187500
vt 0.968750 0.187500
vt 0.968750 0.125000
vt 1.000000 0.562500
vt 1.000000 0.625000
vt 0.968750 0.625000
vt 0.968750 0.562500
vt 1.000000 0.062500
vt 0.968750 0.062500
vt 1.000000 0.500000
vt 0.968750 0.500000
vt 1.000000 0.937500
vt 0.984375 1.000000
vt 0.968750 0.937500
vt 0.984375 0.000000
vt 1.000000 0.437500
vt 0.968750 0.437500
vt 1.000000 0.875000
vt 0.968750 0.875000
vt 1.000000 0.375000
vt 0.968750 0.375000
vt 1.000000 0.812500
vt 0.968750 0.812500
vt 1.000000 0.312500
vt 0.968750 0.312500
vt 1.000000 0.750000
vt 0.968750 0.750000
vt 1.000000 0.250000
vt 0.968750 0.250000
vt 1.000000 0.687500
vt 0.968750 0.687500
vt 0.937500 0.875000
vt 0.937500 0.812500
vt 0.937500 0.375000
vt 0.937500 0.312500
vt 0.937500 0.750000
vt 0.937500 0.250000
vt 0.937500 0.687500
vt 0.937500 0.187500
vt 0.937500 0.625000
vt 0.937500 0.125000
vt 0.937500 0.562500
vt 0.937500 0.062500
vt 0.937500 0.500000
vt 0.953125 1.000000
vt 0.937500 0.937500
vt 0.953125 0.000000
vt 0.937500 0.437500
vt 0.906250 0.625000
vt 0.906250 0.562500
vt 0.906250 0.125000
vt 0.906250 0.062500
vt 0.906250 0.500000
vt 0.921875 1.000000
vt 0.906250 0.937500
vt 0.921875 0.000000
vt 0.906250 0.437500
vt 0.906250 0.875000
vt 0.906250 0.375000
vt 0.906250 0.812500
vt 0.906250 0.312500
vt 0.906250 0.750000
vt 0.906250 0.250000
vt 0.906250 0.687500
vt 0.906250 0.187500
vt 0.875000 0.375000
vt 0.875000 0.312500
vt 0.875000 0.812500
vt 0.875000 0.750000
vt 0.875000 0.250000
vt 0.875000 0.687500
vt 0.875000 0.187500
vt 0.875000 0.625000
vt 0.875000 0.125000
vt 0.875000 0.562500
vt 0.875000 0.062500
vt 0.875000 0.500000
vt 0.890625 1.000000
vt 0.875000 0.937500
vt 0.890625 0.000000
vt 0.875000 0.437500
vt 0.875000 0.875000
vt 0.843750 0.125000
vt 0.843750 0.062500
vt 0.843750 0.562500
vt 0.843750 0.500000
vt 0.859375 1.000000
vt 0.843750 0.937500
vt 0.859375 0.000000
vt 0.843750 0.437500
vt 0.843750 0.875000
vt 0.843750 0.375000
vt 0.843750 0.812500
vt 0.843750 0.312500
vt 0.843750 0.750000
vt 0.843750 0.250000
vt 0.843750 0.687500
vt 0.843750 0.187500
vt 0.843750 0.625000
vt 0.812500 0.812500
vt 0.812500 0.750000
vt 0.812500 0.312500
vt 0.812500 0.250000
vt 0.812500 0.687500
vt 0.812500 0.187500
vt 0.812500 0.625000
vt 0.812500 0.125000
vt 0.812500 0.562500
vt 0.812500 0.062500
vt 0.812500 0.500000
vt 0.828125 1.000000
vt 0.812500 0.937500
vt 0.828125 0.000000
vt 0.812500 0.437500
vt 0.812500 0.875000
vt 0.812500 0.375000
vt 0.781250 0.562500
vt 0.781250 0.500000
vt 0.796875 1.000000
vt 0.781250 0.937500
vt 0.796875 0.000000
vt 0.781250 0.062500
vt 0.781250 0.437500
vt 0.781250 0.875000
vt 0.781250 0.375000
vt 0.781250 0.812500
vt 0.781250 0.312500
vt 0.781250 0.750000
vt 0.781250 0.250000
vt 0.781250 0.687500
vt 0.781250 0.187500
vt 0.781250 0.625000
vt 0.781250 0.125000
vt 0.765625 1.000000
vt 0.765625 0.000000
vt 1.000000 0.982094
vt 1.000000 1.000000
vt 0.968750 1.000000
vt 0.968750 0.982094
vt 0.937500 1.000000
vt 0.937500 0.982094
vt 0.906250 1.000000
vt 0.906250 0.982095
vt 0.875000 1.000000
vt 0.875000 0.982094
vt 0.843750 1.000000
vt 0.843750 0.982094
vt 0.812500 1.000000
vt 0.812500 0.982095
vt 0.781250 1.000000
vt 0.781250 0.982094
vt 0.750000 1.000000
vt 0.750000 0.982095
vt 0.718750 1.000000
vt 0.718750 0.982095
vt 0.687500 1.000000
vt 0.687500 0.982095
vt 0.656250 1.000000
vt 0.656250 0.982095
vt 0.625000 1.000000
vt 0.625000 0.982095
vt 0.593750 1.000000
vt 0.593750 0.982095
vt 0.562500 1.000000
vt 0.562500 0.982095
vt 0.531250 1.000000
vt 0.531250 0.982094
vt 0.500000 1.000000
vt 0.500000 0.982095
vt 0.468750 1.000000
vt 0.468750 0.982094
vt 0.437500 1.000000
vt 0.437500 0.982095
vt 0.406250 1.000000
vt 0.406250 0.982095
vt 0.375000 1.000000
vt 0.375000 0.982095
vt 0.343750 1.000000
vt 0.343750 0.982095
vt 0.312500 1.000000
vt 0.312500 0.982095
vt 0.281250 1.000000
vt 0.281250 0.982095
vt 0.250000 1.000000
vt 0.250000 0.982095
vt 0.218750 1.000000
vt 0.218750 0.982095
vt 0.187500 1.000000
vt 0.187500 0.982094
vt 0.156250 1.000000
vt 0.156250 0.982095
vt 0.125000 1.000000
vt 0.125000 0.982095
vt 0.093750 1.000000
vt 0.093750 0.982094
vt 0.062500 1.000000
vt 0.062500 0.982094
vt 0.303522 0.120787
vt 0.327701 0.133712
vt 0.031250 1.000000
vt 0.031250 0.982095
vt 0.000000 1.000000
vt 0.000000 0.982094
vt 0.750000 0.490000
vt 0.796822 0.485388
vt 0.841844 0.471731
vt 0.883337 0.449553
vt 0.919706 0.419706
vt 0.949553 0.383337
vt 0.971731 0.341844
vt 0.985388 0.296822
vt 0.990000 0.250000
vt 0.985388 0.203178
vt 0.971731 0.158156
vt 0.949553 0.116663
vt 0.919706 0.080294
vt 0.883337 0.050447
vt 0.841844 0.028269
vt 0.796822 0.014612
vt 0.750000 0.010000
vt 0.703178 0.014612
vt 0.658156 0.028269
vt 0.616663 0.050447
vt 0.580294 0.080294
vt 0.550447 0.116663
vt 0.528269 0.158156
vt 0.514612 0.203178
vt 0.510000 0.250000
vt 0.514612 0.296822
vt 0.528269 0.341844
vt 0.550447 0.383337
vt 0.580294 0.419706
vt 0.616663 0.449553
vt 0.658156 0.471731
vt 0.703178 0.485388
vt 0.250000 0.490000
vt 0.296822 0.485388
vt 0.341844 0.471731
vt 0.383337 0.449553
vt 0.419706 0.419706
vt 0.449553 0.383337
vt 0.471731 0.341844
vt 0.485388 0.296822
vt 0.490000 0.250000
vt 0.485388 0.203178
vt 0.471731 0.158156
vt 0.449553 0.116663
vt 0.419706 0.080294
vt 0.383337 0.050447
vt 0.341844 0.028269
vt 0.296822 0.014612
vt 0.250000 0.010000
vt 0.203178 0.014612
vt 0.158156 0.028269
vt 0.116663 0.050447
vt 0.080294 0.080294
vt 0.050447 0.116663
vt 0.028269 0.158156
vt 0.014612 0.203178
vt 0.010000 0.250000
vt 0.014612 0.296822
vt 0.028269 0.341844
vt 0.050447 0.383337
vt 0.080294 0.419706
vt 0.116663 0.449553
vt 0.158156 0.471731
vt 0.203178 0.485388
vt 0.250000 0.389859
vt 0.277285 0.387172
vt 0.303522 0.379213
vt 0.327702 0.366288
vt 0.348895 0.348895
vt 0.366288 0.327701
vt 0.379213 0.303522
vt 0.387171 0.277285
vt 0.389859 0.250000
vt 0.387171 0.222715
vt 0.379213 0.196478
vt 0.366288 0.172299
vt 0.348895 0.151105
vt 0.277285 0.112829
vt 0.250000 0.110141
vt 0.222715 0.112829
vt 0.196478 0.120787
vt 0.172299 0.133712
vt 0.151105 0.151105
vt 0.133712 0.172299
vt 0.120787 0.196478
vt 0.112829 0.222715
vt 0.110141 0.250000
vt 0.112829 0.277285
vt 0.120787 0.303522
vt 0.133712 0.327701
vt 0.151105 0.348895
vt 0.172299 0.366288
vt 0.196478 0.379213
vt 0.222715 0.387171
vt 0.031250 0.500000
vt 0.031250 0.854235
vt 0.000000 0.854235
vt 0.062500 0.500000
vt 0.062500 0.854234
vt 0.093750 0.500000
vt 0.093750 0.854235
vt 0.125000 0.500000
vt 0.125000 0.854235
vt 0.156250 0.500000
vt 0.156250 0.854235
vt 0.187500 0.500000
vt 0.187500 0.854235
vt 0.218750 0.500000
vt 0.218750 0.854235
vt 0.250000 0.500000
vt 0.250000 0.854235
vt 0.281250 0.500000
vt 0.281250 0.854235
vt 0.312500 0.500000
vt 0.312500 0.854234
vt 0.343750 0.500000
vt 0.343750 0.854235
vt 0.375000 0.500000
vt 0.375000 0.854235
vt 0.406250 0.500000
vt 0.406250 0.854234
vt 0.437500 0.500000
vt 0.437500 0.854235
vt 0.468750 0.500000
vt 0.468750 0.854234
vt 0.500000 0.500000
vt 0.500000 0.854235
vt 0.531250 0.854234
vt 0.562500 0.854235
vt 0.593750 0.854235
vt 0.625000 0.854235
vt 0.656250 0.854235
vt 0.687500 0.854235
vt 0.718750 0.854235
vt 0.750000 0.854235
vt 0.781250 0.500000
vt 0.781250 0.854235
vt 0.812500 0.500000
vt 0.812500 0.854235
vt 0.843750 0.500000
vt 0.843750 0.854235
vt 0.875000 0.500000
vt 0.875000 0.854235
vt 0.906250 0.500000
vt 0.906250 0.854235
vt 0.937500 0.500000
vt 0.937500 0.854235
vt 0.968750 0.500000
vt 0.968750 0.854235
vt 1.000000 0.854235
vt 0.021277 1.000000
vt 0.021277 0.916667
vt 0.000000 0.916667
vt 0.000000 0.083333
vt 0.021277 0.083333
vt 0.021277 0.000000
vt 0.000000 0.166667
vt 0.021277 0.166667
vt 0.000000 0.250000
vt 0.021277 0.250000
vt 0.000000 0.333333
vt 0.021277 0.333333
vt 0.000000 0.416667
vt 0.021277 0.416667
vt 0.021277 0.500000
vt 0.000000 0.583333
vt 0.021277 0.583333
vt 0.000000 0.666667
vt 0.021277 0.666667
vt 0.000000 0.750000
vt 0.021277 0.750000
vt 0.000000 0.833333
vt 0.021277 0.833333
vt 0.042553 1.000000
vt 0.042553 0.916667
vt 0.042553 0.083333
vt 0.042553 0.000000
vt 0.042553 0.166667
vt 0.042553 0.250000
vt 0.042553 0.333333
vt 0.042553 0.416667
vt 0.042553 0.500000
vt 0.042553 0.583333
vt 0.042553 0.666667
vt 0.042553 0.750000
vt 0.042553 0.833333
vt 0.063830 1.000000
vt 0.063830 0.916667
vt 0.063830 0.083333
vt 0.063830 0.000000
vt 0.063830 0.166667
vt 0.063830 0.250000
vt 0.063830 0.333333
vt 0.063830 0.416667
vt 0.063830 0.500000
vt 0.063830 0.583333
vt 0.063830 0.666667
vt 0.063830 0.750000
vt 0.063830 0.833333
vt 0.085106 1.000000
vt 0.085106 0.916667
vt 0.085106 0.083333
vt 0.085106 0.000000
vt 0.085106 0.166667
vt 0.085106 0.250000
vt 0.085106 0.333333
vt 0.085106 0.416667
vt 0.085106 0.500000
vt 0.085106 0.583333
vt 0.085106 0.666667
vt 0.085106 0.750000
vt 0.085106 0.833333
vt 0.106383 1.000000
vt 0.106383 0.916667
vt 0.106383 0.083333
vt 0.106383 0.000000
vt 0.106383 0.166667
vt 0.106383 0.250000
vt 0.106383 0.333333
vt 0.106383 0.416667
vt 0.106383 0.500000
vt 0.106383 0.583333
vt 0.106383 0.666667
vt 0.106383 0.750000
vt 0.106383 0.833333
vt 0.127660 1.000000
vt 0.127660 0.916667
vt 0.127660 0.083333
vt 0.127660 0.000000
vt 0.127660 0.166667
vt 0.127660 0.250000
vt 0.127660 0.333333
vt 0.127660 0.416667
vt 0.127660 0.500000
vt 0.127660 0.583333
vt 0.127660 0.666667
vt 0.127660 0.750000
vt 0.127660 0.833333
vt 0.148936 1.000000
vt 0.148936 0.916667
vt 0.148936 0.083333
vt 0.148936 0.000000
vt 0.148936 0.166667
vt 0.148936 0.250000
vt 0.148936 0.333333
vt 0.148936 0.416667
vt 0.148936 0.500000
vt 0.148936 0.583333
vt 0.148936 0.666667
vt 0.148936 0.750000
vt 0.148936 0.833333
vt 0.170213 1.000000
vt 0.170213 0.916667
vt 0.170213 0.083333
vt 0.170213 0.000000
vt 0.170213 0.166667
vt 0.170213 0.250000
vt 0.170213 0.333333
vt 0.170213 0.416667
vt 0.170213 0.500000
vt 0.170213 0.583333
vt 0.170213 0.666667
vt 0.170213 0.750000
vt 0.170213 0.833333
vt 0.191489 1.000000
vt 0.191489 0.916667
vt 0.191489 0.083333
vt 0.191489 0.000000
vt 0.191489 0.166667
vt 0.191489 0.250000
vt 0.191489 0.333333
vt 0.191489 0.416667
vt 0.191489 0.500000
vt 0.191489 0.583333
vt 0.191489 0.666667
vt 0.191489 0.750000
vt 0.191489 0.833333
vt 0.212766 1.000000
vt 0.212766 0.916667
vt 0.212766 0.083333
vt 0.212766 0.000000
vt 0.212766 0.166667
vt 0.212766 0.250000
vt 0.212766 0.333333
vt 0.212766 0.416667
vt 0.212766 0.500000
vt 0.212766 0.583333
vt 0.212766 0.666667
vt 0.212766 0.750000
vt 0.212766 0.833333
vt 0.234043 1.000000
vt 0.234043 0.916667
vt 0.234043 0.083333
vt 0.234043 0.000000
vt 0.234043 0.166667
vt 0.234043 0.250000
vt 0.234043 0.333333
vt 0.234043 0.416667
vt 0.234043 0.500000
vt 0.234043 0.583333
vt 0.234043 0.666667
vt 0.234043 0.750000
vt 0.234043 0.833333
vt 0.255319 1.000000
vt 0.255319 0.916667
vt 0.255319 0.083333
vt 0.255319 0.000000
vt 0.255319 0.166667
vt 0.255319 0.250000
vt 0.255319 0.333333
vt 0.255319 0.416667
vt 0.255319 0.500000
vt 0.255319 0.583333
vt 0.255319 0.666667
vt 0.255319 0.750000
vt 0.255319 0.833333
vt 0.276596 1.000000
vt 0.276596 0.916667
vt 0.276596 0.083333
vt 0.276596 0.000000
vt 0.276596 0.166667
vt 0.276596 0.250000
vt 0.276596 0.333333
vt 0.276596 0.416667
vt 0.276596 0.500000
vt 0.276596 0.583333
vt 0.276596 0.666667
vt 0.276596 0.750000
vt 0.276596 0.833333
vt 0.297872 1.000000
vt 0.297872 0.916667
vt 0.297872 0.083333
vt 0.297872 0.000000
vt 0.297872 0.166667
vt 0.297872 0.250000
vt 0.297872 0.333333
vt 0.297872 0.416667
vt 0.297872 0.500000
vt 0.297872 0.583333
vt 0.297872 0.666667
vt 0.297872 0.750000
vt 0.297872 0.833333
vt 0.319149 1.000000
vt 0.319149 0.916667
vt 0.319149 0.083333
vt 0.319149 0.000000
vt 0.319149 0.166667
vt 0.319149 0.250000
vt 0.319149 0.333333
vt 0.319149 0.416667
vt 0.319149 0.500000
vt 0.319149 0.583333
vt 0.319149 0.666667
vt 0.319149 0.750000
vt 0.319149 0.833333
vt 0.340426 1.000000
vt 0.340426 0.916667
vt 0.340426 0.083333
vt 0.340426 0.000000
vt 0.340426 0.166667
vt 0.340426 0.250000
vt 0.340426 0.333333
vt 0.340426 0.416667
vt 0.340426 0.500000
vt 0.340426 0.583333
vt 0.340426 0.666667
vt 0.340426 0.750000
vt 0.340426 0.833333
vt 0.361702 1.000000
vt 0.361702 0.916667
vt 0.361702 0.083333
vt 0.361702 0.000000
vt 0.361702 0.166667
vt 0.361702 0.250000
vt 0.361702 0.333333
vt 0.361702 0.416667
vt 0.361702 0.500000
vt 0.361702 0.583333
vt 0.361702 0.666667
vt 0.361702 0.750000
vt 0.361702 0.833333
vt 0.382979 1.000000
vt 0.382979 0.916667
vt 0.382979 0.083333
vt 0.382979 0.000000
vt 0.382979 0.166667
vt 0.382979 0.250000
vt 0.382979 0.333333
vt 0.382979 0.416667
vt 0.382979 0.500000
vt 0.382979 0.583333
vt 0.382979 0.666667
vt 0.382979 0.750000
vt 0.382979 0.833333
vt 0.404255 1.000000
vt 0.404255 0.916667
vt 0.404255 0.083333
vt 0.404255 0.000000
vt 0.404255 0.166667
vt 0.404255 0.250000
vt 0.404255 0.333333
vt 0.404255 0.416667
vt 0.404255 0.500000
vt 0.404255 0.583333
vt 0.404255 0.666667
vt 0.404255 0.750000
vt 0.404255 0.833333
vt 0.425532 1.000000
vt 0.425532 0.916667
vt 0.425532 0.083333
vt 0.425532 0.000000
vt 0.425532 0.166667
vt 0.425532 0.250000
vt 0.425532 0.333333
vt 0.425532 0.416667
vt 0.425532 0.500000
vt 0.425532 0.583333
vt 0.425532 0.666667
vt 0.425532 0.750000
vt 0.425532 0.833333
vt 0.446809 1.000000
vt 0.446809 0.916667
vt 0.446809 0.083333
vt 0.446809 0.000000
vt 0.446809 0.166667
vt 0.446809 0.250000
vt 0.446809 0.333333
vt 0.446809 0.416667
vt 0.446809 0.500000
vt 0.446809 0.583333
vt 0.446809 0.666667
vt 0.446809 0.750000
vt 0.446809 0.833333
vt 0.468085 1.000000
vt 0.468085 0.916667
vt 0.468085 0.083333
vt 0.468085 0.000000
vt 0.468085 0.166667
vt 0.468085 0.250000
vt 0.468085 0.333333
vt 0.468085 0.416667
vt 0.468085 0.500000
vt 0.468085 0.583333
vt 0.468085 0.666667
vt 0.468085 0.750000
vt 0.468085 0.833333
vt 0.489362 1.000000
vt 0.489362 0.916667
vt 0.489362 0.083333
vt 0.489362 0.000000
vt 0.489362 0.166667
vt 0.489362 0.250000
vt 0.489362 0.333333
vt 0.489362 0.416667
vt 0.489362 0.500000
vt 0.489362 0.583333
vt 0.489362 0.666667
vt 0.489362 0.750000
vt 0.489362 0.833333
vt 0.510638 1.000000
vt 0.510638 0.916667
vt 0.510638 0.083333
vt 0.510638 0.000000
vt 0.510638 0.166667
vt 0.510638 0.250000
vt 0.510638 0.333333
vt 0.510638 0.416667
vt 0.510638 0.500000
vt 0.510638 0.583333
vt 0.510638 0.666667
vt 0.510638 0.750000
vt 0.510638 0.833333
vt 0.531915 1.000000
vt 0.531915 0.916667
vt 0.531915 0.083333
vt 0.531915 0.000000
vt 0.531915 0.166667
vt 0.531915 0.250000
vt 0.531915 0.333333
vt 0.531915 0.416667
vt 0.531915 0.500000
vt 0.531915 0.583333
vt 0.531915 0.666667
vt 0.531915 0.750000
vt 0.531915 0.833333
vt 0.553191 1.000000
vt 0.553191 0.916667
vt 0.553191 0.083333
vt 0.553191 0.000000
vt 0.553191 0.166667
vt 0.553191 0.250000
vt 0.553191 0.333333
vt 0.553191 0.416667
vt 0.553191 0.500000
vt 0.553191 0.583333
vt 0.553191 0.666667
vt 0.553191 0.750000
vt 0.553191 0.833333
vt 0.574468 1.000000
vt 0.574468 0.916667
vt 0.574468 0.083333
vt 0.574468 0.000000
vt 0.574468 0.166667
vt 0.574468 0.250000
vt 0.574468 0.333333
vt 0.574468 0.416667
vt 0.574468 0.500000
vt 0.574468 0.583333
vt 0.574468 0.666667
vt 0.574468 0.750000
vt 0.574468 0.833333
vt 0.595745 1.000000
vt 0.595745 0.916667
vt 0.595745 0.083333
vt 0.595745 0.000000
vt 0.595745 0.166667
vt 0.595745 0.250000
vt 0.595745 0.333333
vt 0.595745 0.416667
vt 0.595745 0.500000
vt 0.595745 0.583333
vt 0.595745 0.666667
vt 0.595745 0.750000
vt 0.595745 0.833333
vt 0.617021 1.000000
vt 0.617021 0.916667
vt 0.617021 0.083333
vt 0.617021 0.000000
vt 0.617021 0.166667
vt 0.617021 0.250000
vt 0.617021 0.333333
vt 0.617021 0.416667
vt 0.617021 0.500000
vt 0.617021 0.583333
vt 0.617021 0.666667
vt 0.617021 0.750000
vt 0.617021 0.833333
vt 0.638298 1.000000
vt 0.638298 0.916667
vt 0.638298 0.083333
vt 0.638298 0.000000
vt 0.638298 0.166667
vt 0.638298 0.250000
vt 0.638298 0.333333
vt 0.638298 0.416667
vt 0.638298 0.500000
vt 0.638298 0.583333
vt 0.638298 0.666667
vt 0.638298 0.750000
vt 0.638298 0.833333
vt 0.659574 1.000000
vt 0.659574 0.916667
vt 0.659574 0.083333
vt 0.659574 0.000000
vt 0.659574 0.166667
vt 0.659574 0.250000
vt 0.659574 0.333333
vt 0.659574 0.416667
vt 0.659574 0.500000
vt 0.659574 0.583333
vt 0.659574 0.666667
vt 0.659574 0.750000
vt 0.659574 0.833333
vt 0.680851 1.000000
vt 0.680851 0.916667
vt 0.680851 0.083333
vt 0.680851 0.000000
vt 0.680851 0.166667
vt 0.680851 0.250000
vt 0.680851 0.333333
vt 0.680851 0.416667
vt 0.680851 0.500000
vt 0.680851 0.583333
vt 0.680851 0.666667
vt 0.680851 0.750000
vt 0.680851 0.833333
vt 0.702128 1.000000
vt 0.702128 0.916667
vt 0.702128 0.083333
vt 0.702128 0.000000
vt 0.702128 0.166667
vt 0.702128 0.250000
vt 0.702128 0.333333
vt 0.702128 0.416667
vt 0.702128 0.500000
vt 0.702128 0.583333
vt 0.702128 0.666667
vt 0.702128 0.750000
vt 0.702128 0.833333
vt 0.723404 1.000000
vt 0.723404 0.916667
vt 0.723404 0.083333
vt 0.723404 0.000000
vt 0.723404 0.166667
vt 0.723404 0.250000
vt 0.723404 0.333333
vt 0.723404 0.416667
vt 0.723404 0.500000
vt 0.723404 0.583333
vt 0.723404 0.666667
vt 0.723404 0.750000
vt 0.723404 0.833333
vt 0.744681 1.000000
vt 0.744681 0.916667
vt 0.744681 0.083333
vt 0.744681 0.000000
vt 0.744681 0.166667
vt 0.744681 0.250000
vt 0.744681 0.333333
vt 0.744681 0.416667
vt 0.744681 0.500000
vt 0.744681 0.583333
vt 0.744681 0.666667
vt 0.744681 0.750000
vt 0.744681 0.833333
vt 0.765957 1.000000
vt 0.765957 0.916667
vt 0.765957 0.083333
vt 0.765957 0.000000
vt 0.765957 0.166667
vt 0.765957 0.250000
vt 0.765957 0.333333
vt 0.765957 0.416667
vt 0.765957 0.500000
vt 0.765957 0.583333
vt 0.765957 0.666667
vt 0.765957 0.750000
vt 0.765957 0.833333
vt 0.787234 1.000000
vt 0.787234 0.916667
vt 0.787234 0.083333
vt 0.787234 0.000000
vt 0.787234 0.166667
vt 0.787234 0.250000
vt 0.787234 0.333333
vt 0.787234 0.416667
vt 0.787234 0.500000
vt 0.787234 0.583333
vt 0.787234 0.666667
vt 0.787234 0.750000
vt 0.787234 0.833333
vt 0.808511 1.000000
vt 0.808511 0.916667
vt 0.808511 0.083333
vt 0.808511 0.000000
vt 0.808511 0.166667
vt 0.808511 0.250000
vt 0.808511 0.333333
vt 0.808511 0.416667
vt 0.808511 0.500000
vt 0.808511 0.583333
vt 0.808511 0.666667
vt 0.808511 0.750000
vt 0.808511 0.833333
vt 0.829787 1.000000
vt 0.829787 0.916667
vt 0.829787 0.083333
vt 0.829787 0.000000
vt 0.829787 0.166667
vt 0.829787 0.250000
vt 0.829787 0.333333
vt 0.829787 0.416667
vt 0.829787 0.500000
vt 0.829787 0.583333
vt 0.829787 0.666667
vt 0.829787 0.750000
vt 0.829787 0.833333
vt 0.851064 1.000000
vt 0.851064 0.916667
vt 0.851064 0.083333
vt 0.851064 0.000000
vt 0.851064 0.166667
vt 0.851064 0.250000
vt 0.851064 0.333333
vt 0.851064 0.416667
vt 0.851064 0.500000
vt 0.851064 0.583333
vt 0.851064 0.666667
vt 0.851064 0.750000
vt 0.851064 0.833333
vt 0.872340 1.000000
vt 0.872340 0.916667
vt 0.872340 0.083333
vt 0.872340 0.000000
vt 0.872340 0.166667
vt 0.872340 0.250000
vt 0.872340 0.333333
vt 0.872340 0.416667
vt 0.872340 0.500000
vt 0.872340 0.583333
vt 0.872340 0.666667
vt 0.872340 0.750000
vt 0.872340 0.833333
vt 0.893617 1.000000
vt 0.893617 0.916667
vt 0.893617 0.083333
vt 0.893617 0.000000
vt 0.893617 0.166667
vt 0.893617 0.250000
vt 0.893617 0.333333
vt 0.893617 0.416667
vt 0.893617 0.500000
vt 0.893617 0.583333
vt 0.893617 0.666667
vt 0.893617 0.750000
vt 0.893617 0.833333
vt 0.914894 1.000000
vt 0.914894 0.916667
vt 0.914894 0.083333
vt 0.914894 0.000000
vt 0.914894 0.166667
vt 0.914894 0.250000
vt 0.914894 0.333333
vt 0.914894 0.416667
vt 0.914894 0.500000
vt 0.914894 0.583333
vt 0.914894 0.666667
vt 0.914894 0.750000
vt 0.914894 0.833333
vt 0.936170 1.000000
vt 0.936170 0.916667
vt 0.936170 0.083333
vt 0.936170 0.000000
vt 0.936170 0.166667
vt 0.936170 0.250000
vt 0.936170 0.333333
vt 0.936170 0.416667
vt 0.936170 0.500000
vt 0.936170 0.583333
vt 0.936170 0.666667
vt 0.936170 0.750000
vt 0.936170 0.833333
vt 0.957447 1.000000
vt 0.957447 0.916667
vt 0.957447 0.083333
vt 0.957447 0.000000
vt 0.957447 0.166667
vt 0.957447 0.250000
vt 0.957447 0.333333
vt 0.957447 0.416667
vt 0.957447 0.500000
vt 0.957447 0.583333
vt 0.957447 0.666667
vt 0.957447 0.750000
vt 0.957447 0.833333
vt 0.978723 1.000000
vt 0.978723 0.916667
vt 0.978723 0.083333
vt 0.978723 0.000000
vt 0.978723 0.166667
vt 0.978723 0.250000
vt 0.978723 0.333333
vt 0.978723 0.416667
vt 0.978723 0.500000
vt 0.978723 0.583333
vt 0.978723 0.666667
vt 0.978723 0.750000
vt 0.978723 0.833333
vt 1.000000 0.916667
vt 1.000000 0.083333
vt 1.000000 0.000000
vt 1.000000 0.166667
vt 1.000000 0.250000
vt 1.000000 0.333333
vt 1.000000 0.416667
vt 1.000000 0.583333
vt 1.000000 0.666667
vt 1.000000 0.750000
vt 1.000000 0.833333
s 1
usemtl 材质.018
f 4/5/1 12/6/1 13/2/1 5/1/1
f 3/7/1 11/8/1 12/6/1 4/5/1
f 2/9/1 8/10/1 11/8/1 3/7/1
f 6/4/1 14/3/1 10/11/1 1/12/1
f 25/13/2 26/14/3 19/15/4 17/16/2
f 18/17/5 20/17/5 28/17/5 27/17/5
f 29/18/6 30/19/7 31/20/8 32/21/9
f 33/22/10 34/23/11 35/24/12 36/25/13
f 37/26/14 38/27/15 39/28/16 40/29/17
f 41/30/18 42/31/19 43/32/20 44/33/21
f 45/34/22 46/35/23 47/36/24 48/37/25
f 49/38/26 50/39/27 51/40/28 52/41/29
f 53/42/30 54/43/31 55/44/32 56/45/33
f 57/46/34 58/47/35 59/48/36
f 60/49/37 61/50/37 62/51/37
f 63/52/38 64/53/39 65/54/40 66/55/41
f 67/56/42 68/57/43 69/58/44 70/59/45
f 71/60/46 72/61/47 73/62/48 74/63/49
f 75/64/50 76/65/50 77/66/50
f 78/67/51 79/68/52 80/69/53
f 81/70/54 82/71/55 83/72/55 84/73/54
f 85/74/56 86/75/57 87/76/58 88/77/59
f 89/78/60 90/79/60 91/80/61 92/81/62
f 93/82/63 94/83/64 95/84/65 96/85/66
f 97/86/67 98/87/68 99/88/69 100/89/70
f 101/90/71 102/91/72 103/92/73 104/93/74
f 105/94/75 106/95/76 107/96/77 108/97/78
f 109/98/79 110/99/80 111/100/81 112/101/82
f 113/102/83 114/103/84 115/104/85 116/105/86
f 117/106/87 118/107/88 119/108/89 120/109/90
f 121/110/91 122/111/92 123/112/93 124/113/94
f 125/114/95 126/115/96 127/116/97 128/117/98
f 129/118/99 130/119/100 131/120/101 132/121/102
f 133/122/103 134/123/104 135/124/105 136/125/106
f 137/126/107 138/127/108 139/128/109 140/129/110
f 141/130/111 142/131/112 143/132/113 144/133/114
f 145/134/115 146/135/116 147/136/116 148/137/115
f 149/138/117 150/139/117 151/140/117
f 152/141/118 153/142/119 154/143/120
f 155/144/121 156/145/121 157/146/122 158/147/122
f 159/148/123 160/149/124 161/150/125 162/151/126
f 163/152/127 164/153/127 165/154/128 166/155/128
f 167/156/129 168/157/130 169/158/130 170/159/129
f 171/160/131 172/161/132 173/162/133
f 174/163/134 175/164/134 176/165/134
f 177/166/116 178/167/116 179/168/115 180/169/115
f 181/170/121 182/171/122 183/172/122 184/173/121
f 185/174/135 186/175/136 187/176/137 188/177/138
f 189/178/128 190/179/127 191/180/127 192/181/128
f 193/182/139 194/183/140 195/184/141 196/185/142
f 197/186/143 198/187/144 199/188/145 200/189/146
f 201/190/129 202/191/129 203/192/130 204/193/130
f 205/194/147 206/195/148 207/196/149 208/197/150
f 209/198/151 210/199/152 211/200/153 212/201/154
f 213/202/155 214/203/156 215/204/157 216/205/158
f 217/206/159 218/207/160 219/208/161 220/209/162
f 221/210/163 222/211/164 223/212/165 224/213/166
f 225/214/167 226/215/168 227/216/169 228/217/170
f 231/218/171 232/219/171 233/51/171
f 238/224/176 239/225/177 240/226/178
f 241/227/179 242/228/179 243/229/179
f 246/230/180 247/231/181 248/232/182
f 249/233/183 250/234/184 251/235/185 252/236/186
f 253/237/187 254/238/187 255/239/187
f 256/240/188 257/241/188 258/242/188
f 259/243/189 260/244/189 261/245/189
f 262/246/190 263/247/191 264/248/192 265/249/193
f 266/250/194 267/251/195 268/252/196 269/253/197
f 270/254/198 271/255/198 272/256/198
f 273/257/199 274/258/200 275/259/201 276/260/202
f 277/261/203 278/262/204 279/263/205 280/264/206
f 37/26/14 29/18/6 32/21/9 38/27/15
f 31/20/8 33/22/10 36/25/13 32/21/9
f 35/24/12 39/28/16 38/27/15 36/25/13
f 49/38/26 41/30/18 44/33/21 50/39/27
f 43/32/20 45/34/22 48/37/25 44/33/21
f 47/36/24 51/40/28 50/39/27 48/37/25
f 60/49/207 53/42/30 56/45/33 61/50/208
f 55/44/32 57/46/34 59/48/36 56/45/33
f 58/47/35 62/51/209 61/50/208 59/48/36
f 71/60/46 63/52/38 66/55/41 72/61/47
f 65/54/40 67/56/42 70/59/45 66/55/41
f 69/58/44 73/62/48 72/61/47 70/59/45
f 81/70/54 75/64/210 77/66/211 82/71/55
f 76/65/212 78/67/51 80/69/53 77/66/211
f 79/68/52 83/72/55 82/71/55 80/69/53
f 93/82/63 85/74/56 88/77/59 94/83/64
f 87/76/58 89/78/60 92/81/62 88/77/59
f 91/80/61 95/84/65 94/83/64 92/81/62
f 105/94/75 97/86/67 100/89/70 106/95/76
f 99/88/69 101/90/71 104/93/74 100/89/70
f 103/92/73 107/96/77 106/95/76 104/93/74
f 117/106/87 109/98/79 112/101/82 118/107/88
f 111/100/81 113/102/83 116/105/86 112/101/82
f 115/104/85 119/108/89 118/107/88 116/105/86
f 129/118/99 121/110/91 124/113/94 130/119/100
f 123/112/93 125/114/95 128/117/98 124/113/94
f 127/116/97 131/120/101 130/119/100 128/117/98
f 141/130/111 133/122/103 136/125/106 142/131/112
f 135/124/105 137/126/107 140/129/110 136/125/106
f 139/128/109 143/132/113 142/131/112 140/129/110
f 155/144/121 145/134/115 148/137/115 156/145/121
f 147/136/116 149/138/213 151/140/214 148/137/115
f 150/139/215 152/141/215 154/143/215 151/140/215
f 153/142/216 157/146/122 156/145/121 154/143/217
f 173/162/218 159/148/123 162/151/126 171/160/218
f 161/150/125 163/152/127 166/155/128 162/151/126
f 165/154/128 167/156/129 170/159/129 166/155/128
f 169/158/130 172/161/219 171/160/220 170/159/129
f 185/174/135 174/163/221 176/165/221 186/175/136
f 175/164/222 177/166/116 180/169/115 176/165/223
f 179/168/115 181/170/121 184/173/121 180/169/115
f 183/172/122 187/176/224 186/175/225 184/173/121
f 201/190/129 189/178/128 192/181/128 202/191/129
f 191/180/127 193/182/139 196/185/142 192/181/128
f 195/184/141 197/186/143 200/189/146 196/185/142
f 199/188/226 203/192/130 202/191/129 200/189/227
f 213/202/155 205/194/147 208/197/150 214/203/156
f 207/196/149 209/198/151 212/201/154 208/197/150
f 211/200/153 215/204/157 214/203/156 212/201/154
f 225/214/167 217/206/159 220/209/162 226/215/168
f 219/208/161 221/210/163 224/213/166 220/209/162
f 223/212/165 227/216/169 226/215/168 224/213/166
f 40/29/17 42/31/19 41/30/18 37/26/14
f 52/41/29 30/19/7 29/18/6 49/38/26
f 54/43/31 46/35/228 45/34/22 55/44/32
f 42/31/19 58/47/35 57/46/34 43/32/20
f 74/63/49 40/29/229 39/28/16 71/60/46
f 34/23/230 64/53/39 63/52/38 35/24/12
f 190/179/127 90/79/60 89/78/60 191/180/127
f 86/75/57 194/183/140 193/182/139 87/76/58
f 98/87/231 84/73/54 83/72/55 99/88/69
f 78/67/51 102/91/72 101/90/71 79/68/52
f 120/109/90 96/85/66 95/84/65 117/106/87
f 90/79/60 110/99/232 109/98/79 91/80/61
f 64/53/39 164/153/127 163/152/127 65/54/40
f 160/149/124 68/57/43 67/56/42 161/150/125
f 102/91/72 120/109/90 119/108/89 103/92/73
f 114/103/84 108/97/78 107/96/77 115/104/85
f 122/111/92 134/123/104 133/122/103 123/112/93
f 144/133/114 126/115/96 125/114/95 141/130/111
f 158/147/122 144/133/233 143/132/234 155/144/121
f 138/127/235 146/135/116 145/134/115 139/128/236
f 164/153/127 132/121/237 131/120/238 165/154/128
f 126/115/239 168/157/130 167/156/129 127/116/240
f 152/141/118 173/162/133 172/161/132 153/142/119
f 168/157/130 158/147/122 157/146/122 169/158/130
f 216/205/233 182/171/122 181/170/121 213/202/241
f 178/167/116 206/195/235 205/194/242 179/168/115
f 218/207/237 190/179/127 189/178/128 219/208/243
f 204/193/130 222/211/239 221/210/244 201/190/129
f 182/171/122 204/193/130 203/192/130 183/172/122
f 198/187/144 188/177/138 187/176/137 199/188/145
f 210/199/152 228/217/170 227/216/169 211/200/153
f 222/211/164 216/205/158 215/204/157 223/212/165
f 62/51/245 150/139/245 149/138/213 60/49/207
f 146/135/116 54/43/31 53/42/30 147/136/116
f 134/123/104 52/41/29 51/40/28 135/124/105
f 46/35/23 138/127/108 137/126/107 47/36/24
f 132/121/102 34/23/11 33/22/10 129/118/99
f 30/19/7 122/111/92 121/110/91 31/20/8
f 108/97/78 210/199/152 209/198/151 105/94/75
f 206/195/148 98/87/68 97/86/67 207/196/149
f 174/163/246 76/65/246 75/64/210 175/164/222
f 84/73/54 178/167/116 177/166/116 81/70/54
f 110/99/80 218/207/160 217/206/159 111/100/81
f 228/217/170 114/103/84 113/102/83 225/214/167
f 237/223/247 69/58/248 68/57/249 234/220/250
f 159/148/251 263/247/252 262/246/253 160/149/254
f 249/233/255 86/75/256 85/74/257 250/234/258
f 248/232/259 93/82/260 96/85/261 246/230/262
f 229/265/263 231/218/264 233/51/265 230/266/266
f 236/222/174 239/225/177 238/224/176 237/223/175
f 243/229/267 244/267/268 245/268/269 241/227/270
f 247/231/181 251/235/185 250/234/184 248/232/182
f 255/239/271 256/240/271 258/242/271 253/237/271
f 259/243/272 264/248/192 263/247/191 260/244/272
f 269/253/197 270/254/273 272/256/273 266/250/194
f 276/260/202 278/262/204 277/261/203 273/257/199
f 242/228/274 232/219/275 231/218/264 243/229/267
f 230/266/266 245/268/269 244/267/268 229/265/263
f 246/230/180 240/226/178 239/225/177 247/231/181
f 235/221/173 252/236/186 251/235/185 236/222/174
f 252/236/186 275/259/201 274/258/200 249/233/183
f 268/252/276 257/241/276 256/240/277 269/253/278
f 254/238/279 271/255/280 270/254/281 255/239/282
f 275/259/201 265/249/193 264/248/192 276/260/202
f 261/245/283 279/263/283 278/262/284 259/243/285
f 257/241/286 261/245/286 260/244/286 258/242/286
f 279/263/205 268/252/196 267/251/195 280/264/206
f 232/219/275 254/238/279 253/237/287 233/51/287
f 271/255/280 242/228/274 241/227/288 272/256/288
f 194/183/289 274/258/290 273/257/291 195/184/292
f 280/264/293 198/187/294 197/186/295 277/261/296
f 266/250/297 185/174/298 188/177/299 267/251/300
f 73/62/301 238/224/302 240/226/303 74/63/304
f 37/26/14 41/30/18 49/38/26 29/18/6
f 32/21/9 36/25/13 38/27/15
f 30/19/7 52/41/29 134/123/104 122/111/92
f 129/118/99 33/22/10 31/20/8 121/110/91
f 71/60/46 39/28/16 35/24/12 63/52/38
f 64/53/39 34/23/230 132/121/237 164/153/127
f 24/269/305 42/31/19 40/29/17 23/270/305
f 44/33/21 48/37/25 50/39/27
f 55/44/32 45/34/22 43/32/20 57/46/34
f 46/35/228 54/43/31 146/135/116 138/127/235
f 135/124/105 51/40/28 47/36/24 137/126/107
f 60/49/207 149/138/213 147/136/116 53/42/30
f 56/45/33 59/48/36 61/50/208
f 62/51/306 58/47/307 230/266/307 233/51/308
f 150/139/309 62/51/306 233/51/308 253/237/310
f 66/55/41 70/59/45 72/61/47
f 68/57/249 160/149/254 262/246/253 234/220/250
f 73/62/301 69/58/248 237/223/247 238/224/302
f 175/164/222 75/64/210 81/70/54 177/166/116
f 77/66/211 80/69/53 82/71/55
f 76/65/311 174/163/312 272/256/313 241/227/314
f 78/67/315 76/65/311 241/227/314 245/268/316
f 99/88/69 83/72/55 79/68/52 101/90/71
f 84/73/54 98/87/231 206/195/235 178/167/116
f 85/74/257 93/82/260 248/232/259 250/234/258
f 88/77/59 92/81/62 94/83/64
f 191/180/127 89/78/60 87/76/58 193/182/139
f 194/183/289 86/75/256 249/233/255 274/258/290
f 110/99/232 90/79/60 190/179/127 218/207/237
f 117/106/87 95/84/65 91/80/61 109/98/79
f 105/94/75 209/198/151 207/196/149 97/86/67
f 100/89/70 104/93/74 106/95/76
f 103/92/73 119/108/89 115/104/85 107/96/77
f 102/91/72 4/5/317 5/1/318 120/109/90
f 108/97/78 114/103/84 228/217/170 210/199/152
f 112/101/82 116/105/86 118/107/88
f 111/100/81 217/206/159 225/214/167 113/102/83
f 124/113/94 128/117/98 130/119/100
f 123/112/93 133/122/103 141/130/111 125/114/95
f 144/133/233 158/147/122 168/157/130 126/115/239
f 165/154/128 131/120/238 127/116/240 167/156/129
f 136/125/106 140/129/110 142/131/112
f 155/144/121 143/132/234 139/128/236 145/134/115
f 148/137/115 151/140/214 154/143/217 156/145/121
f 152/141/319 150/139/309 253/237/310 258/242/320
f 153/142/216 172/161/219 169/158/130 157/146/122
f 173/162/321 152/141/319 258/242/320 260/244/322
f 159/148/251 173/162/321 260/244/322 263/247/252
f 162/151/126 166/155/128 170/159/129 171/160/220
f 174/163/312 185/174/298 266/250/297 272/256/313
f 176/165/223 180/169/115 184/173/121 186/175/225
f 213/202/241 181/170/121 179/168/115 205/194/242
f 182/171/122 216/205/233 222/211/239 204/193/130
f 183/172/122 203/192/130 199/188/226 187/176/224
f 188/177/299 198/187/294 280/264/293 267/251/300
f 219/208/243 189/178/128 201/190/129 221/210/244
f 192/181/128 196/185/142 200/189/227 202/191/129
f 197/186/295 195/184/292 273/257/291 277/261/296
f 211/200/153 227/216/169 223/212/165 215/204/157
f 220/209/162 224/213/166 226/215/168
f 243/229/267 231/218/264 229/265/263 244/267/268
f 232/219/275 242/228/274 271/255/280 254/238/279
f 247/231/181 239/225/177 236/222/174 251/235/185
f 252/236/186 235/221/173 265/249/193 275/259/201
f 269/253/278 256/240/277 255/239/282 270/254/281
f 257/241/276 268/252/276 279/263/283 261/245/283
f 276/260/202 264/248/192 259/243/285 278/262/284
f 281/271/323 282/272/324 283/273/325
f 284/274/326 285/275/327 286/276/328 287/277/329
f 288/278/330 289/279/331 290/280/331 291/281/330
f 292/282/332 293/283/333 294/284/334
f 295/285/335 296/286/336 297/287/337
f 298/288/330 299/289/331 300/290/331 301/291/330
f 302/292/338 303/293/339 304/294/340
f 305/295/341 306/296/341 307/297/342 308/298/343
f 309/299/344 310/300/345 311/301/346 312/302/347
f 313/303/348 314/304/349 315/305/350 316/306/351
f 317/307/352 318/308/353 319/309/354 320/310/355
f 321/311/356 322/312/357 323/313/358
f 324/314/359 325/315/360 326/316/361 327/317/362
f 328/318/363 329/319/364 330/320/365 331/321/366
f 332/322/367 333/323/368 334/324/369 335/325/370
f 336/326/371 337/327/372 338/328/373 339/329/374
f 340/330/375 341/331/376 342/332/377 343/333/378
f 344/334/379 345/335/379 346/336/380 347/337/380
f 348/338/381 349/339/382 350/340/382 351/341/381
f 352/342/383 353/343/384 354/344/385 355/345/386
f 356/346/387 357/347/388 358/348/389 359/349/390
f 360/350/391 361/351/392 362/352/393 363/353/394
f 364/354/395 365/355/396 366/356/397
f 367/357/398 368/358/399 369/359/400 370/360/401
f 371/361/402 372/362/403 373/363/404 374/364/405
f 375/365/406 376/366/407 377/367/408
f 378/368/409 379/369/410 380/370/411 381/371/411
f 382/372/412 383/373/413 384/374/413 385/375/414
f 386/376/415 387/377/416 388/378/417 389/379/418
f 390/380/419 391/381/420 392/382/421 393/383/422
f 394/384/423 395/385/424 396/386/425
f 397/387/426 398/388/427 399/389/428 400/390/426
f 401/391/429 402/392/430 403/393/431 404/394/432
f 405/395/433 406/396/434 407/397/435 408/398/436 409/399/437
f 410/400/438 411/401/439 412/402/440 413/403/441
f 414/404/442 415/405/443 416/406/444
f 417/407/445 418/408/446 419/409/447 420/410/448
f 421/411/449 422/412/450 423/413/451 424/414/452 425/415/453
f 426/416/454 427/417/455 428/418/456 429/419/457
f 430/420/458 431/421/459 432/422/460 433/423/461
f 434/424/462 435/425/463 436/426/464 437/427/465
f 438/428/466 439/429/467 440/430/468 441/431/469
f 442/432/470 443/433/471 444/434/472 445/435/472
f 446/436/473 447/437/474 448/438/475 449/439/476
f 450/440/477 451/441/478 452/442/479 453/443/480
f 454/444/481 455/445/482 456/446/483 457/447/484
f 458/448/485 459/449/486 460/450/487 461/451/488
f 462/452/489 463/453/490 464/454/491 465/455/492 466/456/493
f 467/457/494 468/458/495 469/459/496 470/460/497 471/461/498
f 472/462/499 473/463/500 474/464/501 475/465/502
f 476/466/503 477/467/504 478/468/505 479/469/506
f 480/470/507 481/471/508 482/472/509 483/473/510
f 484/474/511 485/475/512 486/476/513 487/477/511
f 488/478/514 489/479/515 490/480/516 491/481/517
f 492/482/518 493/483/519 494/484/520 495/485/521
f 496/486/522 497/487/523 498/488/524 499/489/525
f 500/490/526 501/491/527 502/492/528 503/493/529
f 504/494/530 505/495/531 506/496/532 507/497/533
f 508/498/534 509/499/535 510/500/536 511/501/537 512/502/538
f 513/503/539 514/504/540 515/505/541 516/506/542
f 517/507/543 518/508/544 519/509/545 520/510/546
f 521/511/547 522/512/548 523/513/549 524/514/550 525/515/551
f 526/516/552 527/517/553 528/518/554 529/519/555
f 530/520/556 531/521/557 532/522/558
f 533/523/2 534/524/2 535/525/2
f 536/526/559 537/527/560 538/528/561 539/529/562
f 540/530/563 541/531/564 542/532/565
f 543/533/566 544/534/567 545/535/568 546/536/569
f 547/537/570 548/538/571 549/539/572 550/540/573
f 557/541/574 558/542/574 559/543/575 560/544/576
f 561/545/577 562/546/578 563/547/579 564/548/579
f 565/549/580 566/550/581 567/377/582
f 568/551/583 569/552/584 570/553/585 571/554/586
f 572/555/587 573/556/588 574/557/589 575/558/590
f 576/559/591 577/560/592 578/561/593 579/562/594
f 580/563/595 581/564/596 582/565/597 583/566/598
f 584/567/599 585/568/600 586/569/601 587/570/602
f 588/571/603 589/572/604 590/573/605 591/574/606
f 592/575/607 593/576/608 594/577/609 595/578/610
f 596/579/611 597/580/612 598/581/613 599/582/614
f 602/583/615 603/584/616 604/585/617
f 605/586/618 606/587/619 607/588/2
f 608/589/620 609/590/621 610/591/622
f 535/525/2 288/278/330 291/281/330 533/523/2
f 290/280/331 294/284/334 293/283/333 291/281/330
f 602/583/615 297/287/337 296/286/336 603/584/616
f 295/285/335 299/289/331 298/288/330 296/286/336
f 321/311/356 309/299/344 312/302/347 322/312/357
f 311/301/346 313/303/348 316/306/351 312/302/347
f 315/305/350 317/307/352 320/310/355 316/306/351
f 319/309/354 323/313/358 322/312/357 320/310/355
f 332/322/367 324/314/359 327/317/362 333/323/368
f 326/316/361 328/318/363 331/321/366 327/317/362
f 330/320/365 334/324/369 333/323/368 331/321/366
f 348/338/381 336/326/371 339/329/374 349/339/382
f 338/328/373 340/330/375 343/333/378 339/329/374
f 342/332/377 344/334/379 347/337/380 343/333/378
f 346/336/380 350/340/382 349/339/382 347/337/380
f 360/350/391 352/342/383 355/345/386 361/351/392
f 354/344/385 356/346/387 359/349/390 355/345/386
f 358/348/389 362/352/393 361/351/392 359/349/390
f 287/277/329 281/271/323 283/273/325 284/274/326
f 282/272/623 289/279/331 288/278/330 283/273/624
f 302/292/338 306/296/625 305/295/626 303/293/339
f 300/290/331 304/294/627 303/293/628 301/291/330
f 310/300/345 325/315/629 324/314/630 311/301/346
f 335/325/631 314/304/349 313/303/348 332/322/632
f 449/439/633 573/556/634 572/555/635 446/436/636
f 353/343/381 351/341/381 350/340/382 354/344/382
f 345/335/379 357/347/379 356/346/637 346/336/380
f 289/279/331 310/300/345 309/299/344 290/280/331
f 323/313/358 292/282/332 294/284/334 321/311/356
f 351/341/381 300/290/331 299/289/331 348/338/381
f 297/17/337 337/17/372 336/17/371 295/17/335
f 304/294/340 353/343/384 352/342/383 302/292/338
f 363/353/394 307/297/638 306/296/625 360/350/391
f 325/315/360 282/272/324 281/271/323 326/316/361
f 286/276/328 329/319/364 328/318/363 287/277/329
f 580/563/639 462/452/640 466/456/641 581/564/642
f 458/448/643 576/559/644 579/562/645 459/449/646
f 378/368/409 371/361/402 374/364/405 379/369/410
f 373/363/647 375/365/406 377/367/408 374/364/648
f 376/366/407 380/370/649 379/369/649 377/367/408
f 390/380/419 382/372/412 385/375/414 391/381/420
f 384/374/650 386/376/650 389/379/650 385/375/650
f 388/378/417 392/382/651 391/381/652 389/379/418
f 410/400/438 401/391/429 404/394/432 411/401/439
f 403/393/653 405/395/433 409/399/437 404/394/654
f 408/398/436 412/402/655 411/401/656 409/399/437
f 430/420/458 421/411/449 425/415/453 431/421/459
f 424/414/452 426/416/454 429/419/457 425/415/453
f 428/418/456 432/422/460 431/421/459 429/419/457
f 450/440/477 434/424/462 437/427/465 451/441/478
f 436/426/464 438/428/466 441/431/469 437/427/465
f 440/430/468 442/432/657 445/435/658 441/431/469
f 444/434/659 449/439/476 448/438/475 445/435/659
f 447/437/660 452/442/479 451/441/478 448/438/661
f 464/454/491 454/444/481 457/447/484 465/455/492
f 456/446/483 461/451/662 460/450/663 457/447/484
f 459/449/486 466/456/493 465/455/492 460/450/487
f 476/466/503 467/457/494 471/461/498 477/467/504
f 470/460/664 472/462/499 475/465/502 471/461/664
f 474/464/665 478/468/505 477/467/504 475/465/666
f 496/486/522 480/470/667 483/473/510 497/487/523
f 482/472/509 484/474/668 487/477/669 483/473/510
f 486/476/670 488/478/514 491/481/517 487/477/669
f 490/480/516 492/482/518 495/485/521 491/481/517
f 494/484/520 498/488/524 497/487/523 495/485/521
f 508/498/534 500/490/526 503/493/529 509/499/535
f 502/492/528 504/494/530 507/497/533 503/493/529
f 506/496/532 510/500/536 509/499/535 507/497/533
f 521/511/547 513/503/671 516/506/672 522/512/548
f 515/505/541 517/507/543 520/510/546 516/506/542
f 519/509/545 523/513/549 522/512/548 520/510/673
f 372/362/403 364/354/395 366/356/397 373/363/404
f 365/355/396 367/357/674 370/360/674 366/356/397
f 369/359/675 376/366/407 375/365/406 370/360/676
f 397/387/677 394/384/423 396/386/425 398/388/678
f 395/385/424 393/383/422 392/382/421 396/386/425
f 387/377/416 399/389/428 398/388/427 388/378/417
f 463/453/490 422/412/450 421/411/449 464/454/491
f 433/423/461 455/445/482 454/444/481 430/420/458
f 427/417/455 435/425/463 434/424/462 428/418/456
f 453/443/480 433/423/461 432/422/460 450/440/477
f 446/436/473 458/448/485 461/451/488 447/437/474
f 455/445/482 453/443/480 452/442/479 456/446/483
f 512/502/538 468/458/495 467/457/494 508/498/534
f 479/469/506 501/491/527 500/490/526 476/466/503
f 473/463/500 481/471/508 480/470/507 474/464/501
f 499/489/525 479/469/506 478/468/505 496/486/522
f 493/483/519 505/495/531 504/494/530 494/484/520
f 501/491/527 499/489/525 498/488/524 502/492/528
f 402/392/430 414/404/442 416/406/444 403/393/431
f 415/405/679 417/407/445 420/410/448 416/406/680
f 419/409/447 406/396/434 405/395/433 420/410/448
f 423/413/451 418/408/681 417/407/682 424/414/452
f 414/404/442 427/417/455 426/416/454 415/405/443
f 413/403/441 439/429/467 438/428/466 410/400/438
f 435/425/463 402/392/430 401/391/429 436/426/464
f 567/377/683 387/377/684 386/376/685 565/549/686
f 383/373/687 561/545/688 564/548/689 384/374/690
f 525/515/551 526/516/552 529/519/555 521/511/547
f 528/518/554 530/520/691 532/522/692 529/519/555
f 531/521/557 514/504/540 513/503/539 532/522/558
f 527/517/693 511/501/537 510/500/536 528/518/694
f 505/495/531 531/521/557 530/520/556 506/496/532
f 489/479/515 518/508/544 517/507/543 490/480/516
f 514/504/540 493/483/519 492/482/518 515/505/541
f 364/354/395 413/403/441 412/402/440 365/355/396
f 407/397/435 368/358/399 367/357/398 408/398/436
f 518/508/544 395/385/424 394/384/423 519/509/545
f 400/390/695 524/514/550 523/513/549 397/387/696
f 381/371/697 443/433/471 442/432/470 378/368/697
f 439/429/467 372/362/403 371/361/402 440/430/468
f 393/383/422 489/479/515 488/478/514 390/380/419
f 485/475/512 383/373/698 382/372/698 486/476/513
f 368/358/399 286/276/328 285/275/327 369/359/400
f 406/396/434 330/320/365 329/319/364 407/397/435
f 307/297/342 400/390/699 399/389/699 308/298/343
f 362/352/393 525/515/551 524/514/550 363/353/394
f 418/408/446 335/325/370 334/324/369 419/409/447
f 422/412/450 315/305/700 314/304/701 423/413/451
f 462/452/489 318/308/702 317/307/703 463/453/490
f 468/458/495 342/332/377 341/331/376 469/459/496
f 511/501/537 345/335/379 344/334/379 512/502/538
f 526/516/552 358/348/389 357/347/388 527/517/553
f 534/524/2 285/275/2 284/274/2 535/525/2
f 601/592/2 534/524/2 533/523/2 600/593/2
f 539/529/562 540/530/704 542/532/704 536/526/559
f 546/536/569 548/538/571 547/537/570 543/533/566
f 545/535/568 541/531/564 540/530/563 546/536/705
f 538/528/561 549/539/572 548/538/706 539/529/562
f 541/531/564 551/594/707 552/595/708 542/532/565
f 554/596/709 545/535/568 544/534/567 553/597/710
f 556/598/711 558/542/712 557/541/713 555/366/714
f 563/547/715 566/550/581 565/549/580 564/548/716
f 571/554/586 574/557/589 573/556/588 568/551/583
f 578/561/593 582/565/597 581/564/596 579/562/594
f 587/570/602 589/572/604 588/571/603 584/567/599
f 595/578/610 597/580/612 596/579/611 592/575/607
f 562/546/717 559/543/718 558/542/719 563/547/719
f 555/366/714 567/377/582 566/550/581 556/598/711
f 575/558/590 577/560/592 576/559/591 572/555/587
f 590/573/605 594/577/609 593/576/608 591/574/606
f 586/569/601 583/566/598 582/565/597 587/570/602
f 577/560/592 590/573/605 589/572/604 578/561/593
f 570/553/585 598/581/613 597/580/612 571/554/586
f 594/577/609 575/558/590 574/557/589 595/578/610
f 559/543/575 570/553/720 569/552/720 560/544/576
f 598/581/721 562/546/578 561/545/577 599/582/721
f 583/566/598 538/528/561 537/527/560 580/563/595
f 585/568/600 550/540/573 549/539/572 586/569/601
f 318/308/722 537/527/723 536/526/724 319/309/725
f 469/459/726 585/568/727 584/567/728 470/460/729
f 591/574/730 473/463/731 472/462/732 588/571/733
f 543/533/734 338/328/735 337/327/736 544/534/737
f 380/370/738 557/541/739 560/544/740 381/371/741
f 568/551/742 444/434/743 443/433/744 569/552/745
f 592/575/746 482/472/747 481/471/748 593/576/749
f 599/582/750 485/475/751 484/474/752 596/579/753
f 550/540/754 341/331/755 340/330/756 547/537/757
f 292/282/332 601/592/2 600/593/2 293/283/333
f 301/291/330 605/586/618 607/588/2 298/288/330
f 606/587/619 604/585/617 603/584/616 607/588/2
f 308/298/758 606/587/619 605/586/618 305/295/759
f 610/591/622 612/599/760 611/600/761 608/589/620
f 604/585/762 610/591/762 609/590/763 602/583/764
f 608/589/620 554/596/765 553/597/766 609/590/621
f 551/594/767 611/600/761 612/599/760 552/595/768
f 326/316/361 281/271/323 287/277/329 328/318/363
f 535/525/2 284/274/2 283/273/624 288/278/330
f 289/279/331 282/272/623 325/315/629 310/300/345
f 285/275/2 25/13/2 17/16/2 9/601/2
f 16/602/305 369/359/400 285/275/327 9/603/305
f 286/276/328 368/358/399 407/397/435 329/319/364
f 25/13/2 285/275/2 534/524/2
f 291/281/330 293/283/333 600/593/2 533/523/2
f 290/280/331 309/299/344 321/311/356 294/284/334
f 601/592/769 292/282/769 552/595/769 612/599/769
f 297/287/5 292/282/5 552/595/5 551/594/5 554/596/5 553/597/5
f 292/282/305 323/313/770 542/532/771 552/595/305
f 297/287/772 602/583/764 609/590/763 553/597/772
f 296/286/336 298/288/330 607/588/2 603/584/616
f 348/338/381 299/289/331 295/285/335 336/326/371
f 337/327/736 297/287/1 553/597/1 544/534/737
f 605/586/618 301/291/330 303/293/628 305/295/759
f 304/294/627 300/290/331 351/341/381 353/343/381
f 302/292/338 352/342/383 360/350/391 306/296/625
f 308/298/758 26/14/3 606/587/619
f 400/390/695 307/297/638 363/353/394 524/514/550
f 26/14/3 308/298/758 21/604/773 19/15/4
f 308/298/758 1/12/774 10/605/774 21/604/773
f 399/389/428 6/4/775 1/12/776 308/298/776
f 312/302/347 316/306/351 320/310/355 322/312/357
f 311/301/346 324/314/630 332/322/632 313/303/348
f 418/408/681 423/413/451 314/304/701 335/325/777
f 463/453/490 317/307/703 315/305/700 422/412/450
f 318/308/722 462/452/640 580/563/639 537/527/723
f 323/313/770 319/309/725 536/526/724 542/532/771
f 327/317/362 331/321/366 333/323/368
f 330/320/365 406/396/434 419/409/447 334/324/369
f 339/329/374 343/333/378 347/337/380 349/339/382
f 340/330/756 338/328/735 543/533/734 547/537/757
f 512/502/538 344/334/379 342/332/377 468/458/495
f 469/459/726 341/331/755 550/540/754 585/568/727
f 354/344/382 350/340/382 346/336/380 356/346/637
f 511/501/537 527/517/693 357/347/379 345/335/379
f 355/345/386 359/349/390 361/351/392
f 525/515/551 362/352/393 358/348/389 526/516/552
f 364/354/395 372/362/403 439/429/467 413/403/441
f 373/363/647 366/356/778 370/360/676 375/365/406
f 365/355/779 412/402/655 408/398/436 367/357/398
f 23/270/305 40/29/17 369/359/400 16/602/305
f 40/29/780 74/63/780 376/366/780 369/359/780
f 378/368/409 442/432/657 440/430/468 371/361/402
f 374/364/648 377/367/408 379/369/781
f 380/370/738 376/366/782 555/366/783 557/541/739
f 376/366/782 74/63/304 240/226/303 555/366/783
f 443/433/744 381/371/741 560/544/740 569/552/745
f 390/380/419 488/478/514 486/476/670 382/372/412
f 385/375/784 389/379/418 391/381/652
f 386/376/685 384/374/690 564/548/689 565/549/686
f 383/373/687 485/475/751 599/582/750 561/545/688
f 396/386/425 392/382/651 388/378/417 398/388/678
f 96/85/261 387/377/684 567/377/683 246/230/262
f 96/85/66 120/109/90 399/389/428 387/377/416
f 393/383/422 395/385/424 518/508/544 489/479/515
f 519/509/545 394/384/423 397/387/677 523/513/549
f 120/109/90 5/1/318 6/4/775 399/389/428
f 410/400/438 438/428/466 436/426/464 401/391/429
f 404/394/654 409/399/437 411/401/656
f 403/393/653 416/406/680 420/410/448 405/395/433
f 427/417/455 414/404/442 402/392/430 435/425/463
f 424/414/452 417/407/682 415/405/443 426/416/454
f 464/454/491 421/411/449 430/420/458 454/444/481
f 425/415/453 429/419/457 431/421/459
f 428/418/456 434/424/462 450/440/477 432/422/460
f 433/423/461 453/443/480 455/445/482
f 437/427/465 441/431/469 445/435/658 448/438/661 451/441/478
f 449/439/633 444/434/743 568/551/742 573/556/634
f 447/437/660 461/451/662 456/446/483 452/442/479
f 458/448/643 446/436/636 572/555/635 576/559/644
f 457/447/484 460/450/663 465/455/492
f 466/456/641 459/449/646 579/562/645 581/564/642
f 508/498/534 467/457/494 476/466/503 500/490/526
f 471/461/498 475/465/666 477/467/504
f 472/462/732 470/460/729 584/567/728 588/571/733
f 474/464/665 480/470/667 496/486/522 478/468/505
f 481/471/748 473/463/731 591/574/730 593/576/749
f 479/469/506 499/489/525 501/491/527
f 483/473/510 487/477/669 491/481/517 495/485/521 497/487/523
f 484/474/752 482/472/747 592/575/746 596/579/753
f 490/480/516 517/507/543 515/505/541 492/482/518
f 494/484/520 504/494/530 502/492/528 498/488/524
f 531/521/557 505/495/531 493/483/519 514/504/540
f 503/493/529 507/497/533 509/499/535
f 528/518/694 510/500/536 506/496/532 530/520/556
f 521/511/547 529/519/555 532/522/692 513/503/671
f 516/506/672 520/510/673 522/512/548
f 534/524/2 601/592/2 25/13/2
f 546/536/705 540/530/563 539/529/562 548/538/706
f 583/566/598 586/569/601 549/539/572 538/528/561
f 554/596/709 551/594/707 541/531/564 545/535/568
f 608/589/620 611/600/761 551/594/767 554/596/765
f 563/547/715 558/542/712 556/598/711 566/550/581
f 240/226/178 246/230/180 567/377/582 555/366/714
f 559/543/718 562/546/717 598/581/613 570/553/585
f 571/554/586 597/580/612 595/578/610 574/557/589
f 590/573/605 577/560/592 575/558/590 594/577/609
f 587/570/602 582/565/597 578/561/593 589/572/604
f 26/14/3 25/13/2 601/592/2 604/585/617
f 604/585/785 601/592/785 612/599/785 610/591/785
f 604/585/617 606/587/619 26/14/3
f 613/606/786 614/607/787 615/608/788
f 620/609/789 621/610/790 622/611/791
f 623/612/792 624/613/793 625/614/794
f 626/615/795 627/616/796 628/617/797 629/618/798
f 630/619/799 631/620/800 632/621/801 633/622/802
f 634/623/803 635/624/804 636/625/805
f 637/626/806 638/627/807 639/628/808
f 640/629/809 641/630/810 642/631/811 643/632/812
f 644/633/813 645/634/814 646/635/815 647/636/816
f 648/637/817 649/638/818 650/639/819 651/640/820
f 652/641/821 653/642/822 654/643/823
f 655/644/824 656/645/824 657/646/825 658/647/826
f 659/648/827 660/649/827 661/650/828 662/651/828
f 663/652/829 664/653/830 665/654/830 666/655/831
f 667/656/832 668/657/833 669/658/834
f 670/659/835 671/660/836 672/661/837
f 673/662/838 674/663/839 675/664/840 676/665/841
f 677/666/842 678/667/843 679/668/844 680/669/845
f 681/670/846 682/671/847 683/672/848 684/673/848
f 685/674/849 686/675/850 687/676/851 688/677/852
f 689/678/853 690/679/853 691/680/854 692/681/854
f 693/682/855 694/683/856 695/684/856 696/685/855
f 697/686/857 698/687/857 699/688/857
f 700/689/858 701/690/859 702/691/860
f 703/692/861 704/693/862 705/694/863 706/695/864
f 707/696/828 708/697/827 709/698/827 710/699/828
f 711/700/865 712/701/865 713/702/866 714/703/867
f 715/704/868 716/705/869 717/706/870 718/707/871
f 719/708/872 720/709/873 721/710/874 722/711/872
f 723/712/856 724/713/856 725/714/855 726/715/855
f 727/716/853 728/717/854 729/718/854 730/719/853
f 731/720/875 732/721/876 733/722/877 734/723/878
f 735/724/879 736/725/880 737/726/881
f 742/731/886 743/732/887 744/733/888 745/734/886
f 746/735/889 747/736/890 748/737/891 749/738/892
f 750/739/893 751/740/893 752/741/893
f 755/742/894 756/743/895 757/744/896
f 758/745/897 759/746/898 760/747/899 761/705/900
f 764/748/901 765/749/901 766/750/901
f 767/751/902 768/752/902 769/753/902
f 770/754/903 771/755/904 772/756/905
f 773/757/906 774/758/907 775/759/908 776/760/909
f 779/761/910 780/762/911 781/763/912 782/764/913
f 783/765/914 784/766/915 785/767/916 786/768/917
f 616/769/918 613/606/919 615/608/920 617/655/921
f 620/609/922 618/770/923 619/692/924 621/610/925
f 757/744/926 648/637/927 651/640/928 755/742/929
f 637/626/930 630/619/799 633/622/802 638/627/931
f 632/621/801 634/623/803 636/625/805 633/622/802
f 635/624/932 639/628/808 638/627/807 636/625/932
f 648/637/817 640/629/809 643/632/812 649/638/818
f 642/631/811 644/633/813 647/636/816 643/632/812
f 646/635/815 650/639/819 649/638/818 647/636/816
f 667/656/933 659/648/827 662/651/828 668/657/934
f 661/650/828 664/653/935 663/652/829 662/651/828
f 666/17/831 669/17/936 668/17/934 663/17/829
f 685/674/849 677/666/937 680/669/938 686/675/850
f 679/668/844 681/670/846 684/673/939 680/669/845
f 683/672/940 687/676/851 686/675/850 684/673/941
f 700/689/858 689/678/853 692/681/854 701/690/859
f 691/680/854 693/682/942 696/685/942 692/681/854
f 695/684/856 697/686/856 699/688/855 696/685/855
f 698/687/943 702/691/860 701/690/859 699/688/944
f 711/700/945 703/692/861 706/695/864 712/701/946
f 705/694/863 707/696/828 710/699/828 706/695/864
f 709/698/827 713/702/933 712/701/946 710/699/828
f 727/716/853 715/704/868 718/707/871 728/717/854
f 717/706/870 719/708/947 722/711/948 718/707/871
f 721/710/949 723/712/856 726/715/855 722/711/855
f 725/714/942 729/718/854 728/717/854 726/715/942
f 744/733/888 748/737/891 747/736/890 745/734/954
f 639/628/808 626/615/955 629/618/955 637/626/806
f 628/617/956 623/612/792 625/614/794 629/618/957
f 624/613/793 631/620/800 630/619/799 625/614/794
f 652/641/821 655/644/958 658/647/959 653/642/822
f 657/646/825 651/640/820 650/639/819 658/647/826
f 645/634/814 654/643/823 653/642/822 646/635/815
f 660/649/827 670/659/960 672/661/961 661/650/828
f 671/660/836 673/662/838 676/665/841 672/661/837
f 675/664/962 665/654/963 664/653/964 676/665/964
f 678/667/843 674/663/839 673/662/838 679/668/844
f 670/659/835 682/671/847 681/670/846 671/660/836
f 690/679/853 688/677/852 687/676/851 691/680/854
f 682/671/856 694/683/856 693/682/855 683/672/855
f 669/658/834 698/687/965 697/686/965 667/656/832
f 694/683/856 660/649/827 659/648/827 695/684/856
f 731/720/875 735/724/879 737/726/881 732/721/876
f 736/725/966 708/697/827 707/696/828 737/726/967
f 704/693/862 733/722/968 732/721/964 705/694/863
f 739/728/883 730/719/853 729/718/854 740/729/884
f 724/713/856 743/732/856 742/731/855 725/714/855
f 708/697/827 724/713/856 723/712/856 709/698/827
f 720/709/873 714/703/867 713/702/866 721/710/874
f 734/723/878 749/738/892 748/737/891 731/720/875
f 743/732/887 736/725/880 735/724/879 744/733/888
f 631/620/800 690/679/853 689/678/853 632/621/801
f 702/691/860 635/624/969 634/623/803 700/689/858
f 730/719/853 645/634/814 644/633/813 727/716/853
f 641/630/810 716/705/869 715/704/868 642/631/811
f 749/738/892 656/645/970 655/644/971 746/735/889
f 654/643/823 739/728/883 738/727/882 652/641/821
f 627/616/796 678/667/843 677/666/842 628/617/797
f 688/677/852 624/613/793 623/612/792 685/674/849
f 626/615/795 615/608/788 614/607/787 627/616/796
f 613/606/786 675/664/840 674/663/839 614/607/787
f 656/645/972 622/611/791 621/610/790 657/646/972
f 733/722/877 620/609/789 622/611/791 734/723/878
f 617/655/921 666/655/922 665/654/963 616/769/918
f 618/770/923 704/693/862 703/692/973 619/692/924
f 752/741/974 753/771/975 754/772/976 750/739/976
f 756/743/895 759/746/898 758/745/897 757/744/896
f 763/773/977 764/748/978 766/750/979 762/774/979
f 767/751/980 770/754/903 772/756/905 768/752/981
f 776/760/909 777/775/982 778/692/983 773/757/906
f 782/764/913 784/766/984 783/765/985 779/761/910
f 755/742/986 754/772/987 753/771/975 756/743/895
f 751/740/988 760/747/899 759/746/898 752/741/974
f 775/759/908 765/749/989 764/748/978 776/760/909
f 781/763/912 771/755/904 770/754/903 782/764/913
f 769/753/856 785/767/916 784/766/915 767/751/855
f 765/749/990 769/753/990 768/752/990 766/750/990
f 785/767/916 775/759/908 774/758/907 786/768/917
f 771/755/904 751/740/988 750/739/991 772/756/905
f 760/747/899 781/763/912 780/762/911 761/705/900
f 714/703/992 774/758/993 773/757/994 711/700/995
f 761/705/996 641/630/997 640/629/998 758/745/999
f 779/761/1000 717/706/1 716/705/1 780/762/1
f 786/768/1 720/709/1 719/708/1000 783/765/1000
f 787/776/1001 789/777/1002 790/778/1003 788/779/1004
f 788/779/1004 778/692/1005 777/775/1006 787/776/1001
f 789/777/1002 763/773/1007 762/774/1008 790/778/1003
f 613/606/919 616/769/918 665/654/963 675/664/962
f 7/780/1009 18/781/1009 617/655/921 615/608/920
f 7/782/305 615/608/788 626/615/795 15/783/305
f 627/616/796 614/607/787 674/663/839 678/667/843
f 666/655/1010 617/655/1011 790/778/1012 762/774/1010
f 617/655/1011 18/781/305 27/781/305 790/778/1012
f 618/770/923 620/609/922 733/722/968 704/693/862
f 20/784/1009 22/785/1009 621/610/925 619/692/924
f 619/692/1013 703/692/1014 778/692/1014 788/779/1015
f 20/784/1 619/692/1013 788/779/1015 28/784/1
f 621/610/780 2/9/780 3/7/780 657/646/825
f 22/785/1009 8/786/1009 2/9/1009 621/610/925
f 622/611/791 656/645/970 749/738/892 734/723/878
f 628/617/956 677/666/937 685/674/849 623/612/792
f 637/626/930 629/618/957 625/614/794 630/619/799
f 631/620/800 624/613/793 688/677/852 690/679/853
f 626/615/780 639/628/780 58/47/780 42/31/780
f 15/783/305 626/615/795 42/31/19 24/269/305
f 633/622/802 636/625/805 638/627/931
f 632/621/801 689/678/853 700/689/858 634/623/803
f 635/624/305 702/691/305 772/756/305 750/739/305
f 639/628/1016 635/624/1017 750/739/1017 754/772/1018
f 58/47/1019 639/628/1016 754/772/1018 230/266/1019
f 643/632/812 647/636/816 649/638/818
f 727/716/853 644/633/813 642/631/811 715/704/868
f 716/705/1 641/630/997 761/705/996 780/762/1
f 640/629/998 648/637/927 757/744/926 758/745/999
f 658/647/959 650/639/819 646/635/815 653/642/822
f 654/643/823 645/634/814 730/719/853 739/728/883
f 651/640/928 78/67/315 245/268/316 755/742/929
f 651/640/820 657/646/825 102/91/72 78/67/51
f 657/646/825 3/7/780 4/5/317 102/91/72
f 667/656/933 697/686/856 695/684/856 659/648/827
f 662/651/828 663/652/829 668/657/934
f 661/650/828 672/661/961 676/665/935 664/653/935
f 670/659/960 660/649/827 694/683/856 682/671/856
f 669/658/1020 666/655/1021 762/774/1021 766/750/1022
f 666/655/1023 703/692/1023 778/692/1023 777/775/1023 763/773/1023 762/774/1023
f 698/687/305 669/658/1020 766/750/1022 768/752/305
f 679/668/844 673/662/838 671/660/836 681/670/846
f 680/669/938 684/673/941 686/675/850
f 691/680/854 687/676/851 683/672/940 693/682/942
f 692/681/854 696/685/942 699/688/944 701/690/859
f 702/691/305 698/687/305 768/752/305 772/756/305
f 703/692/1024 711/700/995 773/757/994 778/692/1024
f 706/695/864 710/699/828 712/701/946
f 737/726/967 707/696/828 705/694/863 732/721/935
f 708/697/827 736/725/966 743/732/856 724/713/856
f 709/698/827 723/712/856 721/710/949 713/702/933
f 714/703/992 720/709/1 786/768/1 774/758/993
f 718/707/871 722/711/948 726/715/942 728/717/854
f 719/708/1000 717/706/1 779/761/1000 783/765/1000
f 740/729/884 729/718/854 725/714/942 742/731/952
f 731/720/875 748/737/891 744/733/888 735/724/879
f 756/743/895 753/771/975 752/741/974 759/746/898
f 760/747/899 751/740/988 771/755/904 781/763/912
f 754/772/987 755/742/986 245/268/269 230/266/266
f 776/760/909 764/748/978 763/773/977 777/775/982
f 789/777/1002 787/776/1001 777/775/1006 763/773/1007
f 765/749/989 775/759/908 785/767/916 769/753/856
f 782/764/913 770/754/903 767/751/980 784/766/984
f 27/781/1009 28/784/1009 788/779/1004 790/778/1003
f 794/5/1 795/1/1 803/2/1 802/6/1
f 793/7/1 794/5/1 802/6/1 801/8/1
f 792/9/1 793/7/1 801/8/1 798/10/1
f 796/4/1 791/12/1 800/11/1 804/3/1
f 815/13/2 807/16/2 809/15/1025 816/14/1026
f 808/17/780 817/17/780 818/17/780 810/17/780
f 819/18/1027 822/21/1028 821/20/1029 820/19/1030
f 823/22/1031 826/25/1032 825/24/1033 824/23/1034
f 827/26/1035 830/29/1036 829/28/1037 828/27/1038
f 831/30/1039 834/33/1040 833/32/1041 832/31/1042
f 835/34/1043 838/37/1044 837/36/1045 836/35/1046
f 839/38/1047 842/41/1048 841/40/1049 840/39/1050
f 843/42/1051 846/45/1052 845/44/1053 844/43/1054
f 847/46/1055 849/48/1056 848/47/1057
f 850/49/1058 852/51/1058 851/50/1058
f 853/52/1059 856/55/1060 855/54/1061 854/53/1062
f 857/56/1063 860/59/1064 859/58/1065 858/57/1066
f 861/60/1067 864/63/1068 863/62/1069 862/61/1070
f 865/64/1071 867/66/1071 866/65/1071
f 868/67/1072 870/69/1073 869/68/1074
f 871/70/1075 874/73/1075 873/72/1076 872/71/1076
f 875/74/1077 878/77/1078 877/76/1079 876/75/1080
f 879/78/1081 882/81/1082 881/80/1083 880/79/1081
f 883/82/1084 886/85/1085 885/84/1086 884/83/1087
f 887/86/1088 890/89/1089 889/88/1090 888/87/1091
f 891/90/1092 894/93/1093 893/92/1094 892/91/1095
f 895/94/1096 898/97/1097 897/96/1098 896/95/1099
f 899/98/1100 902/101/1101 901/100/1102 900/99/1103
f 903/102/1104 906/105/1105 905/104/1106 904/103/1107
f 907/106/1108 910/109/1109 909/108/1110 908/107/1111
f 911/110/1112 914/113/1113 913/112/1114 912/111/1115
f 915/114/1116 918/117/1117 917/116/1118 916/115/1119
f 919/118/1120 922/121/1121 921/120/1122 920/119/1123
f 923/122/1124 926/125/1125 925/124/1126 924/123/1127
f 927/126/1128 930/129/1129 929/128/1130 928/127/1131
f 931/130/1132 934/133/1133 933/132/1134 932/131/1135
f 935/134/1136 938/137/1136 937/136/1137 936/135/1137
f 939/138/1138 941/140/1138 940/139/1138
f 942/141/1139 944/143/1140 943/142/1141
f 945/144/1142 948/147/1143 947/146/1143 946/145/1142
f 949/148/1144 952/151/1145 951/150/1146 950/149/1147
f 953/152/1148 956/155/1149 955/154/1149 954/153/1148
f 957/156/1150 960/159/1150 959/158/1151 958/157/1151
f 961/160/1152 963/162/1153 962/161/1154
f 964/163/1155 966/165/1155 965/164/1155
f 967/166/1137 970/169/1136 969/168/1136 968/167/1137
f 971/170/1142 974/173/1142 973/172/1143 972/171/1143
f 975/174/1156 978/177/1157 977/176/1158 976/175/1159
f 979/178/1149 982/181/1149 981/180/1148 980/179/1148
f 983/182/1160 986/185/1161 985/184/1162 984/183/1163
f 987/186/1164 990/189/1165 989/188/1166 988/187/1167
f 991/190/1150 994/193/1151 993/192/1151 992/191/1150
f 995/194/1168 998/197/1169 997/196/1170 996/195/1171
f 999/198/1172 1002/201/1173 1001/200/1174 1000/199/1175
f 1003/202/1176 1006/205/1177 1005/204/1178 1004/203/1179
f 1007/206/1180 1010/209/1181 1009/208/1182 1008/207/1183
f 1011/210/1184 1014/213/1185 1013/212/1186 1012/211/1187
f 1015/214/1188 1018/217/1189 1017/216/1190 1016/215/1191
f 1021/218/1192 1023/51/1192 1022/219/1192
f 1024/220/1193 1027/223/1194 1026/222/1195 1025/221/1196
f 1028/224/1197 1030/226/1198 1029/225/1199
f 1031/227/1200 1033/229/1200 1032/228/1200
f 1036/230/1201 1038/232/1202 1037/231/1203
f 1039/233/1204 1042/236/1205 1041/235/1206 1040/234/1207
f 1043/237/1208 1045/239/1208 1044/238/1208
f 1046/240/1209 1048/242/1209 1047/241/1209
f 1049/243/1210 1051/245/1210 1050/244/1210
f 1052/246/1211 1055/249/1212 1054/248/1213 1053/247/1214
f 1056/250/1215 1059/253/1216 1058/252/1217 1057/251/1218
f 1060/254/1219 1062/256/1219 1061/255/1219
f 1063/257/1220 1066/260/1221 1065/259/1222 1064/258/1223
f 1067/261/1224 1070/264/1225 1069/263/1226 1068/262/1227
f 827/26/1035 828/27/1038 822/21/1028 819/18/1027
f 821/20/1029 822/21/1028 826/25/1032 823/22/1031
f 825/24/1033 826/25/1032 828/27/1038 829/28/1037
f 839/38/1047 840/39/1050 834/33/1040 831/30/1039
f 833/32/1041 834/33/1040 838/37/1044 835/34/1043
f 837/36/1045 838/37/1044 840/39/1050 841/40/1049
f 850/49/1228 851/50/1229 846/45/1052 843/42/1051
f 845/44/1053 846/45/1052 849/48/1056 847/46/1055
f 848/47/1057 849/48/1056 851/50/1229 852/51/1230
f 861/60/1067 862/61/1070 856/55/1060 853/52/1059
f 855/54/1061 856/55/1060 860/59/1064 857/56/1063
f 859/58/1065 860/59/1064 862/61/1070 863/62/1069
f 871/70/1075 872/71/1076 867/66/1231 865/64/1232
f 866/65/1233 867/66/1231 870/69/1073 868/67/1072
f 869/68/1074 870/69/1073 872/71/1076 873/72/1076
f 883/82/1084 884/83/1087 878/77/1078 875/74/1077
f 877/76/1079 878/77/1078 882/81/1082 879/78/1081
f 881/80/1083 882/81/1082 884/83/1087 885/84/1086
f 895/94/1096 896/95/1099 890/89/1089 887/86/1088
f 889/88/1090 890/89/1089 894/93/1093 891/90/1092
f 893/92/1094 894/93/1093 896/95/1099 897/96/1098
f 907/106/1108 908/107/1111 902/101/1101 899/98/1100
f 901/100/1102 902/101/1101 906/105/1105 903/102/1104
f 905/104/1106 906/105/1105 908/107/1111 909/108/1110
f 919/118/1120 920/119/1123 914/113/1113 911/110/1112
f 913/112/1114 914/113/1113 918/117/1117 915/114/1116
f 917/116/1118 918/117/1117 920/119/1123 921/120/1122
f 931/130/1132 932/131/1135 926/125/1125 923/122/1124
f 925/124/1126 926/125/1125 930/129/1129 927/126/1128
f 929/128/1130 930/129/1129 932/131/1135 933/132/1134
f 945/144/1142 946/145/1142 938/137/1136 935/134/1136
f 937/136/1137 938/137/1136 941/140/1234 939/138/1235
f 940/139/1236 941/140/1236 944/143/1236 942/141/1236
f 943/142/1237 944/143/1238 946/145/1142 947/146/1143
f 963/162/1239 961/160/1239 952/151/1145 949/148/1144
f 951/150/1146 952/151/1145 956/155/1149 953/152/1148
f 955/154/1149 956/155/1149 960/159/1150 957/156/1150
f 959/158/1151 960/159/1150 961/160/1240 962/161/1241
f 975/174/1156 976/175/1159 966/165/1242 964/163/1242
f 965/164/1243 966/165/1244 970/169/1136 967/166/1137
f 969/168/1136 970/169/1136 974/173/1142 971/170/1142
f 973/172/1143 974/173/1142 976/175/1245 977/176/1246
f 991/190/1150 992/191/1150 982/181/1149 979/178/1149
f 981/180/1148 982/181/1149 986/185/1161 983/182/1160
f 985/184/1162 986/185/1161 990/189/1165 987/186/1164
f 989/188/1247 990/189/1248 992/191/1150 993/192/1151
f 1003/202/1176 1004/203/1179 998/197/1169 995/194/1168
f 997/196/1170 998/197/1169 1002/201/1173 999/198/1172
f 1001/200/1174 1002/201/1173 1004/203/1179 1005/204/1178
f 1015/214/1188 1016/215/1191 1010/209/1181 1007/206/1180
f 1009/208/1182 1010/209/1181 1014/213/1185 1011/210/1184
f 1013/212/1186 1014/213/1185 1016/215/1191 1017/216/1190
f 830/29/1036 827/26/1035 831/30/1039 832/31/1042
f 842/41/1048 839/38/1047 819/18/1027 820/19/1030
f 844/43/1054 845/44/1053 835/34/1043 836/35/1249
f 832/31/1042 833/32/1041 847/46/1055 848/47/1057
f 864/63/1068 861/60/1067 829/28/1037 830/29/1250
f 824/23/1251 825/24/1033 853/52/1059 854/53/1062
f 980/179/1148 981/180/1148 879/78/1081 880/79/1081
f 876/75/1080 877/76/1079 983/182/1160 984/183/1163
f 888/87/1252 889/88/1090 873/72/1076 874/73/1075
f 868/67/1072 869/68/1074 891/90/1092 892/91/1095
f 910/109/1109 907/106/1108 885/84/1086 886/85/1085
f 880/79/1081 881/80/1083 899/98/1100 900/99/1253
f 854/53/1062 855/54/1061 953/152/1148 954/153/1148
f 950/149/1147 951/150/1146 857/56/1063 858/57/1066
f 892/91/1095 893/92/1094 909/108/1110 910/109/1109
f 904/103/1107 905/104/1106 897/96/1098 898/97/1097
f 912/111/1115 913/112/1114 923/122/1124 924/123/1127
f 934/133/1133 931/130/1132 915/114/1116 916/115/1119
f 948/147/1143 945/144/1142 933/132/1254 934/133/1255
f 928/127/1256 929/128/1257 935/134/1136 936/135/1137
f 954/153/1148 955/154/1149 921/120/1258 922/121/1259
f 916/115/1260 917/116/1261 957/156/1150 958/157/1151
f 942/141/1139 943/142/1141 962/161/1154 963/162/1153
f 958/157/1151 959/158/1151 947/146/1143 948/147/1143
f 1006/205/1255 1003/202/1262 971/170/1142 972/171/1143
f 968/167/1137 969/168/1136 995/194/1263 996/195/1256
f 1008/207/1259 1009/208/1264 979/178/1149 980/179/1148
f 994/193/1151 991/190/1150 1011/210/1265 1012/211/1266
f 972/171/1143 973/172/1143 993/192/1151 994/193/1151
f 988/187/1167 989/188/1166 977/176/1158 978/177/1157
f 1000/199/1175 1001/200/1174 1017/216/1190 1018/217/1189
f 1012/211/1187 1013/212/1186 1005/204/1178 1006/205/1177
f 852/51/1267 850/49/1228 939/138/1235 940/139/1267
f 936/135/1137 937/136/1137 843/42/1051 844/43/1054
f 924/123/1127 925/124/1126 841/40/1049 842/41/1048
f 836/35/1046 837/36/1045 927/126/1128 928/127/1131
f 922/121/1121 919/118/1120 823/22/1031 824/23/1034
f 820/19/1030 821/20/1029 911/110/1112 912/111/1115
f 898/97/1097 895/94/1096 999/198/1172 1000/199/1175
f 996/195/1171 997/196/1170 887/86/1088 888/87/1091
f 964/163/1268 965/164/1243 865/64/1232 866/65/1268
f 874/73/1075 871/70/1075 967/166/1137 968/167/1137
f 900/99/1103 901/100/1102 1007/206/1180 1008/207/1183
f 1018/217/1189 1015/214/1188 903/102/1104 904/103/1107
f 1027/223/1269 1024/220/1270 858/57/1271 859/58/1272
f 949/148/1273 950/149/1274 1052/246/1275 1053/247/1276
f 1039/233/1277 1040/234/1278 875/74/1279 876/75/1280
f 1038/232/1281 1036/230/1282 886/85/1283 883/82/1284
f 1019/265/1285 1020/266/1286 1023/51/1287 1021/218/1288
f 1026/222/1195 1027/223/1194 1028/224/1197 1029/225/1199
f 1033/229/1289 1031/227/1290 1035/268/1291 1034/267/1292
f 1037/231/1203 1038/232/1202 1040/234/1207 1041/235/1206
f 1045/239/1293 1043/237/1293 1048/242/1293 1046/240/1293
f 1049/243/1294 1050/244/1294 1053/247/1214 1054/248/1213
f 1059/253/1216 1056/250/1215 1062/256/1295 1060/254/1295
f 1066/260/1221 1063/257/1220 1067/261/1224 1068/262/1227
f 1032/228/1296 1033/229/1289 1021/218/1288 1022/219/1297
f 1020/266/1286 1019/265/1285 1034/267/1292 1035/268/1291
f 1036/230/1201 1037/231/1203 1029/225/1199 1030/226/1198
f 1025/221/1196 1026/222/1195 1041/235/1206 1042/236/1205
f 1042/236/1205 1039/233/1204 1064/258/1223 1065/259/1222
f 1055/249/1212 1052/246/1211 1024/220/1193 1025/221/1196
f 1058/252/1298 1059/253/1299 1046/240/1300 1047/241/1298
f 1044/238/1301 1045/239/1302 1060/254/1303 1061/255/1304
f 1065/259/1222 1066/260/1221 1054/248/1213 1055/249/1212
f 1051/245/1305 1049/243/1306 1068/262/1307 1069/263/1305
f 1047/241/1308 1048/242/1308 1050/244/1308 1051/245/1308
f 1069/263/1226 1070/264/1225 1057/251/1218 1058/252/1217
f 1022/219/1297 1023/51/1309 1043/237/1309 1044/238/1301
f 1061/255/1304 1062/256/1310 1031/227/1310 1032/228/1296
f 984/183/1311 985/184/1312 1063/257/1313 1064/258/1314
f 1070/264/1315 1067/261/1316 987/186/1317 988/187/1318
f 1056/250/1319 1057/251/1320 978/177/1321 975/174/1322
f 863/62/1323 864/63/1324 1030/226/1325 1028/224/1326
f 827/26/1035 819/18/1027 839/38/1047 831/30/1039
f 822/21/1028 828/27/1038 826/25/1032
f 820/19/1030 912/111/1115 924/123/1127 842/41/1048
f 919/118/1120 911/110/1112 821/20/1029 823/22/1031
f 861/60/1067 853/52/1059 825/24/1033 829/28/1037
f 854/53/1062 954/153/1148 922/121/1259 824/23/1251
f 814/269/305 813/270/305 830/29/1036 832/31/1042
f 834/33/1040 840/39/1050 838/37/1044
f 845/44/1053 847/46/1055 833/32/1041 835/34/1043
f 836/35/1249 928/127/1256 936/135/1137 844/43/1054
f 925/124/1126 927/126/1128 837/36/1045 841/40/1049
f 850/49/1228 843/42/1051 937/136/1137 939/138/1235
f 846/45/1052 851/50/1229 849/48/1056
f 852/51/1327 1023/51/1328 1020/266/1329 848/47/1329
f 940/139/1330 1043/237/1331 1023/51/1328 852/51/1327
f 856/55/1060 862/61/1070 860/59/1064
f 855/54/1061 857/56/1063 951/150/1146 953/152/1148
f 858/57/1271 1024/220/1270 1052/246/1275 950/149/1274
f 863/62/1323 1028/224/1326 1027/223/1269 859/58/1272
f 965/164/1243 967/166/1137 871/70/1075 865/64/1232
f 867/66/1231 872/71/1076 870/69/1073
f 866/65/1332 1031/227/1333 1062/256/1334 964/163/1335
f 868/67/1336 1035/268/1337 1031/227/1333 866/65/1332
f 889/88/1090 891/90/1092 869/68/1074 873/72/1076
f 874/73/1075 968/167/1137 996/195/1256 888/87/1252
f 875/74/1279 1040/234/1278 1038/232/1281 883/82/1284
f 878/77/1078 884/83/1087 882/81/1082
f 981/180/1148 983/182/1160 877/76/1079 879/78/1081
f 984/183/1311 1064/258/1314 1039/233/1277 876/75/1280
f 900/99/1253 1008/207/1259 980/179/1148 880/79/1081
f 907/106/1108 899/98/1100 881/80/1083 885/84/1086
f 895/94/1096 887/86/1088 997/196/1170 999/198/1172
f 890/89/1089 896/95/1099 894/93/1093
f 893/92/1094 897/96/1098 905/104/1106 909/108/1110
f 892/91/1095 910/109/1109 795/1/1338 794/5/1339
f 902/101/1101 908/107/1111 906/105/1105
f 901/100/1102 903/102/1104 1015/214/1188 1007/206/1180
f 914/113/1113 920/119/1123 918/117/1117
f 913/112/1114 915/114/1116 931/130/1132 923/122/1124
f 934/133/1255 916/115/1260 958/157/1151 948/147/1143
f 955/154/1149 957/156/1150 917/116/1261 921/120/1258
f 926/125/1125 932/131/1135 930/129/1129
f 945/144/1142 935/134/1136 929/128/1257 933/132/1254
f 938/137/1136 946/145/1142 944/143/1238 941/140/1234
f 942/141/1340 1048/242/1341 1043/237/1331 940/139/1330
f 943/142/1237 947/146/1143 959/158/1151 962/161/1241
f 963/162/1342 1050/244/1343 1048/242/1341 942/141/1340
f 949/148/1273 1053/247/1276 1050/244/1343 963/162/1342
f 952/151/1145 961/160/1240 960/159/1150 956/155/1149
f 964/163/1335 1062/256/1334 1056/250/1319 975/174/1322
f 966/165/1244 976/175/1245 974/173/1142 970/169/1136
f 1003/202/1262 995/194/1263 969/168/1136 971/170/1142
f 972/171/1143 994/193/1151 1012/211/1266 1006/205/1255
f 973/172/1143 977/176/1246 989/188/1247 993/192/1151
f 978/177/1321 1057/251/1320 1070/264/1315 988/187/1318
f 1009/208/1264 1011/210/1265 991/190/1150 979/178/1149
f 982/181/1149 992/191/1150 990/189/1248 986/185/1161
f 987/186/1317 1067/261/1316 1063/257/1313 985/184/1312
f 998/197/1169 1004/203/1179 1002/201/1173
f 1001/200/1174 1005/204/1178 1013/212/1186 1017/216/1190
f 1010/209/1181 1016/215/1191 1014/213/1185
f 1033/229/1289 1034/267/1292 1019/265/1285 1021/218/1288
f 1022/219/1297 1044/238/1301 1061/255/1304 1032/228/1296
f 1037/231/1203 1041/235/1206 1026/222/1195 1029/225/1199
f 1042/236/1205 1065/259/1222 1055/249/1212 1025/221/1196
f 1059/253/1299 1060/254/1303 1045/239/1302 1046/240/1300
f 1047/241/1298 1051/245/1305 1069/263/1305 1058/252/1298
f 1066/260/1221 1068/262/1307 1049/243/1306 1054/248/1213
f 1071/271/1344 1073/273/1345 1072/272/1346
f 1074/274/1347 1077/277/1348 1076/276/1349 1075/275/1350
f 1078/278/1351 1081/281/1351 1080/280/1352 1079/279/1352
f 1082/282/1353 1084/284/1354 1083/283/1355
f 1085/285/1356 1087/287/1357 1086/286/1358
f 1088/288/1351 1091/291/1351 1090/290/1352 1089/289/1352
f 1092/292/1359 1094/294/1360 1093/293/1361
f 1095/295/1362 1098/298/1363 1097/297/1364 1096/296/1362
f 1099/299/1365 1102/302/1366 1101/301/1367 1100/300/1368
f 1103/303/1369 1106/306/1370 1105/305/1371 1104/304/1372
f 1107/307/1373 1110/310/1374 1109/309/1375 1108/308/1376
f 1111/311/1377 1113/313/1378 1112/312/1379
f 1114/314/1380 1117/317/1381 1116/316/1382 1115/315/1383
f 1118/318/1384 1121/321/1385 1120/320/1386 1119/319/1387
f 1122/322/1388 1125/325/1389 1124/324/1390 1123/323/1391
f 1126/326/1392 1129/329/1393 1128/328/1394 1127/327/1395
f 1130/330/1396 1133/333/1397 1132/332/1398 1131/331/1399
f 1134/334/1400 1137/337/1401 1136/336/1401 1135/335/1400
f 1138/338/1402 1141/341/1402 1140/340/1403 1139/339/1403
f 1142/342/1404 1145/345/1405 1144/344/1406 1143/343/1407
f 1146/346/1408 1149/349/1409 1148/348/1410 1147/347/1411
f 1154/354/1416 1156/356/1417 1155/355/1418
f 1157/357/1419 1160/360/1420 1159/359/1421 1158/358/1422
f 1161/361/1423 1164/364/1424 1163/363/1425 1162/362/1426
f 1165/365/1427 1167/367/1428 1166/366/1429
f 1168/368/1430 1171/371/1431 1170/370/1431 1169/369/1432
f 1172/372/1433 1175/375/1434 1174/374/1435 1173/373/1435
f 1176/376/1436 1179/379/1437 1178/378/1438 1177/377/1439
f 1180/380/1440 1183/383/1441 1182/382/1442 1181/381/1443
f 1184/384/1444 1186/386/1445 1185/385/1446
f 1187/387/1447 1190/390/1447 1189/389/1448 1188/388/1449
f 1191/391/1450 1194/394/1451 1193/393/1452 1192/392/1453
f 1195/395/1454 1199/399/1455 1198/398/1456 1197/397/1457 1196/396/1458
f 1200/400/1459 1203/403/1460 1202/402/1461 1201/401/1462
f 1204/404/1463 1206/406/1464 1205/405/1465
f 1207/407/1466 1210/410/1467 1209/409/1468 1208/408/1469
f 1211/411/1470 1215/415/1471 1214/414/1472 1213/413/1473 1212/412/1474
f 1216/416/1475 1219/419/1476 1218/418/1477 1217/417/1478
f 1220/420/1479 1223/423/1480 1222/422/1481 1221/421/1482
f 1224/424/1483 1227/427/1484 1226/426/1485 1225/425/1486
f 1228/428/1487 1231/431/1488 1230/430/1489 1229/429/1490
f 1232/432/1491 1235/435/1492 1234/434/1492 1233/433/1493
f 1236/436/1494 1239/439/1495 1238/438/1496 1237/437/1497
f 1240/440/1498 1243/443/1499 1242/442/1500 1241/441/1501
f 1244/444/1502 1247/447/1503 1246/446/1504 1245/445/1505
f 1248/448/1506 1251/451/1507 1250/450/1508 1249/449/1509
f 1252/452/1510 1256/456/1511 1255/455/1512 1254/454/1513 1253/453/1514
f 1257/457/1515 1261/461/1516 1260/460/1517 1259/459/1518 1258/458/1519
f 1262/462/1520 1265/465/1521 1264/464/1522 1263/463/1523
f 1266/466/1524 1269/469/1525 1268/468/1526 1267/467/1527
f 1270/470/1528 1273/473/1529 1272/472/1530 1271/471/1531
f 1274/474/1532 1277/477/1532 1276/476/1533 1275/475/1534
f 1278/478/1535 1281/481/1536 1280/480/1537 1279/479/1538
f 1282/482/1539 1285/485/1540 1284/484/1541 1283/483/1542
f 1286/486/1543 1289/489/1544 1288/488/1545 1287/487/1546
f 1290/490/1547 1293/493/1548 1292/492/1549 1291/491/1550
f 1294/494/1551 1297/497/1552 1296/496/1553 1295/495/1554
f 1298/498/1555 1302/502/1556 1301/501/1557 1300/500/1558 1299/499/1559
f 1303/503/1560 1306/506/1561 1305/505/1562 1304/504/1563
f 1307/507/1564 1310/510/1565 1309/509/1566 1308/508/1567
f 1311/511/1568 1315/515/1569 1314/514/1570 1313/513/1571 1312/512/1572
f 1316/516/1573 1319/519/1574 1318/518/1575 1317/517/1576
f 1320/520/1577 1322/522/1578 1321/521/1579
f 1323/523/2 1325/525/2 1324/524/2
f 1326/526/1580 1329/529/1581 1328/528/1582 1327/527/1583
f 1330/530/1584 1332/532/1585 1331/531/1586
f 1333/533/1587 1336/536/1588 1335/535/1589 1334/534/1590
f 1337/537/1591 1340/540/1592 1339/539/1593 1338/538/1594
f 1347/541/1595 1350/544/1596 1349/543/1597 1348/542/1595
f 1351/545/1598 1354/548/1599 1353/547/1599 1352/546/1600
f 1355/549/1601 1357/377/1602 1356/550/1603
f 1358/551/1604 1361/554/1605 1360/553/1606 1359/552/1607
f 1362/555/1608 1365/558/1609 1364/557/1610 1363/556/1611
f 1366/559/1612 1369/562/1613 1368/561/1614 1367/560/1615
f 1370/563/1616 1373/566/1617 1372/565/1618 1371/564/1619
f 1374/567/1620 1377/570/1621 1376/569/1622 1375/568/1623
f 1378/571/1624 1381/574/1625 1380/573/1626 1379/572/1627
f 1382/575/1628 1385/578/1629 1384/577/1630 1383/576/1631
f 1386/579/1632 1389/582/1633 1388/581/1634 1387/580/1635
f 1392/583/1636 1394/585/1637 1393/584/1638
f 1395/586/1639 1397/588/2 1396/587/1640
f 1398/589/1641 1400/591/1642 1399/590/1643
f 1325/525/2 1323/523/2 1081/281/1351 1078/278/1351
f 1080/280/1352 1081/281/1351 1083/283/1355 1084/284/1354
f 1392/583/1636 1393/584/1638 1086/286/1358 1087/287/1357
f 1085/285/1356 1086/286/1358 1088/288/1351 1089/289/1352
f 1111/311/1377 1112/312/1379 1102/302/1366 1099/299/1365
f 1101/301/1367 1102/302/1366 1106/306/1370 1103/303/1369
f 1105/305/1371 1106/306/1370 1110/310/1374 1107/307/1373
f 1109/309/1375 1110/310/1374 1112/312/1379 1113/313/1378
f 1122/322/1388 1123/323/1391 1117/317/1381 1114/314/1380
f 1116/316/1382 1117/317/1381 1121/321/1385 1118/318/1384
f 1120/320/1386 1121/321/1385 1123/323/1391 1124/324/1390
f 1138/338/1402 1139/339/1403 1129/329/1393 1126/326/1392
f 1128/328/1394 1129/329/1393 1133/333/1397 1130/330/1396
f 1132/332/1398 1133/333/1397 1137/337/1401 1134/334/1400
f 1136/336/1401 1137/337/1401 1139/339/1403 1140/340/1403
f 1150/350/1412 1151/351/1415 1145/345/1405 1142/342/1404
f 1144/344/1406 1145/345/1405 1149/349/1409 1146/346/1408
f 1148/348/1410 1149/349/1409 1151/351/1415 1152/352/1414
f 1077/277/1348 1074/274/1347 1073/273/1345 1071/271/1344
f 1072/272/1644 1073/273/1645 1078/278/1351 1079/279/1352
f 1092/292/1359 1093/293/1361 1095/295/1646 1096/296/1647
f 1090/290/1352 1091/291/1351 1093/293/1648 1094/294/1649
f 1100/300/1368 1101/301/1367 1114/314/1650 1115/315/1651
f 1125/325/1652 1122/322/1653 1103/303/1369 1104/304/1372
f 1239/439/1654 1236/436/1655 1362/555/1656 1363/556/1657
f 1143/343/1402 1144/344/1403 1140/340/1403 1141/341/1402
f 1135/335/1400 1136/336/1401 1146/346/1401 1147/347/1400
f 1079/279/1352 1080/280/1352 1099/299/1365 1100/300/1368
f 1113/313/1378 1111/311/1377 1084/284/1354 1082/282/1353
f 1141/341/1402 1138/338/1402 1089/289/1352 1090/290/1352
f 1087/17/1357 1085/17/1356 1126/17/1392 1127/17/1395
f 1094/294/1360 1092/292/1359 1142/342/1404 1143/343/1407
f 1153/353/1413 1150/350/1412 1096/296/1647 1097/297/1658
f 1115/315/1383 1116/316/1382 1071/271/1344 1072/272/1346
f 1076/276/1349 1077/277/1348 1118/318/1384 1119/319/1387
f 1370/563/1659 1371/564/1660 1256/456/1661 1252/452/1662
f 1248/448/1663 1249/449/1664 1369/562/1665 1366/559/1666
f 1168/368/1430 1169/369/1432 1164/364/1424 1161/361/1423
f 1163/363/1667 1164/364/1668 1167/367/1428 1165/365/1427
f 1166/366/1429 1167/367/1428 1169/369/1669 1170/370/1669
f 1180/380/1440 1181/381/1443 1175/375/1434 1172/372/1433
f 1174/374/1670 1175/375/1670 1179/379/1670 1176/376/1670
f 1178/378/1438 1179/379/1437 1181/381/1671 1182/382/1672
f 1200/400/1459 1201/401/1462 1194/394/1451 1191/391/1450
f 1193/393/1673 1194/394/1674 1199/399/1455 1195/395/1454
f 1198/398/1456 1199/399/1455 1201/401/1675 1202/402/1676
f 1220/420/1479 1221/421/1482 1215/415/1471 1211/411/1470
f 1214/414/1472 1215/415/1471 1219/419/1476 1216/416/1475
f 1218/418/1477 1219/419/1476 1221/421/1482 1222/422/1481
f 1240/440/1498 1241/441/1501 1227/427/1484 1224/424/1483
f 1226/426/1485 1227/427/1484 1231/431/1488 1228/428/1487
f 1230/430/1489 1231/431/1488 1235/435/1677 1232/432/1678
f 1234/434/1679 1235/435/1679 1238/438/1496 1239/439/1495
f 1237/437/1680 1238/438/1681 1241/441/1501 1242/442/1500
f 1254/454/1513 1255/455/1512 1247/447/1503 1244/444/1502
f 1246/446/1504 1247/447/1503 1250/450/1682 1251/451/1683
f 1249/449/1509 1250/450/1508 1255/455/1512 1256/456/1511
f 1266/466/1524 1267/467/1527 1261/461/1516 1257/457/1515
f 1260/460/1684 1261/461/1684 1265/465/1521 1262/462/1520
f 1264/464/1685 1265/465/1686 1267/467/1527 1268/468/1526
f 1286/486/1543 1287/487/1546 1273/473/1529 1270/470/1687
f 1272/472/1530 1273/473/1529 1277/477/1688 1274/474/1689
f 1276/476/1690 1277/477/1688 1281/481/1536 1278/478/1535
f 1280/480/1537 1281/481/1536 1285/485/1540 1282/482/1539
f 1284/484/1541 1285/485/1540 1287/487/1546 1288/488/1545
f 1298/498/1555 1299/499/1559 1293/493/1548 1290/490/1547
f 1292/492/1549 1293/493/1548 1297/497/1552 1294/494/1551
f 1296/496/1553 1297/497/1552 1299/499/1559 1300/500/1558
f 1311/511/1568 1312/512/1572 1306/506/1691 1303/503/1692
f 1305/505/1562 1306/506/1561 1310/510/1565 1307/507/1564
f 1309/509/1566 1310/510/1693 1312/512/1572 1313/513/1571
f 1162/362/1426 1163/363/1425 1156/356/1417 1154/354/1416
f 1155/355/1418 1156/356/1417 1160/360/1694 1157/357/1694
f 1159/359/1695 1160/360/1696 1165/365/1427 1166/366/1429
f 1187/387/1697 1188/388/1698 1186/386/1445 1184/384/1444
f 1185/385/1446 1186/386/1445 1182/382/1442 1183/383/1441
f 1177/377/1439 1178/378/1438 1188/388/1449 1189/389/1448
f 1253/453/1514 1254/454/1513 1211/411/1470 1212/412/1474
f 1223/423/1480 1220/420/1479 1244/444/1502 1245/445/1505
f 1217/417/1478 1218/418/1477 1224/424/1483 1225/425/1486
f 1243/443/1499 1240/440/1498 1222/422/1481 1223/423/1480
f 1236/436/1494 1237/437/1497 1251/451/1507 1248/448/1506
f 1245/445/1505 1246/446/1504 1242/442/1500 1243/443/1499
f 1302/502/1556 1298/498/1555 1257/457/1515 1258/458/1519
f 1269/469/1525 1266/466/1524 1290/490/1547 1291/491/1550
f 1263/463/1523 1264/464/1522 1270/470/1528 1271/471/1531
f 1289/489/1544 1286/486/1543 1268/468/1526 1269/469/1525
f 1283/483/1542 1284/484/1541 1294/494/1551 1295/495/1554
f 1291/491/1550 1292/492/1549 1288/488/1545 1289/489/1544
f 1192/392/1453 1193/393/1452 1206/406/1464 1204/404/1463
f 1205/405/1699 1206/406/1700 1210/410/1467 1207/407/1466
f 1209/409/1468 1210/410/1467 1195/395/1454 1196/396/1458
f 1213/413/1473 1214/414/1472 1207/407/1701 1208/408/1702
f 1204/404/1463 1205/405/1465 1216/416/1475 1217/417/1478
f 1203/403/1460 1200/400/1459 1228/428/1487 1229/429/1490
f 1225/425/1486 1226/426/1485 1191/391/1450 1192/392/1453
f 1357/377/1703 1355/549/1704 1176/376/1705 1177/377/1706
f 1173/373/1707 1174/374/1708 1354/548/1709 1351/545/1710
f 1315/515/1569 1311/511/1568 1319/519/1574 1316/516/1573
f 1318/518/1575 1319/519/1574 1322/522/1711 1320/520/1712
f 1321/521/1579 1322/522/1578 1303/503/1560 1304/504/1563
f 1317/517/1713 1318/518/1714 1300/500/1558 1301/501/1557
f 1295/495/1554 1296/496/1553 1320/520/1577 1321/521/1579
f 1279/479/1538 1280/480/1537 1307/507/1564 1308/508/1567
f 1304/504/1563 1305/505/1562 1282/482/1539 1283/483/1542
f 1154/354/1416 1155/355/1418 1202/402/1461 1203/403/1460
f 1197/397/1457 1198/398/1456 1157/357/1419 1158/358/1422
f 1308/508/1567 1309/509/1566 1184/384/1444 1185/385/1446
f 1190/390/1715 1187/387/1716 1313/513/1571 1314/514/1570
f 1171/371/1717 1168/368/1717 1232/432/1491 1233/433/1493
f 1229/429/1490 1230/430/1489 1161/361/1423 1162/362/1426
f 1183/383/1441 1180/380/1440 1278/478/1535 1279/479/1538
f 1275/475/1534 1276/476/1533 1172/372/1718 1173/373/1718
f 1158/358/1422 1159/359/1421 1075/275/1350 1076/276/1349
f 1196/396/1458 1197/397/1457 1119/319/1387 1120/320/1386
f 1097/297/1364 1098/298/1363 1189/389/1719 1190/390/1719
f 1152/352/1414 1153/353/1413 1314/514/1570 1315/515/1569
f 1208/408/1469 1209/409/1468 1124/324/1390 1125/325/1389
f 1212/412/1474 1213/413/1473 1104/304/1720 1105/305/1721
f 1252/452/1510 1253/453/1514 1107/307/1722 1108/308/1723
f 1258/458/1519 1259/459/1518 1131/331/1399 1132/332/1398
f 1301/501/1557 1302/502/1556 1134/334/1400 1135/335/1400
f 1316/516/1573 1317/517/1576 1147/347/1411 1148/348/1410
f 1324/524/2 1325/525/2 1074/274/2 1075/275/2
f 1391/592/2 1390/593/2 1323/523/2 1324/524/2
f 1329/529/1581 1326/526/1580 1332/532/1724 1330/530/1724
f 1336/536/1588 1333/533/1587 1337/537/1591 1338/538/1594
f 1335/535/1589 1336/536/1725 1330/530/1584 1331/531/1586
f 1328/528/1582 1329/529/1581 1338/538/1726 1339/539/1593
f 1331/531/1586 1332/532/1585 1342/595/1727 1341/594/1728
f 1344/596/1729 1343/597/1730 1334/534/1590 1335/535/1589
f 1346/598/1731 1345/366/1732 1347/541/1733 1348/542/1734
f 1353/547/1735 1354/548/1736 1355/549/1601 1356/550/1603
f 1361/554/1605 1358/551/1604 1363/556/1611 1364/557/1610
f 1368/561/1614 1369/562/1613 1371/564/1619 1372/565/1618
f 1377/570/1621 1374/567/1620 1378/571/1624 1379/572/1627
f 1385/578/1629 1382/575/1628 1386/579/1632 1387/580/1635
f 1352/546/1737 1353/547/1738 1348/542/1738 1349/543/1739
f 1345/366/1732 1346/598/1731 1356/550/1603 1357/377/1602
f 1365/558/1609 1362/555/1608 1366/559/1612 1367/560/1615
f 1380/573/1626 1381/574/1625 1383/576/1631 1384/577/1630
f 1376/569/1622 1377/570/1621 1372/565/1618 1373/566/1617
f 1367/560/1615 1368/561/1614 1379/572/1627 1380/573/1626
f 1360/553/1606 1361/554/1605 1387/580/1635 1388/581/1634
f 1384/577/1630 1385/578/1629 1364/557/1610 1365/558/1609
f 1349/543/1597 1350/544/1596 1359/552/1740 1360/553/1740
f 1388/581/1741 1389/582/1741 1351/545/1598 1352/546/1600
f 1373/566/1617 1370/563/1616 1327/527/1583 1328/528/1582
f 1375/568/1623 1376/569/1622 1339/539/1593 1340/540/1592
f 1108/308/1742 1109/309/1743 1326/526/1744 1327/527/1745
f 1259/459/1746 1260/460/1747 1374/567/1748 1375/568/1749
f 1381/574/1750 1378/571/1751 1262/462/1752 1263/463/1753
f 1333/533/1754 1334/534/1755 1127/327/1756 1128/328/1757
f 1170/370/1758 1171/371/1759 1350/544/1760 1347/541/1761
f 1358/551/1762 1359/552/1763 1233/433/1764 1234/434/1765
f 1382/575/1766 1383/576/1767 1271/471/1768 1272/472/1769
f 1389/582/1770 1386/579/1771 1274/474/1772 1275/475/1773
f 1340/540/1774 1337/537/1775 1130/330/1776 1131/331/1777
f 1082/282/1353 1083/283/1355 1390/593/2 1391/592/2
f 1091/291/1351 1088/288/1351 1397/588/2 1395/586/1639
f 1396/587/1640 1397/588/2 1393/584/1638 1394/585/1637
f 1098/298/1778 1095/295/1779 1395/586/1639 1396/587/1640
f 1400/591/1642 1398/589/1641 1401/600/1780 1402/599/1781
f 1394/585/1782 1392/583/1783 1399/590/1784 1400/591/1782
f 1398/589/1641 1399/590/1643 1343/597/1785 1344/596/1786
f 1341/594/1787 1342/595/1788 1402/599/1781 1401/600/1780
f 1116/316/1382 1118/318/1384 1077/277/1348 1071/271/1344
f 1325/525/2 1078/278/1351 1073/273/1645 1074/274/2
f 1079/279/1352 1100/300/1368 1115/315/1651 1072/272/1644
f 1075/275/2 799/601/2 807/16/2 815/13/2
f 806/602/305 799/603/305 1075/275/1350 1159/359/1421
f 1076/276/1349 1119/319/1387 1197/397/1457 1158/358/1422
f 815/13/2 1324/524/2 1075/275/2
f 1081/281/1351 1323/523/2 1390/593/2 1083/283/1355
f 1080/280/1352 1084/284/1354 1111/311/1377 1099/299/1365
f 1391/592/1789 1402/599/1789 1342/595/1789 1082/282/1789
f 1087/287/780 1343/597/780 1344/596/780 1341/594/780 1342/595/780 1082/282/780
f 1082/282/305 1342/595/305 1332/532/1790 1113/313/1791
f 1087/287/1792 1343/597/1792 1399/590/1784 1392/583/1783
f 1086/286/1358 1393/584/1638 1397/588/2 1088/288/1351
f 1138/338/1402 1126/326/1392 1085/285/1356 1089/289/1352
f 1127/327/1756 1334/534/1755 1343/597/1 1087/287/1
f 1395/586/1639 1095/295/1779 1093/293/1648 1091/291/1351
f 1094/294/1649 1143/343/1402 1141/341/1402 1090/290/1352
f 1092/292/1359 1096/296/1647 1150/350/1412 1142/342/1404
f 1098/298/1778 1396/587/1640 816/14/1026
f 1190/390/1715 1314/514/1570 1153/353/1413 1097/297/1658
f 816/14/1026 809/15/1025 811/604/1793 1098/298/1778
f 1098/298/1778 811/604/1793 800/605/1794 791/12/1794
f 1189/389/1448 1098/298/1795 791/12/1795 796/4/1796
f 1102/302/1366 1112/312/1379 1110/310/1374 1106/306/1370
f 1101/301/1367 1103/303/1369 1122/322/1653 1114/314/1650
f 1208/408/1702 1125/325/1797 1104/304/1720 1213/413/1473
f 1253/453/1514 1212/412/1474 1105/305/1721 1107/307/1722
f 1108/308/1742 1327/527/1745 1370/563/1659 1252/452/1662
f 1113/313/1791 1332/532/1790 1326/526/1744 1109/309/1743
f 1117/317/1381 1123/323/1391 1121/321/1385
f 1120/320/1386 1124/324/1390 1209/409/1468 1196/396/1458
f 1129/329/1393 1139/339/1403 1137/337/1401 1133/333/1397
f 1130/330/1776 1337/537/1775 1333/533/1754 1128/328/1757
f 1302/502/1556 1258/458/1519 1132/332/1398 1134/334/1400
f 1259/459/1746 1375/568/1749 1340/540/1774 1131/331/1777
f 1144/344/1403 1146/346/1401 1136/336/1401 1140/340/1403
f 1301/501/1557 1135/335/1400 1147/347/1400 1317/517/1713
f 1145/345/1405 1151/351/1415 1149/349/1409
f 1315/515/1569 1316/516/1573 1148/348/1410 1152/352/1414
f 1154/354/1416 1203/403/1460 1229/429/1490 1162/362/1426
f 1163/363/1667 1165/365/1427 1160/360/1696 1156/356/1798
f 1155/355/1799 1157/357/1419 1198/398/1456 1202/402/1676
f 813/270/305 806/602/305 1159/359/1421 830/29/1036
f 830/29/5 1159/359/5 1166/366/5 864/63/5
f 1168/368/1430 1161/361/1423 1230/430/1489 1232/432/1678
f 1164/364/1668 1169/369/1800 1167/367/1428
f 1170/370/1758 1347/541/1761 1345/366/1801 1166/366/1802
f 1166/366/1802 1345/366/1801 1030/226/1325 864/63/1324
f 1233/433/1764 1359/552/1763 1350/544/1760 1171/371/1759
f 1180/380/1440 1172/372/1433 1276/476/1690 1278/478/1535
f 1175/375/1803 1181/381/1671 1179/379/1437
f 1176/376/1705 1355/549/1704 1354/548/1709 1174/374/1708
f 1173/373/1707 1351/545/1710 1389/582/1770 1275/475/1773
f 1186/386/1445 1188/388/1698 1178/378/1438 1182/382/1672
f 886/85/1283 1036/230/1282 1357/377/1703 1177/377/1706
f 886/85/1085 1177/377/1439 1189/389/1448 910/109/1109
f 1183/383/1441 1279/479/1538 1308/508/1567 1185/385/1446
f 1309/509/1566 1313/513/1571 1187/387/1697 1184/384/1444
f 910/109/1109 1189/389/1448 796/4/1796 795/1/1338
f 1200/400/1459 1191/391/1450 1226/426/1485 1228/428/1487
f 1194/394/1674 1201/401/1675 1199/399/1455
f 1193/393/1673 1195/395/1454 1210/410/1467 1206/406/1700
f 1217/417/1478 1225/425/1486 1192/392/1453 1204/404/1463
f 1214/414/1472 1216/416/1475 1205/405/1465 1207/407/1701
f 1254/454/1513 1244/444/1502 1220/420/1479 1211/411/1470
f 1215/415/1471 1221/421/1482 1219/419/1476
f 1218/418/1477 1222/422/1481 1240/440/1498 1224/424/1483
f 1223/423/1480 1245/445/1505 1243/443/1499
f 1227/427/1484 1241/441/1501 1238/438/1681 1235/435/1677 1231/431/1488
f 1239/439/1654 1363/556/1657 1358/551/1762 1234/434/1765
f 1237/437/1680 1242/442/1500 1246/446/1504 1251/451/1683
f 1248/448/1663 1366/559/1666 1362/555/1656 1236/436/1655
f 1247/447/1503 1255/455/1512 1250/450/1682
f 1256/456/1661 1371/564/1660 1369/562/1665 1249/449/1664
f 1298/498/1555 1290/490/1547 1266/466/1524 1257/457/1515
f 1261/461/1516 1267/467/1527 1265/465/1686
f 1262/462/1752 1378/571/1751 1374/567/1748 1260/460/1747
f 1264/464/1685 1268/468/1526 1286/486/1543 1270/470/1687
f 1271/471/1768 1383/576/1767 1381/574/1750 1263/463/1753
f 1269/469/1525 1291/491/1550 1289/489/1544
f 1273/473/1529 1287/487/1546 1285/485/1540 1281/481/1536 1277/477/1688
f 1274/474/1772 1386/579/1771 1382/575/1766 1272/472/1769
f 1280/480/1537 1282/482/1539 1305/505/1562 1307/507/1564
f 1284/484/1541 1288/488/1545 1292/492/1549 1294/494/1551
f 1321/521/1579 1304/504/1563 1283/483/1542 1295/495/1554
f 1293/493/1548 1299/499/1559 1297/497/1552
f 1318/518/1714 1320/520/1577 1296/496/1553 1300/500/1558
f 1311/511/1568 1303/503/1692 1322/522/1711 1319/519/1574
f 1306/506/1691 1312/512/1572 1310/510/1693
f 1324/524/2 815/13/2 1391/592/2
f 1336/536/1725 1338/538/1726 1329/529/1581 1330/530/1584
f 1373/566/1617 1328/528/1582 1339/539/1593 1376/569/1622
f 1344/596/1729 1335/535/1589 1331/531/1586 1341/594/1728
f 1398/589/1641 1344/596/1786 1341/594/1787 1401/600/1780
f 1353/547/1735 1356/550/1603 1346/598/1731 1348/542/1734
f 1030/226/1198 1345/366/1732 1357/377/1602 1036/230/1201
f 1349/543/1739 1360/553/1606 1388/581/1634 1352/546/1737
f 1361/554/1605 1364/557/1610 1385/578/1629 1387/580/1635
f 1380/573/1626 1384/577/1630 1365/558/1609 1367/560/1615
f 1377/570/1621 1379/572/1627 1368/561/1614 1372/565/1618
f 816/14/1026 1394/585/1637 1391/592/2 815/13/2
f 1394/585/780 1400/591/780 1402/599/780 1391/592/780
f 1394/585/1637 816/14/1026 1396/587/1640
f 1403/606/1804 1405/608/1805 1404/607/1806
f 1410/609/1807 1412/611/1808 1411/610/1809
f 1413/612/1810 1415/614/1811 1414/613/1812
f 1416/615/1813 1419/618/1814 1418/617/1815 1417/616/1816
f 1420/619/1817 1423/622/1818 1422/621/1819 1421/620/1820
f 1424/623/1821 1426/625/1822 1425/624/1823
f 1427/626/1824 1429/628/1825 1428/627/1826
f 1430/629/1827 1433/632/1828 1432/631/1829 1431/630/1830
f 1434/633/1831 1437/636/1832 1436/635/1833 1435/634/1834
f 1438/637/1835 1441/640/1836 1440/639/1837 1439/638/1838
f 1442/641/1839 1444/643/1840 1443/642/1841
f 1445/644/1842 1448/647/1843 1447/646/1844 1446/645/1842
f 1449/648/1845 1452/651/1846 1451/650/1846 1450/649/1845
f 1453/652/1847 1456/655/1848 1455/654/1849 1454/653/1849
f 1457/656/1850 1459/658/1851 1458/657/1852
f 1460/659/1853 1462/661/1854 1461/660/1855
f 1463/662/1856 1466/665/1857 1465/664/1858 1464/663/1859
f 1467/666/1860 1470/669/1861 1469/668/1862 1468/667/1863
f 1471/670/1864 1474/673/1865 1473/672/1865 1472/671/1866
f 1475/674/1867 1478/677/1868 1477/676/1869 1476/675/1870
f 1479/678/1871 1482/681/1872 1481/680/1872 1480/679/1871
f 1483/682/1873 1486/685/1873 1485/684/1874 1484/683/1874
f 1487/686/1875 1489/688/1875 1488/687/1875
f 1490/689/1876 1492/691/1877 1491/690/1878
f 1493/692/1879 1496/695/1880 1495/694/1881 1494/693/1882
f 1497/696/1846 1500/699/1846 1499/698/1845 1498/697/1845
f 1501/700/1883 1504/703/1884 1503/702/1885 1502/701/1883
f 1505/704/1886 1508/707/1887 1507/706/1888 1506/705/1889
f 1509/708/1890 1512/711/1890 1511/710/1891 1510/709/1892
f 1513/712/1874 1516/715/1873 1515/714/1873 1514/713/1874
f 1517/716/1871 1520/719/1871 1519/718/1872 1518/717/1872
f 1521/720/1893 1524/723/1894 1523/722/1895 1522/721/1896
f 1525/724/1897 1527/726/1898 1526/725/1899
f 1528/727/1900 1531/730/1901 1530/729/1902 1529/728/1903
f 1532/731/1904 1535/734/1904 1534/733/1905 1533/732/1906
f 1536/735/1907 1539/738/1908 1538/737/1909 1537/736/1910
f 1540/739/1911 1542/741/1911 1541/740/1911
f 1545/742/1912 1547/744/1913 1546/743/1914
f 1548/745/1915 1551/705/1916 1550/747/1917 1549/746/1918
f 1554/748/1919 1556/750/1919 1555/749/1919
f 1557/751/1920 1559/753/1920 1558/752/1920
f 1560/754/1921 1562/756/1922 1561/755/1923
f 1563/757/1924 1566/760/1925 1565/759/1926 1564/758/1927
f 1569/761/1928 1572/764/1929 1571/763/1930 1570/762/1931
f 1573/765/1932 1576/768/1933 1575/767/1934 1574/766/1935
f 1406/769/1936 1407/655/1937 1405/608/1938 1403/606/1939
f 1410/609/1940 1411/610/1941 1409/692/1942 1408/770/1943
f 1547/744/1944 1545/742/1945 1441/640/1946 1438/637/1947
f 1427/626/1948 1428/627/1949 1423/622/1818 1420/619/1817
f 1422/621/1819 1423/622/1818 1426/625/1822 1424/623/1821
f 1425/624/1950 1426/625/1950 1428/627/1826 1429/628/1825
f 1438/637/1835 1439/638/1838 1433/632/1828 1430/629/1827
f 1432/631/1829 1433/632/1828 1437/636/1832 1434/633/1831
f 1436/635/1833 1437/636/1832 1439/638/1838 1440/639/1837
f 1457/656/1951 1458/657/1952 1452/651/1846 1449/648/1845
f 1451/650/1846 1452/651/1846 1453/652/1847 1454/653/1953
f 1456/17/1848 1453/17/1847 1458/17/1952 1459/17/1954
f 1475/674/1867 1476/675/1870 1470/669/1955 1467/666/1956
f 1469/668/1862 1470/669/1861 1474/673/1957 1471/670/1864
f 1473/672/1958 1474/673/1959 1476/675/1870 1477/676/1869
f 1490/689/1876 1491/690/1878 1482/681/1872 1479/678/1871
f 1481/680/1872 1482/681/1872 1486/685/1960 1483/682/1960
f 1485/684/1874 1486/685/1873 1489/688/1873 1487/686/1874
f 1488/687/1961 1489/688/1962 1491/690/1878 1492/691/1877
f 1501/700/1963 1502/701/1964 1496/695/1880 1493/692/1879
f 1495/694/1881 1496/695/1880 1500/699/1846 1497/696/1846
f 1499/698/1845 1500/699/1846 1502/701/1964 1503/702/1951
f 1517/716/1871 1518/717/1872 1508/707/1887 1505/704/1886
f 1507/706/1888 1508/707/1887 1512/711/1965 1509/708/1966
f 1511/710/1967 1512/711/1873 1516/715/1873 1513/712/1874
f 1515/714/1960 1516/715/1960 1518/717/1872 1519/718/1872
f 1536/735/1968 1537/736/1969 1531/730/1901 1528/727/1900
f 1530/729/1902 1531/730/1901 1535/734/1970 1532/731/1971
f 1534/733/1905 1535/734/1972 1537/736/1910 1538/737/1909
f 1429/628/1825 1427/626/1824 1419/618/1973 1416/615/1973
f 1418/617/1974 1419/618/1975 1415/614/1811 1413/612/1810
f 1414/613/1812 1415/614/1811 1420/619/1817 1421/620/1820
f 1442/641/1839 1443/642/1841 1448/647/1976 1445/644/1977
f 1447/646/1844 1448/647/1843 1440/639/1837 1441/640/1836
f 1435/634/1834 1436/635/1833 1443/642/1841 1444/643/1840
f 1450/649/1845 1451/650/1846 1462/661/1978 1460/659/1979
f 1461/660/1855 1462/661/1854 1466/665/1857 1463/662/1856
f 1465/664/1980 1466/665/1981 1454/653/1981 1455/654/1982
f 1468/667/1863 1469/668/1862 1463/662/1856 1464/663/1859
f 1460/659/1853 1461/660/1855 1471/670/1864 1472/671/1866
f 1480/679/1871 1481/680/1872 1477/676/1869 1478/677/1868
f 1472/671/1874 1473/672/1873 1483/682/1873 1484/683/1874
f 1459/658/1851 1457/656/1850 1487/686/1983 1488/687/1983
f 1484/683/1874 1485/684/1874 1449/648/1845 1450/649/1845
f 1521/720/1893 1522/721/1896 1527/726/1898 1525/724/1897
f 1526/725/1984 1527/726/1985 1497/696/1846 1498/697/1845
f 1494/693/1882 1495/694/1881 1522/721/1981 1523/722/1986
f 1529/728/1903 1530/729/1902 1519/718/1872 1520/719/1871
f 1514/713/1874 1515/714/1873 1532/731/1873 1533/732/1967
f 1498/697/1845 1499/698/1845 1513/712/1874 1514/713/1874
f 1510/709/1892 1511/710/1891 1503/702/1885 1504/703/1884
f 1524/723/1894 1521/720/1893 1538/737/1909 1539/738/1908
f 1533/732/1906 1534/733/1905 1525/724/1897 1526/725/1899
f 1421/620/1820 1422/621/1819 1479/678/1871 1480/679/1871
f 1492/691/1877 1490/689/1876 1424/623/1821 1425/624/1987
f 1520/719/1871 1517/716/1871 1434/633/1831 1435/634/1834
f 1431/630/1830 1432/631/1829 1505/704/1886 1506/705/1889
f 1539/738/1908 1536/735/1907 1445/644/1988 1446/645/1989
f 1444/643/1840 1442/641/1839 1528/727/1900 1529/728/1903
f 1417/616/1816 1418/617/1815 1467/666/1860 1468/667/1863
f 1478/677/1868 1475/674/1867 1413/612/1810 1414/613/1812
f 1416/615/1813 1417/616/1816 1404/607/1806 1405/608/1805
f 1403/606/1804 1404/607/1806 1464/663/1859 1465/664/1858
f 1446/645/1990 1447/646/1990 1411/610/1809 1412/611/1808
f 1523/722/1895 1524/723/1894 1412/611/1808 1410/609/1807
f 1407/655/1937 1406/769/1936 1455/654/1982 1456/655/1991
f 1408/770/1943 1409/692/1942 1493/692/1992 1494/693/1882
f 1542/741/1993 1540/739/1994 1544/772/1994 1543/771/1995
f 1546/743/1914 1547/744/1913 1548/745/1915 1549/746/1918
f 1553/773/1996 1552/774/1997 1556/750/1997 1554/748/1998
f 1557/751/1999 1558/752/2000 1562/756/1922 1560/754/1921
f 1566/760/1925 1563/757/1924 1568/692/2001 1567/775/2002
f 1572/764/1929 1569/761/1928 1573/765/2003 1574/766/2004
f 1545/742/2005 1546/743/1914 1543/771/1995 1544/772/2006
f 1541/740/2007 1542/741/1993 1549/746/1918 1550/747/1917
f 1565/759/1926 1566/760/1925 1554/748/1998 1555/749/2008
f 1571/763/1930 1572/764/1929 1560/754/1921 1561/755/1923
f 1559/753/1874 1557/751/1873 1574/766/1935 1575/767/1934
f 1555/749/2009 1556/750/2009 1558/752/2009 1559/753/2009
f 1575/767/1934 1576/768/1933 1564/758/1927 1565/759/1926
f 1561/755/1923 1562/756/1922 1540/739/2010 1541/740/2007
f 1550/747/1917 1551/705/1916 1570/762/1931 1571/763/1930
f 1504/703/2011 1501/700/2012 1563/757/2013 1564/758/2014
f 1551/705/2015 1548/745/2016 1430/629/2017 1431/630/2018
f 1569/761/1 1570/762/1 1506/705/1 1507/706/1
f 1576/768/1 1573/765/2019 1509/708/1 1510/709/2019
f 1577/776/2020 1578/779/2021 1580/778/2022 1579/777/2023
f 1578/779/2021 1577/776/2020 1567/775/2024 1568/692/2025
f 1579/777/2023 1580/778/2022 1552/774/2026 1553/773/2027
f 1403/606/1939 1465/664/1980 1455/654/1982 1406/769/1936
f 797/780/1009 1405/608/1938 1407/655/1937 808/781/1009
f 797/782/305 805/783/305 1416/615/1813 1405/608/1805
f 1417/616/1816 1468/667/1863 1464/663/1859 1404/607/1806
f 1456/655/2028 1552/774/2028 1580/778/2029 1407/655/2030
f 1407/655/2030 1580/778/2029 817/781/305 808/781/305
f 1408/770/1943 1494/693/1882 1523/722/1986 1410/609/1940
f 810/784/1009 1409/692/1942 1411/610/1941 812/785/1009
f 1409/692/2031 1578/779/2032 1568/692/2033 1493/692/2033
f 810/784/1 818/784/1 1578/779/2032 1409/692/2031
f 1411/610/5 1447/646/1844 793/7/5 792/9/5
f 812/785/1009 1411/610/1941 792/9/1009 798/786/1009
f 1412/611/1808 1524/723/1894 1539/738/1908 1446/645/1989
f 1418/617/1974 1413/612/1810 1475/674/1867 1467/666/1956
f 1427/626/1948 1420/619/1817 1415/614/1811 1419/618/1975
f 1421/620/1820 1480/679/1871 1478/677/1868 1414/613/1812
f 1416/615/5 832/31/5 848/47/5 1429/628/5
f 805/783/305 814/269/305 832/31/1042 1416/615/1813
f 1423/622/1818 1428/627/1949 1426/625/1822
f 1422/621/1819 1424/623/1821 1490/689/1876 1479/678/1871
f 1425/624/305 1540/739/305 1562/756/305 1492/691/305
f 1429/628/2034 1544/772/2035 1540/739/2036 1425/624/2036
f 848/47/2037 1020/266/2037 1544/772/2035 1429/628/2034
f 1433/632/1828 1439/638/1838 1437/636/1832
f 1517/716/1871 1505/704/1886 1432/631/1829 1434/633/1831
f 1506/705/1 1570/762/1 1551/705/2015 1431/630/2018
f 1430/629/2017 1548/745/2016 1547/744/1944 1438/637/1947
f 1448/647/1976 1443/642/1841 1436/635/1833 1440/639/1837
f 1444/643/1840 1529/728/1903 1520/719/1871 1435/634/1834
f 1441/640/1946 1545/742/1945 1035/268/1337 868/67/1336
f 1441/640/1836 868/67/1072 892/91/1095 1447/646/1844
f 1536/735/1968 1528/727/1900 1442/641/1839 1445/644/1977
f 1447/646/1844 892/91/1095 794/5/1339 793/7/5
f 1457/656/1951 1449/648/1845 1485/684/1874 1487/686/1874
f 1452/651/1846 1458/657/1952 1453/652/1847
f 1451/650/1846 1454/653/1953 1466/665/1953 1462/661/1978
f 1460/659/1979 1472/671/1874 1484/683/1874 1450/649/1845
f 1459/658/2038 1556/750/2039 1552/774/2040 1456/655/2040
f 1456/655/2041 1552/774/2041 1553/773/2041 1567/775/2041 1568/692/2041 1493/692/2041
f 1488/687/305 1558/752/305 1556/750/2039 1459/658/2038
f 1469/668/1862 1471/670/1864 1461/660/1855 1463/662/1856
f 1470/669/1955 1476/675/1870 1474/673/1959
f 1481/680/1872 1483/682/1960 1473/672/1958 1477/676/1869
f 1482/681/1872 1491/690/1878 1489/688/1962 1486/685/1960
f 1492/691/305 1562/756/305 1558/752/305 1488/687/305
f 1493/692/2042 1568/692/2042 1563/757/2013 1501/700/2012
f 1496/695/1880 1502/701/1964 1500/699/1846
f 1527/726/1985 1522/721/1953 1495/694/1881 1497/696/1846
f 1498/697/1845 1514/713/1874 1533/732/1967 1526/725/1984
f 1499/698/1845 1503/702/1951 1511/710/1967 1513/712/1874
f 1504/703/2011 1564/758/2014 1576/768/1 1510/709/2019
f 1508/707/1887 1518/717/1872 1516/715/1960 1512/711/1965
f 1509/708/1 1573/765/2019 1569/761/1 1507/706/1
f 1530/729/1902 1532/731/1971 1515/714/1960 1519/718/1872
f 1521/720/1893 1525/724/1897 1534/733/1905 1538/737/1909
f 1531/730/1901 1537/736/1969 1535/734/1970
f 1546/743/1914 1549/746/1918 1542/741/1993 1543/771/1995
f 1550/747/1917 1571/763/1930 1561/755/1923 1541/740/2007
f 1544/772/2006 1020/266/1286 1035/268/1291 1545/742/2005
f 1566/760/1925 1567/775/2002 1553/773/1996 1554/748/1998
f 1579/777/2023 1553/773/2027 1567/775/2024 1577/776/2020
f 1555/749/2008 1559/753/1874 1575/767/1934 1565/759/1926
f 1572/764/1929 1574/766/2004 1557/751/1999 1560/754/1921
f 817/781/1009 1580/778/2022 1578/779/2021 818/784/1009
f 2059/787/2043 1586/788/2044 1597/789/2045 1598/790/2046
f 2060/795/2051 2059/787/2043 1598/790/2046 1599/796/2052
f 2061/799/2055 2060/795/2051 1599/796/2052 1600/800/2056
f 2062/803/2059 2061/799/2055 1600/800/2056 1601/804/2060
f 1584/805/1009 1583/801/2057 1593/802/2058 1594/806/2061
f 1888/810/305 2062/803/2059 1601/804/2060
f 1585/811/2064 1584/805/1009 1594/806/2061 1595/812/2065
f 2058/815/2068 1585/811/2064 1595/812/2065 1596/816/2069
f 1586/788/2044 2058/815/2068 1596/816/2069 1597/789/2045
f 1597/789/2045 1596/816/2069 1611/821/2074 1612/822/2075
f 1598/790/2046 1597/789/2045 1612/822/2075 1613/824/2077
f 1599/796/2052 1598/790/2046 1613/824/2077 1614/826/2079
f 1600/800/2056 1599/796/2052 1614/826/2079 1615/828/2081
f 1601/804/2060 1600/800/2056 1615/828/2081 1616/830/2083
f 1594/806/2061 1593/802/2058 1608/829/2082 1609/831/2084
f 1888/834/305 1601/804/2060 1616/830/2083
f 1595/812/2065 1594/806/2061 1609/831/2084 1610/835/2086
f 1596/816/2069 1595/812/2065 1610/835/2086 1611/821/2074
f 1888/843/305 1616/830/2083 1631/839/2090
f 1627/848/2097 1626/846/2095 1641/853/2102 1642/854/2103
f 1628/850/2099 1627/848/2097 1642/854/2103 1643/856/2106
f 1629/852/2101 1628/850/2099 1643/856/2106 1644/858/2108
f 1630/838/2089 1629/852/2101 1644/858/2108 1645/860/2110
f 1631/839/2090 1630/838/2089 1645/860/2110 1646/862/2112
f 1624/840/2091 1623/837/2088 1638/861/2111 1639/9/2113
f 1888/865/305 1631/839/2090 1646/862/2112
f 1625/844/2093 1624/840/2091 1639/9/2113 1640/866/2115
f 1626/846/2095 1625/844/2093 1640/866/2115 1641/853/2102
f 1646/862/2112 1645/860/2110 1660/868/2117 1661/869/2118
f 1639/9/2113 1638/861/2111 1653/870/2119 1654/871/2120
f 1888/874/305 1646/862/2112 1661/869/2118
f 1640/866/2115 1639/9/2113 1654/871/2120 1655/875/2122
f 1641/853/2102 1640/866/2115 1655/875/2122 1656/877/2124
f 1642/854/2103 1641/853/2102 1656/877/2124 1657/879/2126
f 1643/856/2106 1642/854/2103 1657/879/2126 1658/881/2128
f 1644/858/2108 1643/856/2106 1658/881/2128 1659/883/2130
f 1645/860/2110 1644/858/2108 1659/883/2130 1660/868/2117
f 1658/881/2128 1657/879/2126 1673/885/2132 1674/886/2133
f 1659/883/2130 1658/881/2128 1674/886/2133 1675/889/2136
f 1660/868/2117 1659/883/2130 1675/889/2136 1676/891/2138
f 1661/869/2118 1660/868/2117 1676/891/2138 1677/893/2140
f 1654/871/2120 1653/870/2119 1669/892/2139 1670/894/2141
f 1888/897/305 1661/869/2118 1677/893/2140
f 1655/875/2122 1654/871/2120 1670/894/2141 1671/898/2143
f 1656/877/2124 1655/875/2122 1671/898/2143 1672/900/2145
f 1657/879/2126 1656/877/2124 1672/900/2145 1673/885/2132
f 1888/904/305 1677/893/2140 1692/905/2148
f 1671/898/2143 1670/894/2141 1685/906/2149 1686/907/2150
f 1672/900/2145 1671/898/2143 1686/907/2150 1687/909/2152
f 1673/885/2132 1672/900/2145 1687/909/2152 1688/911/2154
f 1674/886/2133 1673/885/2132 1688/911/2154 1689/913/2156
f 1675/889/2136 1674/886/2133 1689/913/2156 1690/915/2158
f 1676/891/2138 1675/889/2136 1690/915/2158 1691/917/2160
f 1677/893/2140 1676/891/2138 1691/917/2160 1692/905/2148
f 1670/894/2141 1669/892/2139 1684/918/2161 1685/906/2149
f 1690/915/2158 1689/913/2156 1704/921/2164 1705/922/2165
f 1691/917/2160 1690/915/2158 1705/922/2165 1706/924/2167
f 1692/905/2148 1691/917/2160 1706/924/2167 1707/926/2169
f 1685/906/2149 1684/918/2161 1699/925/2168 1700/927/780
f 1888/930/305 1692/905/2148 1707/926/2169
f 1686/907/2150 1685/906/2149 1700/927/780 1701/931/2171
f 1687/909/2152 1686/907/2150 1701/931/2171 1702/933/2173
f 1688/911/2154 1687/909/2152 1702/933/2173 1703/935/2175
f 1689/913/2156 1688/911/2154 1703/935/2175 1704/921/2164
f 1701/931/2171 1700/927/780 1715/936/2176 1716/937/2177
f 1702/933/2173 1701/931/2171 1716/937/2177 1717/940/2180
f 1703/935/2175 1702/933/2173 1717/940/2180 1718/942/2182
f 1704/921/2164 1703/935/2175 1718/942/2182 1719/944/2184
f 1705/922/2165 1704/921/2164 1719/944/2184 1720/946/2186
f 1706/924/2167 1705/922/2165 1720/946/2186 1721/948/2188
f 1707/926/2169 1706/924/2167 1721/948/2188 1722/950/2190
f 1700/927/780 1699/925/2168 1714/949/2189 1715/936/2176
f 1888/952/305 1707/926/2169 1722/950/2190
f 1720/946/2186 1719/944/2184 1734/953/2191 1735/954/2192
f 1721/948/2188 1720/946/2186 1735/954/2192 1736/957/2195
f 1722/950/2190 1721/948/2188 1736/957/2195 1737/959/2197
f 1715/936/2176 1714/949/2189 1729/958/2196 1730/960/2198
f 1888/963/305 1722/950/2190 1737/959/2197
f 1716/937/2177 1715/936/2176 1730/960/2198 1731/964/2200
f 1717/940/2180 1716/937/2177 1731/964/2200 1732/966/2202
f 1718/942/2182 1717/940/2180 1732/966/2202 1733/968/2204
f 1719/944/2184 1718/942/2182 1733/968/2204 1734/953/2191
f 1888/986/305 1737/959/2197 1752/983/2219
f 1751/981/2217 1750/979/2215 1765/989/2223 1766/990/2224
f 1752/983/2219 1751/981/2217 1766/990/2224 1767/992/2226
f 1745/984/2220 1744/982/2218 1759/991/2225 1760/993/2227
f 1888/996/305 1752/983/2219 1767/992/2226
f 1746/972/2208 1745/984/2220 1760/993/2227 1761/997/2229
f 1747/973/2209 1746/972/2208 1761/997/2229 1762/999/2231
f 1748/975/2211 1747/973/2209 1762/999/2231 1763/1001/2233
f 1749/977/2213 1748/975/2211 1763/1001/2233 1764/1003/2235
f 1750/979/2215 1749/977/2213 1764/1003/2235 1765/989/2223
f 1762/999/2231 1761/997/2229 1776/1004/2236 1777/1005/2237
f 1763/1001/2233 1762/999/2231 1777/1005/2237 1778/1008/2240
f 1764/1003/2235 1763/1001/2233 1778/1008/2240 1779/1010/2242
f 1765/989/2223 1764/1003/2235 1779/1010/2242 1780/1012/2244
f 1766/990/2224 1765/989/2223 1780/1012/2244 1781/1014/2246
f 1767/992/2226 1766/990/2224 1781/1014/2246 1782/1016/2248
f 1760/993/2227 1759/991/2225 1774/1015/2247 1775/1017/2249
f 1888/1020/305 1767/992/2226 1782/1016/2248
f 1761/997/2229 1760/993/2227 1775/1017/2249 1776/1004/2236
f 1781/1014/2246 1780/1012/2244 1795/1021/2251 1796/1022/2252
f 1782/1016/2248 1781/1014/2246 1796/1022/2252 1797/1025/2255
f 1775/1017/2249 1774/1015/2247 1789/1024/2254 1790/1026/2256
f 1888/1029/305 1782/1016/2248 1797/1025/2255
f 1776/1004/2236 1775/1017/2249 1790/1026/2256 1791/1030/2258
f 1777/1005/2237 1776/1004/2236 1791/1030/2258 1792/1032/2260
f 1778/1008/2240 1777/1005/2237 1792/1032/2260 1793/1034/2262
f 1779/1010/2242 1778/1008/2240 1793/1034/2262 1794/1036/2264
f 1780/1012/2244 1779/1010/2242 1794/1036/2264 1795/1021/2251
f 1793/1034/2262 1792/1032/2260 1807/1038/2266 1808/1039/2267
f 1794/1036/2264 1793/1034/2262 1808/1039/2267 1809/1042/2270
f 1795/1021/2251 1794/1036/2264 1809/1042/2270 1810/1044/2272
f 1796/1022/2252 1795/1021/2251 1810/1044/2272 1811/1046/2274
f 1797/1025/2255 1796/1022/2252 1811/1046/2274 1812/1048/2276
f 1790/1026/2256 1789/1024/2254 1804/1047/2275 1805/1049/2277
f 1888/1052/305 1797/1025/2255 1812/1048/2276
f 1791/1030/2258 1790/1026/2256 1805/1049/2277 1806/1053/2279
f 1792/1032/2260 1791/1030/2258 1806/1053/2279 1807/1038/2266
f 1812/1048/2276 1811/1046/2274 1826/1055/2281 1827/1056/2282
f 1805/1049/2277 1804/1047/2275 1819/1057/2283 1820/1058/2
f 1888/1061/305 1812/1048/2276 1827/1056/2282
f 1806/1053/2279 1805/1049/2277 1820/1058/2 1821/1062/2285
f 1807/1038/2266 1806/1053/2279 1821/1062/2285 1822/1064/2287
f 1808/1039/2267 1807/1038/2266 1822/1064/2287 1823/1066/2289
f 1809/1042/2270 1808/1039/2267 1823/1066/2289 1824/1068/2291
f 1810/1044/2272 1809/1042/2270 1824/1068/2291 1825/1070/2293
f 1811/1046/2274 1810/1044/2272 1825/1070/2293 1826/1055/2281
f 1888/1085/305 1827/1056/2282 1842/1081/2304
f 1835/1082/2305 1834/1080/2303 1849/1089/2310 1850/1090/2311
f 1888/1093/305 1842/1081/2304 1857/1094/2313
f 1836/1086/2307 1835/1082/2305 1850/1090/2311 1851/1095/2314
f 1837/1088/2309 1836/1086/2307 1851/1095/2314 1852/1097/2316
f 1838/1074/2297 1837/1088/2309 1852/1097/2316 1853/1099/2318
f 1839/1075/2298 1838/1074/2297 1853/1099/2318 1854/1101/2320
f 1840/1077/2300 1839/1075/2298 1854/1101/2320 1855/1103/2322
f 1841/1079/2302 1840/1077/2300 1855/1103/2322 1856/1105/2324
f 1842/1081/2304 1841/1079/2302 1856/1105/2324 1857/1094/2313
f 1854/1101/2320 1853/1099/2318 1868/1106/2325 1869/1107/2326
f 1855/1103/2322 1854/1101/2320 1869/1107/2326 1870/1110/2329
f 1856/1105/2324 1855/1103/2322 1870/1110/2329 1871/1112/2331
f 1857/1094/2313 1856/1105/2324 1871/1112/2331 1872/1114/2333
f 1850/1090/2311 1849/1089/2310 1864/1113/2332 1865/1115/2334
f 1888/1118/305 1857/1094/2313 1872/1114/2333
f 1851/1095/2314 1850/1090/2311 1865/1115/2334 1866/1119/2336
f 1852/1097/2316 1851/1095/2314 1866/1119/2336 1867/1121/2338
f 1853/1099/2318 1852/1097/2316 1867/1121/2338 1868/1106/2325
f 1888/1125/305 1872/1114/2333 1887/1126/2341
f 1866/1119/2336 1865/1115/2334 1880/1127/2342 1881/1128/2343
f 1867/1121/2338 1866/1119/2336 1881/1128/2343 1882/1130/2345
f 1868/1106/2325 1867/1121/2338 1882/1130/2345 1883/1132/2347
f 1869/1107/2326 1868/1106/2325 1883/1132/2347 1884/1134/2349
f 1870/1110/2329 1869/1107/2326 1884/1134/2349 1885/1136/2351
f 1871/1112/2331 1870/1110/2329 1885/1136/2351 1886/1138/2353
f 1872/1114/2333 1871/1112/2331 1886/1138/2353 1887/1126/2341
f 1865/1115/2334 1864/1113/2332 1879/1139/2354 1880/1127/2342
f 1885/1136/2351 1884/1134/2349 1900/1142/2357 1901/1143/2358
f 1886/1138/2353 1885/1136/2351 1901/1143/2358 1902/1145/2360
f 1887/1126/2341 1886/1138/2353 1902/1145/2360 1903/1147/2362
f 1880/1127/2342 1879/1139/2354 1895/1146/2361 1896/1148/2363
f 1888/1151/305 1887/1126/2341 1903/1147/2362
f 1881/1128/2343 1880/1127/2342 1896/1148/2363 1897/1152/2365
f 1882/1130/2345 1881/1128/2343 1897/1152/2365 1898/1154/2367
f 1883/1132/2347 1882/1130/2345 1898/1154/2367 1899/1156/2369
f 1884/1134/2349 1883/1132/2347 1899/1156/2369 1900/1142/2357
f 1897/1152/2365 1896/1148/2363 1911/1157/2370 1912/1158/2371
f 1898/1154/2367 1897/1152/2365 1912/1158/2371 1913/1161/2374
f 1899/1156/2369 1898/1154/2367 1913/1161/2374 1914/1163/2376
f 1900/1142/2357 1899/1156/2369 1914/1163/2376 1915/1165/2378
f 1901/1143/2358 1900/1142/2357 1915/1165/2378 1916/1167/2380
f 1902/1145/2360 1901/1143/2358 1916/1167/2380 1917/1169/2382
f 1903/1147/2362 1902/1145/2360 1917/1169/2382 1918/1171/2384
f 1896/1148/2363 1895/1146/2361 1910/1170/2383 1911/1157/2370
f 1888/1173/305 1903/1147/2362 1918/1171/2384
f 1916/1167/2380 1915/1165/2378 1930/1174/2385 1931/1175/2386
f 1917/1169/2382 1916/1167/2380 1931/1175/2386 1932/1178/2389
f 1918/1171/2384 1917/1169/2382 1932/1178/2389 1933/1180/2391
f 1911/1157/2370 1910/1170/2383 1925/1179/2390 1926/1181/2392
f 1888/1184/305 1918/1171/2384 1933/1180/2391
f 1912/1158/2371 1911/1157/2370 1926/1181/2392 1927/1185/2394
f 1913/1161/2374 1912/1158/2371 1927/1185/2394 1928/1187/2396
f 1914/1163/2376 1913/1161/2374 1928/1187/2396 1929/1189/2398
f 1915/1165/2378 1914/1163/2376 1929/1189/2398 1930/1174/2385
f 1928/1187/2396 1927/1185/2394 1942/1191/2400 1943/1192/2401
f 1929/1189/2398 1928/1187/2396 1943/1192/2401 1944/1195/2404
f 1930/1174/2385 1929/1189/2398 1944/1195/2404 1945/1197/2406
f 1931/1175/2386 1930/1174/2385 1945/1197/2406 1946/1199/2408
f 1932/1178/2389 1931/1175/2386 1946/1199/2408 1947/1201/2410
f 1933/1180/2391 1932/1178/2389 1947/1201/2410 1948/1203/2412
f 1926/1181/2392 1925/1179/2390 1940/1202/2411 1941/1204/5
f 1888/1207/305 1933/1180/2391 1948/1203/2412
f 1927/1185/2394 1926/1181/2392 1941/1204/5 1942/1191/2400
f 1947/1208/2410 1946/1209/2408 1961/1210/2414 1962/1211/2415
f 1948/1216/2412 1947/1208/2410 1962/1211/2415 1963/1217/2418
f 1941/1218/5 1940/1212/2411 1955/1215/2417 1956/1219/2419
f 1888/1223/305 1948/1216/2412 1963/1217/2418
f 1942/1224/2400 1941/1218/5 1956/1219/2419 1957/1225/2421
f 1943/1228/2401 1942/1224/2400 1957/1225/2421 1958/1229/2423
f 1944/1232/2404 1943/1228/2401 1958/1229/2423 1959/1233/2425
f 1945/1236/2406 1944/1232/2404 1959/1233/2425 1960/1237/2427
f 1946/1209/2408 1945/1236/2406 1960/1237/2427 1961/1210/2414
f 1959/1233/2425 1958/1229/2423 1973/1242/2431 1974/1243/2432
f 1960/1237/2427 1959/1233/2425 1974/1243/2432 1975/1245/2434
f 1961/1210/2414 1960/1237/2427 1975/1245/2434 1976/1247/2436
f 1962/1211/2415 1961/1210/2414 1976/1247/2436 1977/1249/2438
f 1963/1217/2418 1962/1211/2415 1977/1249/2438 1978/1251/2440
f 1956/1219/2419 1955/1215/2417 1970/1250/2439 1971/1252/2441
f 1888/1255/305 1963/1217/2418 1978/1251/2440
f 1957/1225/2421 1956/1219/2419 1971/1252/2441 1972/1256/2443
f 1958/1229/2423 1957/1225/2421 1972/1256/2443 1973/1242/2431
f 1978/1251/2440 1977/1249/2438 1992/1259/2446 1993/1260/2447
f 1971/1252/2441 1970/1250/2439 1985/1258/2445 1986/1261/2448
f 1888/1264/305 1978/1251/2440 1993/1260/2447
f 1972/1256/2443 1971/1252/2441 1986/1261/2448 1987/1265/2450
f 1973/1242/2431 1972/1256/2443 1987/1265/2450 1988/1267/2452
f 1974/1243/2432 1973/1242/2431 1988/1267/2452 1989/1269/2454
f 1975/1245/2434 1974/1243/2432 1989/1269/2454 1990/1271/2456
f 1976/1247/2436 1975/1245/2434 1990/1271/2456 1991/1273/2458
f 1977/1249/2438 1976/1247/2436 1991/1273/2458 1992/1259/2446
f 1989/1269/2454 1988/1267/2452 2003/1274/2459 2004/1275/2460
f 1990/1271/2456 1989/1269/2454 2004/1275/2460 2005/1278/2463
f 1991/1273/2458 1990/1271/2456 2005/1278/2463 2006/1280/2465
f 1992/1259/2446 1991/1273/2458 2006/1280/2465 2007/1282/2467
f 1993/1260/2447 1992/1259/2446 2007/1282/2467 2008/1284/2469
f 1986/1261/2448 1985/1258/2445 2000/1283/2468 2001/1285/2470
f 1888/1288/305 1993/1260/2447 2008/1284/2469
f 1987/1265/2450 1986/1261/2448 2001/1285/2470 2002/1289/2472
f 1988/1267/2452 1987/1265/2450 2002/1289/2472 2003/1274/2459
f 2008/1284/2469 2007/1282/2467 2022/1291/2474 2023/1292/2475
f 2001/1285/2470 2000/1283/2468 2015/1293/2476 2016/1294/2477
f 1888/1297/305 2008/1284/2469 2023/1292/2475
f 2002/1289/2472 2001/1285/2470 2016/1294/2477 2017/1298/2479
f 2003/1274/2459 2002/1289/2472 2017/1298/2479 2018/1300/2481
f 2004/1275/2460 2003/1274/2459 2018/1300/2481 2019/1302/2483
f 2005/1278/2463 2004/1275/2460 2019/1302/2483 2020/1304/2485
f 2006/1280/2465 2005/1278/2463 2020/1304/2485 2021/1306/2487
f 2007/1282/2467 2006/1280/2465 2021/1306/2487 2022/1291/2474
f 2020/1304/2485 2019/1302/2483 2034/1310/2491 2035/1311/2492
f 2021/1306/2487 2020/1304/2485 2035/1311/2492 2036/1313/2494
f 2022/1291/2474 2021/1306/2487 2036/1313/2494 2037/1315/2496
f 2023/1292/2475 2022/1291/2474 2037/1315/2496 2038/1317/2498
f 2016/1294/2477 2015/1293/2476 2030/1316/2497 2031/1318/2499
f 1888/1321/305 2023/1292/2475 2038/1317/2498
f 2017/1298/2479 2016/1294/2477 2031/1318/2499 2032/1322/2501
f 2018/1300/2481 2017/1298/2479 2032/1322/2501 2033/1324/2503
f 2019/1302/2483 2018/1300/2481 2033/1324/2503 2034/1310/2491
f 2031/1318/2499 2030/1316/2497 2045/1325/2504 2046/1326/2505
f 1888/1329/305 2038/1317/2498 2053/1330/2507
f 2032/1322/2501 2031/1318/2499 2046/1326/2505 2047/1331/2508
f 2033/1324/2503 2032/1322/2501 2047/1331/2508 2048/1333/2510
f 2034/1310/2491 2033/1324/2503 2048/1333/2510 2049/1335/2512
f 2035/1311/2492 2034/1310/2491 2049/1335/2512 2050/1337/2514
f 2036/1313/2494 2035/1311/2492 2050/1337/2514 2051/1339/2516
f 2037/1315/2496 2036/1313/2494 2051/1339/2516 2052/1341/2518
f 2038/1317/2498 2037/1315/2496 2052/1341/2518 2053/1330/2507
f 2050/1337/2514 2049/1335/2512 1586/788/2044 2059/787/2043
f 2051/1339/2516 2050/1337/2514 2059/787/2043 2060/795/2051
f 2052/1341/2518 2051/1339/2516 2060/795/2051 2061/799/2055
f 2053/1330/2507 2052/1341/2518 2061/799/2055 2062/803/2059
f 2046/1326/2505 2045/1325/2504 1583/801/2057 1584/805/1009
f 1888/1343/305 2053/1330/2507 2062/803/2059
f 2047/1331/2508 2046/1326/2505 1584/805/1009 1585/811/2064
f 2048/1333/2510 2047/1331/2508 1585/811/2064 2058/815/2068
f 2049/1335/2512 2048/1333/2510 2058/815/2068 1586/788/2044
f 2351/1344/1 2128/1345/1 2127/1346/2519 2352/1347/2519
f 2352/1347/2519 2127/1346/2519 2129/1348/2520 2353/1349/2520
f 2353/1349/2520 2129/1348/2520 2130/1350/2521 2354/1351/2521
f 2354/1351/2521 2130/1350/2521 2131/1352/2522 2355/1353/2522
f 2355/1353/2522 2131/1352/2522 2132/1354/2523 2356/1355/2523
f 2356/1355/2523 2132/1354/2523 2133/1356/2524 2357/1357/2524
f 2357/1357/2524 2133/1356/2524 2134/1358/2525 2358/1359/2525
f 2358/1359/2525 2134/1358/2525 2135/1360/780 2359/1361/780
f 2359/1361/780 2135/1360/780 2136/1362/2526 2360/1363/2526
f 2360/1363/2526 2136/1362/2526 2137/1364/2527 2361/1365/2527
f 2361/1365/2527 2137/1364/2527 2138/1366/2528 2362/1367/2528
f 2362/1367/2528 2138/1366/2528 2139/1368/2529 2363/1369/2529
f 2363/1369/2529 2139/1368/2529 2140/1370/2530 2364/1371/2530
f 2364/1371/2530 2140/1370/2530 2141/1372/2531 2365/1373/2531
f 2365/1373/2531 2141/1372/2531 2142/1374/2532 2366/1375/2532
f 2366/1375/2532 2142/1374/2532 2143/1376/305 2367/1377/305
f 2367/1377/305 2143/1376/305 2144/1378/2533 2368/1379/2533
f 2368/1379/2533 2144/1378/2533 2145/1380/2534 2369/1381/2534
f 2369/1381/2534 2145/1380/2534 2146/1382/2535 2370/1383/2535
f 2370/1383/2535 2146/1382/2535 2147/1384/2536 2371/1385/2536
f 2371/1385/2536 2147/1384/2536 2148/1386/2537 2372/1387/2537
f 2372/1387/2537 2148/1386/2537 2149/1388/2538 2373/1389/2538
f 2373/1389/2538 2149/1388/2538 2150/1390/2539 2374/1391/2539
f 2374/1391/2539 2150/1390/2539 2151/1392/5 2375/1393/5
f 2375/1393/5 2151/1392/5 2152/1394/2540 2376/1395/2540
f 2376/1395/2540 2152/1394/2540 2153/1396/2541 2377/1397/2541
f 2377/1397/2541 2153/1396/2541 2154/1398/2542 2378/1399/2542
f 2378/1399/2542 2154/1398/2542 2155/1400/2543 2379/1401/2543
f 2379/1401/2543 2155/1400/2543 2156/1402/2544 2380/1403/2544
f 2380/1403/2544 2156/1402/2544 2157/1404/2545 2381/1405/2545
f 2092/1406/1009 2090/1407/1009 2204/1407/1009 2205/1406/1009
f 2381/1405/2545 2157/1404/2545 2158/1408/2546 2382/1409/2546
f 2382/1409/2546 2158/1408/2546 2128/1410/1 2351/1411/1
f 2063/1412/1009 2065/1413/1009 2067/1414/1009 2069/1415/1009 2071/1416/1009 2073/1417/1009 2075/1418/1009 2077/1419/1009 2079/1420/1009 2081/1421/1009 2083/1422/1009 2085/1423/1009 2087/1424/1009 2089/1425/1009 2091/1426/1009 2093/1427/1009 2095/1428/1009 2097/1429/1009 2099/1430/1009 2101/1431/1009 2103/1432/1009 2105/1433/1009 2107/1434/1009 2109/1435/1009 2111/1436/1009 2113/1437/1009 2115/1438/1009 2117/1439/1009 2119/1440/1009 2121/1441/1009 2123/1442/1009 2125/1443/1009
f 2160/1444/1009 2159/1445/1009 2127/1445/1009 2128/1444/1009
f 2159/1445/1009 2161/1446/1009 2129/1446/1009 2127/1445/1009
f 2161/1446/1009 2162/1447/1009 2130/1447/1009 2129/1446/1009
f 2162/1447/1009 2163/1448/1009 2131/1448/1009 2130/1447/1009
f 2163/1448/1009 2164/1449/1009 2132/1449/1009 2131/1448/1009
f 2164/1449/1009 2165/1450/1009 2133/1450/1009 2132/1449/1009
f 2165/1450/1009 2166/1451/1009 2134/1451/1009 2133/1450/1009
f 2166/1451/1009 2167/1452/1009 2135/1452/1009 2134/1451/1009
f 2167/1452/1009 2168/1453/1009 2136/1453/1009 2135/1452/1009
f 2168/1453/1009 2169/1454/1009 2137/1454/1009 2136/1453/1009
f 2169/1454/1009 2170/1455/1009 2138/1455/1009 2137/1454/1009
f 2170/1455/1009 2171/1456/1009 2139/1456/1009 2138/1455/1009
f 2171/1456/1009 2172/1457/1009 2140/1457/1009 2139/1456/1009
f 2172/1457/1009 2173/1458/1009 2141/1458/1009 2140/1457/1009
f 2173/1458/1009 2174/1459/1009 2142/1459/1009 2141/1458/1009
f 2174/1459/1009 2175/1460/1009 2143/1460/1009 2142/1459/1009
f 2175/1460/1009 2176/1461/1009 2144/1461/1009 2143/1460/1009
f 2176/1461/1009 2177/1462/1009 2145/1462/1009 2144/1461/1009
f 2177/1462/1009 2178/1463/1009 2146/1463/1009 2145/1462/1009
f 2178/1463/1009 2179/1464/1009 2147/1464/1009 2146/1463/1009
f 2179/1464/1009 2180/1465/1009 2148/1465/1009 2147/1464/1009
f 2180/1465/1009 2181/1466/1009 2149/1466/1009 2148/1465/1009
f 2181/1466/1009 2182/1467/1009 2150/1467/1009 2149/1466/1009
f 2182/1467/1009 2183/1468/1009 2151/1468/1009 2150/1467/1009
f 2183/1468/1009 2184/1469/1009 2152/1469/1009 2151/1468/1009
f 2184/1469/1009 2185/1470/1009 2153/1470/1009 2152/1469/1009
f 2185/1470/1009 2186/1471/1009 2154/1471/1009 2153/1470/1009
f 2186/1471/1009 2187/1472/1009 2155/1472/1009 2154/1471/1009
f 2187/1472/1009 2188/1473/1009 2156/1473/1009 2155/1472/1009
f 2188/1473/1009 2189/1474/1009 2157/1474/1009 2156/1473/1009
f 2189/1474/1009 2190/1475/1009 2158/1475/1009 2157/1474/1009
f 2190/1475/1009 2160/1444/1009 2128/1444/1009 2158/1475/1009
f 2064/1476/2 2066/1477/2 2159/1445/2 2160/1444/2
f 2066/1477/2 2068/1478/2 2161/1446/2 2159/1445/2
f 2068/1478/2 2070/1479/2 2162/1447/2 2161/1446/2
f 2070/1479/2 2072/1480/2 2163/1448/2 2162/1447/2
f 2072/1480/2 2074/1481/2 2164/1449/2 2163/1448/2
f 2074/1481/2 2076/1482/2 2165/1450/2 2164/1449/2
f 2076/1482/2 2078/1483/2 2166/1451/2 2165/1450/2
f 2078/1483/2 2080/1484/2 2167/1452/2 2166/1451/2
f 2080/1484/2 2082/1485/2 2168/1453/2 2167/1452/2
f 2082/1485/2 2084/1486/2 2169/1454/2 2168/1453/2
f 2084/1486/2 2086/1487/2 2170/1455/2 2169/1454/2
f 2086/1487/2 2088/1488/2 2171/1456/2 2170/1455/2
f 2088/1488/2 2090/1407/2 2172/1457/2 2171/1456/2
f 2090/1407/2 2092/1406/2 2173/1458/2 2172/1457/2
f 2092/1406/2 2094/1489/2 2174/1459/2 2173/1458/2
f 2094/1489/2 2096/1490/2 2175/1460/2 2174/1459/2
f 2096/1490/2 2098/1491/2 2176/1461/2 2175/1460/2
f 2098/1491/2 2100/1492/2 2177/1462/2 2176/1461/2
f 2100/1492/2 2102/1493/2 2178/1463/2 2177/1462/2
f 2102/1493/2 2104/1494/2 2179/1464/2 2178/1463/2
f 2104/1494/2 2106/1495/2 2180/1465/2 2179/1464/2
f 2106/1495/2 2108/1496/2 2181/1466/2 2180/1465/2
f 2108/1496/2 2110/1497/2 2182/1467/2 2181/1466/2
f 2110/1497/2 2112/1498/2 2183/1468/2 2182/1467/2
f 2112/1498/2 2114/1499/2 2184/1469/2 2183/1468/2
f 2114/1499/2 2116/1500/2 2185/1470/2 2184/1469/2
f 2116/1500/2 2118/1501/2 2186/1471/2 2185/1470/2
f 2118/1501/2 2120/1502/2 2187/1472/2 2186/1471/2
f 2120/1502/2 2122/1503/2 2188/1473/2 2187/1472/2
f 2122/1503/2 2124/1504/2 2189/1474/2 2188/1473/2
f 2124/1504/2 2126/1505/2 2190/1475/2 2189/1474/2
f 2126/1505/2 2064/1476/2 2160/1444/2 2190/1475/2
f 2197/1482/2524 2196/1481/2523 2228/1481/2523 2229/1482/2524
f 2066/1477/1009 2064/1476/1009 2192/1476/1009 2191/1477/1009
f 2120/1502/1009 2118/1501/1009 2218/1501/1009 2219/1502/1009
f 2094/1489/1009 2092/1406/1009 2205/1406/1009 2206/1489/1009
f 2068/1478/1009 2066/1477/1009 2191/1477/1009 2193/1478/1009
f 2122/1503/1009 2120/1502/1009 2219/1502/1009 2220/1503/1009
f 2096/1490/1009 2094/1489/1009 2206/1489/1009 2207/1490/1009
f 2070/1479/1009 2068/1478/1009 2193/1478/1009 2194/1479/1009
f 2124/1504/1009 2122/1503/1009 2220/1503/1009 2221/1504/1009
f 2098/1491/1009 2096/1490/1009 2207/1490/1009 2208/1491/1009
f 2072/1480/1009 2070/1479/1009 2194/1479/1009 2195/1480/1009
f 2126/1505/1009 2124/1504/1009 2221/1504/1009 2222/1505/1009
f 2100/1492/1009 2098/1491/1009 2208/1491/1009 2209/1492/1009
f 2074/1481/1009 2072/1480/1009 2195/1480/1009 2196/1481/1009
f 2064/1476/1009 2126/1505/1009 2222/1505/1009 2192/1476/1009
f 2102/1493/1009 2100/1492/1009 2209/1492/1009 2210/1493/1009
f 2076/1482/1009 2074/1481/1009 2196/1481/1009 2197/1482/1009
f 2104/1494/1009 2102/1493/1009 2210/1493/1009 2211/1494/1009
f 2078/1483/1009 2076/1482/1009 2197/1482/1009 2198/1483/1009
f 2106/1495/1009 2104/1494/1009 2211/1494/1009 2212/1495/1009
f 2080/1484/1009 2078/1483/1009 2198/1483/1009 2199/1484/1009
f 2108/1496/1009 2106/1495/1009 2212/1495/1009 2213/1496/1009
f 2082/1485/1009 2080/1484/1009 2199/1484/1009 2200/1485/1009
f 2110/1497/1009 2108/1496/1009 2213/1496/1009 2214/1497/1009
f 2084/1486/1009 2082/1485/1009 2200/1485/1009 2201/1486/1009
f 2112/1498/1009 2110/1497/1009 2214/1497/1009 2215/1498/1009
f 2086/1487/1009 2084/1486/1009 2201/1486/1009 2202/1487/1009
f 2114/1499/1009 2112/1498/1009 2215/1498/1009 2216/1499/1009
f 2088/1488/1009 2086/1487/1009 2202/1487/1009 2203/1488/1009
f 2116/1500/1009 2114/1499/1009 2216/1499/1009 2217/1500/1009
f 2090/1407/1009 2088/1488/1009 2203/1488/1009 2204/1407/1009
f 2118/1501/1009 2116/1500/1009 2217/1500/1009 2218/1501/1009
f 2223/1477/2 2224/1476/2 2254/1505/2 2253/1504/2 2252/1503/2 2251/1502/2 2250/1501/2 2249/1500/2 2248/1499/2 2247/1498/2 2246/1497/2 2245/1496/2 2244/1495/2 2243/1494/2 2242/1493/2 2241/1492/2 2240/1491/2 2239/1490/2 2238/1489/2 2237/1406/2 2236/1407/2 2235/1488/2 2234/1487/2 2233/1486/2 2232/1485/2 2231/1484/2 2230/1483/2 2229/1482/2 2228/1481/2 2227/1480/2 2226/1479/2 2225/1478/2
f 2211/1494/2536 2210/1493/2535 2242/1493/2535 2243/1494/2536
f 2198/1483/2525 2197/1482/2524 2229/1482/2524 2230/1483/2525
f 2212/1495/2537 2211/1494/2536 2243/1494/2536 2244/1495/2537
f 2199/1484/780 2198/1483/2525 2230/1483/2525 2231/1484/780
f 2213/1496/2538 2212/1495/2537 2244/1495/2537 2245/1496/2538
f 2200/1485/2526 2199/1484/780 2231/1484/780 2232/1485/2526
f 2214/1497/2539 2213/1496/2538 2245/1496/2538 2246/1497/2539
f 2201/1486/2527 2200/1485/2526 2232/1485/2526 2233/1486/2527
f 2215/1498/5 2214/1497/2539 2246/1497/2539 2247/1498/5
f 2202/1487/2528 2201/1486/2527 2233/1486/2527 2234/1487/2528
f 2216/1499/2540 2215/1498/5 2247/1498/5 2248/1499/2540
f 2203/1488/2529 2202/1487/2528 2234/1487/2528 2235/1488/2529
f 2217/1500/2541 2216/1499/2540 2248/1499/2540 2249/1500/2541
f 2204/1407/2530 2203/1488/2529 2235/1488/2529 2236/1407/2530
f 2218/1501/2542 2217/1500/2541 2249/1500/2541 2250/1501/2542
f 2205/1406/2531 2204/1407/2530 2236/1407/2530 2237/1406/2531
f 2191/1477/2519 2192/1476/1 2224/1476/1 2223/1477/2519
f 2219/1502/2543 2218/1501/2542 2250/1501/2542 2251/1502/2543
f 2206/1489/2532 2205/1406/2531 2237/1406/2531 2238/1489/2532
f 2193/1478/2520 2191/1477/2519 2223/1477/2519 2225/1478/2520
f 2220/1503/2544 2219/1502/2543 2251/1502/2543 2252/1503/2544
f 2207/1490/305 2206/1489/2532 2238/1489/2532 2239/1490/305
f 2194/1479/2521 2193/1478/2520 2225/1478/2520 2226/1479/2521
f 2221/1504/2545 2220/1503/2544 2252/1503/2544 2253/1504/2545
f 2208/1491/2533 2207/1490/305 2239/1490/305 2240/1491/2533
f 2195/1480/2522 2194/1479/2521 2226/1479/2521 2227/1480/2522
f 2222/1505/2546 2221/1504/2545 2253/1504/2545 2254/1505/2546
f 2209/1492/2534 2208/1491/2533 2240/1491/2533 2241/1492/2534
f 2196/1481/2523 2195/1480/2522 2227/1480/2522 2228/1481/2523
f 2192/1476/1 2222/1505/2546 2254/1505/2546 2224/1476/1
f 2210/1493/2535 2209/1492/2534 2241/1492/2534 2242/1493/2535
f 2125/1506/2532 2286/1507/2532 2255/1508/305 2063/1204/305
f 2123/1509/2531 2285/1510/2531 2286/1507/2532 2125/1506/2532
f 2121/1511/2530 2284/1512/2530 2285/1510/2531 2123/1509/2531
f 2119/1513/2529 2283/1514/2529 2284/1512/2530 2121/1511/2530
f 2117/1515/2528 2282/1516/2528 2283/1514/2529 2119/1513/2529
f 2115/1517/2527 2281/1518/2527 2282/1516/2528 2117/1515/2528
f 2113/1519/2526 2280/1520/2526 2281/1518/2527 2115/1517/2527
f 2111/1521/780 2279/1522/780 2280/1520/2526 2113/1519/2526
f 2109/1523/2525 2278/1524/2525 2279/1522/780 2111/1521/780
f 2107/1525/2524 2277/1526/2524 2278/1524/2525 2109/1523/2525
f 2105/1527/2523 2276/1528/2523 2277/1526/2524 2107/1525/2524
f 2103/1529/2522 2275/1530/2522 2276/1528/2523 2105/1527/2523
f 2101/1531/2521 2274/1532/2521 2275/1530/2522 2103/1529/2522
f 2099/1533/2520 2273/1534/2520 2274/1532/2521 2101/1531/2521
f 2097/1535/2519 2272/1536/2519 2273/1534/2520 2099/1533/2520
f 2095/1537/1 2271/1538/1 2272/1536/2519 2097/1535/2519
f 2093/906/2546 2270/1539/2546 2271/1538/1 2095/1537/1
f 2091/894/2545 2269/1540/2545 2270/1539/2546 2093/906/2546
f 2089/871/2544 2268/1541/2544 2269/1540/2545 2091/894/2545
f 2087/9/2543 2267/1542/2543 2268/1541/2544 2089/871/2544
f 2085/840/2542 2266/1543/2542 2267/1542/2543 2087/9/2543
f 2083/831/2541 2265/1544/2541 2266/1543/2542 2085/840/2542
f 2081/806/2540 2264/1545/2540 2265/1544/2541 2083/831/2541
f 2079/805/5 2263/1546/5 2264/1545/2540 2081/806/2540
f 2077/1547/2539 2262/1548/2539 2263/1546/5 2079/805/5
f 2075/1549/2538 2261/1550/2538 2262/1548/2539 2077/1547/2539
f 2073/1551/2537 2260/1552/2537 2261/1550/2538 2075/1549/2538
f 2071/1553/2536 2259/1554/2536 2260/1552/2537 2073/1551/2537
f 2069/1555/2535 2258/1556/2535 2259/1554/2536 2071/1553/2536
f 2067/1557/2534 2257/1558/2534 2258/1556/2535 2069/1555/2535
f 2065/1559/2533 2256/1560/2533 2257/1558/2534 2067/1557/2534
f 2063/1218/305 2255/1561/305 2256/1560/2533 2065/1559/2533
f 2318/1506/2546 2350/1507/2546 2319/1508/1 2287/1204/1
f 2317/1509/2545 2349/1510/2545 2350/1507/2546 2318/1506/2546
f 2316/1511/2544 2348/1512/2544 2349/1510/2545 2317/1509/2545
f 2315/1513/2543 2347/1514/2543 2348/1512/2544 2316/1511/2544
f 2314/1515/2542 2346/1516/2542 2347/1514/2543 2315/1513/2543
f 2313/1517/2541 2345/1518/2541 2346/1516/2542 2314/1515/2542
f 2312/1519/2540 2344/1520/2540 2345/1518/2541 2313/1517/2541
f 2311/1521/5 2343/1522/5 2344/1520/2540 2312/1519/2540
f 2310/1523/2539 2342/1524/2539 2343/1522/5 2311/1521/5
f 2309/1525/2538 2341/1526/2538 2342/1524/2539 2310/1523/2539
f 2308/1527/2537 2340/1528/2537 2341/1526/2538 2309/1525/2538
f 2307/1529/2536 2339/1530/2536 2340/1528/2537 2308/1527/2537
f 2306/1531/2535 2338/1532/2535 2339/1530/2536 2307/1529/2536
f 2305/1533/2534 2337/1534/2534 2338/1532/2535 2306/1531/2535
f 2304/1535/2533 2336/1536/2533 2337/1534/2534 2305/1533/2534
f 2303/1537/305 2335/1538/305 2336/1536/2533 2304/1535/2533
f 2302/906/2532 2334/1539/2532 2335/1538/305 2303/1537/305
f 2301/894/2531 2333/1540/2531 2334/1539/2532 2302/906/2532
f 2300/871/2530 2332/1541/2530 2333/1540/2531 2301/894/2531
f 2299/9/2529 2331/1542/2529 2332/1541/2530 2300/871/2530
f 2298/840/2528 2330/1543/2528 2331/1542/2529 2299/9/2529
f 2297/831/2527 2329/1544/2527 2330/1543/2528 2298/840/2528
f 2296/806/2526 2328/1545/2526 2329/1544/2527 2297/831/2527
f 2295/805/780 2327/1546/780 2328/1545/2526 2296/806/2526
f 2294/1547/2525 2326/1548/2525 2327/1546/780 2295/805/780
f 2293/1549/2524 2325/1550/2524 2326/1548/2525 2294/1547/2525
f 2292/1551/2523 2324/1552/2523 2325/1550/2524 2293/1549/2524
f 2291/1553/2522 2323/1554/2522 2324/1552/2523 2292/1551/2523
f 2290/1555/2521 2322/1556/2521 2323/1554/2522 2291/1553/2522
f 2289/1557/2520 2321/1558/2520 2322/1556/2521 2290/1555/2521
f 2288/1559/2519 2320/1560/2519 2321/1558/2520 2289/1557/2520
f 2287/1218/1 2319/1561/1 2320/1560/2519 2288/1559/2519
f 2286/1507/2546 2382/1409/2546 2351/1411/1 2255/1508/1
f 2285/1510/2545 2381/1405/2545 2382/1409/2546 2286/1507/2546
f 2284/1512/2544 2380/1403/2544 2381/1405/2545 2285/1510/2545
f 2283/1514/2543 2379/1401/2543 2380/1403/2544 2284/1512/2544
f 2282/1516/2542 2378/1399/2542 2379/1401/2543 2283/1514/2543
f 2281/1518/2541 2377/1397/2541 2378/1399/2542 2282/1516/2542
f 2280/1520/2540 2376/1395/2540 2377/1397/2541 2281/1518/2541
f 2279/1522/5 2375/1393/5 2376/1395/2540 2280/1520/2540
f 2278/1524/2539 2374/1391/2539 2375/1393/5 2279/1522/5
f 2277/1526/2538 2373/1389/2538 2374/1391/2539 2278/1524/2539
f 2276/1528/2537 2372/1387/2537 2373/1389/2538 2277/1526/2538
f 2275/1530/2536 2371/1385/2536 2372/1387/2537 2276/1528/2537
f 2274/1532/2535 2370/1383/2535 2371/1385/2536 2275/1530/2536
f 2273/1534/2534 2369/1381/2534 2370/1383/2535 2274/1532/2535
f 2272/1536/2533 2368/1379/2533 2369/1381/2534 2273/1534/2534
f 2271/1538/305 2367/1377/305 2368/1379/2533 2272/1536/2533
f 2270/1539/2532 2366/1375/2532 2367/1377/305 2271/1538/305
f 2269/1540/2531 2365/1373/2531 2366/1375/2532 2270/1539/2532
f 2268/1541/2530 2364/1371/2530 2365/1373/2531 2269/1540/2531
f 2267/1542/2529 2363/1369/2529 2364/1371/2530 2268/1541/2530
f 2266/1543/2528 2362/1367/2528 2363/1369/2529 2267/1542/2529
f 2265/1544/2527 2361/1365/2527 2362/1367/2528 2266/1543/2528
f 2264/1545/2526 2360/1363/2526 2361/1365/2527 2265/1544/2527
f 2263/1546/780 2359/1361/780 2360/1363/2526 2264/1545/2526
f 2262/1548/2525 2358/1359/2525 2359/1361/780 2263/1546/780
f 2261/1550/2524 2357/1357/2524 2358/1359/2525 2262/1548/2525
f 2260/1552/2523 2356/1355/2523 2357/1357/2524 2261/1550/2524
f 2259/1554/2522 2355/1353/2522 2356/1355/2523 2260/1552/2523
f 2258/1556/2521 2354/1351/2521 2355/1353/2522 2259/1554/2522
f 2257/1558/2520 2353/1349/2520 2354/1351/2521 2258/1556/2521
f 2256/1560/2519 2352/1347/2519 2353/1349/2520 2257/1558/2520
f 2255/1561/1 2351/1344/1 2352/1347/2519 2256/1560/2519
f 2413/855/2752 2405/847/2752 2642/847/2752 2645/855/2752
f 2460/962/2753 2427/961/2754 2664/961/2754 2646/962/2755
f 2462/967/2825 2461/965/2825 2647/965/2825 2648/967/2825
f 2394/806/305 2402/831/305 2410/840/305 2418/9/305 2426/871/305 2435/894/305 2443/906/305 2451/927/305 2459/936/305 2467/960/305 2475/984/305 2483/993/305 2491/1017/305 2499/1026/305 2507/1049/305 2515/1058/305 2523/1082/305 2531/1090/305 2539/1115/305 2547/1127/305 2555/1148/305 2563/1157/305 2571/1181/305 2579/1204/305 2587/1219/305 2595/1252/305 2603/1261/305 2611/1285/305 2619/1294/305 2627/1318/305 2635/1326/305 2386/805/305
f 2470/974/2899 2462/967/2899 2648/967/2899 2651/974/2899
f 2597/1266/2902 2598/1268/2906 2663/1268/2906 2662/1266/2903
f 2461/965/2907 2460/962/2753 2646/962/2755 2647/965/2907
f 2824/1131/2941 2816/1122/2941 2936/1122/2941 2939/1131/2941
f 2829/1127/2748 2828/1139/2747 2836/1146/2765 2837/1148/2766
f 2837/1148/2766 2836/1146/2765 2844/1170/2773 2845/1157/2774
f 2845/1157/2774 2844/1170/2773 2852/1179/2785 2853/1181/2786
f 2853/1181/2786 2852/1179/2785 2860/1202/2790 2861/1204/2791
f 2861/1218/2791 2860/1212/2790 2868/1215/2802 2869/1219/2803
f 2869/1219/2803 2868/1215/2802 2876/1250/2815 2877/1252/2816
f 2744/967/2983 2743/965/2983 2929/965/2983 2930/967/2983
f 2917/1326/2860 2916/1325/2859 2667/801/2910 2668/805/2911
f 2676/806/305 2684/831/305 2692/840/305 2700/9/305 2708/871/305 2717/894/305 2725/906/305 2733/927/305 2741/936/305 2749/960/305 2757/984/305 2765/993/305 2773/1017/305 2781/1026/305 2789/1049/305 2797/1058/305 2805/1082/305 2813/1090/305 2821/1115/305 2829/1127/305 2837/1148/305 2845/1157/305 2853/1181/305 2861/1204/305 2869/1219/305 2877/1252/305 2885/1261/305 2893/1285/305 2901/1294/305 2909/1318/305 2917/1326/305 2668/805/305
f 2814/1117/2945 2709/1116/3014 2946/1116/3014 2934/1117/2946
f 2709/1286/3019 2878/1263/3020 2943/1263/3021 2946/1286/3019
f 2752/974/3022 2744/967/3022 2930/967/3022 2933/974/3022
f 2974/840/2579 2973/837/2578 2981/861/2595 2982/9/2596
f 2982/9/2596 2981/861/2595 2989/870/2602 2990/871/2603
f 2990/871/2603 2989/870/2602 2998/892/2618 2999/894/2619
f 2999/894/2619 2998/892/2618 3006/918/2623 3007/906/2624
f 3007/906/2624 3006/918/2623 3014/925/2636 3015/927/2637
f 3015/927/2637 3014/925/2636 3022/949/2641 3023/936/2642
f 3106/1131/2660 3098/1122/2660 3218/1122/2660 3221/1131/2660
f 3033/971/2822 3034/974/3088 3215/974/3088 3214/971/3089
f 2958/806/305 2966/831/305 2974/840/305 2982/9/305 2990/871/305 2999/894/305 3007/906/305 3015/927/305 3023/936/305 3031/960/305 3039/984/305 3047/993/305 3055/1017/305 3063/1026/305 3071/1049/305 3079/1058/305 3087/1082/305 3095/1090/305 3103/1115/305 3111/1127/305 3119/1148/305 3127/1157/305 3135/1181/305 3143/1204/305 3151/1219/305 3159/1252/305 3167/1261/305 3175/1285/305 3183/1294/305 3191/1318/305 3199/1326/305 2950/805/305
f 3105/1129/2585 3106/1131/3113 3221/1131/3113 3220/1129/2917
f 3162/1268/3121 3154/1241/3121 3224/1241/3121 3227/1268/3121
f 3272/871/2603 3271/870/2602 3280/892/2618 3281/894/2619
f 3388/1131/2941 3380/1122/2941 3500/1122/2941 3503/1131/2941
f 3259/855/2752 3251/847/2752 3488/847/2752 3491/855/2752
f 3240/806/305 3248/831/305 3256/840/305 3264/9/305 3272/871/305 3281/894/305 3289/906/305 3297/927/305 3305/936/305 3313/960/305 3321/984/305 3329/993/305 3337/1017/305 3345/1026/305 3353/1049/305 3361/1058/305 3369/1082/305 3377/1090/305 3385/1115/305 3393/1127/305 3401/1148/305 3409/1157/305 3417/1181/305 3425/1204/305 3433/1219/305 3441/1252/305 3449/1261/305 3457/1285/305 3465/1294/305 3473/1318/305 3481/1326/305 3232/805/305
f 3498/1117/3005 3510/1123/3006 3501/1124/3005
f 3250/845/3114 3249/842/3150 3486/842/3152 3487/845/3114
f 3436/1241/3018 3435/1240/3174 3505/1240/2892 3506/1241/3018
f 3251/847/3176 3250/845/3176 3487/845/3176 3488/847/3176
f 3444/1268/3121 3436/1241/3121 3506/1241/3121 3509/1268/3121
f 3546/9/2596 3545/861/2595 3553/870/2602 3554/871/2603
f 3554/871/2603 3553/870/2602 3562/892/2618 3563/894/2619
f 3563/894/2619 3562/892/2618 3570/918/2623 3571/906/2624
f 3570/918/2623 3569/916/2622 3577/923/2635 3578/925/3135
f 3571/906/2624 3570/918/2623 3578/925/3135 3579/927/2637
f 3579/927/2637 3578/925/3135 3586/949/2641 3587/936/2642
f 3670/1131/3199 3662/1122/3199 3782/1122/3199 3785/1131/3199
f 3522/806/305 3530/831/305 3538/840/305 3546/9/305 3554/871/305 3563/894/305 3571/906/305 3579/927/305 3587/936/305 3595/960/305 3603/984/305 3611/993/305 3619/1017/305 3627/1026/305 3635/1049/305 3643/1058/305 3651/1082/305 3659/1090/305 3667/1115/305 3675/1127/305 3683/1148/305 3691/1157/305 3699/1181/305 3707/1204/305 3715/1219/305 3723/1252/305 3731/1261/305 3739/1285/305 3747/1294/305 3755/1318/305 3763/1326/305 3514/805/305
f 3718/1241/3238 3717/1240/3235 3787/1240/3236 3788/1241/3238
f 3952/1131/2941 3944/1122/2941 4064/1122/2941 4067/1131/2941
f 3823/855/3269 3815/847/3269 4052/847/3269 4055/855/3269
f 3957/1127/2748 3956/1139/2747 3964/1146/2765 3965/1148/2766
f 3965/1148/2766 3964/1146/2765 3972/1170/2773 3973/1157/2774
f 3973/1157/2774 3972/1170/2773 3980/1179/2785 3981/1181/2786
f 3981/1181/2786 3980/1179/2785 3988/1202/2790 3989/1204/2791
f 3989/1218/2791 3988/1212/2790 3996/1215/2802 3997/1219/2803
f 3997/1219/2803 3996/1215/2802 4004/1250/2815 4005/1252/2816
f 3872/967/2983 3871/965/2983 4057/965/2983 4058/967/2983
f 3804/806/305 3812/831/305 3820/840/305 3828/9/305 3836/871/305 3845/894/305 3853/906/305 3861/927/305 3869/936/305 3877/960/305 3885/984/305 3893/993/305 3901/1017/305 3909/1026/305 3917/1049/305 3925/1058/305 3933/1082/305 3941/1090/305 3949/1115/305 3957/1127/305 3965/1148/305 3973/1157/305 3981/1181/305 3989/1204/305 3997/1219/305 4005/1252/305 4013/1261/305 4021/1285/305 4029/1294/305 4037/1318/305 4045/1326/305 3796/805/305
f 3837/1286/3288 4006/1263/2897 4071/1263/3289 4074/1286/3288
f 4007/1266/2902 4008/1268/2906 4073/1268/2906 4072/1266/3025
usemtl 材质.020
f 1582/791/2047 2056/792/2048 1590/793/2049 1591/794/2050
f 2057/797/2053 1582/791/2047 1591/794/2050 1592/798/2054
f 1583/801/2057 2057/797/2053 1592/798/2054 1593/802/2058
f 2054/807/2062 1662/808/1 1587/809/2063
f 2055/813/2066 2054/807/2062 1587/809/2063 1588/814/2067
f 1581/817/2070 2055/813/2066 1588/814/2067 1589/818/2071
f 2056/792/2048 1581/817/2070 1589/818/2071 1590/793/2049
f 1589/818/2071 1588/814/2067 1603/819/2072 1604/820/2073
f 1590/793/2049 1589/818/2071 1604/820/2073 1605/823/2076
f 1591/794/2050 1590/793/2049 1605/823/2076 1606/825/2078
f 1592/798/2054 1591/794/2050 1606/825/2078 1607/827/2080
f 1593/802/2058 1592/798/2054 1607/827/2080 1608/829/2082
f 1587/809/2063 1662/832/1 1602/833/2085
f 1588/814/2067 1587/809/2063 1602/833/2085 1603/819/2072
f 1608/829/2082 1607/827/2080 1622/836/2087 1623/837/2088
f 1616/830/2083 1615/828/2081 1630/838/2089 1631/839/2090
f 1609/831/2084 1608/829/2082 1623/837/2088 1624/840/2091
f 1602/833/2085 1662/841/1 1617/842/2092
f 1610/835/2086 1609/831/2084 1624/840/2091 1625/844/2093
f 1603/819/2072 1602/833/2085 1617/842/2092 1618/845/2094
f 1611/821/2074 1610/835/2086 1625/844/2093 1626/846/2095
f 1604/820/2073 1603/819/2072 1618/845/2094 1619/847/2096
f 1612/822/2075 1611/821/2074 1626/846/2095 1627/848/2097
f 1605/823/2076 1604/820/2073 1619/847/2096 1620/849/2098
f 1613/824/2077 1612/822/2075 1627/848/2097 1628/850/2099
f 1606/825/2078 1605/823/2076 1620/849/2098 1621/851/2100
f 1614/826/2079 1613/824/2077 1628/850/2099 1629/852/2101
f 1607/827/2080 1606/825/2078 1621/851/2100 1622/836/2087
f 1615/828/2081 1614/826/2079 1629/852/2101 1630/838/2089
f 1620/849/2098 1619/847/2096 1634/855/2104 1635/12/2105
f 1621/851/2100 1620/849/2098 1635/12/2105 1636/857/2107
f 1622/836/2087 1621/851/2100 1636/857/2107 1637/859/2109
f 1623/837/2088 1622/836/2087 1637/859/2109 1638/861/2111
f 1617/842/2092 1662/863/1 1632/864/2114
f 1618/845/2094 1617/842/2092 1632/864/2114 1633/867/2116
f 1619/847/2096 1618/845/2094 1633/867/2116 1634/855/2104
f 1632/864/2114 1662/872/1 1647/873/2121
f 1633/867/2116 1632/864/2114 1647/873/2121 1648/876/2123
f 1634/855/2104 1633/867/2116 1648/876/2123 1649/878/2125
f 1635/12/2105 1634/855/2104 1649/878/2125 1650/880/2127
f 1636/857/2107 1635/12/2105 1650/880/2127 1651/882/2129
f 1637/859/2109 1636/857/2107 1651/882/2129 1652/884/2131
f 1638/861/2111 1637/859/2109 1652/884/2131 1653/870/2119
f 1651/882/2129 1650/880/2127 1666/887/2134 1667/888/2135
f 1652/884/2131 1651/882/2129 1667/888/2135 1668/890/2137
f 1653/870/2119 1652/884/2131 1668/890/2137 1669/892/2139
f 1647/873/2121 1662/895/1 1663/896/2142
f 1648/876/2123 1647/873/2121 1663/896/2142 1664/899/2144
f 1649/878/2125 1648/876/2123 1664/899/2144 1665/901/2146
f 1650/880/2127 1649/878/2125 1665/901/2146 1666/887/2134
f 1663/896/2142 1662/902/1 1678/903/2147
f 1664/899/2144 1663/896/2142 1678/903/2147 1679/908/2151
f 1665/901/2146 1664/899/2144 1679/908/2151 1680/910/2153
f 1666/887/2134 1665/901/2146 1680/910/2153 1681/912/2155
f 1667/888/2135 1666/887/2134 1681/912/2155 1682/914/2157
f 1668/890/2137 1667/888/2135 1682/914/2157 1683/916/2159
f 1669/892/2139 1668/890/2137 1683/916/2159 1684/918/2161
f 1682/914/2157 1681/912/2155 1696/919/2162 1697/920/2163
f 1683/916/2159 1682/914/2157 1697/920/2163 1698/923/2166
f 1684/918/2161 1683/916/2159 1698/923/2166 1699/925/2168
f 1678/903/2147 1662/928/1 1693/929/2170
f 1679/908/2151 1678/903/2147 1693/929/2170 1694/932/2172
f 1680/910/2153 1679/908/2151 1694/932/2172 1695/934/2174
f 1681/912/2155 1680/910/2153 1695/934/2174 1696/919/2162
f 1694/932/2172 1693/929/2170 1708/938/2178 1709/939/2179
f 1695/934/2174 1694/932/2172 1709/939/2179 1710/941/2181
f 1696/919/2162 1695/934/2174 1710/941/2181 1711/943/2183
f 1697/920/2163 1696/919/2162 1711/943/2183 1712/945/2185
f 1698/923/2166 1697/920/2163 1712/945/2185 1713/947/2187
f 1699/925/2168 1698/923/2166 1713/947/2187 1714/949/2189
f 1693/929/2170 1662/951/1 1708/938/2178
f 1713/947/2187 1712/945/2185 1727/955/2193 1728/956/2194
f 1714/949/2189 1713/947/2187 1728/956/2194 1729/958/2196
f 1708/938/2178 1662/961/1 1723/962/2199
f 1709/939/2179 1708/938/2178 1723/962/2199 1724/965/2201
f 1710/941/2181 1709/939/2179 1724/965/2201 1725/967/2203
f 1711/943/2183 1710/941/2181 1725/967/2203 1726/969/2205
f 1712/945/2185 1711/943/2183 1726/969/2205 1727/955/2193
f 1724/965/2201 1723/962/2199 1738/970/2206 1739/971/2207
f 1732/966/2202 1731/964/2200 1746/972/2208 1747/973/2209
f 1725/967/2203 1724/965/2201 1739/971/2207 1740/974/2210
f 1733/968/2204 1732/966/2202 1747/973/2209 1748/975/2211
f 1726/969/2205 1725/967/2203 1740/974/2210 1741/976/2212
f 1734/953/2191 1733/968/2204 1748/975/2211 1749/977/2213
f 1727/955/2193 1726/969/2205 1741/976/2212 1742/978/2214
f 1735/954/2192 1734/953/2191 1749/977/2213 1750/979/2215
f 1728/956/2194 1727/955/2193 1742/978/2214 1743/980/2216
f 1736/957/2195 1735/954/2192 1750/979/2215 1751/981/2217
f 1729/958/2196 1728/956/2194 1743/980/2216 1744/982/2218
f 1737/959/2197 1736/957/2195 1751/981/2217 1752/983/2219
f 1730/960/2198 1729/958/2196 1744/982/2218 1745/984/2220
f 1723/962/2199 1662/985/1 1738/970/2206
f 1731/964/2200 1730/960/2198 1745/984/2220 1746/972/2208
f 1743/980/2216 1742/978/2214 1757/987/2221 1758/988/2222
f 1744/982/2218 1743/980/2216 1758/988/2222 1759/991/2225
f 1738/970/2206 1662/994/1 1753/995/2228
f 1739/971/2207 1738/970/2206 1753/995/2228 1754/998/2230
f 1740/974/2210 1739/971/2207 1754/998/2230 1755/1000/2232
f 1741/976/2212 1740/974/2210 1755/1000/2232 1756/1002/2234
f 1742/978/2214 1741/976/2212 1756/1002/2234 1757/987/2221
f 1755/1000/2232 1754/998/2230 1769/1006/2238 1770/1007/2239
f 1756/1002/2234 1755/1000/2232 1770/1007/2239 1771/1009/2241
f 1757/987/2221 1756/1002/2234 1771/1009/2241 1772/1011/2243
f 1758/988/2222 1757/987/2221 1772/1011/2243 1773/1013/2245
f 1759/991/2225 1758/988/2222 1773/1013/2245 1774/1015/2247
f 1753/995/2228 1662/1018/1 1768/1019/2250
f 1754/998/2230 1753/995/2228 1768/1019/2250 1769/1006/2238
f 1774/1015/2247 1773/1013/2245 1788/1023/2253 1789/1024/2254
f 1768/1019/2250 1662/1027/1 1783/1028/2257
f 1769/1006/2238 1768/1019/2250 1783/1028/2257 1784/1031/2259
f 1770/1007/2239 1769/1006/2238 1784/1031/2259 1785/1033/2261
f 1771/1009/2241 1770/1007/2239 1785/1033/2261 1786/1035/2263
f 1772/1011/2243 1771/1009/2241 1786/1035/2263 1787/1037/2265
f 1773/1013/2245 1772/1011/2243 1787/1037/2265 1788/1023/2253
f 1786/1035/2263 1785/1033/2261 1800/1040/2268 1801/1041/2269
f 1787/1037/2265 1786/1035/2263 1801/1041/2269 1802/1043/2271
f 1788/1023/2253 1787/1037/2265 1802/1043/2271 1803/1045/2273
f 1789/1024/2254 1788/1023/2253 1803/1045/2273 1804/1047/2275
f 1783/1028/2257 1662/1050/1 1798/1051/2278
f 1784/1031/2259 1783/1028/2257 1798/1051/2278 1799/1054/2280
f 1785/1033/2261 1784/1031/2259 1799/1054/2280 1800/1040/2268
f 1798/1051/2278 1662/1059/1 1813/1060/2284
f 1799/1054/2280 1798/1051/2278 1813/1060/2284 1814/1063/2286
f 1800/1040/2268 1799/1054/2280 1814/1063/2286 1815/1065/2288
f 1801/1041/2269 1800/1040/2268 1815/1065/2288 1816/1067/2290
f 1802/1043/2271 1801/1041/2269 1816/1067/2290 1817/1069/2292
f 1803/1045/2273 1802/1043/2271 1817/1069/2292 1818/1071/2294
f 1804/1047/2275 1803/1045/2273 1818/1071/2294 1819/1057/2283
f 1816/1067/2290 1815/1065/2288 1830/1072/2295 1831/1073/2296
f 1824/1068/2291 1823/1066/2289 1838/1074/2297 1839/1075/2298
f 1817/1069/2292 1816/1067/2290 1831/1073/2296 1832/1076/2299
f 1825/1070/2293 1824/1068/2291 1839/1075/2298 1840/1077/2300
f 1818/1071/2294 1817/1069/2292 1832/1076/2299 1833/1078/2301
f 1826/1055/2281 1825/1070/2293 1840/1077/2300 1841/1079/2302
f 1819/1057/2283 1818/1071/2294 1833/1078/2301 1834/1080/2303
f 1827/1056/2282 1826/1055/2281 1841/1079/2302 1842/1081/2304
f 1820/1058/2 1819/1057/2283 1834/1080/2303 1835/1082/2305
f 1813/1060/2284 1662/1083/1 1828/1084/2306
f 1821/1062/2285 1820/1058/2 1835/1082/2305 1836/1086/2307
f 1814/1063/2286 1813/1060/2284 1828/1084/2306 1829/1087/2308
f 1822/1064/2287 1821/1062/2285 1836/1086/2307 1837/1088/2309
f 1815/1065/2288 1814/1063/2286 1829/1087/2308 1830/1072/2295
f 1823/1066/2289 1822/1064/2287 1837/1088/2309 1838/1074/2297
f 1828/1084/2306 1662/1091/1 1843/1092/2312
f 1829/1087/2308 1828/1084/2306 1843/1092/2312 1844/1096/2315
f 1830/1072/2295 1829/1087/2308 1844/1096/2315 1845/1098/2317
f 1831/1073/2296 1830/1072/2295 1845/1098/2317 1846/1100/2319
f 1832/1076/2299 1831/1073/2296 1846/1100/2319 1847/1102/2321
f 1833/1078/2301 1832/1076/2299 1847/1102/2321 1848/1104/2323
f 1834/1080/2303 1833/1078/2301 1848/1104/2323 1849/1089/2310
f 1847/1102/2321 1846/1100/2319 1861/1108/2327 1862/1109/2328
f 1848/1104/2323 1847/1102/2321 1862/1109/2328 1863/1111/2330
f 1849/1089/2310 1848/1104/2323 1863/1111/2330 1864/1113/2332
f 1843/1092/2312 1662/1116/1 1858/1117/2335
f 1844/1096/2315 1843/1092/2312 1858/1117/2335 1859/1120/2337
f 1845/1098/2317 1844/1096/2315 1859/1120/2337 1860/1122/2339
f 1846/1100/2319 1845/1098/2317 1860/1122/2339 1861/1108/2327
f 1858/1117/2335 1662/1123/1 1873/1124/2340
f 1859/1120/2337 1858/1117/2335 1873/1124/2340 1874/1129/2344
f 1860/1122/2339 1859/1120/2337 1874/1129/2344 1875/1131/2346
f 1861/1108/2327 1860/1122/2339 1875/1131/2346 1876/1133/2348
f 1862/1109/2328 1861/1108/2327 1876/1133/2348 1877/1135/2350
f 1863/1111/2330 1862/1109/2328 1877/1135/2350 1878/1137/2352
f 1864/1113/2332 1863/1111/2330 1878/1137/2352 1879/1139/2354
f 1877/1135/2350 1876/1133/2348 1892/1140/2355 1893/1141/2356
f 1878/1137/2352 1877/1135/2350 1893/1141/2356 1894/1144/2359
f 1879/1139/2354 1878/1137/2352 1894/1144/2359 1895/1146/2361
f 1873/1124/2340 1662/1149/1 1889/1150/2364
f 1874/1129/2344 1873/1124/2340 1889/1150/2364 1890/1153/2366
f 1875/1131/2346 1874/1129/2344 1890/1153/2366 1891/1155/2368
f 1876/1133/2348 1875/1131/2346 1891/1155/2368 1892/1140/2355
f 1890/1153/2366 1889/1150/2364 1904/1159/2372 1905/1160/2373
f 1891/1155/2368 1890/1153/2366 1905/1160/2373 1906/1162/2375
f 1892/1140/2355 1891/1155/2368 1906/1162/2375 1907/1164/2377
f 1893/1141/2356 1892/1140/2355 1907/1164/2377 1908/1166/2379
f 1894/1144/2359 1893/1141/2356 1908/1166/2379 1909/1168/2381
f 1895/1146/2361 1894/1144/2359 1909/1168/2381 1910/1170/2383
f 1889/1150/2364 1662/1172/1 1904/1159/2372
f 1909/1168/2381 1908/1166/2379 1923/1176/2387 1924/1177/2388
f 1910/1170/2383 1909/1168/2381 1924/1177/2388 1925/1179/2390
f 1904/1159/2372 1662/1182/1 1919/1183/2393
f 1905/1160/2373 1904/1159/2372 1919/1183/2393 1920/1186/2395
f 1906/1162/2375 1905/1160/2373 1920/1186/2395 1921/1188/2397
f 1907/1164/2377 1906/1162/2375 1921/1188/2397 1922/1190/2399
f 1908/1166/2379 1907/1164/2377 1922/1190/2399 1923/1176/2387
f 1921/1188/2397 1920/1186/2395 1935/1193/2402 1936/1194/2403
f 1922/1190/2399 1921/1188/2397 1936/1194/2403 1937/1196/2405
f 1923/1176/2387 1922/1190/2399 1937/1196/2405 1938/1198/2407
f 1924/1177/2388 1923/1176/2387 1938/1198/2407 1939/1200/2409
f 1925/1179/2390 1924/1177/2388 1939/1200/2409 1940/1202/2411
f 1919/1183/2393 1662/1205/1 1934/1206/2413
f 1920/1186/2395 1919/1183/2393 1934/1206/2413 1935/1193/2402
f 1940/1212/2411 1939/1213/2409 1954/1214/2416 1955/1215/2417
f 1934/1220/2413 1662/1221/1 1949/1222/2420
f 1935/1226/2402 1934/1220/2413 1949/1222/2420 1950/1227/2422
f 1936/1230/2403 1935/1226/2402 1950/1227/2422 1951/1231/2424
f 1937/1234/2405 1936/1230/2403 1951/1231/2424 1952/1235/2426
f 1938/1238/2407 1937/1234/2405 1952/1235/2426 1953/1239/2428
f 1939/1213/2409 1938/1238/2407 1953/1239/2428 1954/1214/2416
f 1951/1231/2424 1950/1227/2422 1965/1240/2429 1966/1241/2430
f 1952/1235/2426 1951/1231/2424 1966/1241/2430 1967/1244/2433
f 1953/1239/2428 1952/1235/2426 1967/1244/2433 1968/1246/2435
f 1954/1214/2416 1953/1239/2428 1968/1246/2435 1969/1248/2437
f 1955/1215/2417 1954/1214/2416 1969/1248/2437 1970/1250/2439
f 1949/1222/2420 1662/1253/1 1964/1254/2442
f 1950/1227/2422 1949/1222/2420 1964/1254/2442 1965/1240/2429
f 1970/1250/2439 1969/1248/2437 1984/1257/2444 1985/1258/2445
f 1964/1254/2442 1662/1262/1 1979/1263/2449
f 1965/1240/2429 1964/1254/2442 1979/1263/2449 1980/1266/2451
f 1966/1241/2430 1965/1240/2429 1980/1266/2451 1981/1268/2453
f 1967/1244/2433 1966/1241/2430 1981/1268/2453 1982/1270/2455
f 1968/1246/2435 1967/1244/2433 1982/1270/2455 1983/1272/2457
f 1969/1248/2437 1968/1246/2435 1983/1272/2457 1984/1257/2444
f 1982/1270/2455 1981/1268/2453 1996/1276/2461 1997/1277/2462
f 1983/1272/2457 1982/1270/2455 1997/1277/2462 1998/1279/2464
f 1984/1257/2444 1983/1272/2457 1998/1279/2464 1999/1281/2466
f 1985/1258/2445 1984/1257/2444 1999/1281/2466 2000/1283/2468
f 1979/1263/2449 1662/1286/1 1994/1287/2471
f 1980/1266/2451 1979/1263/2449 1994/1287/2471 1995/1290/2473
f 1981/1268/2453 1980/1266/2451 1995/1290/2473 1996/1276/2461
f 1994/1287/2471 1662/1295/1 2009/1296/2478
f 1995/1290/2473 1994/1287/2471 2009/1296/2478 2010/1299/2480
f 1996/1276/2461 1995/1290/2473 2010/1299/2480 2011/1301/2482
f 1997/1277/2462 1996/1276/2461 2011/1301/2482 2012/1303/2484
f 1998/1279/2464 1997/1277/2462 2012/1303/2484 2013/1305/2486
f 1999/1281/2466 1998/1279/2464 2013/1305/2486 2014/1307/2488
f 2000/1283/2468 1999/1281/2466 2014/1307/2488 2015/1293/2476
f 2012/1303/2484 2011/1301/2482 2026/1308/2489 2027/1309/2490
f 2013/1305/2486 2012/1303/2484 2027/1309/2490 2028/1312/2493
f 2014/1307/2488 2013/1305/2486 2028/1312/2493 2029/1314/2495
f 2015/1293/2476 2014/1307/2488 2029/1314/2495 2030/1316/2497
f 2009/1296/2478 1662/1319/1 2024/1320/2500
f 2010/1299/2480 2009/1296/2478 2024/1320/2500 2025/1323/2502
f 2011/1301/2482 2010/1299/2480 2025/1323/2502 2026/1308/2489
f 2024/1320/2500 1662/1327/1 2039/1328/2506
f 2025/1323/2502 2024/1320/2500 2039/1328/2506 2040/1332/2509
f 2026/1308/2489 2025/1323/2502 2040/1332/2509 2041/1334/2511
f 2027/1309/2490 2026/1308/2489 2041/1334/2511 2042/1336/2513
f 2028/1312/2493 2027/1309/2490 2042/1336/2513 2043/1338/2515
f 2029/1314/2495 2028/1312/2493 2043/1338/2515 2044/1340/2517
f 2030/1316/2497 2029/1314/2495 2044/1340/2517 2045/1325/2504
f 2043/1338/2515 2042/1336/2513 2056/792/2048 1582/791/2047
f 2044/1340/2517 2043/1338/2515 1582/791/2047 2057/797/2053
f 2045/1325/2504 2044/1340/2517 2057/797/2053 1583/801/2057
f 2039/1328/2506 1662/1342/1 2054/807/2062
f 2040/1332/2509 2039/1328/2506 2054/807/2062 2055/813/2066
f 2041/1334/2511 2040/1332/2509 2055/813/2066 1581/817/2070
f 2042/1336/2513 2041/1334/2511 1581/817/2070 2056/792/2048
usemtl 材质.022
f 234/220/172 235/221/173 236/222/174 237/223/175
f 265/249/193 235/221/173 234/220/172 262/246/190
f 65/54/40 163/152/127 161/150/125 67/56/42
f 208/197/150 212/201/154 214/203/156
f 738/727/882 739/728/883 740/729/884 741/730/885
f 746/735/950 738/727/882 741/730/885 747/736/951
f 740/729/884 742/731/952 745/734/953 741/730/885
f 746/735/950 655/644/958 652/641/821 738/727/882
f 741/730/885 745/734/953 747/736/951
f 898/97/1097 1000/199/1175 1018/217/1189 904/103/1107
f 1150/350/1412 1153/353/1413 1152/352/1414 1151/351/1415
f 2383/817/2547 2637/813/2548 2388/814/2549 2389/818/2550
f 2638/792/2551 2383/817/2547 2389/818/2550 2390/793/2552
f 2384/791/2553 2638/792/2551 2390/793/2552 2391/794/2554
f 2639/797/2555 2384/791/2553 2391/794/2554 2392/798/2556
f 2385/801/2557 2639/797/2555 2392/798/2556 2393/802/2558
f 2386/805/2559 2385/801/2557 2393/802/2558 2394/806/2560
f 2636/807/2561 2427/808/2562 2387/809/2563
f 2637/813/2548 2636/807/2564 2387/809/2565 2388/814/2549
f 2387/809/2563 2427/832/2562 2395/833/2566
f 2388/814/2549 2387/809/2565 2395/833/2567 2396/819/2568
f 2389/818/2550 2388/814/2549 2396/819/2568 2397/820/2569
f 2390/793/2552 2389/818/2550 2397/820/2569 2398/823/2570
f 2391/794/2554 2390/793/2552 2398/823/2570 2399/825/2571
f 2392/798/2556 2391/794/2554 2399/825/2571 2400/827/2572
f 2393/802/2558 2392/798/2556 2400/827/2572 2401/829/2573
f 2394/806/2560 2393/802/2558 2401/829/2573 2402/831/2574
f 2399/825/2571 2398/823/2570 2406/849/2575 2407/851/2576
f 2400/827/2572 2399/825/2571 2407/851/2576 2408/836/2577
f 2401/829/2573 2400/827/2572 2408/836/2577 2409/837/2578
f 2402/831/2574 2401/829/2573 2409/837/2578 2410/840/2579
f 2395/833/2566 2427/841/2562 2403/842/2580
f 2396/819/2568 2395/833/2567 2403/842/2581 2404/845/2582
f 2397/820/2569 2396/819/2568 2404/845/2582 2405/847/2583
f 2398/823/2570 2397/820/2569 2405/847/2583 2406/849/2575
f 2540/1124/2584 2541/1129/2585 2656/1129/2586 2655/1124/2587
f 2534/1122/2588 2533/1120/2589 2653/1120/2590 2654/1122/2588
f 2406/849/2575 2405/847/2583 2413/855/2591 2414/12/2592
f 2407/851/2576 2406/849/2575 2414/12/2592 2415/857/2593
f 2408/836/2577 2407/851/2576 2415/857/2593 2416/859/2594
f 2409/837/2578 2408/836/2577 2416/859/2594 2417/861/2595
f 2410/840/2579 2409/837/2578 2417/861/2595 2418/9/2596
f 2427/872/2597 2411/864/2598 2643/864/2599 2664/872/2597
f 2416/859/2594 2415/857/2593 2423/882/2600 2424/884/2601
f 2417/861/2595 2416/859/2594 2424/884/2601 2425/870/2602
f 2418/9/2596 2417/861/2595 2425/870/2602 2426/871/2603
f 2411/864/2604 2427/872/2605 2419/873/2606
f 2412/867/2607 2411/864/2608 2419/873/2609 2420/876/2610
f 2413/855/2591 2412/867/2607 2420/876/2610 2421/878/2611
f 2414/12/2592 2413/855/2591 2421/878/2611 2422/880/2612
f 2415/857/2593 2414/12/2592 2422/880/2612 2423/882/2600
f 2421/878/2611 2420/876/2610 2429/899/2613 2430/901/2614
f 2422/880/2612 2421/878/2611 2430/901/2614 2431/887/2615
f 2423/882/2600 2422/880/2612 2431/887/2615 2432/888/2616
f 2424/884/2601 2423/882/2600 2432/888/2616 2433/890/2617
f 2425/870/2602 2424/884/2601 2433/890/2617 2434/892/2618
f 2426/871/2603 2425/870/2602 2434/892/2618 2435/894/2619
f 2419/873/2606 2427/895/2605 2428/896/2620
f 2420/876/2610 2419/873/2609 2428/896/2621 2429/899/2613
f 2434/892/2618 2433/890/2617 2441/916/2622 2442/918/2623
f 2435/894/2619 2434/892/2618 2442/918/2623 2443/906/2624
f 2428/896/2620 2427/902/2605 2436/903/2625
f 2429/899/2613 2428/896/2621 2436/903/2626 2437/908/2627
f 2430/901/2614 2429/899/2613 2437/908/2627 2438/910/2628
f 2431/887/2615 2430/901/2614 2438/910/2628 2439/912/2629
f 2432/888/2616 2431/887/2615 2439/912/2629 2440/914/2630
f 2433/890/2617 2432/888/2616 2440/914/2630 2441/916/2622
f 2438/910/2628 2437/908/2627 2445/932/2631 2446/934/2632
f 2439/912/2629 2438/910/2628 2446/934/2632 2447/919/2633
f 2440/914/2630 2439/912/2629 2447/919/2633 2448/920/2634
f 2441/916/2622 2440/914/2630 2448/920/2634 2449/923/2635
f 2442/918/2623 2441/916/2622 2449/923/2635 2450/925/2636
f 2443/906/2624 2442/918/2623 2450/925/2636 2451/927/2637
f 2436/903/2625 2427/928/2605 2444/929/2638
f 2437/908/2627 2436/903/2626 2444/929/2639 2445/932/2631
f 2450/925/2636 2449/923/2635 2457/947/2640 2458/949/2641
f 2451/927/2637 2450/925/2636 2458/949/2641 2459/936/2642
f 2444/929/2638 2427/951/2605 2452/938/2643
f 2445/932/2631 2444/929/2639 2452/938/2644 2453/939/2645
f 2446/934/2632 2445/932/2631 2453/939/2645 2454/941/2646
f 2447/919/2633 2446/934/2632 2454/941/2646 2455/943/2647
f 2448/920/2634 2447/919/2633 2455/943/2647 2456/945/2648
f 2449/923/2635 2448/920/2634 2456/945/2648 2457/947/2640
f 2455/943/2647 2454/941/2646 2462/967/2649 2463/969/2650
f 2456/945/2648 2455/943/2647 2463/969/2650 2464/955/2651
f 2457/947/2640 2456/945/2648 2464/955/2651 2465/956/2652
f 2458/949/2641 2457/947/2640 2465/956/2652 2466/958/2653
f 2459/936/2642 2458/949/2641 2466/958/2653 2467/960/2654
f 2452/938/2643 2427/961/2605 2460/962/2655
f 2453/939/2645 2452/938/2644 2460/962/2656 2461/965/2657
f 2454/941/2646 2453/939/2645 2461/965/2657 2462/967/2649
f 2467/960/2654 2466/958/2653 2474/982/2658 2475/984/2659
f 2542/1131/2660 2534/1122/2660 2654/1122/2660 2657/1131/2660
f 2427/994/2661 2468/970/2662 2649/970/2663 2664/994/2661
f 2533/1120/2589 2532/1117/2664 2652/1117/2665 2653/1120/2590
f 2463/969/2650 2462/967/2649 2470/974/2666 2471/976/2667
f 2464/955/2651 2463/969/2650 2471/976/2667 2472/978/2668
f 2465/956/2652 2464/955/2651 2472/978/2668 2473/980/2669
f 2466/958/2653 2465/956/2652 2473/980/2669 2474/982/2658
f 2471/976/2667 2470/974/2666 2478/1000/2670 2479/1002/2671
f 2472/978/2668 2471/976/2667 2479/1002/2671 2480/987/2672
f 2473/980/2669 2472/978/2668 2480/987/2672 2481/988/2673
f 2474/982/2658 2473/980/2669 2481/988/2673 2482/991/2674
f 2475/984/2659 2474/982/2658 2482/991/2674 2483/993/2675
f 2468/970/2676 2427/994/2677 2476/995/2678
f 2469/971/2679 2468/970/2680 2476/995/2681 2477/998/2682
f 2470/974/2666 2469/971/2679 2477/998/2682 2478/1000/2670
f 2483/993/2675 2482/991/2674 2490/1015/2683 2491/1017/2684
f 2476/995/2678 2427/1018/2677 2484/1019/2685
f 2477/998/2682 2476/995/2681 2484/1019/2686 2485/1006/2687
f 2478/1000/2670 2477/998/2682 2485/1006/2687 2486/1007/2688
f 2479/1002/2671 2478/1000/2670 2486/1007/2688 2487/1009/2689
f 2480/987/2672 2479/1002/2671 2487/1009/2689 2488/1011/2690
f 2481/988/2673 2480/987/2672 2488/1011/2690 2489/1013/2691
f 2482/991/2674 2481/988/2673 2489/1013/2691 2490/1015/2683
f 2488/1011/2690 2487/1009/2689 2495/1035/2692 2496/1037/2693
f 2489/1013/2691 2488/1011/2690 2496/1037/2693 2497/1023/2694
f 2490/1015/2683 2489/1013/2691 2497/1023/2694 2498/1024/2695
f 2491/1017/2684 2490/1015/2683 2498/1024/2695 2499/1026/2696
f 2484/1019/2685 2427/1027/2677 2492/1028/2697
f 2485/1006/2687 2484/1019/2686 2492/1028/2698 2493/1031/2699
f 2486/1007/2688 2485/1006/2687 2493/1031/2699 2494/1033/2700
f 2487/1009/2689 2486/1007/2688 2494/1033/2700 2495/1035/2692
f 2493/1031/2699 2492/1028/2698 2500/1051/2701 2501/1054/2702
f 2494/1033/2700 2493/1031/2699 2501/1054/2702 2502/1040/2703
f 2495/1035/2692 2494/1033/2700 2502/1040/2703 2503/1041/2704
f 2496/1037/2693 2495/1035/2692 2503/1041/2704 2504/1043/2705
f 2497/1023/2694 2496/1037/2693 2504/1043/2705 2505/1045/2706
f 2498/1024/2695 2497/1023/2694 2505/1045/2706 2506/1047/2707
f 2499/1026/2696 2498/1024/2695 2506/1047/2707 2507/1049/2708
f 2492/1028/2697 2427/1050/2677 2500/1051/2709
f 2505/1045/2706 2504/1043/2705 2512/1069/2710 2513/1071/2711
f 2506/1047/2707 2505/1045/2706 2513/1071/2711 2514/1057/2712
f 2507/1049/2708 2506/1047/2707 2514/1057/2712 2515/1058/2713
f 2500/1051/2709 2427/1059/2677 2508/1060/2714
f 2501/1054/2702 2500/1051/2701 2508/1060/2715 2509/1063/2716
f 2502/1040/2703 2501/1054/2702 2509/1063/2716 2510/1065/2717
f 2503/1041/2704 2502/1040/2703 2510/1065/2717 2511/1067/2718
f 2504/1043/2705 2503/1041/2704 2511/1067/2718 2512/1069/2710
f 2509/1063/2716 2508/1060/2715 2516/1084/2719 2517/1087/2720
f 2510/1065/2717 2509/1063/2716 2517/1087/2720 2518/1072/2721
f 2511/1067/2718 2510/1065/2717 2518/1072/2721 2519/1073/2722
f 2512/1069/2710 2511/1067/2718 2519/1073/2722 2520/1076/2723
f 2513/1071/2711 2512/1069/2710 2520/1076/2723 2521/1078/2724
f 2514/1057/2712 2513/1071/2711 2521/1078/2724 2522/1080/2725
f 2515/1058/2713 2514/1057/2712 2522/1080/2725 2523/1082/2726
f 2508/1060/2714 2427/1083/2677 2516/1084/2727
f 2521/1078/2724 2520/1076/2723 2528/1102/2728 2529/1104/2729
f 2522/1080/2725 2521/1078/2724 2529/1104/2729 2530/1089/2730
f 2523/1082/2726 2522/1080/2725 2530/1089/2730 2531/1090/2731
f 2516/1084/2727 2427/1091/2677 2524/1092/2732
f 2517/1087/2720 2516/1084/2719 2524/1092/2733 2525/1096/2734
f 2518/1072/2721 2517/1087/2720 2525/1096/2734 2526/1098/2735
f 2519/1073/2722 2518/1072/2721 2526/1098/2735 2527/1100/2736
f 2520/1076/2723 2519/1073/2722 2527/1100/2736 2528/1102/2728
f 2526/1098/2735 2525/1096/2734 2533/1120/2737 2534/1122/2738
f 2527/1100/2736 2526/1098/2735 2534/1122/2738 2535/1108/2739
f 2528/1102/2728 2527/1100/2736 2535/1108/2739 2536/1109/2740
f 2529/1104/2729 2528/1102/2728 2536/1109/2740 2537/1111/2741
f 2530/1089/2730 2529/1104/2729 2537/1111/2741 2538/1113/2742
f 2531/1090/2731 2530/1089/2730 2538/1113/2742 2539/1115/2743
f 2524/1092/2732 2427/1116/2677 2532/1117/2744
f 2525/1096/2734 2524/1092/2733 2532/1117/2745 2533/1120/2737
f 2538/1113/2742 2537/1111/2741 2545/1137/2746 2546/1139/2747
f 2539/1115/2743 2538/1113/2742 2546/1139/2747 2547/1127/2748
f 2403/842/2749 2427/841/2750 2664/841/2750 2640/842/2751
f 2535/1108/2739 2534/1122/2738 2542/1131/2756 2543/1133/2757
f 2536/1109/2740 2535/1108/2739 2543/1133/2757 2544/1135/2758
f 2537/1111/2741 2536/1109/2740 2544/1135/2758 2545/1137/2746
f 2542/1131/2756 2541/1129/2759 2549/1153/2760 2550/1155/2761
f 2543/1133/2757 2542/1131/2756 2550/1155/2761 2551/1140/2762
f 2544/1135/2758 2543/1133/2757 2551/1140/2762 2552/1141/2763
f 2545/1137/2746 2544/1135/2758 2552/1141/2763 2553/1144/2764
f 2546/1139/2747 2545/1137/2746 2553/1144/2764 2554/1146/2765
f 2547/1127/2748 2546/1139/2747 2554/1146/2765 2555/1148/2766
f 2540/1124/2767 2427/1149/2768 2548/1150/2769
f 2541/1129/2759 2540/1124/2770 2548/1150/2771 2549/1153/2760
f 2554/1146/2765 2553/1144/2764 2561/1168/2772 2562/1170/2773
f 2555/1148/2766 2554/1146/2765 2562/1170/2773 2563/1157/2774
f 2548/1150/2769 2427/1172/2768 2556/1159/2775
f 2549/1153/2760 2548/1150/2771 2556/1159/2776 2557/1160/2777
f 2550/1155/2761 2549/1153/2760 2557/1160/2777 2558/1162/2778
f 2551/1140/2762 2550/1155/2761 2558/1162/2778 2559/1164/2779
f 2552/1141/2763 2551/1140/2762 2559/1164/2779 2560/1166/2780
f 2553/1144/2764 2552/1141/2763 2560/1166/2780 2561/1168/2772
f 2559/1164/2779 2558/1162/2778 2566/1188/2781 2567/1190/2782
f 2560/1166/2780 2559/1164/2779 2567/1190/2782 2568/1176/2783
f 2561/1168/2772 2560/1166/2780 2568/1176/2783 2569/1177/2784
f 2562/1170/2773 2561/1168/2772 2569/1177/2784 2570/1179/2785
f 2563/1157/2774 2562/1170/2773 2570/1179/2785 2571/1181/2786
f 2556/1159/2775 2427/1182/2768 2564/1183/2787
f 2557/1160/2777 2556/1159/2776 2564/1183/2788 2565/1186/2789
f 2558/1162/2778 2557/1160/2777 2565/1186/2789 2566/1188/2781
f 2571/1181/2786 2570/1179/2785 2578/1202/2790 2579/1204/2791
f 2564/1183/2787 2427/1205/2768 2572/1206/2792
f 2565/1186/2789 2564/1183/2788 2572/1206/2793 2573/1193/2794
f 2566/1188/2781 2565/1186/2789 2573/1193/2794 2574/1194/2795
f 2567/1190/2782 2566/1188/2781 2574/1194/2795 2575/1196/2796
f 2568/1176/2783 2567/1190/2782 2575/1196/2796 2576/1198/2797
f 2569/1177/2784 2568/1176/2783 2576/1198/2797 2577/1200/2798
f 2570/1179/2785 2569/1177/2784 2577/1200/2798 2578/1202/2790
f 2576/1238/2797 2575/1234/2796 2583/1235/2799 2584/1239/2800
f 2577/1213/2798 2576/1238/2797 2584/1239/2800 2585/1214/2801
f 2578/1212/2790 2577/1213/2798 2585/1214/2801 2586/1215/2802
f 2579/1218/2791 2578/1212/2790 2586/1215/2802 2587/1219/2803
f 2572/1220/2792 2427/1221/2768 2580/1222/2804
f 2573/1226/2794 2572/1220/2793 2580/1222/2805 2581/1227/2806
f 2574/1230/2795 2573/1226/2794 2581/1227/2806 2582/1231/2807
f 2575/1234/2796 2574/1230/2795 2582/1231/2807 2583/1235/2799
f 2580/1222/2804 2427/1253/2768 2588/1254/2808
f 2581/1227/2806 2580/1222/2805 2588/1254/2809 2589/1240/2810
f 2582/1231/2807 2581/1227/2806 2589/1240/2810 2590/1241/2811
f 2583/1235/2799 2582/1231/2807 2590/1241/2811 2591/1244/2812
f 2584/1239/2800 2583/1235/2799 2591/1244/2812 2592/1246/2813
f 2585/1214/2801 2584/1239/2800 2592/1246/2813 2593/1248/2814
f 2586/1215/2802 2585/1214/2801 2593/1248/2814 2594/1250/2815
f 2587/1219/2803 2586/1215/2802 2594/1250/2815 2595/1252/2816
f 2592/1246/2813 2591/1244/2812 2599/1270/2817 2600/1272/2818
f 2593/1248/2814 2592/1246/2813 2600/1272/2818 2601/1257/2819
f 2594/1250/2815 2593/1248/2814 2601/1257/2819 2602/1258/2820
f 2595/1252/2816 2594/1250/2815 2602/1258/2820 2603/1261/2821
f 2469/971/2822 2470/974/2823 2651/974/2823 2650/971/2824
f 2468/970/2662 2469/971/2822 2650/971/2824 2649/970/2663
f 2591/1244/2812 2590/1241/2811 2598/1268/2826 2599/1270/2817
f 2597/1266/2827 2596/1263/2828 2604/1287/2829 2605/1290/2830
f 2598/1268/2826 2597/1266/2827 2605/1290/2830 2606/1276/2831
f 2599/1270/2817 2598/1268/2826 2606/1276/2831 2607/1277/2832
f 2600/1272/2818 2599/1270/2817 2607/1277/2832 2608/1279/2833
f 2601/1257/2819 2600/1272/2818 2608/1279/2833 2609/1281/2834
f 2602/1258/2820 2601/1257/2819 2609/1281/2834 2610/1283/2835
f 2603/1261/2821 2602/1258/2820 2610/1283/2835 2611/1285/2836
f 2596/1263/2837 2427/1286/2562 2604/1287/2838
f 2609/1281/2834 2608/1279/2833 2616/1305/2839 2617/1307/2840
f 2610/1283/2835 2609/1281/2834 2617/1307/2840 2618/1293/2841
f 2611/1285/2836 2610/1283/2835 2618/1293/2841 2619/1294/2842
f 2604/1287/2838 2427/1295/2562 2612/1296/2843
f 2605/1290/2830 2604/1287/2829 2612/1296/2844 2613/1299/2845
f 2606/1276/2831 2605/1290/2830 2613/1299/2845 2614/1301/2846
f 2607/1277/2832 2606/1276/2831 2614/1301/2846 2615/1303/2847
f 2608/1279/2833 2607/1277/2832 2615/1303/2847 2616/1305/2839
f 2613/1299/2845 2612/1296/2844 2620/1320/2848 2621/1323/2849
f 2614/1301/2846 2613/1299/2845 2621/1323/2849 2622/1308/2850
f 2615/1303/2847 2614/1301/2846 2622/1308/2850 2623/1309/2851
f 2616/1305/2839 2615/1303/2847 2623/1309/2851 2624/1312/2852
f 2617/1307/2840 2616/1305/2839 2624/1312/2852 2625/1314/2853
f 2618/1293/2841 2617/1307/2840 2625/1314/2853 2626/1316/2854
f 2619/1294/2842 2618/1293/2841 2626/1316/2854 2627/1318/2855
f 2612/1296/2843 2427/1319/2562 2620/1320/2856
f 2625/1314/2853 2624/1312/2852 2632/1338/2857 2633/1340/2858
f 2626/1316/2854 2625/1314/2853 2633/1340/2858 2634/1325/2859
f 2627/1318/2855 2626/1316/2854 2634/1325/2859 2635/1326/2860
f 2620/1320/2856 2427/1327/2562 2628/1328/2861
f 2621/1323/2849 2620/1320/2848 2628/1328/2862 2629/1332/2863
f 2622/1308/2850 2621/1323/2849 2629/1332/2863 2630/1334/2864
f 2623/1309/2851 2622/1308/2850 2630/1334/2864 2631/1336/2865
f 2624/1312/2852 2623/1309/2851 2631/1336/2865 2632/1338/2857
f 2630/1334/2864 2629/1332/2863 2637/813/2548 2383/817/2547
f 2631/1336/2865 2630/1334/2864 2383/817/2547 2638/792/2551
f 2632/1338/2857 2631/1336/2865 2638/792/2551 2384/791/2553
f 2633/1340/2858 2632/1338/2857 2384/791/2553 2639/797/2555
f 2634/1325/2859 2633/1340/2858 2639/797/2555 2385/801/2557
f 2635/1326/2860 2634/1325/2859 2385/801/2557 2386/805/2559
f 2628/1328/2861 2427/1342/2562 2636/807/2561
f 2629/1332/2863 2628/1328/2862 2636/807/2564 2637/813/2548
f 2641/845/2866 2640/842/2867 2643/864/2868 2644/867/2866
f 2642/847/2869 2641/845/2866 2644/867/2866 2645/855/2869
f 2640/842/2867 2664/863/2870 2643/864/2868
f 2646/962/2871 2664/985/2872 2649/970/2873
f 2647/965/2874 2646/962/2871 2649/970/2873 2650/971/2875
f 2648/967/2876 2647/965/2874 2650/971/2875 2651/974/2876
f 2652/1117/2877 2664/1123/2878 2655/1124/2877
f 2653/1120/2879 2652/1117/2877 2655/1124/2877 2656/1129/2880
f 2654/1122/2881 2653/1120/2879 2656/1129/2880 2657/1131/2881
f 2658/1254/2882 2664/1262/2883 2661/1263/2882
f 2659/1240/2884 2658/1254/2882 2661/1263/2882 2662/1266/2885
f 2660/1241/2886 2659/1240/2884 2662/1266/2885 2663/1268/2886
f 2588/1254/2887 2427/1253/2888 2664/1253/2888 2658/1254/2889
f 2532/1117/2664 2427/1116/2890 2664/1116/2890 2652/1117/2665
f 2589/1240/2891 2588/1254/2887 2658/1254/2889 2659/1240/2892
f 2541/1129/2585 2542/1131/2893 2657/1131/2893 2656/1129/2586
f 2404/845/2894 2403/842/2749 2640/842/2751 2641/845/2894
f 2590/1241/2895 2589/1240/2891 2659/1240/2892 2660/1241/2895
f 2427/1286/2896 2596/1263/2897 2661/1263/2898 2664/1286/2896
f 2427/1149/2900 2540/1124/2584 2655/1124/2587 2664/1149/2900
f 2405/847/2901 2404/845/2901 2641/845/2901 2642/847/2901
f 2596/1263/2897 2597/1266/2902 2662/1266/2903 2661/1263/2898
f 2598/1268/2904 2590/1241/2904 2660/1241/2904 2663/1268/2904
f 2411/864/2598 2412/867/2905 2644/867/2905 2643/864/2599
f 2412/867/2908 2413/855/2908 2645/855/2908 2644/867/2908
f 2665/817/2547 2919/813/2548 2670/814/2549 2671/818/2550
f 2920/792/2909 2665/817/2547 2671/818/2550 2672/793/2552
f 2666/791/2553 2920/792/2909 2672/793/2552 2673/794/2554
f 2921/797/2555 2666/791/2553 2673/794/2554 2674/798/2556
f 2667/801/2910 2921/797/2555 2674/798/2556 2675/802/2558
f 2668/805/2911 2667/801/2910 2675/802/2558 2676/806/2560
f 2918/807/2561 2709/808/2912 2669/809/2563
f 2919/813/2548 2918/807/2913 2669/809/2565 2670/814/2549
f 2669/809/2563 2709/832/2912 2677/833/2566
f 2670/814/2549 2669/809/2565 2677/833/2567 2678/819/2568
f 2671/818/2550 2670/814/2549 2678/819/2568 2679/820/2914
f 2672/793/2552 2671/818/2550 2679/820/2914 2680/823/2570
f 2673/794/2554 2672/793/2552 2680/823/2570 2681/825/2571
f 2674/798/2556 2673/794/2554 2681/825/2571 2682/827/2572
f 2675/802/2558 2674/798/2556 2682/827/2572 2683/829/2573
f 2676/806/2560 2675/802/2558 2683/829/2573 2684/831/2574
f 2681/825/2571 2680/823/2570 2688/849/2575 2689/851/2576
f 2682/827/2572 2681/825/2571 2689/851/2576 2690/836/2577
f 2683/829/2573 2682/827/2572 2690/836/2577 2691/837/2578
f 2684/831/2574 2683/829/2573 2691/837/2578 2692/840/2579
f 2677/833/2566 2709/841/2912 2685/842/2915
f 2678/819/2568 2677/833/2567 2685/842/2581 2686/845/2582
f 2679/820/2914 2678/819/2568 2686/845/2582 2687/847/2583
f 2680/823/2570 2679/820/2914 2687/847/2583 2688/849/2575
f 2822/1124/2916 2823/1129/2585 2938/1129/2917 2937/1124/2918
f 2816/1122/2919 2815/1120/2920 2935/1120/2921 2936/1122/2919
f 2688/849/2575 2687/847/2583 2695/855/2922 2696/12/2592
f 2689/851/2576 2688/849/2575 2696/12/2592 2697/857/2593
f 2690/836/2577 2689/851/2576 2697/857/2593 2698/859/2594
f 2691/837/2578 2690/836/2577 2698/859/2594 2699/861/2595
f 2692/840/2579 2691/837/2578 2699/861/2595 2700/9/2596
f 2709/872/2923 2693/864/2924 2925/864/2925 2946/872/2923
f 2698/859/2594 2697/857/2593 2705/882/2926 2706/884/2601
f 2699/861/2595 2698/859/2594 2706/884/2601 2707/870/2602
f 2700/9/2596 2699/861/2595 2707/870/2602 2708/871/2603
f 2693/864/2927 2709/872/2605 2701/873/2928
f 2694/867/2607 2693/864/2929 2701/873/2930 2702/876/2931
f 2695/855/2922 2694/867/2607 2702/876/2931 2703/878/2611
f 2696/12/2592 2695/855/2922 2703/878/2611 2704/880/2612
f 2697/857/2593 2696/12/2592 2704/880/2612 2705/882/2926
f 2703/878/2611 2702/876/2931 2711/899/2932 2712/901/2614
f 2704/880/2612 2703/878/2611 2712/901/2614 2713/887/2933
f 2705/882/2926 2704/880/2612 2713/887/2933 2714/888/2616
f 2706/884/2601 2705/882/2926 2714/888/2616 2715/890/2617
f 2707/870/2602 2706/884/2601 2715/890/2617 2716/892/2618
f 2708/871/2603 2707/870/2602 2716/892/2618 2717/894/2619
f 2701/873/2928 2709/895/2605 2710/896/2620
f 2702/876/2931 2701/873/2930 2710/896/2934 2711/899/2932
f 2716/892/2618 2715/890/2617 2723/916/2622 2724/918/2623
f 2717/894/2619 2716/892/2618 2724/918/2623 2725/906/2624
f 2710/896/2620 2709/902/2605 2718/903/2935
f 2711/899/2932 2710/896/2934 2718/903/2626 2719/908/2627
f 2712/901/2614 2711/899/2932 2719/908/2627 2720/910/2628
f 2713/887/2933 2712/901/2614 2720/910/2628 2721/912/2629
f 2714/888/2616 2713/887/2933 2721/912/2629 2722/914/2630
f 2715/890/2617 2714/888/2616 2722/914/2630 2723/916/2622
f 2720/910/2628 2719/908/2627 2727/932/2631 2728/934/2632
f 2721/912/2629 2720/910/2628 2728/934/2632 2729/919/2936
f 2722/914/2630 2721/912/2629 2729/919/2936 2730/920/2634
f 2723/916/2622 2722/914/2630 2730/920/2634 2731/923/2635
f 2724/918/2623 2723/916/2622 2731/923/2635 2732/925/2636
f 2725/906/2624 2724/918/2623 2732/925/2636 2733/927/2637
f 2718/903/2935 2709/928/2605 2726/929/2937
f 2719/908/2627 2718/903/2626 2726/929/2639 2727/932/2631
f 2732/925/2636 2731/923/2635 2739/947/2640 2740/949/2641
f 2733/927/2637 2732/925/2636 2740/949/2641 2741/936/2642
f 2726/929/2937 2709/951/2605 2734/938/2938
f 2727/932/2631 2726/929/2639 2734/938/2644 2735/939/2645
f 2728/934/2632 2727/932/2631 2735/939/2645 2736/941/2646
f 2729/919/2936 2728/934/2632 2736/941/2646 2737/943/2647
f 2730/920/2634 2729/919/2936 2737/943/2647 2738/945/2648
f 2731/923/2635 2730/920/2634 2738/945/2648 2739/947/2640
f 2737/943/2647 2736/941/2646 2744/967/2649 2745/969/2650
f 2738/945/2648 2737/943/2647 2745/969/2650 2746/955/2651
f 2739/947/2640 2738/945/2648 2746/955/2651 2747/956/2652
f 2740/949/2641 2739/947/2640 2747/956/2652 2748/958/2653
f 2741/936/2642 2740/949/2641 2748/958/2653 2749/960/2654
f 2734/938/2938 2709/961/2605 2742/962/2939
f 2735/939/2645 2734/938/2644 2742/962/2940 2743/965/2657
f 2736/941/2646 2735/939/2645 2743/965/2657 2744/967/2649
f 2749/960/2654 2748/958/2653 2756/982/2658 2757/984/2659
f 2709/994/2942 2750/970/2943 2931/970/2944 2946/994/2942
f 2815/1120/2920 2814/1117/2945 2934/1117/2946 2935/1120/2921
f 2745/969/2650 2744/967/2649 2752/974/2947 2753/976/2667
f 2746/955/2651 2745/969/2650 2753/976/2667 2754/978/2668
f 2747/956/2652 2746/955/2651 2754/978/2668 2755/980/2669
f 2748/958/2653 2747/956/2652 2755/980/2669 2756/982/2658
f 2753/976/2667 2752/974/2947 2760/1000/2670 2761/1002/2671
f 2754/978/2668 2753/976/2667 2761/1002/2671 2762/987/2672
f 2755/980/2669 2754/978/2668 2762/987/2672 2763/988/2673
f 2756/982/2658 2755/980/2669 2763/988/2673 2764/991/2674
f 2757/984/2659 2756/982/2658 2764/991/2674 2765/993/2675
f 2750/970/2948 2709/994/2949 2758/995/2950
f 2751/971/2951 2750/970/2680 2758/995/2952 2759/998/2682
f 2752/974/2947 2751/971/2951 2759/998/2682 2760/1000/2670
f 2765/993/2675 2764/991/2674 2772/1015/2683 2773/1017/2684
f 2758/995/2950 2709/1018/2949 2766/1019/2953
f 2759/998/2682 2758/995/2952 2766/1019/2954 2767/1006/2955
f 2760/1000/2670 2759/998/2682 2767/1006/2955 2768/1007/2956
f 2761/1002/2671 2760/1000/2670 2768/1007/2956 2769/1009/2689
f 2762/987/2672 2761/1002/2671 2769/1009/2689 2770/1011/2690
f 2763/988/2673 2762/987/2672 2770/1011/2690 2771/1013/2691
f 2764/991/2674 2763/988/2673 2771/1013/2691 2772/1015/2683
f 2770/1011/2690 2769/1009/2689 2777/1035/2957 2778/1037/2693
f 2771/1013/2691 2770/1011/2690 2778/1037/2693 2779/1023/2694
f 2772/1015/2683 2771/1013/2691 2779/1023/2694 2780/1024/2695
f 2773/1017/2684 2772/1015/2683 2780/1024/2695 2781/1026/2696
f 2766/1019/2953 2709/1027/2949 2774/1028/2697
f 2767/1006/2955 2766/1019/2954 2774/1028/2698 2775/1031/2699
f 2768/1007/2956 2767/1006/2955 2775/1031/2699 2776/1033/2700
f 2769/1009/2689 2768/1007/2956 2776/1033/2700 2777/1035/2957
f 2775/1031/2699 2774/1028/2698 2782/1051/2958 2783/1054/2702
f 2776/1033/2700 2775/1031/2699 2783/1054/2702 2784/1040/2703
f 2777/1035/2957 2776/1033/2700 2784/1040/2703 2785/1041/2704
f 2778/1037/2693 2777/1035/2957 2785/1041/2704 2786/1043/2705
f 2779/1023/2694 2778/1037/2693 2786/1043/2705 2787/1045/2706
f 2780/1024/2695 2779/1023/2694 2787/1045/2706 2788/1047/2707
f 2781/1026/2696 2780/1024/2695 2788/1047/2707 2789/1049/2708
f 2774/1028/2697 2709/1050/2949 2782/1051/2959
f 2787/1045/2706 2786/1043/2705 2794/1069/2710 2795/1071/2711
f 2788/1047/2707 2787/1045/2706 2795/1071/2711 2796/1057/2712
f 2789/1049/2708 2788/1047/2707 2796/1057/2712 2797/1058/2960
f 2782/1051/2959 2709/1059/2949 2790/1060/2714
f 2783/1054/2702 2782/1051/2958 2790/1060/2715 2791/1063/2716
f 2784/1040/2703 2783/1054/2702 2791/1063/2716 2792/1065/2717
f 2785/1041/2704 2784/1040/2703 2792/1065/2717 2793/1067/2718
f 2786/1043/2705 2785/1041/2704 2793/1067/2718 2794/1069/2710
f 2791/1063/2716 2790/1060/2715 2798/1084/2719 2799/1087/2720
f 2792/1065/2717 2791/1063/2716 2799/1087/2720 2800/1072/2721
f 2793/1067/2718 2792/1065/2717 2800/1072/2721 2801/1073/2722
f 2794/1069/2710 2793/1067/2718 2801/1073/2722 2802/1076/2723
f 2795/1071/2711 2794/1069/2710 2802/1076/2723 2803/1078/2724
f 2796/1057/2712 2795/1071/2711 2803/1078/2724 2804/1080/2725
f 2797/1058/2960 2796/1057/2712 2804/1080/2725 2805/1082/2726
f 2790/1060/2714 2709/1083/2949 2798/1084/2727
f 2803/1078/2724 2802/1076/2723 2810/1102/2728 2811/1104/2729
f 2804/1080/2725 2803/1078/2724 2811/1104/2729 2812/1089/2730
f 2805/1082/2726 2804/1080/2725 2812/1089/2730 2813/1090/2731
f 2798/1084/2727 2709/1091/2949 2806/1092/2961
f 2799/1087/2720 2798/1084/2719 2806/1092/2962 2807/1096/2734
f 2800/1072/2721 2799/1087/2720 2807/1096/2734 2808/1098/2735
f 2801/1073/2722 2800/1072/2721 2808/1098/2735 2809/1100/2963
f 2802/1076/2723 2801/1073/2722 2809/1100/2963 2810/1102/2728
f 2808/1098/2735 2807/1096/2734 2815/1120/2737 2816/1122/2738
f 2809/1100/2963 2808/1098/2735 2816/1122/2738 2817/1108/2739
f 2810/1102/2728 2809/1100/2963 2817/1108/2739 2818/1109/2964
f 2811/1104/2729 2810/1102/2728 2818/1109/2964 2819/1111/2741
f 2812/1089/2730 2811/1104/2729 2819/1111/2741 2820/1113/2742
f 2813/1090/2731 2812/1089/2730 2820/1113/2742 2821/1115/2743
f 2806/1092/2961 2709/1116/2949 2814/1117/2965
f 2807/1096/2734 2806/1092/2962 2814/1117/2966 2815/1120/2737
f 2820/1113/2742 2819/1111/2741 2827/1137/2746 2828/1139/2747
f 2821/1115/2743 2820/1113/2742 2828/1139/2747 2829/1127/2748
f 2685/842/2967 2709/841/2968 2946/841/2968 2922/842/2969
f 2695/855/2752 2687/847/2752 2924/847/2752 2927/855/2752
f 2742/962/2970 2709/961/2971 2946/961/2971 2928/962/2972
f 2817/1108/2739 2816/1122/2738 2824/1131/2756 2825/1133/2757
f 2818/1109/2964 2817/1108/2739 2825/1133/2757 2826/1135/2758
f 2819/1111/2741 2818/1109/2964 2826/1135/2758 2827/1137/2746
f 2824/1131/2756 2823/1129/2759 2831/1153/2760 2832/1155/2761
f 2825/1133/2757 2824/1131/2756 2832/1155/2761 2833/1140/2762
f 2826/1135/2758 2825/1133/2757 2833/1140/2762 2834/1141/2763
f 2827/1137/2746 2826/1135/2758 2834/1141/2763 2835/1144/2764
f 2828/1139/2747 2827/1137/2746 2835/1144/2764 2836/1146/2765
f 2822/1124/2973 2709/1149/2768 2830/1150/2769
f 2823/1129/2759 2822/1124/2770 2830/1150/2974 2831/1153/2760
f 2836/1146/2765 2835/1144/2764 2843/1168/2772 2844/1170/2773
f 2830/1150/2769 2709/1172/2768 2838/1159/2775
f 2831/1153/2760 2830/1150/2974 2838/1159/2776 2839/1160/2777
f 2832/1155/2761 2831/1153/2760 2839/1160/2777 2840/1162/2778
f 2833/1140/2762 2832/1155/2761 2840/1162/2778 2841/1164/2779
f 2834/1141/2763 2833/1140/2762 2841/1164/2779 2842/1166/2780
f 2835/1144/2764 2834/1141/2763 2842/1166/2780 2843/1168/2772
f 2841/1164/2779 2840/1162/2778 2848/1188/2781 2849/1190/2782
f 2842/1166/2780 2841/1164/2779 2849/1190/2782 2850/1176/2783
f 2843/1168/2772 2842/1166/2780 2850/1176/2783 2851/1177/2784
f 2844/1170/2773 2843/1168/2772 2851/1177/2784 2852/1179/2785
f 2838/1159/2775 2709/1182/2768 2846/1183/2787
f 2839/1160/2777 2838/1159/2776 2846/1183/2788 2847/1186/2975
f 2840/1162/2778 2839/1160/2777 2847/1186/2975 2848/1188/2781
f 2846/1183/2787 2709/1205/2768 2854/1206/2792
f 2847/1186/2975 2846/1183/2788 2854/1206/2793 2855/1193/2794
f 2848/1188/2781 2847/1186/2975 2855/1193/2794 2856/1194/2795
f 2849/1190/2782 2848/1188/2781 2856/1194/2795 2857/1196/2796
f 2850/1176/2783 2849/1190/2782 2857/1196/2796 2858/1198/2797
f 2851/1177/2784 2850/1176/2783 2858/1198/2797 2859/1200/2798
f 2852/1179/2785 2851/1177/2784 2859/1200/2798 2860/1202/2790
f 2858/1238/2797 2857/1234/2796 2865/1235/2799 2866/1239/2800
f 2859/1213/2798 2858/1238/2797 2866/1239/2800 2867/1214/2801
f 2860/1212/2790 2859/1213/2798 2867/1214/2801 2868/1215/2802
f 2854/1220/2792 2709/1221/2768 2862/1222/2804
f 2855/1226/2794 2854/1220/2793 2862/1222/2976 2863/1227/2806
f 2856/1230/2795 2855/1226/2794 2863/1227/2806 2864/1231/2977
f 2857/1234/2796 2856/1230/2795 2864/1231/2977 2865/1235/2799
f 2862/1222/2804 2709/1253/2768 2870/1254/2808
f 2863/1227/2806 2862/1222/2976 2870/1254/2978 2871/1240/2979
f 2864/1231/2977 2863/1227/2806 2871/1240/2979 2872/1241/2980
f 2865/1235/2799 2864/1231/2977 2872/1241/2980 2873/1244/2812
f 2866/1239/2800 2865/1235/2799 2873/1244/2812 2874/1246/2813
f 2867/1214/2801 2866/1239/2800 2874/1246/2813 2875/1248/2981
f 2868/1215/2802 2867/1214/2801 2875/1248/2981 2876/1250/2815
f 2874/1246/2813 2873/1244/2812 2881/1270/2817 2882/1272/2982
f 2875/1248/2981 2874/1246/2813 2882/1272/2982 2883/1257/2819
f 2876/1250/2815 2875/1248/2981 2883/1257/2819 2884/1258/2820
f 2877/1252/2816 2876/1250/2815 2884/1258/2820 2885/1261/2821
f 2751/971/2822 2752/974/2823 2933/974/2823 2932/971/2824
f 2750/970/2943 2751/971/2822 2932/971/2824 2931/970/2944
f 2873/1244/2812 2872/1241/2980 2880/1268/2984 2881/1270/2817
f 2879/1266/2985 2878/1263/2986 2886/1287/2987 2887/1290/2988
f 2880/1268/2984 2879/1266/2985 2887/1290/2988 2888/1276/2989
f 2881/1270/2817 2880/1268/2984 2888/1276/2989 2889/1277/2990
f 2882/1272/2982 2881/1270/2817 2889/1277/2990 2890/1279/2991
f 2883/1257/2819 2882/1272/2982 2890/1279/2991 2891/1281/2834
f 2884/1258/2820 2883/1257/2819 2891/1281/2834 2892/1283/2835
f 2885/1261/2821 2884/1258/2820 2892/1283/2835 2893/1285/2836
f 2878/1263/2837 2709/1286/2912 2886/1287/2838
f 2891/1281/2834 2890/1279/2991 2898/1305/2839 2899/1307/2840
f 2892/1283/2835 2891/1281/2834 2899/1307/2840 2900/1293/2841
f 2893/1285/2836 2892/1283/2835 2900/1293/2841 2901/1294/2842
f 2886/1287/2838 2709/1295/2912 2894/1296/2992
f 2887/1290/2988 2886/1287/2987 2894/1296/2844 2895/1299/2845
f 2888/1276/2989 2887/1290/2988 2895/1299/2845 2896/1301/2993
f 2889/1277/2990 2888/1276/2989 2896/1301/2993 2897/1303/2847
f 2890/1279/2991 2889/1277/2990 2897/1303/2847 2898/1305/2839
f 2895/1299/2845 2894/1296/2844 2902/1320/2848 2903/1323/2849
f 2896/1301/2993 2895/1299/2845 2903/1323/2849 2904/1308/2850
f 2897/1303/2847 2896/1301/2993 2904/1308/2850 2905/1309/2994
f 2898/1305/2839 2897/1303/2847 2905/1309/2994 2906/1312/2852
f 2899/1307/2840 2898/1305/2839 2906/1312/2852 2907/1314/2853
f 2900/1293/2841 2899/1307/2840 2907/1314/2853 2908/1316/2854
f 2901/1294/2842 2900/1293/2841 2908/1316/2854 2909/1318/2855
f 2894/1296/2992 2709/1319/2912 2902/1320/2995
f 2907/1314/2853 2906/1312/2852 2914/1338/2857 2915/1340/2858
f 2908/1316/2854 2907/1314/2853 2915/1340/2858 2916/1325/2859
f 2909/1318/2855 2908/1316/2854 2916/1325/2859 2917/1326/2860
f 2902/1320/2995 2709/1327/2912 2910/1328/2996
f 2903/1323/2849 2902/1320/2848 2910/1328/2997 2911/1332/2863
f 2904/1308/2850 2903/1323/2849 2911/1332/2863 2912/1334/2864
f 2905/1309/2994 2904/1308/2850 2912/1334/2864 2913/1336/2865
f 2906/1312/2852 2905/1309/2994 2913/1336/2865 2914/1338/2857
f 2912/1334/2864 2911/1332/2863 2919/813/2548 2665/817/2547
f 2913/1336/2865 2912/1334/2864 2665/817/2547 2920/792/2909
f 2914/1338/2857 2913/1336/2865 2920/792/2909 2666/791/2553
f 2915/1340/2858 2914/1338/2857 2666/791/2553 2921/797/2555
f 2916/1325/2859 2915/1340/2858 2921/797/2555 2667/801/2910
f 2910/1328/2996 2709/1342/2912 2918/807/2561
f 2911/1332/2863 2910/1328/2997 2918/807/2913 2919/813/2548
f 2923/845/2998 2922/842/2999 2925/864/2867 2926/867/2998
f 2924/847/3000 2923/845/2998 2926/867/2998 2927/855/3000
f 2922/842/2999 2946/863/3001 2925/864/2867
f 2928/962/3002 2946/985/3003 2931/970/3004
f 2929/965/2875 2928/962/3002 2931/970/3004 2932/971/2875
f 2930/967/2876 2929/965/2875 2932/971/2875 2933/974/2876
f 2934/1117/3005 2946/1123/3006 2937/1124/3005
f 2935/1120/2879 2934/1117/3005 2937/1124/3005 2938/1129/2880
f 2936/1122/3007 2935/1120/2879 2938/1129/2880 2939/1131/3007
f 2940/1254/3008 2946/1262/2883 2943/1263/3008
f 2941/1240/3009 2940/1254/3008 2943/1263/3008 2944/1266/3010
f 2942/1241/3011 2941/1240/3009 2944/1266/3010 2945/1268/3011
f 2870/1254/3012 2709/1253/3013 2946/1253/3013 2940/1254/2889
f 2871/1240/3015 2870/1254/3012 2940/1254/2889 2941/1240/3016
f 2823/1129/2585 2824/1131/3017 2939/1131/3017 2938/1129/2917
f 2686/845/2894 2685/842/2967 2922/842/2969 2923/845/2894
f 2872/1241/3018 2871/1240/3015 2941/1240/3016 2942/1241/3018
f 2709/1149/3023 2822/1124/2916 2937/1124/2918 2946/1149/3023
f 2687/847/3024 2686/845/3024 2923/845/3024 2924/847/3024
f 2878/1263/3020 2879/1266/2902 2944/1266/3025 2943/1263/3021
f 2880/1268/2904 2872/1241/2904 2942/1241/2904 2945/1268/2904
f 2693/864/2924 2694/867/3026 2926/867/3026 2925/864/2925
f 2879/1266/2902 2880/1268/2906 2945/1268/2906 2944/1266/3025
f 2743/965/2907 2742/962/2970 2928/962/2972 2929/965/2907
f 2694/867/3027 2695/855/3027 2927/855/3027 2926/867/3027
f 2947/817/2547 3201/813/2548 2952/814/2549 2953/818/2550
f 3202/792/2551 2947/817/2547 2953/818/2550 2954/793/2552
f 2948/791/2553 3202/792/2551 2954/793/2552 2955/794/2554
f 3203/797/2555 2948/791/2553 2955/794/2554 2956/798/2556
f 2949/801/2910 3203/797/2555 2956/798/2556 2957/802/2558
f 2950/805/2911 2949/801/2910 2957/802/2558 2958/806/2560
f 3200/807/3028 2991/808/2562 2951/809/3029
f 3201/813/2548 3200/807/2564 2951/809/3030 2952/814/2549
f 2951/809/3029 2991/832/2562 2959/833/3031
f 2952/814/2549 2951/809/3030 2959/833/2567 2960/819/2568
f 2953/818/2550 2952/814/2549 2960/819/2568 2961/820/2569
f 2954/793/2552 2953/818/2550 2961/820/2569 2962/823/2570
f 2955/794/2554 2954/793/2552 2962/823/2570 2963/825/2571
f 2956/798/2556 2955/794/2554 2963/825/2571 2964/827/3032
f 2957/802/2558 2956/798/2556 2964/827/3032 2965/829/2573
f 2958/806/2560 2957/802/2558 2965/829/2573 2966/831/2574
f 2963/825/2571 2962/823/2570 2970/849/2575 2971/851/3033
f 2964/827/3032 2963/825/2571 2971/851/3033 2972/836/2577
f 2965/829/2573 2964/827/3032 2972/836/2577 2973/837/2578
f 2966/831/2574 2965/829/2573 2973/837/2578 2974/840/2579
f 2959/833/3031 2991/841/2562 2967/842/3034
f 2960/819/2568 2959/833/2567 2967/842/2581 2968/845/2582
f 2961/820/2569 2960/819/2568 2968/845/2582 2969/847/3035
f 2962/823/2570 2961/820/2569 2969/847/3035 2970/849/2575
f 3104/1124/2916 3105/1129/2585 3220/1129/2917 3219/1124/2918
f 3098/1122/3036 3097/1120/2589 3217/1120/2921 3218/1122/3036
f 2970/849/2575 2969/847/3035 2977/855/2922 2978/12/3037
f 2971/851/3033 2970/849/2575 2978/12/3037 2979/857/2593
f 2972/836/2577 2971/851/3033 2979/857/2593 2980/859/2594
f 2973/837/2578 2972/836/2577 2980/859/2594 2981/861/2595
f 2991/872/2597 2975/864/3038 3207/864/2599 3228/872/2597
f 2980/859/2594 2979/857/2593 2987/882/2926 2988/884/2601
f 2981/861/2595 2980/859/2594 2988/884/2601 2989/870/2602
f 2975/864/3039 2991/872/2605 2983/873/3040
f 2976/867/3041 2975/864/3042 2983/873/2609 2984/876/2931
f 2977/855/2922 2976/867/3041 2984/876/2931 2985/878/3043
f 2978/12/3037 2977/855/2922 2985/878/3043 2986/880/2612
f 2979/857/2593 2978/12/3037 2986/880/2612 2987/882/2926
f 2985/878/3043 2984/876/2931 2993/899/2613 2994/901/2614
f 2986/880/2612 2985/878/3043 2994/901/2614 2995/887/2615
f 2987/882/2926 2986/880/2612 2995/887/2615 2996/888/2616
f 2988/884/2601 2987/882/2926 2996/888/2616 2997/890/2617
f 2989/870/2602 2988/884/2601 2997/890/2617 2998/892/2618
f 2983/873/3040 2991/895/2605 2992/896/3044
f 2984/876/2931 2983/873/2609 2992/896/2621 2993/899/2613
f 2998/892/2618 2997/890/2617 3005/916/2622 3006/918/2623
f 2992/896/3044 2991/902/2605 3000/903/3045
f 2993/899/2613 2992/896/2621 3000/903/2626 3001/908/2627
f 2994/901/2614 2993/899/2613 3001/908/2627 3002/910/2628
f 2995/887/2615 2994/901/2614 3002/910/2628 3003/912/3046
f 2996/888/2616 2995/887/2615 3003/912/3046 3004/914/2630
f 2997/890/2617 2996/888/2616 3004/914/2630 3005/916/2622
f 3002/910/2628 3001/908/2627 3009/932/2631 3010/934/2632
f 3003/912/3046 3002/910/2628 3010/934/2632 3011/919/2633
f 3004/914/2630 3003/912/3046 3011/919/2633 3012/920/2634
f 3005/916/2622 3004/914/2630 3012/920/2634 3013/923/2635
f 3006/918/2623 3005/916/2622 3013/923/2635 3014/925/2636
f 3000/903/3045 2991/928/2605 3008/929/2638
f 3001/908/2627 3000/903/2626 3008/929/2639 3009/932/2631
f 3014/925/2636 3013/923/2635 3021/947/2640 3022/949/2641
f 3008/929/2638 2991/951/2605 3016/938/3047
f 3009/932/2631 3008/929/2639 3016/938/2644 3017/939/2645
f 3010/934/2632 3009/932/2631 3017/939/2645 3018/941/2646
f 3011/919/2633 3010/934/2632 3018/941/2646 3019/943/2647
f 3012/920/2634 3011/919/2633 3019/943/2647 3020/945/2648
f 3013/923/2635 3012/920/2634 3020/945/2648 3021/947/2640
f 3019/943/2647 3018/941/2646 3026/967/2649 3027/969/2650
f 3020/945/2648 3019/943/2647 3027/969/2650 3028/955/2651
f 3021/947/2640 3020/945/2648 3028/955/2651 3029/956/2652
f 3022/949/2641 3021/947/2640 3029/956/2652 3030/958/2653
f 3023/936/2642 3022/949/2641 3030/958/2653 3031/960/2654
f 3016/938/3047 2991/961/2605 3024/962/3048
f 3017/939/2645 3016/938/2644 3024/962/2656 3025/965/2657
f 3018/941/2646 3017/939/2645 3025/965/2657 3026/967/2649
f 3031/960/2654 3030/958/2653 3038/982/2658 3039/984/2659
f 2991/994/3049 3032/970/3050 3213/970/2663 3228/994/3049
f 3097/1120/2589 3096/1117/3051 3216/1117/3052 3217/1120/2921
f 3027/969/2650 3026/967/2649 3034/974/2666 3035/976/2667
f 3028/955/2651 3027/969/2650 3035/976/2667 3036/978/2668
f 3029/956/2652 3028/955/2651 3036/978/2668 3037/980/2669
f 3030/958/2653 3029/956/2652 3037/980/2669 3038/982/2658
f 3035/976/2667 3034/974/2666 3042/1000/3053 3043/1002/2671
f 3036/978/2668 3035/976/2667 3043/1002/2671 3044/987/2672
f 3037/980/2669 3036/978/2668 3044/987/2672 3045/988/2673
f 3038/982/2658 3037/980/2669 3045/988/2673 3046/991/2674
f 3039/984/2659 3038/982/2658 3046/991/2674 3047/993/2675
f 3032/970/3054 2991/994/2677 3040/995/3055
f 3033/971/2679 3032/970/2680 3040/995/2952 3041/998/2682
f 3034/974/2666 3033/971/2679 3041/998/2682 3042/1000/3053
f 3047/993/2675 3046/991/2674 3054/1015/2683 3055/1017/2684
f 3040/995/3055 2991/1018/2677 3048/1019/3056
f 3041/998/2682 3040/995/2952 3048/1019/3057 3049/1006/2955
f 3042/1000/3053 3041/998/2682 3049/1006/2955 3050/1007/2688
f 3043/1002/2671 3042/1000/3053 3050/1007/2688 3051/1009/2689
f 3044/987/2672 3043/1002/2671 3051/1009/2689 3052/1011/2690
f 3045/988/2673 3044/987/2672 3052/1011/2690 3053/1013/2691
f 3046/991/2674 3045/988/2673 3053/1013/2691 3054/1015/2683
f 3052/1011/2690 3051/1009/2689 3059/1035/2957 3060/1037/2693
f 3053/1013/2691 3052/1011/2690 3060/1037/2693 3061/1023/2694
f 3054/1015/2683 3053/1013/2691 3061/1023/2694 3062/1024/2695
f 3055/1017/2684 3054/1015/2683 3062/1024/2695 3063/1026/2696
f 3048/1019/3056 2991/1027/2677 3056/1028/2697
f 3049/1006/2955 3048/1019/3057 3056/1028/2698 3057/1031/2699
f 3050/1007/2688 3049/1006/2955 3057/1031/2699 3058/1033/2700
f 3051/1009/2689 3050/1007/2688 3058/1033/2700 3059/1035/2957
f 3057/1031/2699 3056/1028/2698 3064/1051/2958 3065/1054/2702
f 3058/1033/2700 3057/1031/2699 3065/1054/2702 3066/1040/2703
f 3059/1035/2957 3058/1033/2700 3066/1040/2703 3067/1041/2704
f 3060/1037/2693 3059/1035/2957 3067/1041/2704 3068/1043/2705
f 3061/1023/2694 3060/1037/2693 3068/1043/2705 3069/1045/2706
f 3062/1024/2695 3061/1023/2694 3069/1045/2706 3070/1047/2707
f 3063/1026/2696 3062/1024/2695 3070/1047/2707 3071/1049/2708
f 3056/1028/2697 2991/1050/2677 3064/1051/2709
f 3069/1045/2706 3068/1043/2705 3076/1069/2710 3077/1071/2711
f 3070/1047/2707 3069/1045/2706 3077/1071/2711 3078/1057/3058
f 3071/1049/2708 3070/1047/2707 3078/1057/3058 3079/1058/2960
f 3064/1051/2709 2991/1059/2677 3072/1060/2714
f 3065/1054/2702 3064/1051/2958 3072/1060/3059 3073/1063/2716
f 3066/1040/2703 3065/1054/2702 3073/1063/2716 3074/1065/2717
f 3067/1041/2704 3066/1040/2703 3074/1065/2717 3075/1067/2718
f 3068/1043/2705 3067/1041/2704 3075/1067/2718 3076/1069/2710
f 3073/1063/2716 3072/1060/3059 3080/1084/2719 3081/1087/2720
f 3074/1065/2717 3073/1063/2716 3081/1087/2720 3082/1072/2721
f 3075/1067/2718 3074/1065/2717 3082/1072/2721 3083/1073/2722
f 3076/1069/2710 3075/1067/2718 3083/1073/2722 3084/1076/2723
f 3077/1071/2711 3076/1069/2710 3084/1076/2723 3085/1078/2724
f 3078/1057/3058 3077/1071/2711 3085/1078/2724 3086/1080/2725
f 3079/1058/2960 3078/1057/3058 3086/1080/2725 3087/1082/2726
f 3072/1060/2714 2991/1083/2677 3080/1084/2727
f 3085/1078/2724 3084/1076/2723 3092/1102/2728 3093/1104/2729
f 3086/1080/2725 3085/1078/2724 3093/1104/2729 3094/1089/2730
f 3087/1082/2726 3086/1080/2725 3094/1089/2730 3095/1090/2731
f 3080/1084/2727 2991/1091/2677 3088/1092/3060
f 3081/1087/2720 3080/1084/2719 3088/1092/3061 3089/1096/2734
f 3082/1072/2721 3081/1087/2720 3089/1096/2734 3090/1098/2735
f 3083/1073/2722 3082/1072/2721 3090/1098/2735 3091/1100/2963
f 3084/1076/2723 3083/1073/2722 3091/1100/2963 3092/1102/2728
f 3090/1098/2735 3089/1096/2734 3097/1120/3062 3098/1122/2738
f 3091/1100/2963 3090/1098/2735 3098/1122/2738 3099/1108/3063
f 3092/1102/2728 3091/1100/2963 3099/1108/3063 3100/1109/2740
f 3093/1104/2729 3092/1102/2728 3100/1109/2740 3101/1111/2741
f 3094/1089/2730 3093/1104/2729 3101/1111/2741 3102/1113/2742
f 3095/1090/2731 3094/1089/2730 3102/1113/2742 3103/1115/2743
f 3088/1092/3060 2991/1116/2677 3096/1117/3064
f 3089/1096/2734 3088/1092/3061 3096/1117/2745 3097/1120/3062
f 3102/1113/2742 3101/1111/2741 3109/1137/2746 3110/1139/2747
f 3103/1115/2743 3102/1113/2742 3110/1139/2747 3111/1127/2748
f 2967/842/3065 2991/841/3066 3228/841/3066 3204/842/3067
f 2977/855/2752 2969/847/2752 3206/847/2752 3209/855/2752
f 3024/962/3068 2991/961/3069 3228/961/3069 3210/962/3070
f 3099/1108/3063 3098/1122/2738 3106/1131/2756 3107/1133/2757
f 3100/1109/2740 3099/1108/3063 3107/1133/2757 3108/1135/3071
f 3101/1111/2741 3100/1109/2740 3108/1135/3071 3109/1137/2746
f 3106/1131/2756 3105/1129/3072 3113/1153/2760 3114/1155/2761
f 3107/1133/2757 3106/1131/2756 3114/1155/2761 3115/1140/2762
f 3108/1135/3071 3107/1133/2757 3115/1140/2762 3116/1141/2763
f 3109/1137/2746 3108/1135/3071 3116/1141/2763 3117/1144/2764
f 3110/1139/2747 3109/1137/2746 3117/1144/2764 3118/1146/2765
f 3111/1127/2748 3110/1139/2747 3118/1146/2765 3119/1148/2766
f 3104/1124/3073 2991/1149/2768 3112/1150/3074
f 3105/1129/3072 3104/1124/3075 3112/1150/2974 3113/1153/2760
f 3118/1146/2765 3117/1144/2764 3125/1168/2772 3126/1170/2773
f 3119/1148/2766 3118/1146/2765 3126/1170/2773 3127/1157/2774
f 3112/1150/3074 2991/1172/2768 3120/1159/3076
f 3113/1153/2760 3112/1150/2974 3120/1159/2776 3121/1160/2777
f 3114/1155/2761 3113/1153/2760 3121/1160/2777 3122/1162/2778
f 3115/1140/2762 3114/1155/2761 3122/1162/2778 3123/1164/3077
f 3116/1141/2763 3115/1140/2762 3123/1164/3077 3124/1166/2780
f 3117/1144/2764 3116/1141/2763 3124/1166/2780 3125/1168/2772
f 3123/1164/3077 3122/1162/2778 3130/1188/2781 3131/1190/3078
f 3124/1166/2780 3123/1164/3077 3131/1190/3078 3132/1176/2783
f 3125/1168/2772 3124/1166/2780 3132/1176/2783 3133/1177/2784
f 3126/1170/2773 3125/1168/2772 3133/1177/2784 3134/1179/2785
f 3127/1157/2774 3126/1170/2773 3134/1179/2785 3135/1181/2786
f 3120/1159/3076 2991/1182/2768 3128/1183/3079
f 3121/1160/2777 3120/1159/2776 3128/1183/2788 3129/1186/2975
f 3122/1162/2778 3121/1160/2777 3129/1186/2975 3130/1188/2781
f 3135/1181/2786 3134/1179/2785 3142/1202/3080 3143/1204/2791
f 3128/1183/3079 2991/1205/2768 3136/1206/3081
f 3129/1186/2975 3128/1183/2788 3136/1206/2793 3137/1193/2794
f 3130/1188/2781 3129/1186/2975 3137/1193/2794 3138/1194/2795
f 3131/1190/3078 3130/1188/2781 3138/1194/2795 3139/1196/2796
f 3132/1176/2783 3131/1190/3078 3139/1196/2796 3140/1198/2797
f 3133/1177/2784 3132/1176/2783 3140/1198/2797 3141/1200/2798
f 3134/1179/2785 3133/1177/2784 3141/1200/2798 3142/1202/3080
f 3140/1238/2797 3139/1234/2796 3147/1235/2799 3148/1239/2800
f 3141/1213/2798 3140/1238/2797 3148/1239/2800 3149/1214/2801
f 3142/1212/3080 3141/1213/2798 3149/1214/2801 3150/1215/2802
f 3143/1218/2791 3142/1212/3080 3150/1215/2802 3151/1219/2803
f 3136/1220/3081 2991/1221/2768 3144/1222/3082
f 3137/1226/2794 3136/1220/2793 3144/1222/3083 3145/1227/3084
f 3138/1230/2795 3137/1226/2794 3145/1227/3084 3146/1231/2977
f 3139/1234/2796 3138/1230/2795 3146/1231/2977 3147/1235/2799
f 3144/1222/3082 2991/1253/2768 3152/1254/3085
f 3145/1227/3084 3144/1222/3083 3152/1254/3086 3153/1240/3087
f 3146/1231/2977 3145/1227/3084 3153/1240/3087 3154/1241/2980
f 3147/1235/2799 3146/1231/2977 3154/1241/2980 3155/1244/2812
f 3148/1239/2800 3147/1235/2799 3155/1244/2812 3156/1246/2813
f 3149/1214/2801 3148/1239/2800 3156/1246/2813 3157/1248/2814
f 3150/1215/2802 3149/1214/2801 3157/1248/2814 3158/1250/2815
f 3151/1219/2803 3150/1215/2802 3158/1250/2815 3159/1252/2816
f 3156/1246/2813 3155/1244/2812 3163/1270/2817 3164/1272/2818
f 3157/1248/2814 3156/1246/2813 3164/1272/2818 3165/1257/2819
f 3158/1250/2815 3157/1248/2814 3165/1257/2819 3166/1258/2820
f 3159/1252/2816 3158/1250/2815 3166/1258/2820 3167/1261/2821
f 3032/970/3050 3033/971/2822 3214/971/3089 3213/970/2663
f 3026/967/3090 3025/965/3090 3211/965/3090 3212/967/3090
f 3155/1244/2812 3154/1241/2980 3162/1268/3091 3163/1270/2817
f 3161/1266/3092 3160/1263/2986 3168/1287/2987 3169/1290/2830
f 3162/1268/3091 3161/1266/3092 3169/1290/2830 3170/1276/2831
f 3163/1270/2817 3162/1268/3091 3170/1276/2831 3171/1277/3093
f 3164/1272/2818 3163/1270/2817 3171/1277/3093 3172/1279/2833
f 3165/1257/2819 3164/1272/2818 3172/1279/2833 3173/1281/2834
f 3166/1258/2820 3165/1257/2819 3173/1281/2834 3174/1283/2835
f 3167/1261/2821 3166/1258/2820 3174/1283/2835 3175/1285/2836
f 3160/1263/2837 2991/1286/2562 3168/1287/2838
f 3173/1281/2834 3172/1279/2833 3180/1305/2839 3181/1307/2840
f 3174/1283/2835 3173/1281/2834 3181/1307/2840 3182/1293/2841
f 3175/1285/2836 3174/1283/2835 3182/1293/2841 3183/1294/2842
f 3168/1287/2838 2991/1295/2562 3176/1296/3094
f 3169/1290/2830 3168/1287/2987 3176/1296/2844 3177/1299/3095
f 3170/1276/2831 3169/1290/2830 3177/1299/3095 3178/1301/2846
f 3171/1277/3093 3170/1276/2831 3178/1301/2846 3179/1303/2847
f 3172/1279/2833 3171/1277/3093 3179/1303/2847 3180/1305/2839
f 3177/1299/3095 3176/1296/2844 3184/1320/2848 3185/1323/3096
f 3178/1301/2846 3177/1299/3095 3185/1323/3096 3186/1308/3097
f 3179/1303/2847 3178/1301/2846 3186/1308/3097 3187/1309/2994
f 3180/1305/2839 3179/1303/2847 3187/1309/2994 3188/1312/2852
f 3181/1307/2840 3180/1305/2839 3188/1312/2852 3189/1314/2853
f 3182/1293/2841 3181/1307/2840 3189/1314/2853 3190/1316/2854
f 3183/1294/2842 3182/1293/2841 3190/1316/2854 3191/1318/2855
f 3176/1296/3094 2991/1319/2562 3184/1320/2856
f 3189/1314/2853 3188/1312/2852 3196/1338/2857 3197/1340/2858
f 3190/1316/2854 3189/1314/2853 3197/1340/2858 3198/1325/2859
f 3191/1318/2855 3190/1316/2854 3198/1325/2859 3199/1326/2860
f 3184/1320/2856 2991/1327/2562 3192/1328/3098
f 3185/1323/3096 3184/1320/2848 3192/1328/2997 3193/1332/2863
f 3186/1308/3097 3185/1323/3096 3193/1332/2863 3194/1334/2864
f 3187/1309/2994 3186/1308/3097 3194/1334/2864 3195/1336/2865
f 3188/1312/2852 3187/1309/2994 3195/1336/2865 3196/1338/2857
f 3194/1334/2864 3193/1332/2863 3201/813/2548 2947/817/2547
f 3195/1336/2865 3194/1334/2864 2947/817/2547 3202/792/2551
f 3196/1338/2857 3195/1336/2865 3202/792/2551 2948/791/2553
f 3197/1340/2858 3196/1338/2857 2948/791/2553 3203/797/2555
f 3198/1325/2859 3197/1340/2858 3203/797/2555 2949/801/2910
f 3199/1326/2860 3198/1325/2859 2949/801/2910 2950/805/2911
f 3192/1328/3098 2991/1342/2562 3200/807/3028
f 3193/1332/2863 3192/1328/2997 3200/807/2564 3201/813/2548
f 3205/845/2998 3204/842/2999 3207/864/2867 3208/867/2998
f 3206/847/3000 3205/845/2998 3208/867/2998 3209/855/3000
f 3204/842/2999 3228/863/3001 3207/864/2867
f 3210/962/3002 3228/985/3099 3213/970/3100
f 3211/965/3101 3210/962/3002 3213/970/3100 3214/971/2874
f 3212/967/3102 3211/965/3101 3214/971/2874 3215/974/3102
f 3216/1117/2877 3228/1123/2878 3219/1124/2877
f 3217/1120/2879 3216/1117/2877 3219/1124/2877 3220/1129/2880
f 3218/1122/2881 3217/1120/2879 3220/1129/2880 3221/1131/2881
f 3222/1254/3103 3228/1262/3104 3225/1263/3103
f 3223/1240/3105 3222/1254/3103 3225/1263/3103 3226/1266/3010
f 3224/1241/3106 3223/1240/3105 3226/1266/3010 3227/1268/3106
f 3152/1254/3107 2991/1253/3108 3228/1253/3108 3222/1254/3109
f 3096/1117/3051 2991/1116/3110 3228/1116/3110 3216/1117/3052
f 3153/1240/3111 3152/1254/3107 3222/1254/3109 3223/1240/3112
f 2968/845/3114 2967/842/3065 3204/842/3067 3205/845/3114
f 3154/1241/3115 3153/1240/3111 3223/1240/3112 3224/1241/3115
f 2991/1286/3116 3160/1263/2897 3225/1263/3021 3228/1286/3116
f 3034/974/3117 3026/967/3117 3212/967/3117 3215/974/3117
f 2991/1149/3118 3104/1124/2916 3219/1124/2918 3228/1149/3118
f 2969/847/3119 2968/845/3119 3205/845/3119 3206/847/3119
f 3160/1263/2897 3161/1266/2902 3226/1266/3120 3225/1263/3021
f 2975/864/3038 2976/867/3026 3208/867/3026 3207/864/2599
f 3161/1266/2902 3162/1268/3122 3227/1268/3122 3226/1266/3120
f 3025/965/2907 3024/962/3068 3210/962/3070 3211/965/2907
f 2976/867/3123 2977/855/3123 3209/855/3123 3208/867/3123
f 3229/817/2547 3483/813/2548 3234/814/2549 3235/818/2550
f 3484/792/2909 3229/817/2547 3235/818/2550 3236/793/2552
f 3230/791/2553 3484/792/2909 3236/793/2552 3237/794/2554
f 3485/797/2555 3230/791/2553 3237/794/2554 3238/798/2556
f 3231/801/2910 3485/797/2555 3238/798/2556 3239/802/2558
f 3232/805/2911 3231/801/2910 3239/802/2558 3240/806/2560
f 3482/807/2561 3273/808/3124 3233/809/2563
f 3483/813/2548 3482/807/2913 3233/809/2565 3234/814/2549
f 3233/809/2563 3273/832/3124 3241/833/3125
f 3234/814/2549 3233/809/2565 3241/833/2567 3242/819/2568
f 3235/818/2550 3234/814/2549 3242/819/2568 3243/820/2569
f 3236/793/2552 3235/818/2550 3243/820/2569 3244/823/2570
f 3237/794/2554 3236/793/2552 3244/823/2570 3245/825/2571
f 3238/798/2556 3237/794/2554 3245/825/2571 3246/827/2572
f 3239/802/2558 3238/798/2556 3246/827/2572 3247/829/2573
f 3240/806/2560 3239/802/2558 3247/829/2573 3248/831/2574
f 3245/825/2571 3244/823/2570 3252/849/2575 3253/851/2576
f 3246/827/2572 3245/825/2571 3253/851/2576 3254/836/2577
f 3247/829/2573 3246/827/2572 3254/836/2577 3255/837/2578
f 3248/831/2574 3247/829/2573 3255/837/2578 3256/840/2579
f 3241/833/3125 3273/841/3124 3249/842/3126
f 3242/819/2568 3241/833/2567 3249/842/2581 3250/845/2582
f 3243/820/2569 3242/819/2568 3250/845/2582 3251/847/3035
f 3244/823/2570 3243/820/2569 3251/847/3035 3252/849/2575
f 3386/1124/3127 3387/1129/3128 3502/1129/2917 3501/1124/2918
f 3380/1122/3129 3379/1120/2920 3499/1120/2921 3500/1122/3129
f 3252/849/2575 3251/847/3035 3259/855/2922 3260/12/3037
f 3253/851/2576 3252/849/2575 3260/12/3037 3261/857/2593
f 3254/836/2577 3253/851/2576 3261/857/2593 3262/859/2594
f 3255/837/2578 3254/836/2577 3262/859/2594 3263/861/2595
f 3256/840/2579 3255/837/2578 3263/861/2595 3264/9/2596
f 3273/872/3130 3257/864/2924 3489/864/2925 3510/872/3130
f 3262/859/2594 3261/857/2593 3269/882/2926 3270/884/2601
f 3263/861/2595 3262/859/2594 3270/884/2601 3271/870/2602
f 3264/9/2596 3263/861/2595 3271/870/2602 3272/871/2603
f 3257/864/3131 3273/872/2605 3265/873/3132
f 3258/867/3133 3257/864/3134 3265/873/2930 3266/876/2931
f 3259/855/2922 3258/867/3133 3266/876/2931 3267/878/3043
f 3260/12/3037 3259/855/2922 3267/878/3043 3268/880/2612
f 3261/857/2593 3260/12/3037 3268/880/2612 3269/882/2926
f 3267/878/3043 3266/876/2931 3275/899/2932 3276/901/2614
f 3268/880/2612 3267/878/3043 3276/901/2614 3277/887/2933
f 3269/882/2926 3268/880/2612 3277/887/2933 3278/888/2616
f 3270/884/2601 3269/882/2926 3278/888/2616 3279/890/2617
f 3271/870/2602 3270/884/2601 3279/890/2617 3280/892/2618
f 3265/873/3132 3273/895/2605 3274/896/2620
f 3266/876/2931 3265/873/2930 3274/896/2934 3275/899/2932
f 3280/892/2618 3279/890/2617 3287/916/2622 3288/918/2623
f 3281/894/2619 3280/892/2618 3288/918/2623 3289/906/2624
f 3274/896/2620 3273/902/2605 3282/903/2935
f 3275/899/2932 3274/896/2934 3282/903/2626 3283/908/2627
f 3276/901/2614 3275/899/2932 3283/908/2627 3284/910/2628
f 3277/887/2933 3276/901/2614 3284/910/2628 3285/912/2629
f 3278/888/2616 3277/887/2933 3285/912/2629 3286/914/2630
f 3279/890/2617 3278/888/2616 3286/914/2630 3287/916/2622
f 3284/910/2628 3283/908/2627 3291/932/2631 3292/934/2632
f 3285/912/2629 3284/910/2628 3292/934/2632 3293/919/2936
f 3286/914/2630 3285/912/2629 3293/919/2936 3294/920/2634
f 3287/916/2622 3286/914/2630 3294/920/2634 3295/923/2635
f 3288/918/2623 3287/916/2622 3295/923/2635 3296/925/3135
f 3289/906/2624 3288/918/2623 3296/925/3135 3297/927/3136
f 3282/903/2935 3273/928/2605 3290/929/2937
f 3283/908/2627 3282/903/2626 3290/929/2639 3291/932/2631
f 3296/925/3135 3295/923/2635 3303/947/2640 3304/949/2641
f 3297/927/3136 3296/925/3135 3304/949/2641 3305/936/2642
f 3290/929/2937 3273/951/2605 3298/938/2938
f 3291/932/2631 3290/929/2639 3298/938/2644 3299/939/2645
f 3292/934/2632 3291/932/2631 3299/939/2645 3300/941/2646
f 3293/919/2936 3292/934/2632 3300/941/2646 3301/943/2647
f 3294/920/2634 3293/919/2936 3301/943/2647 3302/945/2648
f 3295/923/2635 3294/920/2634 3302/945/2648 3303/947/2640
f 3301/943/2647 3300/941/2646 3308/967/2649 3309/969/2650
f 3302/945/2648 3301/943/2647 3309/969/2650 3310/955/2651
f 3303/947/2640 3302/945/2648 3310/955/2651 3311/956/3137
f 3304/949/2641 3303/947/2640 3311/956/3137 3312/958/2653
f 3305/936/2642 3304/949/2641 3312/958/2653 3313/960/2654
f 3298/938/2938 3273/961/2605 3306/962/3138
f 3299/939/2645 3298/938/2644 3306/962/2940 3307/965/2657
f 3300/941/2646 3299/939/2645 3307/965/2657 3308/967/2649
f 3313/960/2654 3312/958/2653 3320/982/2658 3321/984/2659
f 3273/994/3139 3314/970/3140 3495/970/3141 3510/994/3139
f 3379/1120/2920 3378/1117/2945 3498/1117/3052 3499/1120/2921
f 3309/969/2650 3308/967/2649 3316/974/2947 3317/976/2667
f 3310/955/2651 3309/969/2650 3317/976/2667 3318/978/2668
f 3311/956/3137 3310/955/2651 3318/978/2668 3319/980/2669
f 3312/958/2653 3311/956/3137 3319/980/2669 3320/982/2658
f 3317/976/2667 3316/974/2947 3324/1000/2670 3325/1002/2671
f 3318/978/2668 3317/976/2667 3325/1002/2671 3326/987/2672
f 3319/980/2669 3318/978/2668 3326/987/2672 3327/988/2673
f 3320/982/2658 3319/980/2669 3327/988/2673 3328/991/2674
f 3321/984/2659 3320/982/2658 3328/991/2674 3329/993/2675
f 3314/970/2948 3273/994/2949 3322/995/2950
f 3315/971/2951 3314/970/3142 3322/995/3143 3323/998/3144
f 3316/974/2947 3315/971/2951 3323/998/3144 3324/1000/2670
f 3329/993/2675 3328/991/2674 3336/1015/2683 3337/1017/2684
f 3322/995/2950 3273/1018/2949 3330/1019/3145
f 3323/998/3144 3322/995/3143 3330/1019/2954 3331/1006/2955
f 3324/1000/2670 3323/998/3144 3331/1006/2955 3332/1007/2956
f 3325/1002/2671 3324/1000/2670 3332/1007/2956 3333/1009/2689
f 3326/987/2672 3325/1002/2671 3333/1009/2689 3334/1011/2690
f 3327/988/2673 3326/987/2672 3334/1011/2690 3335/1013/2691
f 3328/991/2674 3327/988/2673 3335/1013/2691 3336/1015/2683
f 3334/1011/2690 3333/1009/2689 3341/1035/2957 3342/1037/2693
f 3335/1013/2691 3334/1011/2690 3342/1037/2693 3343/1023/2694
f 3336/1015/2683 3335/1013/2691 3343/1023/2694 3344/1024/2695
f 3337/1017/2684 3336/1015/2683 3344/1024/2695 3345/1026/2696
f 3330/1019/3145 3273/1027/2949 3338/1028/2697
f 3331/1006/2955 3330/1019/2954 3338/1028/2698 3339/1031/2699
f 3332/1007/2956 3331/1006/2955 3339/1031/2699 3340/1033/2700
f 3333/1009/2689 3332/1007/2956 3340/1033/2700 3341/1035/2957
f 3339/1031/2699 3338/1028/2698 3346/1051/2958 3347/1054/2702
f 3340/1033/2700 3339/1031/2699 3347/1054/2702 3348/1040/2703
f 3341/1035/2957 3340/1033/2700 3348/1040/2703 3349/1041/2704
f 3342/1037/2693 3341/1035/2957 3349/1041/2704 3350/1043/2705
f 3343/1023/2694 3342/1037/2693 3350/1043/2705 3351/1045/2706
f 3344/1024/2695 3343/1023/2694 3351/1045/2706 3352/1047/2707
f 3345/1026/2696 3344/1024/2695 3352/1047/2707 3353/1049/2708
f 3338/1028/2697 3273/1050/2949 3346/1051/3146
f 3351/1045/2706 3350/1043/2705 3358/1069/2710 3359/1071/2711
f 3352/1047/2707 3351/1045/2706 3359/1071/2711 3360/1057/2712
f 3353/1049/2708 3352/1047/2707 3360/1057/2712 3361/1058/2960
f 3346/1051/3146 3273/1059/2949 3354/1060/3147
f 3347/1054/2702 3346/1051/2958 3354/1060/2715 3355/1063/2716
f 3348/1040/2703 3347/1054/2702 3355/1063/2716 3356/1065/2717
f 3349/1041/2704 3348/1040/2703 3356/1065/2717 3357/1067/2718
f 3350/1043/2705 3349/1041/2704 3357/1067/2718 3358/1069/2710
f 3355/1063/2716 3354/1060/2715 3362/1084/2719 3363/1087/2720
f 3356/1065/2717 3355/1063/2716 3363/1087/2720 3364/1072/2721
f 3357/1067/2718 3356/1065/2717 3364/1072/2721 3365/1073/2722
f 3358/1069/2710 3357/1067/2718 3365/1073/2722 3366/1076/2723
f 3359/1071/2711 3358/1069/2710 3366/1076/2723 3367/1078/2724
f 3360/1057/2712 3359/1071/2711 3367/1078/2724 3368/1080/2725
f 3361/1058/2960 3360/1057/2712 3368/1080/2725 3369/1082/2726
f 3354/1060/3147 3273/1083/2949 3362/1084/2727
f 3367/1078/2724 3366/1076/2723 3374/1102/3148 3375/1104/2729
f 3368/1080/2725 3367/1078/2724 3375/1104/2729 3376/1089/2730
f 3369/1082/2726 3368/1080/2725 3376/1089/2730 3377/1090/2731
f 3362/1084/2727 3273/1091/2949 3370/1092/3060
f 3363/1087/2720 3362/1084/2719 3370/1092/2962 3371/1096/2734
f 3364/1072/2721 3363/1087/2720 3371/1096/2734 3372/1098/2735
f 3365/1073/2722 3364/1072/2721 3372/1098/2735 3373/1100/3149
f 3366/1076/2723 3365/1073/2722 3373/1100/3149 3374/1102/3148
f 3372/1098/2735 3371/1096/2734 3379/1120/2737 3380/1122/2738
f 3373/1100/3149 3372/1098/2735 3380/1122/2738 3381/1108/3063
f 3374/1102/3148 3373/1100/3149 3381/1108/3063 3382/1109/2964
f 3375/1104/2729 3374/1102/3148 3382/1109/2964 3383/1111/2741
f 3376/1089/2730 3375/1104/2729 3383/1111/2741 3384/1113/2742
f 3377/1090/2731 3376/1089/2730 3384/1113/2742 3385/1115/2743
f 3370/1092/3060 3273/1116/2949 3378/1117/3064
f 3371/1096/2734 3370/1092/2962 3378/1117/2966 3379/1120/2737
f 3384/1113/2742 3383/1111/2741 3391/1137/2746 3392/1139/2747
f 3385/1115/2743 3384/1113/2742 3392/1139/2747 3393/1127/2748
f 3249/842/3150 3273/841/3151 3510/841/3151 3486/842/3152
f 3306/962/3153 3273/961/3154 3510/961/3154 3492/962/3155
f 3381/1108/3063 3380/1122/2738 3388/1131/2756 3389/1133/2757
f 3382/1109/2964 3381/1108/3063 3389/1133/2757 3390/1135/2758
f 3383/1111/2741 3382/1109/2964 3390/1135/2758 3391/1137/2746
f 3388/1131/2756 3387/1129/2759 3395/1153/2760 3396/1155/2761
f 3389/1133/2757 3388/1131/2756 3396/1155/2761 3397/1140/2762
f 3390/1135/2758 3389/1133/2757 3397/1140/2762 3398/1141/2763
f 3391/1137/2746 3390/1135/2758 3398/1141/2763 3399/1144/2764
f 3392/1139/2747 3391/1137/2746 3399/1144/2764 3400/1146/2765
f 3393/1127/2748 3392/1139/2747 3400/1146/2765 3401/1148/2766
f 3386/1124/3156 3273/1149/2768 3394/1150/2769
f 3387/1129/2759 3386/1124/2770 3394/1150/2974 3395/1153/2760
f 3400/1146/2765 3399/1144/2764 3407/1168/2772 3408/1170/2773
f 3401/1148/2766 3400/1146/2765 3408/1170/2773 3409/1157/2774
f 3394/1150/2769 3273/1172/2768 3402/1159/2775
f 3395/1153/2760 3394/1150/2974 3402/1159/2776 3403/1160/2777
f 3396/1155/2761 3395/1153/2760 3403/1160/2777 3404/1162/2778
f 3397/1140/2762 3396/1155/2761 3404/1162/2778 3405/1164/2779
f 3398/1141/2763 3397/1140/2762 3405/1164/2779 3406/1166/2780
f 3399/1144/2764 3398/1141/2763 3406/1166/2780 3407/1168/2772
f 3405/1164/2779 3404/1162/2778 3412/1188/2781 3413/1190/2782
f 3406/1166/2780 3405/1164/2779 3413/1190/2782 3414/1176/2783
f 3407/1168/2772 3406/1166/2780 3414/1176/2783 3415/1177/2784
f 3408/1170/2773 3407/1168/2772 3415/1177/2784 3416/1179/2785
f 3409/1157/2774 3408/1170/2773 3416/1179/2785 3417/1181/2786
f 3402/1159/2775 3273/1182/2768 3410/1183/2787
f 3403/1160/2777 3402/1159/2776 3410/1183/2788 3411/1186/2975
f 3404/1162/2778 3403/1160/2777 3411/1186/2975 3412/1188/2781
f 3417/1181/2786 3416/1179/2785 3424/1202/2790 3425/1204/2791
f 3410/1183/2787 3273/1205/2768 3418/1206/3081
f 3411/1186/2975 3410/1183/2788 3418/1206/2793 3419/1193/2794
f 3412/1188/2781 3411/1186/2975 3419/1193/2794 3420/1194/2795
f 3413/1190/2782 3412/1188/2781 3420/1194/2795 3421/1196/2796
f 3414/1176/2783 3413/1190/2782 3421/1196/2796 3422/1198/2797
f 3415/1177/2784 3414/1176/2783 3422/1198/2797 3423/1200/2798
f 3416/1179/2785 3415/1177/2784 3423/1200/2798 3424/1202/2790
f 3422/1238/2797 3421/1234/2796 3429/1235/2799 3430/1239/2800
f 3423/1213/2798 3422/1238/2797 3430/1239/2800 3431/1214/2801
f 3424/1212/2790 3423/1213/2798 3431/1214/2801 3432/1215/2802
f 3425/1218/2791 3424/1212/2790 3432/1215/2802 3433/1219/2803
f 3418/1220/3081 3273/1221/2768 3426/1222/3157
f 3419/1226/2794 3418/1220/2793 3426/1222/3158 3427/1227/3084
f 3420/1230/2795 3419/1226/2794 3427/1227/3084 3428/1231/2977
f 3421/1234/2796 3420/1230/2795 3428/1231/2977 3429/1235/2799
f 3426/1222/3157 3273/1253/2768 3434/1254/3159
f 3427/1227/3084 3426/1222/3158 3434/1254/3160 3435/1240/3161
f 3428/1231/2977 3427/1227/3084 3435/1240/3161 3436/1241/3162
f 3429/1235/2799 3428/1231/2977 3436/1241/3162 3437/1244/2812
f 3430/1239/2800 3429/1235/2799 3437/1244/2812 3438/1246/2813
f 3431/1214/2801 3430/1239/2800 3438/1246/2813 3439/1248/2981
f 3432/1215/2802 3431/1214/2801 3439/1248/2981 3440/1250/2815
f 3433/1219/2803 3432/1215/2802 3440/1250/2815 3441/1252/2816
f 3438/1246/2813 3437/1244/2812 3445/1270/2817 3446/1272/2818
f 3439/1248/2981 3438/1246/2813 3446/1272/2818 3447/1257/2819
f 3440/1250/2815 3439/1248/2981 3447/1257/2819 3448/1258/2820
f 3441/1252/2816 3440/1250/2815 3448/1258/2820 3449/1261/2821
f 3315/971/2822 3316/974/2823 3497/974/2823 3496/971/2824
f 3314/970/3140 3315/971/2822 3496/971/2824 3495/970/3141
f 3308/967/2983 3307/965/2983 3493/965/2983 3494/967/2983
f 3437/1244/2812 3436/1241/3162 3444/1268/2826 3445/1270/2817
f 3443/1266/3163 3442/1263/2986 3450/1287/2987 3451/1290/2988
f 3444/1268/2826 3443/1266/3163 3451/1290/2988 3452/1276/2831
f 3445/1270/2817 3444/1268/2826 3452/1276/2831 3453/1277/2832
f 3446/1272/2818 3445/1270/2817 3453/1277/2832 3454/1279/2991
f 3447/1257/2819 3446/1272/2818 3454/1279/2991 3455/1281/2834
f 3448/1258/2820 3447/1257/2819 3455/1281/2834 3456/1283/2835
f 3449/1261/2821 3448/1258/2820 3456/1283/2835 3457/1285/2836
f 3442/1263/3164 3273/1286/3124 3450/1287/3165
f 3455/1281/2834 3454/1279/2991 3462/1305/2839 3463/1307/2840
f 3456/1283/2835 3455/1281/2834 3463/1307/2840 3464/1293/2841
f 3457/1285/2836 3456/1283/2835 3464/1293/2841 3465/1294/2842
f 3450/1287/3165 3273/1295/3124 3458/1296/2992
f 3451/1290/2988 3450/1287/2987 3458/1296/2844 3459/1299/2845
f 3452/1276/2831 3451/1290/2988 3459/1299/2845 3460/1301/2993
f 3453/1277/2832 3452/1276/2831 3460/1301/2993 3461/1303/2847
f 3454/1279/2991 3453/1277/2832 3461/1303/2847 3462/1305/2839
f 3459/1299/2845 3458/1296/2844 3466/1320/2848 3467/1323/2849
f 3460/1301/2993 3459/1299/2845 3467/1323/2849 3468/1308/2850
f 3461/1303/2847 3460/1301/2993 3468/1308/2850 3469/1309/2851
f 3462/1305/2839 3461/1303/2847 3469/1309/2851 3470/1312/2852
f 3463/1307/2840 3462/1305/2839 3470/1312/2852 3471/1314/2853
f 3464/1293/2841 3463/1307/2840 3471/1314/2853 3472/1316/2854
f 3465/1294/2842 3464/1293/2841 3472/1316/2854 3473/1318/2855
f 3458/1296/2992 3273/1319/3124 3466/1320/3166
f 3471/1314/2853 3470/1312/2852 3478/1338/2857 3479/1340/2858
f 3472/1316/2854 3471/1314/2853 3479/1340/2858 3480/1325/2859
f 3473/1318/2855 3472/1316/2854 3480/1325/2859 3481/1326/2860
f 3466/1320/3166 3273/1327/3124 3474/1328/3167
f 3467/1323/2849 3466/1320/2848 3474/1328/2997 3475/1332/2863
f 3468/1308/2850 3467/1323/2849 3475/1332/2863 3476/1334/2864
f 3469/1309/2851 3468/1308/2850 3476/1334/2864 3477/1336/2865
f 3470/1312/2852 3469/1309/2851 3477/1336/2865 3478/1338/2857
f 3476/1334/2864 3475/1332/2863 3483/813/2548 3229/817/2547
f 3477/1336/2865 3476/1334/2864 3229/817/2547 3484/792/2909
f 3478/1338/2857 3477/1336/2865 3484/792/2909 3230/791/2553
f 3479/1340/2858 3478/1338/2857 3230/791/2553 3485/797/2555
f 3480/1325/2859 3479/1340/2858 3485/797/2555 3231/801/2910
f 3481/1326/2860 3480/1325/2859 3231/801/2910 3232/805/2911
f 3474/1328/3167 3273/1342/3124 3482/807/2561
f 3475/1332/2863 3474/1328/2997 3482/807/2913 3483/813/2548
f 3487/845/2998 3486/842/3168 3489/864/3169 3490/867/2998
f 3488/847/3170 3487/845/2998 3490/867/2998 3491/855/3170
f 3486/842/3168 3510/863/3171 3489/864/3169
f 3492/962/2871 3510/985/2872 3495/970/3172
f 3493/965/2875 3492/962/2871 3495/970/3172 3496/971/2875
f 3494/967/2876 3493/965/2875 3496/971/2875 3497/974/2876
f 3499/1120/2879 3498/1117/3005 3501/1124/3005 3502/1129/2880
f 3500/1122/2881 3499/1120/2879 3502/1129/2880 3503/1131/2881
f 3504/1254/3008 3510/1262/2883 3507/1263/3008
f 3505/1240/3009 3504/1254/3008 3507/1263/3008 3508/1266/3010
f 3506/1241/3011 3505/1240/3009 3508/1266/3010 3509/1268/3011
f 3434/1254/3107 3273/1253/2888 3510/1253/2888 3504/1254/3173
f 3378/1117/2945 3273/1116/3110 3510/1116/3110 3498/1117/3052
f 3435/1240/3174 3434/1254/3107 3504/1254/3173 3505/1240/2892
f 3387/1129/3128 3388/1131/3175 3503/1131/3175 3502/1129/2917
f 3273/1286/3019 3442/1263/2897 3507/1263/3021 3510/1286/3019
f 3316/974/3117 3308/967/3117 3494/967/3117 3497/974/3117
f 3273/1149/3118 3386/1124/3127 3501/1124/2918 3510/1149/3118
f 3442/1263/2897 3443/1266/2902 3508/1266/3177 3507/1263/3021
f 3257/864/2924 3258/867/3178 3490/867/3178 3489/864/2925
f 3443/1266/2902 3444/1268/3122 3509/1268/3122 3508/1266/3177
f 3307/965/3179 3306/962/3153 3492/962/3155 3493/965/3179
f 3258/867/3123 3259/855/3123 3491/855/3123 3490/867/3123
f 3511/817/3180 3765/813/2548 3516/814/2549 3517/818/2550
f 3766/792/2551 3511/817/3180 3517/818/2550 3518/793/2552
f 3512/791/2553 3766/792/2551 3518/793/2552 3519/794/2554
f 3767/797/2555 3512/791/2553 3519/794/2554 3520/798/2556
f 3513/801/2557 3767/797/2555 3520/798/2556 3521/802/2558
f 3514/805/2559 3513/801/2557 3521/802/2558 3522/806/2560
f 3764/807/2561 3555/808/2562 3515/809/3181
f 3765/813/2548 3764/807/3182 3515/809/3183 3516/814/2549
f 3515/809/3181 3555/832/2562 3523/833/3184
f 3516/814/2549 3515/809/3183 3523/833/3185 3524/819/3186
f 3517/818/2550 3516/814/2549 3524/819/3186 3525/820/2569
f 3518/793/2552 3517/818/2550 3525/820/2569 3526/823/2570
f 3519/794/2554 3518/793/2552 3526/823/2570 3527/825/2571
f 3520/798/2556 3519/794/2554 3527/825/2571 3528/827/2572
f 3521/802/2558 3520/798/2556 3528/827/2572 3529/829/2573
f 3522/806/2560 3521/802/2558 3529/829/2573 3530/831/2574
f 3527/825/2571 3526/823/2570 3534/849/2575 3535/851/3033
f 3528/827/2572 3527/825/2571 3535/851/3033 3536/836/2577
f 3529/829/2573 3528/827/2572 3536/836/2577 3537/837/2578
f 3530/831/2574 3529/829/2573 3537/837/2578 3538/840/2579
f 3523/833/3184 3555/841/2562 3531/842/3034
f 3524/819/3186 3523/833/3185 3531/842/3187 3532/845/3188
f 3525/820/2569 3524/819/3186 3532/845/3188 3533/847/3035
f 3526/823/2570 3525/820/2569 3533/847/3035 3534/849/2575
f 3668/1124/3189 3669/1129/2585 3784/1129/2917 3783/1124/2587
f 3662/1122/3190 3661/1120/2589 3781/1120/2921 3782/1122/3190
f 3534/849/2575 3533/847/3035 3541/855/2591 3542/12/3191
f 3535/851/3033 3534/849/2575 3542/12/3191 3543/857/2593
f 3536/836/2577 3535/851/3033 3543/857/2593 3544/859/2594
f 3537/837/2578 3536/836/2577 3544/859/2594 3545/861/2595
f 3538/840/2579 3537/837/2578 3545/861/2595 3546/9/2596
f 3555/872/3130 3539/864/2924 3771/864/2599 3792/872/3130
f 3544/859/2594 3543/857/2593 3551/882/2926 3552/884/2601
f 3545/861/2595 3544/859/2594 3552/884/2601 3553/870/2602
f 3539/864/3192 3555/872/2605 3547/873/3193
f 3540/867/2607 3539/864/2608 3547/873/2609 3548/876/2931
f 3541/855/2591 3540/867/2607 3548/876/2931 3549/878/3194
f 3542/12/3191 3541/855/2591 3549/878/3194 3550/880/2612
f 3543/857/2593 3542/12/3191 3550/880/2612 3551/882/2926
f 3549/878/3194 3548/876/2931 3557/899/2613 3558/901/2614
f 3550/880/2612 3549/878/3194 3558/901/2614 3559/887/2615
f 3551/882/2926 3550/880/2612 3559/887/2615 3560/888/2616
f 3552/884/2601 3551/882/2926 3560/888/2616 3561/890/2617
f 3553/870/2602 3552/884/2601 3561/890/2617 3562/892/2618
f 3547/873/3193 3555/895/2605 3556/896/2620
f 3548/876/2931 3547/873/2609 3556/896/2934 3557/899/2613
f 3562/892/2618 3561/890/2617 3569/916/2622 3570/918/2623
f 3556/896/2620 3555/902/2605 3564/903/2625
f 3557/899/2613 3556/896/2934 3564/903/2626 3565/908/2627
f 3558/901/2614 3557/899/2613 3565/908/2627 3566/910/2628
f 3559/887/2615 3558/901/2614 3566/910/2628 3567/912/2629
f 3560/888/2616 3559/887/2615 3567/912/2629 3568/914/2630
f 3561/890/2617 3560/888/2616 3568/914/2630 3569/916/2622
f 3566/910/2628 3565/908/2627 3573/932/2631 3574/934/2632
f 3567/912/2629 3566/910/2628 3574/934/2632 3575/919/2633
f 3568/914/2630 3567/912/2629 3575/919/2633 3576/920/2634
f 3569/916/2622 3568/914/2630 3576/920/2634 3577/923/2635
f 3564/903/2625 3555/928/2605 3572/929/2638
f 3565/908/2627 3564/903/2626 3572/929/2639 3573/932/2631
f 3578/925/3135 3577/923/2635 3585/947/2640 3586/949/2641
f 3572/929/2638 3555/951/2605 3580/938/3195
f 3573/932/2631 3572/929/2639 3580/938/2644 3581/939/2645
f 3574/934/2632 3573/932/2631 3581/939/2645 3582/941/3196
f 3575/919/2633 3574/934/2632 3582/941/3196 3583/943/2647
f 3576/920/2634 3575/919/2633 3583/943/2647 3584/945/2648
f 3577/923/2635 3576/920/2634 3584/945/2648 3585/947/2640
f 3583/943/2647 3582/941/3196 3590/967/3197 3591/969/2650
f 3584/945/2648 3583/943/2647 3591/969/2650 3592/955/2651
f 3585/947/2640 3584/945/2648 3592/955/2651 3593/956/2652
f 3586/949/2641 3585/947/2640 3593/956/2652 3594/958/2653
f 3587/936/2642 3586/949/2641 3594/958/2653 3595/960/2654
f 3580/938/3195 3555/961/2605 3588/962/3198
f 3581/939/2645 3580/938/2644 3588/962/2940 3589/965/2657
f 3582/941/3196 3581/939/2645 3589/965/2657 3590/967/3197
f 3595/960/2654 3594/958/2653 3602/982/2658 3603/984/2659
f 3555/994/3200 3596/970/3201 3777/970/3202 3792/994/3200
f 3661/1120/2589 3660/1117/3051 3780/1117/2665 3781/1120/2921
f 3591/969/2650 3590/967/3197 3598/974/2947 3599/976/2667
f 3592/955/2651 3591/969/2650 3599/976/2667 3600/978/2668
f 3593/956/2652 3592/955/2651 3600/978/2668 3601/980/2669
f 3594/958/2653 3593/956/2652 3601/980/2669 3602/982/2658
f 3599/976/2667 3598/974/2947 3606/1000/2670 3607/1002/2671
f 3600/978/2668 3599/976/2667 3607/1002/2671 3608/987/3203
f 3601/980/2669 3600/978/2668 3608/987/3203 3609/988/2673
f 3602/982/2658 3601/980/2669 3609/988/2673 3610/991/2674
f 3603/984/2659 3602/982/2658 3610/991/2674 3611/993/2675
f 3596/970/3054 3555/994/2677 3604/995/3204
f 3597/971/2951 3596/970/3142 3604/995/3205 3605/998/2682
f 3598/974/2947 3597/971/2951 3605/998/2682 3606/1000/2670
f 3611/993/2675 3610/991/2674 3618/1015/2683 3619/1017/2684
f 3604/995/3204 3555/1018/2677 3612/1019/3206
f 3605/998/2682 3604/995/3205 3612/1019/3207 3613/1006/2955
f 3606/1000/2670 3605/998/2682 3613/1006/2955 3614/1007/2956
f 3607/1002/2671 3606/1000/2670 3614/1007/2956 3615/1009/2689
f 3608/987/3203 3607/1002/2671 3615/1009/2689 3616/1011/2690
f 3609/988/2673 3608/987/3203 3616/1011/2690 3617/1013/2691
f 3610/991/2674 3609/988/2673 3617/1013/2691 3618/1015/2683
f 3616/1011/2690 3615/1009/2689 3623/1035/2957 3624/1037/2693
f 3617/1013/2691 3616/1011/2690 3624/1037/2693 3625/1023/2694
f 3618/1015/2683 3617/1013/2691 3625/1023/2694 3626/1024/2695
f 3619/1017/2684 3618/1015/2683 3626/1024/2695 3627/1026/2696
f 3612/1019/3206 3555/1027/2677 3620/1028/2697
f 3613/1006/2955 3612/1019/3207 3620/1028/3208 3621/1031/2699
f 3614/1007/2956 3613/1006/2955 3621/1031/2699 3622/1033/2700
f 3615/1009/2689 3614/1007/2956 3622/1033/2700 3623/1035/2957
f 3621/1031/2699 3620/1028/3208 3628/1051/3209 3629/1054/2702
f 3622/1033/2700 3621/1031/2699 3629/1054/2702 3630/1040/2703
f 3623/1035/2957 3622/1033/2700 3630/1040/2703 3631/1041/2704
f 3624/1037/2693 3623/1035/2957 3631/1041/2704 3632/1043/2705
f 3625/1023/2694 3624/1037/2693 3632/1043/2705 3633/1045/2706
f 3626/1024/2695 3625/1023/2694 3633/1045/2706 3634/1047/2707
f 3627/1026/2696 3626/1024/2695 3634/1047/2707 3635/1049/2708
f 3620/1028/2697 3555/1050/2677 3628/1051/2709
f 3633/1045/2706 3632/1043/2705 3640/1069/2710 3641/1071/2711
f 3634/1047/2707 3633/1045/2706 3641/1071/2711 3642/1057/2712
f 3635/1049/2708 3634/1047/2707 3642/1057/2712 3643/1058/2713
f 3628/1051/2709 3555/1059/2677 3636/1060/2714
f 3629/1054/2702 3628/1051/3209 3636/1060/3210 3637/1063/2716
f 3630/1040/2703 3629/1054/2702 3637/1063/2716 3638/1065/2717
f 3631/1041/2704 3630/1040/2703 3638/1065/2717 3639/1067/3211
f 3632/1043/2705 3631/1041/2704 3639/1067/3211 3640/1069/2710
f 3637/1063/2716 3636/1060/3210 3644/1084/3212 3645/1087/2720
f 3638/1065/2717 3637/1063/2716 3645/1087/2720 3646/1072/2721
f 3639/1067/3211 3638/1065/2717 3646/1072/2721 3647/1073/2722
f 3640/1069/2710 3639/1067/3211 3647/1073/2722 3648/1076/2723
f 3641/1071/2711 3640/1069/2710 3648/1076/2723 3649/1078/2724
f 3642/1057/2712 3641/1071/2711 3649/1078/2724 3650/1080/2725
f 3643/1058/2713 3642/1057/2712 3650/1080/2725 3651/1082/2726
f 3636/1060/2714 3555/1083/2677 3644/1084/2727
f 3649/1078/2724 3648/1076/2723 3656/1102/2728 3657/1104/2729
f 3650/1080/2725 3649/1078/2724 3657/1104/2729 3658/1089/2730
f 3651/1082/2726 3650/1080/2725 3658/1089/2730 3659/1090/2731
f 3644/1084/2727 3555/1091/2677 3652/1092/3060
f 3645/1087/2720 3644/1084/3212 3652/1092/3213 3653/1096/3214
f 3646/1072/2721 3645/1087/2720 3653/1096/3214 3654/1098/2735
f 3647/1073/2722 3646/1072/2721 3654/1098/2735 3655/1100/3215
f 3648/1076/2723 3647/1073/2722 3655/1100/3215 3656/1102/2728
f 3654/1098/2735 3653/1096/3214 3661/1120/2737 3662/1122/2738
f 3655/1100/3215 3654/1098/2735 3662/1122/2738 3663/1108/2739
f 3656/1102/2728 3655/1100/3215 3663/1108/2739 3664/1109/2740
f 3657/1104/2729 3656/1102/2728 3664/1109/2740 3665/1111/2741
f 3658/1089/2730 3657/1104/2729 3665/1111/2741 3666/1113/2742
f 3659/1090/2731 3658/1089/2730 3666/1113/2742 3667/1115/2743
f 3652/1092/3060 3555/1116/2677 3660/1117/3064
f 3653/1096/3214 3652/1092/3213 3660/1117/2745 3661/1120/2737
f 3666/1113/2742 3665/1111/2741 3673/1137/2746 3674/1139/2747
f 3667/1115/2743 3666/1113/2742 3674/1139/2747 3675/1127/2748
f 3531/842/3216 3555/841/2750 3792/841/2750 3768/842/3217
f 3541/855/2752 3533/847/2752 3770/847/2752 3773/855/2752
f 3588/962/3218 3555/961/3219 3792/961/3219 3774/962/3220
f 3663/1108/2739 3662/1122/2738 3670/1131/2756 3671/1133/2757
f 3664/1109/2740 3663/1108/2739 3671/1133/2757 3672/1135/2758
f 3665/1111/2741 3664/1109/2740 3672/1135/2758 3673/1137/2746
f 3670/1131/2756 3669/1129/3221 3677/1153/3222 3678/1155/2761
f 3671/1133/2757 3670/1131/2756 3678/1155/2761 3679/1140/2762
f 3672/1135/2758 3671/1133/2757 3679/1140/2762 3680/1141/2763
f 3673/1137/2746 3672/1135/2758 3680/1141/2763 3681/1144/2764
f 3674/1139/2747 3673/1137/2746 3681/1144/2764 3682/1146/2765
f 3675/1127/2748 3674/1139/2747 3682/1146/2765 3683/1148/2766
f 3668/1124/2767 3555/1149/2768 3676/1150/2769
f 3669/1129/3221 3668/1124/2770 3676/1150/2974 3677/1153/3222
f 3682/1146/2765 3681/1144/2764 3689/1168/2772 3690/1170/2773
f 3683/1148/2766 3682/1146/2765 3690/1170/2773 3691/1157/2774
f 3676/1150/2769 3555/1172/2768 3684/1159/3076
f 3677/1153/3222 3676/1150/2974 3684/1159/3223 3685/1160/2777
f 3678/1155/2761 3677/1153/3222 3685/1160/2777 3686/1162/2778
f 3679/1140/2762 3678/1155/2761 3686/1162/2778 3687/1164/2779
f 3680/1141/2763 3679/1140/2762 3687/1164/2779 3688/1166/2780
f 3681/1144/2764 3680/1141/2763 3688/1166/2780 3689/1168/2772
f 3687/1164/2779 3686/1162/2778 3694/1188/2781 3695/1190/2782
f 3688/1166/2780 3687/1164/2779 3695/1190/2782 3696/1176/2783
f 3689/1168/2772 3688/1166/2780 3696/1176/2783 3697/1177/2784
f 3690/1170/2773 3689/1168/2772 3697/1177/2784 3698/1179/2785
f 3691/1157/2774 3690/1170/2773 3698/1179/2785 3699/1181/2786
f 3684/1159/3076 3555/1182/2768 3692/1183/2787
f 3685/1160/2777 3684/1159/3223 3692/1183/3224 3693/1186/2975
f 3686/1162/2778 3685/1160/2777 3693/1186/2975 3694/1188/2781
f 3699/1181/2786 3698/1179/2785 3706/1202/3080 3707/1204/2791
f 3692/1183/2787 3555/1205/2768 3700/1206/3081
f 3693/1186/2975 3692/1183/3224 3700/1206/2793 3701/1193/2794
f 3694/1188/2781 3693/1186/2975 3701/1193/2794 3702/1194/2795
f 3695/1190/2782 3694/1188/2781 3702/1194/2795 3703/1196/2796
f 3696/1176/2783 3695/1190/2782 3703/1196/2796 3704/1198/2797
f 3697/1177/2784 3696/1176/2783 3704/1198/2797 3705/1200/2798
f 3698/1179/2785 3697/1177/2784 3705/1200/2798 3706/1202/3080
f 3704/1238/2797 3703/1234/2796 3711/1235/2799 3712/1239/3225
f 3705/1213/2798 3704/1238/2797 3712/1239/3225 3713/1214/2801
f 3706/1212/3080 3705/1213/2798 3713/1214/2801 3714/1215/2802
f 3707/1218/2791 3706/1212/3080 3714/1215/2802 3715/1219/2803
f 3700/1220/3081 3555/1221/2768 3708/1222/3082
f 3701/1226/2794 3700/1220/2793 3708/1222/2976 3709/1227/3084
f 3702/1230/2795 3701/1226/2794 3709/1227/3084 3710/1231/2977
f 3703/1234/2796 3702/1230/2795 3710/1231/2977 3711/1235/2799
f 3708/1222/3082 3555/1253/2768 3716/1254/3085
f 3709/1227/3084 3708/1222/2976 3716/1254/3226 3717/1240/3227
f 3710/1231/2977 3709/1227/3084 3717/1240/3227 3718/1241/2980
f 3711/1235/2799 3710/1231/2977 3718/1241/2980 3719/1244/2812
f 3712/1239/3225 3711/1235/2799 3719/1244/2812 3720/1246/2813
f 3713/1214/2801 3712/1239/3225 3720/1246/2813 3721/1248/2814
f 3714/1215/2802 3713/1214/2801 3721/1248/2814 3722/1250/2815
f 3715/1219/2803 3714/1215/2802 3722/1250/2815 3723/1252/2816
f 3720/1246/2813 3719/1244/2812 3727/1270/2817 3728/1272/2818
f 3721/1248/2814 3720/1246/2813 3728/1272/2818 3729/1257/2819
f 3722/1250/2815 3721/1248/2814 3729/1257/2819 3730/1258/2820
f 3723/1252/2816 3722/1250/2815 3730/1258/2820 3731/1261/2821
f 3597/971/3228 3598/974/2823 3779/974/2823 3778/971/3089
f 3596/970/3201 3597/971/3228 3778/971/3089 3777/970/3202
f 3590/967/3229 3589/965/3229 3775/965/3229 3776/967/3229
f 3719/1244/2812 3718/1241/2980 3726/1268/2826 3727/1270/2817
f 3725/1266/3230 3724/1263/2828 3732/1287/2829 3733/1290/2830
f 3726/1268/2826 3725/1266/3230 3733/1290/2830 3734/1276/2831
f 3727/1270/2817 3726/1268/2826 3734/1276/2831 3735/1277/2832
f 3728/1272/2818 3727/1270/2817 3735/1277/2832 3736/1279/2833
f 3729/1257/2819 3728/1272/2818 3736/1279/2833 3737/1281/2834
f 3730/1258/2820 3729/1257/2819 3737/1281/2834 3738/1283/2835
f 3731/1261/2821 3730/1258/2820 3738/1283/2835 3739/1285/2836
f 3724/1263/2837 3555/1286/2562 3732/1287/3165
f 3737/1281/2834 3736/1279/2833 3744/1305/3231 3745/1307/2840
f 3738/1283/2835 3737/1281/2834 3745/1307/2840 3746/1293/2841
f 3739/1285/2836 3738/1283/2835 3746/1293/2841 3747/1294/2842
f 3732/1287/3165 3555/1295/2562 3740/1296/2843
f 3733/1290/2830 3732/1287/2829 3740/1296/2844 3741/1299/2845
f 3734/1276/2831 3733/1290/2830 3741/1299/2845 3742/1301/2993
f 3735/1277/2832 3734/1276/2831 3742/1301/2993 3743/1303/2847
f 3736/1279/2833 3735/1277/2832 3743/1303/2847 3744/1305/3231
f 3741/1299/2845 3740/1296/2844 3748/1320/3232 3749/1323/3233
f 3742/1301/2993 3741/1299/2845 3749/1323/3233 3750/1308/2850
f 3743/1303/2847 3742/1301/2993 3750/1308/2850 3751/1309/2851
f 3744/1305/3231 3743/1303/2847 3751/1309/2851 3752/1312/2852
f 3745/1307/2840 3744/1305/3231 3752/1312/2852 3753/1314/2853
f 3746/1293/2841 3745/1307/2840 3753/1314/2853 3754/1316/2854
f 3747/1294/2842 3746/1293/2841 3754/1316/2854 3755/1318/2855
f 3740/1296/2843 3555/1319/2562 3748/1320/2856
f 3753/1314/2853 3752/1312/2852 3760/1338/2857 3761/1340/2858
f 3754/1316/2854 3753/1314/2853 3761/1340/2858 3762/1325/2859
f 3755/1318/2855 3754/1316/2854 3762/1325/2859 3763/1326/2860
f 3748/1320/2856 3555/1327/2562 3756/1328/2861
f 3749/1323/3233 3748/1320/3232 3756/1328/2862 3757/1332/2863
f 3750/1308/2850 3749/1323/3233 3757/1332/2863 3758/1334/2864
f 3751/1309/2851 3750/1308/2850 3758/1334/2864 3759/1336/2865
f 3752/1312/2852 3751/1309/2851 3759/1336/2865 3760/1338/2857
f 3758/1334/2864 3757/1332/2863 3765/813/2548 3511/817/3180
f 3759/1336/2865 3758/1334/2864 3511/817/3180 3766/792/2551
f 3760/1338/2857 3759/1336/2865 3766/792/2551 3512/791/2553
f 3761/1340/2858 3760/1338/2857 3512/791/2553 3767/797/2555
f 3762/1325/2859 3761/1340/2858 3767/797/2555 3513/801/2557
f 3763/1326/2860 3762/1325/2859 3513/801/2557 3514/805/2559
f 3756/1328/2861 3555/1342/2562 3764/807/2561
f 3757/1332/2863 3756/1328/2862 3764/807/3182 3765/813/2548
f 3769/845/2866 3768/842/2867 3771/864/3234 3772/867/2866
f 3770/847/2869 3769/845/2866 3772/867/2866 3773/855/2869
f 3768/842/2867 3792/863/3001 3771/864/3234
f 3774/962/2871 3792/985/2872 3777/970/2873
f 3775/965/2874 3774/962/2871 3777/970/2873 3778/971/2875
f 3776/967/2876 3775/965/2874 3778/971/2875 3779/974/2876
f 3780/1117/2877 3792/1123/2878 3783/1124/2877
f 3781/1120/2879 3780/1117/2877 3783/1124/2877 3784/1129/2880
f 3782/1122/2881 3781/1120/2879 3784/1129/2880 3785/1131/2881
f 3786/1254/2882 3792/1262/2883 3789/1263/2882
f 3787/1240/2884 3786/1254/2882 3789/1263/2882 3790/1266/2885
f 3788/1241/2886 3787/1240/2884 3790/1266/2885 3791/1268/2886
f 3716/1254/3012 3555/1253/2888 3792/1253/2888 3786/1254/2889
f 3660/1117/3051 3555/1116/2890 3792/1116/2890 3780/1117/2665
f 3717/1240/3235 3716/1254/3012 3786/1254/2889 3787/1240/3236
f 3669/1129/2585 3670/1131/3113 3785/1131/3113 3784/1129/2917
f 3532/845/3237 3531/842/3216 3768/842/3217 3769/845/3237
f 3555/1286/2896 3724/1263/3239 3789/1263/3240 3792/1286/2896
f 3598/974/3117 3590/967/3117 3776/967/3117 3779/974/3117
f 3555/1149/3241 3668/1124/3189 3783/1124/2587 3792/1149/3241
f 3533/847/3176 3532/845/3176 3769/845/3176 3770/847/3176
f 3724/1263/3239 3725/1266/2902 3790/1266/3025 3789/1263/3240
f 3726/1268/2904 3718/1241/2904 3788/1241/2904 3791/1268/2904
f 3539/864/2924 3540/867/3242 3772/867/3242 3771/864/2599
f 3725/1266/2902 3726/1268/3122 3791/1268/3122 3790/1266/3025
f 3589/965/2907 3588/962/3218 3774/962/3220 3775/965/2907
f 3540/867/3243 3541/855/3243 3773/855/3243 3772/867/3243
f 3793/817/2547 4047/813/2548 3798/814/2549 3799/818/2550
f 4048/792/2551 3793/817/2547 3799/818/2550 3800/793/2552
f 3794/791/2553 4048/792/2551 3800/793/2552 3801/794/2554
f 4049/797/2555 3794/791/2553 3801/794/2554 3802/798/2556
f 3795/801/2557 4049/797/2555 3802/798/2556 3803/802/2558
f 3796/805/2559 3795/801/2557 3803/802/2558 3804/806/2560
f 4046/807/2561 3837/808/2562 3797/809/3244
f 4047/813/2548 4046/807/2913 3797/809/2565 3798/814/2549
f 3797/809/3244 3837/832/2562 3805/833/3245
f 3798/814/2549 3797/809/2565 3805/833/2567 3806/819/2568
f 3799/818/2550 3798/814/2549 3806/819/2568 3807/820/2914
f 3800/793/2552 3799/818/2550 3807/820/2914 3808/823/2570
f 3801/794/2554 3800/793/2552 3808/823/2570 3809/825/2571
f 3802/798/2556 3801/794/2554 3809/825/2571 3810/827/2572
f 3803/802/2558 3802/798/2556 3810/827/2572 3811/829/2573
f 3804/806/2560 3803/802/2558 3811/829/2573 3812/831/2574
f 3809/825/2571 3808/823/2570 3816/849/2575 3817/851/3033
f 3810/827/2572 3809/825/2571 3817/851/3033 3818/836/2577
f 3811/829/2573 3810/827/2572 3818/836/2577 3819/837/2578
f 3812/831/2574 3811/829/2573 3819/837/2578 3820/840/2579
f 3805/833/3245 3837/841/2562 3813/842/2580
f 3806/819/2568 3805/833/2567 3813/842/2581 3814/845/2582
f 3807/820/2914 3806/819/2568 3814/845/2582 3815/847/2583
f 3808/823/2570 3807/820/2914 3815/847/2583 3816/849/2575
f 3950/1124/3246 3951/1129/3247 4066/1129/3248 4065/1124/2587
f 3944/1122/3249 3943/1120/3250 4063/1120/2590 4064/1122/3249
f 3816/849/2575 3815/847/2583 3823/855/2922 3824/12/3037
f 3817/851/3033 3816/849/2575 3824/12/3037 3825/857/2593
f 3818/836/2577 3817/851/3033 3825/857/2593 3826/859/2594
f 3819/837/2578 3818/836/2577 3826/859/2594 3827/861/2595
f 3820/840/2579 3819/837/2578 3827/861/2595 3828/9/2596
f 3837/872/3251 3821/864/3252 4053/864/3253 4074/872/3251
f 3826/859/2594 3825/857/2593 3833/882/2600 3834/884/2601
f 3827/861/2595 3826/859/2594 3834/884/2601 3835/870/2602
f 3828/9/2596 3827/861/2595 3835/870/2602 3836/871/2603
f 3821/864/3254 3837/872/2605 3829/873/2606
f 3822/867/2607 3821/864/2929 3829/873/2609 3830/876/3255
f 3823/855/2922 3822/867/2607 3830/876/3255 3831/878/2611
f 3824/12/3037 3823/855/2922 3831/878/2611 3832/880/2612
f 3825/857/2593 3824/12/3037 3832/880/2612 3833/882/2600
f 3831/878/2611 3830/876/3255 3839/899/2613 3840/901/2614
f 3832/880/2612 3831/878/2611 3840/901/2614 3841/887/2615
f 3833/882/2600 3832/880/2612 3841/887/2615 3842/888/2616
f 3834/884/2601 3833/882/2600 3842/888/2616 3843/890/2617
f 3835/870/2602 3834/884/2601 3843/890/2617 3844/892/2618
f 3836/871/2603 3835/870/2602 3844/892/2618 3845/894/3256
f 3829/873/2606 3837/895/2605 3838/896/3257
f 3830/876/3255 3829/873/2609 3838/896/2621 3839/899/2613
f 3844/892/2618 3843/890/2617 3851/916/2622 3852/918/2623
f 3845/894/3256 3844/892/2618 3852/918/2623 3853/906/2624
f 3838/896/3257 3837/902/2605 3846/903/2625
f 3839/899/2613 3838/896/2621 3846/903/2626 3847/908/2627
f 3840/901/2614 3839/899/2613 3847/908/2627 3848/910/2628
f 3841/887/2615 3840/901/2614 3848/910/2628 3849/912/3046
f 3842/888/2616 3841/887/2615 3849/912/3046 3850/914/2630
f 3843/890/2617 3842/888/2616 3850/914/2630 3851/916/2622
f 3848/910/2628 3847/908/2627 3855/932/2631 3856/934/2632
f 3849/912/3046 3848/910/2628 3856/934/2632 3857/919/2633
f 3850/914/2630 3849/912/3046 3857/919/2633 3858/920/2634
f 3851/916/2622 3850/914/2630 3858/920/2634 3859/923/2635
f 3852/918/2623 3851/916/2622 3859/923/2635 3860/925/2636
f 3853/906/2624 3852/918/2623 3860/925/2636 3861/927/2637
f 3846/903/2625 3837/928/2605 3854/929/3258
f 3847/908/2627 3846/903/2626 3854/929/2639 3855/932/2631
f 3860/925/2636 3859/923/2635 3867/947/2640 3868/949/2641
f 3861/927/2637 3860/925/2636 3868/949/2641 3869/936/2642
f 3854/929/3258 3837/951/2605 3862/938/3259
f 3855/932/2631 3854/929/2639 3862/938/2644 3863/939/2645
f 3856/934/2632 3855/932/2631 3863/939/2645 3864/941/2646
f 3857/919/2633 3856/934/2632 3864/941/2646 3865/943/2647
f 3858/920/2634 3857/919/2633 3865/943/2647 3866/945/2648
f 3859/923/2635 3858/920/2634 3866/945/2648 3867/947/2640
f 3865/943/2647 3864/941/2646 3872/967/2649 3873/969/2650
f 3866/945/2648 3865/943/2647 3873/969/2650 3874/955/2651
f 3867/947/2640 3866/945/2648 3874/955/2651 3875/956/2652
f 3868/949/2641 3867/947/2640 3875/956/2652 3876/958/2653
f 3869/936/2642 3868/949/2641 3876/958/2653 3877/960/2654
f 3862/938/3259 3837/961/2605 3870/962/2655
f 3863/939/2645 3862/938/2644 3870/962/2940 3871/965/3260
f 3864/941/2646 3863/939/2645 3871/965/3260 3872/967/2649
f 3877/960/2654 3876/958/2653 3884/982/2658 3885/984/2659
f 3837/994/3049 3878/970/3050 4059/970/2663 4074/994/3049
f 3943/1120/3250 3942/1117/3261 4062/1117/2665 4063/1120/2590
f 3873/969/2650 3872/967/2649 3880/974/2666 3881/976/2667
f 3874/955/2651 3873/969/2650 3881/976/2667 3882/978/2668
f 3875/956/2652 3874/955/2651 3882/978/2668 3883/980/2669
f 3876/958/2653 3875/956/2652 3883/980/2669 3884/982/2658
f 3881/976/2667 3880/974/2666 3888/1000/3053 3889/1002/2671
f 3882/978/2668 3881/976/2667 3889/1002/2671 3890/987/2672
f 3883/980/2669 3882/978/2668 3890/987/2672 3891/988/2673
f 3884/982/2658 3883/980/2669 3891/988/2673 3892/991/2674
f 3885/984/2659 3884/982/2658 3892/991/2674 3893/993/2675
f 3878/970/2676 3837/994/2677 3886/995/2950
f 3879/971/2679 3878/970/2680 3886/995/2952 3887/998/2682
f 3880/974/2666 3879/971/2679 3887/998/2682 3888/1000/3053
f 3893/993/2675 3892/991/2674 3900/1015/2683 3901/1017/2684
f 3886/995/2950 3837/1018/2677 3894/1019/2685
f 3887/998/2682 3886/995/2952 3894/1019/3262 3895/1006/2955
f 3888/1000/3053 3887/998/2682 3895/1006/2955 3896/1007/2688
f 3889/1002/2671 3888/1000/3053 3896/1007/2688 3897/1009/2689
f 3890/987/2672 3889/1002/2671 3897/1009/2689 3898/1011/2690
f 3891/988/2673 3890/987/2672 3898/1011/2690 3899/1013/2691
f 3892/991/2674 3891/988/2673 3899/1013/2691 3900/1015/2683
f 3898/1011/2690 3897/1009/2689 3905/1035/2957 3906/1037/2693
f 3899/1013/2691 3898/1011/2690 3906/1037/2693 3907/1023/2694
f 3900/1015/2683 3899/1013/2691 3907/1023/2694 3908/1024/2695
f 3901/1017/2684 3900/1015/2683 3908/1024/2695 3909/1026/2696
f 3894/1019/2685 3837/1027/2677 3902/1028/3263
f 3895/1006/2955 3894/1019/3262 3902/1028/3264 3903/1031/2699
f 3896/1007/2688 3895/1006/2955 3903/1031/2699 3904/1033/3265
f 3897/1009/2689 3896/1007/2688 3904/1033/3265 3905/1035/2957
f 3903/1031/2699 3902/1028/3264 3910/1051/2958 3911/1054/2702
f 3904/1033/3265 3903/1031/2699 3911/1054/2702 3912/1040/2703
f 3905/1035/2957 3904/1033/3265 3912/1040/2703 3913/1041/2704
f 3906/1037/2693 3905/1035/2957 3913/1041/2704 3914/1043/2705
f 3907/1023/2694 3906/1037/2693 3914/1043/2705 3915/1045/2706
f 3908/1024/2695 3907/1023/2694 3915/1045/2706 3916/1047/2707
f 3909/1026/2696 3908/1024/2695 3916/1047/2707 3917/1049/2708
f 3902/1028/3263 3837/1050/2677 3910/1051/2709
f 3915/1045/2706 3914/1043/2705 3922/1069/2710 3923/1071/2711
f 3916/1047/2707 3915/1045/2706 3923/1071/2711 3924/1057/2712
f 3917/1049/2708 3916/1047/2707 3924/1057/2712 3925/1058/2713
f 3910/1051/2709 3837/1059/2677 3918/1060/2714
f 3911/1054/2702 3910/1051/2958 3918/1060/3059 3919/1063/2716
f 3912/1040/2703 3911/1054/2702 3919/1063/2716 3920/1065/2717
f 3913/1041/2704 3912/1040/2703 3920/1065/2717 3921/1067/2718
f 3914/1043/2705 3913/1041/2704 3921/1067/2718 3922/1069/2710
f 3919/1063/2716 3918/1060/3059 3926/1084/2719 3927/1087/2720
f 3920/1065/2717 3919/1063/2716 3927/1087/2720 3928/1072/2721
f 3921/1067/2718 3920/1065/2717 3928/1072/2721 3929/1073/2722
f 3922/1069/2710 3921/1067/2718 3929/1073/2722 3930/1076/2723
f 3923/1071/2711 3922/1069/2710 3930/1076/2723 3931/1078/2724
f 3924/1057/2712 3923/1071/2711 3931/1078/2724 3932/1080/2725
f 3925/1058/2713 3924/1057/2712 3932/1080/2725 3933/1082/2726
f 3918/1060/2714 3837/1083/2677 3926/1084/2727
f 3931/1078/2724 3930/1076/2723 3938/1102/2728 3939/1104/2729
f 3932/1080/2725 3931/1078/2724 3939/1104/2729 3940/1089/2730
f 3933/1082/2726 3932/1080/2725 3940/1089/2730 3941/1090/2731
f 3926/1084/2727 3837/1091/2677 3934/1092/2961
f 3927/1087/2720 3926/1084/2719 3934/1092/2733 3935/1096/2734
f 3928/1072/2721 3927/1087/2720 3935/1096/2734 3936/1098/2735
f 3929/1073/2722 3928/1072/2721 3936/1098/2735 3937/1100/3215
f 3930/1076/2723 3929/1073/2722 3937/1100/3215 3938/1102/2728
f 3936/1098/2735 3935/1096/2734 3943/1120/3062 3944/1122/2738
f 3937/1100/3215 3936/1098/2735 3944/1122/2738 3945/1108/2739
f 3938/1102/2728 3937/1100/3215 3945/1108/2739 3946/1109/2740
f 3939/1104/2729 3938/1102/2728 3946/1109/2740 3947/1111/2741
f 3940/1089/2730 3939/1104/2729 3947/1111/2741 3948/1113/2742
f 3941/1090/2731 3940/1089/2730 3948/1113/2742 3949/1115/2743
f 3934/1092/2961 3837/1116/2677 3942/1117/2965
f 3935/1096/2734 3934/1092/2733 3942/1117/2745 3943/1120/3062
f 3948/1113/2742 3947/1111/2741 3955/1137/2746 3956/1139/2747
f 3949/1115/2743 3948/1113/2742 3956/1139/2747 3957/1127/2748
f 3813/842/3266 3837/841/3267 4074/841/3267 4050/842/3268
f 3870/962/3270 3837/961/3271 4074/961/3271 4056/962/3272
f 3945/1108/2739 3944/1122/2738 3952/1131/2756 3953/1133/2757
f 3946/1109/2740 3945/1108/2739 3953/1133/2757 3954/1135/2758
f 3947/1111/2741 3946/1109/2740 3954/1135/2758 3955/1137/2746
f 3952/1131/2756 3951/1129/2759 3959/1153/2760 3960/1155/2761
f 3953/1133/2757 3952/1131/2756 3960/1155/2761 3961/1140/2762
f 3954/1135/2758 3953/1133/2757 3961/1140/2762 3962/1141/2763
f 3955/1137/2746 3954/1135/2758 3962/1141/2763 3963/1144/2764
f 3956/1139/2747 3955/1137/2746 3963/1144/2764 3964/1146/2765
f 3950/1124/3273 3837/1149/2768 3958/1150/3074
f 3951/1129/2759 3950/1124/2770 3958/1150/2974 3959/1153/2760
f 3964/1146/2765 3963/1144/2764 3971/1168/2772 3972/1170/2773
f 3958/1150/3074 3837/1172/2768 3966/1159/3274
f 3959/1153/2760 3958/1150/2974 3966/1159/2776 3967/1160/2777
f 3960/1155/2761 3959/1153/2760 3967/1160/2777 3968/1162/2778
f 3961/1140/2762 3960/1155/2761 3968/1162/2778 3969/1164/2779
f 3962/1141/2763 3961/1140/2762 3969/1164/2779 3970/1166/2780
f 3963/1144/2764 3962/1141/2763 3970/1166/2780 3971/1168/2772
f 3969/1164/2779 3968/1162/2778 3976/1188/2781 3977/1190/2782
f 3970/1166/2780 3969/1164/2779 3977/1190/2782 3978/1176/2783
f 3971/1168/2772 3970/1166/2780 3978/1176/2783 3979/1177/2784
f 3972/1170/2773 3971/1168/2772 3979/1177/2784 3980/1179/2785
f 3966/1159/3274 3837/1182/2768 3974/1183/3079
f 3967/1160/2777 3966/1159/2776 3974/1183/2788 3975/1186/2975
f 3968/1162/2778 3967/1160/2777 3975/1186/2975 3976/1188/2781
f 3974/1183/3079 3837/1205/2768 3982/1206/2792
f 3975/1186/2975 3974/1183/2788 3982/1206/2793 3983/1193/2794
f 3976/1188/2781 3975/1186/2975 3983/1193/2794 3984/1194/2795
f 3977/1190/2782 3976/1188/2781 3984/1194/2795 3985/1196/2796
f 3978/1176/2783 3977/1190/2782 3985/1196/2796 3986/1198/2797
f 3979/1177/2784 3978/1176/2783 3986/1198/2797 3987/1200/2798
f 3980/1179/2785 3979/1177/2784 3987/1200/2798 3988/1202/2790
f 3986/1238/2797 3985/1234/2796 3993/1235/2799 3994/1239/2800
f 3987/1213/2798 3986/1238/2797 3994/1239/2800 3995/1214/2801
f 3988/1212/2790 3987/1213/2798 3995/1214/2801 3996/1215/2802
f 3982/1220/2792 3837/1221/2768 3990/1222/2804
f 3983/1226/2794 3982/1220/2793 3990/1222/2805 3991/1227/2806
f 3984/1230/2795 3983/1226/2794 3991/1227/2806 3992/1231/2807
f 3985/1234/2796 3984/1230/2795 3992/1231/2807 3993/1235/2799
f 3990/1222/2804 3837/1253/2768 3998/1254/2808
f 3991/1227/2806 3990/1222/2805 3998/1254/2809 3999/1240/2810
f 3992/1231/2807 3991/1227/2806 3999/1240/2810 4000/1241/2811
f 3993/1235/2799 3992/1231/2807 4000/1241/2811 4001/1244/2812
f 3994/1239/2800 3993/1235/2799 4001/1244/2812 4002/1246/2813
f 3995/1214/2801 3994/1239/2800 4002/1246/2813 4003/1248/2814
f 3996/1215/2802 3995/1214/2801 4003/1248/2814 4004/1250/2815
f 4002/1246/2813 4001/1244/2812 4009/1270/2817 4010/1272/2818
f 4003/1248/2814 4002/1246/2813 4010/1272/2818 4011/1257/2819
f 4004/1250/2815 4003/1248/2814 4011/1257/2819 4012/1258/2820
f 4005/1252/2816 4004/1250/2815 4012/1258/2820 4013/1261/2821
f 3879/971/2822 3880/974/3275 4061/974/3275 4060/971/3276
f 3878/970/3050 3879/971/2822 4060/971/3276 4059/970/2663
f 4001/1244/2812 4000/1241/2811 4008/1268/2826 4009/1270/2817
f 4007/1266/3277 4006/1263/2828 4014/1287/2829 4015/1290/2830
f 4008/1268/2826 4007/1266/3277 4015/1290/2830 4016/1276/2989
f 4009/1270/2817 4008/1268/2826 4016/1276/2989 4017/1277/2990
f 4010/1272/2818 4009/1270/2817 4017/1277/2990 4018/1279/2833
f 4011/1257/2819 4010/1272/2818 4018/1279/2833 4019/1281/2834
f 4012/1258/2820 4011/1257/2819 4019/1281/2834 4020/1283/2835
f 4013/1261/2821 4012/1258/2820 4020/1283/2835 4021/1285/2836
f 4006/1263/3278 3837/1286/2562 4014/1287/3279
f 4019/1281/2834 4018/1279/2833 4026/1305/2839 4027/1307/2840
f 4020/1283/2835 4019/1281/2834 4027/1307/2840 4028/1293/2841
f 4021/1285/2836 4020/1283/2835 4028/1293/2841 4029/1294/2842
f 4014/1287/3279 3837/1295/2562 4022/1296/3280
f 4015/1290/2830 4014/1287/2829 4022/1296/2844 4023/1299/3095
f 4016/1276/2989 4015/1290/2830 4023/1299/3095 4024/1301/2993
f 4017/1277/2990 4016/1276/2989 4024/1301/2993 4025/1303/2847
f 4018/1279/2833 4017/1277/2990 4025/1303/2847 4026/1305/2839
f 4023/1299/3095 4022/1296/2844 4030/1320/3281 4031/1323/2849
f 4024/1301/2993 4023/1299/3095 4031/1323/2849 4032/1308/2850
f 4025/1303/2847 4024/1301/2993 4032/1308/2850 4033/1309/2994
f 4026/1305/2839 4025/1303/2847 4033/1309/2994 4034/1312/2852
f 4027/1307/2840 4026/1305/2839 4034/1312/2852 4035/1314/2853
f 4028/1293/2841 4027/1307/2840 4035/1314/2853 4036/1316/2854
f 4029/1294/2842 4028/1293/2841 4036/1316/2854 4037/1318/2855
f 4022/1296/3280 3837/1319/2562 4030/1320/2856
f 4035/1314/2853 4034/1312/2852 4042/1338/2857 4043/1340/2858
f 4036/1316/2854 4035/1314/2853 4043/1340/2858 4044/1325/2859
f 4037/1318/2855 4036/1316/2854 4044/1325/2859 4045/1326/3282
f 4030/1320/2856 3837/1327/2562 4038/1328/2996
f 4031/1323/2849 4030/1320/3281 4038/1328/2862 4039/1332/2863
f 4032/1308/2850 4031/1323/2849 4039/1332/2863 4040/1334/2864
f 4033/1309/2994 4032/1308/2850 4040/1334/2864 4041/1336/2865
f 4034/1312/2852 4033/1309/2994 4041/1336/2865 4042/1338/2857
f 4040/1334/2864 4039/1332/2863 4047/813/2548 3793/817/2547
f 4041/1336/2865 4040/1334/2864 3793/817/2547 4048/792/2551
f 4042/1338/2857 4041/1336/2865 4048/792/2551 3794/791/2553
f 4043/1340/2858 4042/1338/2857 3794/791/2553 4049/797/2555
f 4044/1325/2859 4043/1340/2858 4049/797/2555 3795/801/2557
f 4045/1326/3282 4044/1325/2859 3795/801/2557 3796/805/2559
f 4038/1328/2996 3837/1342/2562 4046/807/2561
f 4039/1332/2863 4038/1328/2862 4046/807/2913 4047/813/2548
f 4051/845/2998 4050/842/2867 4053/864/2867 4054/867/2866
f 4052/847/3170 4051/845/2998 4054/867/2866 4055/855/3170
f 4050/842/2867 4074/863/3001 4053/864/2867
f 4056/962/3002 4074/985/3003 4059/970/3100
f 4057/965/3101 4056/962/3002 4059/970/3100 4060/971/2874
f 4058/967/3283 4057/965/3101 4060/971/2874 4061/974/3283
f 4062/1117/2877 4074/1123/2878 4065/1124/2877
f 4063/1120/2879 4062/1117/2877 4065/1124/2877 4066/1129/2880
f 4064/1122/3007 4063/1120/2879 4066/1129/2880 4067/1131/3007
f 4068/1254/3103 4074/1262/3104 4071/1263/3103
f 4069/1240/3105 4068/1254/3103 4071/1263/3103 4072/1266/3010
f 4070/1241/3106 4069/1240/3105 4072/1266/3010 4073/1268/3106
f 3998/1254/3284 3837/1253/2888 4074/1253/2888 4068/1254/3285
f 3942/1117/3261 3837/1116/2890 4074/1116/2890 4062/1117/2665
f 3999/1240/2891 3998/1254/3284 4068/1254/3285 4069/1240/3112
f 3951/1129/3247 3952/1131/3286 4067/1131/3286 4066/1129/3248
f 3814/845/2894 3813/842/3266 4050/842/3268 4051/845/2894
f 4000/1241/3287 3999/1240/2891 4069/1240/3112 4070/1241/3287
f 3880/974/3022 3872/967/3022 4058/967/3022 4061/974/3022
f 3837/1149/2900 3950/1124/3246 4065/1124/2587 4074/1149/2900
f 3815/847/3290 3814/845/3290 4051/845/3290 4052/847/3290
f 4006/1263/2897 4007/1266/2902 4072/1266/3025 4071/1263/3289
f 4008/1268/2904 4000/1241/2904 4070/1241/2904 4073/1268/2904
f 3821/864/3252 3822/867/3291 4054/867/3291 4053/864/3253
f 3871/965/2907 3870/962/3270 4056/962/3272 4057/965/2907
f 3822/867/3027 3823/855/3027 4055/855/3027 4054/867/3027
usemtl 材质.025
f 4075/1410/3292 4087/1562/3292 4098/1563/3293 4086/1564/3293
f 4076/1565/3294 4088/1566/3294 4087/1567/3292 4075/17/3292
f 4077/1568/3295 4089/1569/3295 4088/1566/3294 4076/1565/3294
f 4078/1570/3296 4090/1571/3296 4089/1569/3297 4077/1568/3297
f 4079/1572/3298 4091/1573/3299 4090/1571/3296 4078/1570/3296
f 4080/1574/3300 4092/1575/3300 4091/1573/3300 4079/1572/3300
f 4081/1204/3301 4093/1576/3301 4092/1575/3302 4080/1574/3302
f 4082/1577/3303 4094/1578/3304 4093/1576/3301 4081/1204/3301
f 4083/1579/3305 4095/1580/3305 4094/1578/3304 4082/1577/3305
f 4084/1581/3306 4096/1582/3306 4095/1580/3307 4083/1579/3307
f 4085/1583/3308 4097/1584/3309 4096/1582/3306 4084/1581/3306
f 4086/1564/3310 4098/1563/3311 4097/1584/3311 4085/1583/3310
f 4087/1562/3292 4099/1585/3292 4110/1586/3293 4098/1563/3293
f 4088/1566/3294 4100/1587/3294 4099/1588/3292 4087/1567/3292
f 4089/1569/3295 4101/1589/3295 4100/1587/3294 4088/1566/3294
f 4090/1571/3296 4102/1590/3296 4101/1589/3312 4089/1569/3297
f 4091/1573/3299 4103/1591/3299 4102/1590/3296 4090/1571/3296
f 4092/1575/3300 4104/1592/3300 4103/1591/3300 4091/1573/3300
f 4093/1576/3301 4105/1593/3301 4104/1592/3302 4092/1575/3302
f 4094/1578/3304 4106/1594/3304 4105/1593/3301 4093/1576/3301
f 4095/1580/3305 4107/1595/3305 4106/1594/3304 4094/1578/3304
f 4096/1582/3306 4108/1596/3306 4107/1595/3307 4095/1580/3307
f 4097/1584/3309 4109/1597/3309 4108/1596/3306 4096/1582/3306
f 4098/1563/3311 4110/1586/3311 4109/1597/3311 4097/1584/3311
f 4099/1585/3292 4111/1598/3292 4122/1599/3313 4110/1586/3293
f 4100/1587/3294 4112/1600/3294 4111/1601/3292 4099/1588/3292
f 4101/1589/3295 4113/1602/3295 4112/1600/3294 4100/1587/3294
f 4102/1590/3296 4114/1603/3296 4113/1602/3297 4101/1589/3312
f 4103/1591/3299 4115/1604/3299 4114/1603/3296 4102/1590/3296
f 4104/1592/3300 4116/1605/3300 4115/1604/3300 4103/1591/3300
f 4105/1593/3301 4117/1606/3301 4116/1605/3302 4104/1592/3302
f 4106/1594/3304 4118/1607/3304 4117/1606/3301 4105/1593/3301
f 4107/1595/3305 4119/1608/3305 4118/1607/3304 4106/1594/3304
f 4108/1596/3306 4120/1609/3306 4119/1608/3307 4107/1595/3307
f 4109/1597/3309 4121/1610/3309 4120/1609/3306 4108/1596/3306
f 4110/1586/3311 4122/1599/3313 4121/1610/3311 4109/1597/3311
f 4111/1598/3292 4123/1611/3292 4134/1612/3313 4122/1599/3313
f 4112/1600/3294 4124/1613/3294 4123/1614/3292 4111/1601/3292
f 4113/1602/3295 4125/1615/3295 4124/1613/3294 4112/1600/3294
f 4114/1603/3296 4126/1616/3296 4125/1615/3297 4113/1602/3297
f 4115/1604/3299 4127/1617/3298 4126/1616/3296 4114/1603/3296
f 4116/1605/3300 4128/1618/3300 4127/1617/3300 4115/1604/3300
f 4117/1606/3301 4129/1619/3301 4128/1618/3302 4116/1605/3302
f 4118/1607/3304 4130/1620/3304 4129/1619/3301 4117/1606/3301
f 4119/1608/3305 4131/1621/3305 4130/1620/3304 4118/1607/3304
f 4120/1609/3306 4132/1622/3306 4131/1621/3307 4119/1608/3307
f 4121/1610/3309 4133/1623/3309 4132/1622/3306 4120/1609/3306
f 4122/1599/3313 4134/1612/3313 4133/1623/3311 4121/1610/3311
f 4123/1611/3292 4135/1624/3292 4146/1625/3293 4134/1612/3313
f 4124/1613/3294 4136/1626/3314 4135/1627/3292 4123/1614/3292
f 4125/1615/3295 4137/1628/3295 4136/1626/3295 4124/1613/3294
f 4126/1616/3296 4138/1629/3296 4137/1628/3297 4125/1615/3297
f 4127/1617/3298 4139/1630/3315 4138/1629/3296 4126/1616/3296
f 4128/1618/3300 4140/1631/3300 4139/1630/3315 4127/1617/3300
f 4129/1619/3301 4141/1632/3301 4140/1631/3302 4128/1618/3302
f 4130/1620/3304 4142/1633/3303 4141/1632/3301 4129/1619/3301
f 4131/1621/3305 4143/1634/3305 4142/1633/3305 4130/1620/3304
f 4132/1622/3306 4144/1635/3306 4143/1634/3307 4131/1621/3307
f 4133/1623/3309 4145/1636/3309 4144/1635/3306 4132/1622/3306
f 4134/1612/3313 4146/1625/3311 4145/1636/3311 4133/1623/3311
f 4135/1624/3292 4147/1637/3292 4158/1638/3293 4146/1625/3293
f 4136/1626/3314 4148/1639/3294 4147/1640/3292 4135/1627/3292
f 4137/1628/3295 4149/1641/3295 4148/1639/3294 4136/1626/3295
f 4138/1629/3296 4150/1642/3297 4149/1641/3297 4137/1628/3297
f 4139/1630/3315 4151/1643/3316 4150/1642/3299 4138/1629/3296
f 4140/1631/3300 4152/1644/3300 4151/1643/3316 4139/1630/3315
f 4141/1632/3301 4153/1645/3301 4152/1644/3302 4140/1631/3302
f 4142/1633/3303 4154/1646/3304 4153/1645/3301 4141/1632/3301
f 4143/1634/3305 4155/1647/3305 4154/1646/3304 4142/1633/3305
f 4144/1635/3306 4156/1648/3306 4155/1647/3307 4143/1634/3307
f 4145/1636/3309 4157/1649/3309 4156/1648/3306 4144/1635/3306
f 4146/1625/3311 4158/1638/3311 4157/1649/3311 4145/1636/3311
f 4147/1637/3292 4159/1650/3292 4170/1651/3293 4158/1638/3293
f 4148/1639/3294 4160/1652/3294 4159/1653/3292 4147/1640/3292
f 4149/1641/3295 4161/1654/3295 4160/1652/3294 4148/1639/3294
f 4150/1642/3297 4162/1655/3296 4161/1654/3297 4149/1641/3297
f 4151/1643/3316 4163/1656/3315 4162/1655/3296 4150/1642/3299
f 4152/1644/3300 4164/1657/3300 4163/1656/3315 4151/1643/3316
f 4153/1645/3301 4165/1658/3301 4164/1657/3302 4152/1644/3302
f 4154/1646/3304 4166/1659/3304 4165/1658/3301 4153/1645/3301
f 4155/1647/3305 4167/1660/3305 4166/1659/3304 4154/1646/3304
f 4156/1648/3306 4168/1661/3306 4167/1660/3307 4155/1647/3307
f 4157/1649/3309 4169/1662/3308 4168/1661/3306 4156/1648/3306
f 4158/1638/3311 4170/1651/3311 4169/1662/3311 4157/1649/3311
f 4159/1650/3292 4171/1663/3292 4182/1664/3293 4170/1651/3293
f 4160/1652/3294 4172/1665/3294 4171/1666/3292 4159/1653/3292
f 4161/1654/3295 4173/1667/3295 4172/1665/3294 4160/1652/3294
f 4162/1655/3296 4174/1668/3296 4173/1667/3297 4161/1654/3297
f 4163/1656/3315 4175/1669/3315 4174/1668/3296 4162/1655/3296
f 4164/1657/3300 4176/1670/3300 4175/1669/3315 4163/1656/3315
f 4165/1658/3301 4177/1671/3301 4176/1670/3302 4164/1657/3302
f 4166/1659/3304 4178/1672/3304 4177/1671/3301 4165/1658/3301
f 4167/1660/3305 4179/1673/3305 4178/1672/3304 4166/1659/3304
f 4168/1661/3306 4180/1674/3306 4179/1673/3307 4167/1660/3307
f 4169/1662/3308 4181/1675/3308 4180/1674/3306 4168/1661/3306
f 4170/1651/3311 4182/1664/3311 4181/1675/3311 4169/1662/3311
f 4171/1663/3292 4183/1676/3292 4194/1677/3293 4182/1664/3293
f 4172/1665/3294 4184/1678/3314 4183/1679/3292 4171/1666/3292
f 4173/1667/3295 4185/1680/3295 4184/1678/3295 4172/1665/3294
f 4174/1668/3296 4186/1681/3296 4185/1680/3297 4173/1667/3297
f 4175/1669/3315 4187/1682/3316 4186/1681/3296 4174/1668/3296
f 4176/1670/3300 4188/1683/3300 4187/1682/3316 4175/1669/3315
f 4177/1671/3301 4189/1684/3301 4188/1683/3302 4176/1670/3302
f 4178/1672/3304 4190/1685/3304 4189/1684/3301 4177/1671/3301
f 4179/1673/3305 4191/1686/3305 4190/1685/3304 4178/1672/3304
f 4180/1674/3306 4192/1687/3306 4191/1686/3307 4179/1673/3307
f 4181/1675/3308 4193/1688/3309 4192/1687/3306 4180/1674/3306
f 4182/1664/3311 4194/1677/3311 4193/1688/3311 4181/1675/3311
f 4183/1676/3292 4195/1689/3292 4206/1690/3293 4194/1677/3293
f 4184/1678/3314 4196/1691/3314 4195/1692/3292 4183/1679/3292
f 4185/1680/3295 4197/1693/3295 4196/1691/3295 4184/1678/3295
f 4186/1681/3296 4198/1694/3296 4197/1693/3297 4185/1680/3297
f 4187/1682/3316 4199/1695/3315 4198/1694/3296 4186/1681/3296
f 4188/1683/3300 4200/1696/3317 4199/1695/3315 4187/1682/3316
f 4189/1684/3301 4201/1697/3302 4200/1696/3317 4188/1683/3302
f 4190/1685/3304 4202/1698/3304 4201/1697/3303 4189/1684/3301
f 4191/1686/3305 4203/1699/3305 4202/1698/3304 4190/1685/3304
f 4192/1687/3306 4204/1700/3306 4203/1699/3307 4191/1686/3307
f 4193/1688/3309 4205/1701/3308 4204/1700/3306 4192/1687/3306
f 4194/1677/3311 4206/1690/3311 4205/1701/3311 4193/1688/3311
f 4195/1689/3292 4207/1702/3292 4218/1703/3293 4206/1690/3293
f 4196/1691/3314 4208/1704/3294 4207/1705/3292 4195/1692/3292
f 4197/1693/3295 4209/1706/3295 4208/1704/3294 4196/1691/3295
f 4198/1694/3296 4210/1707/3297 4209/1706/3297 4197/1693/3297
f 4199/1695/3315 4211/1708/3315 4210/1707/3298 4198/1694/3296
f 4200/1696/3317 4212/1709/3317 4211/1708/3315 4199/1695/3315
f 4201/1697/3302 4213/1710/3301 4212/1709/3317 4200/1696/3317
f 4202/1698/3304 4214/1711/3303 4213/1710/3301 4201/1697/3303
f 4203/1699/3305 4215/1712/3305 4214/1711/3305 4202/1698/3304
f 4204/1700/3306 4216/1713/3306 4215/1712/3307 4203/1699/3307
f 4205/1701/3308 4217/1714/3308 4216/1713/3306 4204/1700/3306
f 4206/1690/3311 4218/1703/3311 4217/1714/3311 4205/1701/3311
f 4207/1702/3292 4219/1715/3293 4230/1716/3293 4218/1703/3293
f 4208/1704/3294 4220/1717/3294 4219/1718/3314 4207/1705/3292
f 4209/1706/3295 4221/1719/3295 4220/1717/3294 4208/1704/3294
f 4210/1707/3297 4222/1720/3296 4221/1719/3312 4209/1706/3297
f 4211/1708/3315 4223/1721/3299 4222/1720/3296 4210/1707/3298
f 4212/1709/3317 4224/1722/3300 4223/1721/3300 4211/1708/3315
f 4213/1710/3301 4225/1723/3301 4224/1722/3302 4212/1709/3317
f 4214/1711/3303 4226/1724/3303 4225/1723/3301 4213/1710/3301
f 4215/1712/3305 4227/1725/3305 4226/1724/3305 4214/1711/3305
f 4216/1713/3306 4228/1726/3306 4227/1725/3318 4215/1712/3307
f 4217/1714/3308 4229/1727/3309 4228/1726/3306 4216/1713/3306
f 4218/1703/3311 4230/1716/3311 4229/1727/3311 4217/1714/3311
f 4219/1715/3293 4231/1728/3292 4242/1729/3293 4230/1716/3293
f 4220/1717/3294 4232/1730/3294 4231/1731/3292 4219/1718/3314
f 4221/1719/3295 4233/1732/3295 4232/1730/3294 4220/1717/3294
f 4222/1720/3296 4234/1733/3296 4233/1732/3297 4221/1719/3312
f 4223/1721/3299 4235/1734/3315 4234/1733/3296 4222/1720/3296
f 4224/1722/3300 4236/1735/3317 4235/1734/3315 4223/1721/3300
f 4225/1723/3301 4237/1736/3301 4236/1735/3317 4224/1722/3302
f 4226/1724/3303 4238/1737/3303 4237/1736/3301 4225/1723/3301
f 4227/1725/3305 4239/1738/3305 4238/1737/3305 4226/1724/3305
f 4228/1726/3306 4240/1739/3306 4239/1738/3307 4227/1725/3318
f 4229/1727/3309 4241/1740/3309 4240/1739/3306 4228/1726/3306
f 4230/1716/3311 4242/1729/3311 4241/1740/3311 4229/1727/3311
f 4231/1728/3292 4243/1741/3292 4254/1742/3293 4242/1729/3293
f 4232/1730/3294 4244/1743/3294 4243/1744/3292 4231/1731/3292
f 4233/1732/3295 4245/1745/3295 4244/1743/3294 4232/1730/3294
f 4234/1733/3296 4246/1746/3296 4245/1745/3297 4233/1732/3297
f 4235/1734/3315 4247/1747/3315 4246/1746/3296 4234/1733/3296
f 4236/1735/3317 4248/1748/3317 4247/1747/3315 4235/1734/3315
f 4237/1736/3301 4249/1749/3302 4248/1748/3317 4236/1735/3317
f 4238/1737/3303 4250/1750/3304 4249/1749/3303 4237/1736/3301
f 4239/1738/3305 4251/1751/3305 4250/1750/3304 4238/1737/3305
f 4240/1739/3306 4252/1752/3306 4251/1751/3307 4239/1738/3307
f 4241/1740/3309 4253/1753/3308 4252/1752/3306 4240/1739/3306
f 4242/1729/3311 4254/1742/3311 4253/1753/3311 4241/1740/3311
f 4243/1741/3292 4255/1754/3292 4266/1755/3293 4254/1742/3293
f 4244/1743/3294 4256/1756/3294 4255/1757/3292 4243/1744/3292
f 4245/1745/3295 4257/1758/3295 4256/1756/3294 4244/1743/3294
f 4246/1746/3296 4258/1759/3296 4257/1758/3312 4245/1745/3297
f 4247/1747/3315 4259/1760/3315 4258/1759/3296 4246/1746/3296
f 4248/1748/3317 4260/1761/3317 4259/1760/3315 4247/1747/3315
f 4249/1749/3302 4261/1762/3302 4260/1761/3317 4248/1748/3317
f 4250/1750/3304 4262/1763/3304 4261/1762/3303 4249/1749/3303
f 4251/1751/3305 4263/1764/3305 4262/1763/3304 4250/1750/3304
f 4252/1752/3306 4264/1765/3306 4263/1764/3307 4251/1751/3307
f 4253/1753/3308 4265/1766/3309 4264/1765/3306 4252/1752/3306
f 4254/1742/3311 4266/1755/3311 4265/1766/3311 4253/1753/3311
f 4255/1754/3292 4267/1767/3292 4278/1768/3293 4266/1755/3293
f 4256/1756/3294 4268/1769/3294 4267/1770/3292 4255/1757/3292
f 4257/1758/3295 4269/1771/3295 4268/1769/3294 4256/1756/3294
f 4258/1759/3296 4270/1772/3296 4269/1771/3297 4257/1758/3312
f 4259/1760/3315 4271/1773/3315 4270/1772/3296 4258/1759/3296
f 4260/1761/3317 4272/1774/3317 4271/1773/3315 4259/1760/3315
f 4261/1762/3302 4273/1775/3301 4272/1774/3317 4260/1761/3317
f 4262/1763/3304 4274/1776/3304 4273/1775/3301 4261/1762/3303
f 4263/1764/3305 4275/1777/3305 4274/1776/3304 4262/1763/3304
f 4264/1765/3306 4276/1778/3306 4275/1777/3307 4263/1764/3307
f 4265/1766/3309 4277/1779/3309 4276/1778/3306 4264/1765/3306
f 4266/1755/3311 4278/1768/3311 4277/1779/3311 4265/1766/3311
f 4267/1767/3292 4279/1780/3292 4290/1781/3293 4278/1768/3293
f 4268/1769/3294 4280/1782/3294 4279/1783/3292 4267/1770/3292
f 4269/1771/3295 4281/1784/3295 4280/1782/3294 4268/1769/3294
f 4270/1772/3296 4282/1785/3296 4281/1784/3297 4269/1771/3297
f 4271/1773/3315 4283/1786/3298 4282/1785/3296 4270/1772/3296
f 4272/1774/3317 4284/1787/3317 4283/1786/3300 4271/1773/3315
f 4273/1775/3301 4285/1788/3301 4284/1787/3317 4272/1774/3317
f 4274/1776/3304 4286/1789/3303 4285/1788/3301 4273/1775/3301
f 4275/1777/3305 4287/1790/3305 4286/1789/3305 4274/1776/3304
f 4276/1778/3306 4288/1791/3306 4287/1790/3307 4275/1777/3307
f 4277/1779/3309 4289/1792/3308 4288/1791/3306 4276/1778/3306
f 4278/1768/3311 4290/1781/3311 4289/1792/3311 4277/1779/3311
f 4279/1780/3292 4291/1793/3292 4302/1794/3293 4290/1781/3293
f 4280/1782/3294 4292/1795/3294 4291/1796/3292 4279/1783/3292
f 4281/1784/3295 4293/1797/3295 4292/1795/3294 4280/1782/3294
f 4282/1785/3296 4294/1798/3296 4293/1797/3297 4281/1784/3297
f 4283/1786/3298 4295/1799/3315 4294/1798/3296 4282/1785/3296
f 4284/1787/3317 4296/1800/3300 4295/1799/3315 4283/1786/3300
f 4285/1788/3301 4297/1801/3301 4296/1800/3302 4284/1787/3317
f 4286/1789/3303 4298/1802/3303 4297/1801/3301 4285/1788/3301
f 4287/1790/3305 4299/1803/3305 4298/1802/3305 4286/1789/3305
f 4288/1791/3306 4300/1804/3306 4299/1803/3307 4287/1790/3307
f 4289/1792/3308 4301/1805/3308 4300/1804/3306 4288/1791/3306
f 4290/1781/3311 4302/1794/3311 4301/1805/3311 4289/1792/3311
f 4291/1793/3292 4303/1806/3293 4314/1807/3293 4302/1794/3293
f 4292/1795/3294 4304/1808/3294 4303/1809/3314 4291/1796/3292
f 4293/1797/3295 4305/1810/3295 4304/1808/3294 4292/1795/3294
f 4294/1798/3296 4306/1811/3296 4305/1810/3297 4293/1797/3297
f 4295/1799/3315 4307/1812/3315 4306/1811/3296 4294/1798/3296
f 4296/1800/3300 4308/1813/3317 4307/1812/3315 4295/1799/3315
f 4297/1801/3301 4309/1814/3301 4308/1813/3317 4296/1800/3302
f 4298/1802/3303 4310/1815/3304 4309/1814/3301 4297/1801/3301
f 4299/1803/3305 4311/1816/3305 4310/1815/3304 4298/1802/3305
f 4300/1804/3306 4312/1817/3306 4311/1816/3307 4299/1803/3307
f 4301/1805/3308 4313/1818/3309 4312/1817/3306 4300/1804/3306
f 4302/1794/3311 4314/1807/3311 4313/1818/3311 4301/1805/3311
f 4303/1806/3293 4315/1819/3292 4326/1820/3293 4314/1807/3293
f 4304/1808/3294 4316/1821/3294 4315/1822/3292 4303/1809/3314
f 4305/1810/3295 4317/1823/3295 4316/1821/3294 4304/1808/3294
f 4306/1811/3296 4318/1824/3296 4317/1823/3297 4305/1810/3297
f 4307/1812/3315 4319/1825/3299 4318/1824/3296 4306/1811/3296
f 4308/1813/3317 4320/1826/3317 4319/1825/3300 4307/1812/3315
f 4309/1814/3301 4321/1827/3302 4320/1826/3317 4308/1813/3317
f 4310/1815/3304 4322/1828/3304 4321/1827/3303 4309/1814/3301
f 4311/1816/3305 4323/1829/3305 4322/1828/3304 4310/1815/3304
f 4312/1817/3306 4324/1830/3306 4323/1829/3307 4311/1816/3307
f 4313/1818/3309 4325/1831/3309 4324/1830/3306 4312/1817/3306
f 4314/1807/3311 4326/1820/3311 4325/1831/3311 4313/1818/3311
f 4315/1819/3292 4327/1832/3292 4338/1833/3313 4326/1820/3293
f 4316/1821/3294 4328/1834/3314 4327/1835/3292 4315/1822/3292
f 4317/1823/3295 4329/1836/3295 4328/1834/3295 4316/1821/3294
f 4318/1824/3296 4330/1837/3296 4329/1836/3297 4317/1823/3297
f 4319/1825/3299 4331/1838/3298 4330/1837/3296 4318/1824/3296
f 4320/1826/3317 4332/1839/3317 4331/1838/3300 4319/1825/3300
f 4321/1827/3302 4333/1840/3301 4332/1839/3317 4320/1826/3317
f 4322/1828/3304 4334/1841/3304 4333/1840/3301 4321/1827/3303
f 4323/1829/3305 4335/1842/3305 4334/1841/3304 4322/1828/3304
f 4324/1830/3306 4336/1843/3306 4335/1842/3307 4323/1829/3307
f 4325/1831/3309 4337/1844/3309 4336/1843/3306 4324/1830/3306
f 4326/1820/3311 4338/1833/3313 4337/1844/3311 4325/1831/3311
f 4327/1832/3292 4339/1845/3292 4350/1846/3313 4338/1833/3313
f 4328/1834/3314 4340/1847/3314 4339/1848/3292 4327/1835/3292
f 4329/1836/3295 4341/1849/3295 4340/1847/3295 4328/1834/3295
f 4330/1837/3296 4342/1850/3296 4341/1849/3312 4329/1836/3297
f 4331/1838/3298 4343/1851/3299 4342/1850/3296 4330/1837/3296
f 4332/1839/3317 4344/1852/3317 4343/1851/3300 4331/1838/3300
f 4333/1840/3301 4345/1853/3301 4344/1852/3317 4332/1839/3317
f 4334/1841/3304 4346/1854/3303 4345/1853/3301 4333/1840/3301
f 4335/1842/3305 4347/1855/3305 4346/1854/3305 4334/1841/3304
f 4336/1843/3306 4348/1856/3306 4347/1855/3307 4335/1842/3307
f 4337/1844/3309 4349/1857/3309 4348/1856/3306 4336/1843/3306
f 4338/1833/3313 4350/1846/3313 4349/1857/3311 4337/1844/3311
f 4339/1845/3292 4351/1858/3293 4362/1859/3313 4350/1846/3313
f 4340/1847/3314 4352/1860/3294 4351/1861/3314 4339/1848/3292
f 4341/1849/3295 4353/1862/3295 4352/1860/3294 4340/1847/3295
f 4342/1850/3296 4354/1863/3296 4353/1862/3297 4341/1849/3312
f 4343/1851/3299 4355/1864/3315 4354/1863/3296 4342/1850/3296
f 4344/1852/3317 4356/1865/3317 4355/1864/3315 4343/1851/3300
f 4345/1853/3301 4357/1866/3301 4356/1865/3317 4344/1852/3317
f 4346/1854/3303 4358/1867/3304 4357/1866/3301 4345/1853/3301
f 4347/1855/3305 4359/1868/3305 4358/1867/3304 4346/1854/3305
f 4348/1856/3306 4360/1869/3306 4359/1868/3307 4347/1855/3307
f 4349/1857/3309 4361/1870/3308 4360/1869/3306 4348/1856/3306
f 4350/1846/3313 4362/1859/3313 4361/1870/3311 4349/1857/3311
f 4351/1858/3293 4363/1871/3292 4374/1872/3293 4362/1859/3313
f 4352/1860/3294 4364/1873/3294 4363/1874/3292 4351/1861/3314
f 4353/1862/3295 4365/1875/3295 4364/1873/3294 4352/1860/3294
f 4354/1863/3296 4366/1876/3296 4365/1875/3297 4353/1862/3297
f 4355/1864/3315 4367/1877/3315 4366/1876/3296 4354/1863/3296
f 4356/1865/3317 4368/1878/3300 4367/1877/3315 4355/1864/3315
f 4357/1866/3301 4369/1879/3301 4368/1878/3302 4356/1865/3317
f 4358/1867/3304 4370/1880/3304 4369/1879/3301 4357/1866/3301
f 4359/1868/3305 4371/1881/3305 4370/1880/3304 4358/1867/3304
f 4360/1869/3306 4372/1882/3306 4371/1881/3307 4359/1868/3307
f 4361/1870/3308 4373/1883/3308 4372/1882/3306 4360/1869/3306
f 4362/1859/3313 4374/1872/3311 4373/1883/3311 4361/1870/3311
f 4363/1871/3292 4375/1884/3292 4386/1885/3313 4374/1872/3293
f 4364/1873/3294 4376/1886/3294 4375/1887/3292 4363/1874/3292
f 4365/1875/3295 4377/1888/3295 4376/1886/3294 4364/1873/3294
f 4366/1876/3296 4378/1889/3296 4377/1888/3297 4365/1875/3297
f 4367/1877/3315 4379/1890/3315 4378/1889/3296 4366/1876/3296
f 4368/1878/3300 4380/1891/3300 4379/1890/3315 4367/1877/3315
f 4369/1879/3301 4381/1892/3301 4380/1891/3302 4368/1878/3302
f 4370/1880/3304 4382/1893/3304 4381/1892/3301 4369/1879/3301
f 4371/1881/3305 4383/1894/3305 4382/1893/3304 4370/1880/3304
f 4372/1882/3306 4384/1895/3306 4383/1894/3307 4371/1881/3307
f 4373/1883/3308 4385/1896/3309 4384/1895/3306 4372/1882/3306
f 4374/1872/3311 4386/1885/3313 4385/1896/3311 4373/1883/3311
f 4375/1884/3292 4387/1897/3292 4398/1898/3313 4386/1885/3313
f 4376/1886/3294 4388/1899/3314 4387/1900/3292 4375/1887/3292
f 4377/1888/3295 4389/1901/3295 4388/1899/3295 4376/1886/3294
f 4378/1889/3296 4390/1902/3297 4389/1901/3297 4377/1888/3297
f 4379/1890/3315 4391/1903/3315 4390/1902/3299 4378/1889/3296
f 4380/1891/3300 4392/1904/3317 4391/1903/3315 4379/1890/3315
f 4381/1892/3301 4393/1905/3302 4392/1904/3317 4380/1891/3302
f 4382/1893/3304 4394/1906/3304 4393/1905/3303 4381/1892/3301
f 4383/1894/3305 4395/1907/3305 4394/1906/3304 4382/1893/3304
f 4384/1895/3306 4396/1908/3306 4395/1907/3307 4383/1894/3307
f 4385/1896/3309 4397/1909/3309 4396/1908/3306 4384/1895/3306
f 4386/1885/3313 4398/1898/3313 4397/1909/3311 4385/1896/3311
f 4387/1897/3292 4399/1910/3292 4410/1911/3313 4398/1898/3313
f 4388/1899/3314 4400/1912/3314 4399/1913/3292 4387/1900/3292
f 4389/1901/3295 4401/1914/3295 4400/1912/3295 4388/1899/3295
f 4390/1902/3297 4402/1915/3297 4401/1914/3297 4389/1901/3297
f 4391/1903/3315 4403/1916/3315 4402/1915/3298 4390/1902/3299
f 4392/1904/3317 4404/1917/3317 4403/1916/3315 4391/1903/3315
f 4393/1905/3302 4405/1918/3302 4404/1917/3317 4392/1904/3317
f 4394/1906/3304 4406/1919/3304 4405/1918/3303 4393/1905/3303
f 4395/1907/3305 4407/1920/3305 4406/1919/3304 4394/1906/3304
f 4396/1908/3306 4408/1921/3306 4407/1920/3307 4395/1907/3307
f 4397/1909/3309 4409/1922/3308 4408/1921/3306 4396/1908/3306
f 4398/1898/3313 4410/1911/3313 4409/1922/3311 4397/1909/3311
f 4399/1910/3292 4411/1923/3292 4422/1924/3293 4410/1911/3313
f 4400/1912/3314 4412/1925/3314 4411/1926/3292 4399/1913/3292
f 4401/1914/3295 4413/1927/3295 4412/1925/3295 4400/1912/3295
f 4402/1915/3297 4414/1928/3296 4413/1927/3297 4401/1914/3297
f 4403/1916/3315 4415/1929/3298 4414/1928/3296 4402/1915/3298
f 4404/1917/3317 4416/1930/3317 4415/1929/3300 4403/1916/3315
f 4405/1918/3302 4417/1931/3301 4416/1930/3317 4404/1917/3317
f 4406/1919/3304 4418/1932/3304 4417/1931/3301 4405/1918/3303
f 4407/1920/3305 4419/1933/3305 4418/1932/3304 4406/1919/3304
f 4408/1921/3306 4420/1934/3306 4419/1933/3307 4407/1920/3307
f 4409/1922/3308 4421/1935/3308 4420/1934/3306 4408/1921/3306
f 4410/1911/3313 4422/1924/3311 4421/1935/3311 4409/1922/3311
f 4411/1923/3292 4423/1936/3292 4434/1937/3293 4422/1924/3293
f 4412/1925/3314 4424/1938/3294 4423/1939/3292 4411/1926/3292
f 4413/1927/3295 4425/1940/3295 4424/1938/3294 4412/1925/3295
f 4414/1928/3296 4426/1941/3296 4425/1940/3297 4413/1927/3297
f 4415/1929/3298 4427/1942/3315 4426/1941/3296 4414/1928/3296
f 4416/1930/3317 4428/1943/3317 4427/1942/3315 4415/1929/3300
f 4417/1931/3301 4429/1944/3301 4428/1943/3317 4416/1930/3317
f 4418/1932/3304 4430/1945/3304 4429/1944/3301 4417/1931/3301
f 4419/1933/3305 4431/1946/3305 4430/1945/3304 4418/1932/3304
f 4420/1934/3306 4432/1947/3306 4431/1946/3307 4419/1933/3307
f 4421/1935/3308 4433/1948/3309 4432/1947/3306 4420/1934/3306
f 4422/1924/3311 4434/1937/3311 4433/1948/3311 4421/1935/3311
f 4423/1936/3292 4435/1949/3293 4446/1950/3313 4434/1937/3293
f 4424/1938/3294 4436/1951/3294 4435/1952/3314 4423/1939/3292
f 4425/1940/3295 4437/1953/3295 4436/1951/3294 4424/1938/3294
f 4426/1941/3296 4438/1954/3296 4437/1953/3297 4425/1940/3297
f 4427/1942/3315 4439/1955/3315 4438/1954/3296 4426/1941/3296
f 4428/1943/3317 4440/1956/3300 4439/1955/3315 4427/1942/3315
f 4429/1944/3301 4441/1957/3301 4440/1956/3302 4428/1943/3317
f 4430/1945/3304 4442/1958/3304 4441/1957/3301 4429/1944/3301
f 4431/1946/3305 4443/1959/3305 4442/1958/3304 4430/1945/3304
f 4432/1947/3306 4444/1960/3306 4443/1959/3307 4431/1946/3307
f 4433/1948/3309 4445/1961/3309 4444/1960/3306 4432/1947/3306
f 4434/1937/3311 4446/1950/3313 4445/1961/3311 4433/1948/3311
f 4435/1949/3293 4447/1962/3293 4458/1963/3313 4446/1950/3313
f 4436/1951/3294 4448/1964/3294 4447/1965/3314 4435/1952/3314
f 4437/1953/3295 4449/1966/3295 4448/1964/3294 4436/1951/3294
f 4438/1954/3296 4450/1967/3296 4449/1966/3297 4437/1953/3297
f 4439/1955/3315 4451/1968/3315 4450/1967/3296 4438/1954/3296
f 4440/1956/3300 4452/1969/3300 4451/1968/3315 4439/1955/3315
f 4441/1957/3301 4453/1970/3301 4452/1969/3302 4440/1956/3302
f 4442/1958/3304 4454/1971/3304 4453/1970/3301 4441/1957/3301
f 4443/1959/3305 4455/1972/3305 4454/1971/3304 4442/1958/3304
f 4444/1960/3306 4456/1973/3306 4455/1972/3307 4443/1959/3307
f 4445/1961/3309 4457/1974/3309 4456/1973/3306 4444/1960/3306
f 4446/1950/3313 4458/1963/3313 4457/1974/3311 4445/1961/3311
f 4447/1962/3293 4459/1975/3292 4470/1976/3293 4458/1963/3313
f 4448/1964/3294 4460/1977/3294 4459/1978/3292 4447/1965/3314
f 4449/1966/3295 4461/1979/3295 4460/1977/3294 4448/1964/3294
f 4450/1967/3296 4462/1980/3296 4461/1979/3297 4449/1966/3297
f 4451/1968/3315 4463/1981/3315 4462/1980/3296 4450/1967/3296
f 4452/1969/3300 4464/1982/3300 4463/1981/3315 4451/1968/3315
f 4453/1970/3301 4465/1983/3301 4464/1982/3302 4452/1969/3302
f 4454/1971/3304 4466/1984/3303 4465/1983/3301 4453/1970/3301
f 4455/1972/3305 4467/1985/3305 4466/1984/3305 4454/1971/3304
f 4456/1973/3306 4468/1986/3306 4467/1985/3307 4455/1972/3307
f 4457/1974/3309 4469/1987/3309 4468/1986/3306 4456/1973/3306
f 4458/1963/3313 4470/1976/3311 4469/1987/3311 4457/1974/3311
f 4459/1975/3292 4471/1988/3292 4482/1989/3293 4470/1976/3293
f 4460/1977/3294 4472/1990/3314 4471/1991/3292 4459/1978/3292
f 4461/1979/3295 4473/1992/3295 4472/1990/3295 4460/1977/3294
f 4462/1980/3296 4474/1993/3297 4473/1992/3297 4461/1979/3297
f 4463/1981/3315 4475/1994/3315 4474/1993/3299 4462/1980/3296
f 4464/1982/3300 4476/1995/3300 4475/1994/3315 4463/1981/3315
f 4465/1983/3301 4477/1996/3301 4476/1995/3302 4464/1982/3302
f 4466/1984/3303 4478/1997/3304 4477/1996/3301 4465/1983/3301
f 4467/1985/3305 4479/1998/3305 4478/1997/3304 4466/1984/3305
f 4468/1986/3306 4480/1999/3306 4479/1998/3307 4467/1985/3307
f 4469/1987/3309 4481/2000/3308 4480/1999/3306 4468/1986/3306
f 4470/1976/3311 4482/1989/3311 4481/2000/3311 4469/1987/3311
f 4471/1988/3292 4483/2001/3292 4494/2002/3293 4482/1989/3293
f 4472/1990/3314 4484/2003/3294 4483/2004/3292 4471/1991/3292
f 4473/1992/3295 4485/2005/3295 4484/2003/3294 4472/1990/3295
f 4474/1993/3297 4486/2006/3296 4485/2005/3297 4473/1992/3297
f 4475/1994/3315 4487/2007/3315 4486/2006/3296 4474/1993/3299
f 4476/1995/3300 4488/2008/3300 4487/2007/3315 4475/1994/3315
f 4477/1996/3301 4489/2009/3301 4488/2008/3302 4476/1995/3302
f 4478/1997/3304 4490/2010/3304 4489/2009/3301 4477/1996/3301
f 4479/1998/3305 4491/2011/3305 4490/2010/3304 4478/1997/3304
f 4480/1999/3306 4492/2012/3306 4491/2011/3307 4479/1998/3307
f 4481/2000/3308 4493/2013/3308 4492/2012/3306 4480/1999/3306
f 4482/1989/3311 4494/2002/3311 4493/2013/3311 4481/2000/3311
f 4483/2001/3292 4495/2014/3292 4506/2015/3293 4494/2002/3293
f 4484/2003/3294 4496/2016/3294 4495/2017/3292 4483/2004/3292
f 4485/2005/3295 4497/2018/3295 4496/2016/3294 4484/2003/3294
f 4486/2006/3296 4498/2019/3296 4497/2018/3297 4485/2005/3297
f 4487/2007/3315 4499/2020/3315 4498/2019/3296 4486/2006/3296
f 4488/2008/3300 4500/2021/3300 4499/2020/3315 4487/2007/3315
f 4489/2009/3301 4501/2022/3301 4500/2021/3302 4488/2008/3302
f 4490/2010/3304 4502/2023/3304 4501/2022/3301 4489/2009/3301
f 4491/2011/3305 4503/2024/3305 4502/2023/3304 4490/2010/3304
f 4492/2012/3306 4504/2025/3306 4503/2024/3307 4491/2011/3307
f 4493/2013/3308 4505/2026/3309 4504/2025/3306 4492/2012/3306
f 4494/2002/3311 4506/2015/3311 4505/2026/3311 4493/2013/3311
f 4495/2014/3292 4507/2027/3292 4518/2028/3293 4506/2015/3293
f 4496/2016/3294 4508/2029/3294 4507/2030/3292 4495/2017/3292
f 4497/2018/3295 4509/2031/3295 4508/2029/3294 4496/2016/3294
f 4498/2019/3296 4510/2032/3296 4509/2031/3297 4497/2018/3297
f 4499/2020/3315 4511/2033/3315 4510/2032/3296 4498/2019/3296
f 4500/2021/3300 4512/2034/3300 4511/2033/3315 4499/2020/3315
f 4501/2022/3301 4513/2035/3301 4512/2034/3302 4500/2021/3302
f 4502/2023/3304 4514/2036/3304 4513/2035/3301 4501/2022/3301
f 4503/2024/3305 4515/2037/3305 4514/2036/3304 4502/2023/3304
f 4504/2025/3306 4516/2038/3306 4515/2037/3318 4503/2024/3307
f 4505/2026/3309 4517/2039/3309 4516/2038/3306 4504/2025/3306
f 4506/2015/3311 4518/2028/3311 4517/2039/3311 4505/2026/3311
f 4507/2027/3292 4519/2040/3292 4530/2041/3293 4518/2028/3293
f 4508/2029/3294 4520/2042/3294 4519/2043/3292 4507/2030/3292
f 4509/2031/3295 4521/2044/3295 4520/2042/3294 4508/2029/3294
f 4510/2032/3296 4522/2045/3297 4521/2044/3297 4509/2031/3297
f 4511/2033/3315 4523/2046/3315 4522/2045/3298 4510/2032/3296
f 4512/2034/3300 4524/2047/3317 4523/2046/3315 4511/2033/3315
f 4513/2035/3301 4525/2048/3301 4524/2047/3317 4512/2034/3302
f 4514/2036/3304 4526/2049/3303 4525/2048/3301 4513/2035/3301
f 4515/2037/3305 4527/2050/3305 4526/2049/3305 4514/2036/3304
f 4516/2038/3306 4528/2051/3306 4527/2050/3307 4515/2037/3318
f 4517/2039/3309 4529/2052/3309 4528/2051/3306 4516/2038/3306
f 4518/2028/3311 4530/2041/3311 4529/2052/3311 4517/2039/3311
f 4519/2040/3292 4531/2053/3292 4542/2054/3293 4530/2041/3293
f 4520/2042/3294 4532/2055/3294 4531/2056/3292 4519/2043/3292
f 4521/2044/3295 4533/2057/3295 4532/2055/3294 4520/2042/3294
f 4522/2045/3297 4534/2058/3296 4533/2057/3297 4521/2044/3297
f 4523/2046/3315 4535/2059/3315 4534/2058/3296 4522/2045/3298
f 4524/2047/3317 4536/2060/3317 4535/2059/3315 4523/2046/3315
f 4525/2048/3301 4537/2061/3301 4536/2060/3317 4524/2047/3317
f 4526/2049/3303 4538/2062/3304 4537/2061/3301 4525/2048/3301
f 4527/2050/3305 4539/2063/3305 4538/2062/3304 4526/2049/3305
f 4528/2051/3306 4540/2064/3306 4539/2063/3307 4527/2050/3307
f 4529/2052/3309 4541/2065/3308 4540/2064/3306 4528/2051/3306
f 4530/2041/3311 4542/2054/3311 4541/2065/3311 4529/2052/3311
f 4531/2053/3292 4543/2066/3293 4554/2067/3293 4542/2054/3293
f 4532/2055/3294 4544/2068/3294 4543/2069/3314 4531/2056/3292
f 4533/2057/3295 4545/2070/3295 4544/2068/3294 4532/2055/3294
f 4534/2058/3296 4546/2071/3296 4545/2070/3297 4533/2057/3297
f 4535/2059/3315 4547/2072/3299 4546/2071/3296 4534/2058/3296
f 4536/2060/3317 4548/2073/3317 4547/2072/3300 4535/2059/3315
f 4537/2061/3301 4549/2074/3301 4548/2073/3317 4536/2060/3317
f 4538/2062/3304 4550/2075/3304 4549/2074/3301 4537/2061/3301
f 4539/2063/3305 4551/2076/3305 4550/2075/3304 4538/2062/3304
f 4540/2064/3306 4552/2077/3306 4551/2076/3307 4539/2063/3307
f 4541/2065/3308 4553/2078/3309 4552/2077/3306 4540/2064/3306
f 4542/2054/3311 4554/2067/3311 4553/2078/3311 4541/2065/3311
f 4543/2066/3293 4555/2079/3292 4566/2080/3313 4554/2067/3293
f 4544/2068/3294 4556/2081/3294 4555/2082/3292 4543/2069/3314
f 4545/2070/3295 4557/2083/3295 4556/2081/3294 4544/2068/3294
f 4546/2071/3296 4558/2084/3296 4557/2083/3297 4545/2070/3297
f 4547/2072/3299 4559/2085/3315 4558/2084/3296 4546/2071/3296
f 4548/2073/3317 4560/2086/3300 4559/2085/3315 4547/2072/3300
f 4549/2074/3301 4561/2087/3301 4560/2086/3302 4548/2073/3317
f 4550/2075/3304 4562/2088/3303 4561/2087/3301 4549/2074/3301
f 4551/2076/3305 4563/2089/3305 4562/2088/3305 4550/2075/3304
f 4552/2077/3306 4564/2090/3306 4563/2089/3307 4551/2076/3307
f 4553/2078/3309 4565/2091/3309 4564/2090/3306 4552/2077/3306
f 4554/2067/3311 4566/2080/3313 4565/2091/3311 4553/2078/3311
f 4555/2079/3292 4567/2092/3292 4578/2093/3313 4566/2080/3313
f 4556/2081/3294 4568/2094/3314 4567/2095/3292 4555/2082/3292
f 4557/2083/3295 4569/2096/3295 4568/2094/3295 4556/2081/3294
f 4558/2084/3296 4570/2097/3297 4569/2096/3297 4557/2083/3297
f 4559/2085/3315 4571/2098/3315 4570/2097/3299 4558/2084/3296
f 4560/2086/3300 4572/2099/3300 4571/2098/3315 4559/2085/3315
f 4561/2087/3301 4573/2100/3301 4572/2099/3302 4560/2086/3302
f 4562/2088/3303 4574/2101/3303 4573/2100/3301 4561/2087/3301
f 4563/2089/3305 4575/2102/3305 4574/2101/3305 4562/2088/3305
f 4564/2090/3306 4576/2103/3306 4575/2102/3307 4563/2089/3307
f 4565/2091/3309 4577/2104/3309 4576/2103/3306 4564/2090/3306
f 4566/2080/3313 4578/2093/3313 4577/2104/3311 4565/2091/3311
f 4567/2092/3292 4579/2105/3292 4590/2106/3293 4578/2093/3313
f 4568/2094/3314 4580/2107/3314 4579/2108/3292 4567/2095/3292
f 4569/2096/3295 4581/2109/3295 4580/2107/3295 4568/2094/3295
f 4570/2097/3297 4582/2110/3297 4581/2109/3297 4569/2096/3297
f 4571/2098/3315 4583/2111/3315 4582/2110/3299 4570/2097/3299
f 4572/2099/3300 4584/2112/3300 4583/2111/3315 4571/2098/3315
f 4573/2100/3301 4585/2113/3301 4584/2112/3302 4572/2099/3302
f 4574/2101/3303 4586/2114/3303 4585/2113/3301 4573/2100/3301
f 4575/2102/3305 4587/2115/3305 4586/2114/3305 4574/2101/3305
f 4576/2103/3306 4588/2116/3306 4587/2115/3307 4575/2102/3307
f 4577/2104/3309 4589/2117/3309 4588/2116/3306 4576/2103/3306
f 4578/2093/3313 4590/2106/3311 4589/2117/3311 4577/2104/3311
f 4579/2105/3292 4591/2118/3292 4602/2119/3293 4590/2106/3293
f 4580/2107/3314 4592/2120/3314 4591/2121/3292 4579/2108/3292
f 4581/2109/3295 4593/2122/3295 4592/2120/3295 4580/2107/3295
f 4582/2110/3297 4594/2123/3297 4593/2122/3297 4581/2109/3297
f 4583/2111/3315 4595/2124/3315 4594/2123/3299 4582/2110/3299
f 4584/2112/3300 4596/2125/3300 4595/2124/3315 4583/2111/3315
f 4585/2113/3301 4597/2126/3301 4596/2125/3302 4584/2112/3302
f 4586/2114/3303 4598/2127/3303 4597/2126/3301 4585/2113/3301
f 4587/2115/3305 4599/2128/3305 4598/2127/3305 4586/2114/3305
f 4588/2116/3306 4600/2129/3306 4599/2128/3307 4587/2115/3307
f 4589/2117/3309 4601/2130/3309 4600/2129/3306 4588/2116/3306
f 4590/2106/3311 4602/2119/3311 4601/2130/3311 4589/2117/3311
f 4591/2118/3292 4603/2131/3292 4614/2132/3293 4602/2119/3293
f 4592/2120/3314 4604/2133/3294 4603/2134/3292 4591/2121/3292
f 4593/2122/3295 4605/2135/3295 4604/2133/3294 4592/2120/3295
f 4594/2123/3297 4606/2136/3296 4605/2135/3297 4593/2122/3297
f 4595/2124/3315 4607/2137/3299 4606/2136/3296 4594/2123/3299
f 4596/2125/3300 4608/2138/3300 4607/2137/3300 4595/2124/3315
f 4597/2126/3301 4609/2139/3301 4608/2138/3302 4596/2125/3302
f 4598/2127/3303 4610/2140/3303 4609/2139/3301 4597/2126/3301
f 4599/2128/3305 4611/2141/3305 4610/2140/3305 4598/2127/3305
f 4600/2129/3306 4612/2142/3306 4611/2141/3307 4599/2128/3307
f 4601/2130/3309 4613/2143/3309 4612/2142/3306 4600/2129/3306
f 4602/2119/3311 4614/2132/3311 4613/2143/3311 4601/2130/3311
f 4603/2131/3292 4615/2144/3292 4626/2145/3293 4614/2132/3293
f 4604/2133/3294 4616/2146/3294 4615/2147/3292 4603/2134/3292
f 4605/2135/3295 4617/2148/3295 4616/2146/3294 4604/2133/3294
f 4606/2136/3296 4618/2149/3296 4617/2148/3297 4605/2135/3297
f 4607/2137/3299 4619/2150/3299 4618/2149/3296 4606/2136/3296
f 4608/2138/3300 4620/2151/3317 4619/2150/3300 4607/2137/3300
f 4609/2139/3301 4621/2152/3301 4620/2151/3317 4608/2138/3302
f 4610/2140/3303 4622/2153/3304 4621/2152/3301 4609/2139/3301
f 4611/2141/3305 4623/2154/3305 4622/2153/3304 4610/2140/3305
f 4612/2142/3306 4624/2155/3306 4623/2154/3307 4611/2141/3307
f 4613/2143/3309 4625/2156/3308 4624/2155/3306 4612/2142/3306
f 4614/2132/3311 4626/2145/3311 4625/2156/3311 4613/2143/3311
f 4615/2144/3292 4627/2157/3292 4638/2158/3293 4626/2145/3293
f 4616/2146/3294 4628/2159/3314 4627/2160/3292 4615/2147/3292
f 4617/2148/3295 4629/2161/3295 4628/2159/3295 4616/2146/3294
f 4618/2149/3296 4630/2162/3296 4629/2161/3297 4617/2148/3297
f 4619/2150/3299 4631/2163/3315 4630/2162/3296 4618/2149/3296
f 4620/2151/3317 4632/2164/3317 4631/2163/3315 4619/2150/3300
f 4621/2152/3301 4633/2165/3302 4632/2164/3317 4620/2151/3317
f 4622/2153/3304 4634/2166/3304 4633/2165/3303 4621/2152/3301
f 4623/2154/3305 4635/2167/3305 4634/2166/3304 4622/2153/3304
f 4624/2155/3306 4636/2168/3306 4635/2167/3307 4623/2154/3307
f 4625/2156/3308 4637/2169/3309 4636/2168/3306 4624/2155/3306
f 4626/2145/3311 4638/2158/3311 4637/2169/3311 4625/2156/3311
f 4627/2157/3292 4639/1345/3292 4650/2170/3293 4638/2158/3293
f 4628/2159/3314 4640/2171/3314 4639/2172/3292 4627/2160/3292
f 4629/2161/3295 4641/2173/3295 4640/2171/3295 4628/2159/3295
f 4630/2162/3296 4642/2174/3312 4641/2173/3312 4629/2161/3297
f 4631/2163/3315 4643/2175/3315 4642/2174/3299 4630/2162/3296
f 4632/2164/3317 4644/2176/3317 4643/2175/3315 4631/2163/3315
f 4633/2165/3302 4645/1218/3302 4644/2176/3317 4632/2164/3317
f 4634/2166/3304 4646/2177/3304 4645/1218/3303 4633/2165/3303
f 4635/2167/3305 4647/2178/3305 4646/2177/3304 4634/2166/3304
f 4636/2168/3306 4648/2179/3306 4647/2178/3307 4635/2167/3307
f 4637/2169/3309 4649/2180/3309 4648/2179/3306 4636/2168/3306
f 4638/2158/3311 4650/2170/3311 4649/2180/3311 4637/2169/3311
usemtl 材质.023
f 5/1/1 13/2/1 14/3/1 6/4/1
f 795/1/1 796/4/1 804/3/1 803/2/1
usemtl 光照度传感器_——————————————
f 4651/17/1 4652/2172/1 4654/1345/1 4653/1410/1
