# Blender 4.5.2 LTS
# www.blender.org
mtllib Air parameter.mtl
o Air_parameter
v -1.703426 0.670495 -2.985307
v -1.710646 0.75898 -2.985307
v -1.703426 0.75898 -3.061241
v -1.706189 0.677231 -2.985307
v -1.708531 0.696412 -2.985307
v -1.703426 0.677231 -3.014365
v -1.706258 0.68536 -3.015094
v -1.708164 0.700912 -3.013582
v -1.707594 0.707893 -3.029147
v -1.710096 0.75898 -3.014365
v -1.708531 0.75898 -3.039
v -1.710096 0.725119 -2.985307
v -1.709433 0.72427 -3.015094
v -1.708164 0.726031 -3.035139
v -1.703426 0.725119 -3.05546
v -1.703426 0.696412 -3.039
v -1.706189 0.75898 -3.05546
v -1.706258 0.72427 -3.048485
v -1.706114 0.700912 -3.035139
v -1.710646 1.15288 -2.985307
v -1.703426 1.241365 -2.985307
v -1.703426 1.15288 -3.061241
v -1.710096 1.186742 -2.985307
v -1.708531 1.215448 -2.985307
v -1.710096 1.15288 -3.014365
v -1.709433 1.187591 -3.015094
v -1.708164 1.210949 -3.013582
v -1.707594 1.203967 -3.029147
v -1.703426 1.23463 -3.014365
v -1.703426 1.215448 -3.039
v -1.706189 1.23463 -2.985307
v -1.706258 1.226501 -3.015094
v -1.706114 1.210949 -3.035139
v -1.706189 1.15288 -3.05546
v -1.708531 1.15288 -3.039
v -1.703426 1.186742 -3.05546
v -1.706258 1.187591 -3.048485
v -1.708164 1.18583 -3.035139
v -1.671285 0.670495 -2.985307
v -1.671285 0.75898 -3.061241
v -1.664065 0.75898 -2.985307
v -1.671285 0.677231 -3.014365
v -1.671285 0.696412 -3.039
v -1.668522 0.677231 -2.985307
v -1.668453 0.68536 -3.015094
v -1.668597 0.700912 -3.035139
v -1.667117 0.707893 -3.029147
v -1.668522 0.75898 -3.05546
v -1.66618 0.75898 -3.039
v -1.671285 0.725119 -3.05546
v -1.668453 0.72427 -3.048485
v -1.666547 0.726031 -3.035139
v -1.664615 0.725119 -2.985307
v -1.66618 0.696412 -2.985307
v -1.664615 0.75898 -3.014365
v -1.665278 0.72427 -3.015094
v -1.666547 0.700912 -3.013582
v -1.671285 1.241365 -2.985307
v -1.664065 1.15288 -2.985307
v -1.671285 1.15288 -3.061241
v -1.668522 1.23463 -2.985307
v -1.66618 1.215448 -2.985307
v -1.671285 1.23463 -3.014365
v -1.668453 1.226501 -3.015094
v -1.666547 1.210949 -3.013582
v -1.667117 1.203967 -3.029147
v -1.664615 1.15288 -3.014365
v -1.66618 1.15288 -3.039
v -1.664615 1.186742 -2.985307
v -1.665278 1.187591 -3.015094
v -1.666547 1.18583 -3.035139
v -1.671285 1.186742 -3.05546
v -1.671285 1.215448 -3.039
v -1.668522 1.15288 -3.05546
v -1.668453 1.187591 -3.048485
v -1.668597 1.210949 -3.035139
v -1.703426 0.670495 -2.647278
v -1.703426 0.75898 -2.571343
v -1.710646 0.75898 -2.647278
v -1.703426 0.677231 -2.618219
v -1.703426 0.696412 -2.593584
v -1.706189 0.677231 -2.647278
v -1.706258 0.68536 -2.617491
v -1.706114 0.700912 -2.597445
v -1.707594 0.707893 -2.603437
v -1.706189 0.75898 -2.577124
v -1.708531 0.75898 -2.593584
v -1.703426 0.725119 -2.577124
v -1.706258 0.72427 -2.5841
v -1.708164 0.726031 -2.597445
v -1.710096 0.725119 -2.647278
v -1.708531 0.696412 -2.647278
v -1.710096 0.75898 -2.618219
v -1.709433 0.72427 -2.617491
v -1.708164 0.700912 -2.619002
v -1.703426 1.241365 -2.647278
v -1.710646 1.15288 -2.647278
v -1.703426 1.15288 -2.571343
v -1.706189 1.23463 -2.647278
v -1.708531 1.215448 -2.647278
v -1.703426 1.23463 -2.618219
v -1.706258 1.226501 -2.617491
v -1.708164 1.210949 -2.619002
v -1.707594 1.203967 -2.603437
v -1.710096 1.15288 -2.618219
v -1.708531 1.15288 -2.593584
v -1.710096 1.186742 -2.647278
v -1.709433 1.187591 -2.617491
v -1.708164 1.18583 -2.597445
v -1.703426 1.186742 -2.577124
v -1.703426 1.215448 -2.593584
v -1.706189 1.15288 -2.577124
v -1.706258 1.187591 -2.5841
v -1.706114 1.210949 -2.597445
v -1.671285 0.670495 -2.647278
v -1.664065 0.75898 -2.647278
v -1.671285 0.75898 -2.571343
v -1.668522 0.677231 -2.647278
v -1.66618 0.696412 -2.647278
v -1.671285 0.677231 -2.618219
v -1.668453 0.68536 -2.617491
v -1.666547 0.700912 -2.619002
v -1.667117 0.707893 -2.603437
v -1.664615 0.75898 -2.618219
v -1.66618 0.75898 -2.593584
v -1.664615 0.725119 -2.647278
v -1.665278 0.72427 -2.617491
v -1.666547 0.726031 -2.597445
v -1.671285 0.725119 -2.577124
v -1.671285 0.696412 -2.593584
v -1.668522 0.75898 -2.577124
v -1.668453 0.72427 -2.5841
v -1.668597 0.700912 -2.597445
v -1.671285 1.241365 -2.647278
v -1.671285 1.15288 -2.571343
v -1.664065 1.15288 -2.647278
v -1.671285 1.23463 -2.618219
v -1.671285 1.215448 -2.593584
v -1.668522 1.23463 -2.647278
v -1.668453 1.226501 -2.617491
v -1.668597 1.210949 -2.597445
v -1.667117 1.203967 -2.603437
v -1.668522 1.15288 -2.577124
v -1.66618 1.15288 -2.593584
v -1.671285 1.186742 -2.577124
v -1.668453 1.187591 -2.5841
v -1.666547 1.18583 -2.597445
v -1.664615 1.186742 -2.647278
v -1.66618 1.215448 -2.647278
v -1.664615 1.15288 -2.618219
v -1.665278 1.187591 -2.617491
v -1.666547 1.210949 -2.619002
v -1.713797 0.922953 -2.960497
v -1.716413 0.939708 -2.960497
v -1.713797 0.939708 -2.986151
v -1.714139 0.923096 -2.960497
v -1.714474 0.923524 -2.960497
v -1.714798 0.924228 -2.960497
v -1.715105 0.925198 -2.960497
v -1.71539 0.926416 -2.960497
v -1.715647 0.92786 -2.960497
v -1.713797 0.923096 -2.963845
v -1.714147 0.923253 -2.9639
v -1.714493 0.923713 -2.963923
v -1.714819 0.924448 -2.963927
v -1.715118 0.925421 -2.963923
v -1.715389 0.926599 -2.963913
v -1.71563 0.92796 -2.963907
v -1.713797 0.923524 -2.967137
v -1.714151 0.923711 -2.967289
v -1.7145 0.924199 -2.967336
v -1.714822 0.924946 -2.967298
v -1.715109 0.925893 -2.967228
v -1.715361 0.927002 -2.967158
v -1.715583 0.928256 -2.967122
v -1.713797 0.924228 -2.970314
v -1.71415 0.924448 -2.970508
v -1.714496 0.92495 -2.970525
v -1.714809 0.925676 -2.970396
v -1.71508 0.926556 -2.970206
v -1.715314 0.927562 -2.970033
v -1.715517 0.92869 -2.969945
v -1.713797 0.925198 -2.973324
v -1.714149 0.925427 -2.973462
v -1.714487 0.925903 -2.973362
v -1.714789 0.926561 -2.973076
v -1.715044 0.927329 -2.972718
v -1.715259 0.928195 -2.972404
v -1.715441 0.929175 -2.972247
v -1.713797 0.926416 -2.976114
v -1.714147 0.92661 -2.976124
v -1.714478 0.927015 -2.975853
v -1.714771 0.927569 -2.975381
v -1.715012 0.928197 -2.974836
v -1.715209 0.928879 -2.974339
v -1.715367 0.929654 -2.97407
v -1.715307 0.930034 -2.975308
v -1.716391 0.939708 -2.963845
v -1.716324 0.939708 -2.967137
v -1.716214 0.939708 -2.970314
v -1.716063 0.939708 -2.973324
v -1.715873 0.939708 -2.976114
v -1.715647 0.939708 -2.978637
v -1.716391 0.937521 -2.960497
v -1.716366 0.937485 -2.963932
v -1.716295 0.93747 -2.967323
v -1.71618 0.937467 -2.970519
v -1.716028 0.93747 -2.973452
v -1.715844 0.937476 -2.976104
v -1.715631 0.93748 -2.978467
v -1.716324 0.935371 -2.960497
v -1.716295 0.935271 -2.963965
v -1.716219 0.935241 -2.967388
v -1.716102 0.935266 -2.970547
v -1.715954 0.935311 -2.973357
v -1.715781 0.935357 -2.975836
v -1.715585 0.935381 -2.978012
v -1.716214 0.933296 -2.960497
v -1.71618 0.933169 -2.963962
v -1.716102 0.933158 -2.967348
v -1.715988 0.933242 -2.970423
v -1.715851 0.933366 -2.973081
v -1.715694 0.93348 -2.975375
v -1.715517 0.933537 -2.977358
v -1.716063 0.931331 -2.960497
v -1.716027 0.93124 -2.963949
v -1.715953 0.931305 -2.967265
v -1.71585 0.931492 -2.970227
v -1.71573 0.931726 -2.972724
v -1.715595 0.931931 -2.974835
v -1.715442 0.932033 -2.976621
v -1.715873 0.929508 -2.960497
v -1.715842 0.929502 -2.963927
v -1.715779 0.929678 -2.967177
v -1.715693 0.929987 -2.970044
v -1.715594 0.930343 -2.972408
v -1.715488 0.930667 -2.974339
v -1.715367 0.930843 -2.975889
v -1.713797 0.937521 -2.985931
v -1.713797 0.935371 -2.985276
v -1.713797 0.933296 -2.984198
v -1.713797 0.931331 -2.982714
v -1.713797 0.929508 -2.980849
v -1.713797 0.92786 -2.978637
v -1.714139 0.939708 -2.985931
v -1.714144 0.937464 -2.985691
v -1.714146 0.935249 -2.984987
v -1.714147 0.933162 -2.983862
v -1.714146 0.931247 -2.982373
v -1.714145 0.929515 -2.980569
v -1.714145 0.927972 -2.978485
v -1.714474 0.939708 -2.985276
v -1.71449 0.937442 -2.984991
v -1.714494 0.935207 -2.984243
v -1.714491 0.933144 -2.983099
v -1.714483 0.931309 -2.981649
v -1.714476 0.92969 -2.979951
v -1.714473 0.928268 -2.978031
v -1.714798 0.939708 -2.984198
v -1.714818 0.937444 -2.983861
v -1.71482 0.935233 -2.983094
v -1.714807 0.933225 -2.981982
v -1.714787 0.931489 -2.980633
v -1.714769 0.929991 -2.979093
v -1.714761 0.928696 -2.977366
v -1.715105 0.939708 -2.982714
v -1.715119 0.937453 -2.982363
v -1.715109 0.935287 -2.981634
v -1.71508 0.933352 -2.980626
v -1.715043 0.931722 -2.979451
v -1.715011 0.930343 -2.978125
v -1.714995 0.929177 -2.976623
v -1.71539 0.939708 -2.980849
v -1.715391 0.937467 -2.980551
v -1.715363 0.935345 -2.979931
v -1.715315 0.933473 -2.979083
v -1.715259 0.931928 -2.978122
v -1.715209 0.930667 -2.977077
v -1.715181 0.929655 -2.97589
v -1.716413 1.115628 -2.960497
v -1.713797 1.132383 -2.960497
v -1.713797 1.115628 -2.986151
v -1.716391 1.117815 -2.960497
v -1.716324 1.119965 -2.960497
v -1.716214 1.12204 -2.960497
v -1.716063 1.124005 -2.960497
v -1.715873 1.125828 -2.960497
v -1.715647 1.127476 -2.960497
v -1.716391 1.115628 -2.963845
v -1.716366 1.117872 -2.9639
v -1.716295 1.120087 -2.963923
v -1.71618 1.122174 -2.963927
v -1.716028 1.124089 -2.963923
v -1.715844 1.125821 -2.963913
v -1.715631 1.127364 -2.963907
v -1.716324 1.115628 -2.967137
v -1.716295 1.117894 -2.967289
v -1.716219 1.120129 -2.967336
v -1.716102 1.122192 -2.967298
v -1.715954 1.124027 -2.967228
v -1.715781 1.125646 -2.967158
v -1.715585 1.127068 -2.967122
v -1.716214 1.115628 -2.970314
v -1.71618 1.117892 -2.970508
v -1.716102 1.120103 -2.970525
v -1.715988 1.122111 -2.970396
v -1.715851 1.123847 -2.970206
v -1.715694 1.125345 -2.970033
v -1.715517 1.12664 -2.969945
v -1.716063 1.115628 -2.973324
v -1.716027 1.117883 -2.973462
v -1.715953 1.120049 -2.973362
v -1.71585 1.121984 -2.973076
v -1.71573 1.123614 -2.972718
v -1.715595 1.124993 -2.972404
v -1.715442 1.126159 -2.972247
v -1.715873 1.115628 -2.976114
v -1.715842 1.117869 -2.976124
v -1.715779 1.119991 -2.975853
v -1.715693 1.121863 -2.975381
v -1.715594 1.123407 -2.974836
v -1.715488 1.124669 -2.974339
v -1.715367 1.125681 -2.97407
v -1.715307 1.125302 -2.975308
v -1.713797 1.132239 -2.963845
v -1.713797 1.131812 -2.967137
v -1.713797 1.131107 -2.970314
v -1.713797 1.130138 -2.973324
v -1.713797 1.12892 -2.976114
v -1.713797 1.127476 -2.978637
v -1.714139 1.132239 -2.960497
v -1.714144 1.132082 -2.963932
v -1.714146 1.131623 -2.967323
v -1.714147 1.130888 -2.970519
v -1.714146 1.129915 -2.973452
v -1.714145 1.128737 -2.976104
v -1.714145 1.127376 -2.978467
v -1.714474 1.131812 -2.960497
v -1.71449 1.131625 -2.963965
v -1.714494 1.131137 -2.967388
v -1.714491 1.13039 -2.970547
v -1.714483 1.129443 -2.973357
v -1.714476 1.128334 -2.975836
v -1.714473 1.12708 -2.978012
v -1.714798 1.131107 -2.960497
v -1.714818 1.130888 -2.963962
v -1.71482 1.130386 -2.967348
v -1.714807 1.12966 -2.970423
v -1.714787 1.12878 -2.973081
v -1.714769 1.127774 -2.975375
v -1.714761 1.126646 -2.977358
v -1.715105 1.130138 -2.960497
v -1.715119 1.129909 -2.963949
v -1.715109 1.129433 -2.967265
v -1.71508 1.128775 -2.970227
v -1.715043 1.128007 -2.972724
v -1.715011 1.127141 -2.974835
v -1.714995 1.126161 -2.976621
v -1.71539 1.12892 -2.960497
v -1.715391 1.128726 -2.963927
v -1.715363 1.128321 -2.967177
v -1.715315 1.127767 -2.970044
v -1.715259 1.127139 -2.972408
v -1.715209 1.126457 -2.974339
v -1.715181 1.125682 -2.975889
v -1.714139 1.115628 -2.985931
v -1.714474 1.115628 -2.985276
v -1.714798 1.115628 -2.984198
v -1.715105 1.115628 -2.982714
v -1.71539 1.115628 -2.980849
v -1.715647 1.115628 -2.978637
v -1.713797 1.117815 -2.985931
v -1.714147 1.117851 -2.985691
v -1.714493 1.117866 -2.984987
v -1.714819 1.117869 -2.983862
v -1.715118 1.117866 -2.982373
v -1.715389 1.11786 -2.980569
v -1.71563 1.117856 -2.978485
v -1.713797 1.119965 -2.985276
v -1.714151 1.120065 -2.984991
v -1.7145 1.120095 -2.984243
v -1.714822 1.12007 -2.983099
v -1.715109 1.120025 -2.981649
v -1.715361 1.119979 -2.979951
v -1.715583 1.119955 -2.978031
v -1.713797 1.12204 -2.984198
v -1.71415 1.122167 -2.983861
v -1.714496 1.122178 -2.983094
v -1.714809 1.122093 -2.981982
v -1.71508 1.12197 -2.980633
v -1.715314 1.121856 -2.979093
v -1.715517 1.121799 -2.977366
v -1.713797 1.124005 -2.982714
v -1.714149 1.124096 -2.982363
v -1.714487 1.124031 -2.981634
v -1.714789 1.123844 -2.980626
v -1.715044 1.12361 -2.979451
v -1.715259 1.123405 -2.978125
v -1.715441 1.123302 -2.976623
v -1.713797 1.125828 -2.980849
v -1.714147 1.125834 -2.980551
v -1.714478 1.125658 -2.979931
v -1.714771 1.125349 -2.979083
v -1.715012 1.124993 -2.978122
v -1.715209 1.124668 -2.977077
v -1.715367 1.124493 -2.97589
v -1.686325 0.922953 -2.960497
v -1.686325 0.939708 -2.986151
v -1.683709 0.939708 -2.960497
v -1.686325 0.923096 -2.963845
v -1.686325 0.923524 -2.967137
v -1.686325 0.924228 -2.970314
v -1.686325 0.925198 -2.973324
v -1.686325 0.926416 -2.976114
v -1.686325 0.92786 -2.978637
v -1.685984 0.923096 -2.960497
v -1.685978 0.923253 -2.963932
v -1.685976 0.923713 -2.967323
v -1.685976 0.924448 -2.970519
v -1.685976 0.925421 -2.973452
v -1.685977 0.926599 -2.976104
v -1.685978 0.92796 -2.978467
v -1.685648 0.923524 -2.960497
v -1.685633 0.923711 -2.963965
v -1.685628 0.924199 -2.967388
v -1.685632 0.924946 -2.970547
v -1.685639 0.925893 -2.973357
v -1.685646 0.927002 -2.975836
v -1.68565 0.928256 -2.978012
v -1.685324 0.924228 -2.960497
v -1.685304 0.924448 -2.963962
v -1.685303 0.92495 -2.967348
v -1.685316 0.925676 -2.970423
v -1.685335 0.926556 -2.973081
v -1.685353 0.927562 -2.975375
v -1.685362 0.92869 -2.977358
v -1.685017 0.925198 -2.960497
v -1.685003 0.925427 -2.963949
v -1.685013 0.925903 -2.967265
v -1.685043 0.926561 -2.970227
v -1.685079 0.927329 -2.972724
v -1.685111 0.928195 -2.974835
v -1.685127 0.929175 -2.976621
v -1.684733 0.926416 -2.960497
v -1.684732 0.92661 -2.963927
v -1.684759 0.927015 -2.967177
v -1.684807 0.927569 -2.970044
v -1.684863 0.928197 -2.972408
v -1.684914 0.928879 -2.974339
v -1.684941 0.929654 -2.975889
v -1.684815 0.930034 -2.975308
v -1.685984 0.939708 -2.985931
v -1.685648 0.939708 -2.985276
v -1.685324 0.939708 -2.984198
v -1.685017 0.939708 -2.982714
v -1.684733 0.939708 -2.980849
v -1.684475 0.939708 -2.978637
v -1.686325 0.937521 -2.985931
v -1.685975 0.937485 -2.985691
v -1.685629 0.93747 -2.984987
v -1.685303 0.937467 -2.983862
v -1.685004 0.93747 -2.982373
v -1.684734 0.937476 -2.980569
v -1.684493 0.93748 -2.978485
v -1.686325 0.935371 -2.985276
v -1.685972 0.935271 -2.984991
v -1.685623 0.935241 -2.984243
v -1.6853 0.935266 -2.983099
v -1.685014 0.935311 -2.981649
v -1.684761 0.935357 -2.979951
v -1.684539 0.935381 -2.978031
v -1.686325 0.933296 -2.984198
v -1.685972 0.933169 -2.983861
v -1.685627 0.933158 -2.983094
v -1.685313 0.933242 -2.981982
v -1.685042 0.933366 -2.980633
v -1.684808 0.93348 -2.979093
v -1.684606 0.933537 -2.977366
v -1.686325 0.931331 -2.982714
v -1.685973 0.93124 -2.982363
v -1.685635 0.931305 -2.981634
v -1.685333 0.931492 -2.980626
v -1.685078 0.931726 -2.979451
v -1.684863 0.931931 -2.978125
v -1.684681 0.932033 -2.976623
v -1.686325 0.929508 -2.980849
v -1.685976 0.929502 -2.980551
v -1.685644 0.929678 -2.979931
v -1.685352 0.929987 -2.979083
v -1.685111 0.930343 -2.978122
v -1.684914 0.930667 -2.977077
v -1.684756 0.930843 -2.97589
v -1.683731 0.937521 -2.960497
v -1.683798 0.935371 -2.960497
v -1.683908 0.933296 -2.960497
v -1.68406 0.931331 -2.960497
v -1.68425 0.929508 -2.960497
v -1.684475 0.92786 -2.960497
v -1.683731 0.939708 -2.963845
v -1.683756 0.937464 -2.9639
v -1.683828 0.935249 -2.963923
v -1.683943 0.933162 -2.963927
v -1.684094 0.931247 -2.963923
v -1.684278 0.929515 -2.963913
v -1.684491 0.927972 -2.963907
v -1.683798 0.939708 -2.967137
v -1.683827 0.937442 -2.967289
v -1.683904 0.935207 -2.967336
v -1.68402 0.933144 -2.967298
v -1.684168 0.931309 -2.967228
v -1.684341 0.92969 -2.967158
v -1.684537 0.928268 -2.967122
v -1.683908 0.939708 -2.970314
v -1.683943 0.937444 -2.970508
v -1.684021 0.935233 -2.970525
v -1.684134 0.933225 -2.970396
v -1.684272 0.931489 -2.970206
v -1.684429 0.929991 -2.970033
v -1.684605 0.928696 -2.969945
v -1.68406 0.939708 -2.973324
v -1.684095 0.937453 -2.973462
v -1.68417 0.935287 -2.973362
v -1.684273 0.933352 -2.973076
v -1.684392 0.931722 -2.972718
v -1.684528 0.930343 -2.972404
v -1.684681 0.929177 -2.972247
v -1.68425 0.939708 -2.976114
v -1.68428 0.937467 -2.976124
v -1.684343 0.935345 -2.975853
v -1.68443 0.933473 -2.975381
v -1.684528 0.931928 -2.974836
v -1.684634 0.930667 -2.974339
v -1.684756 0.929655 -2.97407
v -1.686325 1.132383 -2.960497
v -1.683709 1.115628 -2.960497
v -1.686325 1.115628 -2.986151
v -1.685984 1.132239 -2.960497
v -1.685648 1.131812 -2.960497
v -1.685324 1.131107 -2.960497
v -1.685017 1.130138 -2.960497
v -1.684733 1.12892 -2.960497
v -1.684475 1.127476 -2.960497
v -1.686325 1.132239 -2.963845
v -1.685975 1.132082 -2.9639
v -1.685629 1.131623 -2.963923
v -1.685303 1.130888 -2.963927
v -1.685004 1.129915 -2.963923
v -1.684734 1.128737 -2.963913
v -1.684493 1.127376 -2.963907
v -1.686325 1.131812 -2.967137
v -1.685972 1.131625 -2.967289
v -1.685623 1.131137 -2.967336
v -1.6853 1.13039 -2.967298
v -1.685014 1.129443 -2.967228
v -1.684761 1.128334 -2.967158
v -1.684539 1.12708 -2.967122
v -1.686325 1.131107 -2.970314
v -1.685972 1.130888 -2.970508
v -1.685627 1.130386 -2.970525
v -1.685313 1.12966 -2.970396
v -1.685042 1.12878 -2.970206
v -1.684808 1.127774 -2.970033
v -1.684606 1.126646 -2.969945
v -1.686325 1.130138 -2.973324
v -1.685973 1.129909 -2.973462
v -1.685635 1.129433 -2.973362
v -1.685333 1.128775 -2.973076
v -1.685078 1.128007 -2.972718
v -1.684863 1.127141 -2.972404
v -1.684681 1.126161 -2.972247
v -1.686325 1.12892 -2.976114
v -1.685976 1.128726 -2.976124
v -1.685644 1.128321 -2.975853
v -1.685352 1.127767 -2.975381
v -1.685111 1.127139 -2.974836
v -1.684914 1.126457 -2.974339
v -1.684756 1.125682 -2.97407
v -1.684815 1.125302 -2.975308
v -1.683731 1.115628 -2.963845
v -1.683798 1.115628 -2.967137
v -1.683908 1.115628 -2.970314
v -1.68406 1.115628 -2.973324
v -1.68425 1.115628 -2.976114
v -1.684475 1.115628 -2.978637
v -1.683731 1.117815 -2.960497
v -1.683756 1.117851 -2.963932
v -1.683828 1.117866 -2.967323
v -1.683943 1.117869 -2.970519
v -1.684094 1.117866 -2.973452
v -1.684278 1.11786 -2.976104
v -1.684491 1.117856 -2.978467
v -1.683798 1.119965 -2.960497
v -1.683827 1.120065 -2.963965
v -1.683904 1.120095 -2.967388
v -1.68402 1.12007 -2.970547
v -1.684168 1.120025 -2.973357
v -1.684341 1.119979 -2.975836
v -1.684537 1.119955 -2.978012
v -1.683908 1.12204 -2.960497
v -1.683943 1.122167 -2.963962
v -1.684021 1.122178 -2.967348
v -1.684134 1.122093 -2.970423
v -1.684272 1.12197 -2.973081
v -1.684429 1.121856 -2.975375
v -1.684605 1.121799 -2.977358
v -1.68406 1.124005 -2.960497
v -1.684095 1.124096 -2.963949
v -1.68417 1.124031 -2.967265
v -1.684273 1.123844 -2.970227
v -1.684392 1.12361 -2.972724
v -1.684528 1.123405 -2.974835
v -1.684681 1.123302 -2.976621
v -1.68425 1.125828 -2.960497
v -1.68428 1.125834 -2.963927
v -1.684343 1.125658 -2.967177
v -1.68443 1.125349 -2.970044
v -1.684528 1.124993 -2.972408
v -1.684634 1.124668 -2.974339
v -1.684756 1.124493 -2.975889
v -1.686325 1.117815 -2.985931
v -1.686325 1.119965 -2.985276
v -1.686325 1.12204 -2.984198
v -1.686325 1.124005 -2.982714
v -1.686325 1.125828 -2.980849
v -1.686325 1.127476 -2.978637
v -1.685984 1.115628 -2.985931
v -1.685978 1.117872 -2.985691
v -1.685976 1.120087 -2.984987
v -1.685976 1.122174 -2.983862
v -1.685976 1.124089 -2.982373
v -1.685977 1.125821 -2.980569
v -1.685978 1.127364 -2.978485
v -1.685648 1.115628 -2.985276
v -1.685633 1.117894 -2.984991
v -1.685628 1.120129 -2.984243
v -1.685632 1.122192 -2.983099
v -1.685639 1.124027 -2.981649
v -1.685646 1.125646 -2.979951
v -1.68565 1.127068 -2.978031
v -1.685324 1.115628 -2.984198
v -1.685304 1.117892 -2.983861
v -1.685303 1.120103 -2.983094
v -1.685316 1.122111 -2.981982
v -1.685335 1.123847 -2.980633
v -1.685353 1.125345 -2.979093
v -1.685362 1.12664 -2.977366
v -1.685017 1.115628 -2.982714
v -1.685003 1.117883 -2.982363
v -1.685013 1.120049 -2.981634
v -1.685043 1.121984 -2.980626
v -1.685079 1.123614 -2.979451
v -1.685111 1.124993 -2.978125
v -1.685127 1.126159 -2.976623
v -1.684733 1.115628 -2.980849
v -1.684732 1.117869 -2.980551
v -1.684759 1.119991 -2.979931
v -1.684807 1.121863 -2.979083
v -1.684863 1.123407 -2.978122
v -1.684914 1.124669 -2.977077
v -1.684941 1.125681 -2.97589
v -1.713797 0.922953 -2.691129
v -1.713797 0.939708 -2.665475
v -1.716413 0.939708 -2.691129
v -1.713797 0.923096 -2.687781
v -1.713797 0.923524 -2.684489
v -1.713797 0.924228 -2.681312
v -1.713797 0.925198 -2.678303
v -1.713797 0.926416 -2.675512
v -1.713797 0.92786 -2.672989
v -1.714138 0.923096 -2.691129
v -1.714144 0.923253 -2.687694
v -1.714146 0.923713 -2.684303
v -1.714147 0.924448 -2.681107
v -1.714146 0.925421 -2.678174
v -1.714145 0.926599 -2.675522
v -1.714145 0.92796 -2.67316
v -1.714474 0.923524 -2.691129
v -1.71449 0.923711 -2.687661
v -1.714494 0.924199 -2.684238
v -1.714491 0.924946 -2.681079
v -1.714483 0.925893 -2.678269
v -1.714476 0.927002 -2.675791
v -1.714473 0.928256 -2.673614
v -1.714798 0.924228 -2.691129
v -1.714818 0.924448 -2.687664
v -1.71482 0.92495 -2.684278
v -1.714807 0.925676 -2.681203
v -1.714787 0.926556 -2.678545
v -1.714769 0.927562 -2.676251
v -1.714761 0.92869 -2.674268
v -1.715105 0.925198 -2.691129
v -1.715119 0.925427 -2.687677
v -1.715109 0.925903 -2.684361
v -1.71508 0.926561 -2.681399
v -1.715043 0.927329 -2.678902
v -1.715011 0.928195 -2.676791
v -1.714995 0.929175 -2.675005
v -1.71539 0.926416 -2.691129
v -1.715391 0.92661 -2.687699
v -1.715363 0.927015 -2.684449
v -1.715315 0.927569 -2.681582
v -1.715259 0.928197 -2.679218
v -1.715209 0.928879 -2.677287
v -1.715181 0.929654 -2.675737
v -1.715307 0.930034 -2.676318
v -1.714138 0.939708 -2.665695
v -1.714474 0.939708 -2.66635
v -1.714798 0.939708 -2.667428
v -1.715105 0.939708 -2.668912
v -1.71539 0.939708 -2.670777
v -1.715647 0.939708 -2.672989
v -1.713797 0.937521 -2.665695
v -1.714147 0.937485 -2.665935
v -1.714493 0.93747 -2.666639
v -1.714819 0.937467 -2.667764
v -1.715118 0.93747 -2.669254
v -1.715389 0.937476 -2.671057
v -1.71563 0.93748 -2.673141
v -1.713797 0.935371 -2.66635
v -1.714151 0.935271 -2.666635
v -1.7145 0.935241 -2.667383
v -1.714822 0.935266 -2.668527
v -1.715109 0.935311 -2.669977
v -1.715361 0.935357 -2.671675
v -1.715583 0.935381 -2.673595
v -1.713797 0.933296 -2.667428
v -1.71415 0.933169 -2.667765
v -1.714496 0.933158 -2.668532
v -1.714809 0.933242 -2.669644
v -1.71508 0.933366 -2.670993
v -1.715314 0.93348 -2.672533
v -1.715517 0.933537 -2.67426
v -1.713797 0.931331 -2.668912
v -1.714149 0.93124 -2.669263
v -1.714487 0.931305 -2.669992
v -1.714789 0.931492 -2.671
v -1.715044 0.931726 -2.672175
v -1.715259 0.931931 -2.673501
v -1.715441 0.932033 -2.675003
v -1.713797 0.929508 -2.670777
v -1.714147 0.929502 -2.671075
v -1.714478 0.929678 -2.671695
v -1.714771 0.929987 -2.672543
v -1.715012 0.930343 -2.673504
v -1.715209 0.930667 -2.674549
v -1.715367 0.930843 -2.675736
v -1.716391 0.937521 -2.691129
v -1.716324 0.935371 -2.691129
v -1.716214 0.933296 -2.691129
v -1.716063 0.931331 -2.691129
v -1.715873 0.929508 -2.691129
v -1.715647 0.92786 -2.691129
v -1.716391 0.939708 -2.687781
v -1.716366 0.937464 -2.687726
v -1.716295 0.935249 -2.687703
v -1.71618 0.933162 -2.687699
v -1.716028 0.931247 -2.687703
v -1.715844 0.929515 -2.687713
v -1.715631 0.927972 -2.687719
v -1.716324 0.939708 -2.684489
v -1.716295 0.937442 -2.684337
v -1.716219 0.935207 -2.68429
v -1.716102 0.933144 -2.684328
v -1.715954 0.931309 -2.684398
v -1.715781 0.92969 -2.684469
v -1.715585 0.928268 -2.684505
v -1.716214 0.939708 -2.681312
v -1.71618 0.937444 -2.681118
v -1.716102 0.935233 -2.681101
v -1.715988 0.933225 -2.68123
v -1.715851 0.931489 -2.68142
v -1.715694 0.929991 -2.681593
v -1.715517 0.928696 -2.681681
v -1.716063 0.939708 -2.678303
v -1.716027 0.937453 -2.678164
v -1.715953 0.935287 -2.678264
v -1.71585 0.933352 -2.67855
v -1.71573 0.931722 -2.678909
v -1.715595 0.930343 -2.679222
v -1.715442 0.929177 -2.679379
v -1.715873 0.939708 -2.675512
v -1.715842 0.937467 -2.675503
v -1.715779 0.935345 -2.675773
v -1.715692 0.933473 -2.676245
v -1.715594 0.931928 -2.67679
v -1.715488 0.930667 -2.677287
v -1.715367 0.929655 -2.677556
v -1.713797 1.132383 -2.691129
v -1.716413 1.115628 -2.691129
v -1.713797 1.115628 -2.665475
v -1.714138 1.132239 -2.691129
v -1.714474 1.131812 -2.691129
v -1.714798 1.131107 -2.691129
v -1.715105 1.130138 -2.691129
v -1.71539 1.12892 -2.691129
v -1.715647 1.127476 -2.691129
v -1.713797 1.132239 -2.687781
v -1.714147 1.132082 -2.687726
v -1.714493 1.131623 -2.687703
v -1.714819 1.130888 -2.687699
v -1.715118 1.129915 -2.687703
v -1.715389 1.128737 -2.687713
v -1.71563 1.127376 -2.687719
v -1.713797 1.131812 -2.684489
v -1.714151 1.131625 -2.684337
v -1.7145 1.131137 -2.68429
v -1.714822 1.13039 -2.684328
v -1.715109 1.129443 -2.684398
v -1.715361 1.128334 -2.684469
v -1.715583 1.12708 -2.684505
v -1.713797 1.131107 -2.681312
v -1.71415 1.130888 -2.681118
v -1.714496 1.130386 -2.681101
v -1.714809 1.12966 -2.68123
v -1.71508 1.12878 -2.68142
v -1.715314 1.127774 -2.681593
v -1.715517 1.126646 -2.681681
v -1.713797 1.130138 -2.678303
v -1.714149 1.129909 -2.678164
v -1.714487 1.129433 -2.678264
v -1.714789 1.128775 -2.67855
v -1.715044 1.128007 -2.678909
v -1.715259 1.127141 -2.679222
v -1.715441 1.126161 -2.679379
v -1.713797 1.12892 -2.675512
v -1.714147 1.128726 -2.675503
v -1.714478 1.128321 -2.675773
v -1.714771 1.127767 -2.676245
v -1.715012 1.127139 -2.67679
v -1.715209 1.126457 -2.677287
v -1.715367 1.125682 -2.677556
v -1.715307 1.125302 -2.676318
v -1.716391 1.115628 -2.687781
v -1.716324 1.115628 -2.684489
v -1.716214 1.115628 -2.681312
v -1.716063 1.115628 -2.678303
v -1.715873 1.115628 -2.675512
v -1.715647 1.115628 -2.672989
v -1.716391 1.117815 -2.691129
v -1.716366 1.117851 -2.687694
v -1.716295 1.117866 -2.684303
v -1.71618 1.117869 -2.681107
v -1.716028 1.117866 -2.678174
v -1.715844 1.11786 -2.675522
v -1.715631 1.117856 -2.67316
v -1.716324 1.119965 -2.691129
v -1.716295 1.120065 -2.687661
v -1.716219 1.120095 -2.684238
v -1.716102 1.12007 -2.681079
v -1.715954 1.120025 -2.678269
v -1.715781 1.119979 -2.675791
v -1.715585 1.119955 -2.673614
v -1.716214 1.12204 -2.691129
v -1.71618 1.122167 -2.687664
v -1.716102 1.122178 -2.684278
v -1.715988 1.122093 -2.681203
v -1.715851 1.12197 -2.678545
v -1.715694 1.121856 -2.676251
v -1.715517 1.121799 -2.674268
v -1.716063 1.124005 -2.691129
v -1.716027 1.124096 -2.687677
v -1.715953 1.124031 -2.684361
v -1.71585 1.123844 -2.681399
v -1.71573 1.12361 -2.678902
v -1.715595 1.123405 -2.676791
v -1.715442 1.123302 -2.675005
v -1.715873 1.125828 -2.691129
v -1.715842 1.125834 -2.687699
v -1.715779 1.125658 -2.684449
v -1.715692 1.125349 -2.681582
v -1.715594 1.124993 -2.679218
v -1.715488 1.124668 -2.677287
v -1.715367 1.124493 -2.675737
v -1.713797 1.117815 -2.665695
v -1.713797 1.119965 -2.66635
v -1.713797 1.12204 -2.667428
v -1.713797 1.124005 -2.668912
v -1.713797 1.125828 -2.670777
v -1.713797 1.127476 -2.672989
v -1.714138 1.115628 -2.665695
v -1.714144 1.117872 -2.665935
v -1.714146 1.120087 -2.666639
v -1.714147 1.122174 -2.667764
v -1.714146 1.124089 -2.669254
v -1.714145 1.125821 -2.671057
v -1.714145 1.127364 -2.673141
v -1.714474 1.115628 -2.66635
v -1.71449 1.117894 -2.666635
v -1.714494 1.120129 -2.667383
v -1.714491 1.122192 -2.668527
v -1.714483 1.124027 -2.669977
v -1.714476 1.125646 -2.671675
v -1.714473 1.127068 -2.673595
v -1.714798 1.115628 -2.667428
v -1.714818 1.117892 -2.667765
v -1.71482 1.120103 -2.668532
v -1.714807 1.122111 -2.669644
v -1.714787 1.123847 -2.670993
v -1.714769 1.125345 -2.672533
v -1.714761 1.12664 -2.67426
v -1.715105 1.115628 -2.668912
v -1.715119 1.117883 -2.669263
v -1.715109 1.120049 -2.669992
v -1.71508 1.121984 -2.671
v -1.715043 1.123614 -2.672175
v -1.715011 1.124993 -2.673501
v -1.714995 1.126159 -2.675003
v -1.71539 1.115628 -2.670777
v -1.715391 1.117869 -2.671075
v -1.715363 1.119991 -2.671695
v -1.715315 1.121863 -2.672543
v -1.715259 1.123407 -2.673504
v -1.715209 1.124669 -2.674549
v -1.715181 1.125681 -2.675736
v -1.686325 0.922953 -2.691129
v -1.683709 0.939708 -2.691129
v -1.686325 0.939708 -2.665475
v -1.685984 0.923096 -2.691129
v -1.685648 0.923524 -2.691129
v -1.685324 0.924228 -2.691129
v -1.685017 0.925198 -2.691129
v -1.684733 0.926416 -2.691129
v -1.684475 0.92786 -2.691129
v -1.686325 0.923096 -2.687781
v -1.685975 0.923253 -2.687726
v -1.685629 0.923713 -2.687703
v -1.685303 0.924448 -2.687699
v -1.685004 0.925421 -2.687703
v -1.684734 0.926599 -2.687713
v -1.684493 0.92796 -2.687719
v -1.686325 0.923524 -2.684489
v -1.685972 0.923711 -2.684337
v -1.685623 0.924199 -2.68429
v -1.6853 0.924946 -2.684328
v -1.685014 0.925893 -2.684398
v -1.684761 0.927002 -2.684469
v -1.684539 0.928256 -2.684505
v -1.686325 0.924228 -2.681312
v -1.685972 0.924448 -2.681118
v -1.685627 0.92495 -2.681101
v -1.685313 0.925676 -2.68123
v -1.685042 0.926556 -2.68142
v -1.684808 0.927562 -2.681593
v -1.684606 0.92869 -2.681681
v -1.686325 0.925198 -2.678303
v -1.685973 0.925427 -2.678164
v -1.685635 0.925903 -2.678264
v -1.685333 0.926561 -2.67855
v -1.685078 0.927329 -2.678909
v -1.684863 0.928195 -2.679222
v -1.684681 0.929175 -2.679379
v -1.686325 0.926416 -2.675512
v -1.685976 0.92661 -2.675503
v -1.685644 0.927015 -2.675773
v -1.685352 0.927569 -2.676245
v -1.685111 0.928197 -2.67679
v -1.684914 0.928879 -2.677287
v -1.684756 0.929654 -2.677556
v -1.684815 0.930034 -2.676318
v -1.683731 0.939708 -2.687781
v -1.683798 0.939708 -2.684489
v -1.683908 0.939708 -2.681312
v -1.68406 0.939708 -2.678303
v -1.68425 0.939708 -2.675512
v -1.684475 0.939708 -2.672989
v -1.683731 0.937521 -2.691129
v -1.683756 0.937485 -2.687694
v -1.683828 0.93747 -2.684303
v -1.683943 0.937467 -2.681107
v -1.684094 0.93747 -2.678174
v -1.684278 0.937476 -2.675522
v -1.684491 0.93748 -2.67316
v -1.683798 0.935371 -2.691129
v -1.683827 0.935271 -2.687661
v -1.683904 0.935241 -2.684238
v -1.68402 0.935266 -2.681079
v -1.684168 0.935311 -2.678269
v -1.684341 0.935357 -2.675791
v -1.684537 0.935381 -2.673614
v -1.683908 0.933296 -2.691129
v -1.683943 0.933169 -2.687664
v -1.684021 0.933158 -2.684278
v -1.684134 0.933242 -2.681203
v -1.684272 0.933366 -2.678545
v -1.684429 0.93348 -2.676251
v -1.684605 0.933537 -2.674268
v -1.68406 0.931331 -2.691129
v -1.684095 0.93124 -2.687677
v -1.68417 0.931305 -2.684361
v -1.684273 0.931492 -2.681399
v -1.684392 0.931726 -2.678902
v -1.684528 0.931931 -2.676791
v -1.684681 0.932033 -2.675005
v -1.68425 0.929508 -2.691129
v -1.68428 0.929502 -2.687699
v -1.684343 0.929678 -2.684449
v -1.68443 0.929987 -2.681582
v -1.684528 0.930343 -2.679218
v -1.684634 0.930667 -2.677287
v -1.684756 0.930843 -2.675737
v -1.686325 0.937521 -2.665695
v -1.686325 0.935371 -2.66635
v -1.686325 0.933296 -2.667428
v -1.686325 0.931331 -2.668912
v -1.686325 0.929508 -2.670777
v -1.686325 0.92786 -2.672989
v -1.685984 0.939708 -2.665695
v -1.685978 0.937464 -2.665935
v -1.685976 0.935249 -2.666639
v -1.685976 0.933162 -2.667764
v -1.685976 0.931247 -2.669254
v -1.685977 0.929515 -2.671057
v -1.685978 0.927972 -2.673141
v -1.685648 0.939708 -2.66635
v -1.685633 0.937442 -2.666635
v -1.685628 0.935207 -2.667383
v -1.685632 0.933144 -2.668527
v -1.685639 0.931309 -2.669977
v -1.685646 0.92969 -2.671675
v -1.68565 0.928268 -2.673595
v -1.685324 0.939708 -2.667428
v -1.685304 0.937444 -2.667765
v -1.685303 0.935233 -2.668532
v -1.685316 0.933225 -2.669644
v -1.685335 0.931489 -2.670993
v -1.685353 0.929991 -2.672533
v -1.685362 0.928696 -2.67426
v -1.685017 0.939708 -2.668912
v -1.685003 0.937453 -2.669263
v -1.685013 0.935287 -2.669992
v -1.685043 0.933352 -2.671
v -1.685079 0.931722 -2.672175
v -1.685111 0.930343 -2.673501
v -1.685127 0.929177 -2.675003
v -1.684733 0.939708 -2.670777
v -1.684732 0.937467 -2.671075
v -1.684759 0.935345 -2.671695
v -1.684807 0.933473 -2.672543
v -1.684863 0.931928 -2.673504
v -1.684914 0.930667 -2.674549
v -1.684941 0.929655 -2.675736
v -1.686325 1.132383 -2.691129
v -1.686325 1.115628 -2.665475
v -1.683709 1.115628 -2.691129
v -1.686325 1.132239 -2.687781
v -1.686325 1.131812 -2.684489
v -1.686325 1.131107 -2.681312
v -1.686325 1.130138 -2.678303
v -1.686325 1.12892 -2.675512
v -1.686325 1.127476 -2.672989
v -1.685984 1.132239 -2.691129
v -1.685978 1.132082 -2.687694
v -1.685976 1.131623 -2.684303
v -1.685976 1.130888 -2.681107
v -1.685976 1.129915 -2.678174
v -1.685977 1.128737 -2.675522
v -1.685978 1.127376 -2.67316
v -1.685648 1.131812 -2.691129
v -1.685633 1.131625 -2.687661
v -1.685628 1.131137 -2.684238
v -1.685632 1.13039 -2.681079
v -1.685639 1.129443 -2.678269
v -1.685646 1.128334 -2.675791
v -1.68565 1.12708 -2.673614
v -1.685324 1.131107 -2.691129
v -1.685304 1.130888 -2.687664
v -1.685303 1.130386 -2.684278
v -1.685316 1.12966 -2.681203
v -1.685335 1.12878 -2.678545
v -1.685353 1.127774 -2.676251
v -1.685362 1.126646 -2.674268
v -1.685017 1.130138 -2.691129
v -1.685003 1.129909 -2.687677
v -1.685013 1.129433 -2.684361
v -1.685043 1.128775 -2.681399
v -1.685079 1.128007 -2.678902
v -1.685111 1.127141 -2.676791
v -1.685127 1.126161 -2.675005
v -1.684733 1.12892 -2.691129
v -1.684732 1.128726 -2.687699
v -1.684759 1.128321 -2.684449
v -1.684807 1.127767 -2.681582
v -1.684863 1.127139 -2.679218
v -1.684914 1.126457 -2.677287
v -1.684941 1.125682 -2.675737
v -1.684815 1.125302 -2.676318
v -1.685984 1.115628 -2.665695
v -1.685648 1.115628 -2.66635
v -1.685324 1.115628 -2.667428
v -1.685017 1.115628 -2.668912
v -1.684733 1.115628 -2.670777
v -1.684475 1.115628 -2.672989
v -1.686325 1.117815 -2.665695
v -1.685975 1.117851 -2.665935
v -1.685629 1.117866 -2.666639
v -1.685303 1.117869 -2.667764
v -1.685004 1.117866 -2.669254
v -1.684734 1.11786 -2.671057
v -1.684493 1.117856 -2.673141
v -1.686325 1.119965 -2.66635
v -1.685972 1.120065 -2.666635
v -1.685623 1.120095 -2.667383
v -1.6853 1.12007 -2.668527
v -1.685014 1.120025 -2.669977
v -1.684761 1.119979 -2.671675
v -1.684539 1.119955 -2.673595
v -1.686325 1.12204 -2.667428
v -1.685972 1.122167 -2.667765
v -1.685627 1.122178 -2.668532
v -1.685313 1.122093 -2.669644
v -1.685042 1.12197 -2.670993
v -1.684808 1.121856 -2.672533
v -1.684606 1.121799 -2.67426
v -1.686325 1.124005 -2.668912
v -1.685973 1.124096 -2.669263
v -1.685635 1.124031 -2.669992
v -1.685333 1.123844 -2.671
v -1.685078 1.12361 -2.672175
v -1.684863 1.123405 -2.673501
v -1.684681 1.123302 -2.675003
v -1.686325 1.125828 -2.670777
v -1.685976 1.125834 -2.671075
v -1.685644 1.125658 -2.671695
v -1.685352 1.125349 -2.672543
v -1.685111 1.124993 -2.673504
v -1.684914 1.124668 -2.674549
v -1.684756 1.124493 -2.675736
v -1.683731 1.117815 -2.691129
v -1.683798 1.119965 -2.691129
v -1.683908 1.12204 -2.691129
v -1.68406 1.124005 -2.691129
v -1.68425 1.125828 -2.691129
v -1.684475 1.127476 -2.691129
v -1.683731 1.115628 -2.687781
v -1.683756 1.117872 -2.687726
v -1.683828 1.120087 -2.687703
v -1.683943 1.122174 -2.687699
v -1.684094 1.124089 -2.687703
v -1.684278 1.125821 -2.687713
v -1.684491 1.127364 -2.687719
v -1.683798 1.115628 -2.684489
v -1.683827 1.117894 -2.684337
v -1.683904 1.120129 -2.68429
v -1.68402 1.122192 -2.684328
v -1.684168 1.124027 -2.684398
v -1.684341 1.125646 -2.684469
v -1.684537 1.127068 -2.684505
v -1.683908 1.115628 -2.681312
v -1.683943 1.117892 -2.681118
v -1.684021 1.120103 -2.681101
v -1.684134 1.122111 -2.68123
v -1.684272 1.123847 -2.68142
v -1.684429 1.125345 -2.681593
v -1.684605 1.12664 -2.681681
v -1.68406 1.115628 -2.678303
v -1.684095 1.117883 -2.678164
v -1.68417 1.120049 -2.678264
v -1.684273 1.121984 -2.67855
v -1.684392 1.123614 -2.678909
v -1.684528 1.124993 -2.679222
v -1.684681 1.126159 -2.679379
v -1.68425 1.115628 -2.675512
v -1.68428 1.117869 -2.675503
v -1.684343 1.119991 -2.675773
v -1.68443 1.121863 -2.676245
v -1.684528 1.123407 -2.67679
v -1.684634 1.124669 -2.677287
v -1.684756 1.125681 -2.677556
v -1.718388 0.957099 -2.887522
v -1.720405 0.968693 -2.887522
v -1.718388 0.968693 -2.898982
v -1.718651 0.957199 -2.887522
v -1.71891 0.957494 -2.887522
v -1.71916 0.957982 -2.887522
v -1.719396 0.958652 -2.887522
v -1.719616 0.959495 -2.887522
v -1.719814 0.960495 -2.887522
v -1.718388 0.957199 -2.889018
v -1.718658 0.957307 -2.889042
v -1.718925 0.957625 -2.889053
v -1.719176 0.958134 -2.889055
v -1.719406 0.958807 -2.889053
v -1.719615 0.959622 -2.889049
v -1.719801 0.960564 -2.889046
v -1.718388 0.957494 -2.890488
v -1.71866 0.957624 -2.890557
v -1.71893 0.957962 -2.890578
v -1.719178 0.958479 -2.890561
v -1.719399 0.959134 -2.890529
v -1.719594 0.959901 -2.890498
v -1.719765 0.960769 -2.890482
v -1.718388 0.957982 -2.891908
v -1.71866 0.958134 -2.891994
v -1.718926 0.958481 -2.892002
v -1.719168 0.958983 -2.891944
v -1.719377 0.959593 -2.89186
v -1.719558 0.960289 -2.891782
v -1.719713 0.961069 -2.891743
v -1.718388 0.958652 -2.893252
v -1.718659 0.958811 -2.893314
v -1.71892 0.95914 -2.893269
v -1.719153 0.959596 -2.893142
v -1.719349 0.960127 -2.892981
v -1.719515 0.960726 -2.892841
v -1.719656 0.961405 -2.892771
v -1.718388 0.959495 -2.894499
v -1.718657 0.95963 -2.894503
v -1.718913 0.95991 -2.894382
v -1.719138 0.960294 -2.894171
v -1.719324 0.960728 -2.893928
v -1.719476 0.9612 -2.893706
v -1.719598 0.961736 -2.893586
v -1.719552 0.961999 -2.894139
v -1.720388 0.968693 -2.889018
v -1.720336 0.968693 -2.890488
v -1.720251 0.968693 -2.891908
v -1.720135 0.968693 -2.893252
v -1.719988 0.968693 -2.894499
v -1.719814 0.968693 -2.895625
v -1.720388 0.96718 -2.887522
v -1.720369 0.967155 -2.889057
v -1.720313 0.967145 -2.890572
v -1.720225 0.967143 -2.891999
v -1.720108 0.967144 -2.893309
v -1.719966 0.967149 -2.894494
v -1.719802 0.967152 -2.895549
v -1.720336 0.965692 -2.887522
v -1.720314 0.965623 -2.889072
v -1.720255 0.965602 -2.890601
v -1.720165 0.965619 -2.892012
v -1.720051 0.965651 -2.893267
v -1.719917 0.965683 -2.894374
v -1.719766 0.965699 -2.895346
v -1.720251 0.964256 -2.887522
v -1.720225 0.964169 -2.889071
v -1.720164 0.964161 -2.890583
v -1.720077 0.964219 -2.891956
v -1.719971 0.964305 -2.893144
v -1.71985 0.964383 -2.894168
v -1.719714 0.964423 -2.895054
v -1.720135 0.962896 -2.887522
v -1.720107 0.962834 -2.889064
v -1.72005 0.962879 -2.890546
v -1.71997 0.963008 -2.891869
v -1.719878 0.96317 -2.892984
v -1.719774 0.963312 -2.893927
v -1.719656 0.963383 -2.894725
v -1.719988 0.961635 -2.887522
v -1.719965 0.961631 -2.889055
v -1.719916 0.961753 -2.890506
v -1.719849 0.961966 -2.891787
v -1.719774 0.962213 -2.892843
v -1.719691 0.962437 -2.893706
v -1.719598 0.962559 -2.894398
v -1.718388 0.96718 -2.898884
v -1.718388 0.965692 -2.898591
v -1.718388 0.964256 -2.898109
v -1.718388 0.962896 -2.897447
v -1.718388 0.961635 -2.896614
v -1.718388 0.960495 -2.895625
v -1.718651 0.968693 -2.898884
v -1.718655 0.96714 -2.898777
v -1.718657 0.965608 -2.898462
v -1.718657 0.964164 -2.897959
v -1.718657 0.962838 -2.897294
v -1.718656 0.96164 -2.896488
v -1.718656 0.960572 -2.895558
v -1.71891 0.968693 -2.898591
v -1.718922 0.967125 -2.898464
v -1.718925 0.965579 -2.898129
v -1.718922 0.964151 -2.897619
v -1.718917 0.962881 -2.896971
v -1.718912 0.961761 -2.896213
v -1.718909 0.960777 -2.895355
v -1.71916 0.968693 -2.898109
v -1.719175 0.967127 -2.897959
v -1.719176 0.965597 -2.897616
v -1.719166 0.964207 -2.89712
v -1.719151 0.963006 -2.896517
v -1.719138 0.961969 -2.895829
v -1.719131 0.961073 -2.895058
v -1.719396 0.968693 -2.897447
v -1.719407 0.967133 -2.89729
v -1.719399 0.965634 -2.896964
v -1.719377 0.964295 -2.896514
v -1.719349 0.963167 -2.895989
v -1.719324 0.962213 -2.895397
v -1.719312 0.961406 -2.894726
v -1.719616 0.968693 -2.896614
v -1.719616 0.967143 -2.89648
v -1.719595 0.965674 -2.896204
v -1.719558 0.964378 -2.895825
v -1.719515 0.96331 -2.895395
v -1.719476 0.962437 -2.894929
v -1.719455 0.961737 -2.894398
v -1.720405 1.090426 -2.887522
v -1.718388 1.102019 -2.887522
v -1.718388 1.090426 -2.898982
v -1.720388 1.091939 -2.887522
v -1.720336 1.093426 -2.887522
v -1.720251 1.094862 -2.887522
v -1.720135 1.096222 -2.887522
v -1.719988 1.097484 -2.887522
v -1.719814 1.098624 -2.887522
v -1.720388 1.090426 -2.889018
v -1.720369 1.091978 -2.889042
v -1.720313 1.093511 -2.889053
v -1.720225 1.094955 -2.889055
v -1.720108 1.09628 -2.889053
v -1.719966 1.097479 -2.889049
v -1.719802 1.098547 -2.889046
v -1.720336 1.090426 -2.890488
v -1.720314 1.091993 -2.890557
v -1.720255 1.09354 -2.890578
v -1.720165 1.094968 -2.890561
v -1.720051 1.096237 -2.890529
v -1.719917 1.097358 -2.890498
v -1.719766 1.098341 -2.890482
v -1.720251 1.090426 -2.891908
v -1.720225 1.091992 -2.891994
v -1.720164 1.093522 -2.892002
v -1.720077 1.094912 -2.891944
v -1.719971 1.096113 -2.89186
v -1.71985 1.097149 -2.891782
v -1.719714 1.098045 -2.891743
v -1.720135 1.090426 -2.893252
v -1.720107 1.091986 -2.893314
v -1.72005 1.093484 -2.893269
v -1.71997 1.094823 -2.893142
v -1.719878 1.095951 -2.892981
v -1.719774 1.096905 -2.892841
v -1.719656 1.097713 -2.892771
v -1.719988 1.090426 -2.894499
v -1.719965 1.091976 -2.894503
v -1.719916 1.093444 -2.894382
v -1.719849 1.09474 -2.894171
v -1.719774 1.095809 -2.893928
v -1.719691 1.096681 -2.893706
v -1.719598 1.097382 -2.893586
v -1.719552 1.097119 -2.894139
v -1.718388 1.10192 -2.889018
v -1.718388 1.101624 -2.890488
v -1.718388 1.101137 -2.891908
v -1.718388 1.100466 -2.893252
v -1.718388 1.099623 -2.894499
v -1.718388 1.098624 -2.895625
v -1.718651 1.10192 -2.887522
v -1.718655 1.101811 -2.889057
v -1.718657 1.101493 -2.890572
v -1.718657 1.100985 -2.891999
v -1.718657 1.100312 -2.893309
v -1.718656 1.099496 -2.894494
v -1.718656 1.098555 -2.895549
v -1.71891 1.101624 -2.887522
v -1.718922 1.101495 -2.889072
v -1.718925 1.101157 -2.890601
v -1.718922 1.10064 -2.892012
v -1.718917 1.099985 -2.893267
v -1.718912 1.099218 -2.894374
v -1.718909 1.09835 -2.895346
v -1.71916 1.101137 -2.887522
v -1.719175 1.100985 -2.889071
v -1.719176 1.100638 -2.890583
v -1.719166 1.100135 -2.891956
v -1.719151 1.099526 -2.893144
v -1.719138 1.09883 -2.894168
v -1.719131 1.098049 -2.895054
v -1.719396 1.100466 -2.887522
v -1.719407 1.100307 -2.889064
v -1.719399 1.099978 -2.890546
v -1.719377 1.099523 -2.891869
v -1.719349 1.098992 -2.892984
v -1.719324 1.098392 -2.893927
v -1.719312 1.097714 -2.894725
v -1.719616 1.099623 -2.887522
v -1.719616 1.099488 -2.889055
v -1.719595 1.099208 -2.890506
v -1.719558 1.098825 -2.891787
v -1.719515 1.098391 -2.892843
v -1.719476 1.097919 -2.893706
v -1.719455 1.097382 -2.894398
v -1.718651 1.090426 -2.898884
v -1.71891 1.090426 -2.898591
v -1.71916 1.090426 -2.898109
v -1.719396 1.090426 -2.897447
v -1.719616 1.090426 -2.896614
v -1.719814 1.090426 -2.895625
v -1.718388 1.091939 -2.898884
v -1.718658 1.091964 -2.898777
v -1.718925 1.091974 -2.898462
v -1.719176 1.091976 -2.897959
v -1.719406 1.091974 -2.897294
v -1.719615 1.09197 -2.896488
v -1.719801 1.091967 -2.895558
v -1.718388 1.093426 -2.898591
v -1.71866 1.093495 -2.898464
v -1.71893 1.093516 -2.898129
v -1.719178 1.093499 -2.897619
v -1.719399 1.093468 -2.896971
v -1.719594 1.093436 -2.896213
v -1.719765 1.09342 -2.895355
v -1.718388 1.094862 -2.898109
v -1.71866 1.09495 -2.897959
v -1.718926 1.094957 -2.897616
v -1.719168 1.094899 -2.89712
v -1.719377 1.094814 -2.896517
v -1.719558 1.094735 -2.895829
v -1.719713 1.094696 -2.895058
v -1.718388 1.096222 -2.897447
v -1.718659 1.096285 -2.89729
v -1.71892 1.09624 -2.896964
v -1.719153 1.096111 -2.896514
v -1.719349 1.095948 -2.895989
v -1.719515 1.095807 -2.895397
v -1.719656 1.095736 -2.894726
v -1.718388 1.097484 -2.896614
v -1.718657 1.097488 -2.89648
v -1.718913 1.097366 -2.896204
v -1.719138 1.097152 -2.895825
v -1.719324 1.096906 -2.895395
v -1.719476 1.096681 -2.894929
v -1.719598 1.09656 -2.894398
v -1.697209 0.957099 -2.887522
v -1.697209 0.968693 -2.898982
v -1.695192 0.968693 -2.887522
v -1.697209 0.957199 -2.889018
v -1.697209 0.957494 -2.890488
v -1.697209 0.957982 -2.891908
v -1.697209 0.958652 -2.893252
v -1.697209 0.959495 -2.894499
v -1.697209 0.960495 -2.895625
v -1.696946 0.957199 -2.887522
v -1.696942 0.957307 -2.889057
v -1.69694 0.957625 -2.890572
v -1.696939 0.958134 -2.891999
v -1.69694 0.958807 -2.893309
v -1.696941 0.959622 -2.894494
v -1.696941 0.960564 -2.895549
v -1.696687 0.957494 -2.887522
v -1.696675 0.957624 -2.889072
v -1.696671 0.957962 -2.890601
v -1.696674 0.958479 -2.892012
v -1.69668 0.959134 -2.893267
v -1.696685 0.959901 -2.894374
v -1.696688 0.960769 -2.895346
v -1.696437 0.957982 -2.887522
v -1.696422 0.958134 -2.889071
v -1.696421 0.958481 -2.890583
v -1.696431 0.958983 -2.891956
v -1.696446 0.959593 -2.893144
v -1.696459 0.960289 -2.894168
v -1.696466 0.961069 -2.895054
v -1.696201 0.958652 -2.887522
v -1.69619 0.958811 -2.889064
v -1.696198 0.95914 -2.890546
v -1.69622 0.959596 -2.891869
v -1.696248 0.960127 -2.892984
v -1.696273 0.960726 -2.893927
v -1.696285 0.961405 -2.894725
v -1.695981 0.959495 -2.887522
v -1.695981 0.95963 -2.889055
v -1.696002 0.95991 -2.890506
v -1.696039 0.960294 -2.891787
v -1.696082 0.960728 -2.892843
v -1.696121 0.9612 -2.893706
v -1.696142 0.961736 -2.894398
v -1.696045 0.961999 -2.894139
v -1.696946 0.968693 -2.898884
v -1.696687 0.968693 -2.898591
v -1.696437 0.968693 -2.898109
v -1.696201 0.968693 -2.897447
v -1.695981 0.968693 -2.896614
v -1.695783 0.968693 -2.895625
v -1.697209 0.96718 -2.898884
v -1.696939 0.967155 -2.898777
v -1.696673 0.967145 -2.898462
v -1.696421 0.967143 -2.897959
v -1.696191 0.967144 -2.897294
v -1.695982 0.967149 -2.896488
v -1.695796 0.967152 -2.895558
v -1.697209 0.965692 -2.898591
v -1.696936 0.965623 -2.898464
v -1.696667 0.965602 -2.898129
v -1.696419 0.965619 -2.897619
v -1.696198 0.965651 -2.896971
v -1.696003 0.965683 -2.896213
v -1.695832 0.965699 -2.895355
v -1.697209 0.964256 -2.898109
v -1.696937 0.964169 -2.897959
v -1.696671 0.964161 -2.897616
v -1.696429 0.964219 -2.89712
v -1.69622 0.964305 -2.896517
v -1.696039 0.964383 -2.895829
v -1.695884 0.964423 -2.895058
v -1.697209 0.962896 -2.897447
v -1.696938 0.962834 -2.89729
v -1.696677 0.962879 -2.896964
v -1.696444 0.963008 -2.896514
v -1.696248 0.96317 -2.895989
v -1.696082 0.963312 -2.895397
v -1.695941 0.963383 -2.894726
v -1.697209 0.961635 -2.896614
v -1.696939 0.961631 -2.89648
v -1.696684 0.961753 -2.896204
v -1.696459 0.961966 -2.895825
v -1.696273 0.962213 -2.895395
v -1.696121 0.962437 -2.894929
v -1.695999 0.962559 -2.894398
v -1.695209 0.96718 -2.887522
v -1.695261 0.965692 -2.887522
v -1.695346 0.964256 -2.887522
v -1.695462 0.962896 -2.887522
v -1.695609 0.961635 -2.887522
v -1.695783 0.960495 -2.887522
v -1.695209 0.968693 -2.889018
v -1.695228 0.96714 -2.889042
v -1.695284 0.965608 -2.889053
v -1.695372 0.964164 -2.889055
v -1.695489 0.962838 -2.889053
v -1.695631 0.96164 -2.889049
v -1.695795 0.960572 -2.889046
v -1.695261 0.968693 -2.890488
v -1.695283 0.967125 -2.890557
v -1.695342 0.965579 -2.890578
v -1.695432 0.964151 -2.890561
v -1.695546 0.962881 -2.890529
v -1.69568 0.961761 -2.890498
v -1.695831 0.960777 -2.890482
v -1.695346 0.968693 -2.891908
v -1.695372 0.967127 -2.891994
v -1.695433 0.965597 -2.892002
v -1.69552 0.964207 -2.891944
v -1.695626 0.963006 -2.89186
v -1.695747 0.961969 -2.891782
v -1.695883 0.961073 -2.891743
v -1.695462 0.968693 -2.893252
v -1.69549 0.967133 -2.893314
v -1.695547 0.965634 -2.893269
v -1.695626 0.964295 -2.893142
v -1.695719 0.963167 -2.892981
v -1.695823 0.962213 -2.892841
v -1.695941 0.961406 -2.892771
v -1.695609 0.968693 -2.894499
v -1.695632 0.967143 -2.894503
v -1.695681 0.965674 -2.894382
v -1.695748 0.964378 -2.894171
v -1.695823 0.96331 -2.893928
v -1.695906 0.962437 -2.893706
v -1.695999 0.961737 -2.893586
v -1.697209 1.102019 -2.887522
v -1.695192 1.090426 -2.887522
v -1.697209 1.090426 -2.898982
v -1.696946 1.10192 -2.887522
v -1.696687 1.101624 -2.887522
v -1.696437 1.101137 -2.887522
v -1.696201 1.100466 -2.887522
v -1.695981 1.099623 -2.887522
v -1.695783 1.098624 -2.887522
v -1.697209 1.10192 -2.889018
v -1.696939 1.101811 -2.889042
v -1.696673 1.101493 -2.889053
v -1.696421 1.100985 -2.889055
v -1.696191 1.100312 -2.889053
v -1.695982 1.099496 -2.889049
v -1.695796 1.098555 -2.889046
v -1.697209 1.101624 -2.890488
v -1.696936 1.101495 -2.890557
v -1.696667 1.101157 -2.890578
v -1.696419 1.10064 -2.890561
v -1.696198 1.099985 -2.890529
v -1.696003 1.099218 -2.890498
v -1.695832 1.09835 -2.890482
v -1.697209 1.101137 -2.891908
v -1.696937 1.100985 -2.891994
v -1.696671 1.100638 -2.892002
v -1.696429 1.100135 -2.891944
v -1.69622 1.099526 -2.89186
v -1.696039 1.09883 -2.891782
v -1.695884 1.098049 -2.891743
v -1.697209 1.100466 -2.893252
v -1.696938 1.100307 -2.893314
v -1.696677 1.099978 -2.893269
v -1.696444 1.099523 -2.893142
v -1.696248 1.098992 -2.892981
v -1.696082 1.098392 -2.892841
v -1.695941 1.097714 -2.892771
v -1.697209 1.099623 -2.894499
v -1.696939 1.099488 -2.894503
v -1.696684 1.099208 -2.894382
v -1.696459 1.098825 -2.894171
v -1.696273 1.098391 -2.893928
v -1.696121 1.097919 -2.893706
v -1.695999 1.097382 -2.893586
v -1.696045 1.097119 -2.894139
v -1.695209 1.090426 -2.889018
v -1.695261 1.090426 -2.890488
v -1.695346 1.090426 -2.891908
v -1.695462 1.090426 -2.893252
v -1.695609 1.090426 -2.894499
v -1.695783 1.090426 -2.895625
v -1.695209 1.091939 -2.887522
v -1.695228 1.091964 -2.889057
v -1.695284 1.091974 -2.890572
v -1.695372 1.091976 -2.891999
v -1.695489 1.091974 -2.893309
v -1.695631 1.09197 -2.894494
v -1.695795 1.091967 -2.895549
v -1.695261 1.093426 -2.887522
v -1.695283 1.093495 -2.889072
v -1.695342 1.093516 -2.890601
v -1.695432 1.093499 -2.892012
v -1.695546 1.093468 -2.893267
v -1.69568 1.093436 -2.894374
v -1.695831 1.09342 -2.895346
v -1.695346 1.094862 -2.887522
v -1.695372 1.09495 -2.889071
v -1.695433 1.094957 -2.890583
v -1.69552 1.094899 -2.891956
v -1.695626 1.094814 -2.893144
v -1.695747 1.094735 -2.894168
v -1.695883 1.094696 -2.895054
v -1.695462 1.096222 -2.887522
v -1.69549 1.096285 -2.889064
v -1.695547 1.09624 -2.890546
v -1.695626 1.096111 -2.891869
v -1.695719 1.095948 -2.892984
v -1.695823 1.095807 -2.893927
v -1.695941 1.095736 -2.894725
v -1.695609 1.097484 -2.887522
v -1.695632 1.097488 -2.889055
v -1.695681 1.097366 -2.890506
v -1.695748 1.097152 -2.891787
v -1.695823 1.096906 -2.892843
v -1.695906 1.096681 -2.893706
v -1.695999 1.09656 -2.894398
v -1.697209 1.091939 -2.898884
v -1.697209 1.093426 -2.898591
v -1.697209 1.094862 -2.898109
v -1.697209 1.096222 -2.897447
v -1.697209 1.097484 -2.896614
v -1.697209 1.098624 -2.895625
v -1.696946 1.090426 -2.898884
v -1.696942 1.091978 -2.898777
v -1.69694 1.093511 -2.898462
v -1.696939 1.094955 -2.897959
v -1.69694 1.09628 -2.897294
v -1.696941 1.097479 -2.896488
v -1.696941 1.098547 -2.895558
v -1.696687 1.090426 -2.898591
v -1.696675 1.091993 -2.898464
v -1.696671 1.09354 -2.898129
v -1.696674 1.094968 -2.897619
v -1.69668 1.096237 -2.896971
v -1.696685 1.097358 -2.896213
v -1.696688 1.098341 -2.895355
v -1.696437 1.090426 -2.898109
v -1.696422 1.091992 -2.897959
v -1.696421 1.093522 -2.897616
v -1.696431 1.094912 -2.89712
v -1.696446 1.096113 -2.896517
v -1.696459 1.097149 -2.895829
v -1.696466 1.098045 -2.895058
v -1.696201 1.090426 -2.897447
v -1.69619 1.091986 -2.89729
v -1.696198 1.093484 -2.896964
v -1.69622 1.094823 -2.896514
v -1.696248 1.095951 -2.895989
v -1.696273 1.096905 -2.895397
v -1.696285 1.097713 -2.894726
v -1.695981 1.090426 -2.896614
v -1.695981 1.091976 -2.89648
v -1.696002 1.093444 -2.896204
v -1.696039 1.09474 -2.895825
v -1.696082 1.095809 -2.895395
v -1.696121 1.096681 -2.894929
v -1.696142 1.097382 -2.894398
v -1.718388 0.957099 -2.767198
v -1.718388 0.968693 -2.755739
v -1.720405 0.968693 -2.767198
v -1.718388 0.957199 -2.765703
v -1.718388 0.957494 -2.764232
v -1.718388 0.957982 -2.762813
v -1.718388 0.958652 -2.761469
v -1.718388 0.959495 -2.760222
v -1.718388 0.960495 -2.759095
v -1.718651 0.957199 -2.767198
v -1.718655 0.957307 -2.765664
v -1.718657 0.957625 -2.764149
v -1.718657 0.958134 -2.762722
v -1.718657 0.958807 -2.761411
v -1.718656 0.959622 -2.760227
v -1.718656 0.960564 -2.759171
v -1.71891 0.957494 -2.767198
v -1.718922 0.957624 -2.765649
v -1.718925 0.957962 -2.76412
v -1.718922 0.958479 -2.762709
v -1.718917 0.959134 -2.761454
v -1.718912 0.959901 -2.760347
v -1.718909 0.960769 -2.759374
v -1.71916 0.957982 -2.767198
v -1.719175 0.958134 -2.76565
v -1.719176 0.958481 -2.764138
v -1.719166 0.958983 -2.762764
v -1.719151 0.959593 -2.761577
v -1.719138 0.960289 -2.760552
v -1.719131 0.961069 -2.759667
v -1.719396 0.958652 -2.767198
v -1.719407 0.958811 -2.765656
v -1.719399 0.95914 -2.764175
v -1.719377 0.959596 -2.762852
v -1.719349 0.960127 -2.761737
v -1.719324 0.960726 -2.760793
v -1.719312 0.961405 -2.759996
v -1.719616 0.959495 -2.767198
v -1.719616 0.95963 -2.765666
v -1.719595 0.95991 -2.764215
v -1.719558 0.960294 -2.762934
v -1.719515 0.960728 -2.761878
v -1.719476 0.9612 -2.761015
v -1.719455 0.961736 -2.760323
v -1.719552 0.961999 -2.760582
v -1.718651 0.968693 -2.755837
v -1.71891 0.968693 -2.75613
v -1.71916 0.968693 -2.756611
v -1.719396 0.968693 -2.757274
v -1.719616 0.968693 -2.758107
v -1.719814 0.968693 -2.759095
v -1.718388 0.96718 -2.755837
v -1.718658 0.967155 -2.755944
v -1.718924 0.967145 -2.756258
v -1.719176 0.967143 -2.756762
v -1.719406 0.967144 -2.757427
v -1.719615 0.967149 -2.758233
v -1.719801 0.967152 -2.759163
v -1.718388 0.965692 -2.75613
v -1.71866 0.965623 -2.756257
v -1.71893 0.965602 -2.756591
v -1.719178 0.965619 -2.757102
v -1.719399 0.965651 -2.75775
v -1.719594 0.965683 -2.758508
v -1.719765 0.965699 -2.759366
v -1.718388 0.964256 -2.756611
v -1.71866 0.964169 -2.756762
v -1.718926 0.964161 -2.757104
v -1.719168 0.964219 -2.757601
v -1.719377 0.964305 -2.758204
v -1.719558 0.964383 -2.758892
v -1.719713 0.964423 -2.759663
v -1.718388 0.962896 -2.757274
v -1.718659 0.962834 -2.757431
v -1.71892 0.962879 -2.757756
v -1.719153 0.963008 -2.758207
v -1.719349 0.96317 -2.758732
v -1.719515 0.963312 -2.759324
v -1.719656 0.963383 -2.759995
v -1.718388 0.961635 -2.758107
v -1.718657 0.961631 -2.75824
v -1.718913 0.961753 -2.758517
v -1.719138 0.961966 -2.758896
v -1.719324 0.962213 -2.759326
v -1.719476 0.962437 -2.759792
v -1.719598 0.962559 -2.760322
v -1.720388 0.96718 -2.767198
v -1.720336 0.965692 -2.767198
v -1.720251 0.964256 -2.767198
v -1.720135 0.962896 -2.767198
v -1.719988 0.961635 -2.767198
v -1.719814 0.960495 -2.767198
v -1.720388 0.968693 -2.765703
v -1.720369 0.96714 -2.765678
v -1.720313 0.965608 -2.765668
v -1.720225 0.964164 -2.765666
v -1.720108 0.962838 -2.765668
v -1.719966 0.96164 -2.765672
v -1.719802 0.960572 -2.765675
v -1.720336 0.968693 -2.764232
v -1.720314 0.967125 -2.764164
v -1.720255 0.965579 -2.764143
v -1.720165 0.964151 -2.76416
v -1.720051 0.962881 -2.764191
v -1.719917 0.961761 -2.764223
v -1.719766 0.960777 -2.764239
v -1.720251 0.968693 -2.762813
v -1.720225 0.967127 -2.762727
v -1.720164 0.965597 -2.762719
v -1.720077 0.964207 -2.762777
v -1.719971 0.963006 -2.762861
v -1.71985 0.961969 -2.762939
v -1.719714 0.961073 -2.762978
v -1.720135 0.968693 -2.761469
v -1.720107 0.967133 -2.761407
v -1.72005 0.965634 -2.761451
v -1.71997 0.964295 -2.761579
v -1.719878 0.963167 -2.761739
v -1.719774 0.962213 -2.761879
v -1.719656 0.961406 -2.76195
v -1.719988 0.968693 -2.760222
v -1.719965 0.967143 -2.760218
v -1.719916 0.965674 -2.760339
v -1.719849 0.964378 -2.76055
v -1.719774 0.96331 -2.760793
v -1.719691 0.962437 -2.761015
v -1.719598 0.961737 -2.761135
v -1.718388 1.102019 -2.767198
v -1.720405 1.090426 -2.767198
v -1.718388 1.090426 -2.755739
v -1.718651 1.10192 -2.767198
v -1.71891 1.101624 -2.767198
v -1.71916 1.101137 -2.767198
v -1.719396 1.100466 -2.767198
v -1.719616 1.099623 -2.767198
v -1.719814 1.098624 -2.767198
v -1.718388 1.10192 -2.765703
v -1.718658 1.101811 -2.765678
v -1.718924 1.101493 -2.765668
v -1.719176 1.100985 -2.765666
v -1.719406 1.100312 -2.765668
v -1.719615 1.099496 -2.765672
v -1.719801 1.098555 -2.765675
v -1.718388 1.101624 -2.764232
v -1.71866 1.101495 -2.764164
v -1.71893 1.101157 -2.764143
v -1.719178 1.10064 -2.76416
v -1.719399 1.099985 -2.764191
v -1.719594 1.099218 -2.764223
v -1.719765 1.09835 -2.764239
v -1.718388 1.101137 -2.762813
v -1.71866 1.100985 -2.762727
v -1.718926 1.100638 -2.762719
v -1.719168 1.100135 -2.762777
v -1.719377 1.099526 -2.762861
v -1.719558 1.09883 -2.762939
v -1.719713 1.098049 -2.762978
v -1.718388 1.100466 -2.761469
v -1.718659 1.100307 -2.761407
v -1.71892 1.099978 -2.761451
v -1.719153 1.099523 -2.761579
v -1.719349 1.098992 -2.761739
v -1.719515 1.098392 -2.761879
v -1.719656 1.097714 -2.76195
v -1.718388 1.099623 -2.760222
v -1.718657 1.099488 -2.760218
v -1.718913 1.099208 -2.760339
v -1.719138 1.098825 -2.76055
v -1.719324 1.098391 -2.760793
v -1.719476 1.097919 -2.761015
v -1.719598 1.097382 -2.761135
v -1.719552 1.097119 -2.760582
v -1.720388 1.090426 -2.765703
v -1.720336 1.090426 -2.764232
v -1.720251 1.090426 -2.762813
v -1.720135 1.090426 -2.761469
v -1.719988 1.090426 -2.760222
v -1.719814 1.090426 -2.759095
v -1.720388 1.091939 -2.767198
v -1.720369 1.091964 -2.765664
v -1.720313 1.091974 -2.764149
v -1.720225 1.091976 -2.762722
v -1.720108 1.091974 -2.761411
v -1.719966 1.09197 -2.760227
v -1.719802 1.091967 -2.759171
v -1.720336 1.093426 -2.767198
v -1.720314 1.093495 -2.765649
v -1.720255 1.093516 -2.76412
v -1.720165 1.093499 -2.762709
v -1.720051 1.093468 -2.761454
v -1.719917 1.093436 -2.760347
v -1.719766 1.09342 -2.759374
v -1.720251 1.094862 -2.767198
v -1.720225 1.09495 -2.76565
v -1.720164 1.094957 -2.764138
v -1.720077 1.094899 -2.762764
v -1.719971 1.094814 -2.761577
v -1.71985 1.094735 -2.760552
v -1.719714 1.094696 -2.759667
v -1.720135 1.096222 -2.767198
v -1.720107 1.096285 -2.765656
v -1.72005 1.09624 -2.764175
v -1.71997 1.096111 -2.762852
v -1.719878 1.095948 -2.761737
v -1.719774 1.095807 -2.760793
v -1.719656 1.095736 -2.759996
v -1.719988 1.097484 -2.767198
v -1.719965 1.097488 -2.765666
v -1.719916 1.097366 -2.764215
v -1.719849 1.097152 -2.762934
v -1.719774 1.096906 -2.761878
v -1.719691 1.096681 -2.761015
v -1.719598 1.09656 -2.760323
v -1.718388 1.091939 -2.755837
v -1.718388 1.093426 -2.75613
v -1.718388 1.094862 -2.756611
v -1.718388 1.096222 -2.757274
v -1.718388 1.097484 -2.758107
v -1.718388 1.098624 -2.759095
v -1.718651 1.090426 -2.755837
v -1.718655 1.091978 -2.755944
v -1.718657 1.093511 -2.756258
v -1.718657 1.094955 -2.756762
v -1.718657 1.09628 -2.757427
v -1.718656 1.097479 -2.758233
v -1.718656 1.098547 -2.759163
v -1.71891 1.090426 -2.75613
v -1.718922 1.091993 -2.756257
v -1.718925 1.09354 -2.756591
v -1.718922 1.094968 -2.757102
v -1.718917 1.096237 -2.75775
v -1.718912 1.097358 -2.758508
v -1.718909 1.098341 -2.759366
v -1.71916 1.090426 -2.756611
v -1.719175 1.091992 -2.756762
v -1.719176 1.093522 -2.757104
v -1.719166 1.094912 -2.757601
v -1.719151 1.096113 -2.758204
v -1.719138 1.097149 -2.758892
v -1.719131 1.098045 -2.759663
v -1.719396 1.090426 -2.757274
v -1.719407 1.091986 -2.757431
v -1.719399 1.093484 -2.757756
v -1.719377 1.094823 -2.758207
v -1.719349 1.095951 -2.758732
v -1.719324 1.096905 -2.759324
v -1.719312 1.097713 -2.759995
v -1.719616 1.090426 -2.758107
v -1.719616 1.091976 -2.75824
v -1.719595 1.093444 -2.758517
v -1.719558 1.09474 -2.758896
v -1.719515 1.095809 -2.759326
v -1.719476 1.096681 -2.759792
v -1.719455 1.097382 -2.760322
v -1.697209 0.957099 -2.767198
v -1.695192 0.968693 -2.767198
v -1.697209 0.968693 -2.755739
v -1.696946 0.957199 -2.767198
v -1.696687 0.957494 -2.767198
v -1.696437 0.957982 -2.767198
v -1.696201 0.958652 -2.767198
v -1.695981 0.959495 -2.767198
v -1.695783 0.960495 -2.767198
v -1.697209 0.957199 -2.765703
v -1.696939 0.957307 -2.765678
v -1.696672 0.957625 -2.765668
v -1.696421 0.958134 -2.765666
v -1.696191 0.958807 -2.765668
v -1.695982 0.959622 -2.765672
v -1.695796 0.960564 -2.765675
v -1.697209 0.957494 -2.764232
v -1.696936 0.957624 -2.764164
v -1.696667 0.957962 -2.764143
v -1.696419 0.958479 -2.76416
v -1.696198 0.959134 -2.764191
v -1.696003 0.959901 -2.764223
v -1.695832 0.960769 -2.764239
v -1.697209 0.957982 -2.762813
v -1.696937 0.958134 -2.762727
v -1.696671 0.958481 -2.762719
v -1.696429 0.958983 -2.762777
v -1.69622 0.959593 -2.762861
v -1.696039 0.960289 -2.762939
v -1.695884 0.961069 -2.762978
v -1.697209 0.958652 -2.761469
v -1.696938 0.958811 -2.761407
v -1.696677 0.95914 -2.761451
v -1.696444 0.959596 -2.761579
v -1.696248 0.960127 -2.761739
v -1.696082 0.960726 -2.761879
v -1.695941 0.961405 -2.76195
v -1.697209 0.959495 -2.760222
v -1.696939 0.95963 -2.760218
v -1.696684 0.95991 -2.760339
v -1.696459 0.960294 -2.76055
v -1.696273 0.960728 -2.760793
v -1.696121 0.9612 -2.761015
v -1.695999 0.961736 -2.761135
v -1.696045 0.961999 -2.760582
v -1.695209 0.968693 -2.765703
v -1.695261 0.968693 -2.764232
v -1.695346 0.968693 -2.762813
v -1.695462 0.968693 -2.761469
v -1.695609 0.968693 -2.760222
v -1.695783 0.968693 -2.759095
v -1.695209 0.96718 -2.767198
v -1.695228 0.967155 -2.765664
v -1.695284 0.967145 -2.764149
v -1.695372 0.967143 -2.762722
v -1.695489 0.967144 -2.761411
v -1.695631 0.967149 -2.760227
v -1.695795 0.967152 -2.759171
v -1.695261 0.965692 -2.767198
v -1.695283 0.965623 -2.765649
v -1.695342 0.965602 -2.76412
v -1.695432 0.965619 -2.762709
v -1.695546 0.965651 -2.761454
v -1.69568 0.965683 -2.760347
v -1.695831 0.965699 -2.759374
v -1.695346 0.964256 -2.767198
v -1.695372 0.964169 -2.76565
v -1.695433 0.964161 -2.764138
v -1.69552 0.964219 -2.762764
v -1.695626 0.964305 -2.761577
v -1.695747 0.964383 -2.760552
v -1.695883 0.964423 -2.759667
v -1.695462 0.962896 -2.767198
v -1.69549 0.962834 -2.765656
v -1.695547 0.962879 -2.764175
v -1.695626 0.963008 -2.762852
v -1.695719 0.96317 -2.761737
v -1.695823 0.963312 -2.760793
v -1.695941 0.963383 -2.759996
v -1.695609 0.961635 -2.767198
v -1.695632 0.961631 -2.765666
v -1.695681 0.961753 -2.764215
v -1.695748 0.961966 -2.762934
v -1.695823 0.962213 -2.761878
v -1.695906 0.962437 -2.761015
v -1.695999 0.962559 -2.760323
v -1.697209 0.96718 -2.755837
v -1.697209 0.965692 -2.75613
v -1.697209 0.964256 -2.756611
v -1.697209 0.962896 -2.757274
v -1.697209 0.961635 -2.758107
v -1.697209 0.960495 -2.759095
v -1.696946 0.968693 -2.755837
v -1.696942 0.96714 -2.755944
v -1.69694 0.965608 -2.756258
v -1.696939 0.964164 -2.756762
v -1.69694 0.962838 -2.757427
v -1.696941 0.96164 -2.758233
v -1.696941 0.960572 -2.759163
v -1.696687 0.968693 -2.75613
v -1.696675 0.967125 -2.756257
v -1.696671 0.965579 -2.756591
v -1.696674 0.964151 -2.757102
v -1.69668 0.962881 -2.75775
v -1.696685 0.961761 -2.758508
v -1.696688 0.960777 -2.759366
v -1.696437 0.968693 -2.756611
v -1.696422 0.967127 -2.756762
v -1.696421 0.965597 -2.757104
v -1.696431 0.964207 -2.757601
v -1.696446 0.963006 -2.758204
v -1.696459 0.961969 -2.758892
v -1.696466 0.961073 -2.759663
v -1.696201 0.968693 -2.757274
v -1.69619 0.967133 -2.757431
v -1.696198 0.965634 -2.757756
v -1.69622 0.964295 -2.758207
v -1.696248 0.963167 -2.758732
v -1.696273 0.962213 -2.759324
v -1.696285 0.961406 -2.759995
v -1.695981 0.968693 -2.758107
v -1.695981 0.967143 -2.75824
v -1.696002 0.965674 -2.758517
v -1.696039 0.964378 -2.758896
v -1.696082 0.96331 -2.759326
v -1.696121 0.962437 -2.759792
v -1.696142 0.961737 -2.760322
v -1.697209 1.102019 -2.767198
v -1.697209 1.090426 -2.755739
v -1.695192 1.090426 -2.767198
v -1.697209 1.10192 -2.765703
v -1.697209 1.101624 -2.764232
v -1.697209 1.101137 -2.762813
v -1.697209 1.100466 -2.761469
v -1.697209 1.099623 -2.760222
v -1.697209 1.098624 -2.759095
v -1.696946 1.10192 -2.767198
v -1.696942 1.101811 -2.765664
v -1.69694 1.101493 -2.764149
v -1.696939 1.100985 -2.762722
v -1.69694 1.100312 -2.761411
v -1.696941 1.099496 -2.760227
v -1.696941 1.098555 -2.759171
v -1.696687 1.101624 -2.767198
v -1.696675 1.101495 -2.765649
v -1.696671 1.101157 -2.76412
v -1.696674 1.10064 -2.762709
v -1.69668 1.099985 -2.761454
v -1.696685 1.099218 -2.760347
v -1.696688 1.09835 -2.759374
v -1.696437 1.101137 -2.767198
v -1.696422 1.100985 -2.76565
v -1.696421 1.100638 -2.764138
v -1.696431 1.100135 -2.762764
v -1.696446 1.099526 -2.761577
v -1.696459 1.09883 -2.760552
v -1.696466 1.098049 -2.759667
v -1.696201 1.100466 -2.767198
v -1.69619 1.100307 -2.765656
v -1.696198 1.099978 -2.764175
v -1.69622 1.099523 -2.762852
v -1.696248 1.098992 -2.761737
v -1.696273 1.098392 -2.760793
v -1.696285 1.097714 -2.759996
v -1.695981 1.099623 -2.767198
v -1.695981 1.099488 -2.765666
v -1.696002 1.099208 -2.764215
v -1.696039 1.098825 -2.762934
v -1.696082 1.098391 -2.761878
v -1.696121 1.097919 -2.761015
v -1.696142 1.097382 -2.760323
v -1.696045 1.097119 -2.760582
v -1.696946 1.090426 -2.755837
v -1.696687 1.090426 -2.75613
v -1.696437 1.090426 -2.756611
v -1.696201 1.090426 -2.757274
v -1.695981 1.090426 -2.758107
v -1.695783 1.090426 -2.759095
v -1.697209 1.091939 -2.755837
v -1.696939 1.091964 -2.755944
v -1.696672 1.091974 -2.756258
v -1.696421 1.091976 -2.756762
v -1.696191 1.091974 -2.757427
v -1.695982 1.09197 -2.758233
v -1.695796 1.091967 -2.759163
v -1.697209 1.093426 -2.75613
v -1.696936 1.093495 -2.756257
v -1.696667 1.093516 -2.756591
v -1.696419 1.093499 -2.757102
v -1.696198 1.093468 -2.75775
v -1.696003 1.093436 -2.758508
v -1.695832 1.09342 -2.759366
v -1.697209 1.094862 -2.756611
v -1.696937 1.09495 -2.756762
v -1.696671 1.094957 -2.757104
v -1.696429 1.094899 -2.757601
v -1.69622 1.094814 -2.758204
v -1.696039 1.094735 -2.758892
v -1.695884 1.094696 -2.759663
v -1.697209 1.096222 -2.757274
v -1.696938 1.096285 -2.757431
v -1.696677 1.09624 -2.757756
v -1.696444 1.096111 -2.758207
v -1.696248 1.095948 -2.758732
v -1.696082 1.095807 -2.759324
v -1.695941 1.095736 -2.759995
v -1.697209 1.097484 -2.758107
v -1.696939 1.097488 -2.75824
v -1.696684 1.097366 -2.758517
v -1.696459 1.097152 -2.758896
v -1.696273 1.096906 -2.759326
v -1.696121 1.096681 -2.759792
v -1.695999 1.09656 -2.760322
v -1.695209 1.091939 -2.767198
v -1.695261 1.093426 -2.767198
v -1.695346 1.094862 -2.767198
v -1.695462 1.096222 -2.767198
v -1.695609 1.097484 -2.767198
v -1.695783 1.098624 -2.767198
v -1.695209 1.090426 -2.765703
v -1.695228 1.091978 -2.765678
v -1.695284 1.093511 -2.765668
v -1.695372 1.094955 -2.765666
v -1.695489 1.09628 -2.765668
v -1.695631 1.097479 -2.765672
v -1.695795 1.098547 -2.765675
v -1.695261 1.090426 -2.764232
v -1.695283 1.091993 -2.764164
v -1.695342 1.09354 -2.764143
v -1.695432 1.094968 -2.76416
v -1.695546 1.096237 -2.764191
v -1.69568 1.097358 -2.764223
v -1.695831 1.098341 -2.764239
v -1.695346 1.090426 -2.762813
v -1.695372 1.091992 -2.762727
v -1.695433 1.093522 -2.762719
v -1.69552 1.094912 -2.762777
v -1.695626 1.096113 -2.762861
v -1.695747 1.097149 -2.762939
v -1.695883 1.098045 -2.762978
v -1.695462 1.090426 -2.761469
v -1.69549 1.091986 -2.761407
v -1.695547 1.093484 -2.761451
v -1.695626 1.094823 -2.761579
v -1.695719 1.095951 -2.761739
v -1.695823 1.096905 -2.761879
v -1.695941 1.097713 -2.76195
v -1.695609 1.090426 -2.760222
v -1.695632 1.091976 -2.760218
v -1.695681 1.093444 -2.760339
v -1.695748 1.09474 -2.76055
v -1.695823 1.095809 -2.760793
v -1.695906 1.096681 -2.761015
v -1.695999 1.097382 -2.761135
v -1.716745 1.080959 -2.708704
v -1.716733 1.080703 -2.704136
v -1.716751 1.079941 -2.699698
v -1.716753 1.078707 -2.69563
v -1.716758 1.077046 -2.692059
v -1.716789 1.075018 -2.689086
v -1.716822 1.072705 -2.686863
v -1.716847 1.070197 -2.685487
v -1.716857 1.067591 -2.685019
v -1.716847 1.064986 -2.685487
v -1.716822 1.062484 -2.686863
v -1.716789 1.060179 -2.689086
v -1.716758 1.058159 -2.692059
v -1.716753 1.056498 -2.69563
v -1.716751 1.055264 -2.699698
v -1.716733 1.054507 -2.704136
v -1.716881 1.080705 -2.704249
v -1.717039 1.079945 -2.699922
v -1.717174 1.078712 -2.695951
v -1.717294 1.077052 -2.692468
v -1.717417 1.075026 -2.689571
v -1.71751 1.072716 -2.687416
v -1.717568 1.070209 -2.686088
v -1.717588 1.067603 -2.685639
v -1.717568 1.064998 -2.686088
v -1.71751 1.062494 -2.687416
v -1.717417 1.060187 -2.689571
v -1.717294 1.058165 -2.692468
v -1.717174 1.056504 -2.695951
v -1.717039 1.055268 -2.699922
v -1.716881 1.054508 -2.704249
v -1.717024 1.080707 -2.704533
v -1.717323 1.079948 -2.700473
v -1.717593 1.078716 -2.69674
v -1.717827 1.077057 -2.693473
v -1.718037 1.075032 -2.690763
v -1.718194 1.072723 -2.68875
v -1.718291 1.070217 -2.687509
v -1.718323 1.067612 -2.68709
v -1.718291 1.065006 -2.687509
v -1.718194 1.062501 -2.68875
v -1.718037 1.060193 -2.690763
v -1.717827 1.05817 -2.693473
v -1.717593 1.056507 -2.69674
v -1.717323 1.055271 -2.700473
v -1.717024 1.05451 -2.704533
v -1.717157 1.080708 -2.704975
v -1.717592 1.07995 -2.701329
v -1.717986 1.078718 -2.697979
v -1.718341 1.077058 -2.69503
v -1.718638 1.075034 -2.692599
v -1.718859 1.072726 -2.690792
v -1.718996 1.07022 -2.68968
v -1.719042 1.067615 -2.689304
v -1.718996 1.065009 -2.68968
v -1.718859 1.062504 -2.690792
v -1.718638 1.060195 -2.692599
v -1.718341 1.058171 -2.69503
v -1.717986 1.056509 -2.697979
v -1.717592 1.055273 -2.701329
v -1.717157 1.054512 -2.704975
v -1.717275 1.080709 -2.70556
v -1.71783 1.079952 -2.702467
v -1.718341 1.078719 -2.699617
v -1.718802 1.077058 -2.697097
v -1.719181 1.075034 -2.69503
v -1.719463 1.072726 -2.693494
v -1.719636 1.07022 -2.692547
v -1.719694 1.067615 -2.692228
v -1.719636 1.065009 -2.692547
v -1.719463 1.062504 -2.693494
v -1.719181 1.060195 -2.69503
v -1.718802 1.058171 -2.697097
v -1.718341 1.05651 -2.699617
v -1.71783 1.055275 -2.702467
v -1.717275 1.054513 -2.70556
v -1.717374 1.08071 -2.706264
v -1.718023 1.079953 -2.703849
v -1.718638 1.078719 -2.701596
v -1.719181 1.077058 -2.699617
v -1.719626 1.075034 -2.697992
v -1.719957 1.072726 -2.696785
v -1.720161 1.07022 -2.696042
v -1.72023 1.067615 -2.695791
v -1.720161 1.065009 -2.696042
v -1.719957 1.062504 -2.696785
v -1.719626 1.060195 -2.697992
v -1.719181 1.058171 -2.699617
v -1.718638 1.05651 -2.701596
v -1.718023 1.055276 -2.703849
v -1.717374 1.054513 -2.706264
v -1.71745 1.08071 -2.70706
v -1.718171 1.079953 -2.70541
v -1.718859 1.078719 -2.703855
v -1.719463 1.077058 -2.702491
v -1.719957 1.075034 -2.701372
v -1.720325 1.072726 -2.700541
v -1.720552 1.07022 -2.700029
v -1.720628 1.067615 -2.699856
v -1.720552 1.065009 -2.700029
v -1.720325 1.062504 -2.700541
v -1.719957 1.060195 -2.701372
v -1.719463 1.058171 -2.702491
v -1.718859 1.05651 -2.703855
v -1.718171 1.055276 -2.70541
v -1.71745 1.054513 -2.70706
v -1.717497 1.08071 -2.70792
v -1.718265 1.079953 -2.707098
v -1.718996 1.078719 -2.706305
v -1.719636 1.077058 -2.70561
v -1.720161 1.075034 -2.70504
v -1.720552 1.072726 -2.704616
v -1.720792 1.07022 -2.704355
v -1.720873 1.067615 -2.704267
v -1.720792 1.065009 -2.704355
v -1.720552 1.062504 -2.704616
v -1.720161 1.060195 -2.70504
v -1.719636 1.058171 -2.70561
v -1.718996 1.05651 -2.706305
v -1.718265 1.055276 -2.707098
v -1.717497 1.054513 -2.70792
v -1.717514 1.08071 -2.708815
v -1.718297 1.079953 -2.708853
v -1.719042 1.078719 -2.708853
v -1.719694 1.077058 -2.708853
v -1.72023 1.075034 -2.708853
v -1.720628 1.072726 -2.708853
v -1.720873 1.07022 -2.708853
v -1.720956 1.067615 -2.708853
v -1.720873 1.065009 -2.708853
v -1.720628 1.062504 -2.708853
v -1.72023 1.060195 -2.708853
v -1.719694 1.058171 -2.708853
v -1.719042 1.05651 -2.708853
v -1.718297 1.055276 -2.708853
v -1.717514 1.054513 -2.708815
v -1.717497 1.08071 -2.70971
v -1.718265 1.079953 -2.710609
v -1.718996 1.078719 -2.711402
v -1.719636 1.077058 -2.712097
v -1.720161 1.075034 -2.712667
v -1.720552 1.072726 -2.713091
v -1.720792 1.07022 -2.713352
v -1.720873 1.067615 -2.71344
v -1.720792 1.065009 -2.713352
v -1.720552 1.062504 -2.713091
v -1.720161 1.060195 -2.712667
v -1.719636 1.058171 -2.712097
v -1.718996 1.05651 -2.711402
v -1.718265 1.055276 -2.710609
v -1.717497 1.054513 -2.70971
v -1.71745 1.08071 -2.710571
v -1.718171 1.079953 -2.712297
v -1.718859 1.078719 -2.713852
v -1.719463 1.077058 -2.715216
v -1.719957 1.075034 -2.716335
v -1.720325 1.072726 -2.717166
v -1.720552 1.07022 -2.717678
v -1.720628 1.067615 -2.717851
v -1.720552 1.065009 -2.717678
v -1.720325 1.062504 -2.717166
v -1.719957 1.060195 -2.716335
v -1.719463 1.058171 -2.715216
v -1.718859 1.05651 -2.713852
v -1.718171 1.055276 -2.712297
v -1.71745 1.054513 -2.710571
v -1.717374 1.08071 -2.71136
v -1.718023 1.079953 -2.713846
v -1.718638 1.078719 -2.716111
v -1.719181 1.077058 -2.71809
v -1.719626 1.075034 -2.719715
v -1.719957 1.072726 -2.720922
v -1.720161 1.07022 -2.721665
v -1.72023 1.067615 -2.721916
v -1.720161 1.065009 -2.721665
v -1.719957 1.062504 -2.720922
v -1.719626 1.060195 -2.719715
v -1.719181 1.058171 -2.71809
v -1.718638 1.05651 -2.716111
v -1.718019 1.055276 -2.713852
v -1.717372 1.054513 -2.711364
v -1.717275 1.080709 -2.712047
v -1.71783 1.079952 -2.715192
v -1.718341 1.078719 -2.71809
v -1.718802 1.077058 -2.72061
v -1.719181 1.075034 -2.722677
v -1.719463 1.072726 -2.724214
v -1.719636 1.07022 -2.72516
v -1.719694 1.067615 -2.725479
v -1.719636 1.065009 -2.72516
v -1.719463 1.062504 -2.724214
v -1.719181 1.060195 -2.722677
v -1.718802 1.058171 -2.72061
v -1.718341 1.05651 -2.71809
v -1.717818 1.055276 -2.71521
v -1.717269 1.054513 -2.712056
v -1.716745 1.054249 -2.708704
v -1.717157 1.080708 -2.712603
v -1.717587 1.079951 -2.7163
v -1.717978 1.078719 -2.719715
v -1.718341 1.077058 -2.722677
v -1.718638 1.075034 -2.725109
v -1.718859 1.072726 -2.726915
v -1.718996 1.07022 -2.728028
v -1.719042 1.067615 -2.728403
v -1.718996 1.065009 -2.728028
v -1.718859 1.062504 -2.726915
v -1.718638 1.060195 -2.725109
v -1.718341 1.058171 -2.722677
v -1.717978 1.05651 -2.719715
v -1.71758 1.055275 -2.716311
v -1.717148 1.054513 -2.712617
v -1.717024 1.080707 -2.713008
v -1.717307 1.07995 -2.717123
v -1.717573 1.078718 -2.720909
v -1.717827 1.077057 -2.724193
v -1.718019 1.075034 -2.726915
v -1.718171 1.072726 -2.728922
v -1.718265 1.07022 -2.730159
v -1.718297 1.067615 -2.730576
v -1.718265 1.065009 -2.730159
v -1.718171 1.062504 -2.728922
v -1.718019 1.060195 -2.726915
v -1.717814 1.058171 -2.724214
v -1.717573 1.056509 -2.720909
v -1.717307 1.055273 -2.717123
v -1.717012 1.054512 -2.713027
v -1.716881 1.080705 -2.713247
v -1.717014 1.079948 -2.717611
v -1.717147 1.078715 -2.721616
v -1.717273 1.077055 -2.725112
v -1.717366 1.075032 -2.727999
v -1.717447 1.072723 -2.730124
v -1.717498 1.070217 -2.731431
v -1.717515 1.067612 -2.731873
v -1.717498 1.065006 -2.731431
v -1.717447 1.062501 -2.730124
v -1.717366 1.060193 -2.727999
v -1.717256 1.05817 -2.725139
v -1.717144 1.056507 -2.72162
v -1.717014 1.055271 -2.717611
v -1.716866 1.05451 -2.713269
v -1.716733 1.080703 -2.71331
v -1.716718 1.079945 -2.717744
v -1.716718 1.078711 -2.721809
v -1.716722 1.07705 -2.725365
v -1.716718 1.075026 -2.728295
v -1.716734 1.072716 -2.730444
v -1.716744 1.070209 -2.731766
v -1.716748 1.067603 -2.732212
v -1.716744 1.064998 -2.731766
v -1.716734 1.062494 -2.730444
v -1.716718 1.060187 -2.728295
v -1.7167 1.058165 -2.7254
v -1.716707 1.056504 -2.721826
v -1.716718 1.055268 -2.717744
v -1.716717 1.054508 -2.713335
v -1.716745 1.011514 -2.708704
v -1.716733 1.011259 -2.704136
v -1.716751 1.010497 -2.699698
v -1.716753 1.009263 -2.69563
v -1.716758 1.007601 -2.692059
v -1.716789 1.005574 -2.689086
v -1.716822 1.003261 -2.686863
v -1.716847 1.000753 -2.685487
v -1.716857 0.998146 -2.685019
v -1.716847 0.995542 -2.685487
v -1.716822 0.99304 -2.686863
v -1.716789 0.990735 -2.689086
v -1.716758 0.988714 -2.692059
v -1.716753 0.987054 -2.69563
v -1.716751 0.98582 -2.699698
v -1.716733 0.985062 -2.704136
v -1.716881 1.011261 -2.704249
v -1.717039 1.010501 -2.699922
v -1.717174 1.009268 -2.695951
v -1.717294 1.007608 -2.692468
v -1.717417 1.005582 -2.689571
v -1.71751 1.003271 -2.687416
v -1.717568 1.000765 -2.686088
v -1.717588 0.998159 -2.685639
v -1.717568 0.995554 -2.686088
v -1.71751 0.99305 -2.687416
v -1.717417 0.990743 -2.689571
v -1.717294 0.988721 -2.692468
v -1.717174 0.987059 -2.695951
v -1.717039 0.985824 -2.699922
v -1.716881 0.985064 -2.704249
v -1.717024 1.011263 -2.704533
v -1.717323 1.010504 -2.700473
v -1.717593 1.009272 -2.69674
v -1.717827 1.007612 -2.693473
v -1.718037 1.005588 -2.690763
v -1.718194 1.003279 -2.68875
v -1.718291 1.000773 -2.687509
v -1.718323 0.998168 -2.68709
v -1.718291 0.995562 -2.687509
v -1.718194 0.993057 -2.68875
v -1.718037 0.990749 -2.690763
v -1.717827 0.988726 -2.693473
v -1.717593 0.987063 -2.69674
v -1.717323 0.985827 -2.700473
v -1.717024 0.985066 -2.704533
v -1.717157 1.011264 -2.704975
v -1.717592 1.010506 -2.701329
v -1.717986 1.009274 -2.697979
v -1.718341 1.007614 -2.69503
v -1.718638 1.00559 -2.692599
v -1.718859 1.003281 -2.690792
v -1.718996 1.000776 -2.68968
v -1.719042 0.998171 -2.689304
v -1.718996 0.995565 -2.68968
v -1.718859 0.99306 -2.690792
v -1.718638 0.990751 -2.692599
v -1.718341 0.988727 -2.69503
v -1.717986 0.987065 -2.697979
v -1.717592 0.985829 -2.701329
v -1.717157 0.985067 -2.704975
v -1.717275 1.011265 -2.70556
v -1.71783 1.010507 -2.702467
v -1.718341 1.009275 -2.699617
v -1.718802 1.007614 -2.697097
v -1.719181 1.00559 -2.69503
v -1.719463 1.003281 -2.693494
v -1.719636 1.000776 -2.692547
v -1.719694 0.998171 -2.692228
v -1.719636 0.995565 -2.692547
v -1.719463 0.99306 -2.693494
v -1.719181 0.990751 -2.69503
v -1.718802 0.988727 -2.697097
v -1.718341 0.987066 -2.699617
v -1.71783 0.98583 -2.702467
v -1.717275 0.985068 -2.70556
v -1.717374 1.011266 -2.706264
v -1.718023 1.010509 -2.703849
v -1.718638 1.009275 -2.701596
v -1.719181 1.007614 -2.699617
v -1.719626 1.00559 -2.697992
v -1.719957 1.003281 -2.696785
v -1.720161 1.000776 -2.696042
v -1.72023 0.998171 -2.695791
v -1.720161 0.995565 -2.696042
v -1.719957 0.99306 -2.696785
v -1.719626 0.990751 -2.697992
v -1.719181 0.988727 -2.699617
v -1.718638 0.987066 -2.701596
v -1.718023 0.985832 -2.703849
v -1.717374 0.985069 -2.706264
v -1.71745 1.011266 -2.70706
v -1.718171 1.010509 -2.70541
v -1.718859 1.009275 -2.703855
v -1.719463 1.007614 -2.702491
v -1.719957 1.00559 -2.701372
v -1.720325 1.003281 -2.700541
v -1.720552 1.000776 -2.700029
v -1.720628 0.998171 -2.699856
v -1.720552 0.995565 -2.700029
v -1.720325 0.99306 -2.700541
v -1.719957 0.990751 -2.701372
v -1.719463 0.988727 -2.702491
v -1.718859 0.987066 -2.703855
v -1.718171 0.985832 -2.70541
v -1.71745 0.985069 -2.70706
v -1.717497 1.011266 -2.70792
v -1.718265 1.010509 -2.707098
v -1.718996 1.009275 -2.706305
v -1.719636 1.007614 -2.70561
v -1.720161 1.00559 -2.70504
v -1.720552 1.003281 -2.704616
v -1.720792 1.000776 -2.704355
v -1.720873 0.998171 -2.704267
v -1.720792 0.995565 -2.704355
v -1.720552 0.99306 -2.704616
v -1.720161 0.990751 -2.70504
v -1.719636 0.988727 -2.70561
v -1.718996 0.987066 -2.706305
v -1.718265 0.985832 -2.707098
v -1.717497 0.985069 -2.70792
v -1.717514 1.011266 -2.708815
v -1.718297 1.010509 -2.708853
v -1.719042 1.009275 -2.708853
v -1.719694 1.007614 -2.708853
v -1.72023 1.00559 -2.708853
v -1.720628 1.003281 -2.708853
v -1.720873 1.000776 -2.708853
v -1.720956 0.998171 -2.708853
v -1.720873 0.995565 -2.708853
v -1.720628 0.99306 -2.708853
v -1.72023 0.990751 -2.708853
v -1.719694 0.988727 -2.708853
v -1.719042 0.987066 -2.708853
v -1.718297 0.985832 -2.708853
v -1.717514 0.985069 -2.708815
v -1.717497 1.011266 -2.70971
v -1.718265 1.010509 -2.710609
v -1.718996 1.009275 -2.711402
v -1.719636 1.007614 -2.712097
v -1.720161 1.00559 -2.712667
v -1.720552 1.003281 -2.713091
v -1.720792 1.000776 -2.713352
v -1.720873 0.998171 -2.71344
v -1.720792 0.995565 -2.713352
v -1.720552 0.99306 -2.713091
v -1.720161 0.990751 -2.712667
v -1.719636 0.988727 -2.712097
v -1.718996 0.987066 -2.711402
v -1.718265 0.985832 -2.710609
v -1.717497 0.985069 -2.70971
v -1.71745 1.011266 -2.710571
v -1.718171 1.010509 -2.712297
v -1.718859 1.009275 -2.713852
v -1.719463 1.007614 -2.715216
v -1.719957 1.00559 -2.716335
v -1.720325 1.003281 -2.717166
v -1.720552 1.000776 -2.717678
v -1.720628 0.998171 -2.717851
v -1.720552 0.995565 -2.717678
v -1.720325 0.99306 -2.717166
v -1.719957 0.990751 -2.716335
v -1.719463 0.988727 -2.715216
v -1.718859 0.987066 -2.713852
v -1.718171 0.985832 -2.712297
v -1.71745 0.985069 -2.710571
v -1.717374 1.011266 -2.71136
v -1.718023 1.010509 -2.713846
v -1.718638 1.009275 -2.716111
v -1.719181 1.007614 -2.71809
v -1.719626 1.00559 -2.719715
v -1.719957 1.003281 -2.720922
v -1.720161 1.000776 -2.721665
v -1.72023 0.998171 -2.721916
v -1.720161 0.995565 -2.721665
v -1.719957 0.99306 -2.720922
v -1.719626 0.990751 -2.719715
v -1.719181 0.988727 -2.71809
v -1.718638 0.987066 -2.716111
v -1.718019 0.985832 -2.713852
v -1.717372 0.985069 -2.711364
v -1.717275 1.011265 -2.712047
v -1.71783 1.010507 -2.715192
v -1.718341 1.009275 -2.71809
v -1.718802 1.007614 -2.72061
v -1.719181 1.00559 -2.722677
v -1.719463 1.003281 -2.724214
v -1.719636 1.000776 -2.72516
v -1.719694 0.998171 -2.725479
v -1.719636 0.995565 -2.72516
v -1.719463 0.99306 -2.724214
v -1.719181 0.990751 -2.722677
v -1.718802 0.988727 -2.72061
v -1.718341 0.987066 -2.71809
v -1.717818 0.985832 -2.71521
v -1.717269 0.985069 -2.712056
v -1.716745 0.984804 -2.708704
v -1.717157 1.011264 -2.712603
v -1.717587 1.010507 -2.7163
v -1.717978 1.009275 -2.719715
v -1.718341 1.007614 -2.722677
v -1.718638 1.00559 -2.725109
v -1.718859 1.003281 -2.726915
v -1.718996 1.000776 -2.728028
v -1.719042 0.998171 -2.728403
v -1.718996 0.995565 -2.728028
v -1.718859 0.99306 -2.726915
v -1.718638 0.990751 -2.725109
v -1.718341 0.988727 -2.722677
v -1.717978 0.987066 -2.719715
v -1.71758 0.98583 -2.716311
v -1.717148 0.985068 -2.712617
v -1.717024 1.011263 -2.713008
v -1.717307 1.010506 -2.717123
v -1.717573 1.009274 -2.720909
v -1.717827 1.007612 -2.724193
v -1.718019 1.00559 -2.726915
v -1.718171 1.003281 -2.728922
v -1.718265 1.000776 -2.730159
v -1.718297 0.998171 -2.730576
v -1.718265 0.995565 -2.730159
v -1.718171 0.99306 -2.728922
v -1.718019 0.990751 -2.726915
v -1.717814 0.988727 -2.724214
v -1.717573 0.987065 -2.720909
v -1.717307 0.985829 -2.717123
v -1.717012 0.985067 -2.713027
v -1.716881 1.011261 -2.713247
v -1.717014 1.010504 -2.717611
v -1.717147 1.009271 -2.721616
v -1.717273 1.007611 -2.725112
v -1.717366 1.005588 -2.727999
v -1.717447 1.003279 -2.730124
v -1.717498 1.000773 -2.731431
v -1.717515 0.998168 -2.731873
v -1.717498 0.995562 -2.731431
v -1.717447 0.993057 -2.730124
v -1.717366 0.990749 -2.727999
v -1.717256 0.988726 -2.725139
v -1.717144 0.987063 -2.72162
v -1.717014 0.985827 -2.717611
v -1.716866 0.985066 -2.713269
v -1.716733 1.011259 -2.71331
v -1.716718 1.010501 -2.717744
v -1.716718 1.009267 -2.721809
v -1.716722 1.007605 -2.725365
v -1.716718 1.005582 -2.728295
v -1.716734 1.003271 -2.730444
v -1.716744 1.000765 -2.731766
v -1.716748 0.998159 -2.732212
v -1.716744 0.995554 -2.731766
v -1.716734 0.99305 -2.730444
v -1.716718 0.990743 -2.728295
v -1.7167 0.988721 -2.7254
v -1.716707 0.987059 -2.721826
v -1.716718 0.985824 -2.717744
v -1.716717 0.985064 -2.713335
v -1.716745 1.080959 -2.942036
v -1.716733 1.080703 -2.937469
v -1.716751 1.079941 -2.93303
v -1.716753 1.078707 -2.928962
v -1.716758 1.077046 -2.925391
v -1.716789 1.075018 -2.922419
v -1.716822 1.072705 -2.920195
v -1.716847 1.070197 -2.918819
v -1.716857 1.067591 -2.918351
v -1.716847 1.064986 -2.918819
v -1.716822 1.062484 -2.920195
v -1.716789 1.060179 -2.922419
v -1.716758 1.058159 -2.925391
v -1.716753 1.056498 -2.928962
v -1.716751 1.055264 -2.93303
v -1.716733 1.054507 -2.937469
v -1.716881 1.080705 -2.937582
v -1.717039 1.079945 -2.933254
v -1.717174 1.078712 -2.929284
v -1.717294 1.077052 -2.925801
v -1.717417 1.075026 -2.922904
v -1.71751 1.072716 -2.920749
v -1.717568 1.070209 -2.919421
v -1.717588 1.067603 -2.918972
v -1.717568 1.064998 -2.919421
v -1.71751 1.062494 -2.920749
v -1.717417 1.060187 -2.922904
v -1.717294 1.058165 -2.925801
v -1.717174 1.056504 -2.929284
v -1.717039 1.055268 -2.933254
v -1.716881 1.054508 -2.937582
v -1.717024 1.080707 -2.937865
v -1.717323 1.079948 -2.933805
v -1.717593 1.078716 -2.930073
v -1.717827 1.077057 -2.926805
v -1.718037 1.075032 -2.924096
v -1.718194 1.072723 -2.922082
v -1.718291 1.070217 -2.920842
v -1.718323 1.067612 -2.920423
v -1.718291 1.065006 -2.920842
v -1.718194 1.062501 -2.922082
v -1.718037 1.060193 -2.924096
v -1.717827 1.05817 -2.926805
v -1.717593 1.056507 -2.930073
v -1.717323 1.055271 -2.933805
v -1.717024 1.05451 -2.937865
v -1.717157 1.080708 -2.938308
v -1.717592 1.07995 -2.934662
v -1.717986 1.078718 -2.931312
v -1.718341 1.077058 -2.928362
v -1.718638 1.075034 -2.925931
v -1.718859 1.072726 -2.924125
v -1.718996 1.07022 -2.923012
v -1.719042 1.067615 -2.922637
v -1.718996 1.065009 -2.923012
v -1.718859 1.062504 -2.924125
v -1.718638 1.060195 -2.925931
v -1.718341 1.058171 -2.928362
v -1.717986 1.056509 -2.931312
v -1.717592 1.055273 -2.934662
v -1.717157 1.054512 -2.938308
v -1.717275 1.080709 -2.938892
v -1.71783 1.079952 -2.9358
v -1.718341 1.078719 -2.93295
v -1.718802 1.077058 -2.93043
v -1.719181 1.075034 -2.928362
v -1.719463 1.072726 -2.926826
v -1.719636 1.07022 -2.92588
v -1.719694 1.067615 -2.92556
v -1.719636 1.065009 -2.92588
v -1.719463 1.062504 -2.926826
v -1.719181 1.060195 -2.928362
v -1.718802 1.058171 -2.93043
v -1.718341 1.05651 -2.93295
v -1.71783 1.055275 -2.9358
v -1.717275 1.054513 -2.938892
v -1.717374 1.08071 -2.939596
v -1.718023 1.079953 -2.937181
v -1.718638 1.078719 -2.934929
v -1.719181 1.077058 -2.93295
v -1.719626 1.075034 -2.931325
v -1.719957 1.072726 -2.930118
v -1.720161 1.07022 -2.929374
v -1.72023 1.067615 -2.929123
v -1.720161 1.065009 -2.929374
v -1.719957 1.062504 -2.930118
v -1.719626 1.060195 -2.931325
v -1.719181 1.058171 -2.93295
v -1.718638 1.05651 -2.934929
v -1.718023 1.055276 -2.937181
v -1.717374 1.054513 -2.939596
v -1.71745 1.08071 -2.940392
v -1.718171 1.079953 -2.938743
v -1.718859 1.078719 -2.937187
v -1.719463 1.077058 -2.935824
v -1.719957 1.075034 -2.934705
v -1.720325 1.072726 -2.933873
v -1.720552 1.07022 -2.933361
v -1.720628 1.067615 -2.933188
v -1.720552 1.065009 -2.933361
v -1.720325 1.062504 -2.933873
v -1.719957 1.060195 -2.934705
v -1.719463 1.058171 -2.935824
v -1.718859 1.05651 -2.937187
v -1.718171 1.055276 -2.938743
v -1.71745 1.054513 -2.940392
v -1.717497 1.08071 -2.941253
v -1.718265 1.079953 -2.940431
v -1.718996 1.078719 -2.939638
v -1.719636 1.077058 -2.938943
v -1.720161 1.075034 -2.938372
v -1.720552 1.072726 -2.937948
v -1.720792 1.07022 -2.937687
v -1.720873 1.067615 -2.937599
v -1.720792 1.065009 -2.937687
v -1.720552 1.062504 -2.937948
v -1.720161 1.060195 -2.938372
v -1.719636 1.058171 -2.938943
v -1.718996 1.05651 -2.939638
v -1.718265 1.055276 -2.940431
v -1.717497 1.054513 -2.941253
v -1.717514 1.08071 -2.942148
v -1.718297 1.079953 -2.942186
v -1.719042 1.078719 -2.942186
v -1.719694 1.077058 -2.942186
v -1.72023 1.075034 -2.942186
v -1.720628 1.072726 -2.942186
v -1.720873 1.07022 -2.942186
v -1.720956 1.067615 -2.942186
v -1.720873 1.065009 -2.942186
v -1.720628 1.062504 -2.942186
v -1.72023 1.060195 -2.942186
v -1.719694 1.058171 -2.942186
v -1.719042 1.05651 -2.942186
v -1.718297 1.055276 -2.942186
v -1.717514 1.054513 -2.942148
v -1.717497 1.08071 -2.943043
v -1.718265 1.079953 -2.943941
v -1.718996 1.078719 -2.944735
v -1.719636 1.077058 -2.94543
v -1.720161 1.075034 -2.946
v -1.720552 1.072726 -2.946424
v -1.720792 1.07022 -2.946685
v -1.720873 1.067615 -2.946773
v -1.720792 1.065009 -2.946685
v -1.720552 1.062504 -2.946424
v -1.720161 1.060195 -2.946
v -1.719636 1.058171 -2.94543
v -1.718996 1.05651 -2.944735
v -1.718265 1.055276 -2.943941
v -1.717497 1.054513 -2.943043
v -1.71745 1.08071 -2.943903
v -1.718171 1.079953 -2.945629
v -1.718859 1.078719 -2.947185
v -1.719463 1.077058 -2.948548
v -1.719957 1.075034 -2.949667
v -1.720325 1.072726 -2.950499
v -1.720552 1.07022 -2.951011
v -1.720628 1.067615 -2.951184
v -1.720552 1.065009 -2.951011
v -1.720325 1.062504 -2.950499
v -1.719957 1.060195 -2.949667
v -1.719463 1.058171 -2.948548
v -1.718859 1.05651 -2.947185
v -1.718171 1.055276 -2.945629
v -1.71745 1.054513 -2.943903
v -1.717374 1.08071 -2.944693
v -1.718023 1.079953 -2.947179
v -1.718638 1.078719 -2.949443
v -1.719181 1.077058 -2.951423
v -1.719626 1.075034 -2.953047
v -1.719957 1.072726 -2.954254
v -1.720161 1.07022 -2.954998
v -1.72023 1.067615 -2.955249
v -1.720161 1.065009 -2.954998
v -1.719957 1.062504 -2.954254
v -1.719626 1.060195 -2.953047
v -1.719181 1.058171 -2.951423
v -1.718638 1.05651 -2.949443
v -1.718019 1.055276 -2.947185
v -1.717372 1.054513 -2.944696
v -1.717275 1.080709 -2.945379
v -1.71783 1.079952 -2.948524
v -1.718341 1.078719 -2.951423
v -1.718802 1.077058 -2.953942
v -1.719181 1.075034 -2.95601
v -1.719463 1.072726 -2.957546
v -1.719636 1.07022 -2.958492
v -1.719694 1.067615 -2.958812
v -1.719636 1.065009 -2.958492
v -1.719463 1.062504 -2.957546
v -1.719181 1.060195 -2.95601
v -1.718802 1.058171 -2.953942
v -1.718341 1.05651 -2.951423
v -1.717818 1.055276 -2.948542
v -1.717269 1.054513 -2.945388
v -1.716745 1.054249 -2.942036
v -1.717157 1.080708 -2.945936
v -1.717587 1.079951 -2.949633
v -1.717978 1.078719 -2.953047
v -1.718341 1.077058 -2.95601
v -1.718638 1.075034 -2.958441
v -1.718859 1.072726 -2.960248
v -1.718996 1.07022 -2.96136
v -1.719042 1.067615 -2.961736
v -1.718996 1.065009 -2.96136
v -1.718859 1.062504 -2.960248
v -1.718638 1.060195 -2.958441
v -1.718341 1.058171 -2.95601
v -1.717978 1.05651 -2.953047
v -1.71758 1.055275 -2.949643
v -1.717148 1.054513 -2.94595
v -1.717024 1.080707 -2.946341
v -1.717307 1.07995 -2.950456
v -1.717573 1.078718 -2.954242
v -1.717827 1.077057 -2.957525
v -1.718019 1.075034 -2.960248
v -1.718171 1.072726 -2.962255
v -1.718265 1.07022 -2.963491
v -1.718297 1.067615 -2.963908
v -1.718265 1.065009 -2.963491
v -1.718171 1.062504 -2.962255
v -1.718019 1.060195 -2.960248
v -1.717814 1.058171 -2.957546
v -1.717573 1.056509 -2.954242
v -1.717307 1.055273 -2.950456
v -1.717012 1.054512 -2.94636
v -1.716881 1.080705 -2.946579
v -1.717014 1.079948 -2.950943
v -1.717147 1.078715 -2.954948
v -1.717273 1.077055 -2.958445
v -1.717366 1.075032 -2.961332
v -1.717447 1.072723 -2.963456
v -1.717498 1.070217 -2.964764
v -1.717515 1.067612 -2.965206
v -1.717498 1.065006 -2.964764
v -1.717447 1.062501 -2.963456
v -1.717366 1.060193 -2.961332
v -1.717256 1.05817 -2.958472
v -1.717144 1.056507 -2.954952
v -1.717014 1.055271 -2.950943
v -1.716866 1.05451 -2.946602
v -1.716733 1.080703 -2.946642
v -1.716718 1.079945 -2.951077
v -1.716718 1.078711 -2.955142
v -1.716722 1.07705 -2.958697
v -1.716718 1.075026 -2.961627
v -1.716734 1.072716 -2.963776
v -1.716744 1.070209 -2.965098
v -1.716748 1.067603 -2.965544
v -1.716744 1.064998 -2.965098
v -1.716734 1.062494 -2.963776
v -1.716718 1.060187 -2.961627
v -1.7167 1.058165 -2.958732
v -1.716707 1.056504 -2.955158
v -1.716718 1.055268 -2.951077
v -1.716717 1.054508 -2.946668
v -1.716745 1.01258 -2.942036
v -1.716733 1.012325 -2.937469
v -1.716751 1.011562 -2.93303
v -1.716753 1.010328 -2.928962
v -1.716758 1.008667 -2.925391
v -1.716789 1.006639 -2.922419
v -1.716822 1.004326 -2.920195
v -1.716847 1.001818 -2.918819
v -1.716857 0.999212 -2.918351
v -1.716847 0.996607 -2.918819
v -1.716822 0.994105 -2.920195
v -1.716789 0.9918 -2.922419
v -1.716758 0.98978 -2.925391
v -1.716753 0.988119 -2.928962
v -1.716751 0.986885 -2.93303
v -1.716733 0.986128 -2.937469
v -1.716881 1.012326 -2.937582
v -1.717039 1.011566 -2.933254
v -1.717174 1.010333 -2.929284
v -1.717294 1.008673 -2.925801
v -1.717417 1.006647 -2.922904
v -1.71751 1.004337 -2.920749
v -1.717568 1.00183 -2.919421
v -1.717588 0.999224 -2.918972
v -1.717568 0.996619 -2.919421
v -1.71751 0.994115 -2.920749
v -1.717417 0.991808 -2.922904
v -1.717294 0.989786 -2.925801
v -1.717174 0.988125 -2.929284
v -1.717039 0.986889 -2.933254
v -1.716881 0.986129 -2.937582
v -1.717024 1.012328 -2.937865
v -1.717323 1.011569 -2.933805
v -1.717593 1.010337 -2.930073
v -1.717827 1.008678 -2.926805
v -1.718037 1.006653 -2.924096
v -1.718194 1.004344 -2.922082
v -1.718291 1.001838 -2.920842
v -1.718323 0.999233 -2.920423
v -1.718291 0.996627 -2.920842
v -1.718194 0.994122 -2.922082
v -1.718037 0.991814 -2.924096
v -1.717827 0.989791 -2.926805
v -1.717593 0.988128 -2.930073
v -1.717323 0.986892 -2.933805
v -1.717024 0.986131 -2.937865
v -1.717157 1.012329 -2.938308
v -1.717592 1.011571 -2.934662
v -1.717986 1.010339 -2.931312
v -1.718341 1.008679 -2.928362
v -1.718638 1.006656 -2.925931
v -1.718859 1.004347 -2.924125
v -1.718996 1.001841 -2.923012
v -1.719042 0.999236 -2.922637
v -1.718996 0.99663 -2.923012
v -1.718859 0.994125 -2.924125
v -1.718638 0.991816 -2.925931
v -1.718341 0.989792 -2.928362
v -1.717986 0.988131 -2.931312
v -1.717592 0.986894 -2.934662
v -1.717157 0.986133 -2.938308
v -1.717275 1.012331 -2.938892
v -1.71783 1.011572 -2.9358
v -1.718341 1.01034 -2.93295
v -1.718802 1.008679 -2.93043
v -1.719181 1.006656 -2.928362
v -1.719463 1.004347 -2.926826
v -1.719636 1.001841 -2.92588
v -1.719694 0.999236 -2.92556
v -1.719636 0.99663 -2.92588
v -1.719463 0.994125 -2.926826
v -1.719181 0.991816 -2.928362
v -1.718802 0.989792 -2.93043
v -1.718341 0.988132 -2.93295
v -1.71783 0.986896 -2.9358
v -1.717275 0.986134 -2.938892
v -1.717374 1.012331 -2.939596
v -1.718023 1.011574 -2.937181
v -1.718638 1.01034 -2.934929
v -1.719181 1.008679 -2.93295
v -1.719626 1.006656 -2.931325
v -1.719957 1.004347 -2.930118
v -1.720161 1.001841 -2.929374
v -1.72023 0.999236 -2.929123
v -1.720161 0.99663 -2.929374
v -1.719957 0.994125 -2.930118
v -1.719626 0.991816 -2.931325
v -1.719181 0.989792 -2.93295
v -1.718638 0.988132 -2.934929
v -1.718023 0.986897 -2.937181
v -1.717374 0.986134 -2.939596
v -1.71745 1.012331 -2.940392
v -1.718171 1.011574 -2.938743
v -1.718859 1.01034 -2.937187
v -1.719463 1.008679 -2.935824
v -1.719957 1.006656 -2.934705
v -1.720325 1.004347 -2.933873
v -1.720552 1.001841 -2.933361
v -1.720628 0.999236 -2.933188
v -1.720552 0.99663 -2.933361
v -1.720325 0.994125 -2.933873
v -1.719957 0.991816 -2.934705
v -1.719463 0.989792 -2.935824
v -1.718859 0.988132 -2.937187
v -1.718171 0.986897 -2.938743
v -1.71745 0.986135 -2.940392
v -1.717497 1.012331 -2.941253
v -1.718265 1.011574 -2.940431
v -1.718996 1.01034 -2.939638
v -1.719636 1.008679 -2.938943
v -1.720161 1.006656 -2.938372
v -1.720552 1.004347 -2.937948
v -1.720792 1.001841 -2.937687
v -1.720873 0.999236 -2.937599
v -1.720792 0.99663 -2.937687
v -1.720552 0.994125 -2.937948
v -1.720161 0.991816 -2.938372
v -1.719636 0.989792 -2.938943
v -1.718996 0.988132 -2.939638
v -1.718265 0.986897 -2.940431
v -1.717497 0.986135 -2.941253
v -1.717514 1.012331 -2.942148
v -1.718297 1.011574 -2.942186
v -1.719042 1.01034 -2.942186
v -1.719694 1.008679 -2.942186
v -1.72023 1.006656 -2.942186
v -1.720628 1.004347 -2.942186
v -1.720873 1.001841 -2.942186
v -1.720956 0.999236 -2.942186
v -1.720873 0.99663 -2.942186
v -1.720628 0.994125 -2.942186
v -1.72023 0.991816 -2.942186
v -1.719694 0.989792 -2.942186
v -1.719042 0.988132 -2.942186
v -1.718297 0.986897 -2.942186
v -1.717514 0.986135 -2.942148
v -1.717497 1.012331 -2.943043
v -1.718265 1.011574 -2.943941
v -1.718996 1.01034 -2.944735
v -1.719636 1.008679 -2.94543
v -1.720161 1.006656 -2.946
v -1.720552 1.004347 -2.946424
v -1.720792 1.001841 -2.946685
v -1.720873 0.999236 -2.946773
v -1.720792 0.99663 -2.946685
v -1.720552 0.994125 -2.946424
v -1.720161 0.991816 -2.946
v -1.719636 0.989792 -2.94543
v -1.718996 0.988132 -2.944735
v -1.718265 0.986897 -2.943941
v -1.717497 0.986135 -2.943043
v -1.71745 1.012331 -2.943903
v -1.718171 1.011574 -2.945629
v -1.718859 1.01034 -2.947185
v -1.719463 1.008679 -2.948548
v -1.719957 1.006656 -2.949667
v -1.720325 1.004347 -2.950499
v -1.720552 1.001841 -2.951011
v -1.720628 0.999236 -2.951184
v -1.720552 0.99663 -2.951011
v -1.720325 0.994125 -2.950499
v -1.719957 0.991816 -2.949667
v -1.719463 0.989792 -2.948548
v -1.718859 0.988132 -2.947185
v -1.718171 0.986897 -2.945629
v -1.71745 0.986135 -2.943903
v -1.717374 1.012331 -2.944693
v -1.718023 1.011574 -2.947179
v -1.718638 1.01034 -2.949443
v -1.719181 1.008679 -2.951423
v -1.719626 1.006656 -2.953047
v -1.719957 1.004347 -2.954254
v -1.720161 1.001841 -2.954998
v -1.72023 0.999236 -2.955249
v -1.720161 0.99663 -2.954998
v -1.719957 0.994125 -2.954254
v -1.719626 0.991816 -2.953047
v -1.719181 0.989792 -2.951423
v -1.718638 0.988132 -2.949443
v -1.718019 0.986897 -2.947185
v -1.717372 0.986135 -2.944696
v -1.717275 1.012331 -2.945379
v -1.71783 1.011572 -2.948524
v -1.718341 1.01034 -2.951423
v -1.718802 1.008679 -2.953942
v -1.719181 1.006656 -2.95601
v -1.719463 1.004347 -2.957546
v -1.719636 1.001841 -2.958492
v -1.719694 0.999236 -2.958812
v -1.719636 0.99663 -2.958492
v -1.719463 0.994125 -2.957546
v -1.719181 0.991816 -2.95601
v -1.718802 0.989792 -2.953942
v -1.718341 0.988132 -2.951423
v -1.717818 0.986897 -2.948542
v -1.717269 0.986134 -2.945388
v -1.716745 0.98587 -2.942036
v -1.717157 1.012329 -2.945936
v -1.717587 1.011572 -2.949633
v -1.717978 1.01034 -2.953047
v -1.718341 1.008679 -2.95601
v -1.718638 1.006656 -2.958441
v -1.718859 1.004347 -2.960248
v -1.718996 1.001841 -2.96136
v -1.719042 0.999236 -2.961736
v -1.718996 0.99663 -2.96136
v -1.718859 0.994125 -2.960248
v -1.718638 0.991816 -2.958441
v -1.718341 0.989792 -2.95601
v -1.717978 0.988132 -2.953047
v -1.71758 0.986896 -2.949643
v -1.717148 0.986134 -2.94595
v -1.717024 1.012328 -2.946341
v -1.717307 1.011571 -2.950456
v -1.717573 1.010339 -2.954242
v -1.717827 1.008678 -2.957525
v -1.718019 1.006656 -2.960248
v -1.718171 1.004347 -2.962255
v -1.718265 1.001841 -2.963491
v -1.718297 0.999236 -2.963908
v -1.718265 0.99663 -2.963491
v -1.718171 0.994125 -2.962255
v -1.718019 0.991816 -2.960248
v -1.717814 0.989792 -2.957546
v -1.717573 0.988131 -2.954242
v -1.717307 0.986894 -2.950456
v -1.717012 0.986133 -2.94636
v -1.716881 1.012326 -2.946579
v -1.717014 1.011569 -2.950943
v -1.717147 1.010337 -2.954948
v -1.717273 1.008676 -2.958445
v -1.717366 1.006653 -2.961332
v -1.717447 1.004344 -2.963456
v -1.717498 1.001838 -2.964764
v -1.717515 0.999233 -2.965206
v -1.717498 0.996627 -2.964764
v -1.717447 0.994122 -2.963456
v -1.717366 0.991814 -2.961332
v -1.717256 0.989791 -2.958472
v -1.717144 0.988128 -2.954952
v -1.717014 0.986892 -2.950943
v -1.716866 0.986131 -2.946602
v -1.716733 1.012325 -2.946642
v -1.716718 1.011566 -2.951077
v -1.716718 1.010332 -2.955142
v -1.716722 1.008671 -2.958697
v -1.716718 1.006647 -2.961627
v -1.716734 1.004337 -2.963776
v -1.716744 1.00183 -2.965098
v -1.716748 0.999224 -2.965544
v -1.716744 0.996619 -2.965098
v -1.716734 0.994115 -2.963776
v -1.716718 0.991808 -2.961627
v -1.7167 0.989786 -2.958732
v -1.716707 0.988125 -2.955158
v -1.716718 0.986889 -2.951077
v -1.716717 0.986129 -2.946668
vn -0.9308 -0.3547 -0.0885
vn -0.9923 -0.12 -0.0312
vn -0.9066 -0.3317 -0.2607
vn -0.9886 -0.1173 -0.094
vn -0.9996 -0.0175 -0.0204
vn -0.9978 -0.0182 -0.064
vn -0.9983 -0.0549 -0.0212
vn -0.9963 -0.0559 -0.0652
vn -0.9114 -0.0744 -0.4047
vn -0.8971 -0.2214 -0.3824
vn -0.9899 -0.0267 -0.1395
vn -0.9874 -0.0806 -0.1365
vn -0.9996 0.0175 -0.0204
vn -0.9983 0.0549 -0.0212
vn -0.9978 0.0182 -0.064
vn -0.9963 0.0559 -0.0652
vn -0.9308 0.3547 -0.0885
vn -0.9067 0.3317 -0.2607
vn -0.9923 0.12 -0.0312
vn -0.9886 0.1173 -0.094
vn -0.9114 0.0744 -0.4047
vn -0.9899 0.0267 -0.1395
vn -0.8971 0.2214 -0.3824
vn -0.9874 0.0806 -0.1365
vn 0.9308 -0.3547 -0.0885
vn 0.9067 -0.3317 -0.2607
vn 0.9923 -0.12 -0.0312
vn 0.9886 -0.1173 -0.094
vn 0.9114 -0.0744 -0.4047
vn 0.9899 -0.0267 -0.1395
vn 0.8971 -0.2214 -0.3824
vn 0.9874 -0.0806 -0.1365
vn 0.9996 -0.0175 -0.0204
vn 0.9983 -0.055 -0.0212
vn 0.9978 -0.0182 -0.064
vn 0.9963 -0.0559 -0.0652
vn 0.9308 0.3547 -0.0885
vn 0.9923 0.12 -0.0312
vn 0.9067 0.3317 -0.2607
vn 0.9886 0.1173 -0.094
vn 0.9996 0.0175 -0.0204
vn 0.9978 0.0182 -0.064
vn 0.9983 0.055 -0.0212
vn 0.9963 0.0559 -0.0652
vn 0.9114 0.0744 -0.4047
vn 0.8971 0.2214 -0.3824
vn 0.9899 0.0267 -0.1395
vn 0.9874 0.0806 -0.1365
vn -0.9308 -0.3547 0.0885
vn -0.9067 -0.3317 0.2607
vn -0.9923 -0.12 0.0312
vn -0.9886 -0.1173 0.094
vn -0.9114 -0.0744 0.4047
vn -0.9899 -0.0267 0.1395
vn -0.8971 -0.2214 0.3824
vn -0.9874 -0.0806 0.1365
vn -0.9996 -0.0175 0.0204
vn -0.9983 -0.055 0.0212
vn -0.9978 -0.0182 0.064
vn -0.9963 -0.0559 0.0652
vn -0.9308 0.3547 0.0885
vn -0.9923 0.12 0.0312
vn -0.9067 0.3317 0.2607
vn -0.9886 0.1173 0.094
vn -0.9996 0.0175 0.0203
vn -0.9978 0.0182 0.064
vn -0.9983 0.055 0.0212
vn -0.9963 0.0559 0.0652
vn -0.9114 0.0744 0.4047
vn -0.8971 0.2214 0.3824
vn -0.9899 0.0267 0.1395
vn -0.9874 0.0806 0.1365
vn 0.9308 -0.3547 0.0885
vn 0.9923 -0.12 0.0312
vn 0.9067 -0.3317 0.2607
vn 0.9886 -0.1173 0.094
vn 0.9996 -0.0175 0.0204
vn 0.9978 -0.0182 0.064
vn 0.9983 -0.0549 0.0212
vn 0.9963 -0.0559 0.0652
vn 0.9114 -0.0744 0.4047
vn 0.8971 -0.2214 0.3824
vn 0.9899 -0.0267 0.1395
vn 0.9874 -0.0806 0.1365
vn 0.9308 0.3547 0.0885
vn 0.9066 0.3317 0.2607
vn 0.9923 0.12 0.0312
vn 0.9886 0.1173 0.094
vn 0.9114 0.0744 0.4047
vn 0.9899 0.0267 0.1395
vn 0.8971 0.2214 0.3824
vn 0.9874 0.0806 0.1365
vn 0.9996 0.0175 0.0204
vn 0.9983 0.0549 0.0212
vn 0.9978 0.0182 0.064
vn 0.9963 0.0559 0.0652
vn 0 -0.9742 -0.2258
vn 0 -0.789 -0.6144
vn 0 -0.4974 -0.8675
vn 0 -0.1683 -0.9857
vn -0.9998 0 -0.0189
vn -0.998 0 -0.0634
vn -0.99 0 -0.1409
vn -0.9022 0 -0.4313
vn 0 0.9742 -0.2258
vn 0 0.789 -0.6144
vn 0 0.4974 -0.8675
vn 0 0.1683 -0.9857
vn 0.9998 0 -0.0189
vn 0.998 0 -0.0634
vn 0.99 0 -0.1409
vn 0.9022 0 -0.4313
vn 0.9252 -0.3795 0
vn 0.9926 -0.1212 0
vn 0.9985 -0.0544 0
vn 0.9999 -0.0162 0
vn 0.9252 0.3795 0
vn 0.9926 0.1212 0
vn 0.9985 0.0544 0
vn 0.9999 0.0162 0
vn 0.9022 0 0.4313
vn 0.99 0 0.1409
vn 0.998 0 0.0634
vn 0.9998 0 0.0189
vn 0 -0.9742 0.2258
vn 0 -0.789 0.6144
vn 0 -0.4974 0.8675
vn 0 -0.1683 0.9857
vn 0 0.9742 0.2258
vn 0 0.789 0.6144
vn 0 0.4974 0.8675
vn 0 0.1683 0.9857
vn -0.9998 0 0.0189
vn -0.998 0 0.0634
vn -0.99 0 0.1409
vn -0.9022 0 0.4313
vn -0.9252 -0.3795 0
vn -0.9926 -0.1212 0
vn -0.9985 -0.0544 0
vn -0.9999 -0.0162 0
vn -0.9252 0.3795 0
vn -0.9926 0.1212 0
vn -0.9985 0.0544 0
vn -0.9999 0.0162 0
vn 0 -1 0
vn 0 0 -1
vn -1 0 0
vn 0 1 0
vn 1 0 0
vn 0 0 1
vn -0.3953 -0.9177 -0.0403
vn -0.7923 -0.6095 -0.0277
vn -0.9112 -0.4114 -0.0192
vn -0.9545 -0.2979 -0.0145
vn -0.9741 -0.2256 -0.0117
vn -0.9845 -0.1748 -0.0099
vn -0.4068 -0.9057 -0.1198
vn -0.801 -0.5931 -0.0811
vn -0.9152 -0.3989 -0.0566
vn -0.956 -0.2901 -0.0432
vn -0.9745 -0.2217 -0.0351
vn -0.9843 -0.1738 -0.0301
vn -0.4127 -0.8886 -0.2003
vn -0.8072 -0.5749 -0.1341
vn -0.918 -0.3855 -0.0932
vn -0.9568 -0.2819 -0.071
vn -0.9743 -0.2176 -0.058
vn -0.9837 -0.1726 -0.0498
vn -0.4172 -0.8639 -0.2822
vn -0.8123 -0.5528 -0.1857
vn -0.9199 -0.3706 -0.1282
vn -0.9571 -0.2729 -0.0974
vn -0.9738 -0.213 -0.0795
vn -0.9829 -0.1712 -0.0683
vn -0.4242 -0.8287 -0.3652
vn -0.8187 -0.5238 -0.2351
vn -0.9222 -0.3517 -0.1609
vn -0.9576 -0.2612 -0.1218
vn -0.9732 -0.2072 -0.0993
vn -0.9818 -0.1696 -0.0853
vn -0.4343 -0.781 -0.4489
vn -0.8271 -0.4865 -0.2814
vn -0.9257 -0.3268 -0.1904
vn -0.9589 -0.2448 -0.1435
vn -0.9733 -0.1976 -0.1166
vn -0.9808 -0.1678 -0.0999
vn -0.9999 -0.0105 -0.0068
vn -0.9997 -0.0109 -0.0207
vn -0.9993 -0.0112 -0.0353
vn -0.9986 -0.0116 -0.051
vn -0.9976 -0.0124 -0.0686
vn -0.9959 -0.0135 -0.0893
vn -0.9995 -0.0316 -0.0072
vn -0.9992 -0.0327 -0.0215
vn -0.9988 -0.0339 -0.0365
vn -0.998 -0.0355 -0.0524
vn -0.9969 -0.0378 -0.0697
vn -0.9951 -0.0411 -0.0898
vn -0.9985 -0.0538 -0.0074
vn -0.9982 -0.0557 -0.0224
vn -0.9976 -0.0577 -0.0378
vn -0.9967 -0.0601 -0.0539
vn -0.9955 -0.0634 -0.0709
vn -0.9936 -0.0685 -0.0902
vn -0.9969 -0.0779 -0.0076
vn -0.9965 -0.0801 -0.0233
vn -0.9958 -0.0824 -0.0394
vn -0.9948 -0.085 -0.0556
vn -0.9934 -0.0887 -0.0724
vn -0.9914 -0.0946 -0.0905
vn -0.9945 -0.1047 -0.0081
vn -0.994 -0.1067 -0.0248
vn -0.9932 -0.1086 -0.0415
vn -0.9922 -0.1107 -0.058
vn -0.9908 -0.1135 -0.0741
vn -0.9887 -0.1188 -0.0911
vn -0.9907 -0.1361 -0.0088
vn -0.9902 -0.137 -0.0268
vn -0.9895 -0.1378 -0.0446
vn -0.9885 -0.1385 -0.0616
vn -0.9872 -0.1394 -0.0776
vn -0.9858 -0.1406 -0.0917
vn -0.5485 -0.0857 -0.8317
vn -0.5451 -0.2489 -0.8006
vn -0.5268 -0.3978 -0.7512
vn -0.5019 -0.5261 -0.6865
vn -0.4758 -0.6317 -0.612
vn -0.4516 -0.7164 -0.5319
vn -0.8921 -0.0482 -0.4493
vn -0.8901 -0.14 -0.4337
vn -0.8816 -0.227 -0.4139
vn -0.8687 -0.3066 -0.3891
vn -0.8538 -0.377 -0.3589
vn -0.8392 -0.4375 -0.323
vn -0.9586 -0.0315 -0.2832
vn -0.9575 -0.0918 -0.2735
vn -0.9532 -0.1495 -0.2627
vn -0.9467 -0.203 -0.2502
vn -0.939 -0.2513 -0.2347
vn -0.9315 -0.2932 -0.2152
vn -0.9796 -0.0231 -0.1996
vn -0.9786 -0.0682 -0.1939
vn -0.9758 -0.1115 -0.1879
vn -0.9717 -0.1518 -0.1811
vn -0.9668 -0.1886 -0.1724
vn -0.9621 -0.2205 -0.1607
vn -0.9886 -0.0183 -0.1495
vn -0.9877 -0.0548 -0.1465
vn -0.9856 -0.09 -0.1435
vn -0.9824 -0.123 -0.1404
vn -0.9788 -0.1528 -0.1362
vn -0.9753 -0.179 -0.1293
vn -0.9932 -0.0153 -0.1151
vn -0.9924 -0.0464 -0.1142
vn -0.9906 -0.0767 -0.1133
vn -0.9881 -0.1052 -0.1124
vn -0.9851 -0.1309 -0.1111
vn -0.9821 -0.1533 -0.1098
vn -0.9999 0.0105 -0.0068
vn -0.9995 0.0317 -0.0071
vn -0.9985 0.0539 -0.0073
vn -0.9969 0.0779 -0.0076
vn -0.9945 0.1047 -0.008
vn -0.9907 0.1361 -0.0087
vn -0.9997 0.011 -0.0206
vn -0.9992 0.0329 -0.0214
vn -0.9982 0.0558 -0.0221
vn -0.9965 0.0801 -0.0231
vn -0.994 0.1065 -0.0246
vn -0.9902 0.1368 -0.0268
vn -0.9993 0.0113 -0.0352
vn -0.9988 0.0342 -0.0363
vn -0.9976 0.0579 -0.0376
vn -0.9958 0.0825 -0.0393
vn -0.9932 0.1084 -0.0413
vn -0.9895 0.1376 -0.0446
vn -0.9986 0.0118 -0.0509
vn -0.998 0.0358 -0.0524
vn -0.9967 0.0603 -0.0538
vn -0.9948 0.0851 -0.0555
vn -0.9922 0.1106 -0.0579
vn -0.9885 0.1384 -0.0615
vn -0.9976 0.0124 -0.0686
vn -0.9968 0.038 -0.0699
vn -0.9954 0.0636 -0.0712
vn -0.9934 0.0888 -0.0724
vn -0.9908 0.1135 -0.0742
vn -0.9872 0.1394 -0.0776
vn -0.9959 0.0135 -0.0894
vn -0.9951 0.0413 -0.0899
vn -0.9935 0.0686 -0.0903
vn -0.9914 0.0947 -0.0906
vn -0.9887 0.1187 -0.0911
vn -0.9858 0.1405 -0.0918
vn -0.3953 0.9177 -0.0403
vn -0.4033 0.9071 -0.1203
vn -0.4081 0.8905 -0.2012
vn -0.4131 0.8656 -0.283
vn -0.4218 0.8298 -0.3654
vn -0.4335 0.7814 -0.4489
vn -0.7914 0.6106 -0.028
vn -0.7988 0.5959 -0.0821
vn -0.8046 0.5782 -0.1353
vn -0.8102 0.5556 -0.1867
vn -0.8172 0.526 -0.2357
vn -0.8266 0.4874 -0.2815
vn -0.911 0.4119 -0.0195
vn -0.9147 0.4001 -0.0573
vn -0.9173 0.3871 -0.094
vn -0.9193 0.3719 -0.1288
vn -0.9218 0.3527 -0.1612
vn -0.9255 0.3273 -0.1903
vn -0.9545 0.298 -0.0147
vn -0.956 0.2902 -0.0435
vn -0.9568 0.282 -0.0714
vn -0.957 0.2731 -0.0977
vn -0.9575 0.2616 -0.1219
vn -0.9588 0.245 -0.1435
vn -0.9742 0.2255 -0.0117
vn -0.9746 0.2213 -0.0353
vn -0.9744 0.2173 -0.0581
vn -0.9738 0.2129 -0.0796
vn -0.9733 0.2072 -0.0993
vn -0.9733 0.1976 -0.1166
vn -0.9846 0.1747 -0.0099
vn -0.9844 0.1734 -0.0301
vn -0.9838 0.1723 -0.0497
vn -0.9829 0.1711 -0.0683
vn -0.9818 0.1695 -0.0852
vn -0.9807 0.1677 -0.1
vn -0.5485 0.0857 -0.8317
vn -0.8926 0.0476 -0.4484
vn -0.9587 0.0309 -0.2828
vn -0.9796 0.0228 -0.1997
vn -0.9886 0.0182 -0.1495
vn -0.9932 0.0153 -0.1152
vn -0.5491 0.2475 -0.7982
vn -0.8916 0.1382 -0.4312
vn -0.9578 0.0907 -0.2726
vn -0.9787 0.0676 -0.194
vn -0.9877 0.0545 -0.1467
vn -0.9923 0.0464 -0.1145
vn -0.5322 0.3956 -0.7485
vn -0.8835 0.2247 -0.411
vn -0.9537 0.1483 -0.2616
vn -0.9759 0.111 -0.1877
vn -0.9855 0.0899 -0.1437
vn -0.9906 0.0767 -0.1135
vn -0.5067 0.5245 -0.6842
vn -0.8704 0.3048 -0.3867
vn -0.9471 0.2022 -0.2493
vn -0.9718 0.1516 -0.1808
vn -0.9824 0.1229 -0.1404
vn -0.9881 0.1051 -0.1125
vn -0.4787 0.6308 -0.6107
vn -0.855 0.3759 -0.3573
vn -0.9393 0.2509 -0.2339
vn -0.9668 0.1884 -0.1724
vn -0.9788 0.1528 -0.1361
vn -0.9851 0.131 -0.1111
vn -0.4524 0.7162 -0.5315
vn -0.8395 0.4374 -0.3224
vn -0.9316 0.2933 -0.2148
vn -0.9621 0.2205 -0.1604
vn -0.9753 0.179 -0.1294
vn -0.9821 0.1533 -0.1098
vn 0.3953 -0.9177 -0.0403
vn 0.4031 -0.9072 -0.1203
vn 0.4078 -0.8906 -0.2011
vn 0.4131 -0.8656 -0.2829
vn 0.4216 -0.8299 -0.3654
vn 0.4336 -0.7814 -0.4488
vn 0.7914 -0.6106 -0.028
vn 0.7988 -0.5959 -0.0821
vn 0.8046 -0.5782 -0.1353
vn 0.8101 -0.5557 -0.1868
vn 0.8172 -0.5258 -0.2358
vn 0.8266 -0.4873 -0.2815
vn 0.911 -0.412 -0.0195
vn 0.9147 -0.4 -0.0573
vn 0.9173 -0.387 -0.0939
vn 0.9193 -0.3719 -0.1287
vn 0.9218 -0.3526 -0.161
vn 0.9255 -0.3274 -0.1905
vn 0.9545 -0.2979 -0.0146
vn 0.956 -0.2901 -0.0435
vn 0.9568 -0.282 -0.0714
vn 0.957 -0.2732 -0.0977
vn 0.9574 -0.2617 -0.122
vn 0.9588 -0.2451 -0.1435
vn 0.9742 -0.2255 -0.0118
vn 0.9745 -0.2214 -0.0353
vn 0.9744 -0.2173 -0.0581
vn 0.9738 -0.2129 -0.0796
vn 0.9733 -0.2072 -0.0992
vn 0.9733 -0.1975 -0.1166
vn 0.9846 -0.1747 -0.0099
vn 0.9844 -0.1734 -0.0301
vn 0.9838 -0.1723 -0.0497
vn 0.9829 -0.171 -0.0683
vn 0.9818 -0.1695 -0.0852
vn 0.9807 -0.1678 -0.1
vn 0.5485 -0.0856 -0.8317
vn 0.8925 -0.0477 -0.4485
vn 0.9587 -0.0309 -0.2827
vn 0.9796 -0.0228 -0.1996
vn 0.9886 -0.0182 -0.1496
vn 0.9932 -0.0153 -0.1151
vn 0.549 -0.2475 -0.7983
vn 0.8916 -0.1382 -0.4312
vn 0.9578 -0.0908 -0.2727
vn 0.9787 -0.0676 -0.1939
vn 0.9877 -0.0545 -0.1468
vn 0.9924 -0.0464 -0.1144
vn 0.5323 -0.3956 -0.7484
vn 0.8836 -0.2246 -0.4109
vn 0.9537 -0.1483 -0.2617
vn 0.9759 -0.111 -0.1878
vn 0.9855 -0.0898 -0.1436
vn 0.9906 -0.0767 -0.1136
vn 0.5065 -0.5246 -0.6843
vn 0.8704 -0.3047 -0.3867
vn 0.9471 -0.2022 -0.2493
vn 0.9718 -0.1516 -0.1809
vn 0.9824 -0.1229 -0.1404
vn 0.9881 -0.1052 -0.1124
vn 0.4786 -0.6308 -0.6108
vn 0.8549 -0.376 -0.3574
vn 0.9393 -0.2508 -0.2339
vn 0.9668 -0.1884 -0.1723
vn 0.9788 -0.1528 -0.1362
vn 0.9852 -0.1309 -0.1109
vn 0.4525 -0.7161 -0.5314
vn 0.8394 -0.4375 -0.3224
vn 0.9316 -0.2932 -0.2149
vn 0.9621 -0.2205 -0.1605
vn 0.9753 -0.1789 -0.1293
vn 0.982 -0.1535 -0.1098
vn 0.9999 -0.0105 -0.0068
vn 0.9995 -0.0317 -0.0071
vn 0.9985 -0.0539 -0.0073
vn 0.9969 -0.0779 -0.0076
vn 0.9945 -0.1047 -0.008
vn 0.9907 -0.1361 -0.0087
vn 0.9997 -0.0109 -0.0207
vn 0.9992 -0.0329 -0.0213
vn 0.9982 -0.0559 -0.0222
vn 0.9965 -0.0801 -0.0231
vn 0.994 -0.1065 -0.0246
vn 0.9902 -0.1368 -0.0268
vn 0.9993 -0.0113 -0.0352
vn 0.9988 -0.0342 -0.0364
vn 0.9976 -0.0579 -0.0376
vn 0.9958 -0.0824 -0.0392
vn 0.9932 -0.1084 -0.0413
vn 0.9895 -0.1375 -0.0446
vn 0.9986 -0.0118 -0.0509
vn 0.998 -0.0358 -0.0524
vn 0.9967 -0.0603 -0.0539
vn 0.9948 -0.0851 -0.0555
vn 0.9922 -0.1106 -0.0578
vn 0.9885 -0.1384 -0.0615
vn 0.9976 -0.0124 -0.0686
vn 0.9968 -0.038 -0.0699
vn 0.9954 -0.0636 -0.0711
vn 0.9934 -0.0888 -0.0724
vn 0.9908 -0.1135 -0.0742
vn 0.9872 -0.1394 -0.0775
vn 0.9959 -0.0135 -0.0895
vn 0.9951 -0.0413 -0.0899
vn 0.9936 -0.0686 -0.0903
vn 0.9914 -0.0947 -0.0907
vn 0.9887 -0.1187 -0.0912
vn 0.9858 -0.1405 -0.0916
vn 0.3952 0.9177 -0.0403
vn 0.7923 0.6095 -0.0277
vn 0.9112 0.4115 -0.0192
vn 0.9545 0.2978 -0.0145
vn 0.9741 0.2257 -0.0117
vn 0.9846 0.1748 -0.0099
vn 0.4071 0.9055 -0.1197
vn 0.8009 0.5932 -0.0811
vn 0.9152 0.399 -0.0566
vn 0.956 0.29 -0.0431
vn 0.9745 0.2217 -0.0352
vn 0.9843 0.1738 -0.0301
vn 0.4129 0.8884 -0.2004
vn 0.8073 0.5748 -0.134
vn 0.9179 0.3857 -0.0933
vn 0.9568 0.2819 -0.0711
vn 0.9743 0.2176 -0.0579
vn 0.9837 0.1726 -0.0497
vn 0.4173 0.8638 -0.2823
vn 0.8125 0.5527 -0.1857
vn 0.9199 0.3707 -0.1282
vn 0.9571 0.2729 -0.0974
vn 0.9738 0.213 -0.0795
vn 0.9829 0.1712 -0.0683
vn 0.4242 0.8288 -0.365
vn 0.8187 0.5237 -0.2353
vn 0.9222 0.3516 -0.1608
vn 0.9575 0.2613 -0.1219
vn 0.9732 0.2072 -0.0994
vn 0.9818 0.1695 -0.0852
vn 0.4344 0.7809 -0.449
vn 0.827 0.4866 -0.2817
vn 0.9258 0.3267 -0.1903
vn 0.9589 0.2449 -0.1435
vn 0.9733 0.1975 -0.1166
vn 0.9807 0.1678 -0.1001
vn 0.9999 0.0105 -0.0068
vn 0.9997 0.0108 -0.0207
vn 0.9993 0.0112 -0.0352
vn 0.9986 0.0116 -0.051
vn 0.9976 0.0124 -0.0686
vn 0.9959 0.0135 -0.0894
vn 0.9995 0.0316 -0.0071
vn 0.9992 0.0327 -0.0216
vn 0.9988 0.0339 -0.0364
vn 0.998 0.0355 -0.0524
vn 0.9968 0.0378 -0.0697
vn 0.9951 0.0411 -0.0898
vn 0.9985 0.0538 -0.0074
vn 0.9982 0.0557 -0.0224
vn 0.9976 0.0576 -0.0378
vn 0.9967 0.06 -0.054
vn 0.9955 0.0634 -0.071
vn 0.9936 0.0685 -0.0902
vn 0.9969 0.0779 -0.0076
vn 0.9965 0.0801 -0.0234
vn 0.9958 0.0824 -0.0393
vn 0.9948 0.085 -0.0556
vn 0.9934 0.0887 -0.0724
vn 0.9914 0.0947 -0.0906
vn 0.9945 0.1047 -0.0081
vn 0.994 0.1067 -0.0248
vn 0.9932 0.1086 -0.0415
vn 0.9922 0.1107 -0.0579
vn 0.9908 0.1135 -0.0741
vn 0.9887 0.1188 -0.0912
vn 0.9906 0.1362 -0.0087
vn 0.9902 0.137 -0.0268
vn 0.9895 0.1377 -0.0446
vn 0.9884 0.1384 -0.0617
vn 0.9872 0.1394 -0.0774
vn 0.9858 0.1405 -0.0918
vn 0.5486 0.0856 -0.8317
vn 0.5449 0.2489 -0.8007
vn 0.5265 0.3978 -0.7513
vn 0.5019 0.5259 -0.6867
vn 0.4759 0.6318 -0.6119
vn 0.4519 0.7161 -0.5319
vn 0.892 0.0483 -0.4495
vn 0.8901 0.14 -0.4337
vn 0.8816 0.2271 -0.4137
vn 0.8686 0.3066 -0.3892
vn 0.8539 0.377 -0.3587
vn 0.8391 0.4376 -0.3231
vn 0.9586 0.0315 -0.2832
vn 0.9575 0.0918 -0.2735
vn 0.9533 0.1495 -0.2626
vn 0.9467 0.203 -0.2501
vn 0.939 0.2513 -0.2347
vn 0.9315 0.2933 -0.2152
vn 0.9796 0.023 -0.1997
vn 0.9786 0.0682 -0.1939
vn 0.9759 0.1115 -0.1878
vn 0.9717 0.1519 -0.1811
vn 0.9668 0.1886 -0.1725
vn 0.9621 0.2205 -0.1606
vn 0.9886 0.0183 -0.1494
vn 0.9877 0.0548 -0.1465
vn 0.9855 0.09 -0.1436
vn 0.9824 0.123 -0.1403
vn 0.9788 0.1528 -0.1361
vn 0.9753 0.179 -0.1293
vn 0.9932 0.0153 -0.1151
vn 0.9924 0.0464 -0.1142
vn 0.9906 0.0767 -0.1133
vn 0.9881 0.1052 -0.1124
vn 0.9852 0.1308 -0.111
vn 0.9821 0.1534 -0.1097
vn -0.3953 -0.9177 0.0403
vn -0.4031 -0.9072 0.1203
vn -0.4078 -0.8906 0.2012
vn -0.4131 -0.8656 0.2829
vn -0.4216 -0.8299 0.3655
vn -0.4336 -0.7813 0.449
vn -0.7914 -0.6106 0.028
vn -0.7988 -0.5959 0.0821
vn -0.8046 -0.5782 0.1352
vn -0.8101 -0.5557 0.1867
vn -0.8173 -0.5258 0.2356
vn -0.8266 -0.4873 0.2815
vn -0.911 -0.412 0.0195
vn -0.9147 -0.4 0.0573
vn -0.9173 -0.387 0.0939
vn -0.9193 -0.3719 0.1288
vn -0.9218 -0.3526 0.1611
vn -0.9255 -0.3274 0.1903
vn -0.9545 -0.2979 0.0146
vn -0.956 -0.2901 0.0435
vn -0.9568 -0.282 0.0714
vn -0.957 -0.2732 0.0977
vn -0.9574 -0.2617 0.1219
vn -0.9588 -0.2451 0.1435
vn -0.9742 -0.2255 0.0117
vn -0.9745 -0.2214 0.0353
vn -0.9744 -0.2174 0.0581
vn -0.9738 -0.2129 0.0796
vn -0.9733 -0.2072 0.0993
vn -0.9733 -0.1975 0.1167
vn -0.9846 -0.1747 0.0099
vn -0.9844 -0.1734 0.0301
vn -0.9838 -0.1723 0.0498
vn -0.9829 -0.171 0.0683
vn -0.9818 -0.1696 0.0852
vn -0.9807 -0.1678 0.1
vn -0.5486 -0.0857 0.8317
vn -0.8925 -0.0476 0.4485
vn -0.9587 -0.031 0.2828
vn -0.9796 -0.0228 0.1996
vn -0.9886 -0.0181 0.1496
vn -0.9932 -0.0153 0.1151
vn -0.5491 -0.2475 0.7982
vn -0.8916 -0.1382 0.4311
vn -0.9578 -0.0907 0.2727
vn -0.9787 -0.0676 0.194
vn -0.9877 -0.0545 0.1467
vn -0.9923 -0.0464 0.1145
vn -0.5322 -0.3957 0.7485
vn -0.8836 -0.2246 0.4109
vn -0.9537 -0.1483 0.2617
vn -0.9759 -0.111 0.1877
vn -0.9855 -0.0898 0.1437
vn -0.9906 -0.0767 0.1135
vn -0.5064 -0.5244 0.6845
vn -0.8705 -0.3048 0.3865
vn -0.9471 -0.2022 0.2494
vn -0.9718 -0.1515 0.1808
vn -0.9824 -0.1229 0.1405
vn -0.9881 -0.1052 0.1123
vn -0.4786 -0.6308 0.6108
vn -0.8549 -0.376 0.3574
vn -0.9393 -0.2508 0.2339
vn -0.9668 -0.1885 0.1723
vn -0.9788 -0.1529 0.1361
vn -0.9852 -0.1309 0.111
vn -0.4526 -0.7162 0.5313
vn -0.8394 -0.4375 0.3225
vn -0.9316 -0.2932 0.2149
vn -0.9621 -0.2205 0.1605
vn -0.9753 -0.1789 0.1294
vn -0.982 -0.1535 0.1098
vn -0.9999 -0.0105 0.0068
vn -0.9995 -0.0317 0.0071
vn -0.9985 -0.0539 0.0073
vn -0.9969 -0.0779 0.0076
vn -0.9945 -0.1047 0.0081
vn -0.9907 -0.1361 0.0087
vn -0.9997 -0.0109 0.0207
vn -0.9992 -0.0329 0.0213
vn -0.9982 -0.0559 0.0221
vn -0.9965 -0.0801 0.0231
vn -0.994 -0.1065 0.0246
vn -0.9902 -0.1368 0.0268
vn -0.9993 -0.0113 0.0352
vn -0.9988 -0.0342 0.0363
vn -0.9976 -0.0579 0.0376
vn -0.9958 -0.0824 0.0392
vn -0.9932 -0.1084 0.0413
vn -0.9895 -0.1376 0.0446
vn -0.9986 -0.0117 0.051
vn -0.998 -0.0358 0.0524
vn -0.9967 -0.0603 0.0539
vn -0.9948 -0.0851 0.0555
vn -0.9922 -0.1106 0.0579
vn -0.9885 -0.1384 0.0616
vn -0.9976 -0.0124 0.0686
vn -0.9968 -0.038 0.0699
vn -0.9954 -0.0636 0.0712
vn -0.9934 -0.0888 0.0724
vn -0.9908 -0.1135 0.0742
vn -0.9872 -0.1394 0.0776
vn -0.9959 -0.0135 0.0894
vn -0.9951 -0.0413 0.0899
vn -0.9935 -0.0686 0.0903
vn -0.9914 -0.0947 0.0907
vn -0.9887 -0.1187 0.0911
vn -0.9858 -0.1405 0.0917
vn -0.3952 0.9177 0.0403
vn -0.7923 0.6095 0.0277
vn -0.9112 0.4115 0.0192
vn -0.9545 0.2978 0.0145
vn -0.9741 0.2257 0.0117
vn -0.9846 0.1748 0.0099
vn -0.407 0.9055 0.1197
vn -0.801 0.5932 0.0811
vn -0.9152 0.399 0.0566
vn -0.956 0.29 0.0432
vn -0.9745 0.2217 0.0351
vn -0.9843 0.1738 0.0301
vn -0.4129 0.8885 0.2004
vn -0.8073 0.5748 0.134
vn -0.9179 0.3857 0.0933
vn -0.9568 0.2819 0.0711
vn -0.9743 0.2176 0.058
vn -0.9837 0.1726 0.0497
vn -0.4173 0.8638 0.2823
vn -0.8124 0.5527 0.1857
vn -0.9199 0.3707 0.1283
vn -0.9571 0.2729 0.0974
vn -0.9738 0.213 0.0795
vn -0.9829 0.1712 0.0683
vn -0.4242 0.8287 0.365
vn -0.8187 0.5238 0.2352
vn -0.9222 0.3517 0.1608
vn -0.9575 0.2613 0.1219
vn -0.9733 0.2072 0.0993
vn -0.9818 0.1696 0.0852
vn -0.4344 0.781 0.4488
vn -0.827 0.4866 0.2815
vn -0.9258 0.3267 0.1904
vn -0.9589 0.2449 0.1435
vn -0.9733 0.1975 0.1166
vn -0.9807 0.1679 0.1
vn -0.9999 0.0105 0.0068
vn -0.9997 0.0108 0.0207
vn -0.9993 0.0112 0.0352
vn -0.9986 0.0116 0.051
vn -0.9976 0.0123 0.0686
vn -0.9959 0.0135 0.0893
vn -0.9995 0.0316 0.0071
vn -0.9992 0.0327 0.0215
vn -0.9988 0.0339 0.0365
vn -0.998 0.0355 0.0524
vn -0.9968 0.0378 0.0698
vn -0.9951 0.0411 0.0897
vn -0.9985 0.0538 0.0074
vn -0.9982 0.0557 0.0224
vn -0.9976 0.0576 0.0378
vn -0.9967 0.06 0.0539
vn -0.9955 0.0634 0.0709
vn -0.9936 0.0685 0.0902
vn -0.9969 0.0779 0.0077
vn -0.9965 0.0801 0.0233
vn -0.9958 0.0824 0.0393
vn -0.9948 0.085 0.0556
vn -0.9934 0.0887 0.0723
vn -0.9914 0.0946 0.0906
vn -0.9945 0.1048 0.0081
vn -0.994 0.1067 0.0247
vn -0.9932 0.1086 0.0415
vn -0.9922 0.1107 0.0579
vn -0.9908 0.1135 0.0742
vn -0.9887 0.1188 0.0912
vn -0.9906 0.1362 0.0088
vn -0.9902 0.137 0.0268
vn -0.9895 0.1377 0.0446
vn -0.9885 0.1384 0.0617
vn -0.9872 0.1394 0.0774
vn -0.9858 0.1405 0.0919
vn -0.5486 0.0856 0.8317
vn -0.545 0.249 0.8006
vn -0.5265 0.3978 0.7513
vn -0.502 0.526 0.6866
vn -0.4758 0.6316 0.6121
vn -0.4519 0.7163 0.5317
vn -0.892 0.0483 0.4494
vn -0.8901 0.14 0.4337
vn -0.8816 0.227 0.4138
vn -0.8687 0.3067 0.3891
vn -0.8539 0.377 0.3589
vn -0.8391 0.4376 0.3231
vn -0.9586 0.0315 0.2832
vn -0.9575 0.0918 0.2735
vn -0.9532 0.1495 0.2627
vn -0.9467 0.203 0.2501
vn -0.9391 0.2513 0.2346
vn -0.9315 0.2933 0.2153
vn -0.9796 0.023 0.1996
vn -0.9786 0.0682 0.1939
vn -0.9759 0.1115 0.1878
vn -0.9716 0.1519 0.1813
vn -0.9668 0.1886 0.1725
vn -0.9621 0.2205 0.1606
vn -0.9886 0.0183 0.1495
vn -0.9877 0.0548 0.1465
vn -0.9855 0.09 0.1436
vn -0.9824 0.123 0.1404
vn -0.9789 0.1528 0.136
vn -0.9753 0.179 0.1294
vn -0.9932 0.0153 0.1151
vn -0.9924 0.0464 0.1142
vn -0.9906 0.0767 0.1132
vn -0.9881 0.1052 0.1123
vn -0.9851 0.1308 0.1113
vn -0.9821 0.1534 0.1097
vn 0.3953 -0.9177 0.0403
vn 0.7923 -0.6095 0.0277
vn 0.9112 -0.4114 0.0192
vn 0.9545 -0.2979 0.0145
vn 0.9741 -0.2256 0.0117
vn 0.9845 -0.1748 0.0099
vn 0.4067 -0.9057 0.1197
vn 0.801 -0.5931 0.0811
vn 0.9152 -0.3989 0.0566
vn 0.956 -0.2901 0.0432
vn 0.9745 -0.2218 0.0351
vn 0.9843 -0.1738 0.03
vn 0.4126 -0.8886 0.2004
vn 0.8072 -0.5749 0.134
vn 0.918 -0.3855 0.0932
vn 0.9568 -0.2819 0.071
vn 0.9743 -0.2176 0.0581
vn 0.9837 -0.1726 0.0497
vn 0.4172 -0.8638 0.2823
vn 0.8123 -0.5528 0.1857
vn 0.9199 -0.3706 0.1282
vn 0.9571 -0.2729 0.0974
vn 0.9738 -0.2131 0.0795
vn 0.9829 -0.1712 0.0683
vn 0.4242 -0.8287 0.3651
vn 0.8187 -0.5238 0.2352
vn 0.9222 -0.3517 0.1608
vn 0.9576 -0.2612 0.1218
vn 0.9732 -0.2072 0.0994
vn 0.9818 -0.1696 0.0852
vn 0.4343 -0.781 0.4489
vn 0.8271 -0.4865 0.2814
vn 0.9257 -0.3268 0.1903
vn 0.9589 -0.2448 0.1435
vn 0.9733 -0.1975 0.1166
vn 0.9807 -0.1678 0.1
vn 0.9999 -0.0105 0.0068
vn 0.9997 -0.0109 0.0207
vn 0.9993 -0.0112 0.0352
vn 0.9986 -0.0116 0.051
vn 0.9976 -0.0123 0.0686
vn 0.9959 -0.0135 0.0893
vn 0.9995 -0.0316 0.0071
vn 0.9992 -0.0327 0.0216
vn 0.9988 -0.0339 0.0364
vn 0.998 -0.0355 0.0524
vn 0.9968 -0.0378 0.0697
vn 0.9951 -0.0411 0.0898
vn 0.9985 -0.0538 0.0074
vn 0.9982 -0.0557 0.0224
vn 0.9976 -0.0577 0.0378
vn 0.9967 -0.0601 0.054
vn 0.9955 -0.0634 0.0709
vn 0.9936 -0.0685 0.0902
vn 0.9969 -0.0779 0.0076
vn 0.9965 -0.0801 0.0233
vn 0.9958 -0.0824 0.0394
vn 0.9948 -0.085 0.0556
vn 0.9934 -0.0887 0.0724
vn 0.9914 -0.0946 0.0906
vn 0.9945 -0.1048 0.0081
vn 0.994 -0.1067 0.0248
vn 0.9932 -0.1086 0.0415
vn 0.9922 -0.1107 0.0579
vn 0.9908 -0.1135 0.0742
vn 0.9887 -0.1188 0.0912
vn 0.9907 -0.1361 0.0088
vn 0.9902 -0.137 0.0268
vn 0.9895 -0.1378 0.0446
vn 0.9885 -0.1385 0.0616
vn 0.9872 -0.1393 0.0775
vn 0.9858 -0.1405 0.0919
vn 0.5484 -0.0856 0.8318
vn 0.545 -0.2489 0.8007
vn 0.5267 -0.3977 0.7513
vn 0.5018 -0.526 0.6866
vn 0.4758 -0.6317 0.612
vn 0.4516 -0.7164 0.5318
vn 0.8921 -0.0483 0.4493
vn 0.8902 -0.14 0.4336
vn 0.8816 -0.227 0.4137
vn 0.8687 -0.3066 0.3891
vn 0.8539 -0.377 0.3588
vn 0.8392 -0.4376 0.323
vn 0.9586 -0.0315 0.2832
vn 0.9575 -0.0918 0.2735
vn 0.9532 -0.1495 0.2627
vn 0.9467 -0.203 0.2502
vn 0.939 -0.2513 0.2347
vn 0.9315 -0.2933 0.2152
vn 0.9796 -0.0231 0.1997
vn 0.9786 -0.0682 0.194
vn 0.9758 -0.1115 0.1879
vn 0.9717 -0.1518 0.1811
vn 0.9668 -0.1886 0.1725
vn 0.9621 -0.2205 0.1606
vn 0.9886 -0.0183 0.1494
vn 0.9877 -0.0548 0.1465
vn 0.9855 -0.09 0.1436
vn 0.9824 -0.123 0.1403
vn 0.9788 -0.1528 0.136
vn 0.9753 -0.179 0.1293
vn 0.9932 -0.0153 0.1151
vn 0.9924 -0.0464 0.1142
vn 0.9906 -0.0767 0.1133
vn 0.9881 -0.1052 0.1123
vn 0.9851 -0.1309 0.1111
vn 0.9821 -0.1533 0.1097
vn 0.3953 0.9177 0.0403
vn 0.4033 0.9072 0.1202
vn 0.4081 0.8905 0.2011
vn 0.413 0.8657 0.2829
vn 0.4218 0.8298 0.3653
vn 0.4334 0.7815 0.4488
vn 0.7914 0.6106 0.028
vn 0.7988 0.5959 0.0821
vn 0.8046 0.5782 0.1353
vn 0.8102 0.5556 0.1868
vn 0.8172 0.5259 0.2357
vn 0.8266 0.4874 0.2815
vn 0.911 0.4119 0.0195
vn 0.9147 0.4001 0.0573
vn 0.9173 0.3871 0.0939
vn 0.9193 0.3719 0.1287
vn 0.9218 0.3527 0.1611
vn 0.9255 0.3273 0.1905
vn 0.9545 0.298 0.0146
vn 0.956 0.2902 0.0435
vn 0.9568 0.282 0.0714
vn 0.957 0.2731 0.0977
vn 0.9575 0.2616 0.1219
vn 0.9588 0.245 0.1434
vn 0.9742 0.2255 0.0117
vn 0.9746 0.2213 0.0353
vn 0.9744 0.2173 0.0581
vn 0.9738 0.2129 0.0796
vn 0.9733 0.2072 0.0992
vn 0.9733 0.1976 0.1167
vn 0.9846 0.1747 0.0099
vn 0.9844 0.1734 0.0301
vn 0.9838 0.1723 0.0497
vn 0.9829 0.1711 0.0683
vn 0.9818 0.1696 0.0853
vn 0.9808 0.1677 0.0999
vn 0.5486 0.0856 0.8317
vn 0.8925 0.0477 0.4485
vn 0.9587 0.031 0.2828
vn 0.9796 0.0228 0.1996
vn 0.9886 0.0182 0.1495
vn 0.9932 0.0152 0.1152
vn 0.549 0.2475 0.7983
vn 0.8916 0.1382 0.4312
vn 0.9578 0.0907 0.2727
vn 0.9787 0.0676 0.1939
vn 0.9877 0.0545 0.1467
vn 0.9923 0.0464 0.1144
vn 0.5323 0.3957 0.7484
vn 0.8835 0.2247 0.4111
vn 0.9537 0.1483 0.2616
vn 0.9759 0.111 0.1878
vn 0.9855 0.0898 0.1438
vn 0.9906 0.0767 0.1135
vn 0.5067 0.5243 0.6844
vn 0.8704 0.3048 0.3867
vn 0.9471 0.2022 0.2492
vn 0.9717 0.1515 0.181
vn 0.9824 0.1229 0.1404
vn 0.9881 0.1052 0.1124
vn 0.4786 0.6307 0.6108
vn 0.855 0.3759 0.3573
vn 0.9393 0.2508 0.2341
vn 0.9669 0.1884 0.1723
vn 0.9788 0.1528 0.1361
vn 0.9851 0.1309 0.1111
vn 0.4524 0.7161 0.5315
vn 0.8395 0.4375 0.3222
vn 0.9316 0.2934 0.2148
vn 0.9621 0.2205 0.1605
vn 0.9753 0.179 0.1292
vn 0.982 0.1534 0.1099
vn 0.9999 0.0105 0.0068
vn 0.9995 0.0317 0.0071
vn 0.9985 0.0539 0.0073
vn 0.9969 0.0779 0.0076
vn 0.9945 0.1047 0.0081
vn 0.9907 0.1361 0.0087
vn 0.9997 0.011 0.0207
vn 0.9992 0.0329 0.0213
vn 0.9982 0.0558 0.0221
vn 0.9965 0.0801 0.0231
vn 0.994 0.1065 0.0246
vn 0.9902 0.1368 0.0268
vn 0.9993 0.0113 0.0352
vn 0.9988 0.0342 0.0363
vn 0.9976 0.0579 0.0376
vn 0.9958 0.0825 0.0392
vn 0.9932 0.1084 0.0413
vn 0.9895 0.1376 0.0446
vn 0.9986 0.0117 0.0509
vn 0.998 0.0358 0.0524
vn 0.9967 0.0603 0.0539
vn 0.9948 0.0851 0.0555
vn 0.9922 0.1106 0.0578
vn 0.9885 0.1384 0.0616
vn 0.9976 0.0124 0.0686
vn 0.9968 0.038 0.0699
vn 0.9954 0.0636 0.0712
vn 0.9934 0.0888 0.0724
vn 0.9908 0.1135 0.0741
vn 0.9872 0.1394 0.0774
vn 0.9959 0.0135 0.0894
vn 0.9951 0.0413 0.09
vn 0.9936 0.0686 0.0902
vn 0.9914 0.0947 0.0906
vn 0.9887 0.1187 0.0911
vn 0.9858 0.1405 0.0916
vn 0 -0.9991 -0.0428
vn 0 -0.9917 -0.1288
vn 0 -0.9763 -0.2164
vn 0 -0.9519 -0.3065
vn 0 -0.9165 -0.4
vn 0 -0.8678 -0.497
vn 0 -0.802 -0.5973
vn 0 -0.7151 -0.699
vn 0 -0.6027 -0.798
vn 0 -0.4611 -0.8873
vn 0 -0.2914 -0.9566
vn 0 -0.0997 -0.995
vn -1 0 -0.0067
vn -0.9998 0 -0.0203
vn -0.9994 0 -0.0346
vn -0.9987 0 -0.0503
vn -0.9977 0 -0.068
vn -0.996 0 -0.0891
vn -0.9933 0 -0.1155
vn -0.9886 0 -0.1508
vn -0.9793 0 -0.2025
vn -0.9577 0 -0.2878
vn -0.8899 0 -0.4562
vn -0.5404 0 -0.8414
vn 0 0.9991 -0.0428
vn 0 0.9917 -0.1288
vn 0 0.9763 -0.2164
vn 0 0.9519 -0.3065
vn 0 0.9165 -0.4
vn 0 0.8677 -0.497
vn 0 0.802 -0.5973
vn 0 0.7151 -0.699
vn 0 0.6027 -0.798
vn 0 0.4611 -0.8873
vn 0 0.2914 -0.9566
vn 0 0.0997 -0.995
vn 1 0 -0.0067
vn 0.9998 0 -0.0203
vn 0.9994 0 -0.0346
vn 0.9987 0 -0.0503
vn 0.9977 0 -0.068
vn 0.996 0 -0.0891
vn 0.9933 0 -0.1155
vn 0.9886 0 -0.1509
vn 0.9793 0 -0.2025
vn 0.9577 0 -0.2877
vn 0.8898 0 -0.4564
vn 0.5406 0 -0.8413
vn 0.3872 -0.922 0
vn 0.7865 -0.6176 0
vn 0.9085 -0.4179 0
vn 0.9533 -0.3019 0
vn 0.9738 -0.2276 0
vn 0.9845 -0.1753 0
vn 0.9907 -0.1357 0
vn 0.9946 -0.1038 0
vn 0.997 -0.0768 0
vn 0.9986 -0.0529 0
vn 0.9995 -0.0311 0
vn 0.9999 -0.0102 0
vn 0.3869 0.9221 0
vn 0.7865 0.6176 0
vn 0.9085 0.4179 0
vn 0.9533 0.3019 0
vn 0.9738 0.2276 0
vn 0.9845 0.1753 0
vn 0.9907 0.1357 0
vn 0.9946 0.1038 0
vn 0.997 0.0768 0
vn 0.9986 0.0529 0
vn 0.9995 0.0311 0
vn 0.9999 0.0102 0
vn 0.5404 0 0.8414
vn 0.8899 0 0.4562
vn 0.9577 0 0.2877
vn 0.9793 0 0.2025
vn 0.9886 0 0.1509
vn 0.9933 0 0.1155
vn 0.996 0 0.0891
vn 0.9977 0 0.068
vn 0.9987 0 0.0503
vn 0.9994 0 0.0346
vn 0.9998 0 0.0203
vn 1 0 0.0067
vn 0 -0.9991 0.0428
vn 0 -0.9917 0.1288
vn 0 -0.9763 0.2164
vn 0 -0.9519 0.3065
vn 0 -0.9165 0.4
vn 0 -0.8678 0.497
vn 0 -0.802 0.5973
vn 0 -0.7151 0.699
vn 0 -0.6027 0.798
vn 0 -0.4611 0.8873
vn 0 -0.2914 0.9566
vn 0 -0.0998 0.995
vn 0 0.9991 0.0428
vn 0 0.9917 0.1288
vn 0 0.9763 0.2164
vn 0 0.9519 0.3065
vn 0 0.9165 0.4
vn 0 0.8677 0.497
vn 0 0.802 0.5973
vn 0 0.7151 0.699
vn 0 0.6027 0.798
vn 0 0.4611 0.8873
vn 0 0.2914 0.9566
vn 0 0.0998 0.995
vn -1 0 0.0067
vn -0.9998 0 0.0203
vn -0.9994 0 0.0346
vn -0.9987 0 0.0503
vn -0.9977 0 0.068
vn -0.996 0 0.0891
vn -0.9933 0 0.1155
vn -0.9886 0 0.1509
vn -0.9793 0 0.2024
vn -0.9577 0 0.2878
vn -0.8899 0 0.4562
vn -0.5404 0 0.8414
vn -0.3872 -0.922 0
vn -0.7865 -0.6176 0
vn -0.9085 -0.4179 0
vn -0.9533 -0.3019 0
vn -0.9738 -0.2276 0
vn -0.9845 -0.1753 0
vn -0.9908 -0.1357 0
vn -0.9946 -0.1038 0
vn -0.997 -0.0768 0
vn -0.9986 -0.0529 0
vn -0.9995 -0.0311 0
vn -0.9999 -0.0102 0
vn -0.3869 0.9221 0
vn -0.7865 0.6176 0
vn -0.9085 0.4179 0
vn -0.9533 0.3019 0
vn -0.9738 0.2276 0
vn -0.9845 0.1753 0
vn -0.9907 0.1357 0
vn -0.9946 0.1038 0
vn -0.997 0.0768 0
vn -0.9986 0.0529 0
vn -0.9995 0.0311 0
vn -0.9999 0.0102 0
vn -0.3597 -0.9309 -0.0634
vn -0.7584 -0.6502 -0.0457
vn -0.8929 -0.4491 -0.0324
vn -0.9442 -0.3284 -0.0248
vn -0.9681 -0.2498 -0.0202
vn -0.9808 -0.194 -0.017
vn -0.3672 -0.9112 -0.1867
vn -0.7644 -0.6307 -0.1336
vn -0.8955 -0.4348 -0.0956
vn -0.9448 -0.3194 -0.0736
vn -0.9676 -0.2452 -0.0602
vn -0.9799 -0.1928 -0.0517
vn -0.3662 -0.8784 -0.3069
vn -0.7643 -0.6065 -0.219
vn -0.8945 -0.4186 -0.1568
vn -0.9431 -0.3096 -0.1211
vn -0.9656 -0.2404 -0.0993
vn -0.9778 -0.1911 -0.0855
vn -0.3607 -0.8322 -0.421
vn -0.7602 -0.5762 -0.3002
vn -0.8911 -0.4 -0.2144
vn -0.94 -0.2985 -0.1653
vn -0.9626 -0.2346 -0.1355
vn -0.975 -0.1892 -0.1167
vn -0.3549 -0.7723 -0.5269
vn -0.755 -0.5383 -0.3745
vn -0.887 -0.3769 -0.2668
vn -0.9363 -0.2847 -0.2057
vn -0.9591 -0.2274 -0.1687
vn -0.9715 -0.1871 -0.1457
vn -0.349 -0.6997 -0.6233
vn -0.7508 -0.4919 -0.4409
vn -0.8837 -0.3476 -0.3136
vn -0.9334 -0.2656 -0.2412
vn -0.9561 -0.2164 -0.1977
vn -0.9679 -0.1845 -0.1704
vn -0.9999 -0.0117 -0.0118
vn -0.9993 -0.0121 -0.0357
vn -0.9981 -0.0124 -0.0608
vn -0.9961 -0.0129 -0.0877
vn -0.9929 -0.0137 -0.1179
vn -0.9881 -0.0149 -0.1529
vn -0.9993 -0.0352 -0.0123
vn -0.9986 -0.0364 -0.0371
vn -0.9973 -0.0377 -0.0629
vn -0.9951 -0.0394 -0.0902
vn -0.9919 -0.0419 -0.1198
vn -0.9871 -0.0455 -0.1535
vn -0.9981 -0.06 -0.0127
vn -0.9973 -0.062 -0.0385
vn -0.9958 -0.0641 -0.0652
vn -0.9935 -0.0667 -0.0927
vn -0.9901 -0.0703 -0.1218
vn -0.9851 -0.0757 -0.1546
vn -0.9961 -0.0867 -0.0132
vn -0.9952 -0.0891 -0.0402
vn -0.9935 -0.0915 -0.0677
vn -0.9909 -0.0943 -0.0956
vn -0.9874 -0.0982 -0.1239
vn -0.9823 -0.1044 -0.1553
vn -0.9931 -0.1166 -0.014
vn -0.992 -0.1186 -0.0426
vn -0.9901 -0.1207 -0.0714
vn -0.9874 -0.1227 -0.0995
vn -0.9839 -0.1256 -0.1272
vn -0.9791 -0.1311 -0.1556
vn -0.9884 -0.1513 -0.0151
vn -0.9873 -0.1522 -0.0462
vn -0.9853 -0.1528 -0.0766
vn -0.9825 -0.1533 -0.1057
vn -0.9791 -0.154 -0.1324
vn -0.9754 -0.1549 -0.157
vn -0.356 -0.062 -0.9324
vn -0.3602 -0.1836 -0.9146
vn -0.3585 -0.3021 -0.8833
vn -0.3549 -0.4143 -0.8381
vn -0.3514 -0.5195 -0.7788
vn -0.3479 -0.615 -0.7077
vn -0.7539 -0.0454 -0.6555
vn -0.759 -0.1329 -0.6374
vn -0.7585 -0.2174 -0.6143
vn -0.7554 -0.2972 -0.584
vn -0.7521 -0.3699 -0.5455
vn -0.7496 -0.4355 -0.4985
vn -0.8905 -0.0325 -0.4538
vn -0.8928 -0.0954 -0.4402
vn -0.892 -0.1559 -0.4242
vn -0.8891 -0.2124 -0.4054
vn -0.8856 -0.264 -0.3822
vn -0.8833 -0.3098 -0.3519
vn -0.943 -0.0247 -0.3318
vn -0.9436 -0.0733 -0.3228
vn -0.9421 -0.12 -0.3131
vn -0.9391 -0.1635 -0.3021
vn -0.9358 -0.2033 -0.288
vn -0.9333 -0.2383 -0.2687
vn -0.9674 -0.02 -0.2524
vn -0.967 -0.0597 -0.2476
vn -0.9651 -0.0983 -0.2427
vn -0.9622 -0.134 -0.237
vn -0.9588 -0.1668 -0.2301
vn -0.956 -0.1955 -0.2186
vn -0.9804 -0.0169 -0.1962
vn -0.9796 -0.0511 -0.1945
vn -0.9776 -0.0844 -0.1929
vn -0.9747 -0.1154 -0.1912
vn -0.9714 -0.1439 -0.1891
vn -0.9679 -0.1683 -0.1868
vn -0.9999 0.0117 -0.0118
vn -0.9993 0.0353 -0.0121
vn -0.9981 0.0601 -0.0126
vn -0.9961 0.0867 -0.0132
vn -0.9931 0.1165 -0.0139
vn -0.9884 0.1512 -0.015
vn -0.9993 0.0122 -0.0357
vn -0.9987 0.0366 -0.0368
vn -0.9973 0.0621 -0.0381
vn -0.9952 0.0892 -0.0399
vn -0.9921 0.1184 -0.0424
vn -0.9873 0.1519 -0.046
vn -0.9981 0.0126 -0.0606
vn -0.9973 0.038 -0.0627
vn -0.9958 0.0644 -0.0649
vn -0.9935 0.0917 -0.0674
vn -0.9902 0.1204 -0.071
vn -0.9853 0.1527 -0.0766
vn -0.9961 0.0131 -0.0877
vn -0.9951 0.0397 -0.0902
vn -0.9934 0.067 -0.0926
vn -0.9909 0.0945 -0.0955
vn -0.9875 0.1226 -0.0992
vn -0.9825 0.1533 -0.1059
vn -0.9929 0.0138 -0.1179
vn -0.9919 0.0421 -0.12
vn -0.99 0.0705 -0.1219
vn -0.9874 0.0983 -0.1239
vn -0.9839 0.1256 -0.127
vn -0.9792 0.1539 -0.1325
vn -0.9881 0.015 -0.153
vn -0.987 0.0456 -0.1539
vn -0.985 0.0758 -0.1548
vn -0.9823 0.1046 -0.1552
vn -0.9791 0.131 -0.1558
vn -0.9754 0.1549 -0.1571
vn -0.3599 0.9308 -0.0633
vn -0.3639 0.9124 -0.1874
vn -0.3611 0.8802 -0.3079
vn -0.3566 0.8335 -0.422
vn -0.3525 0.7731 -0.5272
vn -0.349 0.7003 -0.6228
vn -0.7576 0.6511 -0.0462
vn -0.762 0.6333 -0.1352
vn -0.7614 0.6095 -0.2209
vn -0.7577 0.5788 -0.3013
vn -0.7531 0.5403 -0.3753
vn -0.7501 0.4928 -0.4411
vn -0.8926 0.4496 -0.033
vn -0.8947 0.436 -0.0967
vn -0.8937 0.42 -0.1579
vn -0.8903 0.4013 -0.2153
vn -0.8865 0.3779 -0.2669
vn -0.8835 0.348 -0.3134
vn -0.9442 0.3284 -0.025
vn -0.9447 0.3194 -0.0741
vn -0.943 0.3098 -0.1215
vn -0.9398 0.2989 -0.1656
vn -0.9362 0.285 -0.2059
vn -0.9333 0.2659 -0.2413
vn -0.9681 0.2497 -0.0203
vn -0.9676 0.2449 -0.0605
vn -0.9657 0.2399 -0.0994
vn -0.9626 0.2345 -0.1357
vn -0.9591 0.2274 -0.1688
vn -0.9561 0.2162 -0.1978
vn -0.9809 0.1939 -0.0171
vn -0.98 0.1924 -0.0517
vn -0.9779 0.1908 -0.0854
vn -0.975 0.189 -0.1168
vn -0.9715 0.187 -0.1455
vn -0.9679 0.1846 -0.1703
vn -0.3562 0.0621 -0.9324
vn -0.7548 0.0448 -0.6544
vn -0.8907 0.032 -0.4534
vn -0.943 0.0244 -0.3318
vn -0.9674 0.0198 -0.2525
vn -0.9804 0.0169 -0.1964
vn -0.3636 0.1827 -0.9135
vn -0.761 0.1315 -0.6353
vn -0.8937 0.0944 -0.4387
vn -0.9437 0.0727 -0.3226
vn -0.9669 0.0596 -0.2481
vn -0.9795 0.051 -0.1951
vn -0.3632 0.3012 -0.8817
vn -0.7614 0.2158 -0.6113
vn -0.8929 0.1546 -0.4228
vn -0.9423 0.1194 -0.3129
vn -0.9651 0.0979 -0.2428
vn -0.9775 0.0844 -0.1934
vn -0.3588 0.4136 -0.8367
vn -0.7581 0.2957 -0.5812
vn -0.8898 0.2117 -0.4044
vn -0.9392 0.1632 -0.302
vn -0.9622 0.134 -0.237
vn -0.9747 0.1156 -0.1914
vn -0.3537 0.5193 -0.778
vn -0.7537 0.3694 -0.5436
vn -0.8862 0.2636 -0.3811
vn -0.9358 0.2032 -0.2881
vn -0.9588 0.1667 -0.2299
vn -0.9713 0.1438 -0.1892
vn -0.3488 0.615 -0.7072
vn -0.7501 0.4357 -0.4974
vn -0.8834 0.3098 -0.3516
vn -0.9333 0.2383 -0.2685
vn -0.956 0.1956 -0.2186
vn -0.9678 0.1683 -0.1871
vn 0.3597 -0.9309 -0.0633
vn 0.3637 -0.9125 -0.1874
vn 0.3618 -0.8799 -0.308
vn 0.3569 -0.8334 -0.422
vn 0.3523 -0.7732 -0.5273
vn 0.3482 -0.7004 -0.6231
vn 0.7577 -0.651 -0.0461
vn 0.7621 -0.6332 -0.1351
vn 0.7614 -0.6095 -0.221
vn 0.7575 -0.579 -0.3016
vn 0.7534 -0.5402 -0.375
vn 0.7501 -0.4928 -0.4411
vn 0.8926 -0.4496 -0.033
vn 0.8947 -0.436 -0.0967
vn 0.8936 -0.42 -0.158
vn 0.8904 -0.4012 -0.2151
vn 0.8864 -0.3779 -0.2673
vn 0.8835 -0.348 -0.3136
vn 0.9442 -0.3284 -0.025
vn 0.9447 -0.3195 -0.0742
vn 0.943 -0.3098 -0.1214
vn 0.9398 -0.2989 -0.1655
vn 0.9362 -0.2849 -0.2058
vn 0.9334 -0.2658 -0.241
vn 0.9681 -0.2497 -0.0203
vn 0.9677 -0.2449 -0.0604
vn 0.9657 -0.2399 -0.0994
vn 0.9626 -0.2345 -0.1357
vn 0.959 -0.2274 -0.1689
vn 0.9561 -0.2162 -0.1978
vn 0.9809 -0.1939 -0.0171
vn 0.98 -0.1923 -0.0516
vn 0.9779 -0.1908 -0.0854
vn 0.975 -0.189 -0.1169
vn 0.9715 -0.187 -0.1454
vn 0.9679 -0.1845 -0.1704
vn 0.356 -0.062 -0.9324
vn 0.7548 -0.0448 -0.6544
vn 0.8907 -0.0321 -0.4534
vn 0.943 -0.0244 -0.3318
vn 0.9674 -0.0198 -0.2524
vn 0.9804 -0.0169 -0.1964
vn 0.3635 -0.1827 -0.9135
vn 0.7613 -0.1315 -0.6349
vn 0.8935 -0.0943 -0.439
vn 0.9437 -0.0727 -0.3227
vn 0.9669 -0.0596 -0.248
vn 0.9795 -0.051 -0.1951
vn 0.3631 -0.301 -0.8818
vn 0.7614 -0.2158 -0.6113
vn 0.893 -0.1546 -0.4227
vn 0.9422 -0.1194 -0.3129
vn 0.9651 -0.0979 -0.2429
vn 0.9775 -0.0843 -0.1932
vn 0.3586 -0.4136 -0.8368
vn 0.7581 -0.2956 -0.5813
vn 0.8898 -0.2116 -0.4044
vn 0.9392 -0.1632 -0.302
vn 0.9622 -0.134 -0.2372
vn 0.9747 -0.1156 -0.1914
vn 0.3535 -0.5192 -0.7781
vn 0.7535 -0.3693 -0.5439
vn 0.8862 -0.2636 -0.3809
vn 0.9358 -0.2032 -0.2882
vn 0.9588 -0.1667 -0.2298
vn 0.9713 -0.1438 -0.1892
vn 0.3486 -0.615 -0.7073
vn 0.7504 -0.4357 -0.4971
vn 0.8834 -0.3098 -0.3517
vn 0.9334 -0.2382 -0.2685
vn 0.956 -0.1956 -0.2188
vn 0.9679 -0.1683 -0.1868
vn 0.9999 -0.0117 -0.0118
vn 0.9993 -0.0353 -0.0122
vn 0.9981 -0.0601 -0.0125
vn 0.9961 -0.0867 -0.013
vn 0.9931 -0.1165 -0.0139
vn 0.9884 -0.1512 -0.0152
vn 0.9993 -0.0122 -0.0358
vn 0.9987 -0.0366 -0.0368
vn 0.9973 -0.0622 -0.0382
vn 0.9952 -0.0891 -0.04
vn 0.9921 -0.1184 -0.0424
vn 0.9873 -0.152 -0.0458
vn 0.9981 -0.0126 -0.0606
vn 0.9973 -0.038 -0.0628
vn 0.9958 -0.0644 -0.0649
vn 0.9935 -0.0917 -0.0674
vn 0.9902 -0.1204 -0.071
vn 0.9853 -0.1527 -0.0766
vn 0.9961 -0.0131 -0.0877
vn 0.9951 -0.0397 -0.0901
vn 0.9935 -0.067 -0.0925
vn 0.9909 -0.0945 -0.0954
vn 0.9875 -0.1226 -0.0991
vn 0.9825 -0.1532 -0.1055
vn 0.9929 -0.0138 -0.1179
vn 0.9919 -0.0421 -0.12
vn 0.99 -0.0705 -0.1219
vn 0.9874 -0.0983 -0.1242
vn 0.9839 -0.1256 -0.127
vn 0.9791 -0.154 -0.1325
vn 0.9881 -0.015 -0.153
vn 0.987 -0.0456 -0.1539
vn 0.9851 -0.0757 -0.1546
vn 0.9823 -0.1046 -0.1551
vn 0.979 -0.131 -0.1559
vn 0.9754 -0.1549 -0.1567
vn 0.3601 0.9308 -0.0634
vn 0.7585 0.65 -0.0458
vn 0.8928 0.4492 -0.0324
vn 0.9442 0.3284 -0.0248
vn 0.9681 0.2499 -0.0201
vn 0.9809 0.194 -0.017
vn 0.3673 0.9112 -0.1866
vn 0.7645 0.6306 -0.1335
vn 0.8954 0.4348 -0.0956
vn 0.9448 0.3193 -0.0736
vn 0.9676 0.2453 -0.0603
vn 0.9799 0.1927 -0.0517
vn 0.3658 0.8786 -0.3069
vn 0.7644 0.6064 -0.219
vn 0.8945 0.4186 -0.1568
vn 0.9432 0.3096 -0.1208
vn 0.9656 0.2404 -0.0991
vn 0.9779 0.191 -0.0854
vn 0.3608 0.8321 -0.4211
vn 0.7603 0.5761 -0.3
vn 0.891 0.4 -0.2146
vn 0.94 0.2985 -0.1652
vn 0.9626 0.2346 -0.1355
vn 0.9749 0.1892 -0.117
vn 0.3551 0.7721 -0.527
vn 0.7549 0.5384 -0.3744
vn 0.887 0.3769 -0.2669
vn 0.9363 0.2848 -0.2058
vn 0.9591 0.2274 -0.1688
vn 0.9715 0.187 -0.1455
vn 0.3492 0.6997 -0.6233
vn 0.7508 0.4918 -0.4409
vn 0.8836 0.3476 -0.3137
vn 0.9335 0.2655 -0.241
vn 0.9561 0.2164 -0.1978
vn 0.9679 0.1846 -0.1706
vn 0.9999 0.0117 -0.0118
vn 0.9993 0.0121 -0.0357
vn 0.9981 0.0124 -0.0609
vn 0.9961 0.0129 -0.0876
vn 0.9929 0.0137 -0.1179
vn 0.9881 0.0149 -0.1528
vn 0.9993 0.0352 -0.0123
vn 0.9986 0.0364 -0.0371
vn 0.9973 0.0377 -0.0629
vn 0.9951 0.0395 -0.0902
vn 0.9919 0.0419 -0.1197
vn 0.9871 0.0455 -0.1536
vn 0.9981 0.06 -0.0127
vn 0.9973 0.062 -0.0385
vn 0.9958 0.0641 -0.0652
vn 0.9935 0.0667 -0.0927
vn 0.9901 0.0703 -0.1218
vn 0.9851 0.0757 -0.1546
vn 0.9962 0.0867 -0.0132
vn 0.9952 0.0891 -0.0402
vn 0.9935 0.0915 -0.0677
vn 0.9909 0.0943 -0.0957
vn 0.9874 0.0982 -0.1238
vn 0.9824 0.1044 -0.1551
vn 0.9931 0.1166 -0.014
vn 0.992 0.1186 -0.0426
vn 0.9901 0.1206 -0.0713
vn 0.9874 0.1227 -0.0995
vn 0.9839 0.1256 -0.1271
vn 0.9791 0.1311 -0.1556
vn 0.9884 0.1513 -0.0152
vn 0.9873 0.1523 -0.0462
vn 0.9853 0.1529 -0.0766
vn 0.9825 0.1534 -0.1059
vn 0.9791 0.1541 -0.1325
vn 0.9754 0.1549 -0.1568
vn 0.3558 0.062 -0.9325
vn 0.36 0.1835 -0.9147
vn 0.3585 0.3021 -0.8833
vn 0.3551 0.4145 -0.8379
vn 0.3511 0.5191 -0.7793
vn 0.348 0.6149 -0.7077
vn 0.7539 0.0454 -0.6554
vn 0.7591 0.133 -0.6373
vn 0.7583 0.2174 -0.6146
vn 0.7554 0.2972 -0.584
vn 0.752 0.37 -0.5456
vn 0.7497 0.4355 -0.4982
vn 0.8905 0.0325 -0.4539
vn 0.8928 0.0954 -0.4402
vn 0.892 0.1559 -0.4242
vn 0.8892 0.2123 -0.4053
vn 0.8857 0.2641 -0.3819
vn 0.8833 0.3098 -0.3519
vn 0.9431 0.0247 -0.3316
vn 0.9436 0.0733 -0.3229
vn 0.9421 0.12 -0.3131
vn 0.9391 0.1635 -0.3022
vn 0.9358 0.2032 -0.288
vn 0.9332 0.2383 -0.2691
vn 0.9674 0.02 -0.2526
vn 0.967 0.0597 -0.2475
vn 0.9651 0.0983 -0.2427
vn 0.9622 0.1341 -0.2371
vn 0.9587 0.1669 -0.2303
vn 0.956 0.1955 -0.2186
vn 0.9804 0.0169 -0.1961
vn 0.9796 0.051 -0.1945
vn 0.9776 0.0844 -0.1929
vn 0.9748 0.1155 -0.1911
vn 0.9714 0.1439 -0.1891
vn 0.9679 0.1682 -0.1869
vn -0.3597 -0.9309 0.0633
vn -0.3637 -0.9125 0.1874
vn -0.3618 -0.88 0.3078
vn -0.3569 -0.8334 0.4219
vn -0.3523 -0.7733 0.5271
vn -0.3482 -0.7005 0.6229
vn -0.7577 -0.651 0.0462
vn -0.7621 -0.6332 0.1351
vn -0.7614 -0.6094 0.221
vn -0.7576 -0.579 0.3014
vn -0.7533 -0.5402 0.3752
vn -0.7501 -0.4928 0.4411
vn -0.8926 -0.4496 0.033
vn -0.8947 -0.436 0.0967
vn -0.8936 -0.42 0.158
vn -0.8903 -0.4012 0.2153
vn -0.8865 -0.3779 0.2671
vn -0.8836 -0.3481 0.3133
vn -0.9442 -0.3283 0.025
vn -0.9447 -0.3194 0.0742
vn -0.943 -0.3098 0.1216
vn -0.9398 -0.2989 0.1655
vn -0.9362 -0.2849 0.2058
vn -0.9334 -0.2658 0.241
vn -0.9681 -0.2497 0.0202
vn -0.9676 -0.2449 0.0605
vn -0.9657 -0.2399 0.0993
vn -0.9626 -0.2346 0.1358
vn -0.959 -0.2275 0.1688
vn -0.9561 -0.2162 0.1978
vn -0.9809 -0.1939 0.0171
vn -0.98 -0.1923 0.0516
vn -0.9779 -0.1908 0.0855
vn -0.975 -0.189 0.1169
vn -0.9715 -0.187 0.1454
vn -0.9679 -0.1845 0.1704
vn -0.356 -0.062 0.9324
vn -0.7549 -0.0448 0.6542
vn -0.8907 -0.032 0.4534
vn -0.943 -0.0244 0.3318
vn -0.9674 -0.0198 0.2525
vn -0.9804 -0.0168 0.1964
vn -0.3636 -0.1827 0.9135
vn -0.7612 -0.1315 0.6351
vn -0.8935 -0.0943 0.439
vn -0.9437 -0.0727 0.3226
vn -0.9669 -0.0595 0.2481
vn -0.9795 -0.051 0.1949
vn -0.3633 -0.3012 0.8817
vn -0.7614 -0.2158 0.6113
vn -0.8929 -0.1546 0.4228
vn -0.9423 -0.1194 0.3129
vn -0.9651 -0.0981 0.2429
vn -0.9775 -0.0843 0.1934
vn -0.3586 -0.4138 0.8368
vn -0.7582 -0.2956 0.5811
vn -0.8898 -0.2116 0.4044
vn -0.9392 -0.1632 0.302
vn -0.9622 -0.134 0.2371
vn -0.9747 -0.1156 0.1914
vn -0.3536 -0.5193 0.778
vn -0.7537 -0.3694 0.5435
vn -0.8862 -0.2636 0.381
vn -0.9358 -0.2032 0.2881
vn -0.9588 -0.1667 0.2299
vn -0.9713 -0.1438 0.1894
vn -0.3486 -0.6149 0.7073
vn -0.7502 -0.4357 0.4974
vn -0.8834 -0.3098 0.3517
vn -0.9334 -0.2381 0.2685
vn -0.956 -0.1956 0.2186
vn -0.9679 -0.1683 0.1868
vn -0.9999 -0.0117 0.0118
vn -0.9993 -0.0353 0.0122
vn -0.9981 -0.0601 0.0125
vn -0.9961 -0.0867 0.0131
vn -0.9931 -0.1165 0.0139
vn -0.9884 -0.1513 0.0152
vn -0.9993 -0.0122 0.0357
vn -0.9987 -0.0366 0.0368
vn -0.9973 -0.0622 0.0381
vn -0.9952 -0.0891 0.0399
vn -0.9921 -0.1184 0.0423
vn -0.9873 -0.152 0.0459
vn -0.9981 -0.0126 0.0605
vn -0.9973 -0.038 0.0629
vn -0.9958 -0.0644 0.0649
vn -0.9935 -0.0917 0.0674
vn -0.9902 -0.1204 0.0712
vn -0.9853 -0.1527 0.0768
vn -0.9961 -0.0131 0.0877
vn -0.9951 -0.0397 0.0901
vn -0.9934 -0.067 0.0926
vn -0.9909 -0.0945 0.0956
vn -0.9875 -0.1226 0.0992
vn -0.9825 -0.1532 0.1057
vn -0.9929 -0.0138 0.1179
vn -0.9919 -0.0421 0.12
vn -0.99 -0.0705 0.1218
vn -0.9874 -0.0983 0.1241
vn -0.9839 -0.1256 0.127
vn -0.9791 -0.154 0.1325
vn -0.9881 -0.015 0.153
vn -0.987 -0.0456 0.1541
vn -0.985 -0.0757 0.1548
vn -0.9823 -0.1045 0.1553
vn -0.9791 -0.131 0.1558
vn -0.9754 -0.1549 0.1571
vn -0.3601 0.9308 0.0634
vn -0.7586 0.6499 0.0457
vn -0.8928 0.4492 0.0325
vn -0.9442 0.3284 0.0247
vn -0.9681 0.2498 0.0202
vn -0.9808 0.194 0.017
vn -0.3673 0.9112 0.1866
vn -0.7644 0.6307 0.1335
vn -0.8954 0.4348 0.0956
vn -0.9448 0.3193 0.0736
vn -0.9676 0.2453 0.0603
vn -0.9799 0.1926 0.0517
vn -0.3658 0.8786 0.3069
vn -0.7644 0.6064 0.219
vn -0.8945 0.4186 0.1568
vn -0.9431 0.3096 0.121
vn -0.9656 0.2404 0.0991
vn -0.9779 0.1911 0.0854
vn -0.3608 0.8321 0.4211
vn -0.7603 0.5761 0.3001
vn -0.8911 0.4001 0.2144
vn -0.94 0.2985 0.1654
vn -0.9626 0.2346 0.1357
vn -0.9749 0.1893 0.117
vn -0.3552 0.7722 0.5269
vn -0.7549 0.5384 0.3746
vn -0.887 0.3768 0.2668
vn -0.9363 0.2848 0.2058
vn -0.9591 0.2274 0.1687
vn -0.9715 0.1869 0.1455
vn -0.3492 0.6997 0.6233
vn -0.7508 0.4919 0.4408
vn -0.8836 0.3476 0.3137
vn -0.9335 0.2655 0.2409
vn -0.956 0.2163 0.1979
vn -0.9679 0.1846 0.1704
vn -0.9999 0.0117 0.0117
vn -0.9993 0.0121 0.0357
vn -0.9981 0.0124 0.0609
vn -0.9961 0.0129 0.0877
vn -0.9929 0.0137 0.1178
vn -0.9881 0.0149 0.1529
vn -0.9993 0.0352 0.0124
vn -0.9986 0.0364 0.0371
vn -0.9973 0.0377 0.0628
vn -0.9951 0.0395 0.0903
vn -0.9919 0.0419 0.1198
vn -0.9871 0.0454 0.1535
vn -0.9981 0.06 0.0128
vn -0.9973 0.062 0.0384
vn -0.9958 0.0641 0.0653
vn -0.9935 0.0667 0.0926
vn -0.9901 0.0703 0.1218
vn -0.9851 0.0757 0.1546
vn -0.9961 0.0867 0.0132
vn -0.9952 0.0891 0.0403
vn -0.9935 0.0915 0.0677
vn -0.9909 0.0943 0.0956
vn -0.9874 0.0981 0.1238
vn -0.9823 0.1044 0.1553
vn -0.9931 0.1166 0.0139
vn -0.992 0.1186 0.0426
vn -0.9901 0.1206 0.0713
vn -0.9875 0.1227 0.0994
vn -0.9839 0.1256 0.1271
vn -0.9791 0.131 0.1557
vn -0.9884 0.1513 0.0152
vn -0.9873 0.1523 0.0463
vn -0.9853 0.1529 0.0766
vn -0.9825 0.1533 0.1059
vn -0.9791 0.1541 0.1325
vn -0.9754 0.1549 0.157
vn -0.356 0.0621 0.9324
vn -0.3602 0.1836 0.9146
vn -0.3585 0.302 0.8833
vn -0.3549 0.4144 0.8381
vn -0.3514 0.5196 0.7788
vn -0.348 0.615 0.7076
vn -0.7539 0.0453 0.6554
vn -0.7589 0.133 0.6375
vn -0.7585 0.2175 0.6143
vn -0.7554 0.2971 0.584
vn -0.752 0.3701 0.5455
vn -0.7496 0.4355 0.4984
vn -0.8904 0.0325 0.4541
vn -0.8928 0.0954 0.4402
vn -0.892 0.156 0.4242
vn -0.8892 0.2123 0.4053
vn -0.8856 0.264 0.382
vn -0.8832 0.3098 0.3521
vn -0.9431 0.0248 0.3316
vn -0.9436 0.0732 0.3229
vn -0.9421 0.1199 0.3131
vn -0.9391 0.1636 0.3022
vn -0.9357 0.2032 0.2883
vn -0.9333 0.2383 0.2688
vn -0.9674 0.0199 0.2524
vn -0.967 0.0597 0.2475
vn -0.9651 0.0983 0.2427
vn -0.9622 0.1341 0.237
vn -0.9587 0.1669 0.2301
vn -0.9561 0.1954 0.2186
vn -0.9804 0.0169 0.1961
vn -0.9795 0.051 0.1947
vn -0.9776 0.0844 0.1927
vn -0.9747 0.1155 0.1912
vn -0.9714 0.1438 0.1891
vn -0.9679 0.1683 0.1868
vn 0.3597 -0.9309 0.0633
vn 0.7584 -0.6501 0.0456
vn 0.8929 -0.449 0.0324
vn 0.9442 -0.3284 0.0248
vn 0.9681 -0.2498 0.0201
vn 0.9808 -0.1941 0.017
vn 0.3672 -0.9112 0.1866
vn 0.7644 -0.6307 0.1336
vn 0.8955 -0.4348 0.0956
vn 0.9447 -0.3194 0.0737
vn 0.9676 -0.2453 0.0602
vn 0.9799 -0.1927 0.0516
vn 0.3662 -0.8785 0.3069
vn 0.7643 -0.6066 0.219
vn 0.8945 -0.4186 0.1568
vn 0.9432 -0.3096 0.1207
vn 0.9656 -0.2403 0.099
vn 0.9778 -0.1912 0.0854
vn 0.3607 -0.8322 0.4212
vn 0.7603 -0.5762 0.2999
vn 0.891 -0.4 0.2146
vn 0.94 -0.2985 0.1653
vn 0.9626 -0.2346 0.1355
vn 0.9749 -0.1893 0.117
vn 0.3548 -0.7722 0.5271
vn 0.755 -0.5383 0.3743
vn 0.887 -0.3768 0.267
vn 0.9363 -0.2847 0.2056
vn 0.9591 -0.2274 0.1687
vn 0.9715 -0.187 0.1457
vn 0.349 -0.6997 0.6234
vn 0.7507 -0.4919 0.4409
vn 0.8836 -0.3476 0.3136
vn 0.9335 -0.2656 0.2411
vn 0.9561 -0.2163 0.1977
vn 0.968 -0.1845 0.1704
vn 0.9999 -0.0117 0.0118
vn 0.9993 -0.0121 0.0357
vn 0.9981 -0.0124 0.0609
vn 0.9961 -0.0129 0.0876
vn 0.9929 -0.0137 0.1179
vn 0.9881 -0.0149 0.1528
vn 0.9993 -0.0352 0.0123
vn 0.9986 -0.0364 0.0371
vn 0.9973 -0.0377 0.0629
vn 0.9951 -0.0394 0.0902
vn 0.9919 -0.0419 0.1197
vn 0.9871 -0.0455 0.1536
vn 0.9981 -0.06 0.0127
vn 0.9973 -0.062 0.0385
vn 0.9958 -0.0642 0.0652
vn 0.9935 -0.0667 0.0927
vn 0.9901 -0.0703 0.1218
vn 0.9851 -0.0757 0.1546
vn 0.9962 -0.0867 0.0132
vn 0.9952 -0.0891 0.0402
vn 0.9935 -0.0915 0.0677
vn 0.9909 -0.0943 0.0957
vn 0.9874 -0.0981 0.1239
vn 0.9824 -0.1044 0.1552
vn 0.9931 -0.1166 0.014
vn 0.992 -0.1187 0.0426
vn 0.9901 -0.1207 0.0713
vn 0.9874 -0.1227 0.0995
vn 0.9839 -0.1256 0.127
vn 0.9791 -0.131 0.1558
vn 0.9884 -0.1513 0.0152
vn 0.9873 -0.1522 0.0461
vn 0.9853 -0.1529 0.0766
vn 0.9825 -0.1533 0.1058
vn 0.9791 -0.1541 0.1326
vn 0.9754 -0.1549 0.157
vn 0.3558 -0.0621 0.9325
vn 0.36 -0.1835 0.9147
vn 0.3584 -0.3019 0.8834
vn 0.3551 -0.4146 0.8379
vn 0.3513 -0.5193 0.779
vn 0.3479 -0.615 0.7077
vn 0.7541 -0.0453 0.6552
vn 0.7591 -0.133 0.6372
vn 0.7583 -0.2174 0.6146
vn 0.7554 -0.2971 0.584
vn 0.7521 -0.37 0.5453
vn 0.7497 -0.4356 0.4983
vn 0.8905 -0.0325 0.4538
vn 0.8928 -0.0954 0.4402
vn 0.892 -0.156 0.4242
vn 0.8892 -0.2123 0.4054
vn 0.8856 -0.264 0.382
vn 0.8833 -0.3098 0.3519
vn 0.943 -0.0248 0.3318
vn 0.9436 -0.0732 0.3228
vn 0.9422 -0.12 0.3129
vn 0.9391 -0.1635 0.3024
vn 0.9358 -0.2033 0.288
vn 0.9332 -0.2383 0.2691
vn 0.9674 -0.0199 0.2524
vn 0.967 -0.0597 0.2476
vn 0.9651 -0.0983 0.2429
vn 0.9622 -0.1341 0.2372
vn 0.9587 -0.1669 0.2303
vn 0.956 -0.1955 0.2186
vn 0.9804 -0.0168 0.1962
vn 0.9795 -0.051 0.1946
vn 0.9776 -0.0844 0.1927
vn 0.9748 -0.1155 0.1911
vn 0.9714 -0.1438 0.1891
vn 0.9678 -0.1683 0.187
vn 0.3599 0.9308 0.0633
vn 0.3639 0.9124 0.1874
vn 0.3611 0.8802 0.3079
vn 0.3567 0.8336 0.4218
vn 0.3525 0.7731 0.5273
vn 0.3489 0.7002 0.6229
vn 0.7576 0.6511 0.0462
vn 0.762 0.6333 0.1352
vn 0.7614 0.6094 0.2209
vn 0.7577 0.5787 0.3017
vn 0.7532 0.5404 0.3751
vn 0.7501 0.4928 0.4411
vn 0.8926 0.4496 0.033
vn 0.8947 0.436 0.0967
vn 0.8937 0.42 0.158
vn 0.8903 0.4013 0.2151
vn 0.8865 0.3779 0.2671
vn 0.8835 0.3481 0.3134
vn 0.9442 0.3284 0.025
vn 0.9447 0.3194 0.0741
vn 0.943 0.3098 0.1215
vn 0.9398 0.299 0.1655
vn 0.9362 0.285 0.2059
vn 0.9333 0.2658 0.2413
vn 0.9681 0.2497 0.0202
vn 0.9676 0.245 0.0605
vn 0.9657 0.2399 0.0994
vn 0.9626 0.2345 0.1358
vn 0.959 0.2275 0.1688
vn 0.9561 0.2161 0.1978
vn 0.9809 0.1939 0.0171
vn 0.98 0.1924 0.0517
vn 0.9779 0.1908 0.0854
vn 0.975 0.189 0.1168
vn 0.9715 0.187 0.1456
vn 0.9679 0.1846 0.1704
vn 0.3559 0.062 0.9325
vn 0.7548 0.0449 0.6545
vn 0.8908 0.0319 0.4534
vn 0.943 0.0244 0.3318
vn 0.9674 0.0198 0.2524
vn 0.9804 0.0168 0.1963
vn 0.3636 0.1827 0.9135
vn 0.7611 0.1315 0.6351
vn 0.8936 0.0943 0.4388
vn 0.9437 0.0727 0.3228
vn 0.9669 0.0595 0.248
vn 0.9795 0.051 0.1951
vn 0.3632 0.3012 0.8817
vn 0.7613 0.2158 0.6114
vn 0.893 0.1547 0.4227
vn 0.9422 0.1194 0.3129
vn 0.9651 0.0981 0.2428
vn 0.9775 0.0844 0.1932
vn 0.3589 0.4138 0.8366
vn 0.758 0.2956 0.5814
vn 0.8899 0.2116 0.4042
vn 0.9393 0.1632 0.3018
vn 0.9622 0.134 0.2372
vn 0.9747 0.1156 0.1914
vn 0.3534 0.519 0.7783
vn 0.7535 0.3693 0.5439
vn 0.8863 0.2636 0.3808
vn 0.9358 0.2032 0.288
vn 0.9588 0.1667 0.2299
vn 0.9713 0.1438 0.1893
vn 0.3488 0.6148 0.7073
vn 0.7502 0.4359 0.4973
vn 0.8833 0.3097 0.3518
vn 0.9334 0.2382 0.2684
vn 0.956 0.1956 0.2188
vn 0.9679 0.1684 0.1867
vn 0.9999 0.0117 0.0118
vn 0.9993 0.0353 0.0122
vn 0.9981 0.0601 0.0125
vn 0.9961 0.0867 0.0131
vn 0.9931 0.1165 0.0139
vn 0.9884 0.1512 0.0151
vn 0.9993 0.0122 0.0358
vn 0.9987 0.0366 0.0368
vn 0.9973 0.0621 0.0382
vn 0.9952 0.0892 0.04
vn 0.9921 0.1184 0.0423
vn 0.9873 0.1519 0.0459
vn 0.9981 0.0126 0.0606
vn 0.9973 0.038 0.0627
vn 0.9958 0.0644 0.0649
vn 0.9935 0.0917 0.0674
vn 0.9902 0.1204 0.0712
vn 0.9853 0.1527 0.0767
vn 0.9961 0.0131 0.0877
vn 0.9951 0.0397 0.0902
vn 0.9935 0.067 0.0925
vn 0.9909 0.0945 0.0954
vn 0.9875 0.1226 0.0991
vn 0.9825 0.1533 0.1055
vn 0.9929 0.0138 0.118
vn 0.9919 0.0421 0.12
vn 0.99 0.0705 0.1219
vn 0.9874 0.0983 0.1242
vn 0.9839 0.1256 0.127
vn 0.9791 0.154 0.1325
vn 0.9881 0.015 0.1528
vn 0.987 0.0456 0.1541
vn 0.9851 0.0758 0.1544
vn 0.9824 0.1045 0.1551
vn 0.979 0.131 0.1559
vn 0.9754 0.1549 0.1566
vn 0 -0.9978 -0.0662
vn 0 -0.9803 -0.1973
vn 0 -0.9458 -0.3248
vn 0 -0.8948 -0.4464
vn 0 -0.8285 -0.56
vn 0 -0.748 -0.6638
vn 0 -0.6551 -0.7556
vn 0 -0.5511 -0.8345
vn 0 -0.4381 -0.8989
vn 0 -0.3182 -0.948
vn 0 -0.1929 -0.9812
vn 0 -0.0646 -0.9979
vn -0.9999 0 -0.0115
vn -0.9994 0 -0.035
vn -0.9982 0 -0.0597
vn -0.9963 0 -0.0865
vn -0.9932 0 -0.1167
vn -0.9883 0 -0.1526
vn -0.9804 0 -0.1969
vn -0.967 0 -0.2548
vn -0.9418 0 -0.3362
vn -0.8879 0 -0.4601
vn -0.749 0 -0.6626
vn -0.3486 0 -0.9373
vn 0 0.9978 -0.0661
vn 0 0.9803 -0.1974
vn 0 0.9458 -0.3248
vn 0 0.8948 -0.4464
vn 0 0.8285 -0.56
vn 0 0.7479 -0.6638
vn 0 0.6551 -0.7556
vn 0 0.5511 -0.8345
vn 0 0.4381 -0.8989
vn 0 0.3182 -0.948
vn 0 0.1929 -0.9812
vn 0 0.0646 -0.9979
vn 0.9999 0 -0.0115
vn 0.9994 0 -0.0349
vn 0.9982 0 -0.0597
vn 0.9963 0 -0.0864
vn 0.9932 0 -0.1168
vn 0.9883 0 -0.1526
vn 0.9805 0 -0.1967
vn 0.967 0 -0.2548
vn 0.9418 0 -0.3362
vn 0.8878 0 -0.4603
vn 0.749 0 -0.6626
vn 0.3488 0 -0.9372
vn 0.3525 -0.9358 0
vn 0.7527 -0.6584 0
vn 0.89 -0.456 0
vn 0.943 -0.3327 0
vn 0.9677 -0.252 0
vn 0.9809 -0.1946 0
vn 0.9886 -0.1508 0
vn 0.9933 -0.1155 0
vn 0.9963 -0.0854 0
vn 0.9983 -0.059 0
vn 0.9994 -0.0346 0
vn 0.9999 -0.0113 0
vn 0.3521 0.936 0
vn 0.7528 0.6582 0
vn 0.89 0.456 0
vn 0.943 0.3328 0
vn 0.9677 0.252 0
vn 0.9809 0.1946 0
vn 0.9886 0.1508 0
vn 0.9933 0.1155 0
vn 0.9963 0.0854 0
vn 0.9983 0.059 0
vn 0.9994 0.0346 0
vn 0.9999 0.0113 0
vn 0.3488 0 0.9372
vn 0.749 0 0.6626
vn 0.8878 0 0.4603
vn 0.9418 0 0.3362
vn 0.967 0 0.2548
vn 0.9805 0 0.1967
vn 0.9883 0 0.1526
vn 0.9932 0 0.1168
vn 0.9963 0 0.0864
vn 0.9982 0 0.0597
vn 0.9994 0 0.0349
vn 0.9999 0 0.0115
vn 0 -0.9978 0.0662
vn 0 -0.9803 0.1973
vn 0 -0.9458 0.3248
vn 0 -0.8948 0.4464
vn 0 -0.8285 0.56
vn 0 -0.748 0.6637
vn 0 -0.655 0.7556
vn 0 -0.5512 0.8344
vn 0 -0.4381 0.8989
vn 0 -0.3181 0.9481
vn 0 -0.1931 0.9812
vn 0 -0.0646 0.9979
vn 0 0.9978 0.0661
vn 0 0.9803 0.1974
vn 0 0.9458 0.3248
vn 0 0.8948 0.4464
vn 0 0.8285 0.56
vn 0 0.748 0.6637
vn 0 0.655 0.7556
vn 0 0.5511 0.8344
vn 0 0.4381 0.8989
vn 0 0.3181 0.9481
vn 0 0.193 0.9812
vn 0 0.0646 0.9979
vn -0.9999 0 0.0115
vn -0.9994 0 0.035
vn -0.9982 0 0.0597
vn -0.9963 0 0.0865
vn -0.9932 0 0.1167
vn -0.9883 0 0.1526
vn -0.9804 0 0.1969
vn -0.967 0 0.2548
vn -0.9418 0 0.3362
vn -0.8879 0 0.4601
vn -0.749 0 0.6626
vn -0.3486 0 0.9373
vn -0.3525 -0.9358 0
vn -0.7527 -0.6584 0
vn -0.89 -0.456 0
vn -0.943 -0.3327 0
vn -0.9677 -0.252 0
vn -0.9809 -0.1946 0
vn -0.9886 -0.1508 0
vn -0.9933 -0.1155 0
vn -0.9963 -0.0854 0
vn -0.9983 -0.059 0
vn -0.9994 -0.0346 0
vn -0.9999 -0.0113 0
vn -0.3521 0.936 0
vn -0.7528 0.6582 0
vn -0.89 0.456 0
vn -0.943 0.3328 0
vn -0.9677 0.252 0
vn -0.9809 0.1946 0
vn -0.9886 0.1508 0
vn -0.9933 0.1155 0
vn -0.9963 0.0854 0
vn -0.9983 0.059 0
vn -0.9994 0.0346 0
vn -0.9999 0.0113 0
vn -0.2288 -0.9316 0.2823
vn -0.5786 0.3945 0.7139
vn -0.1414 -0.9759 0.1662
vn -0.6363 0.1371 0.7592
vn -0.0304 0.998 0.0558
vn -0.0553 -0.9969 0.0564
vn -0.6391 -0.1368 0.7568
vn -0.1169 0.9789 0.1676
vn -0.5867 -0.3925 0.7084
vn -0.2062 0.9364 0.2839
vn -0.4989 -0.6039 0.6217
vn -0.2965 0.866 0.4026
vn -0.403 -0.7587 0.5118
vn -0.3875 0.7633 0.5169
vn -0.3161 -0.8604 0.3996
vn -0.4867 0.6077 0.6275
vn -0.4639 0.8505 0.2479
vn -0.8079 -0.4184 0.415
vn -0.6057 0.7262 0.3252
vn -0.7216 -0.5811 0.3763
vn -0.7172 0.5844 0.3796
vn -0.6133 -0.7208 0.3229
vn -0.8052 0.4206 0.418
vn -0.4758 -0.8444 0.2461
vn -0.8612 0.2526 0.4411
vn -0.31 -0.9383 0.1531
vn -0.8885 0.084 0.4512
vn -0.0946 0.9941 0.0536
vn -0.1196 -0.9913 0.0542
vn -0.8888 -0.0839 0.4506
vn -0.293 0.9435 0.1549
vn -0.8626 -0.2517 0.4389
vn -0.9343 0.1863 0.3041
vn -0.439 -0.8885 0.1338
vn -0.9493 0.0613 0.3084
vn -0.1543 0.9868 0.0493
vn -0.1755 -0.9832 0.05
vn -0.9494 -0.0613 0.3081
vn -0.4285 0.8934 0.1351
vn -0.9344 -0.1861 0.3037
vn -0.632 0.7485 0.2011
vn -0.9017 -0.3171 0.294
vn -0.7616 0.5988 0.2477
vn -0.8449 -0.4577 0.2769
vn -0.8441 0.4586 0.2777
vn -0.7638 -0.5965 0.2466
vn -0.9013 0.3175 0.2947
vn -0.6376 -0.7441 0.1998
vn -0.9437 -0.2552 0.2107
vn -0.8395 0.5109 0.1849
vn -0.9045 -0.3756 0.2019
vn -0.9045 0.3756 0.2019
vn -0.8399 -0.5104 0.1848
vn -0.9437 0.2552 0.2107
vn -0.7346 -0.6603 0.1561
vn -0.9652 0.1481 0.2155
vn -0.5384 -0.8355 0.1099
vn -0.9748 0.0486 0.2176
vn -0.2038 0.9781 0.0431
vn -0.2264 -0.9731 0.0438
vn -0.9748 -0.0486 0.2176
vn -0.5313 0.8399 0.1109
vn -0.9652 -0.1482 0.2155
vn -0.732 0.6631 0.1566
vn -0.6101 -0.7878 0.0848
vn -0.9881 0.0404 0.1486
vn -0.2461 0.9686 0.0354
vn -0.2642 -0.9638 0.0362
vn -0.9881 -0.0404 0.1486
vn -0.6048 0.7918 0.0856
vn -0.9813 -0.1236 0.1476
vn -0.791 0.6008 0.1159
vn -0.9659 -0.2144 0.1452
vn -0.8844 0.4475 0.133
vn -0.9371 -0.3193 0.1409
vn -0.9371 0.3194 0.1409
vn -0.8843 -0.4475 0.133
vn -0.9659 0.2144 0.1452
vn -0.7919 -0.5996 0.1154
vn -0.9813 0.1236 0.1476
vn -0.9105 0.4038 0.0892
vn -0.954 -0.285 0.0934
vn -0.954 0.285 0.0934
vn -0.9105 -0.4038 0.0891
vn -0.9771 0.1901 0.0957
vn -0.8254 -0.5588 0.0799
vn -0.9893 0.1092 0.0969
vn -0.6545 -0.7535 0.062
vn -0.9946 0.0356 0.0974
vn -0.2762 0.9607 0.0266
vn -0.2947 -0.9552 0.0279
vn -0.9946 -0.0356 0.0974
vn -0.6514 0.7562 0.0621
vn -0.9893 -0.1092 0.0969
vn -0.8253 0.5591 0.0798
vn -0.9771 -0.1901 0.0957
vn -0.9979 0.033 0.0555
vn -0.2977 0.9545 0.0165
vn -0.3158 -0.9487 0.0175
vn -0.9979 -0.033 0.0555
vn -0.6808 0.7315 0.0379
vn -0.9933 -0.1011 0.0552
vn -0.8461 0.531 0.0471
vn -0.9828 -0.1762 0.0546
vn -0.9244 0.3779 0.0514
vn -0.9627 -0.265 0.0535
vn -0.9627 0.2651 0.0535
vn -0.9244 -0.3778 0.0514
vn -0.9828 0.1762 0.0546
vn -0.846 -0.531 0.047
vn -0.9933 0.1011 0.0552
vn -0.6836 -0.7288 0.038
vn -0.9666 -0.2559 0.0174
vn -0.9666 0.2559 0.0174
vn -0.9306 -0.3657 0.0168
vn -0.9853 0.1699 0.0178
vn -0.8561 -0.5166 0.0155
vn -0.9951 0.0974 0.018
vn -0.6981 -0.7159 0.0126
vn -0.9993 0.0317 0.018
vn -0.3082 0.9513 0.0056
vn -0.3268 -0.9451 0.0059
vn -0.9993 -0.0317 0.018
vn -0.6953 0.7186 0.0125
vn -0.9951 -0.0974 0.018
vn -0.8561 0.5166 0.0155
vn -0.9853 -0.1699 0.0178
vn -0.9306 0.3658 0.0168
vn -0.3251 -0.9457 -0.0059
vn -0.9993 -0.0317 -0.018
vn -0.6946 0.7193 -0.0125
vn -0.9951 -0.0974 -0.018
vn -0.8561 0.5166 -0.0155
vn -0.9853 -0.1699 -0.0178
vn -0.9306 0.3658 -0.0168
vn -0.9666 -0.2559 -0.0174
vn -0.9666 0.2559 -0.0174
vn -0.9306 -0.3657 -0.0168
vn -0.9853 0.1699 -0.0178
vn -0.8561 -0.5166 -0.0155
vn -0.9951 0.0974 -0.018
vn -0.6973 -0.7166 -0.0126
vn -0.9993 0.0317 -0.018
vn -0.3066 0.9518 -0.0055
vn -0.9244 -0.3779 -0.0514
vn -0.9828 0.1762 -0.0546
vn -0.8461 -0.531 -0.047
vn -0.9933 0.1011 -0.0552
vn -0.6816 -0.7307 -0.0379
vn -0.9979 0.033 -0.0555
vn -0.2937 0.9557 -0.0162
vn -0.3112 -0.9502 -0.0173
vn -0.9979 -0.033 -0.0555
vn -0.6788 0.7333 -0.0378
vn -0.9933 -0.1011 -0.0552
vn -0.8461 0.5309 -0.0471
vn -0.9828 -0.1762 -0.0546
vn -0.9244 0.3779 -0.0514
vn -0.9627 -0.2651 -0.0535
vn -0.9627 0.265 -0.0535
vn -0.6479 0.7592 -0.0622
vn -0.9893 -0.1092 -0.0969
vn -0.8248 0.5597 -0.0801
vn -0.9771 -0.1901 -0.0957
vn -0.9105 0.4038 -0.0892
vn -0.954 -0.285 -0.0934
vn -0.954 0.285 -0.0934
vn -0.9105 -0.4037 -0.0891
vn -0.9771 0.1901 -0.0957
vn -0.8238 -0.5611 -0.0807
vn -0.9893 0.1092 -0.0969
vn -0.6493 -0.7578 -0.0636
vn -0.9946 0.0356 -0.0974
vn -0.2693 0.9627 -0.0262
vn -0.2861 -0.9578 -0.028
vn -0.9946 -0.0356 -0.0974
vn -0.9659 0.2144 -0.1452
vn -0.7855 -0.6076 -0.1173
vn -0.9813 0.1236 -0.1476
vn -0.5984 -0.7963 -0.0884
vn -0.9881 0.0404 -0.1486
vn -0.2365 0.971 -0.0349
vn -0.252 -0.967 -0.0371
vn -0.9881 -0.0404 -0.1486
vn -0.5975 0.7971 -0.0868
vn -0.9813 -0.1236 -0.1476
vn -0.7883 0.6042 -0.1167
vn -0.9659 -0.2144 -0.1452
vn -0.8844 0.4474 -0.133
vn -0.9371 -0.3193 -0.1409
vn -0.9371 0.3193 -0.1409
vn -0.8844 -0.4474 -0.133
vn -0.9652 -0.1481 -0.2155
vn -0.7212 0.674 -0.16
vn -0.9437 -0.2552 -0.2107
vn -0.8362 0.5156 -0.1867
vn -0.9045 -0.3756 -0.2019
vn -0.9045 0.3756 -0.2019
vn -0.8362 -0.5156 -0.1867
vn -0.9437 0.2552 -0.2107
vn -0.7222 -0.6732 -0.1588
vn -0.9652 0.1481 -0.2155
vn -0.5251 -0.8435 -0.1127
vn -0.9748 0.0486 -0.2176
vn -0.1906 0.9807 -0.0427
vn -0.2092 -0.9769 -0.0444
vn -0.9748 -0.0486 -0.2176
vn -0.5179 0.8479 -0.1134
vn -0.6122 -0.7634 -0.2061
vn -0.9284 0.1918 -0.3182
vn -0.4153 -0.8993 -0.1371
vn -0.9441 0.0634 -0.3236
vn -0.1396 0.989 -0.0489
vn -0.1587 -0.986 -0.0501
vn -0.9441 -0.0634 -0.3236
vn -0.4065 0.9032 -0.1379
vn -0.9284 -0.1918 -0.3182
vn -0.6075 0.7669 -0.2068
vn -0.8944 -0.3256 -0.3066
vn -0.7463 0.6154 -0.2536
vn -0.8363 -0.4673 -0.2867
vn -0.8377 0.4653 -0.2858
vn -0.7461 -0.6154 -0.2543
vn -0.8944 0.3255 -0.3066
vn -0.4176 0.8722 -0.2547
vn -0.765 -0.4506 -0.4601
vn -0.5594 0.7563 -0.3392
vn -0.6776 -0.6124 -0.4072
vn -0.6756 0.6138 -0.4084
vn -0.5638 -0.7536 -0.338
vn -0.7638 0.4514 -0.4613
vn -0.4267 -0.8681 -0.2536
vn -0.823 0.2759 -0.4965
vn -0.269 -0.9502 -0.1574
vn -0.8526 0.0927 -0.5142
vn -0.0761 0.9957 -0.0532
vn -0.1 -0.9935 -0.0543
vn -0.8529 -0.0927 -0.5137
vn -0.2549 0.954 -0.1579
vn -0.8235 -0.2755 -0.4959
vn -0.3626 0.4363 -0.8235
vn -0.0856 -0.9819 -0.1692
vn -0.3984 0.1557 -0.9039
vn -0.0109 0.9984 -0.0553
vn -0.0362 -0.9978 -0.0563
vn -0.4012 -0.1555 -0.9027
vn -0.0643 0.9836 -0.1687
vn -0.3705 -0.4353 -0.8205
vn -0.1202 0.95 -0.2883
vn -0.3196 -0.6473 -0.692
vn -0.1805 0.8911 -0.4165
vn -0.2617 -0.7923 -0.5512
vn -0.2449 0.7977 -0.5511
vn -0.2007 -0.8881 -0.4134
vn -0.3084 0.6494 -0.6951
vn -0.1408 -0.9475 -0.2872
vn 1 0.0002 0.0019
vn -0.6364 0.1372 0.7591
vn -0.0548 -0.9969 0.0565
vn -0.639 -0.1368 0.7569
vn -0.2065 0.9364 0.2839
vn -0.4991 -0.6038 0.6216
vn -0.2964 0.8661 0.4026
vn -0.3876 0.7633 0.5169
vn -0.3159 -0.8605 0.3996
vn -0.4644 0.8503 0.2477
vn -0.8079 -0.4185 0.415
vn -0.6058 0.7261 0.3253
vn -0.7172 0.5844 0.3795
vn -0.6132 -0.7209 0.323
vn -0.4759 -0.8444 0.246
vn -0.3096 -0.9385 0.1531
vn -0.8884 0.084 0.4513
vn -0.0946 0.9941 0.0537
vn -0.1204 -0.9912 0.0542
vn -0.2922 0.9437 0.155
vn -0.4391 -0.8884 0.1338
vn -0.1537 0.9869 0.0493
vn -0.1756 -0.9832 0.05
vn -0.9494 -0.0613 0.308
vn -0.429 0.8932 0.1351
vn -0.9344 -0.1861 0.3038
vn -0.6317 0.7486 0.2012
vn -0.7616 0.5989 0.2476
vn -0.8448 -0.4578 0.277
vn -0.6376 -0.744 0.1999
vn -0.8395 0.5109 0.185
vn -0.9045 0.3756 0.202
vn -0.8398 -0.5104 0.1848
vn -0.7345 -0.6604 0.156
vn -0.5381 -0.8357 0.11
vn -0.2259 -0.9732 0.0438
vn -0.5315 0.8398 0.1109
vn -0.9652 -0.1481 0.2155
vn -0.732 0.663 0.1567
vn -0.6102 -0.7877 0.0848
vn -0.2455 0.9688 0.0354
vn -0.2645 -0.9637 0.0363
vn -0.7909 0.6009 0.1158
vn -0.8844 0.4474 0.133
vn -0.9371 -0.3194 0.1409
vn -0.8844 -0.4474 0.133
vn -0.7919 -0.5996 0.1155
vn -0.9105 0.4038 0.0891
vn -0.9105 -0.4038 0.0892
vn -0.8255 -0.5588 0.0798
vn -0.6547 -0.7533 0.0619
vn -0.2768 0.9606 0.0266
vn -0.2947 -0.9552 0.0278
vn -0.9893 -0.1092 0.0968
vn -0.2976 0.9546 0.0165
vn -0.8461 0.5309 0.0471
vn -0.9244 0.3778 0.0514
vn -0.9627 -0.2651 0.0535
vn -0.9244 -0.3779 0.0514
vn -0.846 -0.531 0.0471
vn -0.9666 -0.2559 0.0175
vn -0.9665 0.2559 0.0174
vn -0.9306 -0.3658 0.0168
vn -0.698 -0.716 0.0126
vn -0.327 -0.945 0.0059
vn -0.9306 0.3657 0.0168
vn -0.3252 -0.9456 -0.0058
vn -0.9666 -0.2559 -0.0175
vn -0.9306 -0.3658 -0.0168
vn -0.6973 -0.7167 -0.0126
vn -0.8461 -0.531 -0.0471
vn -0.6816 -0.7308 -0.0379
vn -0.2934 0.9558 -0.0162
vn -0.3114 -0.9501 -0.0173
vn -0.6788 0.7334 -0.0378
vn -0.9244 0.3778 -0.0514
vn -0.9627 0.2651 -0.0535
vn -0.9893 -0.1092 -0.0968
vn -0.9105 0.4038 -0.0891
vn -0.9105 -0.4038 -0.0892
vn -0.8238 -0.5611 -0.0806
vn -0.6492 -0.7579 -0.0635
vn -0.2699 0.9625 -0.0262
vn -0.2859 -0.9578 -0.0281
vn -0.5986 -0.7961 -0.0883
vn -0.252 -0.967 -0.037
vn -0.5974 0.7972 -0.0868
vn -0.7882 0.6043 -0.1167
vn -0.8844 -0.4475 -0.133
vn -0.7213 0.6739 -0.16
vn -0.8363 0.5156 -0.1867
vn -0.7221 -0.6733 -0.1589
vn -0.5251 -0.8435 -0.1126
vn -0.1919 0.9805 -0.0427
vn -0.2095 -0.9768 -0.0443
vn -0.5181 0.8478 -0.1134
vn -0.6123 -0.7633 -0.2059
vn -0.415 -0.8994 -0.1372
vn -0.1598 -0.9859 -0.0502
vn -0.6076 0.7668 -0.2068
vn -0.7463 0.6154 -0.2535
vn -0.8377 0.4654 -0.2858
vn -0.746 -0.6154 -0.2543
vn -0.8944 0.3256 -0.3066
vn -0.5595 0.7563 -0.3391
vn -0.6775 -0.6124 -0.4073
vn -0.5639 -0.7535 -0.3379
vn -0.7638 0.4514 -0.4614
vn -0.4264 -0.8682 -0.2538
vn -0.2686 -0.9503 -0.1574
vn -0.8527 0.0927 -0.5141
vn -0.0761 0.9957 -0.0533
vn -0.0989 -0.9936 -0.0543
vn -0.8529 -0.0927 -0.5138
vn -0.8236 -0.2755 -0.4958
vn -0.0861 -0.9818 -0.1692
vn -0.3983 0.1557 -0.9039
vn -0.0366 -0.9977 -0.0563
vn -0.0639 0.9836 -0.1687
vn -0.3705 -0.4352 -0.8205
vn -0.3194 -0.6473 -0.692
vn -0.1807 0.8911 -0.4163
vn -0.2617 -0.7923 -0.5511
vn -0.2446 0.7978 -0.5512
vn -0.2008 -0.8882 -0.4133
vn -0.3085 0.6494 -0.695
vn -0.1411 -0.9474 -0.2872
vn -0.5786 0.3945 0.7138
vn -0.1418 -0.9758 0.1662
vn -0.0555 -0.9969 0.0564
vn -0.6392 -0.1369 0.7568
vn -0.1165 0.9789 0.1676
vn -0.5867 -0.3924 0.7084
vn -0.2064 0.9364 0.2839
vn -0.499 -0.6038 0.6216
vn -0.2967 0.866 0.4025
vn -0.4031 -0.7587 0.5118
vn -0.3876 0.7633 0.5168
vn -0.3162 -0.8604 0.3996
vn -0.4868 0.6077 0.6275
vn -0.4641 0.8504 0.2479
vn -0.7216 -0.5811 0.3764
vn -0.7172 0.5844 0.3797
vn -0.6132 -0.7209 0.3229
vn -0.8051 0.4207 0.418
vn -0.8612 0.2525 0.4411
vn -0.8884 0.0841 0.4512
vn -0.0959 0.9939 0.0536
vn -0.8887 -0.084 0.4506
vn -0.2927 0.9436 0.155
vn -0.9343 0.1862 0.3041
vn -0.9493 0.0613 0.3083
vn -0.1754 -0.9832 0.05
vn -0.9344 -0.186 0.3037
vn -0.6319 0.7485 0.2011
vn -0.7616 0.5989 0.2477
vn -0.8448 -0.4577 0.277
vn -0.8442 0.4585 0.2777
vn -0.6377 -0.7439 0.1997
vn -0.9436 -0.2552 0.2107
vn -0.8395 0.511 0.1849
vn -0.2264 -0.973 0.0438
vn -0.7319 0.6631 0.1566
vn -0.7909 0.6008 0.1159
vn -0.8843 0.4475 0.133
vn -0.9659 0.2143 0.1452
vn -0.954 -0.2849 0.0934
vn -0.954 0.2849 0.0934
vn -0.6544 -0.7536 0.062
vn -0.2766 0.9606 0.0266
vn -0.2945 -0.9552 0.0279
vn -0.6513 0.7563 0.062
vn -0.2974 0.9546 0.0165
vn -0.3159 -0.9486 0.0175
vn -0.681 0.7313 0.0379
vn -0.6838 -0.7287 0.038
vn -0.3267 -0.9451 0.0059
vn -0.6954 0.7185 0.0125
vn -0.3252 -0.9456 -0.0059
vn -0.6945 0.7193 -0.0125
vn -0.8561 0.5165 -0.0155
vn -0.9665 -0.2559 -0.0174
vn -0.9244 -0.3778 -0.0514
vn -0.6817 -0.7306 -0.0379
vn -0.2938 0.9557 -0.0162
vn -0.3113 -0.9502 -0.0173
vn -0.679 0.7332 -0.0378
vn -0.8461 0.531 -0.0471
vn -0.6477 0.7593 -0.0622
vn -0.954 -0.2849 -0.0934
vn -0.954 0.2849 -0.0934
vn -0.9105 -0.4038 -0.0891
vn -0.6492 -0.7579 -0.0636
vn -0.2862 -0.9578 -0.028
vn -0.2357 0.9712 -0.0349
vn -0.2519 -0.967 -0.0371
vn -0.7882 0.6042 -0.1167
vn -0.8843 0.4475 -0.133
vn -0.8843 -0.4475 -0.133
vn -0.9652 -0.1482 -0.2155
vn -0.8363 0.5155 -0.1866
vn -0.8363 -0.5155 -0.1867
vn -0.7221 -0.6733 -0.1588
vn -0.9652 0.1482 -0.2155
vn -0.518 0.8478 -0.1134
vn -0.6123 -0.7633 -0.2061
vn -0.4156 -0.8991 -0.1371
vn -0.9441 0.0633 -0.3236
vn -0.1395 0.989 -0.0489
vn -0.1587 -0.9861 -0.0501
vn -0.9441 -0.0633 -0.3236
vn -0.6077 0.7668 -0.2068
vn -0.8945 -0.3255 -0.3066
vn -0.7463 0.6155 -0.2536
vn -0.746 -0.6155 -0.2543
vn -0.8945 0.3255 -0.3066
vn -0.4174 0.8723 -0.2547
vn -0.6756 0.6139 -0.4083
vn -0.5637 -0.7536 -0.338
vn -0.4265 -0.8682 -0.2537
vn -0.823 0.2758 -0.4965
vn -0.2691 -0.9502 -0.1574
vn -0.8527 0.0928 -0.5141
vn -0.1002 -0.9935 -0.0543
vn -0.853 -0.0927 -0.5137
vn -0.8236 -0.2754 -0.4959
vn -0.3625 0.4364 -0.8235
vn -0.0857 -0.9819 -0.1692
vn -0.3983 0.1556 -0.904
vn -0.0096 0.9984 -0.0553
vn -0.0361 -0.9978 -0.0563
vn -0.401 -0.1554 -0.9028
vn -0.3704 -0.4354 -0.8205
vn -0.3196 -0.6473 -0.6921
vn -0.1808 0.891 -0.4164
vn -0.2616 -0.7923 -0.5512
vn -0.2449 0.7977 -0.551
vn -0.3084 0.6494 -0.6952
vn -0.2291 -0.9316 0.2823
vn -0.6365 0.1372 0.759
vn -0.029 0.998 0.0558
vn -0.0558 -0.9968 0.0565
vn -0.6391 -0.1369 0.7569
vn -0.1174 0.9788 0.1676
vn -0.4032 -0.7586 0.5118
vn -0.3877 0.7633 0.5168
vn -0.3161 -0.8605 0.3996
vn -0.4642 0.8504 0.2477
vn -0.8078 -0.4185 0.415
vn -0.6131 -0.7209 0.323
vn -0.8884 0.0841 0.4513
vn -0.0959 0.9939 0.0537
vn -0.1197 -0.9913 0.0542
vn -0.9343 0.1862 0.304
vn -0.4387 -0.8886 0.1338
vn -0.1536 0.9869 0.0493
vn -0.176 -0.9831 0.05
vn -0.9344 -0.186 0.3038
vn -0.6318 0.7486 0.2012
vn -0.8442 0.4586 0.2777
vn -0.9045 -0.3757 0.2019
vn -0.7346 -0.6603 0.156
vn -0.9652 0.1482 0.2155
vn -0.5379 -0.8358 0.11
vn -0.2256 -0.9732 0.0438
vn -0.7321 0.663 0.1567
vn -0.6103 -0.7876 0.0848
vn -0.2449 0.9689 0.0354
vn -0.792 -0.5996 0.1155
vn -0.6545 -0.7535 0.0619
vn -0.2949 -0.9551 0.0278
vn -0.2975 0.9546 0.0165
vn -0.3157 -0.9487 0.0175
vn -0.6809 0.7314 0.0379
vn -0.6837 -0.7288 0.038
vn -0.9665 -0.2559 0.0175
vn -0.308 0.9514 0.0056
vn -0.3251 -0.9457 -0.0058
vn -0.9306 0.3657 -0.0168
vn -0.9665 -0.2559 -0.0175
vn -0.9665 0.2559 -0.0174
vn -0.9305 -0.3658 -0.0168
vn -0.6817 -0.7307 -0.0379
vn -0.2935 0.9558 -0.0162
vn -0.3117 -0.95 -0.0173
vn -0.6789 0.7332 -0.0378
vn -0.8239 -0.561 -0.0806
vn -0.6491 -0.758 -0.0635
vn -0.2862 -0.9578 -0.0281
vn -0.7856 -0.6076 -0.1173
vn -0.5985 -0.7962 -0.0884
vn -0.2517 -0.9671 -0.037
vn -0.5973 0.7973 -0.0868
vn -0.9371 -0.3194 -0.1409
vn -0.9371 0.3194 -0.1409
vn -0.8363 0.5155 -0.1867
vn -0.8363 -0.5156 -0.1867
vn -0.5184 0.8476 -0.1134
vn -0.6124 -0.7633 -0.2059
vn -0.1597 -0.9859 -0.0502
vn -0.4062 0.9033 -0.138
vn -0.7462 0.6155 -0.2536
vn -0.8363 -0.4674 -0.2867
vn -0.7459 -0.6155 -0.2544
vn -0.5594 0.7563 -0.3391
vn -0.5639 -0.7536 -0.3379
vn -0.4267 -0.8681 -0.2538
vn -0.8527 0.0928 -0.514
vn -0.2553 0.9539 -0.1578
vn -0.8236 -0.2754 -0.4958
vn -0.3982 0.1556 -0.904
vn -0.0364 -0.9978 -0.0563
vn -0.4011 -0.1554 -0.9027
vn -0.3704 -0.4353 -0.8205
vn -0.1205 0.9499 -0.2883
vn -0.3194 -0.6473 -0.6921
vn -0.1808 0.8911 -0.4163
vn -0.2617 -0.7924 -0.5511
vn -0.2447 0.7978 -0.5511
vn -0.201 -0.8881 -0.4133
vt 0.163750 0.711250
vt 0.163750 0.726079
vt 0.148549 0.726451
vt 0.148921 0.711250
vt 0.163750 0.750000
vt 0.149321 0.750000
vt 0.125000 0.725679
vt 0.125000 0.711250
vt 0.141378 0.750000
vt 0.413750 0.961250
vt 0.413750 0.976079
vt 0.398549 0.976451
vt 0.398921 0.961250
vt 0.413750 1.000000
vt 0.399321 1.000000
vt 0.375000 0.975679
vt 0.375000 0.961250
vt 0.391378 1.000000
vt 0.413750 0.038750
vt 0.398921 0.038750
vt 0.398549 0.023549
vt 0.413750 0.023921
vt 0.375000 0.038750
vt 0.375000 0.024321
vt 0.399321 0.000000
vt 0.413750 0.000000
vt 0.375000 0.016378
vt 0.586250 0.961250
vt 0.601079 0.961250
vt 0.601451 0.976451
vt 0.586250 0.976079
vt 0.625000 0.961250
vt 0.625000 0.975679
vt 0.600679 1.000000
vt 0.586250 1.000000
vt 0.625000 0.983622
vt 0.836250 0.711250
vt 0.851079 0.711250
vt 0.851451 0.726451
vt 0.836250 0.726079
vt 0.875000 0.711250
vt 0.875000 0.725679
vt 0.850679 0.750000
vt 0.836250 0.750000
vt 0.875000 0.733622
vt 0.586250 0.038750
vt 0.586250 0.023921
vt 0.601451 0.023549
vt 0.601079 0.038750
vt 0.586250 0.000000
vt 0.600679 0.000000
vt 0.625000 0.024321
vt 0.625000 0.038750
vt 0.608622 0.000000
vt 0.163750 0.538750
vt 0.148921 0.538750
vt 0.148549 0.523549
vt 0.163750 0.523921
vt 0.125000 0.538750
vt 0.125000 0.524321
vt 0.149321 0.500000
vt 0.163750 0.500000
vt 0.125000 0.516378
vt 0.413750 0.211250
vt 0.413750 0.226079
vt 0.398549 0.226451
vt 0.398921 0.211250
vt 0.413750 0.250000
vt 0.399321 0.250000
vt 0.375000 0.225679
vt 0.375000 0.211250
vt 0.383189 0.258189
vt 0.413750 0.288750
vt 0.398921 0.288750
vt 0.398549 0.273549
vt 0.413750 0.273921
vt 0.375000 0.288750
vt 0.375000 0.274321
vt 0.836250 0.538750
vt 0.836250 0.523921
vt 0.851451 0.523549
vt 0.851079 0.538750
vt 0.836250 0.500000
vt 0.850679 0.500000
vt 0.875000 0.524321
vt 0.875000 0.538750
vt 0.858622 0.500000
vt 0.586250 0.288750
vt 0.586250 0.273921
vt 0.601451 0.273549
vt 0.601079 0.288750
vt 0.586250 0.250000
vt 0.600679 0.250000
vt 0.625000 0.274321
vt 0.625000 0.288750
vt 0.616811 0.241811
vt 0.586250 0.211250
vt 0.601079 0.211250
vt 0.601451 0.226451
vt 0.586250 0.226079
vt 0.625000 0.211250
vt 0.625000 0.225679
vt 0.336250 0.711250
vt 0.351079 0.711250
vt 0.351451 0.726451
vt 0.336250 0.726079
vt 0.375000 0.711250
vt 0.375000 0.725679
vt 0.362840 0.762160
vt 0.355625 0.769375
vt 0.380459 0.750000
vt 0.413750 0.711250
vt 0.413750 0.726079
vt 0.398549 0.726451
vt 0.398921 0.711250
vt 0.413750 0.750000
vt 0.399321 0.750000
vt 0.413750 0.788750
vt 0.398921 0.788750
vt 0.398549 0.773549
vt 0.413750 0.773921
vt 0.663750 0.711250
vt 0.663750 0.726079
vt 0.648549 0.726451
vt 0.648921 0.711250
vt 0.644375 0.769375
vt 0.637160 0.762160
vt 0.625000 0.725679
vt 0.625000 0.711250
vt 0.625000 0.744541
vt 0.586250 0.788750
vt 0.586250 0.773921
vt 0.601451 0.773549
vt 0.601079 0.788750
vt 0.586250 0.750000
vt 0.600679 0.750000
vt 0.586250 0.711250
vt 0.601079 0.711250
vt 0.601451 0.726451
vt 0.586250 0.726079
vt 0.336250 0.538750
vt 0.336250 0.523921
vt 0.351451 0.523549
vt 0.351079 0.538750
vt 0.355625 0.480625
vt 0.362840 0.487840
vt 0.375000 0.524321
vt 0.375000 0.538750
vt 0.375000 0.505459
vt 0.413750 0.461250
vt 0.413750 0.476079
vt 0.398549 0.476451
vt 0.398921 0.461250
vt 0.413750 0.500000
vt 0.399321 0.500000
vt 0.413750 0.538750
vt 0.398921 0.538750
vt 0.398549 0.523549
vt 0.413750 0.523921
vt 0.663750 0.538750
vt 0.648921 0.538750
vt 0.648549 0.523549
vt 0.663750 0.523921
vt 0.625000 0.538750
vt 0.625000 0.524321
vt 0.637160 0.487840
vt 0.644375 0.480625
vt 0.619541 0.500000
vt 0.586250 0.538750
vt 0.586250 0.523921
vt 0.601451 0.523549
vt 0.601079 0.538750
vt 0.586250 0.500000
vt 0.600679 0.500000
vt 0.586250 0.461250
vt 0.601079 0.461250
vt 0.601451 0.476451
vt 0.586250 0.476079
vt 0.145000 0.730000
vt 0.145000 0.732610
vt 0.142347 0.732678
vt 0.142390 0.730000
vt 0.145000 0.735177
vt 0.142329 0.735322
vt 0.145000 0.737654
vt 0.142326 0.737813
vt 0.145000 0.740000
vt 0.142329 0.740100
vt 0.145000 0.742175
vt 0.142336 0.742167
vt 0.145000 0.750000
vt 0.142341 0.750000
vt 0.139704 0.732704
vt 0.139823 0.730000
vt 0.139668 0.735372
vt 0.139698 0.737835
vt 0.139752 0.740026
vt 0.139807 0.741958
vt 0.139835 0.750000
vt 0.137195 0.732702
vt 0.137346 0.730000
vt 0.137182 0.735341
vt 0.137283 0.737739
vt 0.137430 0.739811
vt 0.137566 0.741599
vt 0.137634 0.750000
vt 0.134892 0.732691
vt 0.135000 0.730000
vt 0.134970 0.735277
vt 0.135193 0.737586
vt 0.135473 0.739533
vt 0.135717 0.741178
vt 0.135839 0.750000
vt 0.132817 0.732674
vt 0.132825 0.730000
vt 0.133028 0.735208
vt 0.133396 0.737443
vt 0.133821 0.739286
vt 0.134209 0.740792
vt 0.134418 0.750000
vt 0.125000 0.732659
vt 0.125000 0.730000
vt 0.125000 0.735165
vt 0.125000 0.737366
vt 0.125000 0.739161
vt 0.125000 0.740582
vt 0.133453 0.750000
vt 0.395000 0.980000
vt 0.395000 0.982610
vt 0.392347 0.982678
vt 0.392390 0.980000
vt 0.395000 0.985177
vt 0.392329 0.985322
vt 0.395000 0.987654
vt 0.392326 0.987813
vt 0.395000 0.990000
vt 0.392329 0.990100
vt 0.395000 0.992175
vt 0.392336 0.992167
vt 0.395000 1.000000
vt 0.392341 1.000000
vt 0.389704 0.982704
vt 0.389823 0.980000
vt 0.389668 0.985372
vt 0.389698 0.987835
vt 0.389752 0.990026
vt 0.389807 0.991958
vt 0.389835 1.000000
vt 0.387195 0.982702
vt 0.387346 0.980000
vt 0.387182 0.985341
vt 0.387283 0.987739
vt 0.387431 0.989811
vt 0.387566 0.991599
vt 0.387634 1.000000
vt 0.384892 0.982691
vt 0.385000 0.980000
vt 0.384970 0.985277
vt 0.385193 0.987586
vt 0.385473 0.989533
vt 0.385717 0.991178
vt 0.385839 1.000000
vt 0.382817 0.982674
vt 0.382825 0.980000
vt 0.383028 0.985207
vt 0.383396 0.987443
vt 0.383821 0.989286
vt 0.384209 0.990791
vt 0.384418 1.000000
vt 0.375000 0.982659
vt 0.375000 0.980000
vt 0.375000 0.985165
vt 0.375000 0.987366
vt 0.375000 0.989161
vt 0.375000 0.990582
vt 0.383453 1.000000
vt 0.395000 0.020000
vt 0.392390 0.020000
vt 0.392322 0.017347
vt 0.395000 0.017390
vt 0.389823 0.020000
vt 0.389678 0.017329
vt 0.387346 0.020000
vt 0.387187 0.017326
vt 0.385000 0.020000
vt 0.384900 0.017329
vt 0.382825 0.020000
vt 0.382833 0.017336
vt 0.375000 0.020000
vt 0.375000 0.017341
vt 0.392296 0.014704
vt 0.395000 0.014823
vt 0.389628 0.014668
vt 0.387165 0.014698
vt 0.384974 0.014752
vt 0.383042 0.014807
vt 0.375000 0.014835
vt 0.392298 0.012195
vt 0.395000 0.012346
vt 0.389659 0.012182
vt 0.387261 0.012283
vt 0.385189 0.012430
vt 0.383401 0.012566
vt 0.375000 0.012634
vt 0.392309 0.009893
vt 0.395000 0.010000
vt 0.389723 0.009970
vt 0.387414 0.010193
vt 0.385468 0.010473
vt 0.383822 0.010717
vt 0.375000 0.010839
vt 0.392326 0.007817
vt 0.395000 0.007825
vt 0.389792 0.008028
vt 0.387557 0.008396
vt 0.385714 0.008821
vt 0.384208 0.009209
vt 0.375000 0.009418
vt 0.392341 0.000000
vt 0.395000 0.000000
vt 0.389835 0.000000
vt 0.387634 0.000000
vt 0.385839 0.000000
vt 0.384418 0.000000
vt 0.375000 0.008453
vt 0.605000 0.980000
vt 0.607610 0.980000
vt 0.607678 0.982653
vt 0.605000 0.982610
vt 0.610177 0.980000
vt 0.610322 0.982671
vt 0.612654 0.980000
vt 0.612813 0.982674
vt 0.615000 0.980000
vt 0.615100 0.982671
vt 0.617175 0.980000
vt 0.617167 0.982663
vt 0.625000 0.980000
vt 0.625000 0.982659
vt 0.607704 0.985296
vt 0.605000 0.985177
vt 0.610372 0.985332
vt 0.612835 0.985302
vt 0.615026 0.985248
vt 0.616958 0.985193
vt 0.625000 0.985165
vt 0.607702 0.987805
vt 0.605000 0.987654
vt 0.610341 0.987818
vt 0.612739 0.987717
vt 0.614811 0.987570
vt 0.616599 0.987434
vt 0.625000 0.987366
vt 0.607691 0.990107
vt 0.605000 0.990000
vt 0.610277 0.990030
vt 0.612586 0.989807
vt 0.614532 0.989527
vt 0.616178 0.989283
vt 0.625000 0.989161
vt 0.607674 0.992183
vt 0.605000 0.992175
vt 0.610208 0.991972
vt 0.612443 0.991604
vt 0.614286 0.991179
vt 0.615792 0.990791
vt 0.625000 0.990582
vt 0.607659 1.000000
vt 0.605000 1.000000
vt 0.610165 1.000000
vt 0.612366 1.000000
vt 0.614161 1.000000
vt 0.615582 1.000000
vt 0.625000 0.991547
vt 0.855000 0.730000
vt 0.857610 0.730000
vt 0.857678 0.732653
vt 0.855000 0.732610
vt 0.860177 0.730000
vt 0.860322 0.732671
vt 0.862654 0.730000
vt 0.862813 0.732674
vt 0.865000 0.730000
vt 0.865100 0.732671
vt 0.867175 0.730000
vt 0.867167 0.732664
vt 0.875000 0.730000
vt 0.875000 0.732659
vt 0.857704 0.735295
vt 0.855000 0.735177
vt 0.860372 0.735332
vt 0.862835 0.735302
vt 0.865026 0.735248
vt 0.866958 0.735193
vt 0.875000 0.735165
vt 0.857702 0.737805
vt 0.855000 0.737654
vt 0.860342 0.737818
vt 0.862739 0.737717
vt 0.864811 0.737570
vt 0.866599 0.737434
vt 0.875000 0.737366
vt 0.857691 0.740107
vt 0.855000 0.740000
vt 0.860277 0.740030
vt 0.862586 0.739807
vt 0.864533 0.739527
vt 0.866178 0.739283
vt 0.875000 0.739161
vt 0.857674 0.742183
vt 0.855000 0.742175
vt 0.860208 0.741972
vt 0.862443 0.741604
vt 0.864286 0.741179
vt 0.865792 0.740791
vt 0.875000 0.740582
vt 0.857659 0.750000
vt 0.855000 0.750000
vt 0.860165 0.750000
vt 0.862366 0.750000
vt 0.864161 0.750000
vt 0.865582 0.750000
vt 0.875000 0.741547
vt 0.605000 0.020000
vt 0.605000 0.017390
vt 0.607653 0.017322
vt 0.607610 0.020000
vt 0.605000 0.014823
vt 0.607671 0.014678
vt 0.605000 0.012346
vt 0.607674 0.012187
vt 0.605000 0.010000
vt 0.607671 0.009900
vt 0.605000 0.007825
vt 0.607663 0.007833
vt 0.605000 0.000000
vt 0.607659 0.000000
vt 0.610295 0.017296
vt 0.610177 0.020000
vt 0.610332 0.014628
vt 0.610302 0.012165
vt 0.610248 0.009974
vt 0.610193 0.008042
vt 0.610165 0.000000
vt 0.612805 0.017298
vt 0.612654 0.020000
vt 0.612818 0.014659
vt 0.612717 0.012261
vt 0.612570 0.010189
vt 0.612434 0.008401
vt 0.612366 0.000000
vt 0.615108 0.017309
vt 0.615000 0.020000
vt 0.615030 0.014723
vt 0.614807 0.012414
vt 0.614527 0.010467
vt 0.614283 0.008822
vt 0.614161 0.000000
vt 0.617183 0.017326
vt 0.617175 0.020000
vt 0.616972 0.014792
vt 0.616604 0.012557
vt 0.616179 0.010714
vt 0.615791 0.009208
vt 0.615582 0.000000
vt 0.625000 0.017341
vt 0.625000 0.020000
vt 0.625000 0.014835
vt 0.625000 0.012634
vt 0.625000 0.010839
vt 0.625000 0.009418
vt 0.616547 0.000000
vt 0.145000 0.520000
vt 0.142390 0.520000
vt 0.142322 0.517347
vt 0.145000 0.517390
vt 0.139823 0.520000
vt 0.139678 0.517329
vt 0.137346 0.520000
vt 0.137187 0.517326
vt 0.135000 0.520000
vt 0.134900 0.517329
vt 0.132825 0.520000
vt 0.132833 0.517336
vt 0.125000 0.520000
vt 0.125000 0.517341
vt 0.142296 0.514704
vt 0.145000 0.514823
vt 0.139628 0.514668
vt 0.137165 0.514698
vt 0.134974 0.514752
vt 0.133042 0.514807
vt 0.125000 0.514835
vt 0.142298 0.512195
vt 0.145000 0.512346
vt 0.139659 0.512182
vt 0.137261 0.512283
vt 0.135189 0.512430
vt 0.133401 0.512566
vt 0.125000 0.512634
vt 0.142309 0.509892
vt 0.145000 0.510000
vt 0.139723 0.509970
vt 0.137414 0.510193
vt 0.135467 0.510473
vt 0.133822 0.510717
vt 0.125000 0.510839
vt 0.142326 0.507817
vt 0.145000 0.507825
vt 0.139792 0.508028
vt 0.137557 0.508396
vt 0.135714 0.508821
vt 0.134208 0.509209
vt 0.125000 0.509418
vt 0.142341 0.500000
vt 0.145000 0.500000
vt 0.139835 0.500000
vt 0.137634 0.500000
vt 0.135839 0.500000
vt 0.134418 0.500000
vt 0.125000 0.508453
vt 0.395000 0.230000
vt 0.395000 0.232610
vt 0.392347 0.232678
vt 0.392390 0.230000
vt 0.395000 0.235177
vt 0.392329 0.235322
vt 0.395000 0.237654
vt 0.392326 0.237813
vt 0.395000 0.240000
vt 0.392329 0.240100
vt 0.395000 0.242175
vt 0.392336 0.242167
vt 0.395000 0.250000
vt 0.392341 0.250000
vt 0.389704 0.232704
vt 0.389823 0.230000
vt 0.389668 0.235372
vt 0.389698 0.237835
vt 0.389752 0.240026
vt 0.389807 0.241958
vt 0.389835 0.250000
vt 0.387195 0.232702
vt 0.387346 0.230000
vt 0.387182 0.235341
vt 0.387283 0.237739
vt 0.387430 0.239811
vt 0.387566 0.241599
vt 0.387634 0.250000
vt 0.384892 0.232691
vt 0.385000 0.230000
vt 0.384970 0.235277
vt 0.385193 0.237586
vt 0.385473 0.239533
vt 0.385717 0.241178
vt 0.385839 0.250000
vt 0.382817 0.232674
vt 0.382825 0.230000
vt 0.383028 0.235208
vt 0.383396 0.237443
vt 0.383821 0.239286
vt 0.384209 0.240792
vt 0.384418 0.250000
vt 0.375000 0.232659
vt 0.375000 0.230000
vt 0.375000 0.235165
vt 0.375000 0.237366
vt 0.375000 0.239161
vt 0.375000 0.240582
vt 0.379227 0.254227
vt 0.395000 0.270000
vt 0.392390 0.270000
vt 0.392322 0.267347
vt 0.395000 0.267390
vt 0.389823 0.270000
vt 0.389678 0.267329
vt 0.387346 0.270000
vt 0.387187 0.267326
vt 0.385000 0.270000
vt 0.384900 0.267329
vt 0.382825 0.270000
vt 0.382833 0.267336
vt 0.375000 0.270000
vt 0.375000 0.267341
vt 0.392296 0.264704
vt 0.395000 0.264823
vt 0.389628 0.264668
vt 0.387165 0.264698
vt 0.384974 0.264752
vt 0.383042 0.264807
vt 0.375000 0.264835
vt 0.392298 0.262195
vt 0.395000 0.262346
vt 0.389659 0.262182
vt 0.387261 0.262283
vt 0.385189 0.262430
vt 0.383401 0.262566
vt 0.375000 0.262634
vt 0.392309 0.259892
vt 0.395000 0.260000
vt 0.389723 0.259970
vt 0.387414 0.260193
vt 0.385468 0.260473
vt 0.383822 0.260717
vt 0.375000 0.260839
vt 0.392326 0.257817
vt 0.395000 0.257825
vt 0.389792 0.258028
vt 0.387557 0.258396
vt 0.385714 0.258821
vt 0.384208 0.259209
vt 0.375000 0.259418
vt 0.855000 0.520000
vt 0.855000 0.517390
vt 0.857653 0.517322
vt 0.857610 0.520000
vt 0.855000 0.514823
vt 0.857671 0.514678
vt 0.855000 0.512346
vt 0.857674 0.512187
vt 0.855000 0.510000
vt 0.857671 0.509900
vt 0.855000 0.507825
vt 0.857664 0.507833
vt 0.855000 0.500000
vt 0.857659 0.500000
vt 0.860296 0.517296
vt 0.860177 0.520000
vt 0.860332 0.514628
vt 0.860302 0.512165
vt 0.860248 0.509974
vt 0.860193 0.508042
vt 0.860165 0.500000
vt 0.862805 0.517298
vt 0.862654 0.520000
vt 0.862818 0.514659
vt 0.862717 0.512262
vt 0.862570 0.510189
vt 0.862434 0.508401
vt 0.862366 0.500000
vt 0.865107 0.517309
vt 0.865000 0.520000
vt 0.865030 0.514723
vt 0.864807 0.512414
vt 0.864527 0.510468
vt 0.864283 0.508822
vt 0.864161 0.500000
vt 0.867183 0.517326
vt 0.867175 0.520000
vt 0.866972 0.514792
vt 0.866604 0.512557
vt 0.866179 0.510714
vt 0.865791 0.509208
vt 0.865582 0.500000
vt 0.875000 0.517341
vt 0.875000 0.520000
vt 0.875000 0.514835
vt 0.875000 0.512634
vt 0.875000 0.510839
vt 0.875000 0.509418
vt 0.866547 0.500000
vt 0.605000 0.270000
vt 0.605000 0.267390
vt 0.607653 0.267322
vt 0.607610 0.270000
vt 0.605000 0.264823
vt 0.607671 0.264678
vt 0.605000 0.262346
vt 0.607674 0.262187
vt 0.605000 0.260000
vt 0.607671 0.259900
vt 0.605000 0.257825
vt 0.607663 0.257833
vt 0.605000 0.250000
vt 0.607659 0.250000
vt 0.610295 0.267296
vt 0.610177 0.270000
vt 0.610332 0.264628
vt 0.610303 0.262165
vt 0.610248 0.259974
vt 0.610193 0.258042
vt 0.610165 0.250000
vt 0.612805 0.267298
vt 0.612654 0.270000
vt 0.612818 0.264659
vt 0.612717 0.262261
vt 0.612570 0.260189
vt 0.612434 0.258401
vt 0.612366 0.250000
vt 0.615107 0.267309
vt 0.615000 0.270000
vt 0.615030 0.264723
vt 0.614807 0.262414
vt 0.614528 0.260468
vt 0.614283 0.258822
vt 0.614161 0.250000
vt 0.617183 0.267326
vt 0.617175 0.270000
vt 0.616972 0.264792
vt 0.616604 0.262557
vt 0.616179 0.260714
vt 0.615791 0.259208
vt 0.615582 0.250000
vt 0.625000 0.267341
vt 0.625000 0.270000
vt 0.625000 0.264835
vt 0.625000 0.262634
vt 0.625000 0.260839
vt 0.625000 0.259418
vt 0.620774 0.245773
vt 0.605000 0.230000
vt 0.607610 0.230000
vt 0.607679 0.232653
vt 0.605000 0.232610
vt 0.610177 0.230000
vt 0.610322 0.232671
vt 0.612654 0.230000
vt 0.612813 0.232674
vt 0.615000 0.230000
vt 0.615100 0.232671
vt 0.617175 0.230000
vt 0.617167 0.232664
vt 0.625000 0.230000
vt 0.625000 0.232659
vt 0.607704 0.235296
vt 0.605000 0.235177
vt 0.610372 0.235332
vt 0.612835 0.235302
vt 0.615026 0.235248
vt 0.616958 0.235193
vt 0.625000 0.235165
vt 0.607702 0.237805
vt 0.605000 0.237654
vt 0.610342 0.237818
vt 0.612739 0.237717
vt 0.614811 0.237570
vt 0.616599 0.237434
vt 0.625000 0.237366
vt 0.607691 0.240107
vt 0.605000 0.240000
vt 0.610277 0.240030
vt 0.612586 0.239807
vt 0.614533 0.239527
vt 0.616178 0.239283
vt 0.625000 0.239161
vt 0.607674 0.242183
vt 0.605000 0.242175
vt 0.610208 0.241972
vt 0.612443 0.241604
vt 0.614286 0.241179
vt 0.615792 0.240791
vt 0.625000 0.240582
vt 0.355000 0.730000
vt 0.357610 0.730000
vt 0.357678 0.732653
vt 0.355000 0.732610
vt 0.360177 0.730000
vt 0.360322 0.732671
vt 0.362654 0.730000
vt 0.362813 0.732674
vt 0.365000 0.730000
vt 0.365100 0.732671
vt 0.367175 0.730000
vt 0.367167 0.732663
vt 0.375000 0.730000
vt 0.375000 0.732659
vt 0.357704 0.735295
vt 0.355000 0.735177
vt 0.360372 0.735332
vt 0.362835 0.735302
vt 0.365026 0.735248
vt 0.366958 0.735193
vt 0.375000 0.735165
vt 0.357702 0.737805
vt 0.355000 0.737654
vt 0.360341 0.737818
vt 0.362739 0.737717
vt 0.364811 0.737570
vt 0.366599 0.737434
vt 0.375000 0.737366
vt 0.357691 0.740107
vt 0.355000 0.740000
vt 0.360277 0.740030
vt 0.362586 0.739807
vt 0.364532 0.739527
vt 0.366178 0.739283
vt 0.375000 0.739161
vt 0.357674 0.742183
vt 0.355000 0.742175
vt 0.360208 0.741972
vt 0.362443 0.741604
vt 0.364286 0.741179
vt 0.365792 0.740791
vt 0.375000 0.740582
vt 0.366323 0.758664
vt 0.365000 0.760000
vt 0.367583 0.757418
vt 0.368687 0.756321
vt 0.369583 0.755423
vt 0.370292 0.754710
vt 0.377818 0.750000
vt 0.395000 0.730000
vt 0.395000 0.732610
vt 0.392347 0.732678
vt 0.392390 0.730000
vt 0.395000 0.735177
vt 0.392329 0.735322
vt 0.395000 0.737654
vt 0.392326 0.737813
vt 0.395000 0.740000
vt 0.392329 0.740100
vt 0.395000 0.742175
vt 0.392336 0.742167
vt 0.395000 0.750000
vt 0.392341 0.750000
vt 0.389704 0.732704
vt 0.389823 0.730000
vt 0.389668 0.735372
vt 0.389698 0.737835
vt 0.389752 0.740026
vt 0.389807 0.741958
vt 0.389835 0.750000
vt 0.387195 0.732702
vt 0.387346 0.730000
vt 0.387182 0.735341
vt 0.387283 0.737739
vt 0.387430 0.739811
vt 0.387566 0.741599
vt 0.387634 0.750000
vt 0.384892 0.732691
vt 0.385000 0.730000
vt 0.384970 0.735277
vt 0.385193 0.737586
vt 0.385473 0.739533
vt 0.385717 0.741178
vt 0.385839 0.750000
vt 0.382817 0.732674
vt 0.382825 0.730000
vt 0.383028 0.735208
vt 0.383396 0.737443
vt 0.383821 0.739286
vt 0.384209 0.740792
vt 0.384418 0.750000
vt 0.395000 0.770000
vt 0.392390 0.770000
vt 0.392322 0.767347
vt 0.395000 0.767390
vt 0.389823 0.770000
vt 0.389678 0.767329
vt 0.387346 0.770000
vt 0.387187 0.767326
vt 0.385000 0.770000
vt 0.384900 0.767329
vt 0.382825 0.770000
vt 0.382833 0.767336
vt 0.392296 0.764704
vt 0.395000 0.764823
vt 0.389628 0.764668
vt 0.387165 0.764697
vt 0.384974 0.764752
vt 0.383042 0.764807
vt 0.392298 0.762195
vt 0.395000 0.762346
vt 0.389659 0.762182
vt 0.387261 0.762283
vt 0.385189 0.762430
vt 0.383401 0.762566
vt 0.392309 0.759892
vt 0.395000 0.760000
vt 0.389723 0.759970
vt 0.387414 0.760193
vt 0.385468 0.760473
vt 0.383822 0.760717
vt 0.392326 0.757817
vt 0.395000 0.757825
vt 0.389792 0.758028
vt 0.387557 0.758396
vt 0.385714 0.758821
vt 0.384208 0.759209
vt 0.645000 0.730000
vt 0.645000 0.732610
vt 0.642347 0.732678
vt 0.642390 0.730000
vt 0.645000 0.735177
vt 0.642329 0.735322
vt 0.645000 0.737654
vt 0.642326 0.737813
vt 0.645000 0.740000
vt 0.642329 0.740100
vt 0.645000 0.742175
vt 0.642336 0.742167
vt 0.635000 0.760000
vt 0.633664 0.758677
vt 0.639704 0.732704
vt 0.639823 0.730000
vt 0.639668 0.735372
vt 0.639698 0.737835
vt 0.639752 0.740026
vt 0.639807 0.741958
vt 0.632418 0.757418
vt 0.637195 0.732702
vt 0.637346 0.730000
vt 0.637182 0.735341
vt 0.637283 0.737739
vt 0.637430 0.739811
vt 0.637566 0.741599
vt 0.631321 0.756313
vt 0.634892 0.732691
vt 0.635000 0.730000
vt 0.634970 0.735277
vt 0.635193 0.737586
vt 0.635473 0.739533
vt 0.635717 0.741178
vt 0.630423 0.755417
vt 0.632817 0.732674
vt 0.632825 0.730000
vt 0.633028 0.735208
vt 0.633396 0.737443
vt 0.633821 0.739286
vt 0.634209 0.740792
vt 0.629710 0.754708
vt 0.625000 0.732659
vt 0.625000 0.730000
vt 0.625000 0.735165
vt 0.625000 0.737366
vt 0.625000 0.739161
vt 0.625000 0.740582
vt 0.625000 0.747182
vt 0.605000 0.770000
vt 0.605000 0.767390
vt 0.607653 0.767322
vt 0.607610 0.770000
vt 0.605000 0.764823
vt 0.607671 0.764678
vt 0.605000 0.762346
vt 0.607674 0.762187
vt 0.605000 0.760000
vt 0.607671 0.759900
vt 0.605000 0.757825
vt 0.607663 0.757833
vt 0.605000 0.750000
vt 0.607659 0.750000
vt 0.610295 0.767296
vt 0.610177 0.770000
vt 0.610332 0.764628
vt 0.610303 0.762165
vt 0.610248 0.759974
vt 0.610193 0.758042
vt 0.610165 0.750000
vt 0.612805 0.767298
vt 0.612654 0.770000
vt 0.612818 0.764659
vt 0.612717 0.762261
vt 0.612570 0.760189
vt 0.612434 0.758401
vt 0.612366 0.750000
vt 0.615107 0.767309
vt 0.615000 0.770000
vt 0.615030 0.764723
vt 0.614807 0.762414
vt 0.614528 0.760468
vt 0.614283 0.758822
vt 0.614161 0.750000
vt 0.617183 0.767326
vt 0.617175 0.770000
vt 0.616972 0.764792
vt 0.616604 0.762557
vt 0.616179 0.760714
vt 0.615791 0.759208
vt 0.615582 0.750000
vt 0.605000 0.730000
vt 0.607610 0.730000
vt 0.607679 0.732653
vt 0.605000 0.732610
vt 0.610177 0.730000
vt 0.610322 0.732671
vt 0.612654 0.730000
vt 0.612813 0.732674
vt 0.615000 0.730000
vt 0.615100 0.732671
vt 0.617175 0.730000
vt 0.617167 0.732664
vt 0.607704 0.735295
vt 0.605000 0.735177
vt 0.610372 0.735332
vt 0.612835 0.735302
vt 0.615026 0.735248
vt 0.616958 0.735193
vt 0.607702 0.737805
vt 0.605000 0.737654
vt 0.610342 0.737818
vt 0.612739 0.737717
vt 0.614811 0.737570
vt 0.616599 0.737434
vt 0.607691 0.740107
vt 0.605000 0.740000
vt 0.610277 0.740030
vt 0.612586 0.739807
vt 0.614533 0.739527
vt 0.616178 0.739283
vt 0.607674 0.742183
vt 0.605000 0.742175
vt 0.610208 0.741972
vt 0.612443 0.741604
vt 0.614286 0.741179
vt 0.615792 0.740791
vt 0.355000 0.520000
vt 0.355000 0.517390
vt 0.357653 0.517322
vt 0.357610 0.520000
vt 0.355000 0.514823
vt 0.357671 0.514678
vt 0.355000 0.512346
vt 0.357674 0.512187
vt 0.355000 0.510000
vt 0.357671 0.509900
vt 0.355000 0.507825
vt 0.357664 0.507833
vt 0.365000 0.490000
vt 0.366336 0.491323
vt 0.360296 0.517296
vt 0.360177 0.520000
vt 0.360332 0.514628
vt 0.360303 0.512165
vt 0.360248 0.509974
vt 0.360193 0.508042
vt 0.367582 0.492583
vt 0.362805 0.517298
vt 0.362654 0.520000
vt 0.362818 0.514659
vt 0.362717 0.512262
vt 0.362570 0.510189
vt 0.362434 0.508401
vt 0.368679 0.493687
vt 0.365107 0.517309
vt 0.365000 0.520000
vt 0.365030 0.514723
vt 0.364807 0.512414
vt 0.364527 0.510468
vt 0.364283 0.508822
vt 0.369577 0.494583
vt 0.367183 0.517326
vt 0.367175 0.520000
vt 0.366972 0.514792
vt 0.366604 0.512557
vt 0.366179 0.510714
vt 0.365791 0.509208
vt 0.370290 0.495292
vt 0.375000 0.517341
vt 0.375000 0.520000
vt 0.375000 0.514835
vt 0.375000 0.512634
vt 0.375000 0.510839
vt 0.375000 0.509418
vt 0.375000 0.502818
vt 0.395000 0.480000
vt 0.395000 0.482610
vt 0.392347 0.482678
vt 0.392390 0.480000
vt 0.395000 0.485177
vt 0.392329 0.485322
vt 0.395000 0.487654
vt 0.392326 0.487813
vt 0.395000 0.490000
vt 0.392329 0.490100
vt 0.395000 0.492175
vt 0.392336 0.492167
vt 0.395000 0.500000
vt 0.392341 0.500000
vt 0.389704 0.482704
vt 0.389823 0.480000
vt 0.389668 0.485372
vt 0.389698 0.487835
vt 0.389752 0.490026
vt 0.389807 0.491958
vt 0.389835 0.500000
vt 0.387195 0.482702
vt 0.387346 0.480000
vt 0.387182 0.485341
vt 0.387283 0.487739
vt 0.387431 0.489811
vt 0.387566 0.491599
vt 0.387634 0.500000
vt 0.384892 0.482691
vt 0.385000 0.480000
vt 0.384970 0.485277
vt 0.385193 0.487586
vt 0.385473 0.489533
vt 0.385717 0.491178
vt 0.385839 0.500000
vt 0.382817 0.482674
vt 0.382825 0.480000
vt 0.383028 0.485208
vt 0.383396 0.487443
vt 0.383821 0.489286
vt 0.384209 0.490792
vt 0.384418 0.500000
vt 0.395000 0.520000
vt 0.392390 0.520000
vt 0.392322 0.517347
vt 0.395000 0.517390
vt 0.389823 0.520000
vt 0.389678 0.517329
vt 0.387346 0.520000
vt 0.387187 0.517326
vt 0.385000 0.520000
vt 0.384900 0.517329
vt 0.382825 0.520000
vt 0.382833 0.517336
vt 0.392296 0.514704
vt 0.395000 0.514823
vt 0.389628 0.514668
vt 0.387165 0.514698
vt 0.384974 0.514752
vt 0.383042 0.514807
vt 0.392298 0.512195
vt 0.395000 0.512346
vt 0.389659 0.512182
vt 0.387261 0.512283
vt 0.385189 0.512431
vt 0.383401 0.512566
vt 0.392309 0.509892
vt 0.395000 0.510000
vt 0.389723 0.509970
vt 0.387414 0.510193
vt 0.385468 0.510473
vt 0.383822 0.510717
vt 0.392326 0.507817
vt 0.395000 0.507825
vt 0.389792 0.508028
vt 0.387557 0.508396
vt 0.385714 0.508821
vt 0.384208 0.509209
vt 0.645000 0.520000
vt 0.642390 0.520000
vt 0.642322 0.517347
vt 0.645000 0.517390
vt 0.639823 0.520000
vt 0.639678 0.517329
vt 0.637346 0.520000
vt 0.637187 0.517326
vt 0.635000 0.520000
vt 0.634900 0.517329
vt 0.632825 0.520000
vt 0.632833 0.517336
vt 0.625000 0.520000
vt 0.625000 0.517341
vt 0.642296 0.514704
vt 0.645000 0.514823
vt 0.639628 0.514668
vt 0.637165 0.514698
vt 0.634974 0.514752
vt 0.633042 0.514807
vt 0.625000 0.514835
vt 0.642298 0.512195
vt 0.645000 0.512346
vt 0.639659 0.512182
vt 0.637261 0.512283
vt 0.635189 0.512430
vt 0.633401 0.512566
vt 0.625000 0.512634
vt 0.642309 0.509892
vt 0.645000 0.510000
vt 0.639724 0.509970
vt 0.637414 0.510193
vt 0.635467 0.510473
vt 0.633822 0.510717
vt 0.625000 0.510839
vt 0.642326 0.507817
vt 0.645000 0.507825
vt 0.639792 0.508028
vt 0.637557 0.508396
vt 0.635714 0.508821
vt 0.634208 0.509209
vt 0.625000 0.509418
vt 0.633677 0.491336
vt 0.635000 0.490000
vt 0.632418 0.492582
vt 0.631313 0.493679
vt 0.630417 0.494577
vt 0.629708 0.495290
vt 0.622182 0.500000
vt 0.605000 0.520000
vt 0.605000 0.517390
vt 0.607653 0.517322
vt 0.607610 0.520000
vt 0.605000 0.514823
vt 0.607671 0.514678
vt 0.605000 0.512346
vt 0.607674 0.512187
vt 0.605000 0.510000
vt 0.607671 0.509900
vt 0.605000 0.507825
vt 0.607663 0.507833
vt 0.605000 0.500000
vt 0.607659 0.500000
vt 0.610295 0.517296
vt 0.610177 0.520000
vt 0.610332 0.514628
vt 0.610302 0.512165
vt 0.610248 0.509974
vt 0.610193 0.508042
vt 0.610165 0.500000
vt 0.612805 0.517298
vt 0.612654 0.520000
vt 0.612818 0.514659
vt 0.612717 0.512261
vt 0.612570 0.510189
vt 0.612434 0.508401
vt 0.612366 0.500000
vt 0.615108 0.517309
vt 0.615000 0.520000
vt 0.615030 0.514723
vt 0.614807 0.512414
vt 0.614527 0.510468
vt 0.614283 0.508822
vt 0.614161 0.500000
vt 0.617183 0.517326
vt 0.617176 0.520000
vt 0.616972 0.514792
vt 0.616604 0.512557
vt 0.616179 0.510714
vt 0.615791 0.509208
vt 0.615582 0.500000
vt 0.605000 0.480000
vt 0.607610 0.480000
vt 0.607678 0.482653
vt 0.605000 0.482610
vt 0.610177 0.480000
vt 0.610322 0.482671
vt 0.612654 0.480000
vt 0.612813 0.482674
vt 0.615000 0.480000
vt 0.615100 0.482671
vt 0.617175 0.480000
vt 0.617167 0.482664
vt 0.607704 0.485295
vt 0.605000 0.485177
vt 0.610372 0.485332
vt 0.612835 0.485302
vt 0.615026 0.485248
vt 0.616958 0.485193
vt 0.607702 0.487805
vt 0.605000 0.487654
vt 0.610341 0.487818
vt 0.612739 0.487717
vt 0.614811 0.487570
vt 0.616599 0.487434
vt 0.607691 0.490107
vt 0.605000 0.490000
vt 0.610277 0.490030
vt 0.612586 0.489807
vt 0.614533 0.489527
vt 0.616178 0.489283
vt 0.607674 0.492183
vt 0.605000 0.492175
vt 0.610208 0.491972
vt 0.612443 0.491604
vt 0.614286 0.491179
vt 0.615792 0.490791
vt 0.145000 0.730000
vt 0.395000 0.992176
vt 0.855000 0.730000
vt 0.855000 0.732610
vt 0.860177 0.730000
vt 0.855000 0.740000
vt 0.605000 0.017390
vt 0.145000 0.517390
vt 0.139823 0.520000
vt 0.384418 0.250000
vt 0.862654 0.520000
vt 0.607610 0.270000
vt 0.605000 0.242175
vt 0.375000 0.735165
vt 0.375000 0.740582
vt 0.392341 0.750000
vt 0.389823 0.730000
vt 0.389835 0.750000
vt 0.382825 0.730000
vt 0.395000 0.770000
vt 0.395000 0.757825
vt 0.632825 0.730000
vt 0.625000 0.740582
vt 0.607610 0.770000
vt 0.605000 0.730000
vt 0.605000 0.732610
vt 0.610177 0.730000
vt 0.355000 0.520000
vt 0.357610 0.520000
vt 0.367175 0.520000
vt 0.375000 0.517341
vt 0.375000 0.509418
vt 0.375000 0.502818
vt 0.395000 0.520000
vt 0.385000 0.520000
vt 0.645000 0.520000
vt 0.625000 0.509418
vt 0.629708 0.495290
vt 0.617175 0.520000
vt 0.610177 0.480000
vt 0.500000 0.125000
vt 0.500000 0.187500
vt 0.468750 0.187500
vt 0.468750 0.125000
vt 0.500000 0.562500
vt 0.500000 0.625000
vt 0.468750 0.625000
vt 0.468750 0.562500
vt 0.500000 0.062500
vt 0.468750 0.062500
vt 0.500000 0.500000
vt 0.468750 0.500000
vt 0.500000 0.937500
vt 0.484375 1.000000
vt 0.468750 0.937500
vt 0.484375 0.000000
vt 0.500000 0.437500
vt 0.468750 0.437500
vt 0.500000 0.875000
vt 0.468750 0.875000
vt 0.500000 0.375000
vt 0.468750 0.375000
vt 0.500000 0.812500
vt 0.468750 0.812500
vt 0.500000 0.312500
vt 0.468750 0.312500
vt 0.500000 0.750000
vt 0.468750 0.750000
vt 0.500000 0.250000
vt 0.468750 0.250000
vt 0.500000 0.687500
vt 0.468750 0.687500
vt 0.437500 0.875000
vt 0.437500 0.812500
vt 0.437500 0.375000
vt 0.437500 0.312500
vt 0.437500 0.750000
vt 0.437500 0.250000
vt 0.437500 0.687500
vt 0.437500 0.187500
vt 0.437500 0.625000
vt 0.437500 0.125000
vt 0.437500 0.562500
vt 0.437500 0.062500
vt 0.437500 0.500000
vt 0.453125 1.000000
vt 0.437500 0.937500
vt 0.453125 0.000000
vt 0.437500 0.437500
vt 0.406250 0.625000
vt 0.406250 0.562500
vt 0.406250 0.125000
vt 0.406250 0.062500
vt 0.406250 0.500000
vt 0.421875 1.000000
vt 0.406250 0.937500
vt 0.421875 0.000000
vt 0.406250 0.437500
vt 0.406250 0.875000
vt 0.406250 0.375000
vt 0.406250 0.812500
vt 0.406250 0.312500
vt 0.406250 0.750000
vt 0.406250 0.250000
vt 0.406250 0.687500
vt 0.406250 0.187500
vt 0.375000 0.375000
vt 0.375000 0.312500
vt 0.375000 0.812500
vt 0.375000 0.750000
vt 0.375000 0.250000
vt 0.375000 0.687500
vt 0.375000 0.187500
vt 0.375000 0.625000
vt 0.375000 0.125000
vt 0.375000 0.562500
vt 0.375000 0.062500
vt 0.375000 0.500000
vt 0.390625 1.000000
vt 0.375000 0.937500
vt 0.390625 0.000000
vt 0.375000 0.437500
vt 0.375000 0.875000
vt 0.343750 0.125000
vt 0.343750 0.062500
vt 0.343750 0.562500
vt 0.343750 0.500000
vt 0.359375 1.000000
vt 0.343750 0.937500
vt 0.359375 0.000000
vt 0.343750 0.437500
vt 0.343750 0.875000
vt 0.343750 0.375000
vt 0.343750 0.812500
vt 0.343750 0.312500
vt 0.343750 0.750000
vt 0.343750 0.250000
vt 0.343750 0.687500
vt 0.343750 0.187500
vt 0.343750 0.625000
vt 0.312500 0.812500
vt 0.312500 0.750000
vt 0.312500 0.312500
vt 0.312500 0.250000
vt 0.312500 0.687500
vt 0.312500 0.187500
vt 0.312500 0.625000
vt 0.312500 0.125000
vt 0.312500 0.562500
vt 0.312500 0.062500
vt 0.312500 0.500000
vt 0.328125 1.000000
vt 0.312500 0.937500
vt 0.328125 0.000000
vt 0.312500 0.437500
vt 0.312500 0.875000
vt 0.312500 0.375000
vt 0.281250 0.562500
vt 0.281250 0.500000
vt 0.296875 1.000000
vt 0.281250 0.937500
vt 0.296875 0.000000
vt 0.281250 0.062500
vt 0.281250 0.437500
vt 0.281250 0.875000
vt 0.281250 0.375000
vt 0.281250 0.812500
vt 0.281250 0.312500
vt 0.281250 0.750000
vt 0.281250 0.250000
vt 0.281250 0.687500
vt 0.281250 0.187500
vt 0.281250 0.625000
vt 0.281250 0.125000
vt 0.250000 0.312500
vt 0.250000 0.250000
vt 0.250000 0.750000
vt 0.250000 0.687500
vt 0.250000 0.187500
vt 0.250000 0.625000
vt 0.250000 0.125000
vt 0.250000 0.562500
vt 0.250000 0.062500
vt 0.250000 0.500000
vt 0.265625 1.000000
vt 0.250000 0.937500
vt 0.265625 0.000000
vt 0.250000 0.437500
vt 0.250000 0.875000
vt 0.250000 0.375000
vt 0.250000 0.812500
vt 0.234375 0.000000
vt 0.218750 0.062500
vt 0.218750 0.500000
vt 0.218750 0.437500
vt 0.218750 0.937500
vt 0.218750 0.875000
vt 0.218750 0.375000
vt 0.218750 0.812500
vt 0.218750 0.312500
vt 0.218750 0.750000
vt 0.218750 0.250000
vt 0.218750 0.687500
vt 0.218750 0.187500
vt 0.218750 0.625000
vt 0.218750 0.125000
vt 0.218750 0.562500
vt 0.234375 1.000000
vt 0.187500 0.250000
vt 0.187500 0.187500
vt 0.187500 0.687500
vt 0.187500 0.625000
vt 0.187500 0.125000
vt 0.187500 0.562500
vt 0.187500 0.062500
vt 0.187500 0.500000
vt 0.203125 1.000000
vt 0.187500 0.937500
vt 0.203125 0.000000
vt 0.187500 0.437500
vt 0.187500 0.875000
vt 0.187500 0.375000
vt 0.187500 0.812500
vt 0.187500 0.312500
vt 0.187500 0.750000
vt 0.156250 0.937500
vt 0.156250 0.875000
vt 0.156250 0.437500
vt 0.156250 0.375000
vt 0.156250 0.812500
vt 0.156250 0.312500
vt 0.156250 0.750000
vt 0.156250 0.250000
vt 0.156250 0.687500
vt 0.156250 0.187500
vt 0.156250 0.625000
vt 0.156250 0.125000
vt 0.156250 0.562500
vt 0.156250 0.062500
vt 0.156250 0.500000
vt 0.171875 1.000000
vt 0.171875 0.000000
vt 0.125000 0.687500
vt 0.125000 0.625000
vt 0.125000 0.187500
vt 0.125000 0.125000
vt 0.125000 0.562500
vt 0.125000 0.062500
vt 0.125000 0.500000
vt 0.140625 1.000000
vt 0.125000 0.937500
vt 0.140625 0.000000
vt 0.125000 0.437500
vt 0.125000 0.875000
vt 0.125000 0.375000
vt 0.125000 0.812500
vt 0.125000 0.312500
vt 0.125000 0.750000
vt 0.125000 0.250000
vt 0.093750 0.437500
vt 0.093750 0.375000
vt 0.093750 0.875000
vt 0.093750 0.812500
vt 0.093750 0.312500
vt 0.093750 0.750000
vt 0.093750 0.250000
vt 0.093750 0.687500
vt 0.093750 0.187500
vt 0.093750 0.625000
vt 0.093750 0.125000
vt 0.093750 0.562500
vt 0.093750 0.062500
vt 0.093750 0.500000
vt 0.109375 1.000000
vt 0.093750 0.937500
vt 0.109375 0.000000
vt 0.062500 0.187500
vt 0.062500 0.125000
vt 0.062500 0.625000
vt 0.062500 0.562500
vt 0.062500 0.062500
vt 0.062500 0.500000
vt 0.078125 1.000000
vt 0.062500 0.937500
vt 0.078125 0.000000
vt 0.062500 0.437500
vt 0.062500 0.875000
vt 0.062500 0.375000
vt 0.062500 0.812500
vt 0.062500 0.312500
vt 0.062500 0.750000
vt 0.062500 0.250000
vt 0.062500 0.687500
vt 0.031250 0.875000
vt 0.031250 0.812500
vt 0.031250 0.375000
vt 0.031250 0.312500
vt 0.031250 0.750000
vt 0.031250 0.250000
vt 0.031250 0.687500
vt 0.031250 0.187500
vt 0.031250 0.625000
vt 0.031250 0.125000
vt 0.031250 0.562500
vt 0.031250 0.062500
vt 0.031250 0.500000
vt 0.046875 1.000000
vt 0.031250 0.937500
vt 0.046875 0.000000
vt 0.031250 0.437500
vt 0.000000 0.625000
vt 0.000000 0.562500
vt 0.000000 0.125000
vt 0.000000 0.062500
vt 0.000000 0.500000
vt 0.015625 1.000000
vt 0.000000 0.937500
vt 0.015625 0.000000
vt 0.000000 0.437500
vt 0.000000 0.875000
vt 0.000000 0.375000
vt 0.000000 0.812500
vt 0.000000 0.312500
vt 0.000000 0.750000
vt 0.000000 0.250000
vt 0.000000 0.687500
vt 0.000000 0.187500
s 0
usemtl 材质.043
f 1/1/1 4/2/1 7/3/1 6/4/1
f 4/2/2 5/5/2 8/6/2 7/3/2
f 6/4/3 7/3/3 19/7/3 16/8/3
f 7/3/4 8/6/4 9/9/4 19/7/4
f 2/10/5 10/11/5 13/12/5 12/13/5
f 10/11/6 11/14/6 14/15/6 13/12/6
f 12/13/7 13/12/7 8/16/7 5/17/7
f 13/12/8 14/15/8 9/18/8 8/16/8
f 3/19/9 15/20/9 18/21/9 17/22/9
f 15/20/10 16/23/10 19/24/10 18/21/10
f 17/22/11 18/21/11 14/25/11 11/26/11
f 18/21/12 19/24/12 9/27/12 14/25/12
f 20/28/13 23/29/13 26/30/13 25/31/13
f 23/29/14 24/32/14 27/33/14 26/30/14
f 25/31/15 26/30/15 38/34/15 35/35/15
f 26/30/16 27/33/16 28/36/16 38/34/16
f 21/37/17 29/38/17 32/39/17 31/40/17
f 29/38/18 30/41/18 33/42/18 32/39/18
f 31/40/19 32/39/19 27/43/19 24/44/19
f 32/39/20 33/42/20 28/45/20 27/43/20
f 22/46/21 34/47/21 37/48/21 36/49/21
f 34/47/22 35/50/22 38/51/22 37/48/22
f 36/49/23 37/48/23 33/52/23 30/53/23
f 37/48/24 38/51/24 28/54/24 33/52/24
f 39/55/25 42/56/25 45/57/25 44/58/25
f 42/56/26 43/59/26 46/60/26 45/57/26
f 44/58/27 45/57/27 57/61/27 54/62/27
f 45/57/28 46/60/28 47/63/28 57/61/28
f 40/64/29 48/65/29 51/66/29 50/67/29
f 48/65/30 49/68/30 52/69/30 51/66/30
f 50/67/31 51/66/31 46/70/31 43/71/31
f 51/66/32 52/69/32 47/72/32 46/70/32
f 41/73/33 53/74/33 56/75/33 55/76/33
f 53/74/34 54/77/34 57/78/34 56/75/34
f 55/76/35 56/75/35 52/69/35 49/68/35
f 56/75/36 57/78/36 47/72/36 52/69/36
f 58/79/37 61/80/37 64/81/37 63/82/37
f 61/80/38 62/83/38 65/84/38 64/81/38
f 63/82/39 64/81/39 76/85/39 73/86/39
f 64/81/40 65/84/40 66/87/40 76/85/40
f 59/88/41 67/89/41 70/90/41 69/91/41
f 67/89/42 68/92/42 71/93/42 70/90/42
f 69/91/43 70/90/43 65/94/43 62/95/43
f 70/90/44 71/93/44 66/96/44 65/94/44
f 60/97/45 72/98/45 75/99/45 74/100/45
f 72/98/46 73/101/46 76/102/46 75/99/46
f 74/100/47 75/99/47 71/93/47 68/92/47
f 75/99/48 76/102/48 66/96/48 71/93/48
f 77/103/49 80/104/49 83/105/49 82/106/49
f 80/104/50 81/107/50 84/108/50 83/105/50
f 82/106/51 83/105/51 95/109/51 92/110/51
f 83/105/52 84/108/52 85/111/52 95/109/52
f 78/112/53 86/113/53 89/114/53 88/115/53
f 86/113/54 87/116/54 90/117/54 89/114/54
f 88/115/55 89/114/55 84/108/55 81/107/55
f 89/114/56 90/117/56 85/111/56 84/108/56
f 79/118/57 91/119/57 94/120/57 93/121/57
f 91/119/58 92/110/58 95/109/58 94/120/58
f 93/121/59 94/120/59 90/117/59 87/116/59
f 94/120/60 95/109/60 85/111/60 90/117/60
f 96/122/61 99/123/61 102/124/61 101/125/61
f 99/123/62 100/126/62 103/127/62 102/124/62
f 101/125/63 102/124/63 114/128/63 111/129/63
f 102/124/64 103/127/64 104/130/64 114/128/64
f 97/131/65 105/132/65 108/133/65 107/134/65
f 105/132/66 106/135/66 109/136/66 108/133/66
f 107/134/67 108/133/67 103/127/67 100/126/67
f 108/133/68 109/136/68 104/130/68 103/127/68
f 98/137/69 110/138/69 113/139/69 112/140/69
f 110/138/70 111/129/70 114/128/70 113/139/70
f 112/140/71 113/139/71 109/136/71 106/135/71
f 113/139/72 114/128/72 104/130/72 109/136/72
f 115/141/73 118/142/73 121/143/73 120/144/73
f 118/142/74 119/145/74 122/146/74 121/143/74
f 120/144/75 121/143/75 133/147/75 130/148/75
f 121/143/76 122/146/76 123/149/76 133/147/76
f 116/150/77 124/151/77 127/152/77 126/153/77
f 124/151/78 125/154/78 128/155/78 127/152/78
f 126/153/79 127/152/79 122/146/79 119/145/79
f 127/152/80 128/155/80 123/149/80 122/146/80
f 117/156/81 129/157/81 132/158/81 131/159/81
f 129/157/82 130/148/82 133/147/82 132/158/82
f 131/159/83 132/158/83 128/155/83 125/154/83
f 132/158/84 133/147/84 123/149/84 128/155/84
f 134/160/85 137/161/85 140/162/85 139/163/85
f 137/161/86 138/164/86 141/165/86 140/162/86
f 139/163/87 140/162/87 152/166/87 149/167/87
f 140/162/88 141/165/88 142/168/88 152/166/88
f 135/169/89 143/170/89 146/171/89 145/172/89
f 143/170/90 144/173/90 147/174/90 146/171/90
f 145/172/91 146/171/91 141/165/91 138/164/91
f 146/171/92 147/174/92 142/168/92 141/165/92
f 136/175/93 148/176/93 151/177/93 150/178/93
f 148/176/94 149/167/94 152/166/94 151/177/94
f 150/178/95 151/177/95 147/174/95 144/173/95
f 151/177/96 152/166/96 142/168/96 147/174/96
f 39/55/97 1/1/97 6/4/97 42/56/97
f 42/56/98 6/4/98 16/8/98 43/59/98
f 43/71/99 16/23/99 15/20/99 50/67/99
f 50/67/100 15/20/100 3/19/100 40/64/100
f 2/10/101 20/28/101 25/31/101 10/11/101
f 10/11/102 25/31/102 35/35/102 11/14/102
f 11/26/103 35/50/103 34/47/103 17/22/103
f 17/22/104 34/47/104 22/46/104 3/19/104
f 21/37/105 58/79/105 63/82/105 29/38/105
f 29/38/106 63/82/106 73/86/106 30/41/106
f 30/53/107 73/101/107 72/98/107 36/49/107
f 36/49/108 72/98/108 60/97/108 22/46/108
f 59/88/109 41/73/109 55/76/109 67/89/109
f 67/89/110 55/76/110 49/68/110 68/92/110
f 68/92/111 49/68/111 48/65/111 74/100/111
f 74/100/112 48/65/112 40/64/112 60/97/112
f 115/141/113 39/55/113 44/58/113 118/142/113
f 118/142/114 44/58/114 54/62/114 119/145/114
f 119/145/115 54/77/115 53/74/115 126/153/115
f 126/153/116 53/74/116 41/73/116 116/150/116
f 58/79/117 134/160/117 139/163/117 61/80/117
f 61/80/118 139/163/118 149/167/118 62/83/118
f 62/95/119 149/167/119 148/176/119 69/91/119
f 69/91/120 148/176/120 136/175/120 59/88/120
f 135/169/121 117/156/121 131/159/121 143/170/121
f 143/170/122 131/159/122 125/154/122 144/173/122
f 144/173/123 125/154/123 124/151/123 150/178/123
f 150/178/124 124/151/124 116/150/124 136/175/124
f 77/103/125 115/141/125 120/144/125 80/104/125
f 80/104/126 120/144/126 130/148/126 81/107/126
f 81/107/127 130/148/127 129/157/127 88/115/127
f 88/115/128 129/157/128 117/156/128 78/112/128
f 134/160/129 96/122/129 101/125/129 137/161/129
f 137/161/130 101/125/130 111/129/130 138/164/130
f 138/164/131 111/129/131 110/138/131 145/172/131
f 145/172/132 110/138/132 98/137/132 135/169/132
f 97/131/133 79/118/133 93/121/133 105/132/133
f 105/132/134 93/121/134 87/116/134 106/135/134
f 106/135/135 87/116/135 86/113/135 112/140/135
f 112/140/136 86/113/136 78/112/136 98/137/136
f 1/1/137 77/103/137 82/106/137 4/2/137
f 4/2/138 82/106/138 92/110/138 5/5/138
f 5/17/139 92/110/139 91/119/139 12/13/139
f 12/13/140 91/119/140 79/118/140 2/10/140
f 96/122/141 21/37/141 31/40/141 99/123/141
f 99/123/142 31/40/142 24/44/142 100/126/142
f 100/126/143 24/32/143 23/29/143 107/134/143
f 107/134/144 23/29/144 20/28/144 97/131/144
f 39/55/145 115/141/145 77/103/145 1/1/145
f 3/19/146 22/46/146 60/97/146 40/64/146
f 79/118/147 97/131/147 20/28/147 2/10/147
f 134/160/148 58/79/148 21/37/148 96/122/148
f 41/73/149 59/88/149 136/175/149 116/150/149
f 117/156/150 135/169/150 98/137/150 78/112/150
usemtl 材质.037
f 153/179/151 156/180/151 163/181/151 162/182/151
f 156/180/152 157/183/152 164/184/152 163/181/152
f 157/183/153 158/185/153 165/186/153 164/184/153
f 158/185/154 159/187/154 166/188/154 165/186/154
f 159/187/155 160/189/155 167/190/155 166/188/155
f 160/189/156 161/191/156 168/192/156 167/190/156
f 162/182/157 163/181/157 170/193/157 169/194/157
f 163/181/158 164/184/158 171/195/158 170/193/158
f 164/184/159 165/186/159 172/196/159 171/195/159
f 165/186/160 166/188/160 173/197/160 172/196/160
f 166/188/161 167/190/161 174/198/161 173/197/161
f 167/190/162 168/192/162 175/199/162 174/198/162
f 169/194/163 170/193/163 177/200/163 176/201/163
f 170/193/164 171/195/164 178/202/164 177/200/164
f 171/195/165 172/196/165 179/203/165 178/202/165
f 172/196/166 173/197/166 180/204/166 179/203/166
f 173/197/167 174/198/167 181/205/167 180/204/167
f 174/198/168 175/199/168 182/206/168 181/205/168
f 176/201/169 177/200/169 184/207/169 183/208/169
f 177/200/170 178/202/170 185/209/170 184/207/170
f 178/202/171 179/203/171 186/210/171 185/209/171
f 179/203/172 180/204/172 187/211/172 186/210/172
f 180/204/173 181/205/173 188/212/173 187/211/173
f 181/205/174 182/206/174 189/213/174 188/212/174
f 183/208/175 184/207/175 191/214/175 190/215/175
f 184/207/176 185/209/176 192/216/176 191/214/176
f 185/209/177 186/210/177 193/217/177 192/216/177
f 186/210/178 187/211/178 194/218/178 193/217/178
f 187/211/179 188/212/179 195/219/179 194/218/179
f 188/212/180 189/213/180 196/220/180 195/219/180
f 190/215/181 191/214/181 251/221/181 244/222/181
f 191/214/182 192/216/182 258/223/182 251/221/182
f 192/216/183 193/217/183 265/224/183 258/223/183
f 193/217/184 194/218/184 272/225/184 265/224/184
f 194/218/185 195/219/185 279/226/185 272/225/185
f 195/219/186 196/220/186 197/227/186 279/226/186
f 154/228/187 198/229/187 205/230/187 204/231/187
f 198/229/188 199/232/188 206/233/188 205/230/188
f 199/232/189 200/234/189 207/235/189 206/233/189
f 200/234/190 201/236/190 208/237/190 207/235/190
f 201/236/191 202/238/191 209/239/191 208/237/191
f 202/238/192 203/240/192 210/241/192 209/239/192
f 204/231/193 205/230/193 212/242/193 211/243/193
f 205/230/194 206/233/194 213/244/194 212/242/194
f 206/233/195 207/235/195 214/245/195 213/244/195
f 207/235/196 208/237/196 215/246/196 214/245/196
f 208/237/197 209/239/197 216/247/197 215/246/197
f 209/239/198 210/241/198 217/248/198 216/247/198
f 211/243/199 212/242/199 219/249/199 218/250/199
f 212/242/200 213/244/200 220/251/200 219/249/200
f 213/244/201 214/245/201 221/252/201 220/251/201
f 214/245/202 215/246/202 222/253/202 221/252/202
f 215/246/203 216/247/203 223/254/203 222/253/203
f 216/247/204 217/248/204 224/255/204 223/254/204
f 218/250/205 219/249/205 226/256/205 225/257/205
f 219/249/206 220/251/206 227/258/206 226/256/206
f 220/251/207 221/252/207 228/259/207 227/258/207
f 221/252/208 222/253/208 229/260/208 228/259/208
f 222/253/209 223/254/209 230/261/209 229/260/209
f 223/254/210 224/255/210 231/262/210 230/261/210
f 225/257/211 226/256/211 233/263/211 232/264/211
f 226/256/212 227/258/212 234/265/212 233/263/212
f 227/258/213 228/259/213 235/266/213 234/265/213
f 228/259/214 229/260/214 236/267/214 235/266/214
f 229/260/215 230/261/215 237/268/215 236/267/215
f 230/261/216 231/262/216 238/269/216 237/268/216
f 232/264/217 233/263/217 168/270/217 161/271/217
f 233/263/218 234/265/218 175/272/218 168/270/218
f 234/265/219 235/266/219 182/273/219 175/272/219
f 235/266/220 236/267/220 189/274/220 182/273/220
f 236/267/221 237/268/221 196/275/221 189/274/221
f 237/268/222 238/269/222 197/276/222 196/275/222
f 155/277/223 239/278/223 246/279/223 245/280/223
f 239/278/224 240/281/224 247/282/224 246/279/224
f 240/281/225 241/283/225 248/284/225 247/282/225
f 241/283/226 242/285/226 249/286/226 248/284/226
f 242/285/227 243/287/227 250/288/227 249/286/227
f 243/287/228 244/289/228 251/290/228 250/288/228
f 245/280/229 246/279/229 253/291/229 252/292/229
f 246/279/230 247/282/230 254/293/230 253/291/230
f 247/282/231 248/284/231 255/294/231 254/293/231
f 248/284/232 249/286/232 256/295/232 255/294/232
f 249/286/233 250/288/233 257/296/233 256/295/233
f 250/288/234 251/290/234 258/297/234 257/296/234
f 252/292/235 253/291/235 260/298/235 259/299/235
f 253/291/236 254/293/236 261/300/236 260/298/236
f 254/293/237 255/294/237 262/301/237 261/300/237
f 255/294/238 256/295/238 263/302/238 262/301/238
f 256/295/239 257/296/239 264/303/239 263/302/239
f 257/296/240 258/297/240 265/304/240 264/303/240
f 259/299/241 260/298/241 267/305/241 266/306/241
f 260/298/242 261/300/242 268/307/242 267/305/242
f 261/300/243 262/301/243 269/308/243 268/307/243
f 262/301/244 263/302/244 270/309/244 269/308/244
f 263/302/245 264/303/245 271/310/245 270/309/245
f 264/303/246 265/304/246 272/311/246 271/310/246
f 266/306/247 267/305/247 274/312/247 273/313/247
f 267/305/248 268/307/248 275/314/248 274/312/248
f 268/307/249 269/308/249 276/315/249 275/314/249
f 269/308/250 270/309/250 277/316/250 276/315/250
f 270/309/251 271/310/251 278/317/251 277/316/251
f 271/310/252 272/311/252 279/318/252 278/317/252
f 273/313/253 274/312/253 210/319/253 203/320/253
f 274/312/254 275/314/254 217/321/254 210/319/254
f 275/314/255 276/315/255 224/322/255 217/321/255
f 276/315/256 277/316/256 231/323/256 224/322/256
f 277/316/257 278/317/257 238/324/257 231/323/257
f 278/317/258 279/318/258 197/325/258 238/324/258
f 280/326/259 283/327/259 290/328/259 289/329/259
f 283/327/260 284/330/260 291/331/260 290/328/260
f 284/330/261 285/332/261 292/333/261 291/331/261
f 285/332/262 286/334/262 293/335/262 292/333/262
f 286/334/263 287/336/263 294/337/263 293/335/263
f 287/336/264 288/338/264 295/339/264 294/337/264
f 289/329/265 290/328/265 297/340/265 296/341/265
f 290/328/266 291/331/266 298/342/266 297/340/266
f 291/331/267 292/333/267 299/343/267 298/342/267
f 292/333/268 293/335/268 300/344/268 299/343/268
f 293/335/269 294/337/269 301/345/269 300/344/269
f 294/337/270 295/339/270 302/346/270 301/345/270
f 296/341/271 297/340/271 304/347/271 303/348/271
f 297/340/272 298/342/272 305/349/272 304/347/272
f 298/342/273 299/343/273 306/350/273 305/349/273
f 299/343/274 300/344/274 307/351/274 306/350/274
f 300/344/275 301/345/275 308/352/275 307/351/275
f 301/345/276 302/346/276 309/353/276 308/352/276
f 303/348/277 304/347/277 311/354/277 310/355/277
f 304/347/278 305/349/278 312/356/278 311/354/278
f 305/349/279 306/350/279 313/357/279 312/356/279
f 306/350/280 307/351/280 314/358/280 313/357/280
f 307/351/281 308/352/281 315/359/281 314/358/281
f 308/352/282 309/353/282 316/360/282 315/359/282
f 310/355/283 311/354/283 318/361/283 317/362/283
f 311/354/284 312/356/284 319/363/284 318/361/284
f 312/356/285 313/357/285 320/364/285 319/363/285
f 313/357/286 314/358/286 321/365/286 320/364/286
f 314/358/287 315/359/287 322/366/287 321/365/287
f 315/359/288 316/360/288 323/367/288 322/366/288
f 317/362/289 318/361/289 378/368/289 371/369/289
f 318/361/290 319/363/290 385/370/290 378/368/290
f 319/363/291 320/364/291 392/371/291 385/370/291
f 320/364/292 321/365/292 399/372/292 392/371/292
f 321/365/293 322/366/293 406/373/293 399/372/293
f 322/366/294 323/367/294 324/374/294 406/373/294
f 281/375/295 325/376/295 332/377/295 331/378/295
f 325/376/296 326/379/296 333/380/296 332/377/296
f 326/379/297 327/381/297 334/382/297 333/380/297
f 327/381/298 328/383/298 335/384/298 334/382/298
f 328/383/299 329/385/299 336/386/299 335/384/299
f 329/385/300 330/387/300 337/388/300 336/386/300
f 331/378/301 332/377/301 339/389/301 338/390/301
f 332/377/302 333/380/302 340/391/302 339/389/302
f 333/380/303 334/382/303 341/392/303 340/391/303
f 334/382/304 335/384/304 342/393/304 341/392/304
f 335/384/305 336/386/305 343/394/305 342/393/305
f 336/386/306 337/388/306 344/395/306 343/394/306
f 338/390/307 339/389/307 346/396/307 345/397/307
f 339/389/308 340/391/308 347/398/308 346/396/308
f 340/391/309 341/392/309 348/399/309 347/398/309
f 341/392/310 342/393/310 349/400/310 348/399/310
f 342/393/311 343/394/311 350/401/311 349/400/311
f 343/394/312 344/395/312 351/402/312 350/401/312
f 345/397/313 346/396/313 353/403/313 352/404/313
f 346/396/314 347/398/314 354/405/314 353/403/314
f 347/398/315 348/399/315 355/406/315 354/405/315
f 348/399/316 349/400/316 356/407/316 355/406/316
f 349/400/317 350/401/317 357/408/317 356/407/317
f 350/401/318 351/402/318 358/409/318 357/408/318
f 352/404/319 353/403/319 360/410/319 359/411/319
f 353/403/320 354/405/320 361/412/320 360/410/320
f 354/405/321 355/406/321 362/413/321 361/412/321
f 355/406/322 356/407/322 363/414/322 362/413/322
f 356/407/323 357/408/323 364/415/323 363/414/323
f 357/408/324 358/409/324 365/416/324 364/415/324
f 359/411/325 360/410/325 295/417/325 288/418/325
f 360/410/326 361/412/326 302/419/326 295/417/326
f 361/412/327 362/413/327 309/420/327 302/419/327
f 362/413/328 363/414/328 316/421/328 309/420/328
f 363/414/329 364/415/329 323/422/329 316/421/329
f 364/415/330 365/416/330 324/423/330 323/422/330
f 282/424/331 366/425/331 373/426/331 372/427/331
f 366/425/332 367/428/332 374/429/332 373/426/332
f 367/428/333 368/430/333 375/431/333 374/429/333
f 368/430/334 369/432/334 376/433/334 375/431/334
f 369/432/335 370/434/335 377/435/335 376/433/335
f 370/434/336 371/436/336 378/437/336 377/435/336
f 372/427/337 373/426/337 380/438/337 379/439/337
f 373/426/338 374/429/338 381/440/338 380/438/338
f 374/429/339 375/431/339 382/441/339 381/440/339
f 375/431/340 376/433/340 383/442/340 382/441/340
f 376/433/341 377/435/341 384/443/341 383/442/341
f 377/435/342 378/437/342 385/444/342 384/443/342
f 379/439/343 380/438/343 387/445/343 386/446/343
f 380/438/344 381/440/344 388/447/344 387/445/344
f 381/440/345 382/441/345 389/448/345 388/447/345
f 382/441/346 383/442/346 390/449/346 389/448/346
f 383/442/347 384/443/347 391/450/347 390/449/347
f 384/443/348 385/444/348 392/451/348 391/450/348
f 386/446/349 387/445/349 394/452/349 393/453/349
f 387/445/350 388/447/350 395/454/350 394/452/350
f 388/447/351 389/448/351 396/455/351 395/454/351
f 389/448/352 390/449/352 397/456/352 396/455/352
f 390/449/353 391/450/353 398/457/353 397/456/353
f 391/450/354 392/451/354 399/458/354 398/457/354
f 393/453/355 394/452/355 401/459/355 400/460/355
f 394/452/356 395/454/356 402/461/356 401/459/356
f 395/454/357 396/455/357 403/462/357 402/461/357
f 396/455/358 397/456/358 404/463/358 403/462/358
f 397/456/359 398/457/359 405/464/359 404/463/359
f 398/457/360 399/458/360 406/465/360 405/464/360
f 400/460/361 401/459/361 337/466/361 330/467/361
f 401/459/362 402/461/362 344/468/362 337/466/362
f 402/461/363 403/462/363 351/469/363 344/468/363
f 403/462/364 404/463/364 358/470/364 351/469/364
f 404/463/365 405/464/365 365/471/365 358/470/365
f 405/464/366 406/465/366 324/472/366 365/471/366
f 407/473/367 410/474/367 417/475/367 416/476/367
f 410/474/368 411/477/368 418/478/368 417/475/368
f 411/477/369 412/479/369 419/480/369 418/478/369
f 412/479/370 413/481/370 420/482/370 419/480/370
f 413/481/371 414/483/371 421/484/371 420/482/371
f 414/483/372 415/485/372 422/486/372 421/484/372
f 416/476/373 417/475/373 424/487/373 423/488/373
f 417/475/374 418/478/374 425/489/374 424/487/374
f 418/478/375 419/480/375 426/490/375 425/489/375
f 419/480/376 420/482/376 427/491/376 426/490/376
f 420/482/377 421/484/377 428/492/377 427/491/377
f 421/484/378 422/486/378 429/493/378 428/492/378
f 423/488/379 424/487/379 431/494/379 430/495/379
f 424/487/380 425/489/380 432/496/380 431/494/380
f 425/489/381 426/490/381 433/497/381 432/496/381
f 426/490/382 427/491/382 434/498/382 433/497/382
f 427/491/383 428/492/383 435/499/383 434/498/383
f 428/492/384 429/493/384 436/500/384 435/499/384
f 430/495/385 431/494/385 438/501/385 437/502/385
f 431/494/386 432/496/386 439/503/386 438/501/386
f 432/496/387 433/497/387 440/504/387 439/503/387
f 433/497/388 434/498/388 441/505/388 440/504/388
f 434/498/389 435/499/389 442/506/389 441/505/389
f 435/499/390 436/500/390 443/507/390 442/506/390
f 437/502/391 438/501/391 445/508/391 444/509/391
f 438/501/392 439/503/392 446/510/392 445/508/392
f 439/503/393 440/504/393 447/511/393 446/510/393
f 440/504/394 441/505/394 448/512/394 447/511/394
f 441/505/395 442/506/395 449/513/395 448/512/395
f 442/506/396 443/507/396 450/514/396 449/513/396
f 444/509/397 445/508/397 505/515/397 498/516/397
f 445/508/398 446/510/398 512/517/398 505/515/398
f 446/510/399 447/511/399 519/518/399 512/517/399
f 447/511/400 448/512/400 526/519/400 519/518/400
f 448/512/401 449/513/401 533/520/401 526/519/401
f 449/513/402 450/514/402 451/521/402 533/520/402
f 408/522/403 452/523/403 459/524/403 458/525/403
f 452/523/404 453/526/404 460/527/404 459/524/404
f 453/526/405 454/528/405 461/529/405 460/527/405
f 454/528/406 455/530/406 462/531/406 461/529/406
f 455/530/407 456/532/407 463/533/407 462/531/407
f 456/532/408 457/534/408 464/535/408 463/533/408
f 458/525/409 459/524/409 466/536/409 465/537/409
f 459/524/410 460/527/410 467/538/410 466/536/410
f 460/527/411 461/529/411 468/539/411 467/538/411
f 461/529/412 462/531/412 469/540/412 468/539/412
f 462/531/413 463/533/413 470/541/413 469/540/413
f 463/533/414 464/535/414 471/542/414 470/541/414
f 465/537/415 466/536/415 473/543/415 472/544/415
f 466/536/416 467/538/416 474/545/416 473/543/416
f 467/538/417 468/539/417 475/546/417 474/545/417
f 468/539/418 469/540/418 476/547/418 475/546/418
f 469/540/419 470/541/419 477/548/419 476/547/419
f 470/541/420 471/542/420 478/549/420 477/548/420
f 472/544/421 473/543/421 480/550/421 479/551/421
f 473/543/422 474/545/422 481/552/422 480/550/422
f 474/545/423 475/546/423 482/553/423 481/552/423
f 475/546/424 476/547/424 483/554/424 482/553/424
f 476/547/425 477/548/425 484/555/425 483/554/425
f 477/548/426 478/549/426 485/556/426 484/555/426
f 479/551/427 480/550/427 487/557/427 486/558/427
f 480/550/428 481/552/428 488/559/428 487/557/428
f 481/552/429 482/553/429 489/560/429 488/559/429
f 482/553/430 483/554/430 490/561/430 489/560/430
f 483/554/431 484/555/431 491/562/431 490/561/431
f 484/555/432 485/556/432 492/563/432 491/562/432
f 486/558/433 487/557/433 422/564/433 415/565/433
f 487/557/434 488/559/434 429/566/434 422/564/434
f 488/559/435 489/560/435 436/567/435 429/566/435
f 489/560/436 490/561/436 443/568/436 436/567/436
f 490/561/437 491/562/437 450/569/437 443/568/437
f 491/562/438 492/563/438 451/570/438 450/569/438
f 409/571/439 493/572/439 500/573/439 499/574/439
f 493/572/440 494/575/440 501/576/440 500/573/440
f 494/575/441 495/577/441 502/578/441 501/576/441
f 495/577/442 496/579/442 503/580/442 502/578/442
f 496/579/443 497/581/443 504/582/443 503/580/443
f 497/581/444 498/583/444 505/584/444 504/582/444
f 499/574/445 500/573/445 507/585/445 506/586/445
f 500/573/446 501/576/446 508/587/446 507/585/446
f 501/576/447 502/578/447 509/588/447 508/587/447
f 502/578/448 503/580/448 510/589/448 509/588/448
f 503/580/449 504/582/449 511/590/449 510/589/449
f 504/582/450 505/584/450 512/591/450 511/590/450
f 506/586/451 507/585/451 514/592/451 513/593/451
f 507/585/452 508/587/452 515/594/452 514/592/452
f 508/587/453 509/588/453 516/595/453 515/594/453
f 509/588/454 510/589/454 517/596/454 516/595/454
f 510/589/455 511/590/455 518/597/455 517/596/455
f 511/590/456 512/591/456 519/598/456 518/597/456
f 513/593/457 514/592/457 521/599/457 520/600/457
f 514/592/458 515/594/458 522/601/458 521/599/458
f 515/594/459 516/595/459 523/602/459 522/601/459
f 516/595/460 517/596/460 524/603/460 523/602/460
f 517/596/461 518/597/461 525/604/461 524/603/461
f 518/597/462 519/598/462 526/605/462 525/604/462
f 520/600/463 521/599/463 528/606/463 527/607/463
f 521/599/464 522/601/464 529/608/464 528/606/464
f 522/601/465 523/602/465 530/609/465 529/608/465
f 523/602/466 524/603/466 531/610/466 530/609/466
f 524/603/467 525/604/467 532/611/467 531/610/467
f 525/604/468 526/605/468 533/612/468 532/611/468
f 527/607/469 528/606/469 464/535/469 457/534/469
f 528/606/470 529/608/470 471/542/470 464/535/470
f 529/608/471 530/609/471 478/549/471 471/542/471
f 530/609/472 531/610/472 485/556/472 478/549/472
f 531/610/473 532/611/473 492/563/473 485/556/473
f 532/611/474 533/612/474 451/570/474 492/563/474
f 534/613/475 537/614/475 544/615/475 543/616/475
f 537/614/476 538/617/476 545/618/476 544/615/476
f 538/617/477 539/619/477 546/620/477 545/618/477
f 539/619/478 540/621/478 547/622/478 546/620/478
f 540/621/479 541/623/479 548/624/479 547/622/479
f 541/623/480 542/625/480 549/626/480 548/624/480
f 543/616/481 544/615/481 551/627/481 550/628/481
f 544/615/482 545/618/482 552/629/482 551/627/482
f 545/618/483 546/620/483 553/630/483 552/629/483
f 546/620/484 547/622/484 554/631/484 553/630/484
f 547/622/485 548/624/485 555/632/485 554/631/485
f 548/624/486 549/626/486 556/633/486 555/632/486
f 550/628/487 551/627/487 558/634/487 557/635/487
f 551/627/488 552/629/488 559/636/488 558/634/488
f 552/629/489 553/630/489 560/637/489 559/636/489
f 553/630/490 554/631/490 561/638/490 560/637/490
f 554/631/491 555/632/491 562/639/491 561/638/491
f 555/632/492 556/633/492 563/640/492 562/639/492
f 557/635/493 558/634/493 565/641/493 564/642/493
f 558/634/494 559/636/494 566/643/494 565/641/494
f 559/636/495 560/637/495 567/644/495 566/643/495
f 560/637/496 561/638/496 568/645/496 567/644/496
f 561/638/497 562/639/497 569/646/497 568/645/497
f 562/639/498 563/640/498 570/647/498 569/646/498
f 564/642/499 565/641/499 572/648/499 571/649/499
f 565/641/500 566/643/500 573/650/500 572/648/500
f 566/643/501 567/644/501 574/651/501 573/650/501
f 567/644/502 568/645/502 575/652/502 574/651/502
f 568/645/503 569/646/503 576/653/503 575/652/503
f 569/646/504 570/647/504 577/654/504 576/653/504
f 571/649/505 572/648/505 632/655/505 625/656/505
f 572/648/506 573/650/506 639/657/506 632/655/506
f 573/650/507 574/651/507 646/658/507 639/657/507
f 574/651/508 575/652/508 653/659/508 646/658/508
f 575/652/509 576/653/509 660/660/509 653/659/509
f 576/653/510 577/654/510 578/661/510 660/660/510
f 535/662/511 579/663/511 586/664/511 585/665/511
f 579/663/512 580/666/512 587/667/512 586/664/512
f 580/666/513 581/668/513 588/669/513 587/667/513
f 581/668/514 582/670/514 589/671/514 588/669/514
f 582/670/515 583/672/515 590/673/515 589/671/515
f 583/672/516 584/674/516 591/675/516 590/673/516
f 585/665/517 586/664/517 593/676/517 592/677/517
f 586/664/518 587/667/518 594/678/518 593/676/518
f 587/667/519 588/669/519 595/679/519 594/678/519
f 588/669/520 589/671/520 596/680/520 595/679/520
f 589/671/521 590/673/521 597/681/521 596/680/521
f 590/673/522 591/675/522 598/682/522 597/681/522
f 592/677/523 593/676/523 600/683/523 599/684/523
f 593/676/524 594/678/524 601/685/524 600/683/524
f 594/678/525 595/679/525 602/686/525 601/685/525
f 595/679/526 596/680/526 603/687/526 602/686/526
f 596/680/527 597/681/527 604/688/527 603/687/527
f 597/681/528 598/682/528 605/689/528 604/688/528
f 599/684/529 600/683/529 607/690/529 606/691/529
f 600/683/530 601/685/530 608/692/530 607/690/530
f 601/685/531 602/686/531 609/693/531 608/692/531
f 602/686/532 603/687/532 610/694/532 609/693/532
f 603/687/533 604/688/533 611/695/533 610/694/533
f 604/688/534 605/689/534 612/696/534 611/695/534
f 606/691/535 607/690/535 614/697/535 613/698/535
f 607/690/536 608/692/536 615/699/536 614/697/536
f 608/692/537 609/693/537 616/700/537 615/699/537
f 609/693/538 610/694/538 617/701/538 616/700/538
f 610/694/539 611/695/539 618/702/539 617/701/539
f 611/695/540 612/696/540 619/703/540 618/702/540
f 613/698/541 614/697/541 549/704/541 542/705/541
f 614/697/542 615/699/542 556/706/542 549/704/542
f 615/699/543 616/700/543 563/707/543 556/706/543
f 616/700/544 617/701/544 570/708/544 563/707/544
f 617/701/545 618/702/545 577/709/545 570/708/545
f 618/702/546 619/703/546 578/710/546 577/709/546
f 536/711/547 620/712/547 627/713/547 626/714/547
f 620/712/548 621/715/548 628/716/548 627/713/548
f 621/715/549 622/717/549 629/718/549 628/716/549
f 622/717/550 623/719/550 630/720/550 629/718/550
f 623/719/551 624/721/551 631/722/551 630/720/551
f 624/721/552 625/723/552 632/724/552 631/722/552
f 626/714/553 627/713/553 634/725/553 633/726/553
f 627/713/554 628/716/554 635/727/554 634/725/554
f 628/716/555 629/718/555 636/728/555 635/727/555
f 629/718/556 630/720/556 637/729/556 636/728/556
f 630/720/557 631/722/557 638/730/557 637/729/557
f 631/722/558 632/724/558 639/731/558 638/730/558
f 633/726/559 634/725/559 641/732/559 640/733/559
f 634/725/560 635/727/560 642/734/560 641/732/560
f 635/727/561 636/728/561 643/735/561 642/734/561
f 636/728/562 637/729/562 644/736/562 643/735/562
f 637/729/563 638/730/563 645/737/563 644/736/563
f 638/730/564 639/731/564 646/738/564 645/737/564
f 640/733/565 641/732/565 648/739/565 647/740/565
f 641/732/566 642/734/566 649/741/566 648/739/566
f 642/734/567 643/735/567 650/742/567 649/741/567
f 643/735/568 644/736/568 651/743/568 650/742/568
f 644/736/569 645/737/569 652/744/569 651/743/569
f 645/737/570 646/738/570 653/745/570 652/744/570
f 647/740/571 648/739/571 655/746/571 654/747/571
f 648/739/572 649/741/572 656/748/572 655/746/572
f 649/741/573 650/742/573 657/749/573 656/748/573
f 650/742/574 651/743/574 658/750/574 657/749/574
f 651/743/575 652/744/575 659/751/575 658/750/575
f 652/744/576 653/745/576 660/752/576 659/751/576
f 654/747/577 655/746/577 591/675/577 584/674/577
f 655/746/578 656/748/578 598/682/578 591/675/578
f 656/748/579 657/749/579 605/689/579 598/682/579
f 657/749/580 658/750/580 612/696/580 605/689/580
f 658/750/581 659/751/581 619/703/581 612/696/581
f 659/751/582 660/752/582 578/710/582 619/703/582
f 661/753/583 664/754/583 671/755/583 670/756/583
f 664/754/584 665/757/584 672/758/584 671/755/584
f 665/757/585 666/759/585 673/760/585 672/758/585
f 666/759/586 667/761/586 674/762/586 673/760/586
f 667/761/587 668/763/587 675/764/587 674/762/587
f 668/763/588 669/765/588 676/766/588 675/764/588
f 670/756/589 671/755/589 678/767/589 677/768/589
f 671/755/590 672/758/590 679/769/590 678/767/590
f 672/758/591 673/760/591 680/770/591 679/769/591
f 673/760/592 674/762/592 681/771/592 680/770/592
f 674/762/593 675/764/593 682/772/593 681/771/593
f 675/764/594 676/766/594 683/773/594 682/772/594
f 677/768/595 678/767/595 685/774/595 684/775/595
f 678/767/596 679/769/596 686/776/596 685/774/596
f 679/769/597 680/770/597 687/777/597 686/776/597
f 680/770/598 681/771/598 688/778/598 687/777/598
f 681/771/599 682/772/599 689/779/599 688/778/599
f 682/772/600 683/773/600 690/780/600 689/779/600
f 684/775/601 685/774/601 692/781/601 691/782/601
f 685/774/602 686/776/602 693/783/602 692/781/602
f 686/776/603 687/777/603 694/784/603 693/783/603
f 687/777/604 688/778/604 695/785/604 694/784/604
f 688/778/605 689/779/605 696/786/605 695/785/605
f 689/779/606 690/780/606 697/787/606 696/786/606
f 691/782/607 692/781/607 699/788/607 698/789/607
f 692/781/608 693/783/608 700/790/608 699/788/608
f 693/783/609 694/784/609 701/791/609 700/790/609
f 694/784/610 695/785/610 702/792/610 701/791/610
f 695/785/611 696/786/611 703/793/611 702/792/611
f 696/786/612 697/787/612 704/794/612 703/793/612
f 698/789/613 699/788/613 759/795/613 752/796/613
f 699/788/614 700/790/614 766/797/614 759/795/614
f 700/790/615 701/791/615 773/798/615 766/797/615
f 701/791/616 702/792/616 780/799/616 773/798/616
f 702/792/617 703/793/617 787/800/617 780/799/617
f 703/793/618 704/794/618 705/801/618 787/800/618
f 662/802/619 706/803/619 713/804/619 712/805/619
f 706/803/620 707/806/620 714/807/620 713/804/620
f 707/806/621 708/808/621 715/809/621 714/807/621
f 708/808/622 709/810/622 716/811/622 715/809/622
f 709/810/623 710/812/623 717/813/623 716/811/623
f 710/812/624 711/814/624 718/815/624 717/813/624
f 712/805/625 713/804/625 720/816/625 719/817/625
f 713/804/626 714/807/626 721/818/626 720/816/626
f 714/807/627 715/809/627 722/819/627 721/818/627
f 715/809/628 716/811/628 723/820/628 722/819/628
f 716/811/629 717/813/629 724/821/629 723/820/629
f 717/813/630 718/815/630 725/822/630 724/821/630
f 719/817/631 720/816/631 727/823/631 726/824/631
f 720/816/632 721/818/632 728/825/632 727/823/632
f 721/818/633 722/819/633 729/826/633 728/825/633
f 722/819/634 723/820/634 730/827/634 729/826/634
f 723/820/635 724/821/635 731/828/635 730/827/635
f 724/821/636 725/822/636 732/829/636 731/828/636
f 726/824/637 727/823/637 734/830/637 733/831/637
f 727/823/638 728/825/638 735/832/638 734/830/638
f 728/825/639 729/826/639 736/833/639 735/832/639
f 729/826/640 730/827/640 737/834/640 736/833/640
f 730/827/641 731/828/641 738/835/641 737/834/641
f 731/828/642 732/829/642 739/836/642 738/835/642
f 733/831/643 734/830/643 741/837/643 740/838/643
f 734/830/644 735/832/644 742/839/644 741/837/644
f 735/832/645 736/833/645 743/840/645 742/839/645
f 736/833/646 737/834/646 744/841/646 743/840/646
f 737/834/647 738/835/647 745/842/647 744/841/647
f 738/835/648 739/836/648 746/843/648 745/842/648
f 740/838/649 741/837/649 676/766/649 669/765/649
f 741/837/650 742/839/650 683/773/650 676/766/650
f 742/839/651 743/840/651 690/780/651 683/773/651
f 743/840/652 744/841/652 697/787/652 690/780/652
f 744/841/653 745/842/653 704/794/653 697/787/653
f 745/842/654 746/843/654 705/801/654 704/794/654
f 663/844/655 747/845/655 754/846/655 753/847/655
f 747/845/656 748/848/656 755/849/656 754/846/656
f 748/848/657 749/850/657 756/851/657 755/849/657
f 749/850/658 750/852/658 757/853/658 756/851/658
f 750/852/659 751/854/659 758/855/659 757/853/659
f 751/854/660 752/796/660 759/795/660 758/855/660
f 753/847/661 754/846/661 761/856/661 760/857/661
f 754/846/662 755/849/662 762/858/662 761/856/662
f 755/849/663 756/851/663 763/859/663 762/858/663
f 756/851/664 757/853/664 764/860/664 763/859/664
f 757/853/665 758/855/665 765/861/665 764/860/665
f 758/855/666 759/795/666 766/797/666 765/861/666
f 760/857/667 761/856/667 768/862/667 767/863/667
f 761/856/668 762/858/668 769/864/668 768/862/668
f 762/858/669 763/859/669 770/865/669 769/864/669
f 763/859/670 764/860/670 771/866/670 770/865/670
f 764/860/671 765/861/671 772/867/671 771/866/671
f 765/861/672 766/797/672 773/798/672 772/867/672
f 767/863/673 768/862/673 775/868/673 774/869/673
f 768/862/674 769/864/674 776/870/674 775/868/674
f 769/864/675 770/865/675 777/871/675 776/870/675
f 770/865/676 771/866/676 778/872/676 777/871/676
f 771/866/677 772/867/677 779/873/677 778/872/677
f 772/867/678 773/798/678 780/799/678 779/873/678
f 774/869/679 775/868/679 782/874/679 781/875/679
f 775/868/680 776/870/680 783/876/680 782/874/680
f 776/870/681 777/871/681 784/877/681 783/876/681
f 777/871/682 778/872/682 785/878/682 784/877/682
f 778/872/683 779/873/683 786/879/683 785/878/683
f 779/873/684 780/799/684 787/800/684 786/879/684
f 781/875/685 782/874/685 718/815/685 711/814/685
f 782/874/686 783/876/686 725/822/686 718/815/686
f 783/876/687 784/877/687 732/829/687 725/822/687
f 784/877/688 785/878/688 739/836/688 732/829/688
f 785/878/689 786/879/689 746/843/689 739/836/689
f 786/879/690 787/800/690 705/801/690 746/843/690
f 788/880/691 791/881/691 798/882/691 797/883/691
f 791/881/692 792/884/692 799/885/692 798/882/692
f 792/884/693 793/886/693 800/887/693 799/885/693
f 793/886/694 794/888/694 801/889/694 800/887/694
f 794/888/695 795/890/695 802/891/695 801/889/695
f 795/890/696 796/892/696 803/893/696 802/891/696
f 797/883/697 798/882/697 805/894/697 804/895/697
f 798/882/698 799/885/698 806/896/698 805/894/698
f 799/885/699 800/887/699 807/897/699 806/896/699
f 800/887/700 801/889/700 808/898/700 807/897/700
f 801/889/701 802/891/701 809/899/701 808/898/701
f 802/891/702 803/893/702 810/900/702 809/899/702
f 804/895/703 805/894/703 812/901/703 811/902/703
f 805/894/704 806/896/704 813/903/704 812/901/704
f 806/896/705 807/897/705 814/904/705 813/903/705
f 807/897/706 808/898/706 815/905/706 814/904/706
f 808/898/707 809/899/707 816/906/707 815/905/707
f 809/899/708 810/900/708 817/907/708 816/906/708
f 811/902/709 812/901/709 819/908/709 818/909/709
f 812/901/710 813/903/710 820/910/710 819/908/710
f 813/903/711 814/904/711 821/911/711 820/910/711
f 814/904/712 815/905/712 822/912/712 821/911/712
f 815/905/713 816/906/713 823/913/713 822/912/713
f 816/906/714 817/907/714 824/914/714 823/913/714
f 818/909/715 819/908/715 826/915/715 825/916/715
f 819/908/716 820/910/716 827/917/716 826/915/716
f 820/910/717 821/911/717 828/918/717 827/917/717
f 821/911/718 822/912/718 829/919/718 828/918/718
f 822/912/719 823/913/719 830/920/719 829/919/719
f 823/913/720 824/914/720 831/921/720 830/920/720
f 825/916/721 826/915/721 886/922/721 879/923/721
f 826/915/722 827/917/722 893/924/722 886/922/722
f 827/917/723 828/918/723 900/925/723 893/924/723
f 828/918/724 829/919/724 907/926/724 900/925/724
f 829/919/725 830/920/725 914/927/725 907/926/725
f 830/920/726 831/921/726 832/928/726 914/927/726
f 789/929/727 833/930/727 840/931/727 839/932/727
f 833/930/728 834/933/728 841/934/728 840/931/728
f 834/933/729 835/935/729 842/936/729 841/934/729
f 835/935/730 836/937/730 843/938/730 842/936/730
f 836/937/731 837/939/731 844/940/731 843/938/731
f 837/939/732 838/941/732 845/942/732 844/940/732
f 839/932/733 840/931/733 847/943/733 846/944/733
f 840/931/734 841/934/734 848/945/734 847/943/734
f 841/934/735 842/936/735 849/946/735 848/945/735
f 842/936/736 843/938/736 850/947/736 849/946/736
f 843/938/737 844/940/737 851/948/737 850/947/737
f 844/940/738 845/942/738 852/949/738 851/948/738
f 846/944/739 847/943/739 854/950/739 853/951/739
f 847/943/740 848/945/740 855/952/740 854/950/740
f 848/945/741 849/946/741 856/953/741 855/952/741
f 849/946/742 850/947/742 857/954/742 856/953/742
f 850/947/743 851/948/743 858/955/743 857/954/743
f 851/948/744 852/949/744 859/956/744 858/955/744
f 853/951/745 854/950/745 861/957/745 860/958/745
f 854/950/746 855/952/746 862/959/746 861/957/746
f 855/952/747 856/953/747 863/960/747 862/959/747
f 856/953/748 857/954/748 864/961/748 863/960/748
f 857/954/749 858/955/749 865/962/749 864/961/749
f 858/955/750 859/956/750 866/963/750 865/962/750
f 860/958/751 861/957/751 868/964/751 867/965/751
f 861/957/752 862/959/752 869/966/752 868/964/752
f 862/959/753 863/960/753 870/967/753 869/966/753
f 863/960/754 864/961/754 871/968/754 870/967/754
f 864/961/755 865/962/755 872/969/755 871/968/755
f 865/962/756 866/963/756 873/970/756 872/969/756
f 867/965/757 868/964/757 803/893/757 796/892/757
f 868/964/758 869/966/758 810/900/758 803/893/758
f 869/966/759 870/967/759 817/907/759 810/900/759
f 870/967/760 871/968/760 824/914/760 817/907/760
f 871/968/761 872/969/761 831/921/761 824/914/761
f 872/969/762 873/970/762 832/928/762 831/921/762
f 790/971/763 874/972/763 881/973/763 880/974/763
f 874/972/764 875/975/764 882/976/764 881/973/764
f 875/975/765 876/977/765 883/978/765 882/976/765
f 876/977/766 877/979/766 884/980/766 883/978/766
f 877/979/767 878/981/767 885/982/767 884/980/767
f 878/981/768 879/923/768 886/922/768 885/982/768
f 880/974/769 881/973/769 888/983/769 887/984/769
f 881/973/770 882/976/770 889/985/770 888/983/770
f 882/976/771 883/978/771 890/986/771 889/985/771
f 883/978/772 884/980/772 891/987/772 890/986/772
f 884/980/773 885/982/773 892/988/773 891/987/773
f 885/982/774 886/922/774 893/924/774 892/988/774
f 887/984/775 888/983/775 895/989/775 894/990/775
f 888/983/776 889/985/776 896/991/776 895/989/776
f 889/985/777 890/986/777 897/992/777 896/991/777
f 890/986/778 891/987/778 898/993/778 897/992/778
f 891/987/779 892/988/779 899/994/779 898/993/779
f 892/988/780 893/924/780 900/925/780 899/994/780
f 894/990/781 895/989/781 902/995/781 901/996/781
f 895/989/782 896/991/782 903/997/782 902/995/782
f 896/991/783 897/992/783 904/998/783 903/997/783
f 897/992/784 898/993/784 905/999/784 904/998/784
f 898/993/785 899/994/785 906/1000/785 905/999/785
f 899/994/786 900/925/786 907/926/786 906/1000/786
f 901/996/787 902/995/787 909/1001/787 908/1002/787
f 902/995/788 903/997/788 910/1003/788 909/1001/788
f 903/997/789 904/998/789 911/1004/789 910/1003/789
f 904/998/790 905/999/790 912/1005/790 911/1004/790
f 905/999/791 906/1000/791 913/1006/791 912/1005/791
f 906/1000/792 907/926/792 914/927/792 913/1006/792
f 908/1002/793 909/1001/793 845/942/793 838/941/793
f 909/1001/794 910/1003/794 852/949/794 845/942/794
f 910/1003/795 911/1004/795 859/956/795 852/949/795
f 911/1004/796 912/1005/796 866/963/796 859/956/796
f 912/1005/797 913/1006/797 873/970/797 866/963/797
f 913/1006/798 914/927/798 832/928/798 873/970/798
f 915/1007/799 918/1008/799 925/1009/799 924/1010/799
f 918/1008/800 919/1011/800 926/1012/800 925/1009/800
f 919/1011/801 920/1013/801 927/1014/801 926/1012/801
f 920/1013/802 921/1015/802 928/1016/802 927/1014/802
f 921/1015/803 922/1017/803 929/1018/803 928/1016/803
f 922/1017/804 923/1019/804 930/1020/804 929/1018/804
f 924/1010/805 925/1009/805 932/1021/805 931/1022/805
f 925/1009/806 926/1012/806 933/1023/806 932/1021/806
f 926/1012/807 927/1014/807 934/1024/807 933/1023/807
f 927/1014/808 928/1016/808 935/1025/808 934/1024/808
f 928/1016/809 929/1018/809 936/1026/809 935/1025/809
f 929/1018/810 930/1020/810 937/1027/810 936/1026/810
f 931/1022/811 932/1021/811 939/1028/811 938/1029/811
f 932/1021/812 933/1023/812 940/1030/812 939/1028/812
f 933/1023/813 934/1024/813 941/1031/813 940/1030/813
f 934/1024/814 935/1025/814 942/1032/814 941/1031/814
f 935/1025/815 936/1026/815 943/1033/815 942/1032/815
f 936/1026/816 937/1027/816 944/1034/816 943/1033/816
f 938/1029/817 939/1028/817 946/1035/817 945/1036/817
f 939/1028/818 940/1030/818 947/1037/818 946/1035/818
f 940/1030/819 941/1031/819 948/1038/819 947/1037/819
f 941/1031/820 942/1032/820 949/1039/820 948/1038/820
f 942/1032/821 943/1033/821 950/1040/821 949/1039/821
f 943/1033/822 944/1034/822 951/1041/822 950/1040/822
f 945/1036/823 946/1035/823 953/1042/823 952/1043/823
f 946/1035/824 947/1037/824 954/1044/824 953/1042/824
f 947/1037/825 948/1038/825 955/1045/825 954/1044/825
f 948/1038/826 949/1039/826 956/1046/826 955/1045/826
f 949/1039/827 950/1040/827 957/1047/827 956/1046/827
f 950/1040/828 951/1041/828 958/1048/828 957/1047/828
f 952/1043/829 953/1042/829 1013/1049/829 1006/1050/829
f 953/1042/830 954/1044/830 1020/1051/830 1013/1049/830
f 954/1044/831 955/1045/831 1027/1052/831 1020/1051/831
f 955/1045/832 956/1046/832 1034/1053/832 1027/1052/832
f 956/1046/833 957/1047/833 1041/1054/833 1034/1053/833
f 957/1047/834 958/1048/834 959/1055/834 1041/1054/834
f 916/1056/835 960/1057/835 967/1058/835 966/1059/835
f 960/1057/836 961/1060/836 968/1061/836 967/1058/836
f 961/1060/837 962/1062/837 969/1063/837 968/1061/837
f 962/1062/838 963/1064/838 970/1065/838 969/1063/838
f 963/1064/839 964/1066/839 971/1067/839 970/1065/839
f 964/1066/840 965/1068/840 972/1069/840 971/1067/840
f 966/1059/841 967/1058/841 974/1070/841 973/1071/841
f 967/1058/842 968/1061/842 975/1072/842 974/1070/842
f 968/1061/843 969/1063/843 976/1073/843 975/1072/843
f 969/1063/844 970/1065/844 977/1074/844 976/1073/844
f 970/1065/845 971/1067/845 978/1075/845 977/1074/845
f 971/1067/846 972/1069/846 979/1076/846 978/1075/846
f 973/1071/847 974/1070/847 981/1077/847 980/1078/847
f 974/1070/848 975/1072/848 982/1079/848 981/1077/848
f 975/1072/849 976/1073/849 983/1080/849 982/1079/849
f 976/1073/850 977/1074/850 984/1081/850 983/1080/850
f 977/1074/851 978/1075/851 985/1082/851 984/1081/851
f 978/1075/852 979/1076/852 986/1083/852 985/1082/852
f 980/1078/853 981/1077/853 988/1084/853 987/1085/853
f 981/1077/854 982/1079/854 989/1086/854 988/1084/854
f 982/1079/855 983/1080/855 990/1087/855 989/1086/855
f 983/1080/856 984/1081/856 991/1088/856 990/1087/856
f 984/1081/857 985/1082/857 992/1089/857 991/1088/857
f 985/1082/858 986/1083/858 993/1090/858 992/1089/858
f 987/1085/859 988/1084/859 995/1091/859 994/1092/859
f 988/1084/860 989/1086/860 996/1093/860 995/1091/860
f 989/1086/861 990/1087/861 997/1094/861 996/1093/861
f 990/1087/862 991/1088/862 998/1095/862 997/1094/862
f 991/1088/863 992/1089/863 999/1096/863 998/1095/863
f 992/1089/864 993/1090/864 1000/1097/864 999/1096/864
f 994/1092/865 995/1091/865 930/1020/865 923/1019/865
f 995/1091/866 996/1093/866 937/1027/866 930/1020/866
f 996/1093/867 997/1094/867 944/1034/867 937/1027/867
f 997/1094/868 998/1095/868 951/1041/868 944/1034/868
f 998/1095/869 999/1096/869 958/1048/869 951/1041/869
f 999/1096/870 1000/1097/870 959/1055/870 958/1048/870
f 917/1098/871 1001/1099/871 1008/1100/871 1007/1101/871
f 1001/1099/872 1002/1102/872 1009/1103/872 1008/1100/872
f 1002/1102/873 1003/1104/873 1010/1105/873 1009/1103/873
f 1003/1104/874 1004/1106/874 1011/1107/874 1010/1105/874
f 1004/1106/875 1005/1108/875 1012/1109/875 1011/1107/875
f 1005/1108/876 1006/1050/876 1013/1049/876 1012/1109/876
f 1007/1101/877 1008/1100/877 1015/1110/877 1014/1111/877
f 1008/1100/878 1009/1103/878 1016/1112/878 1015/1110/878
f 1009/1103/879 1010/1105/879 1017/1113/879 1016/1112/879
f 1010/1105/880 1011/1107/880 1018/1114/880 1017/1113/880
f 1011/1107/881 1012/1109/881 1019/1115/881 1018/1114/881
f 1012/1109/882 1013/1049/882 1020/1051/882 1019/1115/882
f 1014/1111/883 1015/1110/883 1022/1116/883 1021/1117/883
f 1015/1110/884 1016/1112/884 1023/1118/884 1022/1116/884
f 1016/1112/885 1017/1113/885 1024/1119/885 1023/1118/885
f 1017/1113/886 1018/1114/886 1025/1120/886 1024/1119/886
f 1018/1114/887 1019/1115/887 1026/1121/887 1025/1120/887
f 1019/1115/888 1020/1051/888 1027/1052/888 1026/1121/888
f 1021/1117/889 1022/1116/889 1029/1122/889 1028/1123/889
f 1022/1116/890 1023/1118/890 1030/1124/890 1029/1122/890
f 1023/1118/891 1024/1119/891 1031/1125/891 1030/1124/891
f 1024/1119/892 1025/1120/892 1032/1126/892 1031/1125/892
f 1025/1120/893 1026/1121/893 1033/1127/893 1032/1126/893
f 1026/1121/894 1027/1052/894 1034/1053/894 1033/1127/894
f 1028/1123/895 1029/1122/895 1036/1128/895 1035/1129/895
f 1029/1122/896 1030/1124/896 1037/1130/896 1036/1128/896
f 1030/1124/897 1031/1125/897 1038/1131/897 1037/1130/897
f 1031/1125/898 1032/1126/898 1039/1132/898 1038/1131/898
f 1032/1126/899 1033/1127/899 1040/1133/899 1039/1132/899
f 1033/1127/900 1034/1053/900 1041/1054/900 1040/1133/900
f 1035/1129/901 1036/1128/901 972/1069/901 965/1068/901
f 1036/1128/902 1037/1130/902 979/1076/902 972/1069/902
f 1037/1130/903 1038/1131/903 986/1083/903 979/1076/903
f 1038/1131/904 1039/1132/904 993/1090/904 986/1083/904
f 1039/1132/905 1040/1133/905 1000/1097/905 993/1090/905
f 1040/1133/906 1041/1054/906 959/1055/906 1000/1097/906
f 1042/1134/907 1045/1135/907 1052/1136/907 1051/1137/907
f 1045/1135/908 1046/1138/908 1053/1139/908 1052/1136/908
f 1046/1138/909 1047/1140/909 1054/1141/909 1053/1139/909
f 1047/1140/910 1048/1142/910 1055/1143/910 1054/1141/910
f 1048/1142/911 1049/1144/911 1056/1145/911 1055/1143/911
f 1049/1144/912 1050/1146/912 1057/1147/912 1056/1145/912
f 1051/1137/913 1052/1136/913 1059/1148/913 1058/1149/913
f 1052/1136/914 1053/1139/914 1060/1150/914 1059/1148/914
f 1053/1139/915 1054/1141/915 1061/1151/915 1060/1150/915
f 1054/1141/916 1055/1143/916 1062/1152/916 1061/1151/916
f 1055/1143/917 1056/1145/917 1063/1153/917 1062/1152/917
f 1056/1145/918 1057/1147/918 1064/1154/918 1063/1153/918
f 1058/1149/919 1059/1148/919 1066/1155/919 1065/1156/919
f 1059/1148/920 1060/1150/920 1067/1157/920 1066/1155/920
f 1060/1150/921 1061/1151/921 1068/1158/921 1067/1157/921
f 1061/1151/922 1062/1152/922 1069/1159/922 1068/1158/922
f 1062/1152/923 1063/1153/923 1070/1160/923 1069/1159/923
f 1063/1153/924 1064/1154/924 1071/1161/924 1070/1160/924
f 1065/1156/925 1066/1155/925 1073/1162/925 1072/1163/925
f 1066/1155/926 1067/1157/926 1074/1164/926 1073/1162/926
f 1067/1157/927 1068/1158/927 1075/1165/927 1074/1164/927
f 1068/1158/928 1069/1159/928 1076/1166/928 1075/1165/928
f 1069/1159/929 1070/1160/929 1077/1167/929 1076/1166/929
f 1070/1160/930 1071/1161/930 1078/1168/930 1077/1167/930
f 1072/1163/931 1073/1162/931 1080/1169/931 1079/1170/931
f 1073/1162/932 1074/1164/932 1081/1171/932 1080/1169/932
f 1074/1164/933 1075/1165/933 1082/1172/933 1081/1171/933
f 1075/1165/934 1076/1166/934 1083/1173/934 1082/1172/934
f 1076/1166/935 1077/1167/935 1084/1174/935 1083/1173/935
f 1077/1167/936 1078/1168/936 1085/1175/936 1084/1174/936
f 1079/1170/937 1080/1169/937 1140/1176/937 1133/1177/937
f 1080/1169/938 1081/1171/938 1147/1178/938 1140/1176/938
f 1081/1171/939 1082/1172/939 1154/1179/939 1147/1178/939
f 1082/1172/940 1083/1173/940 1161/1180/940 1154/1179/940
f 1083/1173/941 1084/1174/941 1168/1181/941 1161/1180/941
f 1084/1174/942 1085/1175/942 1086/1182/942 1168/1181/942
f 1043/1183/943 1087/1184/943 1094/1185/943 1093/1186/943
f 1087/1184/944 1088/1187/944 1095/1188/944 1094/1185/944
f 1088/1187/945 1089/1189/945 1096/1190/945 1095/1188/945
f 1089/1189/946 1090/1191/946 1097/1192/946 1096/1190/946
f 1090/1191/947 1091/1193/947 1098/1194/947 1097/1192/947
f 1091/1193/948 1092/1195/948 1099/1196/948 1098/1194/948
f 1093/1186/949 1094/1185/949 1101/1197/949 1100/1198/949
f 1094/1185/950 1095/1188/950 1102/1199/950 1101/1197/950
f 1095/1188/951 1096/1190/951 1103/1200/951 1102/1199/951
f 1096/1190/952 1097/1192/952 1104/1201/952 1103/1200/952
f 1097/1192/953 1098/1194/953 1105/1202/953 1104/1201/953
f 1098/1194/954 1099/1196/954 1106/1203/954 1105/1202/954
f 1100/1198/955 1101/1197/955 1108/1204/955 1107/1205/955
f 1101/1197/956 1102/1199/956 1109/1206/956 1108/1204/956
f 1102/1199/957 1103/1200/957 1110/1207/957 1109/1206/957
f 1103/1200/958 1104/1201/958 1111/1208/958 1110/1207/958
f 1104/1201/959 1105/1202/959 1112/1209/959 1111/1208/959
f 1105/1202/960 1106/1203/960 1113/1210/960 1112/1209/960
f 1107/1205/961 1108/1204/961 1115/1211/961 1114/1212/961
f 1108/1204/962 1109/1206/962 1116/1213/962 1115/1211/962
f 1109/1206/963 1110/1207/963 1117/1214/963 1116/1213/963
f 1110/1207/964 1111/1208/964 1118/1215/964 1117/1214/964
f 1111/1208/965 1112/1209/965 1119/1216/965 1118/1215/965
f 1112/1209/966 1113/1210/966 1120/1217/966 1119/1216/966
f 1114/1212/967 1115/1211/967 1122/1218/967 1121/1219/967
f 1115/1211/968 1116/1213/968 1123/1220/968 1122/1218/968
f 1116/1213/969 1117/1214/969 1124/1221/969 1123/1220/969
f 1117/1214/970 1118/1215/970 1125/1222/970 1124/1221/970
f 1118/1215/971 1119/1216/971 1126/1223/971 1125/1222/971
f 1119/1216/972 1120/1217/972 1127/1224/972 1126/1223/972
f 1121/1219/973 1122/1218/973 1057/1147/973 1050/1146/973
f 1122/1218/974 1123/1220/974 1064/1154/974 1057/1147/974
f 1123/1220/975 1124/1221/975 1071/1161/975 1064/1154/975
f 1124/1221/976 1125/1222/976 1078/1168/976 1071/1161/976
f 1125/1222/977 1126/1223/977 1085/1175/977 1078/1168/977
f 1126/1223/978 1127/1224/978 1086/1182/978 1085/1175/978
f 1044/1225/979 1128/1226/979 1135/1227/979 1134/1228/979
f 1128/1226/980 1129/1229/980 1136/1230/980 1135/1227/980
f 1129/1229/981 1130/1231/981 1137/1232/981 1136/1230/981
f 1130/1231/982 1131/1233/982 1138/1234/982 1137/1232/982
f 1131/1233/983 1132/1235/983 1139/1236/983 1138/1234/983
f 1132/1235/984 1133/1177/984 1140/1176/984 1139/1236/984
f 1134/1228/985 1135/1227/985 1142/1237/985 1141/1238/985
f 1135/1227/986 1136/1230/986 1143/1239/986 1142/1237/986
f 1136/1230/987 1137/1232/987 1144/1240/987 1143/1239/987
f 1137/1232/988 1138/1234/988 1145/1241/988 1144/1240/988
f 1138/1234/989 1139/1236/989 1146/1242/989 1145/1241/989
f 1139/1236/990 1140/1176/990 1147/1178/990 1146/1242/990
f 1141/1238/991 1142/1237/991 1149/1243/991 1148/1244/991
f 1142/1237/992 1143/1239/992 1150/1245/992 1149/1243/992
f 1143/1239/993 1144/1240/993 1151/1246/993 1150/1245/993
f 1144/1240/994 1145/1241/994 1152/1247/994 1151/1246/994
f 1145/1241/995 1146/1242/995 1153/1248/995 1152/1247/995
f 1146/1242/996 1147/1178/996 1154/1179/996 1153/1248/996
f 1148/1244/997 1149/1243/997 1156/1249/997 1155/1250/997
f 1149/1243/998 1150/1245/998 1157/1251/998 1156/1249/998
f 1150/1245/999 1151/1246/999 1158/1252/999 1157/1251/999
f 1151/1246/1000 1152/1247/1000 1159/1253/1000 1158/1252/1000
f 1152/1247/1001 1153/1248/1001 1160/1254/1001 1159/1253/1001
f 1153/1248/1002 1154/1179/1002 1161/1180/1002 1160/1254/1002
f 1155/1250/1003 1156/1249/1003 1163/1255/1003 1162/1256/1003
f 1156/1249/1004 1157/1251/1004 1164/1257/1004 1163/1255/1004
f 1157/1251/1005 1158/1252/1005 1165/1258/1005 1164/1257/1005
f 1158/1252/1006 1159/1253/1006 1166/1259/1006 1165/1258/1006
f 1159/1253/1007 1160/1254/1007 1167/1260/1007 1166/1259/1007
f 1160/1254/1008 1161/1180/1008 1168/1181/1008 1167/1260/1008
f 1162/1256/1009 1163/1255/1009 1099/1196/1009 1092/1195/1009
f 1163/1255/1010 1164/1257/1010 1106/1203/1010 1099/1196/1010
f 1164/1257/1011 1165/1258/1011 1113/1210/1011 1106/1203/1011
f 1165/1258/1012 1166/1259/1012 1120/1217/1012 1113/1210/1012
f 1166/1259/1013 1167/1260/1013 1127/1224/1013 1120/1217/1013
f 1167/1260/1014 1168/1181/1014 1086/1182/1014 1127/1224/1014
f 407/473/1015 153/179/1015 162/182/1015 410/474/1015
f 410/474/1016 162/182/1016 169/194/1016 411/477/1016
f 411/477/1017 169/194/1017 176/201/1017 412/479/1017
f 412/479/1018 176/201/1018 183/208/1018 413/481/1018
f 413/481/1019 183/208/1019 190/215/1019 414/483/1019
f 414/483/1020 190/215/1020 244/222/1020 415/485/1020
f 415/565/1021 244/289/1021 243/287/1021 486/558/1021
f 486/558/1022 243/287/1022 242/285/1022 479/551/1022
f 479/551/1023 242/285/1023 241/283/1023 472/544/1023
f 472/544/1024 241/283/1024 240/281/1024 465/537/1024
f 465/537/1025 240/281/1025 239/278/1025 458/525/1025
f 458/525/1026 239/278/1026 155/277/1026 408/522/1026
f 154/228/1027 280/326/1027 289/329/1027 198/229/1027
f 198/229/1028 289/329/1028 296/341/1028 199/232/1028
f 199/232/1029 296/341/1029 303/348/1029 200/234/1029
f 200/234/1030 303/348/1030 310/355/1030 201/236/1030
f 201/236/1031 310/355/1031 317/362/1031 202/238/1031
f 202/238/1032 317/362/1032 371/369/1032 203/240/1032
f 203/320/1033 371/436/1033 370/434/1033 273/313/1033
f 273/313/1034 370/434/1034 369/432/1034 266/306/1034
f 266/306/1035 369/432/1035 368/430/1035 259/299/1035
f 259/299/1036 368/430/1036 367/428/1036 252/292/1036
f 252/292/1037 367/428/1037 366/425/1037 245/280/1037
f 245/280/1038 366/425/1038 282/424/1038 155/277/1038
f 281/375/1039 534/613/1039 543/616/1039 325/376/1039
f 325/376/1040 543/616/1040 550/628/1040 326/379/1040
f 326/379/1041 550/628/1041 557/635/1041 327/381/1041
f 327/381/1042 557/635/1042 564/642/1042 328/383/1042
f 328/383/1043 564/642/1043 571/649/1043 329/385/1043
f 329/385/1044 571/649/1044 625/656/1044 330/387/1044
f 330/467/1045 625/723/1045 624/721/1045 400/460/1045
f 400/460/1046 624/721/1046 623/719/1046 393/453/1046
f 393/453/1047 623/719/1047 622/717/1047 386/446/1047
f 386/446/1048 622/717/1048 621/715/1048 379/439/1048
f 379/439/1049 621/715/1049 620/712/1049 372/427/1049
f 372/427/1050 620/712/1050 536/711/1050 282/424/1050
f 535/662/1051 409/571/1051 499/574/1051 579/663/1051
f 579/663/1052 499/574/1052 506/586/1052 580/666/1052
f 580/666/1053 506/586/1053 513/593/1053 581/668/1053
f 581/668/1054 513/593/1054 520/600/1054 582/670/1054
f 582/670/1055 520/600/1055 527/607/1055 583/672/1055
f 583/672/1056 527/607/1056 457/534/1056 584/674/1056
f 584/674/1057 457/534/1057 456/532/1057 654/747/1057
f 654/747/1058 456/532/1058 455/530/1058 647/740/1058
f 647/740/1059 455/530/1059 454/528/1059 640/733/1059
f 640/733/1060 454/528/1060 453/526/1060 633/726/1060
f 633/726/1061 453/526/1061 452/523/1061 626/714/1061
f 626/714/1062 452/523/1062 408/522/1062 536/711/1062
f 915/1007/1063 407/473/1063 416/476/1063 918/1008/1063
f 918/1008/1064 416/476/1064 423/488/1064 919/1011/1064
f 919/1011/1065 423/488/1065 430/495/1065 920/1013/1065
f 920/1013/1066 430/495/1066 437/502/1066 921/1015/1066
f 921/1015/1067 437/502/1067 444/509/1067 922/1017/1067
f 922/1017/1068 444/509/1068 498/516/1068 923/1019/1068
f 923/1019/1069 498/583/1069 497/581/1069 994/1092/1069
f 994/1092/1070 497/581/1070 496/579/1070 987/1085/1070
f 987/1085/1071 496/579/1071 495/577/1071 980/1078/1071
f 980/1078/1072 495/577/1072 494/575/1072 973/1071/1072
f 973/1071/1073 494/575/1073 493/572/1073 966/1059/1073
f 966/1059/1074 493/572/1074 409/571/1074 916/1056/1074
f 534/613/1075 1042/1134/1075 1051/1137/1075 537/614/1075
f 537/614/1076 1051/1137/1076 1058/1149/1076 538/617/1076
f 538/617/1077 1058/1149/1077 1065/1156/1077 539/619/1077
f 539/619/1078 1065/1156/1078 1072/1163/1078 540/621/1078
f 540/621/1079 1072/1163/1079 1079/1170/1079 541/623/1079
f 541/623/1080 1079/1170/1080 1133/1177/1080 542/625/1080
f 542/705/1081 1133/1177/1081 1132/1235/1081 613/698/1081
f 613/698/1082 1132/1235/1082 1131/1233/1082 606/691/1082
f 606/691/1083 1131/1233/1083 1130/1231/1083 599/684/1083
f 599/684/1084 1130/1231/1084 1129/1229/1084 592/677/1084
f 592/677/1085 1129/1229/1085 1128/1226/1085 585/665/1085
f 585/665/1086 1128/1226/1086 1044/1225/1086 535/662/1086
f 1043/1183/1087 917/1098/1087 1007/1101/1087 1087/1184/1087
f 1087/1184/1088 1007/1101/1088 1014/1111/1088 1088/1187/1088
f 1088/1187/1089 1014/1111/1089 1021/1117/1089 1089/1189/1089
f 1089/1189/1090 1021/1117/1090 1028/1123/1090 1090/1191/1090
f 1090/1191/1091 1028/1123/1091 1035/1129/1091 1091/1193/1091
f 1091/1193/1092 1035/1129/1092 965/1068/1092 1092/1195/1092
f 1092/1195/1093 965/1068/1093 964/1066/1093 1162/1256/1093
f 1162/1256/1094 964/1066/1094 963/1064/1094 1155/1250/1094
f 1155/1250/1095 963/1064/1095 962/1062/1095 1148/1244/1095
f 1148/1244/1096 962/1062/1096 961/1060/1096 1141/1238/1096
f 1141/1238/1097 961/1060/1097 960/1057/1097 1134/1228/1097
f 1134/1228/1098 960/1057/1098 916/1056/1098 1044/1225/1098
f 661/753/1099 915/1007/1099 924/1010/1099 664/754/1099
f 664/754/1100 924/1010/1100 931/1022/1100 665/757/1100
f 665/757/1101 931/1022/1101 938/1029/1101 666/759/1101
f 666/759/1102 938/1029/1102 945/1036/1102 667/761/1102
f 667/761/1103 945/1036/1103 952/1043/1103 668/763/1103
f 668/763/1104 952/1043/1104 1006/1050/1104 669/765/1104
f 669/765/1105 1006/1050/1105 1005/1108/1105 740/838/1105
f 740/838/1106 1005/1108/1106 1004/1106/1106 733/831/1106
f 733/831/1107 1004/1106/1107 1003/1104/1107 726/824/1107
f 726/824/1108 1003/1104/1108 1002/1102/1108 719/817/1108
f 719/817/1109 1002/1102/1109 1001/1099/1109 712/805/1109
f 712/805/1110 1001/1099/1110 917/1098/1110 662/802/1110
f 1042/1134/1111 788/880/1111 797/883/1111 1045/1135/1111
f 1045/1135/1112 797/883/1112 804/895/1112 1046/1138/1112
f 1046/1138/1113 804/895/1113 811/902/1113 1047/1140/1113
f 1047/1140/1114 811/902/1114 818/909/1114 1048/1142/1114
f 1048/1142/1115 818/909/1115 825/916/1115 1049/1144/1115
f 1049/1144/1116 825/916/1116 879/923/1116 1050/1146/1116
f 1050/1146/1117 879/923/1117 878/981/1117 1121/1219/1117
f 1121/1219/1118 878/981/1118 877/979/1118 1114/1212/1118
f 1114/1212/1119 877/979/1119 876/977/1119 1107/1205/1119
f 1107/1205/1120 876/977/1120 875/975/1120 1100/1198/1120
f 1100/1198/1121 875/975/1121 874/972/1121 1093/1186/1121
f 1093/1186/1122 874/972/1122 790/971/1122 1043/1183/1122
f 789/929/1123 663/844/1123 753/847/1123 833/930/1123
f 833/930/1124 753/847/1124 760/857/1124 834/933/1124
f 834/933/1125 760/857/1125 767/863/1125 835/935/1125
f 835/935/1126 767/863/1126 774/869/1126 836/937/1126
f 836/937/1127 774/869/1127 781/875/1127 837/939/1127
f 837/939/1128 781/875/1128 711/814/1128 838/941/1128
f 838/941/1129 711/814/1129 710/812/1129 908/1002/1129
f 908/1002/1130 710/812/1130 709/810/1130 901/996/1130
f 901/996/1131 709/810/1131 708/808/1131 894/990/1131
f 894/990/1132 708/808/1132 707/806/1132 887/984/1132
f 887/984/1133 707/806/1133 706/803/1133 880/974/1133
f 880/974/1134 706/803/1134 662/802/1134 790/971/1134
f 153/179/1135 661/753/1135 670/756/1135 156/180/1135
f 156/180/1136 670/756/1136 677/768/1136 157/183/1136
f 157/183/1137 677/768/1137 684/775/1137 158/185/1137
f 158/185/1138 684/775/1138 691/782/1138 159/187/1138
f 159/187/1139 691/782/1139 698/789/1139 160/189/1139
f 160/189/1140 698/789/1140 752/796/1140 161/191/1140
f 161/271/1141 752/796/1141 751/854/1141 232/264/1141
f 232/264/1142 751/854/1142 750/852/1142 225/257/1142
f 225/257/1143 750/852/1143 749/850/1143 218/250/1143
f 218/250/1144 749/850/1144 748/848/1144 211/243/1144
f 211/243/1145 748/848/1145 747/845/1145 204/231/1145
f 204/231/1146 747/845/1146 663/844/1146 154/228/1146
f 788/880/1147 281/375/1147 331/378/1147 791/881/1147
f 791/881/1148 331/378/1148 338/390/1148 792/884/1148
f 792/884/1149 338/390/1149 345/397/1149 793/886/1149
f 793/886/1150 345/397/1150 352/404/1150 794/888/1150
f 794/888/1151 352/404/1151 359/411/1151 795/890/1151
f 795/890/1152 359/411/1152 288/418/1152 796/892/1152
f 796/892/1153 288/338/1153 287/336/1153 867/965/1153
f 867/965/1154 287/336/1154 286/334/1154 860/958/1154
f 860/958/1155 286/334/1155 285/332/1155 853/951/1155
f 853/951/1156 285/332/1156 284/330/1156 846/944/1156
f 846/944/1157 284/330/1157 283/327/1157 839/932/1157
f 839/932/1158 283/327/1158 280/326/1158 789/929/1158
f 407/473/145 915/1007/145 661/753/145 153/179/145
f 155/277/146 282/424/146 536/711/146 408/522/146
f 663/844/147 789/929/147 280/326/147 154/228/147
f 1042/1134/148 534/613/148 281/375/148 788/880/148
f 409/571/149 535/662/149 1044/1225/149 916/1056/149
f 917/1098/150 1043/1183/150 790/971/150 662/802/150
f 2199/1301/2167 2198/1302/2167 2213/1303/2167 2214/1304/2167
f 2192/1305/2168 2191/1306/2168 2206/1307/2168 2207/1308/2168
f 2200/1309/2169 2199/1301/2169 2214/1304/2169 2215/1310/2169
f 2193/1311/2170 2192/1305/2170 2207/1308/2170 2208/1312/2170
f 2186/1313/2171 2185/1314/2171 2201/1315/2171
f 2381/1316/2172 2200/1309/2172 2215/1310/2172
f 2194/1317/2173 2193/1311/2173 2208/1312/2173 2209/1318/2173
f 2187/1319/2174 2186/1313/2174 2201/1315/2174 2202/1320/2174
f 2195/1321/2175 2194/1317/2175 2209/1318/2175 2210/1322/2175
f 2188/1323/2176 2187/1319/2176 2202/1320/2176 2203/1324/2176
f 2196/1325/2177 2195/1321/2177 2210/1322/2177 2211/1326/2177
f 2189/1327/2178 2188/1323/2178 2203/1324/2178 2204/1328/2178
f 2197/1329/2179 2196/1325/2179 2211/1326/2179 2212/1330/2179
f 2190/1331/2180 2189/1327/2180 2204/1328/2180 2205/1332/2180
f 2198/1302/2181 2197/1329/2181 2212/1330/2181 2213/1303/2181
f 2191/1306/2182 2190/1331/2182 2205/1332/2182 2206/1307/2182
f 2203/1324/2183 2202/1320/2183 2217/1333/2183 2218/1334/2183
f 2211/1326/2184 2210/1322/2184 2225/1335/2184 2226/1336/2184
f 2204/1328/2185 2203/1324/2185 2218/1334/2185 2219/1337/2185
f 2212/1330/2186 2211/1326/2186 2226/1336/2186 2227/1338/2186
f 2205/1332/2187 2204/1328/2187 2219/1337/2187 2220/1339/2187
f 2213/1303/2188 2212/1330/2188 2227/1338/2188 2228/1340/2188
f 2206/1307/2189 2205/1332/2189 2220/1339/2189 2221/1341/2189
f 2214/1304/2190 2213/1303/2190 2228/1340/2190 2229/1342/2190
f 2207/1308/2191 2206/1307/2191 2221/1341/2191 2222/1343/2191
f 2215/1310/2192 2214/1304/2192 2229/1342/2192 2230/1344/2192
f 2208/1312/2193 2207/1308/2193 2222/1343/2193 2223/1345/2193
f 2201/1315/2194 2185/1346/2194 2216/1347/2194
f 2381/1348/2195 2215/1310/2195 2230/1344/2195
f 2209/1318/2196 2208/1312/2196 2223/1345/2196 2224/1349/2196
f 2202/1320/2197 2201/1315/2197 2216/1347/2197 2217/1333/2197
f 2210/1322/2198 2209/1318/2198 2224/1349/2198 2225/1335/2198
f 2222/1343/2199 2221/1341/2199 2236/1350/2199 2237/1351/2199
f 2230/1344/2200 2229/1342/2200 2244/1352/2200 2245/1353/2200
f 2223/1345/2201 2222/1343/2201 2237/1351/2201 2238/1354/2201
f 2216/1347/2202 2185/1355/2202 2231/1356/2202
f 2381/1357/2203 2230/1344/2203 2245/1353/2203
f 2224/1349/2204 2223/1345/2204 2238/1354/2204 2239/1358/2204
f 2217/1333/2205 2216/1347/2205 2231/1356/2205 2232/1359/2205
f 2225/1335/2206 2224/1349/2206 2239/1358/2206 2240/1360/2206
f 2218/1334/2207 2217/1333/2207 2232/1359/2207 2233/1361/2207
f 2226/1336/2208 2225/1335/2208 2240/1360/2208 2241/1362/2208
f 2219/1337/2209 2218/1334/2209 2233/1361/2209 2234/1363/2209
f 2227/1338/2210 2226/1336/2210 2241/1362/2210 2242/1364/2210
f 2220/1339/2211 2219/1337/2211 2234/1363/2211 2235/1365/2211
f 2228/1340/2212 2227/1338/2212 2242/1364/2212 2243/1366/2212
f 2221/1341/2213 2220/1339/2213 2235/1365/2213 2236/1350/2213
f 2229/1342/2214 2228/1340/2214 2243/1366/2214 2244/1352/2214
f 2241/1362/2215 2240/1360/2215 2255/1367/2215 2256/1368/2215
f 2234/1363/2216 2233/1361/2216 2248/1369/2216 2249/1370/2216
f 2242/1364/2217 2241/1362/2217 2256/1368/2217 2257/1371/2217
f 2235/1365/2218 2234/1363/2218 2249/1370/2218 2250/1372/2218
f 2243/1366/2219 2242/1364/2219 2257/1371/2219 2258/1373/2219
f 2236/1350/2220 2235/1365/2220 2250/1372/2220 2251/1374/2220
f 2244/1352/2221 2243/1366/2221 2258/1373/2221 2259/1375/2221
f 2237/1351/2222 2236/1350/2222 2251/1374/2222 2252/1376/2222
f 2245/1353/2223 2244/1352/2223 2259/1375/2223 2260/1377/2223
f 2238/1354/2224 2237/1351/2224 2252/1376/2224 2253/1378/2224
f 2231/1356/2225 2185/1379/2225 2246/1380/2225
f 2381/1381/2226 2245/1353/2226 2260/1377/2226
f 2239/1358/2227 2238/1354/2227 2253/1378/2227 2254/1382/2227
f 2232/1359/2228 2231/1356/2228 2246/1380/2228 2247/1383/2228
f 2240/1360/2229 2239/1358/2229 2254/1382/2229 2255/1367/2229
f 2233/1361/2230 2232/1359/2230 2247/1383/2230 2248/1369/2230
f 2260/1377/2231 2259/1375/2231 2274/1384/2231 2275/1385/2231
f 2253/1378/2232 2252/1376/2232 2267/1386/2232 2268/1387/2232
f 2246/1380/2233 2185/1388/2233 2261/1389/2233
f 2381/1390/2234 2260/1377/2234 2275/1385/2234
f 2254/1382/2235 2253/1378/2235 2268/1387/2235 2269/1391/2235
f 2247/1383/2236 2246/1380/2236 2261/1389/2236 2262/1392/2236
f 2255/1367/2237 2254/1382/2237 2269/1391/2237 2270/1393/2237
f 2248/1369/2238 2247/1383/2238 2262/1392/2238 2263/1394/2238
f 2256/1368/2239 2255/1367/2239 2270/1393/2239 2271/1395/2239
f 2249/1370/2240 2248/1369/2240 2263/1394/2240 2264/1396/2240
f 2257/1371/2241 2256/1368/2241 2271/1395/2241 2272/1397/2241
f 2250/1372/2242 2249/1370/2242 2264/1396/2242 2265/1398/2242
f 2258/1373/2243 2257/1371/2243 2272/1397/2243 2273/1399/2243
f 2251/1374/2244 2250/1372/2244 2265/1398/2244 2266/1400/2244
f 2259/1375/2245 2258/1373/2245 2273/1399/2245 2274/1384/2245
f 2252/1376/2246 2251/1374/2246 2266/1400/2246 2267/1386/2246
f 2264/1396/2247 2263/1394/2247 2278/1401/2247 2279/1402/2247
f 2272/1397/2248 2271/1395/2248 2286/1403/2248 2287/1404/2248
f 2265/1398/2249 2264/1396/2249 2279/1402/2249 2280/1405/2249
f 2273/1399/2250 2272/1397/2250 2287/1404/2250 2288/1406/2250
f 2266/1400/2251 2265/1398/2251 2280/1405/2251 2281/1407/2251
f 2274/1384/2252 2273/1399/2252 2288/1406/2252 2289/1408/2252
f 2267/1386/2253 2266/1400/2253 2281/1407/2253 2282/1409/2253
f 2275/1385/2254 2274/1384/2254 2289/1408/2254 2290/1410/2254
f 2268/1387/2255 2267/1386/2255 2282/1409/2255 2283/1411/2255
f 2261/1389/2256 2185/1412/2256 2276/1413/2256
f 2381/1414/2257 2275/1385/2257 2290/1410/2257
f 2269/1391/2258 2268/1387/2258 2283/1411/2258 2284/1415/2258
f 2262/1392/2259 2261/1389/2259 2276/1413/2259 2277/1416/2259
f 2270/1393/2260 2269/1391/2260 2284/1415/2260 2285/1417/2260
f 2263/1394/2261 2262/1392/2261 2277/1416/2261 2278/1401/2261
f 2271/1395/2262 2270/1393/2262 2285/1417/2262 2286/1403/2262
f 2283/1411/2263 2282/1409/2263 2297/1418/2263 2298/1419/2263
f 2276/1413/2264 2185/1420/2264 2291/1421/2264
f 2381/1422/2265 2290/1410/2265 2305/1423/2265
f 2284/1415/2266 2283/1411/2266 2298/1419/2266 2299/1424/2266
f 2277/1416/2267 2276/1413/2267 2291/1421/2267 2292/1425/2267
f 2285/1417/2268 2284/1415/2268 2299/1424/2268 2300/1426/2268
f 2278/1401/2269 2277/1416/2269 2292/1425/2269 2293/1427/2269
f 2286/1403/2270 2285/1417/2270 2300/1426/2270 2301/1428/2270
f 2279/1402/2271 2278/1401/2271 2293/1427/2271 2294/1429/2271
f 2287/1404/2272 2286/1403/2272 2301/1428/2272 2302/1430/2272
f 2280/1405/2273 2279/1402/2273 2294/1429/2273 2295/1431/2273
f 2288/1406/2274 2287/1404/2274 2302/1430/2274 2303/1432/2274
f 2281/1407/2275 2280/1405/2275 2295/1431/2275 2296/1433/2275
f 2289/1408/2276 2288/1406/2276 2303/1432/2276 2304/1434/2276
f 2282/1409/2277 2281/1407/2277 2296/1433/2277 2297/1418/2277
f 2290/1410/2278 2289/1408/2278 2304/1434/2278 2305/1423/2278
f 2302/1430/2279 2301/1428/2279 2316/1435/2279 2317/1436/2279
f 2295/1431/2280 2294/1429/2280 2309/1437/2280 2310/1438/2280
f 2303/1432/2281 2302/1430/2281 2317/1436/2281 2318/1439/2281
f 2296/1433/2282 2295/1431/2282 2310/1438/2282 2311/1440/2282
f 2304/1434/2283 2303/1432/2283 2318/1439/2283 2319/1441/2283
f 2297/1418/2284 2296/1433/2284 2311/1440/2284 2312/1442/2284
f 2305/1423/2285 2304/1434/2285 2319/1441/2285 2320/1443/2285
f 2298/1419/2286 2297/1418/2286 2312/1442/2286 2313/1444/2286
f 2291/1421/2287 2185/1445/2287 2306/1446/2287
f 2381/1447/2288 2305/1423/2288 2320/1443/2288
f 2299/1424/2289 2298/1419/2289 2313/1444/2289 2314/1448/2289
f 2292/1425/2290 2291/1421/2290 2306/1446/2290 2307/1449/2290
f 2300/1426/2291 2299/1424/2291 2314/1448/2291 2315/1450/2291
f 2293/1427/2292 2292/1425/2292 2307/1449/2292 2308/1451/2292
f 2301/1428/2293 2300/1426/2293 2315/1450/2293 2316/1435/2293
f 2294/1429/2294 2293/1427/2294 2308/1451/2294 2309/1437/2294
f 2381/1452/2295 2320/1443/2295 2335/1453/2295
f 2314/1448/2296 2313/1444/2296 2328/1454/2296 2329/1455/2296
f 2307/1449/2297 2306/1446/2297 2321/1456/2297 2322/1457/2297
f 2315/1450/2298 2314/1448/2298 2329/1455/2298 2330/1458/2298
f 2308/1451/2299 2307/1449/2299 2322/1457/2299 2323/1459/2299
f 2316/1435/2300 2315/1450/2300 2330/1458/2300 2331/1460/2300
f 2309/1437/2301 2308/1451/2301 2323/1459/2301 2324/1461/2301
f 2317/1436/2302 2316/1435/2302 2331/1460/2302 2332/1462/2302
f 2310/1438/2303 2309/1437/2303 2324/1461/2303 2325/1463/2303
f 2318/1439/2304 2317/1436/2304 2332/1462/2304 2333/1464/2304
f 2311/1440/2305 2310/1438/2305 2325/1463/2305 2326/1465/2305
f 2319/1441/2306 2318/1439/2306 2333/1464/2306 2334/1466/2306
f 2312/1442/2307 2311/1440/2307 2326/1465/2307 2327/1467/2307
f 2320/1443/2308 2319/1441/2308 2334/1466/2308 2335/1453/2308
f 2313/1444/2309 2312/1442/2309 2327/1467/2309 2328/1454/2309
f 2306/1446/2310 2185/1468/2310 2321/1456/2310
f 2333/1464/2311 2332/1462/2311 2347/1469/2311 2348/1470/2311
f 2326/1465/2312 2325/1463/2312 2340/1471/2312 2341/1472/2312
f 2334/1466/2313 2333/1464/2313 2348/1470/2313 2349/1473/2313
f 2327/1467/2314 2326/1465/2314 2341/1472/2314 2342/1474/2314
f 2335/1453/2315 2334/1466/2315 2349/1473/2315 2350/1475/2315
f 2328/1454/2316 2327/1467/2316 2342/1474/2316 2343/1476/2316
f 2321/1456/2317 2185/1477/2317 2336/1478/2317
f 2381/1479/2318 2335/1453/2318 2350/1475/2318
f 2329/1455/2319 2328/1454/2319 2343/1476/2319 2344/1480/2319
f 2322/1457/2320 2321/1456/2320 2336/1478/2320 2337/1481/2320
f 2330/1458/2321 2329/1455/2321 2344/1480/2321 2345/1482/2321
f 2323/1459/2322 2322/1457/2322 2337/1481/2322 2338/1483/2322
f 2331/1460/2323 2330/1458/2323 2345/1482/2323 2346/1484/2323
f 2324/1461/2324 2323/1459/2324 2338/1483/2324 2339/1485/2324
f 2332/1462/2325 2331/1460/2325 2346/1484/2325 2347/1469/2325
f 2325/1463/2326 2324/1461/2326 2339/1485/2326 2340/1471/2326
f 2337/1481/2327 2336/1478/2327 2351/1486/2327 2352/1487/2327
f 2345/1482/2328 2344/1480/2328 2359/1488/2328 2360/1489/2328
f 2338/1483/2329 2337/1481/2329 2352/1487/2329 2353/1490/2329
f 2346/1484/2330 2345/1482/2330 2360/1489/2330 2361/1491/2330
f 2339/1485/2331 2338/1483/2331 2353/1490/2331 2354/1492/2331
f 2347/1469/2332 2346/1484/2332 2361/1491/2332 2362/1493/2332
f 2340/1471/2333 2339/1485/2333 2354/1492/2333 2355/1494/2333
f 2348/1470/2334 2347/1469/2334 2362/1493/2334 2363/1495/2334
f 2341/1472/2335 2340/1471/2335 2355/1494/2335 2356/1496/2335
f 2349/1473/2336 2348/1470/2336 2363/1495/2336 2364/1497/2336
f 2342/1474/2337 2341/1472/2337 2356/1496/2337 2357/1498/2337
f 2350/1475/2338 2349/1473/2338 2364/1497/2338 2365/1499/2338
f 2343/1476/2339 2342/1474/2339 2357/1498/2339 2358/1500/2339
f 2336/1478/2340 2185/1501/2340 2351/1486/2340
f 2381/1502/2341 2350/1475/2341 2365/1499/2341
f 2344/1480/2342 2343/1476/2342 2358/1500/2342 2359/1488/2342
f 2356/1496/2343 2355/1494/2343 2370/1503/2343 2371/1504/2343
f 2364/1497/2344 2363/1495/2344 2378/1505/2344 2379/1506/2344
f 2357/1498/2345 2356/1496/2345 2371/1504/2345 2372/1507/2345
f 2365/1499/2346 2364/1497/2346 2379/1506/2346 2380/1508/2346
f 2358/1500/2347 2357/1498/2347 2372/1507/2347 2373/1509/2347
f 2351/1486/2348 2185/1510/2348 2366/1511/2348
f 2381/1512/2349 2365/1499/2349 2380/1508/2349
f 2359/1488/2350 2358/1500/2350 2373/1509/2350 2374/1513/2350
f 2352/1487/2351 2351/1486/2351 2366/1511/2351 2367/1514/2351
f 2360/1489/2352 2359/1488/2352 2374/1513/2352 2375/1515/2352
f 2353/1490/2353 2352/1487/2353 2367/1514/2353 2368/1516/2353
f 2361/1491/2354 2360/1489/2354 2375/1515/2354 2376/1517/2354
f 2354/1492/2355 2353/1490/2355 2368/1516/2355 2369/1518/2355
f 2362/1493/2356 2361/1491/2356 2376/1517/2356 2377/1519/2356
f 2355/1494/2357 2354/1492/2357 2369/1518/2357 2370/1503/2357
f 2363/1495/2358 2362/1493/2358 2377/1519/2358 2378/1505/2358
f 2375/1515/2359 2374/1513/2359 2390/1520/2359 2391/1521/2359
f 2368/1516/2360 2367/1514/2360 2383/1522/2360 2384/1523/2360
f 2376/1517/2361 2375/1515/2361 2391/1521/2361 2392/1524/2361
f 2369/1518/2362 2368/1516/2362 2384/1523/2362 2385/1525/2362
f 2377/1519/2363 2376/1517/2363 2392/1524/2363 2393/1526/2363
f 2370/1503/2364 2369/1518/2364 2385/1525/2364 2386/1527/2364
f 2378/1505/2365 2377/1519/2365 2393/1526/2365 2394/1528/2365
f 2371/1504/2366 2370/1503/2366 2386/1527/2366 2387/1529/2366
f 2379/1506/2367 2378/1505/2367 2394/1528/2367 2395/1530/2367
f 2372/1507/2368 2371/1504/2368 2387/1529/2368 2388/1531/2368
f 2380/1508/2369 2379/1506/2369 2395/1530/2369 2396/1532/2369
f 2373/1509/2370 2372/1507/2370 2388/1531/2370 2389/1533/2370
f 2366/1511/2371 2185/1534/2371 2382/1535/2371
f 2381/1536/2372 2380/1508/2372 2396/1532/2372
f 2374/1513/2373 2373/1509/2373 2389/1533/2373 2390/1520/2373
f 2367/1514/2374 2366/1511/2374 2382/1535/2374 2383/1522/2374
f 2395/1530/2375 2394/1528/2375 2409/1537/2375 2410/1538/2375
f 2388/1531/2376 2387/1529/2376 2402/1539/2376 2403/1540/2376
f 2396/1532/2377 2395/1530/2377 2410/1538/2377 2411/1541/2377
f 2389/1533/2378 2388/1531/2378 2403/1540/2378 2404/1542/2378
f 2382/1535/2379 2185/1543/2379 2397/1544/2379
f 2381/1545/2380 2396/1532/2380 2411/1541/2380
f 2390/1520/2381 2389/1533/2381 2404/1542/2381 2405/1546/2381
f 2383/1522/2382 2382/1535/2382 2397/1544/2382 2398/1547/2382
f 2391/1521/2383 2390/1520/2383 2405/1546/2383 2406/1548/2383
f 2384/1523/2384 2383/1522/2384 2398/1547/2384 2399/1549/2384
f 2392/1524/2385 2391/1521/2385 2406/1548/2385 2407/1550/2385
f 2385/1525/2386 2384/1523/2386 2399/1549/2386 2400/1551/2386
f 2393/1526/2387 2392/1524/2387 2407/1550/2387 2408/1552/2387
f 2386/1527/2388 2385/1525/2388 2400/1551/2388 2401/1553/2388
f 2394/1528/2389 2393/1526/2389 2408/1552/2389 2409/1537/2389
f 2387/1529/2390 2386/1527/2390 2401/1553/2390 2402/1539/2390
f 2399/1549/2391 2398/1547/2391 2413/1554/2391 2414/1555/2391
f 2407/1550/2392 2406/1548/2392 2421/1556/2392 2422/1557/2392
f 2400/1551/2393 2399/1549/2393 2414/1555/2393 2415/1558/2393
f 2408/1552/2394 2407/1550/2394 2422/1557/2394 2423/1559/2394
f 2401/1553/2395 2400/1551/2395 2415/1558/2395 2416/1560/2395
f 2409/1537/2396 2408/1552/2396 2423/1559/2396 2424/1561/2396
f 2402/1539/2397 2401/1553/2397 2416/1560/2397 2417/1562/2397
f 2410/1538/2398 2409/1537/2398 2424/1561/2398 2425/1563/2398
f 2403/1540/2399 2402/1539/2399 2417/1562/2399 2418/1564/2399
f 2411/1541/2400 2410/1538/2400 2425/1563/2400 2426/1565/2400
f 2404/1542/2401 2403/1540/2401 2418/1564/2401 2419/1566/2401
f 2397/1544/2402 2185/1567/2402 2412/1568/2402
f 2381/1569/2403 2411/1541/2403 2426/1565/2403
f 2405/1546/2404 2404/1542/2404 2419/1566/2404 2420/1570/2404
f 2398/1547/2405 2397/1544/2405 2412/1568/2405 2413/1554/2405
f 2406/1548/2406 2405/1546/2406 2420/1570/2406 2421/1556/2406
f 2418/1564/2407 2417/1562/2407 2432/1571/2407 2433/1572/2407
f 2426/1565/2408 2425/1563/2408 2440/1573/2408 2441/1574/2408
f 2419/1566/2409 2418/1564/2409 2433/1572/2409 2434/1575/2409
f 2412/1568/2410 2185/1576/2410 2427/1577/2410
f 2381/1578/2411 2426/1565/2411 2441/1574/2411
f 2420/1570/2412 2419/1566/2412 2434/1575/2412 2435/1579/2412
f 2413/1554/2413 2412/1568/2413 2427/1577/2413 2428/1580/2413
f 2421/1556/2414 2420/1570/2414 2435/1579/2414 2436/1581/2414
f 2414/1555/2415 2413/1554/2415 2428/1580/2415 2429/1582/2415
f 2422/1557/2416 2421/1556/2416 2436/1581/2416 2437/1583/2416
f 2415/1558/2417 2414/1555/2417 2429/1582/2417 2430/1584/2417
f 2423/1559/2418 2422/1557/2418 2437/1583/2418 2438/1585/2418
f 2416/1560/2419 2415/1558/2419 2430/1584/2419 2431/1586/2419
f 2424/1561/2420 2423/1559/2420 2438/1585/2420 2439/1587/2420
f 2417/1562/2421 2416/1560/2421 2431/1586/2421 2432/1571/2421
f 2425/1563/2422 2424/1561/2422 2439/1587/2422 2440/1573/2422
f 2187/1319/2423 2188/1323/2423 2189/1327/2423 2190/1331/2423 2191/1306/2423 2192/1305/2423 2193/1311/2423 2194/1317/2423 2195/1321/2423 2196/1325/2423 2197/1329/2423 2198/1302/2423 2199/1301/2423 2200/1309/2423 2381/1316/2423 2441/1574/2423 2440/1573/2423 2439/1587/2423 2438/1585/2423 2437/1583/2423 2436/1581/2423 2435/1579/2423 2434/1575/2423 2433/1572/2423 2432/1571/2423 2431/1586/2423 2430/1584/2423 2429/1582/2423 2428/1580/2423 2427/1577/2423 2185/1576/2423 2186/1313/2423
f 2456/1301/2167 2455/1302/2167 2470/1303/2167 2471/1304/2167
f 2449/1305/2168 2448/1306/2168 2463/1307/2168 2464/1308/2168
f 2457/1309/2169 2456/1301/2169 2471/1304/2169 2472/1310/2169
f 2450/1311/2424 2449/1305/2424 2464/1308/2424 2465/1312/2424
f 2443/1313/2171 2442/1314/2171 2458/1315/2171
f 2638/1316/2425 2457/1309/2425 2472/1310/2425
f 2451/1317/2426 2450/1311/2426 2465/1312/2426 2466/1318/2426
f 2444/1319/2174 2443/1313/2174 2458/1315/2174 2459/1320/2174
f 2452/1321/2175 2451/1317/2175 2466/1318/2175 2467/1322/2175
f 2445/1323/2427 2444/1319/2427 2459/1320/2427 2460/1324/2427
f 2453/1325/2428 2452/1321/2428 2467/1322/2428 2468/1326/2428
f 2446/1327/2429 2445/1323/2429 2460/1324/2429 2461/1328/2429
f 2454/1329/2179 2453/1325/2179 2468/1326/2179 2469/1330/2179
f 2447/1331/2430 2446/1327/2430 2461/1328/2430 2462/1332/2430
f 2455/1302/2431 2454/1329/2431 2469/1330/2431 2470/1303/2431
f 2448/1306/2182 2447/1331/2182 2462/1332/2182 2463/1307/2182
f 2460/1324/2432 2459/1320/2432 2474/1333/2432 2475/1334/2432
f 2468/1326/2433 2467/1322/2433 2482/1335/2433 2483/1336/2433
f 2461/1328/2434 2460/1324/2434 2475/1334/2434 2476/1337/2434
f 2469/1330/2186 2468/1326/2186 2483/1336/2186 2484/1338/2186
f 2462/1332/2435 2461/1328/2435 2476/1337/2435 2477/1339/2435
f 2470/1303/2436 2469/1330/2436 2484/1338/2436 2485/1340/2436
f 2463/1307/2189 2462/1332/2189 2477/1339/2189 2478/1341/2189
f 2471/1304/2437 2470/1303/2437 2485/1340/2437 2486/1342/2437
f 2464/1308/2191 2463/1307/2191 2478/1341/2191 2479/1343/2191
f 2472/1310/2438 2471/1304/2438 2486/1342/2438 2487/1344/2438
f 2465/1312/2439 2464/1308/2439 2479/1343/2439 2480/1345/2439
f 2458/1315/2440 2442/1346/2440 2473/1347/2440
f 2638/1348/2441 2472/1310/2441 2487/1344/2441
f 2466/1318/2196 2465/1312/2196 2480/1345/2196 2481/1349/2196
f 2459/1320/2442 2458/1315/2442 2473/1347/2442 2474/1333/2442
f 2467/1322/2198 2466/1318/2198 2481/1349/2198 2482/1335/2198
f 2479/1343/2199 2478/1341/2199 2493/1350/2199 2494/1351/2199
f 2487/1344/2443 2486/1342/2443 2501/1352/2443 2502/1353/2443
f 2480/1345/2201 2479/1343/2201 2494/1351/2201 2495/1354/2201
f 2473/1347/2444 2442/1355/2444 2488/1356/2444
f 2638/1357/2445 2487/1344/2445 2502/1353/2445
f 2481/1349/2446 2480/1345/2446 2495/1354/2446 2496/1358/2446
f 2474/1333/2447 2473/1347/2447 2488/1356/2447 2489/1359/2447
f 2482/1335/2448 2481/1349/2448 2496/1358/2448 2497/1360/2448
f 2475/1334/2449 2474/1333/2449 2489/1359/2449 2490/1361/2449
f 2483/1336/2208 2482/1335/2208 2497/1360/2208 2498/1362/2208
f 2476/1337/2450 2475/1334/2450 2490/1361/2450 2491/1363/2450
f 2484/1338/2451 2483/1336/2451 2498/1362/2451 2499/1364/2451
f 2477/1339/2211 2476/1337/2211 2491/1363/2211 2492/1365/2211
f 2485/1340/2212 2484/1338/2212 2499/1364/2212 2500/1366/2212
f 2478/1341/2213 2477/1339/2213 2492/1365/2213 2493/1350/2213
f 2486/1342/2452 2485/1340/2452 2500/1366/2452 2501/1352/2452
f 2498/1362/2215 2497/1360/2215 2512/1367/2215 2513/1368/2215
f 2491/1363/2453 2490/1361/2453 2505/1369/2453 2506/1370/2453
f 2499/1364/2217 2498/1362/2217 2513/1368/2217 2514/1371/2217
f 2492/1365/2454 2491/1363/2454 2506/1370/2454 2507/1372/2454
f 2500/1366/2455 2499/1364/2455 2514/1371/2455 2515/1373/2455
f 2493/1350/2220 2492/1365/2220 2507/1372/2220 2508/1374/2220
f 2501/1352/2456 2500/1366/2456 2515/1373/2456 2516/1375/2456
f 2494/1351/2222 2493/1350/2222 2508/1374/2222 2509/1376/2222
f 2502/1353/2457 2501/1352/2457 2516/1375/2457 2517/1377/2457
f 2495/1354/2224 2494/1351/2224 2509/1376/2224 2510/1378/2224
f 2488/1356/2225 2442/1379/2225 2503/1380/2225
f 2638/1381/2458 2502/1353/2458 2517/1377/2458
f 2496/1358/2227 2495/1354/2227 2510/1378/2227 2511/1382/2227
f 2489/1359/2459 2488/1356/2459 2503/1380/2459 2504/1383/2459
f 2497/1360/2460 2496/1358/2460 2511/1382/2460 2512/1367/2460
f 2490/1361/2461 2489/1359/2461 2504/1383/2461 2505/1369/2461
f 2517/1377/2462 2516/1375/2462 2531/1384/2462 2532/1385/2462
f 2510/1378/2232 2509/1376/2232 2524/1386/2232 2525/1387/2232
f 2503/1380/2463 2442/1388/2463 2518/1389/2463
f 2638/1390/2464 2517/1377/2464 2532/1385/2464
f 2511/1382/2235 2510/1378/2235 2525/1387/2235 2526/1391/2235
f 2504/1383/2236 2503/1380/2236 2518/1389/2236 2519/1392/2236
f 2512/1367/2237 2511/1382/2237 2526/1391/2237 2527/1393/2237
f 2505/1369/2465 2504/1383/2465 2519/1392/2465 2520/1394/2465
f 2513/1368/2239 2512/1367/2239 2527/1393/2239 2528/1395/2239
f 2506/1370/2466 2505/1369/2466 2520/1394/2466 2521/1396/2466
f 2514/1371/2467 2513/1368/2467 2528/1395/2467 2529/1397/2467
f 2507/1372/2242 2506/1370/2242 2521/1396/2242 2522/1398/2242
f 2515/1373/2468 2514/1371/2468 2529/1397/2468 2530/1399/2468
f 2508/1374/2244 2507/1372/2244 2522/1398/2244 2523/1400/2244
f 2516/1375/2469 2515/1373/2469 2530/1399/2469 2531/1384/2469
f 2509/1376/2246 2508/1374/2246 2523/1400/2246 2524/1386/2246
f 2521/1396/2470 2520/1394/2470 2535/1401/2470 2536/1402/2470
f 2529/1397/2248 2528/1395/2248 2543/1403/2248 2544/1404/2248
f 2522/1398/2249 2521/1396/2249 2536/1402/2249 2537/1405/2249
f 2530/1399/2471 2529/1397/2471 2544/1404/2471 2545/1406/2471
f 2523/1400/2251 2522/1398/2251 2537/1405/2251 2538/1407/2251
f 2531/1384/2472 2530/1399/2472 2545/1406/2472 2546/1408/2472
f 2524/1386/2253 2523/1400/2253 2538/1407/2253 2539/1409/2253
f 2532/1385/2473 2531/1384/2473 2546/1408/2473 2547/1410/2473
f 2525/1387/2255 2524/1386/2255 2539/1409/2255 2540/1411/2255
f 2518/1389/2474 2442/1412/2474 2533/1413/2474
f 2638/1414/2475 2532/1385/2475 2547/1410/2475
f 2526/1391/2258 2525/1387/2258 2540/1411/2258 2541/1415/2258
f 2519/1392/2259 2518/1389/2259 2533/1413/2259 2534/1416/2259
f 2527/1393/2476 2526/1391/2476 2541/1415/2476 2542/1417/2476
f 2520/1394/2261 2519/1392/2261 2534/1416/2261 2535/1401/2261
f 2528/1395/2262 2527/1393/2262 2542/1417/2262 2543/1403/2262
f 2540/1411/2263 2539/1409/2263 2554/1418/2263 2555/1419/2263
f 2533/1413/2477 2442/1420/2477 2548/1421/2477
f 2638/1422/2265 2547/1410/2265 2562/1423/2265
f 2541/1415/2266 2540/1411/2266 2555/1419/2266 2556/1424/2266
f 2534/1416/2267 2533/1413/2267 2548/1421/2267 2549/1425/2267
f 2542/1417/2268 2541/1415/2268 2556/1424/2268 2557/1426/2268
f 2535/1401/2478 2534/1416/2478 2549/1425/2478 2550/1427/2478
f 2543/1403/2270 2542/1417/2270 2557/1426/2270 2558/1428/2270
f 2536/1402/2479 2535/1401/2479 2550/1427/2479 2551/1429/2479
f 2544/1404/2480 2543/1403/2480 2558/1428/2480 2559/1430/2480
f 2537/1405/2273 2536/1402/2273 2551/1429/2273 2552/1431/2273
f 2545/1406/2481 2544/1404/2481 2559/1430/2481 2560/1432/2481
f 2538/1407/2275 2537/1405/2275 2552/1431/2275 2553/1433/2275
f 2546/1408/2482 2545/1406/2482 2560/1432/2482 2561/1434/2482
f 2539/1409/2277 2538/1407/2277 2553/1433/2277 2554/1418/2277
f 2547/1410/2278 2546/1408/2278 2561/1434/2278 2562/1423/2278
f 2559/1430/2483 2558/1428/2483 2573/1435/2483 2574/1436/2483
f 2552/1431/2484 2551/1429/2484 2566/1437/2484 2567/1438/2484
f 2560/1432/2485 2559/1430/2485 2574/1436/2485 2575/1439/2485
f 2553/1433/2282 2552/1431/2282 2567/1438/2282 2568/1440/2282
f 2561/1434/2283 2560/1432/2283 2575/1439/2283 2576/1441/2283
f 2554/1418/2284 2553/1433/2284 2568/1440/2284 2569/1442/2284
f 2562/1423/2486 2561/1434/2486 2576/1441/2486 2577/1443/2486
f 2555/1419/2286 2554/1418/2286 2569/1442/2286 2570/1444/2286
f 2548/1421/2287 2442/1445/2287 2563/1446/2287
f 2638/1447/2487 2562/1423/2487 2577/1443/2487
f 2556/1424/2289 2555/1419/2289 2570/1444/2289 2571/1448/2289
f 2549/1425/2290 2548/1421/2290 2563/1446/2290 2564/1449/2290
f 2557/1426/2291 2556/1424/2291 2571/1448/2291 2572/1450/2291
f 2550/1427/2292 2549/1425/2292 2564/1449/2292 2565/1451/2292
f 2558/1428/2293 2557/1426/2293 2572/1450/2293 2573/1435/2293
f 2551/1429/2488 2550/1427/2488 2565/1451/2488 2566/1437/2488
f 2638/1452/2489 2577/1443/2489 2592/1453/2489
f 2571/1448/2296 2570/1444/2296 2585/1454/2296 2586/1455/2296
f 2564/1449/2297 2563/1446/2297 2578/1456/2297 2579/1457/2297
f 2572/1450/2298 2571/1448/2298 2586/1455/2298 2587/1458/2298
f 2565/1451/2299 2564/1449/2299 2579/1457/2299 2580/1459/2299
f 2573/1435/2300 2572/1450/2300 2587/1458/2300 2588/1460/2300
f 2566/1437/2301 2565/1451/2301 2580/1459/2301 2581/1461/2301
f 2574/1436/2490 2573/1435/2490 2588/1460/2490 2589/1462/2490
f 2567/1438/2303 2566/1437/2303 2581/1461/2303 2582/1463/2303
f 2575/1439/2491 2574/1436/2491 2589/1462/2491 2590/1464/2491
f 2568/1440/2305 2567/1438/2305 2582/1463/2305 2583/1465/2305
f 2576/1441/2306 2575/1439/2306 2590/1464/2306 2591/1466/2306
f 2569/1442/2307 2568/1440/2307 2583/1465/2307 2584/1467/2307
f 2577/1443/2492 2576/1441/2492 2591/1466/2492 2592/1453/2492
f 2570/1444/2309 2569/1442/2309 2584/1467/2309 2585/1454/2309
f 2563/1446/2310 2442/1468/2310 2578/1456/2310
f 2590/1464/2311 2589/1462/2311 2604/1469/2311 2605/1470/2311
f 2583/1465/2312 2582/1463/2312 2597/1471/2312 2598/1472/2312
f 2591/1466/2493 2590/1464/2493 2605/1470/2493 2606/1473/2493
f 2584/1467/2314 2583/1465/2314 2598/1472/2314 2599/1474/2314
f 2592/1453/2494 2591/1466/2494 2606/1473/2494 2607/1475/2494
f 2585/1454/2316 2584/1467/2316 2599/1474/2316 2600/1476/2316
f 2578/1456/2495 2442/1477/2495 2593/1478/2495
f 2638/1479/2496 2592/1453/2496 2607/1475/2496
f 2586/1455/2319 2585/1454/2319 2600/1476/2319 2601/1480/2319
f 2579/1457/2497 2578/1456/2497 2593/1478/2497 2594/1481/2497
f 2587/1458/2321 2586/1455/2321 2601/1480/2321 2602/1482/2321
f 2580/1459/2322 2579/1457/2322 2594/1481/2322 2595/1483/2322
f 2588/1460/2323 2587/1458/2323 2602/1482/2323 2603/1484/2323
f 2581/1461/2498 2580/1459/2498 2595/1483/2498 2596/1485/2498
f 2589/1462/2325 2588/1460/2325 2603/1484/2325 2604/1469/2325
f 2582/1463/2499 2581/1461/2499 2596/1485/2499 2597/1471/2499
f 2594/1481/2327 2593/1478/2327 2608/1486/2327 2609/1487/2327
f 2602/1482/2500 2601/1480/2500 2616/1488/2500 2617/1489/2500
f 2595/1483/2329 2594/1481/2329 2609/1487/2329 2610/1490/2329
f 2603/1484/2330 2602/1482/2330 2617/1489/2330 2618/1491/2330
f 2596/1485/2501 2595/1483/2501 2610/1490/2501 2611/1492/2501
f 2604/1469/2332 2603/1484/2332 2618/1491/2332 2619/1493/2332
f 2597/1471/2333 2596/1485/2333 2611/1492/2333 2612/1494/2333
f 2605/1470/2502 2604/1469/2502 2619/1493/2502 2620/1495/2502
f 2598/1472/2335 2597/1471/2335 2612/1494/2335 2613/1496/2335
f 2606/1473/2503 2605/1470/2503 2620/1495/2503 2621/1497/2503
f 2599/1474/2337 2598/1472/2337 2613/1496/2337 2614/1498/2337
f 2607/1475/2504 2606/1473/2504 2621/1497/2504 2622/1499/2504
f 2600/1476/2339 2599/1474/2339 2614/1498/2339 2615/1500/2339
f 2593/1478/2505 2442/1501/2505 2608/1486/2505
f 2638/1502/2506 2607/1475/2506 2622/1499/2506
f 2601/1480/2342 2600/1476/2342 2615/1500/2342 2616/1488/2342
f 2613/1496/2343 2612/1494/2343 2627/1503/2343 2628/1504/2343
f 2621/1497/2344 2620/1495/2344 2635/1505/2344 2636/1506/2344
f 2614/1498/2345 2613/1496/2345 2628/1504/2345 2629/1507/2345
f 2622/1499/2507 2621/1497/2507 2636/1506/2507 2637/1508/2507
f 2615/1500/2347 2614/1498/2347 2629/1507/2347 2630/1509/2347
f 2608/1486/2348 2442/1510/2348 2623/1511/2348
f 2638/1512/2508 2622/1499/2508 2637/1508/2508
f 2616/1488/2350 2615/1500/2350 2630/1509/2350 2631/1513/2350
f 2609/1487/2509 2608/1486/2509 2623/1511/2509 2624/1514/2509
f 2617/1489/2352 2616/1488/2352 2631/1513/2352 2632/1515/2352
f 2610/1490/2510 2609/1487/2510 2624/1514/2510 2625/1516/2510
f 2618/1491/2354 2617/1489/2354 2632/1515/2354 2633/1517/2354
f 2611/1492/2355 2610/1490/2355 2625/1516/2355 2626/1518/2355
f 2619/1493/2356 2618/1491/2356 2633/1517/2356 2634/1519/2356
f 2612/1494/2357 2611/1492/2357 2626/1518/2357 2627/1503/2357
f 2620/1495/2511 2619/1493/2511 2634/1519/2511 2635/1505/2511
f 2632/1515/2359 2631/1513/2359 2647/1520/2359 2648/1521/2359
f 2625/1516/2512 2624/1514/2512 2640/1522/2512 2641/1523/2512
f 2633/1517/2361 2632/1515/2361 2648/1521/2361 2649/1524/2361
f 2626/1518/2513 2625/1516/2513 2641/1523/2513 2642/1525/2513
f 2634/1519/2363 2633/1517/2363 2649/1524/2363 2650/1526/2363
f 2627/1503/2364 2626/1518/2364 2642/1525/2364 2643/1527/2364
f 2635/1505/2365 2634/1519/2365 2650/1526/2365 2651/1528/2365
f 2628/1504/2366 2627/1503/2366 2643/1527/2366 2644/1529/2366
f 2636/1506/2514 2635/1505/2514 2651/1528/2514 2652/1530/2514
f 2629/1507/2368 2628/1504/2368 2644/1529/2368 2645/1531/2368
f 2637/1508/2515 2636/1506/2515 2652/1530/2515 2653/1532/2515
f 2630/1509/2370 2629/1507/2370 2645/1531/2370 2646/1533/2370
f 2623/1511/2516 2442/1534/2516 2639/1535/2516
f 2638/1536/2517 2637/1508/2517 2653/1532/2517
f 2631/1513/2373 2630/1509/2373 2646/1533/2373 2647/1520/2373
f 2624/1514/2518 2623/1511/2518 2639/1535/2518 2640/1522/2518
f 2652/1530/2519 2651/1528/2519 2666/1537/2519 2667/1538/2519
f 2645/1531/2376 2644/1529/2376 2659/1539/2376 2660/1540/2376
f 2653/1532/2520 2652/1530/2520 2667/1538/2520 2668/1541/2520
f 2646/1533/2378 2645/1531/2378 2660/1540/2378 2661/1542/2378
f 2639/1535/2379 2442/1543/2379 2654/1544/2379
f 2638/1545/2521 2653/1532/2521 2668/1541/2521
f 2647/1520/2381 2646/1533/2381 2661/1542/2381 2662/1546/2381
f 2640/1522/2382 2639/1535/2382 2654/1544/2382 2655/1547/2382
f 2648/1521/2383 2647/1520/2383 2662/1546/2383 2663/1548/2383
f 2641/1523/2522 2640/1522/2522 2655/1547/2522 2656/1549/2522
f 2649/1524/2385 2648/1521/2385 2663/1548/2385 2664/1550/2385
f 2642/1525/2523 2641/1523/2523 2656/1549/2523 2657/1551/2523
f 2650/1526/2387 2649/1524/2387 2664/1550/2387 2665/1552/2387
f 2643/1527/2524 2642/1525/2524 2657/1551/2524 2658/1553/2524
f 2651/1528/2525 2650/1526/2525 2665/1552/2525 2666/1537/2525
f 2644/1529/2526 2643/1527/2526 2658/1553/2526 2659/1539/2526
f 2656/1549/2391 2655/1547/2391 2670/1554/2391 2671/1555/2391
f 2664/1550/2392 2663/1548/2392 2678/1556/2392 2679/1557/2392
f 2657/1551/2527 2656/1549/2527 2671/1555/2527 2672/1558/2527
f 2665/1552/2528 2664/1550/2528 2679/1557/2528 2680/1559/2528
f 2658/1553/2395 2657/1551/2395 2672/1558/2395 2673/1560/2395
f 2666/1537/2529 2665/1552/2529 2680/1559/2529 2681/1561/2529
f 2659/1539/2530 2658/1553/2530 2673/1560/2530 2674/1562/2530
f 2667/1538/2531 2666/1537/2531 2681/1561/2531 2682/1563/2531
f 2660/1540/2399 2659/1539/2399 2674/1562/2399 2675/1564/2399
f 2668/1541/2532 2667/1538/2532 2682/1563/2532 2683/1565/2532
f 2661/1542/2533 2660/1540/2533 2675/1564/2533 2676/1566/2533
f 2654/1544/2534 2442/1567/2534 2669/1568/2534
f 2638/1569/2535 2668/1541/2535 2683/1565/2535
f 2662/1546/2536 2661/1542/2536 2676/1566/2536 2677/1570/2536
f 2655/1547/2405 2654/1544/2405 2669/1568/2405 2670/1554/2405
f 2663/1548/2537 2662/1546/2537 2677/1570/2537 2678/1556/2537
f 2675/1564/2407 2674/1562/2407 2689/1571/2407 2690/1572/2407
f 2683/1565/2538 2682/1563/2538 2697/1573/2538 2698/1574/2538
f 2676/1566/2539 2675/1564/2539 2690/1572/2539 2691/1575/2539
f 2669/1568/2410 2442/1576/2410 2684/1577/2410
f 2638/1578/2540 2683/1565/2540 2698/1574/2540
f 2677/1570/2412 2676/1566/2412 2691/1575/2412 2692/1579/2412
f 2670/1554/2541 2669/1568/2541 2684/1577/2541 2685/1580/2541
f 2678/1556/2542 2677/1570/2542 2692/1579/2542 2693/1581/2542
f 2671/1555/2415 2670/1554/2415 2685/1580/2415 2686/1582/2415
f 2679/1557/2543 2678/1556/2543 2693/1581/2543 2694/1583/2543
f 2672/1558/2544 2671/1555/2544 2686/1582/2544 2687/1584/2544
f 2680/1559/2545 2679/1557/2545 2694/1583/2545 2695/1585/2545
f 2673/1560/2546 2672/1558/2546 2687/1584/2546 2688/1586/2546
f 2681/1561/2547 2680/1559/2547 2695/1585/2547 2696/1587/2547
f 2674/1562/2548 2673/1560/2548 2688/1586/2548 2689/1571/2548
f 2682/1563/2549 2681/1561/2549 2696/1587/2549 2697/1573/2549
f 2444/1319/2423 2445/1323/2423 2446/1327/2423 2447/1331/2423 2448/1306/2423 2449/1305/2423 2450/1311/2423 2451/1317/2423 2452/1321/2423 2453/1325/2423 2454/1329/2423 2455/1302/2423 2456/1301/2423 2457/1309/2423 2638/1316/2423 2698/1574/2423 2697/1573/2423 2696/1587/2423 2695/1585/2423 2694/1583/2423 2693/1581/2423 2692/1579/2423 2691/1575/2423 2690/1572/2423 2689/1571/2423 2688/1586/2423 2687/1584/2423 2686/1582/2423 2685/1580/2423 2684/1577/2423 2442/1576/2423 2443/1313/2423
f 2713/1301/2167 2712/1302/2167 2727/1303/2167 2728/1304/2167
f 2706/1305/2550 2705/1306/2550 2720/1307/2550 2721/1308/2550
f 2714/1309/2551 2713/1301/2551 2728/1304/2551 2729/1310/2551
f 2707/1311/2424 2706/1305/2424 2721/1308/2424 2722/1312/2424
f 2700/1313/2171 2699/1314/2171 2715/1315/2171
f 2895/1316/2552 2714/1309/2552 2729/1310/2552
f 2708/1317/2553 2707/1311/2553 2722/1312/2553 2723/1318/2553
f 2701/1319/2554 2700/1313/2554 2715/1315/2554 2716/1320/2554
f 2709/1321/2555 2708/1317/2555 2723/1318/2555 2724/1322/2555
f 2702/1323/2556 2701/1319/2556 2716/1320/2556 2717/1324/2556
f 2710/1325/2557 2709/1321/2557 2724/1322/2557 2725/1326/2557
f 2703/1327/2558 2702/1323/2558 2717/1324/2558 2718/1328/2558
f 2711/1329/2559 2710/1325/2559 2725/1326/2559 2726/1330/2559
f 2704/1331/2560 2703/1327/2560 2718/1328/2560 2719/1332/2560
f 2712/1302/2561 2711/1329/2561 2726/1330/2561 2727/1303/2561
f 2705/1306/2562 2704/1331/2562 2719/1332/2562 2720/1307/2562
f 2717/1324/2563 2716/1320/2563 2731/1333/2563 2732/1334/2563
f 2725/1326/2433 2724/1322/2433 2739/1335/2433 2740/1336/2433
f 2718/1328/2185 2717/1324/2185 2732/1334/2185 2733/1337/2185
f 2726/1330/2564 2725/1326/2564 2740/1336/2564 2741/1338/2564
f 2719/1332/2565 2718/1328/2565 2733/1337/2565 2734/1339/2565
f 2727/1303/2566 2726/1330/2566 2741/1338/2566 2742/1340/2566
f 2720/1307/2567 2719/1332/2567 2734/1339/2567 2735/1341/2567
f 2728/1304/2190 2727/1303/2190 2742/1340/2190 2743/1342/2190
f 2721/1308/2568 2720/1307/2568 2735/1341/2568 2736/1343/2568
f 2729/1310/2438 2728/1304/2438 2743/1342/2438 2744/1344/2438
f 2722/1312/2569 2721/1308/2569 2736/1343/2569 2737/1345/2569
f 2715/1315/2570 2699/1346/2570 2730/1347/2570
f 2895/1348/2195 2729/1310/2195 2744/1344/2195
f 2723/1318/2571 2722/1312/2571 2737/1345/2571 2738/1349/2571
f 2716/1320/2572 2715/1315/2572 2730/1347/2572 2731/1333/2572
f 2724/1322/2198 2723/1318/2198 2738/1349/2198 2739/1335/2198
f 2736/1343/2573 2735/1341/2573 2750/1350/2573 2751/1351/2573
f 2744/1344/2443 2743/1342/2443 2758/1352/2443 2759/1353/2443
f 2737/1345/2574 2736/1343/2574 2751/1351/2574 2752/1354/2574
f 2730/1347/2202 2699/1355/2202 2745/1356/2202
f 2895/1357/2575 2744/1344/2575 2759/1353/2575
f 2738/1349/2204 2737/1345/2204 2752/1354/2204 2753/1358/2204
f 2731/1333/2205 2730/1347/2205 2745/1356/2205 2746/1359/2205
f 2739/1335/2576 2738/1349/2576 2753/1358/2576 2754/1360/2576
f 2732/1334/2577 2731/1333/2577 2746/1359/2577 2747/1361/2577
f 2740/1336/2208 2739/1335/2208 2754/1360/2208 2755/1362/2208
f 2733/1337/2578 2732/1334/2578 2747/1361/2578 2748/1363/2578
f 2741/1338/2579 2740/1336/2579 2755/1362/2579 2756/1364/2579
f 2734/1339/2580 2733/1337/2580 2748/1363/2580 2749/1365/2580
f 2742/1340/2212 2741/1338/2212 2756/1364/2212 2757/1366/2212
f 2735/1341/2213 2734/1339/2213 2749/1365/2213 2750/1350/2213
f 2743/1342/2581 2742/1340/2581 2757/1366/2581 2758/1352/2581
f 2755/1362/2582 2754/1360/2582 2769/1367/2582 2770/1368/2582
f 2748/1363/2583 2747/1361/2583 2762/1369/2583 2763/1370/2583
f 2756/1364/2217 2755/1362/2217 2770/1368/2217 2771/1371/2217
f 2749/1365/2218 2748/1363/2218 2763/1370/2218 2764/1372/2218
f 2757/1366/2219 2756/1364/2219 2771/1371/2219 2772/1373/2219
f 2750/1350/2220 2749/1365/2220 2764/1372/2220 2765/1374/2220
f 2758/1352/2221 2757/1366/2221 2772/1373/2221 2773/1375/2221
f 2751/1351/2222 2750/1350/2222 2765/1374/2222 2766/1376/2222
f 2759/1353/2223 2758/1352/2223 2773/1375/2223 2774/1377/2223
f 2752/1354/2224 2751/1351/2224 2766/1376/2224 2767/1378/2224
f 2745/1356/2225 2699/1379/2225 2760/1380/2225
f 2895/1381/2584 2759/1353/2584 2774/1377/2584
f 2753/1358/2227 2752/1354/2227 2767/1378/2227 2768/1382/2227
f 2746/1359/2228 2745/1356/2228 2760/1380/2228 2761/1383/2228
f 2754/1360/2460 2753/1358/2460 2768/1382/2460 2769/1367/2460
f 2747/1361/2585 2746/1359/2585 2761/1383/2585 2762/1369/2585
f 2774/1377/2231 2773/1375/2231 2788/1384/2231 2789/1385/2231
f 2767/1378/2232 2766/1376/2232 2781/1386/2232 2782/1387/2232
f 2760/1380/2463 2699/1388/2463 2775/1389/2463
f 2895/1390/2234 2774/1377/2234 2789/1385/2234
f 2768/1382/2235 2767/1378/2235 2782/1387/2235 2783/1391/2235
f 2761/1383/2236 2760/1380/2236 2775/1389/2236 2776/1392/2236
f 2769/1367/2237 2768/1382/2237 2783/1391/2237 2784/1393/2237
f 2762/1369/2586 2761/1383/2586 2776/1392/2586 2777/1394/2586
f 2770/1368/2239 2769/1367/2239 2784/1393/2239 2785/1395/2239
f 2763/1370/2587 2762/1369/2587 2777/1394/2587 2778/1396/2587
f 2771/1371/2241 2770/1368/2241 2785/1395/2241 2786/1397/2241
f 2764/1372/2242 2763/1370/2242 2778/1396/2242 2779/1398/2242
f 2772/1373/2243 2771/1371/2243 2786/1397/2243 2787/1399/2243
f 2765/1374/2588 2764/1372/2588 2779/1398/2588 2780/1400/2588
f 2773/1375/2245 2772/1373/2245 2787/1399/2245 2788/1384/2245
f 2766/1376/2246 2765/1374/2246 2780/1400/2246 2781/1386/2246
f 2778/1396/2247 2777/1394/2247 2792/1401/2247 2793/1402/2247
f 2786/1397/2589 2785/1395/2589 2800/1403/2589 2801/1404/2589
f 2779/1398/2590 2778/1396/2590 2793/1402/2590 2794/1405/2590
f 2787/1399/2250 2786/1397/2250 2801/1404/2250 2802/1406/2250
f 2780/1400/2251 2779/1398/2251 2794/1405/2251 2795/1407/2251
f 2788/1384/2252 2787/1399/2252 2802/1406/2252 2803/1408/2252
f 2781/1386/2253 2780/1400/2253 2795/1407/2253 2796/1409/2253
f 2789/1385/2591 2788/1384/2591 2803/1408/2591 2804/1410/2591
f 2782/1387/2255 2781/1386/2255 2796/1409/2255 2797/1411/2255
f 2775/1389/2592 2699/1412/2592 2790/1413/2592
f 2895/1414/2593 2789/1385/2593 2804/1410/2593
f 2783/1391/2258 2782/1387/2258 2797/1411/2258 2798/1415/2258
f 2776/1392/2594 2775/1389/2594 2790/1413/2594 2791/1416/2594
f 2784/1393/2260 2783/1391/2260 2798/1415/2260 2799/1417/2260
f 2777/1394/2261 2776/1392/2261 2791/1416/2261 2792/1401/2261
f 2785/1395/2262 2784/1393/2262 2799/1417/2262 2800/1403/2262
f 2797/1411/2263 2796/1409/2263 2811/1418/2263 2812/1419/2263
f 2790/1413/2595 2699/1420/2595 2805/1421/2595
f 2895/1422/2596 2804/1410/2596 2819/1423/2596
f 2798/1415/2266 2797/1411/2266 2812/1419/2266 2813/1424/2266
f 2791/1416/2597 2790/1413/2597 2805/1421/2597 2806/1425/2597
f 2799/1417/2268 2798/1415/2268 2813/1424/2268 2814/1426/2268
f 2792/1401/2478 2791/1416/2478 2806/1425/2478 2807/1427/2478
f 2800/1403/2270 2799/1417/2270 2814/1426/2270 2815/1428/2270
f 2793/1402/2271 2792/1401/2271 2807/1427/2271 2808/1429/2271
f 2801/1404/2480 2800/1403/2480 2815/1428/2480 2816/1430/2480
f 2794/1405/2273 2793/1402/2273 2808/1429/2273 2809/1431/2273
f 2802/1406/2274 2801/1404/2274 2816/1430/2274 2817/1432/2274
f 2795/1407/2275 2794/1405/2275 2809/1431/2275 2810/1433/2275
f 2803/1408/2276 2802/1406/2276 2817/1432/2276 2818/1434/2276
f 2796/1409/2277 2795/1407/2277 2810/1433/2277 2811/1418/2277
f 2804/1410/2598 2803/1408/2598 2818/1434/2598 2819/1423/2598
f 2816/1430/2279 2815/1428/2279 2830/1435/2279 2831/1436/2279
f 2809/1431/2280 2808/1429/2280 2823/1437/2280 2824/1438/2280
f 2817/1432/2485 2816/1430/2485 2831/1436/2485 2832/1439/2485
f 2810/1433/2282 2809/1431/2282 2824/1438/2282 2825/1440/2282
f 2818/1434/2283 2817/1432/2283 2832/1439/2283 2833/1441/2283
f 2811/1418/2284 2810/1433/2284 2825/1440/2284 2826/1442/2284
f 2819/1423/2285 2818/1434/2285 2833/1441/2285 2834/1443/2285
f 2812/1419/2286 2811/1418/2286 2826/1442/2286 2827/1444/2286
f 2805/1421/2287 2699/1445/2287 2820/1446/2287
f 2895/1447/2599 2819/1423/2599 2834/1443/2599
f 2813/1424/2289 2812/1419/2289 2827/1444/2289 2828/1448/2289
f 2806/1425/2600 2805/1421/2600 2820/1446/2600 2821/1449/2600
f 2814/1426/2291 2813/1424/2291 2828/1448/2291 2829/1450/2291
f 2807/1427/2292 2806/1425/2292 2821/1449/2292 2822/1451/2292
f 2815/1428/2293 2814/1426/2293 2829/1450/2293 2830/1435/2293
f 2808/1429/2294 2807/1427/2294 2822/1451/2294 2823/1437/2294
f 2895/1452/2601 2834/1443/2601 2849/1453/2601
f 2828/1448/2296 2827/1444/2296 2842/1454/2296 2843/1455/2296
f 2821/1449/2602 2820/1446/2602 2835/1456/2602 2836/1457/2602
f 2829/1450/2298 2828/1448/2298 2843/1455/2298 2844/1458/2298
f 2822/1451/2603 2821/1449/2603 2836/1457/2603 2837/1459/2603
f 2830/1435/2300 2829/1450/2300 2844/1458/2300 2845/1460/2300
f 2823/1437/2301 2822/1451/2301 2837/1459/2301 2838/1461/2301
f 2831/1436/2604 2830/1435/2604 2845/1460/2604 2846/1462/2604
f 2824/1438/2303 2823/1437/2303 2838/1461/2303 2839/1463/2303
f 2832/1439/2491 2831/1436/2491 2846/1462/2491 2847/1464/2491
f 2825/1440/2305 2824/1438/2305 2839/1463/2305 2840/1465/2305
f 2833/1441/2306 2832/1439/2306 2847/1464/2306 2848/1466/2306
f 2826/1442/2307 2825/1440/2307 2840/1465/2307 2841/1467/2307
f 2834/1443/2308 2833/1441/2308 2848/1466/2308 2849/1453/2308
f 2827/1444/2309 2826/1442/2309 2841/1467/2309 2842/1454/2309
f 2820/1446/2310 2699/1468/2310 2835/1456/2310
f 2847/1464/2605 2846/1462/2605 2861/1469/2605 2862/1470/2605
f 2840/1465/2312 2839/1463/2312 2854/1471/2312 2855/1472/2312
f 2848/1466/2313 2847/1464/2313 2862/1470/2313 2863/1473/2313
f 2841/1467/2314 2840/1465/2314 2855/1472/2314 2856/1474/2314
f 2849/1453/2606 2848/1466/2606 2863/1473/2606 2864/1475/2606
f 2842/1454/2316 2841/1467/2316 2856/1474/2316 2857/1476/2316
f 2835/1456/2607 2699/1477/2607 2850/1478/2607
f 2895/1479/2608 2849/1453/2608 2864/1475/2608
f 2843/1455/2319 2842/1454/2319 2857/1476/2319 2858/1480/2319
f 2836/1457/2609 2835/1456/2609 2850/1478/2609 2851/1481/2609
f 2844/1458/2321 2843/1455/2321 2858/1480/2321 2859/1482/2321
f 2837/1459/2610 2836/1457/2610 2851/1481/2610 2852/1483/2610
f 2845/1460/2323 2844/1458/2323 2859/1482/2323 2860/1484/2323
f 2838/1461/2324 2837/1459/2324 2852/1483/2324 2853/1485/2324
f 2846/1462/2325 2845/1460/2325 2860/1484/2325 2861/1469/2325
f 2839/1463/2326 2838/1461/2326 2853/1485/2326 2854/1471/2326
f 2851/1481/2611 2850/1478/2611 2865/1486/2611 2866/1487/2611
f 2859/1482/2328 2858/1480/2328 2873/1488/2328 2874/1489/2328
f 2852/1483/2329 2851/1481/2329 2866/1487/2329 2867/1490/2329
f 2860/1484/2330 2859/1482/2330 2874/1489/2330 2875/1491/2330
f 2853/1485/2331 2852/1483/2331 2867/1490/2331 2868/1492/2331
f 2861/1469/2612 2860/1484/2612 2875/1491/2612 2876/1493/2612
f 2854/1471/2613 2853/1485/2613 2868/1492/2613 2869/1494/2613
f 2862/1470/2614 2861/1469/2614 2876/1493/2614 2877/1495/2614
f 2855/1472/2335 2854/1471/2335 2869/1494/2335 2870/1496/2335
f 2863/1473/2336 2862/1470/2336 2877/1495/2336 2878/1497/2336
f 2856/1474/2337 2855/1472/2337 2870/1496/2337 2871/1498/2337
f 2864/1475/2615 2863/1473/2615 2878/1497/2615 2879/1499/2615
f 2857/1476/2339 2856/1474/2339 2871/1498/2339 2872/1500/2339
f 2850/1478/2505 2699/1501/2505 2865/1486/2505
f 2895/1502/2616 2864/1475/2616 2879/1499/2616
f 2858/1480/2342 2857/1476/2342 2872/1500/2342 2873/1488/2342
f 2870/1496/2343 2869/1494/2343 2884/1503/2343 2885/1504/2343
f 2878/1497/2344 2877/1495/2344 2892/1505/2344 2893/1506/2344
f 2871/1498/2345 2870/1496/2345 2885/1504/2345 2886/1507/2345
f 2879/1499/2346 2878/1497/2346 2893/1506/2346 2894/1508/2346
f 2872/1500/2347 2871/1498/2347 2886/1507/2347 2887/1509/2347
f 2865/1486/2617 2699/1510/2617 2880/1511/2617
f 2895/1512/2618 2879/1499/2618 2894/1508/2618
f 2873/1488/2350 2872/1500/2350 2887/1509/2350 2888/1513/2350
f 2866/1487/2351 2865/1486/2351 2880/1511/2351 2881/1514/2351
f 2874/1489/2352 2873/1488/2352 2888/1513/2352 2889/1515/2352
f 2867/1490/2619 2866/1487/2619 2881/1514/2619 2882/1516/2619
f 2875/1491/2354 2874/1489/2354 2889/1515/2354 2890/1517/2354
f 2868/1492/2620 2867/1490/2620 2882/1516/2620 2883/1518/2620
f 2876/1493/2356 2875/1491/2356 2890/1517/2356 2891/1519/2356
f 2869/1494/2357 2868/1492/2357 2883/1518/2357 2884/1503/2357
f 2877/1495/2621 2876/1493/2621 2891/1519/2621 2892/1505/2621
f 2889/1515/2622 2888/1513/2622 2904/1520/2622 2905/1521/2622
f 2882/1516/2360 2881/1514/2360 2897/1522/2360 2898/1523/2360
f 2890/1517/2361 2889/1515/2361 2905/1521/2361 2906/1524/2361
f 2883/1518/2623 2882/1516/2623 2898/1523/2623 2899/1525/2623
f 2891/1519/2363 2890/1517/2363 2906/1524/2363 2907/1526/2363
f 2884/1503/2364 2883/1518/2364 2899/1525/2364 2900/1527/2364
f 2892/1505/2624 2891/1519/2624 2907/1526/2624 2908/1528/2624
f 2885/1504/2366 2884/1503/2366 2900/1527/2366 2901/1529/2366
f 2893/1506/2625 2892/1505/2625 2908/1528/2625 2909/1530/2625
f 2886/1507/2626 2885/1504/2626 2901/1529/2626 2902/1531/2626
f 2894/1508/2369 2893/1506/2369 2909/1530/2369 2910/1532/2369
f 2887/1509/2370 2886/1507/2370 2902/1531/2370 2903/1533/2370
f 2880/1511/2516 2699/1534/2516 2896/1535/2516
f 2895/1536/2372 2894/1508/2372 2910/1532/2372
f 2888/1513/2373 2887/1509/2373 2903/1533/2373 2904/1520/2373
f 2881/1514/2627 2880/1511/2627 2896/1535/2627 2897/1522/2627
f 2909/1530/2628 2908/1528/2628 2923/1537/2628 2924/1538/2628
f 2902/1531/2376 2901/1529/2376 2916/1539/2376 2917/1540/2376
f 2910/1532/2629 2909/1530/2629 2924/1538/2629 2925/1541/2629
f 2903/1533/2630 2902/1531/2630 2917/1540/2630 2918/1542/2630
f 2896/1535/2631 2699/1543/2631 2911/1544/2631
f 2895/1545/2632 2910/1532/2632 2925/1541/2632
f 2904/1520/2633 2903/1533/2633 2918/1542/2633 2919/1546/2633
f 2897/1522/2382 2896/1535/2382 2911/1544/2382 2912/1547/2382
f 2905/1521/2383 2904/1520/2383 2919/1546/2383 2920/1548/2383
f 2898/1523/2634 2897/1522/2634 2912/1547/2634 2913/1549/2634
f 2906/1524/2635 2905/1521/2635 2920/1548/2635 2921/1550/2635
f 2899/1525/2636 2898/1523/2636 2913/1549/2636 2914/1551/2636
f 2907/1526/2387 2906/1524/2387 2921/1550/2387 2922/1552/2387
f 2900/1527/2388 2899/1525/2388 2914/1551/2388 2915/1553/2388
f 2908/1528/2637 2907/1526/2637 2922/1552/2637 2923/1537/2637
f 2901/1529/2638 2900/1527/2638 2915/1553/2638 2916/1539/2638
f 2913/1549/2639 2912/1547/2639 2927/1554/2639 2928/1555/2639
f 2921/1550/2392 2920/1548/2392 2935/1556/2392 2936/1557/2392
f 2914/1551/2393 2913/1549/2393 2928/1555/2393 2929/1558/2393
f 2922/1552/2394 2921/1550/2394 2936/1557/2394 2937/1559/2394
f 2915/1553/2640 2914/1551/2640 2929/1558/2640 2930/1560/2640
f 2923/1537/2641 2922/1552/2641 2937/1559/2641 2938/1561/2641
f 2916/1539/2397 2915/1553/2397 2930/1560/2397 2931/1562/2397
f 2924/1538/2642 2923/1537/2642 2938/1561/2642 2939/1563/2642
f 2917/1540/2643 2916/1539/2643 2931/1562/2643 2932/1564/2643
f 2925/1541/2644 2924/1538/2644 2939/1563/2644 2940/1565/2644
f 2918/1542/2645 2917/1540/2645 2932/1564/2645 2933/1566/2645
f 2911/1544/2402 2699/1567/2402 2926/1568/2402
f 2895/1569/2646 2925/1541/2646 2940/1565/2646
f 2919/1546/2647 2918/1542/2647 2933/1566/2647 2934/1570/2647
f 2912/1547/2405 2911/1544/2405 2926/1568/2405 2927/1554/2405
f 2920/1548/2648 2919/1546/2648 2934/1570/2648 2935/1556/2648
f 2932/1564/2649 2931/1562/2649 2946/1571/2649 2947/1572/2649
f 2940/1565/2650 2939/1563/2650 2954/1573/2650 2955/1574/2650
f 2933/1566/2651 2932/1564/2651 2947/1572/2651 2948/1575/2651
f 2926/1568/2652 2699/1576/2652 2941/1577/2652
f 2895/1578/2653 2940/1565/2653 2955/1574/2653
f 2934/1570/2654 2933/1566/2654 2948/1575/2654 2949/1579/2654
f 2927/1554/2413 2926/1568/2413 2941/1577/2413 2942/1580/2413
f 2935/1556/2655 2934/1570/2655 2949/1579/2655 2950/1581/2655
f 2928/1555/2415 2927/1554/2415 2942/1580/2415 2943/1582/2415
f 2936/1557/2656 2935/1556/2656 2950/1581/2656 2951/1583/2656
f 2929/1558/2657 2928/1555/2657 2943/1582/2657 2944/1584/2657
f 2937/1559/2658 2936/1557/2658 2951/1583/2658 2952/1585/2658
f 2930/1560/2659 2929/1558/2659 2944/1584/2659 2945/1586/2659
f 2938/1561/2420 2937/1559/2420 2952/1585/2420 2953/1587/2420
f 2931/1562/2660 2930/1560/2660 2945/1586/2660 2946/1571/2660
f 2939/1563/2422 2938/1561/2422 2953/1587/2422 2954/1573/2422
f 2701/1319/2423 2702/1323/2423 2703/1327/2423 2704/1331/2423 2705/1306/2423 2706/1305/2423 2707/1311/2423 2708/1317/2423 2709/1321/2423 2710/1325/2423 2711/1329/2423 2712/1302/2423 2713/1301/2423 2714/1309/2423 2895/1316/2423 2955/1574/2423 2954/1573/2423 2953/1587/2423 2952/1585/2423 2951/1583/2423 2950/1581/2423 2949/1579/2423 2948/1575/2423 2947/1572/2423 2946/1571/2423 2945/1586/2423 2944/1584/2423 2943/1582/2423 2942/1580/2423 2941/1577/2423 2699/1576/2423 2700/1313/2423
usemtl 材质.035
f 1169/1261/1159 1172/180/1159 1179/181/1159 1178/182/1159
f 1172/180/1160 1173/183/1160 1180/184/1160 1179/181/1160
f 1173/183/1161 1174/185/1161 1181/186/1161 1180/184/1161
f 1174/185/1162 1175/187/1162 1182/188/1162 1181/186/1162
f 1175/187/1163 1176/189/1163 1183/190/1163 1182/188/1163
f 1176/189/1164 1177/191/1164 1184/192/1164 1183/190/1164
f 1178/182/1165 1179/181/1165 1186/193/1165 1185/194/1165
f 1179/181/1166 1180/184/1166 1187/195/1166 1186/193/1166
f 1180/184/1167 1181/186/1167 1188/196/1167 1187/195/1167
f 1181/186/1168 1182/188/1168 1189/197/1168 1188/196/1168
f 1182/188/1169 1183/190/1169 1190/198/1169 1189/197/1169
f 1183/190/1170 1184/192/1170 1191/199/1170 1190/198/1170
f 1185/194/1171 1186/193/1171 1193/200/1171 1192/201/1171
f 1186/193/1172 1187/195/1172 1194/202/1172 1193/200/1172
f 1187/195/1173 1188/196/1173 1195/203/1173 1194/202/1173
f 1188/196/1174 1189/197/1174 1196/204/1174 1195/203/1174
f 1189/197/1175 1190/198/1175 1197/205/1175 1196/204/1175
f 1190/198/1176 1191/199/1176 1198/206/1176 1197/205/1176
f 1192/201/1177 1193/200/1177 1200/207/1177 1199/208/1177
f 1193/200/1178 1194/202/1178 1201/209/1178 1200/207/1178
f 1194/202/1179 1195/203/1179 1202/210/1179 1201/209/1179
f 1195/203/1180 1196/204/1180 1203/211/1180 1202/210/1180
f 1196/204/1181 1197/205/1181 1204/212/1181 1203/211/1181
f 1197/205/1182 1198/206/1182 1205/213/1182 1204/212/1182
f 1199/208/1183 1200/207/1183 1207/214/1183 1206/215/1183
f 1200/207/1184 1201/209/1184 1208/216/1184 1207/214/1184
f 1201/209/1185 1202/210/1185 1209/217/1185 1208/216/1185
f 1202/210/1186 1203/211/1186 1210/218/1186 1209/217/1186
f 1203/211/1187 1204/212/1187 1211/219/1187 1210/218/1187
f 1204/212/1188 1205/213/1188 1212/220/1188 1211/219/1188
f 1206/215/1189 1207/214/1189 1267/221/1189 1260/222/1189
f 1207/214/1190 1208/216/1190 1274/223/1190 1267/221/1190
f 1208/216/1191 1209/217/1191 1281/224/1191 1274/223/1191
f 1209/217/1192 1210/218/1192 1288/225/1192 1281/224/1192
f 1210/218/1193 1211/219/1193 1295/226/1193 1288/225/1193
f 1211/219/1194 1212/220/1194 1213/227/1194 1295/226/1194
f 1170/228/1195 1214/229/1195 1221/230/1195 1220/231/1195
f 1214/229/1196 1215/232/1196 1222/233/1196 1221/230/1196
f 1215/232/1197 1216/234/1197 1223/235/1197 1222/233/1197
f 1216/234/1198 1217/236/1198 1224/237/1198 1223/235/1198
f 1217/236/1199 1218/1262/1199 1225/239/1199 1224/237/1199
f 1218/1262/1200 1219/240/1200 1226/241/1200 1225/239/1200
f 1220/231/1201 1221/230/1201 1228/242/1201 1227/243/1201
f 1221/230/1202 1222/233/1202 1229/244/1202 1228/242/1202
f 1222/233/1203 1223/235/1203 1230/245/1203 1229/244/1203
f 1223/235/1204 1224/237/1204 1231/246/1204 1230/245/1204
f 1224/237/1205 1225/239/1205 1232/247/1205 1231/246/1205
f 1225/239/1206 1226/241/1206 1233/248/1206 1232/247/1206
f 1227/243/1207 1228/242/1207 1235/249/1207 1234/250/1207
f 1228/242/1208 1229/244/1208 1236/251/1208 1235/249/1208
f 1229/244/1209 1230/245/1209 1237/252/1209 1236/251/1209
f 1230/245/1210 1231/246/1210 1238/253/1210 1237/252/1210
f 1231/246/1211 1232/247/1211 1239/254/1211 1238/253/1211
f 1232/247/1212 1233/248/1212 1240/255/1212 1239/254/1212
f 1234/250/1213 1235/249/1213 1242/256/1213 1241/257/1213
f 1235/249/1214 1236/251/1214 1243/258/1214 1242/256/1214
f 1236/251/1215 1237/252/1215 1244/259/1215 1243/258/1215
f 1237/252/1216 1238/253/1216 1245/260/1216 1244/259/1216
f 1238/253/1217 1239/254/1217 1246/261/1217 1245/260/1217
f 1239/254/1218 1240/255/1218 1247/262/1218 1246/261/1218
f 1241/257/1219 1242/256/1219 1249/263/1219 1248/264/1219
f 1242/256/1220 1243/258/1220 1250/265/1220 1249/263/1220
f 1243/258/1221 1244/259/1221 1251/266/1221 1250/265/1221
f 1244/259/1222 1245/260/1222 1252/267/1222 1251/266/1222
f 1245/260/1223 1246/261/1223 1253/268/1223 1252/267/1223
f 1246/261/1224 1247/262/1224 1254/269/1224 1253/268/1224
f 1248/264/1225 1249/263/1225 1184/270/1225 1177/271/1225
f 1249/263/1226 1250/265/1226 1191/272/1226 1184/270/1226
f 1250/265/1227 1251/266/1227 1198/273/1227 1191/272/1227
f 1251/266/1228 1252/267/1228 1205/274/1228 1198/273/1228
f 1252/267/1229 1253/268/1229 1212/275/1229 1205/274/1229
f 1253/268/1230 1254/269/1230 1213/276/1230 1212/275/1230
f 1171/277/1231 1255/278/1231 1262/279/1231 1261/280/1231
f 1255/278/1232 1256/281/1232 1263/282/1232 1262/279/1232
f 1256/281/1233 1257/283/1233 1264/284/1233 1263/282/1233
f 1257/283/1234 1258/285/1234 1265/286/1234 1264/284/1234
f 1258/285/1235 1259/287/1235 1266/288/1235 1265/286/1235
f 1259/287/1236 1260/289/1236 1267/290/1236 1266/288/1236
f 1261/280/1237 1262/279/1237 1269/291/1237 1268/292/1237
f 1262/279/1238 1263/282/1238 1270/293/1238 1269/291/1238
f 1263/282/1239 1264/284/1239 1271/294/1239 1270/293/1239
f 1264/284/1240 1265/286/1240 1272/295/1240 1271/294/1240
f 1265/286/1241 1266/288/1241 1273/296/1241 1272/295/1241
f 1266/288/1242 1267/290/1242 1274/297/1242 1273/296/1242
f 1268/292/1243 1269/291/1243 1276/298/1243 1275/299/1243
f 1269/291/1244 1270/293/1244 1277/300/1244 1276/298/1244
f 1270/293/1245 1271/294/1245 1278/301/1245 1277/300/1245
f 1271/294/1246 1272/295/1246 1279/302/1246 1278/301/1246
f 1272/295/1247 1273/296/1247 1280/303/1247 1279/302/1247
f 1273/296/1248 1274/297/1248 1281/304/1248 1280/303/1248
f 1275/299/1249 1276/298/1249 1283/305/1249 1282/306/1249
f 1276/298/1250 1277/300/1250 1284/307/1250 1283/305/1250
f 1277/300/1251 1278/301/1251 1285/308/1251 1284/307/1251
f 1278/301/1252 1279/302/1252 1286/309/1252 1285/308/1252
f 1279/302/1253 1280/303/1253 1287/310/1253 1286/309/1253
f 1280/303/1254 1281/304/1254 1288/311/1254 1287/310/1254
f 1282/306/1255 1283/305/1255 1290/312/1255 1289/313/1255
f 1283/305/1256 1284/307/1256 1291/314/1256 1290/312/1256
f 1284/307/1257 1285/308/1257 1292/315/1257 1291/314/1257
f 1285/308/1258 1286/309/1258 1293/316/1258 1292/315/1258
f 1286/309/1259 1287/310/1259 1294/317/1259 1293/316/1259
f 1287/310/1260 1288/311/1260 1295/318/1260 1294/317/1260
f 1289/313/1261 1290/312/1261 1226/319/1261 1219/320/1261
f 1290/312/1262 1291/314/1262 1233/321/1262 1226/319/1262
f 1291/314/1263 1292/315/1263 1240/322/1263 1233/321/1263
f 1292/315/1264 1293/316/1264 1247/323/1264 1240/322/1264
f 1293/316/1265 1294/317/1265 1254/324/1265 1247/323/1265
f 1294/317/1266 1295/318/1266 1213/325/1266 1254/324/1266
f 1296/326/1267 1299/327/1267 1306/328/1267 1305/329/1267
f 1299/327/1268 1300/330/1268 1307/331/1268 1306/328/1268
f 1300/330/1269 1301/332/1269 1308/333/1269 1307/331/1269
f 1301/332/1270 1302/334/1270 1309/335/1270 1308/333/1270
f 1302/334/1271 1303/336/1271 1310/337/1271 1309/335/1271
f 1303/336/1272 1304/338/1272 1311/339/1272 1310/337/1272
f 1305/329/1273 1306/328/1273 1313/340/1273 1312/341/1273
f 1306/328/1274 1307/331/1274 1314/342/1274 1313/340/1274
f 1307/331/1275 1308/333/1275 1315/343/1275 1314/342/1275
f 1308/333/1276 1309/335/1276 1316/344/1276 1315/343/1276
f 1309/335/1277 1310/337/1277 1317/345/1277 1316/344/1277
f 1310/337/1278 1311/339/1278 1318/346/1278 1317/345/1278
f 1312/341/1279 1313/340/1279 1320/347/1279 1319/348/1279
f 1313/340/1280 1314/342/1280 1321/349/1280 1320/347/1280
f 1314/342/1281 1315/343/1281 1322/350/1281 1321/349/1281
f 1315/343/1282 1316/344/1282 1323/351/1282 1322/350/1282
f 1316/344/1283 1317/345/1283 1324/352/1283 1323/351/1283
f 1317/345/1284 1318/346/1284 1325/353/1284 1324/352/1284
f 1319/348/1285 1320/347/1285 1327/354/1285 1326/355/1285
f 1320/347/1286 1321/349/1286 1328/356/1286 1327/354/1286
f 1321/349/1287 1322/350/1287 1329/357/1287 1328/356/1287
f 1322/350/1288 1323/351/1288 1330/358/1288 1329/357/1288
f 1323/351/1289 1324/352/1289 1331/359/1289 1330/358/1289
f 1324/352/1290 1325/353/1290 1332/360/1290 1331/359/1290
f 1326/355/1291 1327/354/1291 1334/361/1291 1333/362/1291
f 1327/354/1292 1328/356/1292 1335/363/1292 1334/361/1292
f 1328/356/1293 1329/357/1293 1336/364/1293 1335/363/1293
f 1329/357/1294 1330/358/1294 1337/365/1294 1336/364/1294
f 1330/358/1295 1331/359/1295 1338/366/1295 1337/365/1295
f 1331/359/1296 1332/360/1296 1339/367/1296 1338/366/1296
f 1333/362/1297 1334/361/1297 1394/368/1297 1387/369/1297
f 1334/361/1298 1335/363/1298 1401/370/1298 1394/368/1298
f 1335/363/1299 1336/364/1299 1408/371/1299 1401/370/1299
f 1336/364/1300 1337/365/1300 1415/372/1300 1408/371/1300
f 1337/365/1301 1338/366/1301 1422/373/1301 1415/372/1301
f 1338/366/1302 1339/367/1302 1340/374/1302 1422/373/1302
f 1297/1263/1303 1341/376/1303 1348/377/1303 1347/1264/1303
f 1341/376/1304 1342/1265/1304 1349/380/1304 1348/377/1304
f 1342/1265/1305 1343/381/1305 1350/382/1305 1349/380/1305
f 1343/381/1306 1344/383/1306 1351/384/1306 1350/382/1306
f 1344/383/1307 1345/385/1307 1352/386/1307 1351/384/1307
f 1345/385/1308 1346/387/1308 1353/388/1308 1352/386/1308
f 1347/1264/1309 1348/377/1309 1355/389/1309 1354/390/1309
f 1348/377/1310 1349/380/1310 1356/391/1310 1355/389/1310
f 1349/380/1311 1350/382/1311 1357/392/1311 1356/391/1311
f 1350/382/1312 1351/384/1312 1358/393/1312 1357/392/1312
f 1351/384/1313 1352/386/1313 1359/394/1313 1358/393/1313
f 1352/386/1314 1353/388/1314 1360/395/1314 1359/394/1314
f 1354/390/1315 1355/389/1315 1362/396/1315 1361/397/1315
f 1355/389/1316 1356/391/1316 1363/398/1316 1362/396/1316
f 1356/391/1317 1357/392/1317 1364/399/1317 1363/398/1317
f 1357/392/1318 1358/393/1318 1365/400/1318 1364/399/1318
f 1358/393/1319 1359/394/1319 1366/401/1319 1365/400/1319
f 1359/394/1320 1360/395/1320 1367/402/1320 1366/401/1320
f 1361/397/1321 1362/396/1321 1369/403/1321 1368/1266/1321
f 1362/396/1322 1363/398/1322 1370/405/1322 1369/403/1322
f 1363/398/1323 1364/399/1323 1371/406/1323 1370/405/1323
f 1364/399/1324 1365/400/1324 1372/407/1324 1371/406/1324
f 1365/400/1325 1366/401/1325 1373/408/1325 1372/407/1325
f 1366/401/1326 1367/402/1326 1374/409/1326 1373/408/1326
f 1368/1266/1327 1369/403/1327 1376/410/1327 1375/411/1327
f 1369/403/1328 1370/405/1328 1377/412/1328 1376/410/1328
f 1370/405/1329 1371/406/1329 1378/413/1329 1377/412/1329
f 1371/406/1330 1372/407/1330 1379/414/1330 1378/413/1330
f 1372/407/1331 1373/408/1331 1380/415/1331 1379/414/1331
f 1373/408/1332 1374/409/1332 1381/416/1332 1380/415/1332
f 1375/411/1333 1376/410/1333 1311/417/1333 1304/418/1333
f 1376/410/1334 1377/412/1334 1318/419/1334 1311/417/1334
f 1377/412/1335 1378/413/1335 1325/420/1335 1318/419/1335
f 1378/413/1336 1379/414/1336 1332/421/1336 1325/420/1336
f 1379/414/1337 1380/415/1337 1339/422/1337 1332/421/1337
f 1380/415/1338 1381/416/1338 1340/423/1338 1339/422/1338
f 1298/424/1339 1382/1267/1339 1389/426/1339 1388/427/1339
f 1382/1267/1340 1383/428/1340 1390/429/1340 1389/426/1340
f 1383/428/1341 1384/430/1341 1391/431/1341 1390/429/1341
f 1384/430/1342 1385/432/1342 1392/433/1342 1391/431/1342
f 1385/432/1343 1386/434/1343 1393/435/1343 1392/433/1343
f 1386/434/1344 1387/436/1344 1394/437/1344 1393/435/1344
f 1388/427/1345 1389/426/1345 1396/438/1345 1395/439/1345
f 1389/426/1346 1390/429/1346 1397/440/1346 1396/438/1346
f 1390/429/1347 1391/431/1347 1398/441/1347 1397/440/1347
f 1391/431/1348 1392/433/1348 1399/442/1348 1398/441/1348
f 1392/433/1349 1393/435/1349 1400/443/1349 1399/442/1349
f 1393/435/1350 1394/437/1350 1401/444/1350 1400/443/1350
f 1395/439/1351 1396/438/1351 1403/445/1351 1402/446/1351
f 1396/438/1352 1397/440/1352 1404/447/1352 1403/445/1352
f 1397/440/1353 1398/441/1353 1405/448/1353 1404/447/1353
f 1398/441/1354 1399/442/1354 1406/449/1354 1405/448/1354
f 1399/442/1355 1400/443/1355 1407/450/1355 1406/449/1355
f 1400/443/1356 1401/444/1356 1408/451/1356 1407/450/1356
f 1402/446/1357 1403/445/1357 1410/452/1357 1409/453/1357
f 1403/445/1358 1404/447/1358 1411/454/1358 1410/452/1358
f 1404/447/1359 1405/448/1359 1412/455/1359 1411/454/1359
f 1405/448/1360 1406/449/1360 1413/456/1360 1412/455/1360
f 1406/449/1361 1407/450/1361 1414/457/1361 1413/456/1361
f 1407/450/1362 1408/451/1362 1415/458/1362 1414/457/1362
f 1409/453/1363 1410/452/1363 1417/459/1363 1416/460/1363
f 1410/452/1364 1411/454/1364 1418/461/1364 1417/459/1364
f 1411/454/1365 1412/455/1365 1419/462/1365 1418/461/1365
f 1412/455/1366 1413/456/1366 1420/463/1366 1419/462/1366
f 1413/456/1367 1414/457/1367 1421/464/1367 1420/463/1367
f 1414/457/1368 1415/458/1368 1422/465/1368 1421/464/1368
f 1416/460/1369 1417/459/1369 1353/466/1369 1346/467/1369
f 1417/459/1370 1418/461/1370 1360/468/1370 1353/466/1370
f 1418/461/1371 1419/462/1371 1367/469/1371 1360/468/1371
f 1419/462/1372 1420/463/1372 1374/470/1372 1367/469/1372
f 1420/463/1373 1421/464/1373 1381/471/1373 1374/470/1373
f 1421/464/1374 1422/465/1374 1340/472/1374 1381/471/1374
f 1423/473/1375 1426/474/1375 1433/475/1375 1432/1268/1375
f 1426/474/1376 1427/1269/1376 1434/478/1376 1433/475/1376
f 1427/1269/1377 1428/479/1377 1435/480/1377 1434/478/1377
f 1428/479/1378 1429/481/1378 1436/482/1378 1435/480/1378
f 1429/481/1379 1430/483/1379 1437/484/1379 1436/482/1379
f 1430/483/1380 1431/485/1380 1438/486/1380 1437/484/1380
f 1432/1268/1381 1433/475/1381 1440/487/1381 1439/488/1381
f 1433/475/1382 1434/478/1382 1441/489/1382 1440/487/1382
f 1434/478/1383 1435/480/1383 1442/490/1383 1441/489/1383
f 1435/480/1384 1436/482/1384 1443/491/1384 1442/490/1384
f 1436/482/1385 1437/484/1385 1444/492/1385 1443/491/1385
f 1437/484/1386 1438/486/1386 1445/493/1386 1444/492/1386
f 1439/488/1387 1440/487/1387 1447/494/1387 1446/495/1387
f 1440/487/1388 1441/489/1388 1448/496/1388 1447/494/1388
f 1441/489/1389 1442/490/1389 1449/497/1389 1448/496/1389
f 1442/490/1390 1443/491/1390 1450/498/1390 1449/497/1390
f 1443/491/1391 1444/492/1391 1451/499/1391 1450/498/1391
f 1444/492/1392 1445/493/1392 1452/500/1392 1451/499/1392
f 1446/495/1393 1447/494/1393 1454/501/1393 1453/502/1393
f 1447/494/1394 1448/496/1394 1455/503/1394 1454/501/1394
f 1448/496/1395 1449/497/1395 1456/504/1395 1455/503/1395
f 1449/497/1396 1450/498/1396 1457/505/1396 1456/504/1396
f 1450/498/1397 1451/499/1397 1458/506/1397 1457/505/1397
f 1451/499/1398 1452/500/1398 1459/507/1398 1458/506/1398
f 1453/502/1399 1454/501/1399 1461/508/1399 1460/509/1399
f 1454/501/1400 1455/503/1400 1462/510/1400 1461/508/1400
f 1455/503/1401 1456/504/1401 1463/511/1401 1462/510/1401
f 1456/504/1402 1457/505/1402 1464/512/1402 1463/511/1402
f 1457/505/1403 1458/506/1403 1465/513/1403 1464/512/1403
f 1458/506/1404 1459/507/1404 1466/514/1404 1465/513/1404
f 1460/509/1405 1461/508/1405 1521/515/1405 1514/516/1405
f 1461/508/1406 1462/510/1406 1528/517/1406 1521/515/1406
f 1462/510/1407 1463/511/1407 1535/518/1407 1528/517/1407
f 1463/511/1408 1464/512/1408 1542/519/1408 1535/518/1408
f 1464/512/1409 1465/513/1409 1549/520/1409 1542/519/1409
f 1465/513/1410 1466/514/1410 1467/521/1410 1549/520/1410
f 1424/522/1411 1468/523/1411 1475/524/1411 1474/525/1411
f 1468/523/1412 1469/526/1412 1476/527/1412 1475/524/1412
f 1469/526/1413 1470/528/1413 1477/529/1413 1476/527/1413
f 1470/528/1414 1471/530/1414 1478/531/1414 1477/529/1414
f 1471/530/1415 1472/532/1415 1479/533/1415 1478/531/1415
f 1472/532/1416 1473/534/1416 1480/535/1416 1479/533/1416
f 1474/525/1417 1475/524/1417 1482/536/1417 1481/537/1417
f 1475/524/1418 1476/527/1418 1483/538/1418 1482/536/1418
f 1476/527/1419 1477/529/1419 1484/539/1419 1483/538/1419
f 1477/529/1420 1478/531/1420 1485/540/1420 1484/539/1420
f 1478/531/1421 1479/533/1421 1486/541/1421 1485/540/1421
f 1479/533/1422 1480/535/1422 1487/542/1422 1486/541/1422
f 1481/537/1423 1482/536/1423 1489/543/1423 1488/544/1423
f 1482/536/1424 1483/538/1424 1490/545/1424 1489/543/1424
f 1483/538/1425 1484/539/1425 1491/546/1425 1490/545/1425
f 1484/539/1426 1485/540/1426 1492/547/1426 1491/546/1426
f 1485/540/1427 1486/541/1427 1493/548/1427 1492/547/1427
f 1486/541/1428 1487/542/1428 1494/549/1428 1493/548/1428
f 1488/544/1429 1489/543/1429 1496/550/1429 1495/551/1429
f 1489/543/1430 1490/545/1430 1497/552/1430 1496/550/1430
f 1490/545/1431 1491/546/1431 1498/553/1431 1497/552/1431
f 1491/546/1432 1492/547/1432 1499/554/1432 1498/553/1432
f 1492/547/1433 1493/548/1433 1500/555/1433 1499/554/1433
f 1493/548/1434 1494/549/1434 1501/556/1434 1500/555/1434
f 1495/551/1435 1496/550/1435 1503/557/1435 1502/558/1435
f 1496/550/1436 1497/552/1436 1504/559/1436 1503/557/1436
f 1497/552/1437 1498/553/1437 1505/560/1437 1504/559/1437
f 1498/553/1438 1499/554/1438 1506/561/1438 1505/560/1438
f 1499/554/1439 1500/555/1439 1507/562/1439 1506/561/1439
f 1500/555/1440 1501/556/1440 1508/1270/1440 1507/562/1440
f 1502/558/1441 1503/557/1441 1438/564/1441 1431/565/1441
f 1503/557/1442 1504/559/1442 1445/566/1442 1438/564/1442
f 1504/559/1443 1505/560/1443 1452/567/1443 1445/566/1443
f 1505/560/1444 1506/561/1444 1459/568/1444 1452/567/1444
f 1506/561/1445 1507/562/1445 1466/569/1445 1459/568/1445
f 1507/562/1446 1508/1270/1446 1467/570/1446 1466/569/1446
f 1425/571/1447 1509/572/1447 1516/573/1447 1515/574/1447
f 1509/572/1448 1510/575/1448 1517/576/1448 1516/573/1448
f 1510/575/1449 1511/577/1449 1518/578/1449 1517/576/1449
f 1511/577/1450 1512/579/1450 1519/580/1450 1518/578/1450
f 1512/579/1451 1513/581/1451 1520/582/1451 1519/580/1451
f 1513/581/1452 1514/583/1452 1521/584/1452 1520/582/1452
f 1515/574/1453 1516/573/1453 1523/585/1453 1522/586/1453
f 1516/573/1454 1517/576/1454 1524/587/1454 1523/585/1454
f 1517/576/1455 1518/578/1455 1525/588/1455 1524/587/1455
f 1518/578/1456 1519/580/1456 1526/589/1456 1525/588/1456
f 1519/580/1457 1520/582/1457 1527/590/1457 1526/589/1457
f 1520/582/1458 1521/584/1458 1528/591/1458 1527/590/1458
f 1522/586/1459 1523/585/1459 1530/592/1459 1529/593/1459
f 1523/585/1460 1524/587/1460 1531/594/1460 1530/592/1460
f 1524/587/1461 1525/588/1461 1532/595/1461 1531/594/1461
f 1525/588/1462 1526/589/1462 1533/596/1462 1532/595/1462
f 1526/589/1463 1527/590/1463 1534/597/1463 1533/596/1463
f 1527/590/1464 1528/591/1464 1535/598/1464 1534/597/1464
f 1529/593/1465 1530/592/1465 1537/599/1465 1536/600/1465
f 1530/592/1466 1531/594/1466 1538/601/1466 1537/599/1466
f 1531/594/1467 1532/595/1467 1539/602/1467 1538/601/1467
f 1532/595/1468 1533/596/1468 1540/603/1468 1539/602/1468
f 1533/596/1469 1534/597/1469 1541/604/1469 1540/603/1469
f 1534/597/1470 1535/598/1470 1542/605/1470 1541/604/1470
f 1536/600/1471 1537/599/1471 1544/606/1471 1543/607/1471
f 1537/599/1472 1538/601/1472 1545/608/1472 1544/606/1472
f 1538/601/1473 1539/602/1473 1546/609/1473 1545/608/1473
f 1539/602/1474 1540/603/1474 1547/610/1474 1546/609/1474
f 1540/603/1475 1541/604/1475 1548/611/1475 1547/610/1475
f 1541/604/1476 1542/605/1476 1549/612/1476 1548/611/1476
f 1543/607/1477 1544/606/1477 1480/535/1477 1473/534/1477
f 1544/606/1478 1545/608/1478 1487/542/1478 1480/535/1478
f 1545/608/1479 1546/609/1479 1494/549/1479 1487/542/1479
f 1546/609/1480 1547/610/1480 1501/556/1480 1494/549/1480
f 1547/610/1481 1548/611/1481 1508/1270/1481 1501/556/1481
f 1548/611/1482 1549/612/1482 1467/570/1482 1508/1270/1482
f 1550/613/1483 1553/614/1483 1560/615/1483 1559/616/1483
f 1553/614/1484 1554/617/1484 1561/618/1484 1560/615/1484
f 1554/617/1485 1555/619/1485 1562/620/1485 1561/618/1485
f 1555/619/1486 1556/621/1486 1563/622/1486 1562/620/1486
f 1556/621/1487 1557/623/1487 1564/624/1487 1563/622/1487
f 1557/623/1488 1558/625/1488 1565/626/1488 1564/624/1488
f 1559/616/1489 1560/615/1489 1567/627/1489 1566/628/1489
f 1560/615/1490 1561/618/1490 1568/629/1490 1567/627/1490
f 1561/618/1491 1562/620/1491 1569/630/1491 1568/629/1491
f 1562/620/1492 1563/622/1492 1570/631/1492 1569/630/1492
f 1563/622/1493 1564/624/1493 1571/632/1493 1570/631/1493
f 1564/624/1494 1565/626/1494 1572/633/1494 1571/632/1494
f 1566/628/1495 1567/627/1495 1574/634/1495 1573/1271/1495
f 1567/627/1496 1568/629/1496 1575/636/1496 1574/634/1496
f 1568/629/1497 1569/630/1497 1576/637/1497 1575/636/1497
f 1569/630/1498 1570/631/1498 1577/638/1498 1576/637/1498
f 1570/631/1499 1571/632/1499 1578/639/1499 1577/638/1499
f 1571/632/1500 1572/633/1500 1579/640/1500 1578/639/1500
f 1573/1271/1501 1574/634/1501 1581/641/1501 1580/642/1501
f 1574/634/1502 1575/636/1502 1582/643/1502 1581/641/1502
f 1575/636/1503 1576/637/1503 1583/644/1503 1582/643/1503
f 1576/637/1504 1577/638/1504 1584/645/1504 1583/644/1504
f 1577/638/1505 1578/639/1505 1585/646/1505 1584/645/1505
f 1578/639/1506 1579/640/1506 1586/647/1506 1585/646/1506
f 1580/642/1507 1581/641/1507 1588/648/1507 1587/649/1507
f 1581/641/1508 1582/643/1508 1589/650/1508 1588/648/1508
f 1582/643/1509 1583/644/1509 1590/651/1509 1589/650/1509
f 1583/644/1510 1584/645/1510 1591/652/1510 1590/651/1510
f 1584/645/1511 1585/646/1511 1592/653/1511 1591/652/1511
f 1585/646/1512 1586/647/1512 1593/654/1512 1592/653/1512
f 1587/649/1513 1588/648/1513 1648/655/1513 1641/656/1513
f 1588/648/1514 1589/650/1514 1655/657/1514 1648/655/1514
f 1589/650/1515 1590/651/1515 1662/658/1515 1655/657/1515
f 1590/651/1516 1591/652/1516 1669/659/1516 1662/658/1516
f 1591/652/1517 1592/653/1517 1676/660/1517 1669/659/1517
f 1592/653/1518 1593/654/1518 1594/661/1518 1676/660/1518
f 1551/662/1519 1595/663/1519 1602/664/1519 1601/1272/1519
f 1595/663/1520 1596/666/1520 1603/667/1520 1602/664/1520
f 1596/666/1521 1597/668/1521 1604/669/1521 1603/667/1521
f 1597/668/1522 1598/670/1522 1605/671/1522 1604/669/1522
f 1598/670/1523 1599/672/1523 1606/673/1523 1605/671/1523
f 1599/672/1524 1600/674/1524 1607/675/1524 1606/673/1524
f 1601/1272/1525 1602/664/1525 1609/676/1525 1608/677/1525
f 1602/664/1526 1603/667/1526 1610/678/1526 1609/676/1526
f 1603/667/1527 1604/669/1527 1611/679/1527 1610/678/1527
f 1604/669/1528 1605/671/1528 1612/680/1528 1611/679/1528
f 1605/671/1529 1606/673/1529 1613/681/1529 1612/680/1529
f 1606/673/1530 1607/675/1530 1614/682/1530 1613/681/1530
f 1608/677/1531 1609/676/1531 1616/683/1531 1615/684/1531
f 1609/676/1532 1610/678/1532 1617/685/1532 1616/683/1532
f 1610/678/1533 1611/679/1533 1618/686/1533 1617/685/1533
f 1611/679/1534 1612/680/1534 1619/687/1534 1618/686/1534
f 1612/680/1535 1613/681/1535 1620/688/1535 1619/687/1535
f 1613/681/1536 1614/682/1536 1621/689/1536 1620/688/1536
f 1615/684/1537 1616/683/1537 1623/690/1537 1622/691/1537
f 1616/683/1538 1617/685/1538 1624/692/1538 1623/690/1538
f 1617/685/1539 1618/686/1539 1625/693/1539 1624/692/1539
f 1618/686/1540 1619/687/1540 1626/694/1540 1625/693/1540
f 1619/687/1541 1620/688/1541 1627/695/1541 1626/694/1541
f 1620/688/1542 1621/689/1542 1628/696/1542 1627/695/1542
f 1622/691/1543 1623/690/1543 1630/697/1543 1629/698/1543
f 1623/690/1544 1624/692/1544 1631/699/1544 1630/697/1544
f 1624/692/1545 1625/693/1545 1632/700/1545 1631/699/1545
f 1625/693/1546 1626/694/1546 1633/701/1546 1632/700/1546
f 1626/694/1547 1627/695/1547 1634/702/1547 1633/701/1547
f 1627/695/1548 1628/696/1548 1635/703/1548 1634/702/1548
f 1629/698/1549 1630/697/1549 1565/704/1549 1558/705/1549
f 1630/697/1550 1631/699/1550 1572/706/1550 1565/704/1550
f 1631/699/1551 1632/700/1551 1579/707/1551 1572/706/1551
f 1632/700/1552 1633/701/1552 1586/708/1552 1579/707/1552
f 1633/701/1553 1634/702/1553 1593/709/1553 1586/708/1553
f 1634/702/1554 1635/703/1554 1594/710/1554 1593/709/1554
f 1552/711/1555 1636/712/1555 1643/713/1555 1642/714/1555
f 1636/712/1556 1637/715/1556 1644/716/1556 1643/713/1556
f 1637/715/1557 1638/717/1557 1645/718/1557 1644/716/1557
f 1638/717/1558 1639/719/1558 1646/720/1558 1645/718/1558
f 1639/719/1559 1640/721/1559 1647/722/1559 1646/720/1559
f 1640/721/1560 1641/723/1560 1648/724/1560 1647/722/1560
f 1642/714/1561 1643/713/1561 1650/725/1561 1649/726/1561
f 1643/713/1562 1644/716/1562 1651/727/1562 1650/725/1562
f 1644/716/1563 1645/718/1563 1652/728/1563 1651/727/1563
f 1645/718/1564 1646/720/1564 1653/729/1564 1652/728/1564
f 1646/720/1565 1647/722/1565 1654/730/1565 1653/729/1565
f 1647/722/1566 1648/724/1566 1655/731/1566 1654/730/1566
f 1649/726/1567 1650/725/1567 1657/732/1567 1656/733/1567
f 1650/725/1568 1651/727/1568 1658/734/1568 1657/732/1568
f 1651/727/1569 1652/728/1569 1659/735/1569 1658/734/1569
f 1652/728/1570 1653/729/1570 1660/736/1570 1659/735/1570
f 1653/729/1571 1654/730/1571 1661/737/1571 1660/736/1571
f 1654/730/1572 1655/731/1572 1662/738/1572 1661/737/1572
f 1656/733/1573 1657/732/1573 1664/739/1573 1663/740/1573
f 1657/732/1574 1658/734/1574 1665/741/1574 1664/739/1574
f 1658/734/1575 1659/735/1575 1666/742/1575 1665/741/1575
f 1659/735/1576 1660/736/1576 1667/743/1576 1666/742/1576
f 1660/736/1577 1661/737/1577 1668/744/1577 1667/743/1577
f 1661/737/1578 1662/738/1578 1669/745/1578 1668/744/1578
f 1663/740/1579 1664/739/1579 1671/746/1579 1670/1273/1579
f 1664/739/1580 1665/741/1580 1672/748/1580 1671/746/1580
f 1665/741/1581 1666/742/1581 1673/749/1581 1672/748/1581
f 1666/742/1582 1667/743/1582 1674/750/1582 1673/749/1582
f 1667/743/1583 1668/744/1583 1675/751/1583 1674/750/1583
f 1668/744/1584 1669/745/1584 1676/752/1584 1675/751/1584
f 1670/1273/1585 1671/746/1585 1607/675/1585 1600/674/1585
f 1671/746/1586 1672/748/1586 1614/682/1586 1607/675/1586
f 1672/748/1587 1673/749/1587 1621/689/1587 1614/682/1587
f 1673/749/1588 1674/750/1588 1628/696/1588 1621/689/1588
f 1674/750/1589 1675/751/1589 1635/703/1589 1628/696/1589
f 1675/751/1590 1676/752/1590 1594/710/1590 1635/703/1590
f 1677/753/1591 1680/754/1591 1687/755/1591 1686/756/1591
f 1680/754/1592 1681/757/1592 1688/758/1592 1687/755/1592
f 1681/757/1593 1682/759/1593 1689/760/1593 1688/758/1593
f 1682/759/1594 1683/761/1594 1690/762/1594 1689/760/1594
f 1683/761/1595 1684/763/1595 1691/764/1595 1690/762/1595
f 1684/763/1596 1685/765/1596 1692/766/1596 1691/764/1596
f 1686/756/1597 1687/755/1597 1694/767/1597 1693/768/1597
f 1687/755/1598 1688/758/1598 1695/769/1598 1694/767/1598
f 1688/758/1599 1689/760/1599 1696/770/1599 1695/769/1599
f 1689/760/1600 1690/762/1600 1697/771/1600 1696/770/1600
f 1690/762/1601 1691/764/1601 1698/772/1601 1697/771/1601
f 1691/764/1602 1692/766/1602 1699/1274/1602 1698/772/1602
f 1693/768/1603 1694/767/1603 1701/774/1603 1700/775/1603
f 1694/767/1604 1695/769/1604 1702/776/1604 1701/774/1604
f 1695/769/1605 1696/770/1605 1703/777/1605 1702/776/1605
f 1696/770/1606 1697/771/1606 1704/778/1606 1703/777/1606
f 1697/771/1607 1698/772/1607 1705/779/1607 1704/778/1607
f 1698/772/1608 1699/1274/1608 1706/780/1608 1705/779/1608
f 1700/775/1609 1701/774/1609 1708/781/1609 1707/782/1609
f 1701/774/1610 1702/776/1610 1709/783/1610 1708/781/1610
f 1702/776/1611 1703/777/1611 1710/784/1611 1709/783/1611
f 1703/777/1612 1704/778/1612 1711/785/1612 1710/784/1612
f 1704/778/1613 1705/779/1613 1712/786/1613 1711/785/1613
f 1705/779/1614 1706/780/1614 1713/787/1614 1712/786/1614
f 1707/782/1615 1708/781/1615 1715/788/1615 1714/789/1615
f 1708/781/1616 1709/783/1616 1716/790/1616 1715/788/1616
f 1709/783/1617 1710/784/1617 1717/791/1617 1716/790/1617
f 1710/784/1618 1711/785/1618 1718/792/1618 1717/791/1618
f 1711/785/1619 1712/786/1619 1719/793/1619 1718/792/1619
f 1712/786/1620 1713/787/1620 1720/1275/1620 1719/793/1620
f 1714/789/1621 1715/788/1621 1775/795/1621 1768/796/1621
f 1715/788/1622 1716/790/1622 1782/797/1622 1775/795/1622
f 1716/790/1623 1717/791/1623 1789/798/1623 1782/797/1623
f 1717/791/1624 1718/792/1624 1796/799/1624 1789/798/1624
f 1718/792/1625 1719/793/1625 1803/800/1625 1796/799/1625
f 1719/793/1626 1720/1275/1626 1721/801/1626 1803/800/1626
f 1678/802/1627 1722/803/1627 1729/804/1627 1728/805/1627
f 1722/803/1628 1723/806/1628 1730/807/1628 1729/804/1628
f 1723/806/1629 1724/808/1629 1731/809/1629 1730/807/1629
f 1724/808/1630 1725/810/1630 1732/811/1630 1731/809/1630
f 1725/810/1631 1726/812/1631 1733/813/1631 1732/811/1631
f 1726/812/1632 1727/814/1632 1734/1276/1632 1733/813/1632
f 1728/805/1633 1729/804/1633 1736/816/1633 1735/1277/1633
f 1729/804/1634 1730/807/1634 1737/818/1634 1736/816/1634
f 1730/807/1635 1731/809/1635 1738/819/1635 1737/818/1635
f 1731/809/1636 1732/811/1636 1739/820/1636 1738/819/1636
f 1732/811/1637 1733/813/1637 1740/821/1637 1739/820/1637
f 1733/813/1638 1734/1276/1638 1741/1278/1638 1740/821/1638
f 1735/1277/1639 1736/816/1639 1743/823/1639 1742/824/1639
f 1736/816/1640 1737/818/1640 1744/825/1640 1743/823/1640
f 1737/818/1641 1738/819/1641 1745/826/1641 1744/825/1641
f 1738/819/1642 1739/820/1642 1746/827/1642 1745/826/1642
f 1739/820/1643 1740/821/1643 1747/828/1643 1746/827/1643
f 1740/821/1644 1741/1278/1644 1748/829/1644 1747/828/1644
f 1742/824/1645 1743/823/1645 1750/830/1645 1749/831/1645
f 1743/823/1646 1744/825/1646 1751/832/1646 1750/830/1646
f 1744/825/1647 1745/826/1647 1752/833/1647 1751/832/1647
f 1745/826/1648 1746/827/1648 1753/834/1648 1752/833/1648
f 1746/827/1649 1747/828/1649 1754/835/1649 1753/834/1649
f 1747/828/1650 1748/829/1650 1755/836/1650 1754/835/1650
f 1749/831/1651 1750/830/1651 1757/837/1651 1756/1279/1651
f 1750/830/1652 1751/832/1652 1758/839/1652 1757/837/1652
f 1751/832/1653 1752/833/1653 1759/840/1653 1758/839/1653
f 1752/833/1654 1753/834/1654 1760/841/1654 1759/840/1654
f 1753/834/1655 1754/835/1655 1761/842/1655 1760/841/1655
f 1754/835/1656 1755/836/1656 1762/843/1656 1761/842/1656
f 1756/1279/1657 1757/837/1657 1692/766/1657 1685/765/1657
f 1757/837/1658 1758/839/1658 1699/1274/1658 1692/766/1658
f 1758/839/1659 1759/840/1659 1706/780/1659 1699/1274/1659
f 1759/840/1660 1760/841/1660 1713/787/1660 1706/780/1660
f 1760/841/1661 1761/842/1661 1720/1275/1661 1713/787/1661
f 1761/842/1662 1762/843/1662 1721/801/1662 1720/1275/1662
f 1679/1280/1663 1763/845/1663 1770/846/1663 1769/847/1663
f 1763/845/1664 1764/848/1664 1771/849/1664 1770/846/1664
f 1764/848/1665 1765/850/1665 1772/851/1665 1771/849/1665
f 1765/850/1666 1766/852/1666 1773/853/1666 1772/851/1666
f 1766/852/1667 1767/854/1667 1774/855/1667 1773/853/1667
f 1767/854/1668 1768/796/1668 1775/795/1668 1774/855/1668
f 1769/847/1669 1770/846/1669 1777/856/1669 1776/857/1669
f 1770/846/1670 1771/849/1670 1778/858/1670 1777/856/1670
f 1771/849/1671 1772/851/1671 1779/859/1671 1778/858/1671
f 1772/851/1672 1773/853/1672 1780/860/1672 1779/859/1672
f 1773/853/1673 1774/855/1673 1781/861/1673 1780/860/1673
f 1774/855/1674 1775/795/1674 1782/797/1674 1781/861/1674
f 1776/857/1675 1777/856/1675 1784/862/1675 1783/863/1675
f 1777/856/1676 1778/858/1676 1785/864/1676 1784/862/1676
f 1778/858/1677 1779/859/1677 1786/865/1677 1785/864/1677
f 1779/859/1678 1780/860/1678 1787/866/1678 1786/865/1678
f 1780/860/1679 1781/861/1679 1788/867/1679 1787/866/1679
f 1781/861/1680 1782/797/1680 1789/798/1680 1788/867/1680
f 1783/863/1681 1784/862/1681 1791/868/1681 1790/869/1681
f 1784/862/1682 1785/864/1682 1792/870/1682 1791/868/1682
f 1785/864/1683 1786/865/1683 1793/871/1683 1792/870/1683
f 1786/865/1684 1787/866/1684 1794/872/1684 1793/871/1684
f 1787/866/1685 1788/867/1685 1795/873/1685 1794/872/1685
f 1788/867/1686 1789/798/1686 1796/799/1686 1795/873/1686
f 1790/869/1687 1791/868/1687 1798/874/1687 1797/1281/1687
f 1791/868/1688 1792/870/1688 1799/876/1688 1798/874/1688
f 1792/870/1689 1793/871/1689 1800/877/1689 1799/876/1689
f 1793/871/1690 1794/872/1690 1801/878/1690 1800/877/1690
f 1794/872/1691 1795/873/1691 1802/879/1691 1801/878/1691
f 1795/873/1692 1796/799/1692 1803/800/1692 1802/879/1692
f 1797/1281/1693 1798/874/1693 1734/1276/1693 1727/814/1693
f 1798/874/1694 1799/876/1694 1741/1278/1694 1734/1276/1694
f 1799/876/1695 1800/877/1695 1748/829/1695 1741/1278/1695
f 1800/877/1696 1801/878/1696 1755/836/1696 1748/829/1696
f 1801/878/1697 1802/879/1697 1762/843/1697 1755/836/1697
f 1802/879/1698 1803/800/1698 1721/801/1698 1762/843/1698
f 1804/880/1699 1807/881/1699 1814/882/1699 1813/883/1699
f 1807/881/1700 1808/884/1700 1815/885/1700 1814/882/1700
f 1808/884/1701 1809/886/1701 1816/887/1701 1815/885/1701
f 1809/886/1702 1810/888/1702 1817/889/1702 1816/887/1702
f 1810/888/1703 1811/890/1703 1818/891/1703 1817/889/1703
f 1811/890/1704 1812/892/1704 1819/893/1704 1818/891/1704
f 1813/883/1705 1814/882/1705 1821/894/1705 1820/895/1705
f 1814/882/1706 1815/885/1706 1822/896/1706 1821/894/1706
f 1815/885/1707 1816/887/1707 1823/897/1707 1822/896/1707
f 1816/887/1708 1817/889/1708 1824/898/1708 1823/897/1708
f 1817/889/1709 1818/891/1709 1825/899/1709 1824/898/1709
f 1818/891/1710 1819/893/1710 1826/900/1710 1825/899/1710
f 1820/895/1711 1821/894/1711 1828/901/1711 1827/902/1711
f 1821/894/1712 1822/896/1712 1829/903/1712 1828/901/1712
f 1822/896/1713 1823/897/1713 1830/904/1713 1829/903/1713
f 1823/897/1714 1824/898/1714 1831/905/1714 1830/904/1714
f 1824/898/1715 1825/899/1715 1832/906/1715 1831/905/1715
f 1825/899/1716 1826/900/1716 1833/907/1716 1832/906/1716
f 1827/902/1717 1828/901/1717 1835/908/1717 1834/909/1717
f 1828/901/1718 1829/903/1718 1836/910/1718 1835/908/1718
f 1829/903/1719 1830/904/1719 1837/911/1719 1836/910/1719
f 1830/904/1720 1831/905/1720 1838/912/1720 1837/911/1720
f 1831/905/1721 1832/906/1721 1839/913/1721 1838/912/1721
f 1832/906/1722 1833/907/1722 1840/914/1722 1839/913/1722
f 1834/909/1723 1835/908/1723 1842/915/1723 1841/1282/1723
f 1835/908/1724 1836/910/1724 1843/917/1724 1842/915/1724
f 1836/910/1725 1837/911/1725 1844/918/1725 1843/917/1725
f 1837/911/1726 1838/912/1726 1845/919/1726 1844/918/1726
f 1838/912/1727 1839/913/1727 1846/920/1727 1845/919/1727
f 1839/913/1728 1840/914/1728 1847/921/1728 1846/920/1728
f 1841/1282/1729 1842/915/1729 1902/922/1729 1895/923/1729
f 1842/915/1730 1843/917/1730 1909/924/1730 1902/922/1730
f 1843/917/1731 1844/918/1731 1916/925/1731 1909/924/1731
f 1844/918/1732 1845/919/1732 1923/926/1732 1916/925/1732
f 1845/919/1733 1846/920/1733 1930/1283/1733 1923/926/1733
f 1846/920/1734 1847/921/1734 1848/928/1734 1930/1283/1734
f 1805/929/1735 1849/930/1735 1856/931/1735 1855/1284/1735
f 1849/930/1736 1850/933/1736 1857/934/1736 1856/931/1736
f 1850/933/1737 1851/935/1737 1858/936/1737 1857/934/1737
f 1851/935/1738 1852/937/1738 1859/938/1738 1858/936/1738
f 1852/937/1739 1853/939/1739 1860/940/1739 1859/938/1739
f 1853/939/1740 1854/941/1740 1861/942/1740 1860/940/1740
f 1855/1284/1741 1856/931/1741 1863/943/1741 1862/944/1741
f 1856/931/1742 1857/934/1742 1864/945/1742 1863/943/1742
f 1857/934/1743 1858/936/1743 1865/946/1743 1864/945/1743
f 1858/936/1744 1859/938/1744 1866/947/1744 1865/946/1744
f 1859/938/1745 1860/940/1745 1867/948/1745 1866/947/1745
f 1860/940/1746 1861/942/1746 1868/949/1746 1867/948/1746
f 1862/944/1747 1863/943/1747 1870/950/1747 1869/951/1747
f 1863/943/1748 1864/945/1748 1871/952/1748 1870/950/1748
f 1864/945/1749 1865/946/1749 1872/953/1749 1871/952/1749
f 1865/946/1750 1866/947/1750 1873/954/1750 1872/953/1750
f 1866/947/1751 1867/948/1751 1874/955/1751 1873/954/1751
f 1867/948/1752 1868/949/1752 1875/956/1752 1874/955/1752
f 1869/951/1753 1870/950/1753 1877/957/1753 1876/958/1753
f 1870/950/1754 1871/952/1754 1878/959/1754 1877/957/1754
f 1871/952/1755 1872/953/1755 1879/960/1755 1878/959/1755
f 1872/953/1756 1873/954/1756 1880/961/1756 1879/960/1756
f 1873/954/1757 1874/955/1757 1881/962/1757 1880/961/1757
f 1874/955/1758 1875/956/1758 1882/963/1758 1881/962/1758
f 1876/958/1759 1877/957/1759 1884/964/1759 1883/965/1759
f 1877/957/1760 1878/959/1760 1885/966/1760 1884/964/1760
f 1878/959/1761 1879/960/1761 1886/967/1761 1885/966/1761
f 1879/960/1762 1880/961/1762 1887/968/1762 1886/967/1762
f 1880/961/1763 1881/962/1763 1888/969/1763 1887/968/1763
f 1881/962/1764 1882/963/1764 1889/970/1764 1888/969/1764
f 1883/965/1765 1884/964/1765 1819/893/1765 1812/892/1765
f 1884/964/1766 1885/966/1766 1826/900/1766 1819/893/1766
f 1885/966/1767 1886/967/1767 1833/907/1767 1826/900/1767
f 1886/967/1768 1887/968/1768 1840/914/1768 1833/907/1768
f 1887/968/1769 1888/969/1769 1847/921/1769 1840/914/1769
f 1888/969/1770 1889/970/1770 1848/928/1770 1847/921/1770
f 1806/1285/1771 1890/972/1771 1897/973/1771 1896/1286/1771
f 1890/972/1772 1891/1287/1772 1898/976/1772 1897/973/1772
f 1891/1287/1773 1892/977/1773 1899/978/1773 1898/976/1773
f 1892/977/1774 1893/979/1774 1900/980/1774 1899/978/1774
f 1893/979/1775 1894/981/1775 1901/982/1775 1900/980/1775
f 1894/981/1776 1895/923/1776 1902/922/1776 1901/982/1776
f 1896/1286/1777 1897/973/1777 1904/983/1777 1903/984/1777
f 1897/973/1778 1898/976/1778 1905/985/1778 1904/983/1778
f 1898/976/1779 1899/978/1779 1906/986/1779 1905/985/1779
f 1899/978/1780 1900/980/1780 1907/987/1780 1906/986/1780
f 1900/980/1781 1901/982/1781 1908/988/1781 1907/987/1781
f 1901/982/1782 1902/922/1782 1909/924/1782 1908/988/1782
f 1903/984/1783 1904/983/1783 1911/989/1783 1910/990/1783
f 1904/983/1784 1905/985/1784 1912/991/1784 1911/989/1784
f 1905/985/1785 1906/986/1785 1913/992/1785 1912/991/1785
f 1906/986/1786 1907/987/1786 1914/993/1786 1913/992/1786
f 1907/987/1787 1908/988/1787 1915/994/1787 1914/993/1787
f 1908/988/1788 1909/924/1788 1916/925/1788 1915/994/1788
f 1910/990/1789 1911/989/1789 1918/995/1789 1917/996/1789
f 1911/989/1790 1912/991/1790 1919/997/1790 1918/995/1790
f 1912/991/1791 1913/992/1791 1920/998/1791 1919/997/1791
f 1913/992/1792 1914/993/1792 1921/999/1792 1920/998/1792
f 1914/993/1793 1915/994/1793 1922/1000/1793 1921/999/1793
f 1915/994/1794 1916/925/1794 1923/926/1794 1922/1000/1794
f 1917/996/1795 1918/995/1795 1925/1001/1795 1924/1002/1795
f 1918/995/1796 1919/997/1796 1926/1003/1796 1925/1001/1796
f 1919/997/1797 1920/998/1797 1927/1004/1797 1926/1003/1797
f 1920/998/1798 1921/999/1798 1928/1005/1798 1927/1004/1798
f 1921/999/1799 1922/1000/1799 1929/1006/1799 1928/1005/1799
f 1922/1000/1800 1923/926/1800 1930/1283/1800 1929/1006/1800
f 1924/1002/1801 1925/1001/1801 1861/942/1801 1854/941/1801
f 1925/1001/1802 1926/1003/1802 1868/949/1802 1861/942/1802
f 1926/1003/1803 1927/1004/1803 1875/956/1803 1868/949/1803
f 1927/1004/1804 1928/1005/1804 1882/963/1804 1875/956/1804
f 1928/1005/1805 1929/1006/1805 1889/970/1805 1882/963/1805
f 1929/1006/1806 1930/1283/1806 1848/928/1806 1889/970/1806
f 1931/1288/1807 1934/1008/1807 1941/1009/1807 1940/1289/1807
f 1934/1008/1808 1935/1011/1808 1942/1012/1808 1941/1009/1808
f 1935/1011/1809 1936/1013/1809 1943/1014/1809 1942/1012/1809
f 1936/1013/1810 1937/1015/1810 1944/1016/1810 1943/1014/1810
f 1937/1015/1811 1938/1017/1811 1945/1018/1811 1944/1016/1811
f 1938/1017/1812 1939/1019/1812 1946/1020/1812 1945/1018/1812
f 1940/1289/1813 1941/1009/1813 1948/1021/1813 1947/1022/1813
f 1941/1009/1814 1942/1012/1814 1949/1023/1814 1948/1021/1814
f 1942/1012/1815 1943/1014/1815 1950/1024/1815 1949/1023/1815
f 1943/1014/1816 1944/1016/1816 1951/1025/1816 1950/1024/1816
f 1944/1016/1817 1945/1018/1817 1952/1026/1817 1951/1025/1817
f 1945/1018/1818 1946/1020/1818 1953/1027/1818 1952/1026/1818
f 1947/1022/1819 1948/1021/1819 1955/1028/1819 1954/1029/1819
f 1948/1021/1820 1949/1023/1820 1956/1030/1820 1955/1028/1820
f 1949/1023/1821 1950/1024/1821 1957/1031/1821 1956/1030/1821
f 1950/1024/1822 1951/1025/1822 1958/1032/1822 1957/1031/1822
f 1951/1025/1823 1952/1026/1823 1959/1033/1823 1958/1032/1823
f 1952/1026/1824 1953/1027/1824 1960/1034/1824 1959/1033/1824
f 1954/1029/1825 1955/1028/1825 1962/1035/1825 1961/1036/1825
f 1955/1028/1826 1956/1030/1826 1963/1037/1826 1962/1035/1826
f 1956/1030/1827 1957/1031/1827 1964/1038/1827 1963/1037/1827
f 1957/1031/1828 1958/1032/1828 1965/1039/1828 1964/1038/1828
f 1958/1032/1829 1959/1033/1829 1966/1040/1829 1965/1039/1829
f 1959/1033/1830 1960/1034/1830 1967/1041/1830 1966/1040/1830
f 1961/1036/1831 1962/1035/1831 1969/1042/1831 1968/1290/1831
f 1962/1035/1832 1963/1037/1832 1970/1044/1832 1969/1042/1832
f 1963/1037/1833 1964/1038/1833 1971/1045/1833 1970/1044/1833
f 1964/1038/1834 1965/1039/1834 1972/1046/1834 1971/1045/1834
f 1965/1039/1835 1966/1040/1835 1973/1047/1835 1972/1046/1835
f 1966/1040/1836 1967/1041/1836 1974/1048/1836 1973/1047/1836
f 1968/1290/1837 1969/1042/1837 2029/1291/1837 2022/1050/1837
f 1969/1042/1838 1970/1044/1838 2036/1051/1838 2029/1291/1838
f 1970/1044/1839 1971/1045/1839 2043/1052/1839 2036/1051/1839
f 1971/1045/1840 1972/1046/1840 2050/1053/1840 2043/1052/1840
f 1972/1046/1841 1973/1047/1841 2057/1292/1841 2050/1053/1841
f 1973/1047/1842 1974/1048/1842 1975/1293/1842 2057/1292/1842
f 1932/1056/1843 1976/1057/1843 1983/1058/1843 1982/1059/1843
f 1976/1057/1844 1977/1060/1844 1984/1061/1844 1983/1058/1844
f 1977/1060/1845 1978/1062/1845 1985/1063/1845 1984/1061/1845
f 1978/1062/1846 1979/1064/1846 1986/1065/1846 1985/1063/1846
f 1979/1064/1847 1980/1066/1847 1987/1067/1847 1986/1065/1847
f 1980/1066/1848 1981/1068/1848 1988/1069/1848 1987/1067/1848
f 1982/1059/1849 1983/1058/1849 1990/1070/1849 1989/1071/1849
f 1983/1058/1850 1984/1061/1850 1991/1072/1850 1990/1070/1850
f 1984/1061/1851 1985/1063/1851 1992/1073/1851 1991/1072/1851
f 1985/1063/1852 1986/1065/1852 1993/1074/1852 1992/1073/1852
f 1986/1065/1853 1987/1067/1853 1994/1075/1853 1993/1074/1853
f 1987/1067/1854 1988/1069/1854 1995/1076/1854 1994/1075/1854
f 1989/1071/1855 1990/1070/1855 1997/1077/1855 1996/1078/1855
f 1990/1070/1856 1991/1072/1856 1998/1079/1856 1997/1077/1856
f 1991/1072/1857 1992/1073/1857 1999/1080/1857 1998/1079/1857
f 1992/1073/1858 1993/1074/1858 2000/1081/1858 1999/1080/1858
f 1993/1074/1859 1994/1075/1859 2001/1082/1859 2000/1081/1859
f 1994/1075/1860 1995/1076/1860 2002/1083/1860 2001/1082/1860
f 1996/1078/1861 1997/1077/1861 2004/1084/1861 2003/1085/1861
f 1997/1077/1862 1998/1079/1862 2005/1086/1862 2004/1084/1862
f 1998/1079/1863 1999/1080/1863 2006/1087/1863 2005/1086/1863
f 1999/1080/1864 2000/1081/1864 2007/1088/1864 2006/1087/1864
f 2000/1081/1865 2001/1082/1865 2008/1089/1865 2007/1088/1865
f 2001/1082/1866 2002/1083/1866 2009/1090/1866 2008/1089/1866
f 2003/1085/1867 2004/1084/1867 2011/1091/1867 2010/1092/1867
f 2004/1084/1868 2005/1086/1868 2012/1093/1868 2011/1091/1868
f 2005/1086/1869 2006/1087/1869 2013/1094/1869 2012/1093/1869
f 2006/1087/1870 2007/1088/1870 2014/1095/1870 2013/1094/1870
f 2007/1088/1871 2008/1089/1871 2015/1096/1871 2014/1095/1871
f 2008/1089/1872 2009/1090/1872 2016/1097/1872 2015/1096/1872
f 2010/1092/1873 2011/1091/1873 1946/1020/1873 1939/1019/1873
f 2011/1091/1874 2012/1093/1874 1953/1027/1874 1946/1020/1874
f 2012/1093/1875 2013/1094/1875 1960/1034/1875 1953/1027/1875
f 2013/1094/1876 2014/1095/1876 1967/1041/1876 1960/1034/1876
f 2014/1095/1877 2015/1096/1877 1974/1048/1877 1967/1041/1877
f 2015/1096/1878 2016/1097/1878 1975/1293/1878 1974/1048/1878
f 1933/1294/1879 2017/1099/1879 2024/1100/1879 2023/1101/1879
f 2017/1099/1880 2018/1102/1880 2025/1103/1880 2024/1100/1880
f 2018/1102/1881 2019/1104/1881 2026/1105/1881 2025/1103/1881
f 2019/1104/1882 2020/1295/1882 2027/1107/1882 2026/1105/1882
f 2020/1295/1883 2021/1108/1883 2028/1109/1883 2027/1107/1883
f 2021/1108/1884 2022/1050/1884 2029/1291/1884 2028/1109/1884
f 2023/1101/1885 2024/1100/1885 2031/1110/1885 2030/1111/1885
f 2024/1100/1886 2025/1103/1886 2032/1112/1886 2031/1110/1886
f 2025/1103/1887 2026/1105/1887 2033/1113/1887 2032/1112/1887
f 2026/1105/1888 2027/1107/1888 2034/1114/1888 2033/1113/1888
f 2027/1107/1889 2028/1109/1889 2035/1115/1889 2034/1114/1889
f 2028/1109/1890 2029/1291/1890 2036/1051/1890 2035/1115/1890
f 2030/1111/1891 2031/1110/1891 2038/1116/1891 2037/1117/1891
f 2031/1110/1892 2032/1112/1892 2039/1118/1892 2038/1116/1892
f 2032/1112/1893 2033/1113/1893 2040/1119/1893 2039/1118/1893
f 2033/1113/1894 2034/1114/1894 2041/1120/1894 2040/1119/1894
f 2034/1114/1895 2035/1115/1895 2042/1121/1895 2041/1120/1895
f 2035/1115/1896 2036/1051/1896 2043/1052/1896 2042/1121/1896
f 2037/1117/1897 2038/1116/1897 2045/1122/1897 2044/1123/1897
f 2038/1116/1898 2039/1118/1898 2046/1124/1898 2045/1122/1898
f 2039/1118/1899 2040/1119/1899 2047/1125/1899 2046/1124/1899
f 2040/1119/1900 2041/1120/1900 2048/1126/1900 2047/1125/1900
f 2041/1120/1901 2042/1121/1901 2049/1127/1901 2048/1126/1901
f 2042/1121/1902 2043/1052/1902 2050/1053/1902 2049/1127/1902
f 2044/1123/1903 2045/1122/1903 2052/1128/1903 2051/1129/1903
f 2045/1122/1904 2046/1124/1904 2053/1130/1904 2052/1128/1904
f 2046/1124/1905 2047/1125/1905 2054/1131/1905 2053/1130/1905
f 2047/1125/1906 2048/1126/1906 2055/1132/1906 2054/1131/1906
f 2048/1126/1907 2049/1127/1907 2056/1133/1907 2055/1132/1907
f 2049/1127/1908 2050/1053/1908 2057/1292/1908 2056/1133/1908
f 2051/1129/1909 2052/1128/1909 1988/1069/1909 1981/1068/1909
f 2052/1128/1910 2053/1130/1910 1995/1076/1910 1988/1069/1910
f 2053/1130/1911 2054/1131/1911 2002/1083/1911 1995/1076/1911
f 2054/1131/1912 2055/1132/1912 2009/1090/1912 2002/1083/1912
f 2055/1132/1913 2056/1133/1913 2016/1097/1913 2009/1090/1913
f 2056/1133/1914 2057/1292/1914 1975/1293/1914 2016/1097/1914
f 2058/1296/1915 2061/1135/1915 2068/1136/1915 2067/1137/1915
f 2061/1135/1916 2062/1138/1916 2069/1139/1916 2068/1136/1916
f 2062/1138/1917 2063/1140/1917 2070/1141/1917 2069/1139/1917
f 2063/1140/1918 2064/1142/1918 2071/1143/1918 2070/1141/1918
f 2064/1142/1919 2065/1144/1919 2072/1145/1919 2071/1143/1919
f 2065/1144/1920 2066/1146/1920 2073/1147/1920 2072/1145/1920
f 2067/1137/1921 2068/1136/1921 2075/1148/1921 2074/1149/1921
f 2068/1136/1922 2069/1139/1922 2076/1150/1922 2075/1148/1922
f 2069/1139/1923 2070/1141/1923 2077/1151/1923 2076/1150/1923
f 2070/1141/1924 2071/1143/1924 2078/1152/1924 2077/1151/1924
f 2071/1143/1925 2072/1145/1925 2079/1153/1925 2078/1152/1925
f 2072/1145/1926 2073/1147/1926 2080/1154/1926 2079/1153/1926
f 2074/1149/1927 2075/1148/1927 2082/1155/1927 2081/1156/1927
f 2075/1148/1928 2076/1150/1928 2083/1157/1928 2082/1155/1928
f 2076/1150/1929 2077/1151/1929 2084/1158/1929 2083/1157/1929
f 2077/1151/1930 2078/1152/1930 2085/1159/1930 2084/1158/1930
f 2078/1152/1931 2079/1153/1931 2086/1160/1931 2085/1159/1931
f 2079/1153/1932 2080/1154/1932 2087/1161/1932 2086/1160/1932
f 2081/1156/1933 2082/1155/1933 2089/1162/1933 2088/1163/1933
f 2082/1155/1934 2083/1157/1934 2090/1164/1934 2089/1162/1934
f 2083/1157/1935 2084/1158/1935 2091/1165/1935 2090/1164/1935
f 2084/1158/1936 2085/1159/1936 2092/1166/1936 2091/1165/1936
f 2085/1159/1937 2086/1160/1937 2093/1167/1937 2092/1166/1937
f 2086/1160/1938 2087/1161/1938 2094/1168/1938 2093/1167/1938
f 2088/1163/1939 2089/1162/1939 2096/1169/1939 2095/1170/1939
f 2089/1162/1940 2090/1164/1940 2097/1171/1940 2096/1169/1940
f 2090/1164/1941 2091/1165/1941 2098/1172/1941 2097/1171/1941
f 2091/1165/1942 2092/1166/1942 2099/1173/1942 2098/1172/1942
f 2092/1166/1943 2093/1167/1943 2100/1174/1943 2099/1173/1943
f 2093/1167/1944 2094/1168/1944 2101/1297/1944 2100/1174/1944
f 2095/1170/1945 2096/1169/1945 2156/1176/1945 2149/1177/1945
f 2096/1169/1946 2097/1171/1946 2163/1178/1946 2156/1176/1946
f 2097/1171/1947 2098/1172/1947 2170/1179/1947 2163/1178/1947
f 2098/1172/1948 2099/1173/1948 2177/1180/1948 2170/1179/1948
f 2099/1173/1949 2100/1174/1949 2184/1298/1949 2177/1180/1949
f 2100/1174/1950 2101/1297/1950 2102/1182/1950 2184/1298/1950
f 2059/1183/1951 2103/1184/1951 2110/1185/1951 2109/1186/1951
f 2103/1184/1952 2104/1187/1952 2111/1188/1952 2110/1185/1952
f 2104/1187/1953 2105/1189/1953 2112/1190/1953 2111/1188/1953
f 2105/1189/1954 2106/1191/1954 2113/1192/1954 2112/1190/1954
f 2106/1191/1955 2107/1193/1955 2114/1194/1955 2113/1192/1955
f 2107/1193/1956 2108/1195/1956 2115/1196/1956 2114/1194/1956
f 2109/1186/1957 2110/1185/1957 2117/1197/1957 2116/1198/1957
f 2110/1185/1958 2111/1188/1958 2118/1199/1958 2117/1197/1958
f 2111/1188/1959 2112/1190/1959 2119/1200/1959 2118/1199/1959
f 2112/1190/1960 2113/1192/1960 2120/1201/1960 2119/1200/1960
f 2113/1192/1961 2114/1194/1961 2121/1202/1961 2120/1201/1961
f 2114/1194/1962 2115/1196/1962 2122/1203/1962 2121/1202/1962
f 2116/1198/1963 2117/1197/1963 2124/1204/1963 2123/1205/1963
f 2117/1197/1964 2118/1199/1964 2125/1206/1964 2124/1204/1964
f 2118/1199/1965 2119/1200/1965 2126/1207/1965 2125/1206/1965
f 2119/1200/1966 2120/1201/1966 2127/1208/1966 2126/1207/1966
f 2120/1201/1967 2121/1202/1967 2128/1209/1967 2127/1208/1967
f 2121/1202/1968 2122/1203/1968 2129/1210/1968 2128/1209/1968
f 2123/1205/1969 2124/1204/1969 2131/1211/1969 2130/1212/1969
f 2124/1204/1970 2125/1206/1970 2132/1213/1970 2131/1211/1970
f 2125/1206/1971 2126/1207/1971 2133/1214/1971 2132/1213/1971
f 2126/1207/1972 2127/1208/1972 2134/1215/1972 2133/1214/1972
f 2127/1208/1973 2128/1209/1973 2135/1216/1973 2134/1215/1973
f 2128/1209/1974 2129/1210/1974 2136/1217/1974 2135/1216/1974
f 2130/1212/1975 2131/1211/1975 2138/1218/1975 2137/1299/1975
f 2131/1211/1976 2132/1213/1976 2139/1220/1976 2138/1218/1976
f 2132/1213/1977 2133/1214/1977 2140/1221/1977 2139/1220/1977
f 2133/1214/1978 2134/1215/1978 2141/1222/1978 2140/1221/1978
f 2134/1215/1979 2135/1216/1979 2142/1223/1979 2141/1222/1979
f 2135/1216/1980 2136/1217/1980 2143/1224/1980 2142/1223/1980
f 2137/1299/1981 2138/1218/1981 2073/1147/1981 2066/1146/1981
f 2138/1218/1982 2139/1220/1982 2080/1154/1982 2073/1147/1982
f 2139/1220/1983 2140/1221/1983 2087/1161/1983 2080/1154/1983
f 2140/1221/1984 2141/1222/1984 2094/1168/1984 2087/1161/1984
f 2141/1222/1985 2142/1223/1985 2101/1297/1985 2094/1168/1985
f 2142/1223/1986 2143/1224/1986 2102/1182/1986 2101/1297/1986
f 2060/1225/1987 2144/1226/1987 2151/1227/1987 2150/1228/1987
f 2144/1226/1988 2145/1300/1988 2152/1230/1988 2151/1227/1988
f 2145/1300/1989 2146/1231/1989 2153/1232/1989 2152/1230/1989
f 2146/1231/1990 2147/1233/1990 2154/1234/1990 2153/1232/1990
f 2147/1233/1991 2148/1235/1991 2155/1236/1991 2154/1234/1991
f 2148/1235/1992 2149/1177/1992 2156/1176/1992 2155/1236/1992
f 2150/1228/1993 2151/1227/1993 2158/1237/1993 2157/1238/1993
f 2151/1227/1994 2152/1230/1994 2159/1239/1994 2158/1237/1994
f 2152/1230/1995 2153/1232/1995 2160/1240/1995 2159/1239/1995
f 2153/1232/1996 2154/1234/1996 2161/1241/1996 2160/1240/1996
f 2154/1234/1997 2155/1236/1997 2162/1242/1997 2161/1241/1997
f 2155/1236/1998 2156/1176/1998 2163/1178/1998 2162/1242/1998
f 2157/1238/1999 2158/1237/1999 2165/1243/1999 2164/1244/1999
f 2158/1237/2000 2159/1239/2000 2166/1245/2000 2165/1243/2000
f 2159/1239/2001 2160/1240/2001 2167/1246/2001 2166/1245/2001
f 2160/1240/2002 2161/1241/2002 2168/1247/2002 2167/1246/2002
f 2161/1241/2003 2162/1242/2003 2169/1248/2003 2168/1247/2003
f 2162/1242/2004 2163/1178/2004 2170/1179/2004 2169/1248/2004
f 2164/1244/2005 2165/1243/2005 2172/1249/2005 2171/1250/2005
f 2165/1243/2006 2166/1245/2006 2173/1251/2006 2172/1249/2006
f 2166/1245/2007 2167/1246/2007 2174/1252/2007 2173/1251/2007
f 2167/1246/2008 2168/1247/2008 2175/1253/2008 2174/1252/2008
f 2168/1247/2009 2169/1248/2009 2176/1254/2009 2175/1253/2009
f 2169/1248/2010 2170/1179/2010 2177/1180/2010 2176/1254/2010
f 2171/1250/2011 2172/1249/2011 2179/1255/2011 2178/1256/2011
f 2172/1249/2012 2173/1251/2012 2180/1257/2012 2179/1255/2012
f 2173/1251/2013 2174/1252/2013 2181/1258/2013 2180/1257/2013
f 2174/1252/2014 2175/1253/2014 2182/1259/2014 2181/1258/2014
f 2175/1253/2015 2176/1254/2015 2183/1260/2015 2182/1259/2015
f 2176/1254/2016 2177/1180/2016 2184/1298/2016 2183/1260/2016
f 2178/1256/2017 2179/1255/2017 2115/1196/2017 2108/1195/2017
f 2179/1255/2018 2180/1257/2018 2122/1203/2018 2115/1196/2018
f 2180/1257/2019 2181/1258/2019 2129/1210/2019 2122/1203/2019
f 2181/1258/2020 2182/1259/2020 2136/1217/2020 2129/1210/2020
f 2182/1259/2021 2183/1260/2021 2143/1224/2021 2136/1217/2021
f 2183/1260/2022 2184/1298/2022 2102/1182/2022 2143/1224/2022
f 1423/473/2023 1169/1261/2023 1178/182/2023 1426/474/2023
f 1426/474/2024 1178/182/2024 1185/194/2024 1427/1269/2024
f 1427/1269/2025 1185/194/2025 1192/201/2025 1428/479/2025
f 1428/479/2026 1192/201/2026 1199/208/2026 1429/481/2026
f 1429/481/2027 1199/208/2027 1206/215/2027 1430/483/2027
f 1430/483/2028 1206/215/2028 1260/222/2028 1431/485/2028
f 1431/565/2029 1260/289/2029 1259/287/2029 1502/558/2029
f 1502/558/2030 1259/287/2030 1258/285/2030 1495/551/2030
f 1495/551/2031 1258/285/2031 1257/283/2031 1488/544/2031
f 1488/544/2032 1257/283/2032 1256/281/2032 1481/537/2032
f 1481/537/2033 1256/281/2033 1255/278/2033 1474/525/2033
f 1474/525/2034 1255/278/2034 1171/277/2034 1424/522/2034
f 1170/228/2035 1296/326/2035 1305/329/2035 1214/229/2035
f 1214/229/2036 1305/329/2036 1312/341/2036 1215/232/2036
f 1215/232/2037 1312/341/2037 1319/348/2037 1216/234/2037
f 1216/234/2038 1319/348/2038 1326/355/2038 1217/236/2038
f 1217/236/2039 1326/355/2039 1333/362/2039 1218/1262/2039
f 1218/1262/2040 1333/362/2040 1387/369/2040 1219/240/2040
f 1219/320/2041 1387/436/2041 1386/434/2041 1289/313/2041
f 1289/313/2042 1386/434/2042 1385/432/2042 1282/306/2042
f 1282/306/2043 1385/432/2043 1384/430/2043 1275/299/2043
f 1275/299/2044 1384/430/2044 1383/428/2044 1268/292/2044
f 1268/292/2045 1383/428/2045 1382/1267/2045 1261/280/2045
f 1261/280/2046 1382/1267/2046 1298/424/2046 1171/277/2046
f 1297/1263/2047 1550/613/2047 1559/616/2047 1341/376/2047
f 1341/376/2048 1559/616/2048 1566/628/2048 1342/1265/2048
f 1342/1265/2049 1566/628/2049 1573/1271/2049 1343/381/2049
f 1343/381/2050 1573/1271/2050 1580/642/2050 1344/383/2050
f 1344/383/2051 1580/642/2051 1587/649/2051 1345/385/2051
f 1345/385/2052 1587/649/2052 1641/656/2052 1346/387/2052
f 1346/467/2053 1641/723/2053 1640/721/2053 1416/460/2053
f 1416/460/2054 1640/721/2054 1639/719/2054 1409/453/2054
f 1409/453/2055 1639/719/2055 1638/717/2055 1402/446/2055
f 1402/446/2056 1638/717/2056 1637/715/2056 1395/439/2056
f 1395/439/2057 1637/715/2057 1636/712/2057 1388/427/2057
f 1388/427/2058 1636/712/2058 1552/711/2058 1298/424/2058
f 1551/662/2059 1425/571/2059 1515/574/2059 1595/663/2059
f 1595/663/2060 1515/574/2060 1522/586/2060 1596/666/2060
f 1596/666/2061 1522/586/2061 1529/593/2061 1597/668/2061
f 1597/668/2062 1529/593/2062 1536/600/2062 1598/670/2062
f 1598/670/2063 1536/600/2063 1543/607/2063 1599/672/2063
f 1599/672/2064 1543/607/2064 1473/534/2064 1600/674/2064
f 1600/674/2065 1473/534/2065 1472/532/2065 1670/1273/2065
f 1670/1273/2066 1472/532/2066 1471/530/2066 1663/740/2066
f 1663/740/2067 1471/530/2067 1470/528/2067 1656/733/2067
f 1656/733/2068 1470/528/2068 1469/526/2068 1649/726/2068
f 1649/726/2069 1469/526/2069 1468/523/2069 1642/714/2069
f 1642/714/2070 1468/523/2070 1424/522/2070 1552/711/2070
f 1931/1288/2071 1423/473/2071 1432/1268/2071 1934/1008/2071
f 1934/1008/2072 1432/1268/2072 1439/488/2072 1935/1011/2072
f 1935/1011/2073 1439/488/2073 1446/495/2073 1936/1013/2073
f 1936/1013/2074 1446/495/2074 1453/502/2074 1937/1015/2074
f 1937/1015/2075 1453/502/2075 1460/509/2075 1938/1017/2075
f 1938/1017/2076 1460/509/2076 1514/516/2076 1939/1019/2076
f 1939/1019/2077 1514/583/2077 1513/581/2077 2010/1092/2077
f 2010/1092/2078 1513/581/2078 1512/579/2078 2003/1085/2078
f 2003/1085/2079 1512/579/2079 1511/577/2079 1996/1078/2079
f 1996/1078/2080 1511/577/2080 1510/575/2080 1989/1071/2080
f 1989/1071/2081 1510/575/2081 1509/572/2081 1982/1059/2081
f 1982/1059/2082 1509/572/2082 1425/571/2082 1932/1056/2082
f 1550/613/2083 2058/1296/2083 2067/1137/2083 1553/614/2083
f 1553/614/2084 2067/1137/2084 2074/1149/2084 1554/617/2084
f 1554/617/2085 2074/1149/2085 2081/1156/2085 1555/619/2085
f 1555/619/2086 2081/1156/2086 2088/1163/2086 1556/621/2086
f 1556/621/2087 2088/1163/2087 2095/1170/2087 1557/623/2087
f 1557/623/2088 2095/1170/2088 2149/1177/2088 1558/625/2088
f 1558/705/2089 2149/1177/2089 2148/1235/2089 1629/698/2089
f 1629/698/2090 2148/1235/2090 2147/1233/2090 1622/691/2090
f 1622/691/2091 2147/1233/2091 2146/1231/2091 1615/684/2091
f 1615/684/2092 2146/1231/2092 2145/1300/2092 1608/677/2092
f 1608/677/2093 2145/1300/2093 2144/1226/2093 1601/1272/2093
f 1601/1272/2094 2144/1226/2094 2060/1225/2094 1551/662/2094
f 2059/1183/2095 1933/1294/2095 2023/1101/2095 2103/1184/2095
f 2103/1184/2096 2023/1101/2096 2030/1111/2096 2104/1187/2096
f 2104/1187/2097 2030/1111/2097 2037/1117/2097 2105/1189/2097
f 2105/1189/2098 2037/1117/2098 2044/1123/2098 2106/1191/2098
f 2106/1191/2099 2044/1123/2099 2051/1129/2099 2107/1193/2099
f 2107/1193/2100 2051/1129/2100 1981/1068/2100 2108/1195/2100
f 2108/1195/2101 1981/1068/2101 1980/1066/2101 2178/1256/2101
f 2178/1256/2102 1980/1066/2102 1979/1064/2102 2171/1250/2102
f 2171/1250/2103 1979/1064/2103 1978/1062/2103 2164/1244/2103
f 2164/1244/2104 1978/1062/2104 1977/1060/2104 2157/1238/2104
f 2157/1238/2105 1977/1060/2105 1976/1057/2105 2150/1228/2105
f 2150/1228/2106 1976/1057/2106 1932/1056/2106 2060/1225/2106
f 1677/753/2107 1931/1288/2107 1940/1289/2107 1680/754/2107
f 1680/754/2108 1940/1289/2108 1947/1022/2108 1681/757/2108
f 1681/757/2109 1947/1022/2109 1954/1029/2109 1682/759/2109
f 1682/759/2110 1954/1029/2110 1961/1036/2110 1683/761/2110
f 1683/761/2111 1961/1036/2111 1968/1290/2111 1684/763/2111
f 1684/763/2112 1968/1290/2112 2022/1050/2112 1685/765/2112
f 1685/765/2113 2022/1050/2113 2021/1108/2113 1756/1279/2113
f 1756/1279/2114 2021/1108/2114 2020/1295/2114 1749/831/2114
f 1749/831/2115 2020/1295/2115 2019/1104/2115 1742/824/2115
f 1742/824/2116 2019/1104/2116 2018/1102/2116 1735/1277/2116
f 1735/1277/2117 2018/1102/2117 2017/1099/2117 1728/805/2117
f 1728/805/2118 2017/1099/2118 1933/1294/2118 1678/802/2118
f 2058/1296/2119 1804/880/2119 1813/883/2119 2061/1135/2119
f 2061/1135/2120 1813/883/2120 1820/895/2120 2062/1138/2120
f 2062/1138/2121 1820/895/2121 1827/902/2121 2063/1140/2121
f 2063/1140/2122 1827/902/2122 1834/909/2122 2064/1142/2122
f 2064/1142/2123 1834/909/2123 1841/1282/2123 2065/1144/2123
f 2065/1144/2124 1841/1282/2124 1895/923/2124 2066/1146/2124
f 2066/1146/2125 1895/923/2125 1894/981/2125 2137/1299/2125
f 2137/1299/2126 1894/981/2126 1893/979/2126 2130/1212/2126
f 2130/1212/2127 1893/979/2127 1892/977/2127 2123/1205/2127
f 2123/1205/2128 1892/977/2128 1891/1287/2128 2116/1198/2128
f 2116/1198/2129 1891/1287/2129 1890/972/2129 2109/1186/2129
f 2109/1186/2130 1890/972/2130 1806/1285/2130 2059/1183/2130
f 1805/929/2131 1679/1280/2131 1769/847/2131 1849/930/2131
f 1849/930/2132 1769/847/2132 1776/857/2132 1850/933/2132
f 1850/933/2133 1776/857/2133 1783/863/2133 1851/935/2133
f 1851/935/2134 1783/863/2134 1790/869/2134 1852/937/2134
f 1852/937/2135 1790/869/2135 1797/1281/2135 1853/939/2135
f 1853/939/2136 1797/1281/2136 1727/814/2136 1854/941/2136
f 1854/941/2137 1727/814/2137 1726/812/2137 1924/1002/2137
f 1924/1002/2138 1726/812/2138 1725/810/2138 1917/996/2138
f 1917/996/2139 1725/810/2139 1724/808/2139 1910/990/2139
f 1910/990/2140 1724/808/2140 1723/806/2140 1903/984/2140
f 1903/984/2141 1723/806/2141 1722/803/2141 1896/1286/2141
f 1896/1286/2142 1722/803/2142 1678/802/2142 1806/1285/2142
f 1169/1261/2143 1677/753/2143 1686/756/2143 1172/180/2143
f 1172/180/2144 1686/756/2144 1693/768/2144 1173/183/2144
f 1173/183/2145 1693/768/2145 1700/775/2145 1174/185/2145
f 1174/185/2146 1700/775/2146 1707/782/2146 1175/187/2146
f 1175/187/2147 1707/782/2147 1714/789/2147 1176/189/2147
f 1176/189/2148 1714/789/2148 1768/796/2148 1177/191/2148
f 1177/271/2149 1768/796/2149 1767/854/2149 1248/264/2149
f 1248/264/2150 1767/854/2150 1766/852/2150 1241/257/2150
f 1241/257/2151 1766/852/2151 1765/850/2151 1234/250/2151
f 1234/250/2152 1765/850/2152 1764/848/2152 1227/243/2152
f 1227/243/2153 1764/848/2153 1763/845/2153 1220/231/2153
f 1220/231/2154 1763/845/2154 1679/1280/2154 1170/228/2154
f 1804/880/2155 1297/1263/2155 1347/1264/2155 1807/881/2155
f 1807/881/2156 1347/1264/2156 1354/390/2156 1808/884/2156
f 1808/884/2157 1354/390/2157 1361/397/2157 1809/886/2157
f 1809/886/2158 1361/397/2158 1368/1266/2158 1810/888/2158
f 1810/888/2159 1368/1266/2159 1375/411/2159 1811/890/2159
f 1811/890/2160 1375/411/2160 1304/418/2160 1812/892/2160
f 1812/892/2161 1304/338/2161 1303/336/2161 1883/965/2161
f 1883/965/2162 1303/336/2162 1302/334/2162 1876/958/2162
f 1876/958/2163 1302/334/2163 1301/332/2163 1869/951/2163
f 1869/951/2164 1301/332/2164 1300/330/2164 1862/944/2164
f 1862/944/2165 1300/330/2165 1299/327/2165 1855/1284/2165
f 1855/1284/2166 1299/327/2166 1296/326/2166 1805/929/2166
f 1423/473/145 1931/1288/145 1677/753/145 1169/1261/145
f 1171/277/146 1298/424/146 1552/711/146 1424/522/146
f 1679/1280/147 1805/929/147 1296/326/147 1170/228/147
f 2058/1296/148 1550/613/148 1297/1263/148 1804/880/148
f 1425/571/149 1551/662/149 2060/1225/149 1932/1056/149
f 1933/1294/150 2059/1183/150 1806/1285/150 1678/802/150
usemtl 材质.038
f 2970/1301/2661 2969/1302/2661 2984/1303/2661 2985/1304/2661
f 2963/1305/2168 2962/1306/2168 2977/1307/2168 2978/1308/2168
f 2971/1309/2169 2970/1301/2169 2985/1304/2169 2986/1310/2169
f 2964/1311/2662 2963/1305/2662 2978/1308/2662 2979/1312/2662
f 2957/1313/2663 2956/1314/2663 2972/1315/2663
f 3152/1316/2664 2971/1309/2664 2986/1310/2664
f 2965/1317/2665 2964/1311/2665 2979/1312/2665 2980/1318/2665
f 2958/1319/2666 2957/1313/2666 2972/1315/2666 2973/1320/2666
f 2966/1321/2555 2965/1317/2555 2980/1318/2555 2981/1322/2555
f 2959/1323/2556 2958/1319/2556 2973/1320/2556 2974/1324/2556
f 2967/1325/2557 2966/1321/2557 2981/1322/2557 2982/1326/2557
f 2960/1327/2558 2959/1323/2558 2974/1324/2558 2975/1328/2558
f 2968/1329/2667 2967/1325/2667 2982/1326/2667 2983/1330/2667
f 2961/1331/2668 2960/1327/2668 2975/1328/2668 2976/1332/2668
f 2969/1302/2669 2968/1329/2669 2983/1330/2669 2984/1303/2669
f 2962/1306/2562 2961/1331/2562 2976/1332/2562 2977/1307/2562
f 2974/1324/2670 2973/1320/2670 2988/1333/2670 2989/1334/2670
f 2982/1326/2671 2981/1322/2671 2996/1335/2671 2997/1336/2671
f 2975/1328/2434 2974/1324/2434 2989/1334/2434 2990/1337/2434
f 2983/1330/2186 2982/1326/2186 2997/1336/2186 2998/1338/2186
f 2976/1332/2187 2975/1328/2187 2990/1337/2187 2991/1339/2187
f 2984/1303/2672 2983/1330/2672 2998/1338/2672 2999/1340/2672
f 2977/1307/2567 2976/1332/2567 2991/1339/2567 2992/1341/2567
f 2985/1304/2437 2984/1303/2437 2999/1340/2437 3000/1342/2437
f 2978/1308/2568 2977/1307/2568 2992/1341/2568 2993/1343/2568
f 2986/1310/2438 2985/1304/2438 3000/1342/2438 3001/1344/2438
f 2979/1312/2673 2978/1308/2673 2993/1343/2673 2994/1345/2673
f 2972/1315/2674 2956/1346/2674 2987/1347/2674
f 3152/1348/2675 2986/1310/2675 3001/1344/2675
f 2980/1318/2571 2979/1312/2571 2994/1345/2571 2995/1349/2571
f 2973/1320/2442 2972/1315/2442 2987/1347/2442 2988/1333/2442
f 2981/1322/2198 2980/1318/2198 2995/1349/2198 2996/1335/2198
f 2993/1343/2676 2992/1341/2676 3007/1350/2676 3008/1351/2676
f 3001/1344/2677 3000/1342/2677 3015/1352/2677 3016/1353/2677
f 2994/1345/2574 2993/1343/2574 3008/1351/2574 3009/1354/2574
f 2987/1347/2678 2956/1355/2678 3002/1356/2678
f 3152/1357/2679 3001/1344/2679 3016/1353/2679
f 2995/1349/2446 2994/1345/2446 3009/1354/2446 3010/1358/2446
f 2988/1333/2447 2987/1347/2447 3002/1356/2447 3003/1359/2447
f 2996/1335/2680 2995/1349/2680 3010/1358/2680 3011/1360/2680
f 2989/1334/2681 2988/1333/2681 3003/1359/2681 3004/1361/2681
f 2997/1336/2208 2996/1335/2208 3011/1360/2208 3012/1362/2208
f 2990/1337/2450 2989/1334/2450 3004/1361/2450 3005/1363/2450
f 2998/1338/2579 2997/1336/2579 3012/1362/2579 3013/1364/2579
f 2991/1339/2682 2990/1337/2682 3005/1363/2682 3006/1365/2682
f 2999/1340/2212 2998/1338/2212 3013/1364/2212 3014/1366/2212
f 2992/1341/2213 2991/1339/2213 3006/1365/2213 3007/1350/2213
f 3000/1342/2452 2999/1340/2452 3014/1366/2452 3015/1352/2452
f 3012/1362/2215 3011/1360/2215 3026/1367/2215 3027/1368/2215
f 3005/1363/2453 3004/1361/2453 3019/1369/2453 3020/1370/2453
f 3013/1364/2683 3012/1362/2683 3027/1368/2683 3028/1371/2683
f 3006/1365/2218 3005/1363/2218 3020/1370/2218 3021/1372/2218
f 3014/1366/2455 3013/1364/2455 3028/1371/2455 3029/1373/2455
f 3007/1350/2220 3006/1365/2220 3021/1372/2220 3022/1374/2220
f 3015/1352/2684 3014/1366/2684 3029/1373/2684 3030/1375/2684
f 3008/1351/2685 3007/1350/2685 3022/1374/2685 3023/1376/2685
f 3016/1353/2686 3015/1352/2686 3030/1375/2686 3031/1377/2686
f 3009/1354/2224 3008/1351/2224 3023/1376/2224 3024/1378/2224
f 3002/1356/2225 2956/1379/2225 3017/1380/2225
f 3152/1381/2687 3016/1353/2687 3031/1377/2687
f 3010/1358/2227 3009/1354/2227 3024/1378/2227 3025/1382/2227
f 3003/1359/2459 3002/1356/2459 3017/1380/2459 3018/1383/2459
f 3011/1360/2460 3010/1358/2460 3025/1382/2460 3026/1367/2460
f 3004/1361/2688 3003/1359/2688 3018/1383/2688 3019/1369/2688
f 3031/1377/2689 3030/1375/2689 3045/1384/2689 3046/1385/2689
f 3024/1378/2232 3023/1376/2232 3038/1386/2232 3039/1387/2232
f 3017/1380/2690 2956/1388/2690 3032/1389/2690
f 3152/1390/2464 3031/1377/2464 3046/1385/2464
f 3025/1382/2235 3024/1378/2235 3039/1387/2235 3040/1391/2235
f 3018/1383/2236 3017/1380/2236 3032/1389/2236 3033/1392/2236
f 3026/1367/2237 3025/1382/2237 3040/1391/2237 3041/1393/2237
f 3019/1369/2465 3018/1383/2465 3033/1392/2465 3034/1394/2465
f 3027/1368/2239 3026/1367/2239 3041/1393/2239 3042/1395/2239
f 3020/1370/2466 3019/1369/2466 3034/1394/2466 3035/1396/2466
f 3028/1371/2241 3027/1368/2241 3042/1395/2241 3043/1397/2241
f 3021/1372/2242 3020/1370/2242 3035/1396/2242 3036/1398/2242
f 3029/1373/2468 3028/1371/2468 3043/1397/2468 3044/1399/2468
f 3022/1374/2244 3021/1372/2244 3036/1398/2244 3037/1400/2244
f 3030/1375/2691 3029/1373/2691 3044/1399/2691 3045/1384/2691
f 3023/1376/2246 3022/1374/2246 3037/1400/2246 3038/1386/2246
f 3035/1396/2470 3034/1394/2470 3049/1401/2470 3050/1402/2470
f 3043/1397/2248 3042/1395/2248 3057/1403/2248 3058/1404/2248
f 3036/1398/2249 3035/1396/2249 3050/1402/2249 3051/1405/2249
f 3044/1399/2471 3043/1397/2471 3058/1404/2471 3059/1406/2471
f 3037/1400/2251 3036/1398/2251 3051/1405/2251 3052/1407/2251
f 3045/1384/2472 3044/1399/2472 3059/1406/2472 3060/1408/2472
f 3038/1386/2253 3037/1400/2253 3052/1407/2253 3053/1409/2253
f 3046/1385/2692 3045/1384/2692 3060/1408/2692 3061/1410/2692
f 3039/1387/2255 3038/1386/2255 3053/1409/2255 3054/1411/2255
f 3032/1389/2592 2956/1412/2592 3047/1413/2592
f 3152/1414/2693 3046/1385/2693 3061/1410/2693
f 3040/1391/2258 3039/1387/2258 3054/1411/2258 3055/1415/2258
f 3033/1392/2594 3032/1389/2594 3047/1413/2594 3048/1416/2594
f 3041/1393/2260 3040/1391/2260 3055/1415/2260 3056/1417/2260
f 3034/1394/2261 3033/1392/2261 3048/1416/2261 3049/1401/2261
f 3042/1395/2262 3041/1393/2262 3056/1417/2262 3057/1403/2262
f 3054/1411/2263 3053/1409/2263 3068/1418/2263 3069/1419/2263
f 3047/1413/2694 2956/1420/2694 3062/1421/2694
f 3152/1422/2695 3061/1410/2695 3076/1423/2695
f 3055/1415/2266 3054/1411/2266 3069/1419/2266 3070/1424/2266
f 3048/1416/2696 3047/1413/2696 3062/1421/2696 3063/1425/2696
f 3056/1417/2268 3055/1415/2268 3070/1424/2268 3071/1426/2268
f 3049/1401/2478 3048/1416/2478 3063/1425/2478 3064/1427/2478
f 3057/1403/2270 3056/1417/2270 3071/1426/2270 3072/1428/2270
f 3050/1402/2271 3049/1401/2271 3064/1427/2271 3065/1429/2271
f 3058/1404/2480 3057/1403/2480 3072/1428/2480 3073/1430/2480
f 3051/1405/2273 3050/1402/2273 3065/1429/2273 3066/1431/2273
f 3059/1406/2481 3058/1404/2481 3073/1430/2481 3074/1432/2481
f 3052/1407/2275 3051/1405/2275 3066/1431/2275 3067/1433/2275
f 3060/1408/2482 3059/1406/2482 3074/1432/2482 3075/1434/2482
f 3053/1409/2277 3052/1407/2277 3067/1433/2277 3068/1418/2277
f 3061/1410/2697 3060/1408/2697 3075/1434/2697 3076/1423/2697
f 3073/1430/2698 3072/1428/2698 3087/1435/2698 3088/1436/2698
f 3066/1431/2484 3065/1429/2484 3080/1437/2484 3081/1438/2484
f 3074/1432/2485 3073/1430/2485 3088/1436/2485 3089/1439/2485
f 3067/1433/2282 3066/1431/2282 3081/1438/2282 3082/1440/2282
f 3075/1434/2283 3074/1432/2283 3089/1439/2283 3090/1441/2283
f 3068/1418/2284 3067/1433/2284 3082/1440/2284 3083/1442/2284
f 3076/1423/2285 3075/1434/2285 3090/1441/2285 3091/1443/2285
f 3069/1419/2286 3068/1418/2286 3083/1442/2286 3084/1444/2286
f 3062/1421/2699 2956/1445/2699 3077/1446/2699
f 3152/1447/2288 3076/1423/2288 3091/1443/2288
f 3070/1424/2289 3069/1419/2289 3084/1444/2289 3085/1448/2289
f 3063/1425/2600 3062/1421/2600 3077/1446/2600 3078/1449/2600
f 3071/1426/2291 3070/1424/2291 3085/1448/2291 3086/1450/2291
f 3064/1427/2292 3063/1425/2292 3078/1449/2292 3079/1451/2292
f 3072/1428/2293 3071/1426/2293 3086/1450/2293 3087/1435/2293
f 3065/1429/2488 3064/1427/2488 3079/1451/2488 3080/1437/2488
f 3152/1452/2700 3091/1443/2700 3106/1453/2700
f 3085/1448/2296 3084/1444/2296 3099/1454/2296 3100/1455/2296
f 3078/1449/2297 3077/1446/2297 3092/1456/2297 3093/1457/2297
f 3086/1450/2298 3085/1448/2298 3100/1455/2298 3101/1458/2298
f 3079/1451/2603 3078/1449/2603 3093/1457/2603 3094/1459/2603
f 3087/1435/2300 3086/1450/2300 3101/1458/2300 3102/1460/2300
f 3080/1437/2701 3079/1451/2701 3094/1459/2701 3095/1461/2701
f 3088/1436/2702 3087/1435/2702 3102/1460/2702 3103/1462/2702
f 3081/1438/2703 3080/1437/2703 3095/1461/2703 3096/1463/2703
f 3089/1439/2704 3088/1436/2704 3103/1462/2704 3104/1464/2704
f 3082/1440/2305 3081/1438/2305 3096/1463/2305 3097/1465/2305
f 3090/1441/2306 3089/1439/2306 3104/1464/2306 3105/1466/2306
f 3083/1442/2307 3082/1440/2307 3097/1465/2307 3098/1467/2307
f 3091/1443/2492 3090/1441/2492 3105/1466/2492 3106/1453/2492
f 3084/1444/2309 3083/1442/2309 3098/1467/2309 3099/1454/2309
f 3077/1446/2310 2956/1468/2310 3092/1456/2310
f 3104/1464/2605 3103/1462/2605 3118/1469/2605 3119/1470/2605
f 3097/1465/2312 3096/1463/2312 3111/1471/2312 3112/1472/2312
f 3105/1466/2493 3104/1464/2493 3119/1470/2493 3120/1473/2493
f 3098/1467/2314 3097/1465/2314 3112/1472/2314 3113/1474/2314
f 3106/1453/2705 3105/1466/2705 3120/1473/2705 3121/1475/2705
f 3099/1454/2316 3098/1467/2316 3113/1474/2316 3114/1476/2316
f 3092/1456/2706 2956/1477/2706 3107/1478/2706
f 3152/1479/2707 3106/1453/2707 3121/1475/2707
f 3100/1455/2319 3099/1454/2319 3114/1476/2319 3115/1480/2319
f 3093/1457/2708 3092/1456/2708 3107/1478/2708 3108/1481/2708
f 3101/1458/2321 3100/1455/2321 3115/1480/2321 3116/1482/2321
f 3094/1459/2610 3093/1457/2610 3108/1481/2610 3109/1483/2610
f 3102/1460/2323 3101/1458/2323 3116/1482/2323 3117/1484/2323
f 3095/1461/2498 3094/1459/2498 3109/1483/2498 3110/1485/2498
f 3103/1462/2325 3102/1460/2325 3117/1484/2325 3118/1469/2325
f 3096/1463/2499 3095/1461/2499 3110/1485/2499 3111/1471/2499
f 3108/1481/2611 3107/1478/2611 3122/1486/2611 3123/1487/2611
f 3116/1482/2328 3115/1480/2328 3130/1488/2328 3131/1489/2328
f 3109/1483/2329 3108/1481/2329 3123/1487/2329 3124/1490/2329
f 3117/1484/2330 3116/1482/2330 3131/1489/2330 3132/1491/2330
f 3110/1485/2501 3109/1483/2501 3124/1490/2501 3125/1492/2501
f 3118/1469/2612 3117/1484/2612 3132/1491/2612 3133/1493/2612
f 3111/1471/2613 3110/1485/2613 3125/1492/2613 3126/1494/2613
f 3119/1470/2502 3118/1469/2502 3133/1493/2502 3134/1495/2502
f 3112/1472/2335 3111/1471/2335 3126/1494/2335 3127/1496/2335
f 3120/1473/2709 3119/1470/2709 3134/1495/2709 3135/1497/2709
f 3113/1474/2337 3112/1472/2337 3127/1496/2337 3128/1498/2337
f 3121/1475/2710 3120/1473/2710 3135/1497/2710 3136/1499/2710
f 3114/1476/2339 3113/1474/2339 3128/1498/2339 3129/1500/2339
f 3107/1478/2505 2956/1501/2505 3122/1486/2505
f 3152/1502/2711 3121/1475/2711 3136/1499/2711
f 3115/1480/2342 3114/1476/2342 3129/1500/2342 3130/1488/2342
f 3127/1496/2343 3126/1494/2343 3141/1503/2343 3142/1504/2343
f 3135/1497/2712 3134/1495/2712 3149/1505/2712 3150/1506/2712
f 3128/1498/2345 3127/1496/2345 3142/1504/2345 3143/1507/2345
f 3136/1499/2713 3135/1497/2713 3150/1506/2713 3151/1508/2713
f 3129/1500/2347 3128/1498/2347 3143/1507/2347 3144/1509/2347
f 3122/1486/2617 2956/1510/2617 3137/1511/2617
f 3152/1512/2714 3136/1499/2714 3151/1508/2714
f 3130/1488/2350 3129/1500/2350 3144/1509/2350 3145/1513/2350
f 3123/1487/2715 3122/1486/2715 3137/1511/2715 3138/1514/2715
f 3131/1489/2352 3130/1488/2352 3145/1513/2352 3146/1515/2352
f 3124/1490/2510 3123/1487/2510 3138/1514/2510 3139/1516/2510
f 3132/1491/2354 3131/1489/2354 3146/1515/2354 3147/1517/2354
f 3125/1492/2620 3124/1490/2620 3139/1516/2620 3140/1518/2620
f 3133/1493/2716 3132/1491/2716 3147/1517/2716 3148/1519/2716
f 3126/1494/2717 3125/1492/2717 3140/1518/2717 3141/1503/2717
f 3134/1495/2621 3133/1493/2621 3148/1519/2621 3149/1505/2621
f 3146/1515/2622 3145/1513/2622 3161/1520/2622 3162/1521/2622
f 3139/1516/2512 3138/1514/2512 3154/1522/2512 3155/1523/2512
f 3147/1517/2361 3146/1515/2361 3162/1521/2361 3163/1524/2361
f 3140/1518/2718 3139/1516/2718 3155/1523/2718 3156/1525/2718
f 3148/1519/2363 3147/1517/2363 3163/1524/2363 3164/1526/2363
f 3141/1503/2364 3140/1518/2364 3156/1525/2364 3157/1527/2364
f 3149/1505/2719 3148/1519/2719 3164/1526/2719 3165/1528/2719
f 3142/1504/2366 3141/1503/2366 3157/1527/2366 3158/1529/2366
f 3150/1506/2514 3149/1505/2514 3165/1528/2514 3166/1530/2514
f 3143/1507/2626 3142/1504/2626 3158/1529/2626 3159/1531/2626
f 3151/1508/2515 3150/1506/2515 3166/1530/2515 3167/1532/2515
f 3144/1509/2370 3143/1507/2370 3159/1531/2370 3160/1533/2370
f 3137/1511/2516 2956/1534/2516 3153/1535/2516
f 3152/1536/2517 3151/1508/2517 3167/1532/2517
f 3145/1513/2373 3144/1509/2373 3160/1533/2373 3161/1520/2373
f 3138/1514/2720 3137/1511/2720 3153/1535/2720 3154/1522/2720
f 3166/1530/2721 3165/1528/2721 3180/1537/2721 3181/1538/2721
f 3159/1531/2376 3158/1529/2376 3173/1539/2376 3174/1540/2376
f 3167/1532/2520 3166/1530/2520 3181/1538/2520 3182/1541/2520
f 3160/1533/2630 3159/1531/2630 3174/1540/2630 3175/1542/2630
f 3153/1535/2631 2956/1543/2631 3168/1544/2631
f 3152/1545/2722 3167/1532/2722 3182/1541/2722
f 3161/1520/2633 3160/1533/2633 3175/1542/2633 3176/1546/2633
f 3154/1522/2723 3153/1535/2723 3168/1544/2723 3169/1547/2723
f 3162/1521/2383 3161/1520/2383 3176/1546/2383 3177/1548/2383
f 3155/1523/2522 3154/1522/2522 3169/1547/2522 3170/1549/2522
f 3163/1524/2635 3162/1521/2635 3177/1548/2635 3178/1550/2635
f 3156/1525/2724 3155/1523/2724 3170/1549/2724 3171/1551/2724
f 3164/1526/2725 3163/1524/2725 3178/1550/2725 3179/1552/2725
f 3157/1527/2524 3156/1525/2524 3171/1551/2524 3172/1553/2524
f 3165/1528/2726 3164/1526/2726 3179/1552/2726 3180/1537/2726
f 3158/1529/2638 3157/1527/2638 3172/1553/2638 3173/1539/2638
f 3170/1549/2639 3169/1547/2639 3184/1554/2639 3185/1555/2639
f 3178/1550/2392 3177/1548/2392 3192/1556/2392 3193/1557/2392
f 3171/1551/2727 3170/1549/2727 3185/1555/2727 3186/1558/2727
f 3179/1552/2394 3178/1550/2394 3193/1557/2394 3194/1559/2394
f 3172/1553/2395 3171/1551/2395 3186/1558/2395 3187/1560/2395
f 3180/1537/2728 3179/1552/2728 3194/1559/2728 3195/1561/2728
f 3173/1539/2397 3172/1553/2397 3187/1560/2397 3188/1562/2397
f 3181/1538/2729 3180/1537/2729 3195/1561/2729 3196/1563/2729
f 3174/1540/2643 3173/1539/2643 3188/1562/2643 3189/1564/2643
f 3182/1541/2532 3181/1538/2532 3196/1563/2532 3197/1565/2532
f 3175/1542/2730 3174/1540/2730 3189/1564/2730 3190/1566/2730
f 3168/1544/2534 2956/1567/2534 3183/1568/2534
f 3152/1569/2403 3182/1541/2403 3197/1565/2403
f 3176/1546/2404 3175/1542/2404 3190/1566/2404 3191/1570/2404
f 3169/1547/2731 3168/1544/2731 3183/1568/2731 3184/1554/2731
f 3177/1548/2732 3176/1546/2732 3191/1570/2732 3192/1556/2732
f 3189/1564/2649 3188/1562/2649 3203/1571/2649 3204/1572/2649
f 3197/1565/2650 3196/1563/2650 3211/1573/2650 3212/1574/2650
f 3190/1566/2733 3189/1564/2733 3204/1572/2733 3205/1575/2733
f 3183/1568/2410 2956/1576/2410 3198/1577/2410
f 3152/1578/2734 3197/1565/2734 3212/1574/2734
f 3191/1570/2735 3190/1566/2735 3205/1575/2735 3206/1579/2735
f 3184/1554/2541 3183/1568/2541 3198/1577/2541 3199/1580/2541
f 3192/1556/2736 3191/1570/2736 3206/1579/2736 3207/1581/2736
f 3185/1555/2737 3184/1554/2737 3199/1580/2737 3200/1582/2737
f 3193/1557/2738 3192/1556/2738 3207/1581/2738 3208/1583/2738
f 3186/1558/2739 3185/1555/2739 3200/1582/2739 3201/1584/2739
f 3194/1559/2740 3193/1557/2740 3208/1583/2740 3209/1585/2740
f 3187/1560/2741 3186/1558/2741 3201/1584/2741 3202/1586/2741
f 3195/1561/2742 3194/1559/2742 3209/1585/2742 3210/1587/2742
f 3188/1562/2660 3187/1560/2660 3202/1586/2660 3203/1571/2660
f 3196/1563/2422 3195/1561/2422 3210/1587/2422 3211/1573/2422
f 2958/1319/2423 2959/1323/2423 2960/1327/2423 2961/1331/2423 2962/1306/2423 2963/1305/2423 2964/1311/2423 2965/1317/2423 2966/1321/2423 2967/1325/2423 2968/1329/2423 2969/1302/2423 2970/1301/2423 2971/1309/2423 3152/1316/2423 3212/1574/2423 3211/1573/2423 3210/1587/2423 3209/1585/2423 3208/1583/2423 3207/1581/2423 3206/1579/2423 3205/1575/2423 3204/1572/2423 3203/1571/2423 3202/1586/2423 3201/1584/2423 3200/1582/2423 3199/1580/2423 3198/1577/2423 2956/1576/2423 2957/1313/2423
