# Blender 4.5.2 LTS
# www.blender.org
mtllib co2 detector.mtl
o co2_detector
v -1.742037 0.983285 -0.655912
v -1.734775 1.061607 -0.656084
v -1.744639 0.983081 -0.858431
v -1.737378 1.061404 -0.858603
v -1.721476 0.981378 -0.656174
v -1.714215 1.0597 -0.656346
v -1.724079 0.981175 -0.858693
v -1.716818 1.059497 -0.858865
v -1.745977 0.424443 -0.432648
v -1.700337 1.348077 -0.432648
v -1.745977 0.424443 -1.06771
v -1.700337 1.348077 -1.06771
v -1.631392 0.424443 -0.432648
v -1.631392 1.350622 -0.432648
v -1.631392 0.424443 -1.06771
v -1.631392 1.350622 -1.06771
v -1.741472 0.865271 -0.437004
v -1.741472 0.865271 -1.072066
v -1.631392 0.862726 -1.06771
v -1.631392 0.862726 -0.432648
v -1.756656 0.576382 -0.931952
v -1.756656 0.585799 -0.941369
v -1.756656 0.598103 -0.946466
v -1.756656 0.604762 -0.947122
v -1.756656 0.611421 -0.946466
v -1.756656 0.623725 -0.941369
v -1.756656 0.57063 -0.91299
v -1.756656 0.571286 -0.906331
v -1.756656 0.573228 -0.899928
v -1.756656 0.576382 -0.894027
v -1.756656 0.580627 -0.888855
v -1.756656 0.585799 -0.88461
v -1.756656 0.5917 -0.881456
v -1.756656 0.598103 -0.879514
v -1.756656 0.604762 -0.878858
v -1.756656 0.611421 -0.879514
v -1.756656 0.617824 -0.881456
v -1.756656 0.623725 -0.88461
v -1.756656 0.628897 -0.888855
v -1.756656 0.633142 -0.894027
v -1.756656 0.636296 -0.899928
v -1.756656 0.638238 -0.906331
v -1.755357 0.571286 -0.906459
v -1.754108 0.573228 -0.900179
v -1.752957 0.576382 -0.894391
v -1.751948 0.580627 -0.889319
v -1.75112 0.585799 -0.885155
v -1.750504 0.5917 -0.882062
v -1.750125 0.598103 -0.880157
v -1.749997 0.604762 -0.879514
v -1.750125 0.611421 -0.880157
v -1.750504 0.617824 -0.882062
v -1.75112 0.623725 -0.885155
v -1.751948 0.628897 -0.889319
v -1.752957 0.633142 -0.894391
v -1.754108 0.636296 -0.900179
v -1.755357 0.638238 -0.906459
v -1.754108 0.571286 -0.906838
v -1.751658 0.573228 -0.900922
v -1.7494 0.576382 -0.895471
v -1.74742 0.580627 -0.890692
v -1.745796 0.585799 -0.88677
v -1.744589 0.5917 -0.883856
v -1.743846 0.598103 -0.882062
v -1.743595 0.604762 -0.881456
v -1.743846 0.611421 -0.882062
v -1.744589 0.617824 -0.883856
v -1.745796 0.623725 -0.88677
v -1.74742 0.628897 -0.890692
v -1.7494 0.633142 -0.895471
v -1.751658 0.636296 -0.900922
v -1.754108 0.638238 -0.906838
v -1.752957 0.571286 -0.907453
v -1.7494 0.573228 -0.902129
v -1.746121 0.576382 -0.897223
v -1.743248 0.580627 -0.892922
v -1.740889 0.585799 -0.889393
v -1.739137 0.5917 -0.88677
v -1.738058 0.598103 -0.885155
v -1.737694 0.604762 -0.88461
v -1.738058 0.611421 -0.885155
v -1.739137 0.617824 -0.88677
v -1.740889 0.623725 -0.889393
v -1.743248 0.628897 -0.892922
v -1.746121 0.633142 -0.897223
v -1.7494 0.636296 -0.902129
v -1.752957 0.638238 -0.907453
v -1.751948 0.571286 -0.908281
v -1.74742 0.573228 -0.903754
v -1.743248 0.576382 -0.899581
v -1.73959 0.580627 -0.895924
v -1.736589 0.585799 -0.892922
v -1.734359 0.5917 -0.890692
v -1.732985 0.598103 -0.889319
v -1.732521 0.604762 -0.888855
v -1.732985 0.611421 -0.889319
v -1.734359 0.617824 -0.890692
v -1.736589 0.623725 -0.892922
v -1.73959 0.628897 -0.895924
v -1.743248 0.633142 -0.899581
v -1.74742 0.636296 -0.903754
v -1.751948 0.638238 -0.908281
v -1.756656 0.638894 -0.91299
v -1.75112 0.571286 -0.90929
v -1.745796 0.573228 -0.905733
v -1.740889 0.576382 -0.902455
v -1.736589 0.580627 -0.899581
v -1.73306 0.585799 -0.897223
v -1.730437 0.5917 -0.895471
v -1.728822 0.598103 -0.894391
v -1.728277 0.604762 -0.894027
v -1.728822 0.611421 -0.894391
v -1.730437 0.617824 -0.895471
v -1.73306 0.623725 -0.897223
v -1.736589 0.628897 -0.899581
v -1.740889 0.633142 -0.902455
v -1.745796 0.636296 -0.905733
v -1.75112 0.638238 -0.90929
v -1.750504 0.571286 -0.910442
v -1.744589 0.573228 -0.907991
v -1.739137 0.576382 -0.905733
v -1.734359 0.580627 -0.903754
v -1.730437 0.585799 -0.902129
v -1.727523 0.5917 -0.900922
v -1.725728 0.598103 -0.900179
v -1.725123 0.604762 -0.899928
v -1.725728 0.611421 -0.900179
v -1.727523 0.617824 -0.900922
v -1.730437 0.623725 -0.902129
v -1.734359 0.628897 -0.903754
v -1.739137 0.633142 -0.905733
v -1.744589 0.636296 -0.907991
v -1.750504 0.638238 -0.910442
v -1.750125 0.571286 -0.911691
v -1.743846 0.573228 -0.910442
v -1.738058 0.576382 -0.90929
v -1.732985 0.580627 -0.908281
v -1.728822 0.585799 -0.907453
v -1.725728 0.5917 -0.906838
v -1.723823 0.598103 -0.906459
v -1.72318 0.604762 -0.906331
v -1.723823 0.611421 -0.906459
v -1.725728 0.617824 -0.906838
v -1.728822 0.623725 -0.907453
v -1.732985 0.628897 -0.908281
v -1.738058 0.633142 -0.90929
v -1.743846 0.636296 -0.910442
v -1.750125 0.638238 -0.911691
v -1.749997 0.571286 -0.91299
v -1.743595 0.573228 -0.91299
v -1.737694 0.576382 -0.91299
v -1.732521 0.580627 -0.91299
v -1.728277 0.585799 -0.91299
v -1.725123 0.5917 -0.91299
v -1.72318 0.598103 -0.91299
v -1.722524 0.604762 -0.91299
v -1.72318 0.611421 -0.91299
v -1.725123 0.617824 -0.91299
v -1.728277 0.623725 -0.91299
v -1.732521 0.628897 -0.91299
v -1.737694 0.633142 -0.91299
v -1.743595 0.636296 -0.91299
v -1.749997 0.638238 -0.91299
v -1.750125 0.571286 -0.914289
v -1.743846 0.573228 -0.915538
v -1.738058 0.576382 -0.916689
v -1.732985 0.580627 -0.917698
v -1.728822 0.585799 -0.918526
v -1.725728 0.5917 -0.919142
v -1.723823 0.598103 -0.919521
v -1.72318 0.604762 -0.919649
v -1.723823 0.611421 -0.919521
v -1.725728 0.617824 -0.919142
v -1.728822 0.623725 -0.918526
v -1.732985 0.628897 -0.917698
v -1.738058 0.633142 -0.916689
v -1.743846 0.636296 -0.915538
v -1.750125 0.638238 -0.914289
v -1.750504 0.571286 -0.915538
v -1.744589 0.573228 -0.917988
v -1.739137 0.576382 -0.920246
v -1.734359 0.580627 -0.922226
v -1.730437 0.585799 -0.92385
v -1.727523 0.5917 -0.925057
v -1.725728 0.598103 -0.925801
v -1.725123 0.604762 -0.926051
v -1.725728 0.611421 -0.925801
v -1.727523 0.617824 -0.925057
v -1.730437 0.623725 -0.92385
v -1.734359 0.628897 -0.922226
v -1.739137 0.633142 -0.920246
v -1.744589 0.636296 -0.917988
v -1.750504 0.638238 -0.915538
v -1.75112 0.571286 -0.916689
v -1.745796 0.573228 -0.920246
v -1.740889 0.576382 -0.923525
v -1.736589 0.580627 -0.926398
v -1.73306 0.585799 -0.928757
v -1.730437 0.5917 -0.930509
v -1.728822 0.598103 -0.931588
v -1.728277 0.604762 -0.931952
v -1.728822 0.611421 -0.931588
v -1.730437 0.617824 -0.930509
v -1.73306 0.623725 -0.928757
v -1.736589 0.628897 -0.926398
v -1.740889 0.633142 -0.923525
v -1.745796 0.636296 -0.920246
v -1.75112 0.638238 -0.916689
v -1.751948 0.571286 -0.917698
v -1.74742 0.573228 -0.922226
v -1.743248 0.576382 -0.926398
v -1.73959 0.580627 -0.930056
v -1.736589 0.585799 -0.933057
v -1.734359 0.5917 -0.935288
v -1.732985 0.598103 -0.936661
v -1.732521 0.604762 -0.937125
v -1.732985 0.611421 -0.936661
v -1.734359 0.617824 -0.935288
v -1.736589 0.623725 -0.933057
v -1.73959 0.628897 -0.930056
v -1.743248 0.633142 -0.926398
v -1.74742 0.636296 -0.922226
v -1.751948 0.638238 -0.917698
v -1.752957 0.571286 -0.918526
v -1.7494 0.573228 -0.92385
v -1.746121 0.576382 -0.928757
v -1.743248 0.580627 -0.933057
v -1.740889 0.585799 -0.936587
v -1.739137 0.5917 -0.939209
v -1.738058 0.598103 -0.940824
v -1.737694 0.604762 -0.941369
v -1.738058 0.611421 -0.940824
v -1.739137 0.617824 -0.939209
v -1.740889 0.623725 -0.936587
v -1.743248 0.628897 -0.933057
v -1.746121 0.633142 -0.928757
v -1.7494 0.636296 -0.92385
v -1.752957 0.638238 -0.918526
v -1.754108 0.571286 -0.919142
v -1.751658 0.573228 -0.925057
v -1.7494 0.576382 -0.930509
v -1.74742 0.580627 -0.935288
v -1.745796 0.585799 -0.939209
v -1.744589 0.5917 -0.942123
v -1.743846 0.598103 -0.943918
v -1.743595 0.604762 -0.944524
v -1.743846 0.611421 -0.943918
v -1.744589 0.617824 -0.942123
v -1.745796 0.623725 -0.939209
v -1.74742 0.628897 -0.935288
v -1.7494 0.633142 -0.930509
v -1.751658 0.636296 -0.925057
v -1.754108 0.638238 -0.919142
v -1.755357 0.571286 -0.919521
v -1.754108 0.573228 -0.925801
v -1.752957 0.576382 -0.931588
v -1.751948 0.580627 -0.936661
v -1.75112 0.585799 -0.940824
v -1.750504 0.5917 -0.943918
v -1.750125 0.598103 -0.945823
v -1.749997 0.604762 -0.946466
v -1.750125 0.611421 -0.945823
v -1.750504 0.617824 -0.943918
v -1.75112 0.623725 -0.940824
v -1.751948 0.628897 -0.936661
v -1.752957 0.633142 -0.931588
v -1.754108 0.636296 -0.925801
v -1.755357 0.638238 -0.919521
v -1.756656 0.571286 -0.919649
v -1.756656 0.573228 -0.926051
v -1.756656 0.580627 -0.937125
v -1.756656 0.5917 -0.944524
v -1.756656 0.617824 -0.944524
v -1.756656 0.628897 -0.937125
v -1.756656 0.633142 -0.931952
v -1.756656 0.636296 -0.926051
v -1.756656 0.638238 -0.919649
v -1.756656 0.576382 -0.823759
v -1.756656 0.585799 -0.833176
v -1.756656 0.598103 -0.838272
v -1.756656 0.604762 -0.838928
v -1.756656 0.611421 -0.838272
v -1.756656 0.623725 -0.833176
v -1.756656 0.57063 -0.804796
v -1.756656 0.571286 -0.798137
v -1.756656 0.573228 -0.791734
v -1.756656 0.576382 -0.785833
v -1.756656 0.580627 -0.780661
v -1.756656 0.585799 -0.776416
v -1.756656 0.5917 -0.773262
v -1.756656 0.598103 -0.77132
v -1.756656 0.604762 -0.770664
v -1.756656 0.611421 -0.77132
v -1.756656 0.617824 -0.773262
v -1.756656 0.623725 -0.776416
v -1.756656 0.628897 -0.780661
v -1.756656 0.633142 -0.785833
v -1.756656 0.636296 -0.791734
v -1.756656 0.638238 -0.798137
v -1.755357 0.571286 -0.798265
v -1.754108 0.573228 -0.791985
v -1.752957 0.576382 -0.786198
v -1.751948 0.580627 -0.781125
v -1.75112 0.585799 -0.776962
v -1.750504 0.5917 -0.773868
v -1.750125 0.598103 -0.771963
v -1.749997 0.604762 -0.77132
v -1.750125 0.611421 -0.771963
v -1.750504 0.617824 -0.773868
v -1.75112 0.623725 -0.776962
v -1.751948 0.628897 -0.781125
v -1.752957 0.633142 -0.786198
v -1.754108 0.636296 -0.791985
v -1.755357 0.638238 -0.798265
v -1.754108 0.571286 -0.798644
v -1.751658 0.573228 -0.792728
v -1.7494 0.576382 -0.787277
v -1.74742 0.580627 -0.782498
v -1.745796 0.585799 -0.778577
v -1.744589 0.5917 -0.775663
v -1.743846 0.598103 -0.773868
v -1.743595 0.604762 -0.773262
v -1.743846 0.611421 -0.773868
v -1.744589 0.617824 -0.775663
v -1.745796 0.623725 -0.778577
v -1.74742 0.628897 -0.782498
v -1.7494 0.633142 -0.787277
v -1.751658 0.636296 -0.792728
v -1.754108 0.638238 -0.798644
v -1.752957 0.571286 -0.799259
v -1.7494 0.573228 -0.793936
v -1.746121 0.576382 -0.789029
v -1.743248 0.580627 -0.784729
v -1.740889 0.585799 -0.781199
v -1.739137 0.5917 -0.778577
v -1.738058 0.598103 -0.776962
v -1.737694 0.604762 -0.776416
v -1.738058 0.611421 -0.776962
v -1.739137 0.617824 -0.778577
v -1.740889 0.623725 -0.781199
v -1.743248 0.628897 -0.784729
v -1.746121 0.633142 -0.789029
v -1.7494 0.636296 -0.793936
v -1.752957 0.638238 -0.799259
v -1.751948 0.571286 -0.800088
v -1.74742 0.573228 -0.79556
v -1.743248 0.576382 -0.791387
v -1.73959 0.580627 -0.78773
v -1.736589 0.585799 -0.784729
v -1.734359 0.5917 -0.782498
v -1.732985 0.598103 -0.781125
v -1.732521 0.604762 -0.780661
v -1.732985 0.611421 -0.781125
v -1.734359 0.617824 -0.782498
v -1.736589 0.623725 -0.784729
v -1.73959 0.628897 -0.78773
v -1.743248 0.633142 -0.791387
v -1.74742 0.636296 -0.79556
v -1.751948 0.638238 -0.800087
v -1.756656 0.638894 -0.804796
v -1.75112 0.571286 -0.801097
v -1.745796 0.573228 -0.797539
v -1.740889 0.576382 -0.794261
v -1.736589 0.580627 -0.791387
v -1.73306 0.585799 -0.789029
v -1.730437 0.5917 -0.787277
v -1.728822 0.598103 -0.786198
v -1.728277 0.604762 -0.785833
v -1.728822 0.611421 -0.786198
v -1.730437 0.617824 -0.787277
v -1.73306 0.623725 -0.789029
v -1.736589 0.628897 -0.791387
v -1.740889 0.633142 -0.794261
v -1.745796 0.636296 -0.797539
v -1.75112 0.638238 -0.801096
v -1.750504 0.571286 -0.802248
v -1.744589 0.573228 -0.799797
v -1.739137 0.576382 -0.797539
v -1.734359 0.580627 -0.79556
v -1.730437 0.585799 -0.793936
v -1.727523 0.5917 -0.792728
v -1.725728 0.598103 -0.791985
v -1.725123 0.604762 -0.791734
v -1.725728 0.611421 -0.791985
v -1.727523 0.617824 -0.792728
v -1.730437 0.623725 -0.793936
v -1.734359 0.628897 -0.79556
v -1.739137 0.633142 -0.797539
v -1.744589 0.636296 -0.799797
v -1.750504 0.638238 -0.802248
v -1.750125 0.571286 -0.803497
v -1.743846 0.573228 -0.802248
v -1.738058 0.576382 -0.801097
v -1.732985 0.580627 -0.800087
v -1.728822 0.585799 -0.799259
v -1.725728 0.5917 -0.798644
v -1.723823 0.598103 -0.798265
v -1.72318 0.604762 -0.798137
v -1.723823 0.611421 -0.798265
v -1.725728 0.617824 -0.798644
v -1.728822 0.623725 -0.799259
v -1.732985 0.628897 -0.800087
v -1.738058 0.633142 -0.801096
v -1.743846 0.636296 -0.802248
v -1.750125 0.638238 -0.803497
v -1.749997 0.571286 -0.804796
v -1.743595 0.573228 -0.804796
v -1.737694 0.576382 -0.804796
v -1.732521 0.580627 -0.804796
v -1.728277 0.585799 -0.804796
v -1.725123 0.5917 -0.804796
v -1.72318 0.598103 -0.804796
v -1.722524 0.604762 -0.804796
v -1.72318 0.611421 -0.804796
v -1.725123 0.617824 -0.804796
v -1.728277 0.623725 -0.804796
v -1.732521 0.628897 -0.804796
v -1.737694 0.633142 -0.804796
v -1.743595 0.636296 -0.804796
v -1.749997 0.638238 -0.804796
v -1.750125 0.571286 -0.806095
v -1.743846 0.573228 -0.807344
v -1.738058 0.576382 -0.808495
v -1.732985 0.580627 -0.809504
v -1.728822 0.585799 -0.810333
v -1.725728 0.5917 -0.810948
v -1.723823 0.598103 -0.811327
v -1.72318 0.604762 -0.811455
v -1.723823 0.611421 -0.811327
v -1.725728 0.617824 -0.810948
v -1.728822 0.623725 -0.810333
v -1.732985 0.628897 -0.809504
v -1.738058 0.633142 -0.808495
v -1.743846 0.636296 -0.807344
v -1.750125 0.638238 -0.806095
v -1.750504 0.571286 -0.807344
v -1.744589 0.573228 -0.809794
v -1.739137 0.576382 -0.812053
v -1.734359 0.580627 -0.814032
v -1.730437 0.585799 -0.815656
v -1.727523 0.5917 -0.816863
v -1.725728 0.598103 -0.817607
v -1.725123 0.604762 -0.817858
v -1.725728 0.611421 -0.817607
v -1.727523 0.617824 -0.816863
v -1.730437 0.623725 -0.815656
v -1.734359 0.628897 -0.814032
v -1.739137 0.633142 -0.812053
v -1.744589 0.636296 -0.809794
v -1.750504 0.638238 -0.807344
v -1.75112 0.571286 -0.808495
v -1.745796 0.573228 -0.812053
v -1.740889 0.576382 -0.815331
v -1.736589 0.580627 -0.818205
v -1.73306 0.585799 -0.820563
v -1.730437 0.5917 -0.822315
v -1.728822 0.598103 -0.823394
v -1.728277 0.604762 -0.823759
v -1.728822 0.611421 -0.823394
v -1.730437 0.617824 -0.822315
v -1.73306 0.623725 -0.820563
v -1.736589 0.628897 -0.818205
v -1.740889 0.633142 -0.815331
v -1.745796 0.636296 -0.812053
v -1.75112 0.638238 -0.808495
v -1.751948 0.571286 -0.809504
v -1.74742 0.573228 -0.814032
v -1.743248 0.576382 -0.818205
v -1.73959 0.580627 -0.821862
v -1.736589 0.585799 -0.824863
v -1.734359 0.5917 -0.827094
v -1.732985 0.598103 -0.828467
v -1.732521 0.604762 -0.828931
v -1.732985 0.611421 -0.828467
v -1.734359 0.617824 -0.827094
v -1.736589 0.623725 -0.824863
v -1.73959 0.628897 -0.821862
v -1.743248 0.633142 -0.818205
v -1.74742 0.636296 -0.814032
v -1.751948 0.638238 -0.809504
v -1.752957 0.571286 -0.810333
v -1.7494 0.573228 -0.815656
v -1.746121 0.576382 -0.820563
v -1.743248 0.580627 -0.824863
v -1.740889 0.585799 -0.828393
v -1.739137 0.5917 -0.831015
v -1.738058 0.598103 -0.83263
v -1.737694 0.604762 -0.833176
v -1.738058 0.611421 -0.83263
v -1.739137 0.617824 -0.831015
v -1.740889 0.623725 -0.828393
v -1.743248 0.628897 -0.824863
v -1.746121 0.633142 -0.820563
v -1.7494 0.636296 -0.815656
v -1.752957 0.638238 -0.810333
v -1.754108 0.571286 -0.810948
v -1.751658 0.573228 -0.816863
v -1.7494 0.576382 -0.822315
v -1.74742 0.580627 -0.827094
v -1.745796 0.585799 -0.831015
v -1.744589 0.5917 -0.833929
v -1.743846 0.598103 -0.835724
v -1.743595 0.604762 -0.83633
v -1.743846 0.611421 -0.835724
v -1.744589 0.617824 -0.833929
v -1.745796 0.623725 -0.831015
v -1.74742 0.628897 -0.827094
v -1.7494 0.633142 -0.822315
v -1.751658 0.636296 -0.816863
v -1.754108 0.638238 -0.810948
v -1.755357 0.571286 -0.811327
v -1.754108 0.573228 -0.817607
v -1.752957 0.576382 -0.823394
v -1.751948 0.580627 -0.828467
v -1.75112 0.585799 -0.83263
v -1.750504 0.5917 -0.835724
v -1.750125 0.598103 -0.837629
v -1.749997 0.604762 -0.838272
v -1.750125 0.611421 -0.837629
v -1.750504 0.617824 -0.835724
v -1.75112 0.623725 -0.83263
v -1.751948 0.628897 -0.828467
v -1.752957 0.633142 -0.823394
v -1.754108 0.636296 -0.817607
v -1.755357 0.638238 -0.811327
v -1.756656 0.571286 -0.811455
v -1.756656 0.573228 -0.817858
v -1.756656 0.580627 -0.828931
v -1.756656 0.5917 -0.83633
v -1.756656 0.617824 -0.83633
v -1.756656 0.628897 -0.828931
v -1.756656 0.633142 -0.823759
v -1.756656 0.636296 -0.817858
v -1.756656 0.638238 -0.811455
v -1.756656 0.576382 -0.714067
v -1.756656 0.585799 -0.723484
v -1.756656 0.598103 -0.728581
v -1.756656 0.604762 -0.729236
v -1.756656 0.611421 -0.728581
v -1.756656 0.623725 -0.723484
v -1.756656 0.57063 -0.695105
v -1.756656 0.571286 -0.688446
v -1.756656 0.573228 -0.682043
v -1.756656 0.576382 -0.676142
v -1.756656 0.580627 -0.67097
v -1.756656 0.585799 -0.666725
v -1.756656 0.5917 -0.663571
v -1.756656 0.598103 -0.661629
v -1.756656 0.604762 -0.660973
v -1.756656 0.611421 -0.661629
v -1.756656 0.617824 -0.663571
v -1.756656 0.623725 -0.666725
v -1.756656 0.628897 -0.67097
v -1.756656 0.633142 -0.676142
v -1.756656 0.636296 -0.682043
v -1.756656 0.638238 -0.688446
v -1.755357 0.571286 -0.688574
v -1.754108 0.573228 -0.682294
v -1.752957 0.576382 -0.676506
v -1.751948 0.580627 -0.671433
v -1.75112 0.585799 -0.66727
v -1.750504 0.5917 -0.664177
v -1.750125 0.598103 -0.662272
v -1.749997 0.604762 -0.661629
v -1.750125 0.611421 -0.662272
v -1.750504 0.617824 -0.664177
v -1.75112 0.623725 -0.66727
v -1.751948 0.628897 -0.671433
v -1.752957 0.633142 -0.676506
v -1.754108 0.636296 -0.682294
v -1.755357 0.638238 -0.688574
v -1.754108 0.571286 -0.688953
v -1.751658 0.573228 -0.683037
v -1.7494 0.576382 -0.677585
v -1.74742 0.580627 -0.672807
v -1.745796 0.585799 -0.668885
v -1.744589 0.5917 -0.665971
v -1.743846 0.598103 -0.664177
v -1.743595 0.604762 -0.663571
v -1.743846 0.611421 -0.664177
v -1.744589 0.617824 -0.665971
v -1.745796 0.623725 -0.668885
v -1.74742 0.628897 -0.672807
v -1.7494 0.633142 -0.677585
v -1.751658 0.636296 -0.683037
v -1.754108 0.638238 -0.688953
v -1.752957 0.571286 -0.689568
v -1.7494 0.573228 -0.684244
v -1.746121 0.576382 -0.679338
v -1.743248 0.580627 -0.675037
v -1.740889 0.585799 -0.671508
v -1.739137 0.5917 -0.668885
v -1.738058 0.598103 -0.66727
v -1.737694 0.604762 -0.666725
v -1.738058 0.611421 -0.66727
v -1.739137 0.617824 -0.668885
v -1.740889 0.623725 -0.671508
v -1.743248 0.628897 -0.675037
v -1.746121 0.633142 -0.679338
v -1.7494 0.636296 -0.684244
v -1.752957 0.638238 -0.689568
v -1.751948 0.571286 -0.690396
v -1.74742 0.573228 -0.685869
v -1.743248 0.576382 -0.681696
v -1.73959 0.580627 -0.678039
v -1.736589 0.585799 -0.675037
v -1.734359 0.5917 -0.672807
v -1.732985 0.598103 -0.671433
v -1.732521 0.604762 -0.67097
v -1.732985 0.611421 -0.671433
v -1.734359 0.617824 -0.672807
v -1.736589 0.623725 -0.675037
v -1.73959 0.628897 -0.678039
v -1.743248 0.633142 -0.681696
v -1.74742 0.636296 -0.685869
v -1.751948 0.638238 -0.690396
v -1.756656 0.638894 -0.695105
v -1.75112 0.571286 -0.691405
v -1.745796 0.573228 -0.687848
v -1.740889 0.576382 -0.68457
v -1.736589 0.580627 -0.681696
v -1.73306 0.585799 -0.679338
v -1.730437 0.5917 -0.677585
v -1.728822 0.598103 -0.676506
v -1.728277 0.604762 -0.676142
v -1.728822 0.611421 -0.676506
v -1.730437 0.617824 -0.677585
v -1.73306 0.623725 -0.679338
v -1.736589 0.628897 -0.681696
v -1.740889 0.633142 -0.684569
v -1.745796 0.636296 -0.687848
v -1.75112 0.638238 -0.691405
v -1.750504 0.571286 -0.692556
v -1.744589 0.573228 -0.690106
v -1.739137 0.576382 -0.687848
v -1.734359 0.580627 -0.685869
v -1.730437 0.585799 -0.684244
v -1.727523 0.5917 -0.683037
v -1.725728 0.598103 -0.682294
v -1.725123 0.604762 -0.682043
v -1.725728 0.611421 -0.682294
v -1.727523 0.617824 -0.683037
v -1.730437 0.623725 -0.684244
v -1.734359 0.628897 -0.685869
v -1.739137 0.633142 -0.687848
v -1.744589 0.636296 -0.690106
v -1.750504 0.638238 -0.692556
v -1.750125 0.571286 -0.693806
v -1.743846 0.573228 -0.692556
v -1.738058 0.576382 -0.691405
v -1.732985 0.580627 -0.690396
v -1.728822 0.585799 -0.689568
v -1.725728 0.5917 -0.688953
v -1.723823 0.598103 -0.688574
v -1.72318 0.604762 -0.688446
v -1.723823 0.611421 -0.688574
v -1.725728 0.617824 -0.688953
v -1.728822 0.623725 -0.689568
v -1.732985 0.628897 -0.690396
v -1.738058 0.633142 -0.691405
v -1.743846 0.636296 -0.692556
v -1.750125 0.638238 -0.693806
v -1.749997 0.571286 -0.695105
v -1.743595 0.573228 -0.695105
v -1.737694 0.576382 -0.695105
v -1.732521 0.580627 -0.695105
v -1.728277 0.585799 -0.695105
v -1.725123 0.5917 -0.695105
v -1.72318 0.598103 -0.695105
v -1.722524 0.604762 -0.695105
v -1.72318 0.611421 -0.695105
v -1.725123 0.617824 -0.695105
v -1.728277 0.623725 -0.695105
v -1.732521 0.628897 -0.695105
v -1.737694 0.633142 -0.695105
v -1.743595 0.636296 -0.695105
v -1.749997 0.638238 -0.695105
v -1.750125 0.571286 -0.696404
v -1.743846 0.573228 -0.697653
v -1.738058 0.576382 -0.698804
v -1.732985 0.580627 -0.699813
v -1.728822 0.585799 -0.700641
v -1.725728 0.5917 -0.701257
v -1.723823 0.598103 -0.701635
v -1.72318 0.604762 -0.701763
v -1.723823 0.611421 -0.701635
v -1.725728 0.617824 -0.701257
v -1.728822 0.623725 -0.700641
v -1.732985 0.628897 -0.699813
v -1.738058 0.633142 -0.698804
v -1.743846 0.636296 -0.697653
v -1.750125 0.638238 -0.696404
v -1.750504 0.571286 -0.697653
v -1.744589 0.573228 -0.700103
v -1.739137 0.576382 -0.702361
v -1.734359 0.580627 -0.704341
v -1.730437 0.585799 -0.705965
v -1.727523 0.5917 -0.707172
v -1.725728 0.598103 -0.707915
v -1.725123 0.604762 -0.708166
v -1.725728 0.611421 -0.707915
v -1.727523 0.617824 -0.707172
v -1.730437 0.623725 -0.705965
v -1.734359 0.628897 -0.704341
v -1.739137 0.633142 -0.702361
v -1.744589 0.636296 -0.700103
v -1.750504 0.638238 -0.697653
v -1.75112 0.571286 -0.698804
v -1.745796 0.573228 -0.702361
v -1.740889 0.576382 -0.70564
v -1.736589 0.580627 -0.708513
v -1.73306 0.585799 -0.710871
v -1.730437 0.5917 -0.712624
v -1.728822 0.598103 -0.713703
v -1.728277 0.604762 -0.714067
v -1.728822 0.611421 -0.713703
v -1.730437 0.617824 -0.712624
v -1.73306 0.623725 -0.710871
v -1.736589 0.628897 -0.708513
v -1.740889 0.633142 -0.70564
v -1.745796 0.636296 -0.702361
v -1.75112 0.638238 -0.698804
v -1.751948 0.571286 -0.699813
v -1.74742 0.573228 -0.704341
v -1.743248 0.576382 -0.708513
v -1.73959 0.580627 -0.712171
v -1.736589 0.585799 -0.715172
v -1.734359 0.5917 -0.717402
v -1.732985 0.598103 -0.718776
v -1.732521 0.604762 -0.719239
v -1.732985 0.611421 -0.718776
v -1.734359 0.617824 -0.717402
v -1.736589 0.623725 -0.715172
v -1.73959 0.628897 -0.712171
v -1.743248 0.633142 -0.708513
v -1.74742 0.636296 -0.704341
v -1.751948 0.638238 -0.699813
v -1.752957 0.571286 -0.700641
v -1.7494 0.573228 -0.705965
v -1.746121 0.576382 -0.710871
v -1.743248 0.580627 -0.715172
v -1.740889 0.585799 -0.718701
v -1.739137 0.5917 -0.721324
v -1.738058 0.598103 -0.722939
v -1.737694 0.604762 -0.723484
v -1.738058 0.611421 -0.722939
v -1.739137 0.617824 -0.721324
v -1.740889 0.623725 -0.718701
v -1.743248 0.628897 -0.715172
v -1.746121 0.633142 -0.710871
v -1.7494 0.636296 -0.705965
v -1.752957 0.638238 -0.700641
v -1.754108 0.571286 -0.701257
v -1.751658 0.573228 -0.707172
v -1.7494 0.576382 -0.712624
v -1.74742 0.580627 -0.717402
v -1.745796 0.585799 -0.721324
v -1.744589 0.5917 -0.724238
v -1.743846 0.598103 -0.726032
v -1.743595 0.604762 -0.726638
v -1.743846 0.611421 -0.726032
v -1.744589 0.617824 -0.724238
v -1.745796 0.623725 -0.721324
v -1.74742 0.628897 -0.717402
v -1.7494 0.633142 -0.712624
v -1.751658 0.636296 -0.707172
v -1.754108 0.638238 -0.701257
v -1.755357 0.571286 -0.701635
v -1.754108 0.573228 -0.707915
v -1.752957 0.576382 -0.713703
v -1.751948 0.580627 -0.718776
v -1.75112 0.585799 -0.722939
v -1.750504 0.5917 -0.726032
v -1.750125 0.598103 -0.727937
v -1.749997 0.604762 -0.728581
v -1.750125 0.611421 -0.727937
v -1.750504 0.617824 -0.726032
v -1.75112 0.623725 -0.722939
v -1.751948 0.628897 -0.718776
v -1.752957 0.633142 -0.713703
v -1.754108 0.636296 -0.707915
v -1.755357 0.638238 -0.701635
v -1.756656 0.571286 -0.701763
v -1.756656 0.573228 -0.708166
v -1.756656 0.580627 -0.71924
v -1.756656 0.5917 -0.726638
v -1.756656 0.617824 -0.726638
v -1.756656 0.628897 -0.719239
v -1.756656 0.633142 -0.714067
v -1.756656 0.636296 -0.708166
v -1.756656 0.638238 -0.701763
v -1.756656 0.576382 -0.605314
v -1.756656 0.585799 -0.614731
v -1.756656 0.598103 -0.619827
v -1.756656 0.604762 -0.620483
v -1.756656 0.611421 -0.619827
v -1.756656 0.623725 -0.614731
v -1.756656 0.57063 -0.586351
v -1.756656 0.571286 -0.579692
v -1.756656 0.573228 -0.573289
v -1.756656 0.576382 -0.567388
v -1.756656 0.580627 -0.562216
v -1.756656 0.585799 -0.557971
v -1.756656 0.5917 -0.554817
v -1.756656 0.598103 -0.552875
v -1.756656 0.604762 -0.552219
v -1.756656 0.611421 -0.552875
v -1.756656 0.617824 -0.554817
v -1.756656 0.623725 -0.557971
v -1.756656 0.628897 -0.562216
v -1.756656 0.633142 -0.567388
v -1.756656 0.636296 -0.573289
v -1.756656 0.638238 -0.579692
v -1.755357 0.571286 -0.57982
v -1.754108 0.573228 -0.57354
v -1.752957 0.576382 -0.567753
v -1.751948 0.580627 -0.56268
v -1.75112 0.585799 -0.558517
v -1.750504 0.5917 -0.555423
v -1.750125 0.598103 -0.553518
v -1.749997 0.604762 -0.552875
v -1.750125 0.611421 -0.553518
v -1.750504 0.617824 -0.555423
v -1.75112 0.623725 -0.558517
v -1.751948 0.628897 -0.56268
v -1.752957 0.633142 -0.567753
v -1.754108 0.636296 -0.57354
v -1.755357 0.638238 -0.57982
v -1.754108 0.571286 -0.580199
v -1.751658 0.573228 -0.574283
v -1.7494 0.576382 -0.568832
v -1.74742 0.580627 -0.564053
v -1.745796 0.585799 -0.560132
v -1.744589 0.5917 -0.557218
v -1.743846 0.598103 -0.555423
v -1.743595 0.604762 -0.554817
v -1.743846 0.611421 -0.555423
v -1.744589 0.617824 -0.557218
v -1.745796 0.623725 -0.560132
v -1.74742 0.628897 -0.564053
v -1.7494 0.633142 -0.568832
v -1.751658 0.636296 -0.574283
v -1.754108 0.638238 -0.580199
v -1.752957 0.571286 -0.580814
v -1.7494 0.573228 -0.575491
v -1.746121 0.576382 -0.570584
v -1.743248 0.580627 -0.566283
v -1.740889 0.585799 -0.562754
v -1.739137 0.5917 -0.560132
v -1.738058 0.598103 -0.558517
v -1.737694 0.604762 -0.557971
v -1.738058 0.611421 -0.558517
v -1.739137 0.617824 -0.560132
v -1.740889 0.623725 -0.562754
v -1.743248 0.628897 -0.566283
v -1.746121 0.633142 -0.570584
v -1.7494 0.636296 -0.57549
v -1.752957 0.638238 -0.580814
v -1.751948 0.571286 -0.581642
v -1.74742 0.573228 -0.577115
v -1.743248 0.576382 -0.572942
v -1.73959 0.580627 -0.569285
v -1.736589 0.585799 -0.566283
v -1.734359 0.5917 -0.564053
v -1.732985 0.598103 -0.56268
v -1.732521 0.604762 -0.562216
v -1.732985 0.611421 -0.56268
v -1.734359 0.617824 -0.564053
v -1.736589 0.623725 -0.566283
v -1.73959 0.628897 -0.569285
v -1.743248 0.633142 -0.572942
v -1.74742 0.636296 -0.577115
v -1.751948 0.638238 -0.581642
v -1.756656 0.638894 -0.586351
v -1.75112 0.571286 -0.582651
v -1.745796 0.573228 -0.579094
v -1.740889 0.576382 -0.575816
v -1.736589 0.580627 -0.572942
v -1.73306 0.585799 -0.570584
v -1.730437 0.5917 -0.568832
v -1.728822 0.598103 -0.567753
v -1.728277 0.604762 -0.567388
v -1.728822 0.611421 -0.567753
v -1.730437 0.617824 -0.568832
v -1.73306 0.623725 -0.570584
v -1.736589 0.628897 -0.572942
v -1.740889 0.633142 -0.575816
v -1.745796 0.636296 -0.579094
v -1.75112 0.638238 -0.582651
v -1.750504 0.571286 -0.583803
v -1.744589 0.573228 -0.581352
v -1.739137 0.576382 -0.579094
v -1.734359 0.580627 -0.577115
v -1.730437 0.585799 -0.575491
v -1.727523 0.5917 -0.574283
v -1.725728 0.598103 -0.57354
v -1.725123 0.604762 -0.573289
v -1.725728 0.611421 -0.57354
v -1.727523 0.617824 -0.574283
v -1.730437 0.623725 -0.57549
v -1.734359 0.628897 -0.577115
v -1.739137 0.633142 -0.579094
v -1.744589 0.636296 -0.581352
v -1.750504 0.638238 -0.583803
v -1.750125 0.571286 -0.585052
v -1.743846 0.573228 -0.583803
v -1.738058 0.576382 -0.582651
v -1.732985 0.580627 -0.581642
v -1.728822 0.585799 -0.580814
v -1.725728 0.5917 -0.580199
v -1.723823 0.598103 -0.57982
v -1.72318 0.604762 -0.579692
v -1.723823 0.611421 -0.57982
v -1.725728 0.617824 -0.580199
v -1.728822 0.623725 -0.580814
v -1.732985 0.628897 -0.581642
v -1.738058 0.633142 -0.582651
v -1.743846 0.636296 -0.583803
v -1.750125 0.638238 -0.585052
v -1.749997 0.571286 -0.586351
v -1.743595 0.573228 -0.586351
v -1.737694 0.576382 -0.586351
v -1.732521 0.580627 -0.586351
v -1.728277 0.585799 -0.586351
v -1.725123 0.5917 -0.586351
v -1.72318 0.598103 -0.586351
v -1.722524 0.604762 -0.586351
v -1.72318 0.611421 -0.586351
v -1.725123 0.617824 -0.586351
v -1.728277 0.623725 -0.586351
v -1.732521 0.628897 -0.586351
v -1.737694 0.633142 -0.586351
v -1.743595 0.636296 -0.586351
v -1.749997 0.638238 -0.586351
v -1.750125 0.571286 -0.58765
v -1.743846 0.573228 -0.588899
v -1.738058 0.576382 -0.59005
v -1.732985 0.580627 -0.591059
v -1.728822 0.585799 -0.591888
v -1.725728 0.5917 -0.592503
v -1.723823 0.598103 -0.592882
v -1.72318 0.604762 -0.59301
v -1.723823 0.611421 -0.592882
v -1.725728 0.617824 -0.592503
v -1.728822 0.623725 -0.591887
v -1.732985 0.628897 -0.591059
v -1.738058 0.633142 -0.59005
v -1.743846 0.636296 -0.588899
v -1.750125 0.638238 -0.58765
v -1.750504 0.571286 -0.588899
v -1.744589 0.573228 -0.591349
v -1.739137 0.576382 -0.593608
v -1.734359 0.580627 -0.595587
v -1.730437 0.585799 -0.597211
v -1.727523 0.5917 -0.598418
v -1.725728 0.598103 -0.599162
v -1.725123 0.604762 -0.599413
v -1.725728 0.611421 -0.599162
v -1.727523 0.617824 -0.598418
v -1.730437 0.623725 -0.597211
v -1.734359 0.628897 -0.595587
v -1.739137 0.633142 -0.593608
v -1.744589 0.636296 -0.591349
v -1.750504 0.638238 -0.588899
v -1.75112 0.571286 -0.59005
v -1.745796 0.573228 -0.593608
v -1.740889 0.576382 -0.596886
v -1.736589 0.580627 -0.59976
v -1.73306 0.585799 -0.602118
v -1.730437 0.5917 -0.60387
v -1.728822 0.598103 -0.604949
v -1.728277 0.604762 -0.605314
v -1.728822 0.611421 -0.604949
v -1.730437 0.617824 -0.60387
v -1.73306 0.623725 -0.602118
v -1.736589 0.628897 -0.59976
v -1.740889 0.633142 -0.596886
v -1.745796 0.636296 -0.593608
v -1.75112 0.638238 -0.59005
v -1.751948 0.571286 -0.591059
v -1.74742 0.573228 -0.595587
v -1.743248 0.576382 -0.59976
v -1.73959 0.580627 -0.603417
v -1.736589 0.585799 -0.606418
v -1.734359 0.5917 -0.608649
v -1.732985 0.598103 -0.610022
v -1.732521 0.604762 -0.610486
v -1.732985 0.611421 -0.610022
v -1.734359 0.617824 -0.608649
v -1.736589 0.623725 -0.606418
v -1.73959 0.628897 -0.603417
v -1.743248 0.633142 -0.59976
v -1.74742 0.636296 -0.595587
v -1.751948 0.638238 -0.591059
v -1.752957 0.571286 -0.591888
v -1.7494 0.573228 -0.597211
v -1.746121 0.576382 -0.602118
v -1.743248 0.580627 -0.606418
v -1.740889 0.585799 -0.609948
v -1.739137 0.5917 -0.61257
v -1.738058 0.598103 -0.614185
v -1.737694 0.604762 -0.614731
v -1.738058 0.611421 -0.614185
v -1.739137 0.617824 -0.61257
v -1.740889 0.623725 -0.609948
v -1.743248 0.628897 -0.606418
v -1.746121 0.633142 -0.602118
v -1.7494 0.636296 -0.597211
v -1.752957 0.638238 -0.591887
v -1.754108 0.571286 -0.592503
v -1.751658 0.573228 -0.598418
v -1.7494 0.576382 -0.60387
v -1.74742 0.580627 -0.608649
v -1.745796 0.585799 -0.61257
v -1.744589 0.5917 -0.615484
v -1.743846 0.598103 -0.617279
v -1.743595 0.604762 -0.617885
v -1.743846 0.611421 -0.617279
v -1.744589 0.617824 -0.615484
v -1.745796 0.623725 -0.61257
v -1.74742 0.628897 -0.608649
v -1.7494 0.633142 -0.60387
v -1.751658 0.636296 -0.598418
v -1.754108 0.638238 -0.592503
v -1.755357 0.571286 -0.592882
v -1.754108 0.573228 -0.599162
v -1.752957 0.576382 -0.604949
v -1.751948 0.580627 -0.610022
v -1.75112 0.585799 -0.614185
v -1.750504 0.5917 -0.617279
v -1.750125 0.598103 -0.619184
v -1.749997 0.604762 -0.619827
v -1.750125 0.611421 -0.619184
v -1.750504 0.617824 -0.617279
v -1.75112 0.623725 -0.614185
v -1.751948 0.628897 -0.610022
v -1.752957 0.633142 -0.604949
v -1.754108 0.636296 -0.599162
v -1.755357 0.638238 -0.592882
v -1.756656 0.571286 -0.59301
v -1.756656 0.573228 -0.599413
v -1.756656 0.580627 -0.610486
v -1.756656 0.5917 -0.617885
v -1.756656 0.617824 -0.617885
v -1.756656 0.628897 -0.610486
v -1.756656 0.633142 -0.605314
v -1.756656 0.636296 -0.599413
v -1.756656 0.638238 -0.59301
v -1.754819 0.511089 -0.48503
v -1.716104 1.212146 -0.48503
v -1.754819 0.511089 -1.018285
v -1.716104 1.212146 -1.018285
v -1.694376 0.511089 -0.48503
v -1.694376 1.215415 -0.48503
v -1.694376 0.511089 -1.018285
v -1.694376 1.215415 -1.018285
v -1.749954 0.847657 -0.488688
v -1.749954 0.847657 -1.021943
v -1.694376 0.844388 -1.018285
v -1.694376 0.844388 -0.48503
v -1.751352 0.801176 -0.902332
v -1.751352 0.801176 -0.610219
v -1.750798 0.839551 -0.902332
v -1.750798 0.839551 -0.610219
v -1.744716 0.91191 -0.693525
v -1.744715 0.911925 -0.586254
v -1.742123 0.939838 -0.693525
v -1.742121 0.939853 -0.586254
v -1.740997 0.999492 -0.935254
v -1.740997 0.999492 -0.873731
v -1.740997 1.036549 -0.935254
v -1.740997 1.036549 -0.873731
v -1.736017 1.005578 -0.639243
v -1.736013 1.005622 -0.575739
v -1.733869 1.028707 -0.639243
v -1.733865 1.028751 -0.575739
v -1.757382 0.594352 -0.938054
v -1.757382 0.594352 -0.888801
v -1.757382 0.616565 -0.938054
v -1.757382 0.616565 -0.888801
v -1.757382 0.593884 -0.826829
v -1.757382 0.593884 -0.781964
v -1.757382 0.615127 -0.826829
v -1.757382 0.615127 -0.781964
v -1.757382 0.590511 -0.675116
v -1.757382 0.590511 -0.715218
v -1.757382 0.626883 -0.675116
v -1.757382 0.626883 -0.715218
v -1.757382 0.626999 -0.605969
v -1.757382 0.627 -0.566702
v -1.757382 0.591385 -0.605969
v -1.757382 0.591385 -0.566702
v -1.743236 0.927847 -0.745639
v -1.742942 0.931011 -0.745325
v -1.74266 0.934052 -0.744394
v -1.7424 0.936856 -0.742883
v -1.742171 0.939313 -0.740849
v -1.741984 0.941329 -0.738371
v -1.741845 0.942828 -0.735543
v -1.741759 0.943751 -0.732475
v -1.74173 0.944062 -0.729285
v -1.741759 0.943751 -0.726094
v -1.741845 0.942828 -0.723026
v -1.741984 0.941329 -0.720198
v -1.742171 0.939313 -0.71772
v -1.7424 0.936856 -0.715686
v -1.74266 0.934052 -0.714175
v -1.742942 0.931011 -0.713244
v -1.743236 0.927847 -0.71293
v -1.74353 0.924684 -0.713244
v -1.743812 0.921642 -0.714175
v -1.744073 0.918839 -0.715686
v -1.744301 0.916382 -0.71772
v -1.744488 0.914365 -0.720198
v -1.744627 0.912867 -0.723026
v -1.744713 0.911944 -0.726094
v -1.744742 0.911633 -0.729285
v -1.744713 0.911944 -0.732475
v -1.744627 0.912867 -0.735543
v -1.744488 0.914365 -0.738371
v -1.744301 0.916382 -0.740849
v -1.744073 0.918839 -0.742883
v -1.743812 0.921642 -0.744394
v -1.74353 0.924684 -0.745325
v -1.743001 0.930376 -0.742108
v -1.743236 0.927847 -0.742359
v -1.742775 0.932808 -0.741363
v -1.742567 0.935049 -0.740155
v -1.742385 0.937013 -0.738529
v -1.742235 0.938625 -0.736548
v -1.742124 0.939823 -0.734288
v -1.742056 0.940561 -0.731835
v -1.742032 0.94081 -0.729285
v -1.742056 0.940561 -0.726734
v -1.742124 0.939823 -0.724281
v -1.742235 0.938625 -0.722021
v -1.742385 0.937013 -0.72004
v -1.742567 0.935049 -0.718414
v -1.742775 0.932808 -0.717206
v -1.743001 0.930376 -0.716462
v -1.743236 0.927847 -0.71621
v -1.743471 0.925319 -0.716462
v -1.743697 0.922887 -0.717206
v -1.743905 0.920646 -0.718414
v -1.744087 0.918682 -0.72004
v -1.744237 0.91707 -0.722021
v -1.744348 0.915872 -0.724281
v -1.744417 0.915134 -0.726734
v -1.74444 0.914885 -0.729285
v -1.744417 0.915134 -0.731835
v -1.744348 0.915872 -0.734288
v -1.744237 0.91707 -0.736548
v -1.744087 0.918682 -0.738529
v -1.743905 0.920646 -0.740155
v -1.743697 0.922887 -0.741363
v -1.743471 0.925319 -0.742107
vn -0.9956 0.0923 0.0127
vn -0.0129 -0.001 -0.9999
vn 0.9956 -0.0923 -0.0127
vn 0.0129 0.001 0.9999
vn -0.0923 -0.9957 0.0022
vn 0.0923 0.9957 -0.0022
vn -0.9964 0.0849 0
vn 0.0243 0.0035 -0.9997
vn 1 0 0
vn -0.0243 -0.0035 0.9997
vn 0 -1 0
vn -0.0369 0.9993 0
vn -0.0193 0.0051 0.9998
vn 0.0193 -0.0051 -0.9998
vn -0.9999 0.0102 0
vn -1 0 0
vn 0.0759 0.6326 0.7708
vn 0.0759 -0.6326 0.7708
vn 0.0624 0.7715 0.6332
vn 0.0865 -0.4696 0.8786
vn 0.0464 0.881 0.4709
vn 0.0938 -0.289 0.9527
vn 0.0286 0.9565 0.2902
vn 0.0976 -0.0976 0.9904
vn 0.0096 -0.9951 0.098
vn 0.0097 0.9951 0.098
vn 0.0976 0.0976 0.9904
vn 0.0286 -0.9565 0.2902
vn 0.0938 0.289 0.9527
vn 0.0464 -0.881 0.4709
vn 0.0865 0.4696 0.8786
vn 0.0624 -0.7715 0.6332
vn 0.0285 0.9951 0.0942
vn 0.2889 0.0975 0.9524
vn 0.0846 -0.9566 0.279
vn 0.2779 0.289 0.9161
vn 0.1374 -0.881 0.4528
vn 0.2563 0.4696 0.8448
vn 0.1847 -0.7715 0.6088
vn 0.2248 0.6326 0.7412
vn 0.2248 -0.6326 0.7412
vn 0.1847 0.7715 0.6088
vn 0.2563 -0.4696 0.8448
vn 0.1374 0.881 0.4528
vn 0.2779 -0.289 0.9161
vn 0.0846 0.9565 0.279
vn 0.2889 -0.0975 0.9524
vn 0.0286 -0.9951 0.0942
vn 0.2999 0.7715 0.5611
vn 0.4162 -0.4696 0.7786
vn 0.223 0.881 0.4173
vn 0.4513 -0.289 0.8443
vn 0.1375 0.9565 0.2571
vn 0.4691 -0.0976 0.8777
vn 0.0464 -0.9951 0.0869
vn 0.0464 0.9951 0.0869
vn 0.4692 0.0976 0.8777
vn 0.1375 -0.9565 0.2571
vn 0.4513 0.289 0.8443
vn 0.2231 -0.881 0.4173
vn 0.4162 0.4696 0.7786
vn 0.2999 -0.7715 0.5611
vn 0.3651 0.6326 0.6831
vn 0.3651 -0.6326 0.683
vn 0.185 -0.9566 0.2254
vn 0.6073 0.289 0.74
vn 0.3002 -0.881 0.3658
vn 0.5601 0.4696 0.6825
vn 0.4036 -0.7715 0.4918
vn 0.4913 0.6326 0.5987
vn 0.4913 -0.6326 0.5987
vn 0.4036 0.7715 0.4918
vn 0.5601 -0.4696 0.6825
vn 0.3002 0.881 0.3658
vn 0.6073 -0.289 0.74
vn 0.1849 0.9566 0.2254
vn 0.6314 -0.0975 0.7693
vn 0.0625 -0.9951 0.0761
vn 0.0625 0.9951 0.0761
vn 0.6314 0.0975 0.7693
vn 0.6825 -0.4696 0.5601
vn 0.3658 0.881 0.3002
vn 0.74 -0.289 0.6073
vn 0.2254 0.9565 0.185
vn 0.7693 -0.0975 0.6314
vn 0.0761 -0.9951 0.0625
vn 0.0761 0.9951 0.0625
vn 0.7693 0.0976 0.6314
vn 0.2254 -0.9565 0.185
vn 0.74 0.289 0.6073
vn 0.3658 -0.881 0.3002
vn 0.6825 0.4696 0.5601
vn 0.4918 -0.7715 0.4036
vn 0.5987 0.6326 0.4913
vn 0.5987 -0.6326 0.4913
vn 0.4918 0.7715 0.4036
vn 0.8443 0.289 0.4513
vn 0.4173 -0.881 0.223
vn 0.7786 0.4696 0.4162
vn 0.5611 -0.7715 0.2999
vn 0.6831 0.6326 0.3651
vn 0.6831 -0.6326 0.3651
vn 0.5611 0.7715 0.2999
vn 0.7786 -0.4696 0.4162
vn 0.4173 0.881 0.223
vn 0.8443 -0.289 0.4513
vn 0.2572 0.9565 0.1374
vn 0.8777 -0.0975 0.4691
vn 0.0868 -0.9951 0.0464
vn 0.0869 0.9951 0.0464
vn 0.8777 0.0975 0.4691
vn 0.2571 -0.9565 0.1374
vn 0.4528 0.881 0.1374
vn 0.9161 -0.289 0.2779
vn 0.279 0.9565 0.0847
vn 0.9524 -0.0975 0.2889
vn 0.0943 -0.9951 0.0286
vn 0.0942 0.9951 0.0286
vn 0.9524 0.0975 0.2889
vn 0.279 -0.9565 0.0847
vn 0.9161 0.289 0.2779
vn 0.4528 -0.881 0.1374
vn 0.8448 0.4696 0.2563
vn 0.6088 -0.7715 0.1847
vn 0.7412 0.6326 0.2248
vn 0.7412 -0.6326 0.2248
vn 0.6088 0.7715 0.1847
vn 0.8448 -0.4696 0.2563
vn 0.4709 -0.881 0.0464
vn 0.8786 0.4696 0.0865
vn 0.6332 -0.7715 0.0624
vn 0.7708 0.6326 0.0759
vn 0.7708 -0.6326 0.0759
vn 0.6332 0.7715 0.0624
vn 0.8786 -0.4696 0.0865
vn 0.4709 0.881 0.0464
vn 0.9527 -0.289 0.0938
vn 0.2902 0.9565 0.0286
vn 0.9904 -0.0975 0.0976
vn 0.098 -0.9951 0.0096
vn 0.098 0.9951 0.0096
vn 0.9904 0.0975 0.0975
vn 0.2902 -0.9565 0.0286
vn 0.9527 0.289 0.0938
vn 0.9527 -0.289 -0.0938
vn 0.2902 0.9565 -0.0286
vn 0.9904 -0.0975 -0.0976
vn 0.098 -0.9951 -0.0096
vn 0.098 0.9951 -0.0096
vn 0.9904 0.0975 -0.0975
vn 0.2902 -0.9566 -0.0286
vn 0.9527 0.289 -0.0938
vn 0.4709 -0.881 -0.0464
vn 0.8786 0.4696 -0.0865
vn 0.6332 -0.7715 -0.0624
vn 0.7708 0.6326 -0.0759
vn 0.7708 -0.6326 -0.0759
vn 0.6331 0.7715 -0.0624
vn 0.8786 -0.4696 -0.0865
vn 0.4709 0.881 -0.0464
vn 0.8448 0.4696 -0.2563
vn 0.6088 -0.7715 -0.1847
vn 0.7412 0.6326 -0.2248
vn 0.7412 -0.6326 -0.2248
vn 0.6088 0.7715 -0.1847
vn 0.8448 -0.4696 -0.2563
vn 0.4528 0.881 -0.1374
vn 0.9161 -0.289 -0.2779
vn 0.279 0.9565 -0.0847
vn 0.9524 -0.0975 -0.2889
vn 0.0942 -0.9951 -0.0286
vn 0.0942 0.9951 -0.0286
vn 0.9524 0.0975 -0.2889
vn 0.279 -0.9565 -0.0847
vn 0.9161 0.289 -0.2779
vn 0.4528 -0.881 -0.1374
vn 0.2571 0.9566 -0.1374
vn 0.8777 -0.0975 -0.4691
vn 0.0868 -0.9951 -0.0464
vn 0.0869 0.9951 -0.0464
vn 0.8777 0.0975 -0.4692
vn 0.2572 -0.9565 -0.1374
vn 0.8443 0.289 -0.4513
vn 0.4173 -0.881 -0.223
vn 0.7786 0.4696 -0.4162
vn 0.5611 -0.7715 -0.2999
vn 0.6831 0.6326 -0.3651
vn 0.6831 -0.6326 -0.3651
vn 0.5611 0.7715 -0.2999
vn 0.7786 -0.4696 -0.4162
vn 0.4173 0.881 -0.223
vn 0.8443 -0.289 -0.4513
vn 0.5987 0.6326 -0.4913
vn 0.5987 -0.6326 -0.4913
vn 0.4918 0.7715 -0.4036
vn 0.6825 -0.4696 -0.5601
vn 0.3658 0.881 -0.3002
vn 0.74 -0.289 -0.6073
vn 0.2254 0.9565 -0.185
vn 0.7693 -0.0975 -0.6314
vn 0.0761 -0.9951 -0.0625
vn 0.0761 0.9951 -0.0625
vn 0.7693 0.0975 -0.6314
vn 0.2254 -0.9565 -0.185
vn 0.74 0.289 -0.6073
vn 0.3658 -0.881 -0.3002
vn 0.6825 0.4696 -0.5601
vn 0.4918 -0.7715 -0.4036
vn 0.0625 -0.9951 -0.0761
vn 0.0624 0.9951 -0.0761
vn 0.6314 0.0975 -0.7693
vn 0.185 -0.9566 -0.2254
vn 0.6073 0.289 -0.74
vn 0.3002 -0.881 -0.3658
vn 0.5601 0.4696 -0.6825
vn 0.4036 -0.7715 -0.4918
vn 0.4913 0.6326 -0.5987
vn 0.4913 -0.6326 -0.5987
vn 0.4036 0.7715 -0.4918
vn 0.5601 -0.4696 -0.6825
vn 0.3002 0.881 -0.3658
vn 0.6073 -0.289 -0.74
vn 0.185 0.9566 -0.2254
vn 0.6314 -0.0975 -0.7693
vn 0.3651 -0.6326 -0.683
vn 0.2999 0.7715 -0.5611
vn 0.4162 -0.4696 -0.7786
vn 0.223 0.881 -0.4173
vn 0.4513 -0.289 -0.8443
vn 0.1374 0.9566 -0.2571
vn 0.4692 -0.0975 -0.8777
vn 0.0464 -0.9951 -0.0869
vn 0.0465 0.9951 -0.0869
vn 0.4692 0.0975 -0.8777
vn 0.1374 -0.9566 -0.2571
vn 0.4513 0.289 -0.8443
vn 0.223 -0.881 -0.4173
vn 0.4162 0.4696 -0.7786
vn 0.2999 -0.7715 -0.5611
vn 0.3651 0.6326 -0.6831
vn 0.2889 0.0975 -0.9524
vn 0.0846 -0.9566 -0.279
vn 0.2779 0.289 -0.9161
vn 0.1373 -0.881 -0.4528
vn 0.2563 0.4696 -0.8449
vn 0.1847 -0.7715 -0.6088
vn 0.2248 0.6326 -0.7412
vn 0.2248 -0.6326 -0.7412
vn 0.1847 0.7715 -0.6088
vn 0.2563 -0.4696 -0.8448
vn 0.1373 0.881 -0.4528
vn 0.2779 -0.289 -0.9161
vn 0.0846 0.9565 -0.279
vn 0.2889 -0.0975 -0.9524
vn 0.0286 -0.9951 -0.0942
vn 0.0285 0.9951 -0.0942
vn 0.0624 0.7715 -0.6332
vn 0.0865 -0.4696 -0.8786
vn 0.0464 0.881 -0.4709
vn 0.0938 -0.289 -0.9527
vn 0.0286 0.9565 -0.2902
vn 0.0976 -0.0975 -0.9904
vn 0.0096 -0.9951 -0.098
vn 0.0096 0.9951 -0.098
vn 0.0976 0.0975 -0.9904
vn 0.0286 -0.9565 -0.2902
vn 0.0938 0.289 -0.9527
vn 0.0464 -0.881 -0.4709
vn 0.0865 0.4696 -0.8786
vn 0.0624 -0.7715 -0.6332
vn 0.0759 0.6326 -0.7708
vn 0.0759 -0.6326 -0.7708
vn 0.0976 -0.0975 0.9904
vn 0.0976 0.0975 0.9904
vn 0.1373 -0.881 0.4528
vn 0.1375 0.9566 0.2571
vn 0.4692 -0.0975 0.8777
vn 0.4692 0.0975 0.8777
vn 0.1375 -0.9566 0.2571
vn 0.223 -0.881 0.4173
vn 0.185 -0.9565 0.2254
vn 0.4913 -0.6325 0.5987
vn 0.185 0.9566 0.2254
vn 0.7693 0.0975 0.6314
vn 0.6831 0.6325 0.3651
vn 0.2571 0.9566 0.1374
vn 0.8777 -0.0976 0.4691
vn 0.0868 0.9951 0.0464
vn 0.8777 0.0976 0.4691
vn 0.2571 -0.9566 0.1374
vn 0.2902 -0.9565 -0.0286
vn 0.6332 0.7715 -0.0624
vn 0.0943 -0.9951 -0.0286
vn 0.8777 -0.0975 -0.4692
vn 0.683 0.6326 -0.3651
vn 0.683 -0.6326 -0.3651
vn 0.2254 -0.9566 -0.185
vn 0.1849 0.9566 -0.2254
vn 0.1374 0.9565 -0.2571
vn 0.4692 -0.0976 -0.8777
vn 0.4691 0.0976 -0.8777
vn 0.3651 0.6326 -0.683
vn 0.2563 0.4696 -0.8448
vn 0.1374 0.881 -0.4528
vn 0.0976 -0.0976 -0.9904
vn 0.0976 0.0976 -0.9904
vn 0.0975 0.0975 0.9904
vn 0.0286 0.9951 0.0942
vn 0.2563 0.4696 0.8449
vn 0.1374 0.9566 0.2571
vn 0.2254 -0.9566 0.185
vn 0.683 -0.6326 0.3651
vn 0.2902 0.9566 -0.0286
vn 0.2901 -0.9566 -0.0286
vn 0.0625 0.9951 -0.0761
vn 0.185 -0.9565 -0.2254
vn 0.185 0.9565 -0.2254
vn 0.4691 -0.0975 -0.8777
vn 0.0464 0.9951 -0.0869
vn 0.4691 0.0975 -0.8777
vn 0.2231 -0.881 -0.4173
vn 0.1374 -0.881 -0.4528
vn 0.2563 -0.4696 -0.8449
vn 0.0097 0.9951 -0.098
vn 0.0759 0.6325 -0.7708
vn 0.0975 -0.0975 0.9904
vn 0.2563 -0.4696 0.8449
vn 0.4691 -0.0975 0.8777
vn 0.1374 -0.9566 0.2571
vn 0.2902 -0.9566 0.0286
vn 0.2572 0.9565 -0.1374
vn 0.4914 -0.6325 -0.5987
vn 0.4692 0.0976 -0.8777
vn 0.2889 0.0976 -0.9524
vn 0.2889 -0.0976 -0.9524
vn -0.9957 0.0925 0
vn 0.0473 0.0028 -0.9989
vn -0.0473 -0.0028 0.9989
vn -0.1488 0.9889 0
vn -0.0314 0.0057 0.9995
vn 0.0314 -0.0057 -0.9995
vn -0.9999 0.0145 0
vn 0.9957 -0.0925 0
vn 0.9957 -0.0925 0.0001
vn 0.9957 -0.0925 -0.0001
vt 0.375000 0.000000
vt 0.625000 0.000000
vt 0.625000 0.250000
vt 0.375000 0.250000
vt 0.625000 0.500000
vt 0.375000 0.500000
vt 0.625000 0.750000
vt 0.375000 0.750000
vt 0.625000 1.000000
vt 0.375000 1.000000
vt 0.125000 0.500000
vt 0.125000 0.750000
vt 0.875000 0.500000
vt 0.875000 0.750000
vt 0.403388 0.000000
vt 0.403388 0.250000
vt 0.403388 0.500000
vt 0.403388 0.750000
vt 0.403388 1.000000
vt 0.750000 0.500000
vt 0.750000 0.562500
vt 0.750000 0.625000
vt 0.750000 0.687500
vt 0.750000 0.750000
vt 0.750000 0.812500
vt 0.750000 0.875000
vt 0.750000 0.937500
vt 0.234375 1.000000
vt 0.250000 0.937500
vt 0.250000 0.875000
vt 0.250000 0.812500
vt 0.250000 0.750000
vt 0.250000 0.687500
vt 0.250000 0.625000
vt 0.250000 0.562500
vt 0.250000 0.500000
vt 0.250000 0.437500
vt 0.250000 0.375000
vt 0.250000 0.312500
vt 0.250000 0.250000
vt 0.250000 0.187500
vt 0.250000 0.125000
vt 0.250000 0.062500
vt 0.765625 0.000000
vt 0.750000 0.062500
vt 0.750000 0.125000
vt 0.750000 0.187500
vt 0.750000 0.250000
vt 0.750000 0.312500
vt 0.750000 0.375000
vt 0.750000 0.437500
vt 0.218750 0.312500
vt 0.218750 0.250000
vt 0.218750 0.750000
vt 0.218750 0.687500
vt 0.218750 0.187500
vt 0.218750 0.625000
vt 0.218750 0.125000
vt 0.218750 0.562500
vt 0.218750 0.062500
vt 0.218750 0.500000
vt 0.218750 0.937500
vt 0.234375 0.000000
vt 0.218750 0.437500
vt 0.218750 0.875000
vt 0.218750 0.375000
vt 0.218750 0.812500
vt 0.203125 0.000000
vt 0.187500 0.062500
vt 0.187500 0.500000
vt 0.187500 0.437500
vt 0.187500 0.937500
vt 0.187500 0.875000
vt 0.187500 0.375000
vt 0.187500 0.812500
vt 0.187500 0.312500
vt 0.187500 0.750000
vt 0.187500 0.250000
vt 0.187500 0.687500
vt 0.187500 0.187500
vt 0.187500 0.625000
vt 0.187500 0.125000
vt 0.187500 0.562500
vt 0.203125 1.000000
vt 0.156250 0.250000
vt 0.156250 0.187500
vt 0.156250 0.687500
vt 0.156250 0.625000
vt 0.156250 0.125000
vt 0.156250 0.562500
vt 0.156250 0.062500
vt 0.156250 0.500000
vt 0.171875 1.000000
vt 0.156250 0.937500
vt 0.171875 0.000000
vt 0.156250 0.437500
vt 0.156250 0.875000
vt 0.156250 0.375000
vt 0.156250 0.812500
vt 0.156250 0.312500
vt 0.156250 0.750000
vt 0.125000 0.937500
vt 0.125000 0.875000
vt 0.125000 0.437500
vt 0.125000 0.375000
vt 0.125000 0.812500
vt 0.125000 0.312500
vt 0.125000 0.750000
vt 0.125000 0.250000
vt 0.125000 0.687500
vt 0.125000 0.187500
vt 0.125000 0.625000
vt 0.125000 0.125000
vt 0.125000 0.562500
vt 0.125000 0.062500
vt 0.125000 0.500000
vt 0.140625 1.000000
vt 0.140625 0.000000
vt 0.093750 0.687500
vt 0.093750 0.625000
vt 0.093750 0.187500
vt 0.093750 0.125000
vt 0.093750 0.562500
vt 0.093750 0.062500
vt 0.093750 0.500000
vt 0.109375 1.000000
vt 0.093750 0.937500
vt 0.109375 0.000000
vt 0.093750 0.437500
vt 0.093750 0.875000
vt 0.093750 0.375000
vt 0.093750 0.812500
vt 0.093750 0.312500
vt 0.093750 0.750000
vt 0.093750 0.250000
vt 0.062500 0.437500
vt 0.062500 0.375000
vt 0.062500 0.875000
vt 0.062500 0.812500
vt 0.062500 0.312500
vt 0.062500 0.750000
vt 0.062500 0.250000
vt 0.062500 0.687500
vt 0.062500 0.187500
vt 0.062500 0.625000
vt 0.062500 0.125000
vt 0.062500 0.562500
vt 0.062500 0.062500
vt 0.062500 0.500000
vt 0.078125 1.000000
vt 0.062500 0.937500
vt 0.078125 0.000000
vt 0.031250 0.187500
vt 0.031250 0.125000
vt 0.031250 0.625000
vt 0.031250 0.562500
vt 0.031250 0.062500
vt 0.031250 0.500000
vt 0.046875 1.000000
vt 0.031250 0.937500
vt 0.046875 0.000000
vt 0.031250 0.437500
vt 0.031250 0.875000
vt 0.031250 0.375000
vt 0.031250 0.812500
vt 0.031250 0.312500
vt 0.031250 0.750000
vt 0.031250 0.250000
vt 0.031250 0.687500
vt 0.000000 0.875000
vt 0.000000 0.812500
vt 0.000000 0.375000
vt 0.000000 0.312500
vt 0.000000 0.750000
vt 0.000000 0.250000
vt 0.000000 0.687500
vt 0.000000 0.187500
vt 0.000000 0.625000
vt 0.000000 0.125000
vt 0.000000 0.562500
vt 0.000000 0.062500
vt 0.000000 0.500000
vt 0.015625 1.000000
vt 0.000000 0.937500
vt 0.015625 0.000000
vt 0.000000 0.437500
vt 1.000000 0.562500
vt 1.000000 0.625000
vt 0.968750 0.625000
vt 0.968750 0.562500
vt 1.000000 0.062500
vt 1.000000 0.125000
vt 0.968750 0.125000
vt 0.968750 0.062500
vt 1.000000 0.500000
vt 0.968750 0.500000
vt 1.000000 0.937500
vt 0.984375 1.000000
vt 0.968750 0.937500
vt 0.984375 0.000000
vt 1.000000 0.437500
vt 0.968750 0.437500
vt 1.000000 0.875000
vt 0.968750 0.875000
vt 1.000000 0.375000
vt 0.968750 0.375000
vt 1.000000 0.812500
vt 0.968750 0.812500
vt 1.000000 0.312500
vt 0.968750 0.312500
vt 1.000000 0.750000
vt 0.968750 0.750000
vt 1.000000 0.250000
vt 0.968750 0.250000
vt 1.000000 0.687500
vt 0.968750 0.687500
vt 1.000000 0.187500
vt 0.968750 0.187500
vt 0.937500 0.375000
vt 0.937500 0.312500
vt 0.937500 0.812500
vt 0.937500 0.750000
vt 0.937500 0.250000
vt 0.937500 0.687500
vt 0.937500 0.187500
vt 0.937500 0.625000
vt 0.937500 0.125000
vt 0.937500 0.562500
vt 0.937500 0.062500
vt 0.937500 0.500000
vt 0.953125 1.000000
vt 0.937500 0.937500
vt 0.953125 0.000000
vt 0.937500 0.437500
vt 0.937500 0.875000
vt 0.906250 0.125000
vt 0.906250 0.062500
vt 0.906250 0.562500
vt 0.906250 0.500000
vt 0.921875 1.000000
vt 0.906250 0.937500
vt 0.921875 0.000000
vt 0.906250 0.437500
vt 0.906250 0.875000
vt 0.906250 0.375000
vt 0.906250 0.812500
vt 0.906250 0.312500
vt 0.906250 0.750000
vt 0.906250 0.250000
vt 0.906250 0.687500
vt 0.906250 0.187500
vt 0.906250 0.625000
vt 0.875000 0.312500
vt 0.875000 0.250000
vt 0.875000 0.750000
vt 0.875000 0.687500
vt 0.875000 0.187500
vt 0.875000 0.625000
vt 0.875000 0.125000
vt 0.875000 0.562500
vt 0.875000 0.062500
vt 0.875000 0.500000
vt 0.890625 1.000000
vt 0.875000 0.937500
vt 0.890625 0.000000
vt 0.875000 0.437500
vt 0.875000 0.875000
vt 0.875000 0.375000
vt 0.875000 0.812500
vt 0.859375 1.000000
vt 0.843750 0.937500
vt 0.859375 0.000000
vt 0.843750 0.062500
vt 0.843750 0.500000
vt 0.843750 0.437500
vt 0.843750 0.875000
vt 0.843750 0.375000
vt 0.843750 0.812500
vt 0.843750 0.312500
vt 0.843750 0.750000
vt 0.843750 0.250000
vt 0.843750 0.687500
vt 0.843750 0.187500
vt 0.843750 0.625000
vt 0.843750 0.125000
vt 0.843750 0.562500
vt 0.812500 0.750000
vt 0.812500 0.687500
vt 0.812500 0.250000
vt 0.812500 0.187500
vt 0.812500 0.625000
vt 0.812500 0.125000
vt 0.812500 0.562500
vt 0.812500 0.062500
vt 0.812500 0.500000
vt 0.828125 1.000000
vt 0.812500 0.937500
vt 0.828125 0.000000
vt 0.812500 0.437500
vt 0.812500 0.875000
vt 0.812500 0.375000
vt 0.812500 0.812500
vt 0.812500 0.312500
vt 0.781250 0.500000
vt 0.781250 0.437500
vt 0.781250 0.937500
vt 0.781250 0.875000
vt 0.781250 0.375000
vt 0.781250 0.812500
vt 0.781250 0.312500
vt 0.781250 0.750000
vt 0.781250 0.250000
vt 0.781250 0.687500
vt 0.781250 0.187500
vt 0.781250 0.625000
vt 0.781250 0.125000
vt 0.781250 0.562500
vt 0.781250 0.062500
vt 0.796875 1.000000
vt 0.796875 0.000000
vt 0.765625 1.000000
vt 0.000000 0.000000
vt 1.000000 0.000000
vt 1.000000 1.000000
vt 0.000000 1.000000
s 0
usemtl 材质.029
f 3/4/2 4/3/2 8/5/2 7/6/2
f 7/6/3 8/5/3 6/7/3 5/8/3
f 5/8/4 6/7/4 2/9/4 1/10/4
f 3/11/5 7/6/5 5/8/5 1/12/5
f 8/5/6 4/13/6 2/14/6 6/7/6
f 17/15/7 10/2/7 12/3/7 18/16/7
f 18/16/8 12/3/8 16/5/8 19/17/8
f 19/17/9 16/5/9 14/7/9 20/18/9
f 20/18/10 14/7/10 10/9/10 17/19/10
f 11/11/11 15/6/11 13/8/11 9/12/11
f 16/5/12 12/13/12 10/14/12 14/7/12
f 13/8/13 20/18/13 17/19/13 9/10/13
f 15/6/9 19/17/9 20/18/9 13/8/9
f 11/4/14 18/16/14 19/17/14 15/6/14
f 9/1/15 17/15/15 18/16/15 11/4/15
f 103/63/26 42/43/26 57/60/26
f 51/64/34 50/61/34 65/70/34 66/71/34
f 52/66/36 51/64/36 66/71/36 67/74/36
f 53/52/38 52/66/38 67/74/38 68/76/38
f 46/54/39 45/67/39 60/75/39 61/77/39
f 54/53/40 53/52/40 68/76/40 69/78/40
f 47/55/41 46/54/41 61/77/41 62/79/41
f 55/56/42 54/53/42 69/78/42 70/80/42
f 48/57/43 47/55/43 62/79/43 63/81/43
f 56/58/44 55/56/44 70/80/44 71/82/44
f 49/59/45 48/57/45 63/81/45 64/83/45
f 50/61/47 49/59/47 64/83/47 65/70/47
f 70/80/49 69/78/49 84/85/49 85/86/49
f 63/81/50 62/79/50 77/87/50 78/88/50
f 71/82/51 70/80/51 85/86/51 86/89/51
f 64/83/52 63/81/52 78/88/52 79/90/52
f 72/69/53 71/82/53 86/89/53 87/91/53
f 65/70/54 64/83/54 79/90/54 80/92/54
f 66/71/57 65/70/57 80/92/57 81/96/57
f 59/73/58 58/72/58 73/94/58 74/97/58
f 67/74/59 66/71/59 81/96/59 82/98/59
f 60/75/60 59/73/60 74/97/60 75/99/60
f 68/76/61 67/74/61 82/98/61 83/100/61
f 61/77/62 60/75/62 75/99/62 76/101/62
f 69/78/63 68/76/63 83/100/63 84/85/63
f 62/79/64 61/77/64 76/101/64 77/87/64
f 74/97/65 73/94/65 88/102/65 89/103/65
f 82/98/66 81/96/66 96/104/66 97/105/66
f 75/99/67 74/97/67 89/103/67 90/106/67
f 83/100/68 82/98/68 97/105/68 98/107/68
f 76/101/69 75/99/69 90/106/69 91/108/69
f 84/85/70 83/100/70 98/107/70 99/109/70
f 77/87/71 76/101/71 91/108/71 92/110/71
f 85/86/72 84/85/72 99/109/72 100/111/72
f 78/88/73 77/87/73 92/110/73 93/112/73
f 86/89/74 85/86/74 100/111/74 101/113/74
f 79/90/75 78/88/75 93/112/75 94/114/75
f 87/91/76 86/89/76 101/113/76 102/115/76
f 80/92/77 79/90/77 94/114/77 95/116/77
f 103/118/79 87/91/79 102/115/79
f 81/96/80 80/92/80 95/116/80 96/104/80
f 93/112/81 92/110/81 108/119/81 109/120/81
f 101/113/82 100/111/82 116/121/82 117/122/82
f 94/114/83 93/112/83 109/120/83 110/123/83
f 102/115/84 101/113/84 117/122/84 118/124/84
f 95/116/85 94/114/85 110/123/85 111/125/85
f 96/104/88 95/116/88 111/125/88 112/129/88
f 89/103/89 88/102/89 104/127/89 105/130/89
f 97/105/90 96/104/90 112/129/90 113/131/90
f 90/106/91 89/103/91 105/130/91 106/132/91
f 98/107/92 97/105/92 113/131/92 114/133/92
f 91/108/93 90/106/93 106/132/93 107/134/93
f 99/109/94 98/107/94 114/133/94 115/135/94
f 92/110/95 91/108/95 107/134/95 108/119/95
f 100/111/96 99/109/96 115/135/96 116/121/96
f 113/131/97 112/129/97 127/136/97 128/137/97
f 106/132/98 105/130/98 120/138/98 121/139/98
f 114/133/99 113/131/99 128/137/99 129/140/99
f 107/134/100 106/132/100 121/139/100 122/141/100
f 115/135/101 114/133/101 129/140/101 130/142/101
f 108/119/102 107/134/102 122/141/102 123/143/102
f 116/121/103 115/135/103 130/142/103 131/144/103
f 109/120/104 108/119/104 123/143/104 124/145/104
f 117/122/105 116/121/105 131/144/105 132/146/105
f 110/123/106 109/120/106 124/145/106 125/147/106
f 118/124/107 117/122/107 132/146/107 133/148/107
f 111/125/108 110/123/108 125/147/108 126/149/108
f 103/152/110 118/124/110 133/148/110
f 112/129/111 111/125/111 126/149/111 127/136/111
f 105/130/112 104/127/112 119/151/112 120/138/112
f 132/146/113 131/144/113 146/153/113 147/154/113
f 125/147/114 124/145/114 139/155/114 140/156/114
f 133/148/115 132/146/115 147/154/115 148/157/115
f 126/149/116 125/147/116 140/156/116 141/158/116
f 119/151/117 27/159/117 134/160/117
f 103/161/118 133/148/118 148/157/118
f 127/136/119 126/149/119 141/158/119 142/162/119
f 120/138/120 119/151/120 134/160/120 135/163/120
f 128/137/121 127/136/121 142/162/121 143/164/121
f 121/139/122 120/138/122 135/163/122 136/165/122
f 129/140/123 128/137/123 143/164/123 144/166/123
f 122/141/124 121/139/124 136/165/124 137/167/124
f 130/142/125 129/140/125 144/166/125 145/168/125
f 123/143/126 122/141/126 137/167/126 138/169/126
f 131/144/127 130/142/127 145/168/127 146/153/127
f 124/145/128 123/143/128 138/169/128 139/155/128
f 136/165/129 135/163/129 150/170/129 151/171/129
f 144/166/130 143/164/130 158/172/130 159/173/130
f 137/167/131 136/165/131 151/171/131 152/174/131
f 145/168/132 144/166/132 159/173/132 160/175/132
f 138/169/133 137/167/133 152/174/133 153/176/133
f 146/153/134 145/168/134 160/175/134 161/177/134
f 139/155/135 138/169/135 153/176/135 154/178/135
f 147/154/136 146/153/136 161/177/136 162/179/136
f 140/156/137 139/155/137 154/178/137 155/180/137
f 148/157/138 147/154/138 162/179/138 163/181/138
f 141/158/139 140/156/139 155/180/139 156/182/139
f 142/162/142 141/158/142 156/182/142 157/186/142
f 135/163/143 134/160/143 149/184/143 150/170/143
f 143/164/144 142/162/144 157/186/144 158/172/144
f 155/187/145 154/188/145 169/189/145 170/190/145
f 163/191/146 162/192/146 177/193/146 178/194/146
f 156/195/147 155/187/147 170/190/147 171/196/147
f 103/200/149 163/191/149 178/194/149
f 157/201/150 156/195/150 171/196/150 172/202/150
f 150/203/151 149/197/151 164/199/151 165/204/151
f 158/205/152 157/201/152 172/202/152 173/206/152
f 151/207/153 150/203/153 165/204/153 166/208/153
f 159/209/154 158/205/154 173/206/154 174/210/154
f 152/211/155 151/207/155 166/208/155 167/212/155
f 160/213/156 159/209/156 174/210/156 175/214/156
f 153/215/157 152/211/157 167/212/157 168/216/157
f 161/217/158 160/213/158 175/214/158 176/218/158
f 154/188/159 153/215/159 168/216/159 169/189/159
f 162/192/160 161/217/160 176/218/160 177/193/160
f 174/210/161 173/206/161 188/219/161 189/220/161
f 167/212/162 166/208/162 181/221/162 182/222/162
f 175/214/163 174/210/163 189/220/163 190/223/163
f 168/216/164 167/212/164 182/222/164 183/224/164
f 176/218/165 175/214/165 190/223/165 191/225/165
f 169/189/166 168/216/166 183/224/166 184/226/166
f 177/193/167 176/218/167 191/225/167 192/227/167
f 170/190/168 169/189/168 184/226/168 185/228/168
f 178/194/169 177/193/169 192/227/169 193/229/169
f 171/196/170 170/190/170 185/228/170 186/230/170
f 164/199/171 27/231/171 179/232/171
f 103/233/172 178/194/172 193/229/172
f 172/202/173 171/196/173 186/230/173 187/234/173
f 165/204/174 164/199/174 179/232/174 180/235/174
f 173/206/175 172/202/175 187/234/175 188/219/175
f 166/208/176 165/204/176 180/235/176 181/221/176
f 193/229/177 192/227/177 207/236/177 208/237/177
f 186/230/178 185/228/178 200/238/178 201/239/178
f 179/232/179 27/240/179 194/241/179
f 187/234/181 186/230/181 201/239/181 202/243/181
f 180/235/182 179/232/182 194/241/182 195/244/182
f 188/219/183 187/234/183 202/243/183 203/245/183
f 181/221/184 180/235/184 195/244/184 196/246/184
f 189/220/185 188/219/185 203/245/185 204/247/185
f 182/222/186 181/221/186 196/246/186 197/248/186
f 190/223/187 189/220/187 204/247/187 205/249/187
f 183/224/188 182/222/188 197/248/188 198/250/188
f 191/225/189 190/223/189 205/249/189 206/251/189
f 184/226/190 183/224/190 198/250/190 199/252/190
f 192/227/191 191/225/191 206/251/191 207/236/191
f 185/228/192 184/226/192 199/252/192 200/238/192
f 205/249/193 204/247/193 219/253/193 220/254/193
f 198/250/194 197/248/194 212/255/194 213/256/194
f 206/251/195 205/249/195 220/254/195 221/257/195
f 199/252/196 198/250/196 213/256/196 214/258/196
f 207/236/197 206/251/197 221/257/197 222/259/197
f 200/238/198 199/252/198 214/258/198 215/260/198
f 208/237/199 207/236/199 222/259/199 223/261/199
f 201/239/200 200/238/200 215/260/200 216/262/200
f 202/243/203 201/239/203 216/262/203 217/266/203
f 195/244/204 194/241/204 209/264/204 210/267/204
f 203/245/205 202/243/205 217/266/205 218/268/205
f 196/246/206 195/244/206 210/267/206 211/269/206
f 204/247/207 203/245/207 218/268/207 219/253/207
f 197/248/208 196/246/208 211/269/208 212/255/208
f 217/266/211 216/262/211 231/274/211 232/275/211
f 210/267/212 209/264/212 224/271/212 225/276/212
f 218/268/213 217/266/213 232/275/213 233/277/213
f 211/269/214 210/267/214 225/276/214 226/278/214
f 219/253/215 218/268/215 233/277/215 234/279/215
f 212/255/216 211/269/216 226/278/216 227/280/216
f 220/254/217 219/253/217 234/279/217 235/281/217
f 213/256/218 212/255/218 227/280/218 228/282/218
f 221/257/219 220/254/219 235/281/219 236/283/219
f 214/258/220 213/256/220 228/282/220 229/284/220
f 222/259/221 221/257/221 236/283/221 237/285/221
f 215/260/222 214/258/222 229/284/222 230/286/222
f 223/261/223 222/259/223 237/285/223 238/273/223
f 216/262/224 215/260/224 230/286/224 231/274/224
f 228/282/225 227/280/225 242/287/225 243/288/225
f 236/283/226 235/281/226 250/289/226 251/290/226
f 229/284/227 228/282/227 243/288/227 244/291/227
f 237/285/228 236/283/228 251/290/228 252/292/228
f 230/286/229 229/284/229 244/291/229 245/293/229
f 238/273/230 237/285/230 252/292/230 253/294/230
f 231/274/231 230/286/231 245/293/231 246/295/231
f 103/298/233 238/273/233 253/294/233
f 232/275/234 231/274/234 246/295/234 247/299/234
f 225/276/235 224/271/235 239/297/235 240/300/235
f 233/277/236 232/275/236 247/299/236 248/301/236
f 226/278/237 225/276/237 240/300/237 241/302/237
f 234/279/238 233/277/238 248/301/238 249/303/238
f 227/280/239 226/278/239 241/302/239 242/287/239
f 235/281/240 234/279/240 249/303/240 250/289/240
f 247/299/241 246/295/241 261/304/241 262/305/241
f 240/300/242 239/297/242 254/306/242 255/307/242
f 248/301/243 247/299/243 262/305/243 263/308/243
f 241/302/244 240/300/244 255/307/244 256/309/244
f 249/303/245 248/301/245 263/308/245 264/310/245
f 242/287/246 241/302/246 256/309/246 257/311/246
f 250/289/247 249/303/247 264/310/247 265/312/247
f 243/288/248 242/287/248 257/311/248 258/313/248
f 251/290/249 250/289/249 265/312/249 266/314/249
f 244/291/250 243/288/250 258/313/250 259/315/250
f 245/293/252 244/291/252 259/315/252 260/317/252
f 246/295/254 245/293/254 260/317/254 261/304/254
f 303/54/39 302/67/39 317/75/39 318/77/39
f 304/55/41 303/54/41 318/77/41 319/79/41
f 317/75/280 316/73/280 331/97/280 332/99/280
f 318/77/62 317/75/62 332/99/62 333/101/62
f 319/79/64 318/77/64 333/101/64 334/87/64
f 331/97/281 330/94/281 345/102/281 346/103/281
f 332/99/67 331/97/67 346/103/67 347/106/67
f 333/101/69 332/99/69 347/106/69 348/108/69
f 334/87/282 333/101/282 348/108/282 349/110/282
f 346/103/89 345/102/89 361/127/89 362/130/89
f 347/106/91 346/103/91 362/130/91 363/132/91
f 348/108/93 347/106/93 363/132/93 364/134/93
f 349/110/95 348/108/95 364/134/95 365/119/95
f 363/132/98 362/130/98 377/138/98 378/139/98
f 364/134/100 363/132/100 378/139/100 379/141/100
f 365/119/102 364/134/102 379/141/102 380/143/102
f 362/130/290 361/127/290 376/151/290 377/138/290
f 377/138/120 376/151/120 391/160/120 392/163/120
f 378/139/122 377/138/122 392/163/122 393/165/122
f 379/141/124 378/139/124 393/165/124 394/167/124
f 380/143/126 379/141/126 394/167/126 395/169/126
f 393/165/129 392/163/129 407/170/129 408/171/129
f 394/167/131 393/165/131 408/171/131 409/174/131
f 395/169/133 394/167/133 409/174/133 410/176/133
f 392/163/143 391/160/143 406/184/143 407/170/143
f 407/203/291 406/197/291 421/199/291 422/204/291
f 408/207/153 407/203/153 422/204/153 423/208/153
f 409/211/155 408/207/155 423/208/155 424/212/155
f 410/215/157 409/211/157 424/212/157 425/216/157
f 424/212/162 423/208/162 438/221/162 439/222/162
f 425/216/164 424/212/164 439/222/164 440/224/164
f 422/204/174 421/199/174 436/232/174 437/235/174
f 423/208/176 422/204/176 437/235/176 438/221/176
f 437/235/182 436/232/182 451/241/182 452/244/182
f 438/221/184 437/235/184 452/244/184 453/246/184
f 439/222/186 438/221/186 453/246/186 454/248/186
f 440/224/296 439/222/296 454/248/296 455/250/296
f 455/250/194 454/248/194 469/255/194 470/256/194
f 452/244/297 451/241/297 466/264/297 467/267/297
f 453/246/206 452/244/206 467/267/206 468/269/206
f 454/248/208 453/246/208 468/269/208 469/255/208
f 467/267/212 466/264/212 481/271/212 482/276/212
f 468/269/214 467/267/214 482/276/214 483/278/214
f 469/255/216 468/269/216 483/278/216 484/280/216
f 470/256/218 469/255/218 484/280/218 485/282/218
f 485/282/225 484/280/225 499/287/225 500/288/225
f 483/278/237 482/276/237 497/300/237 498/302/237
f 484/280/239 483/278/239 498/302/239 499/287/239
f 499/287/246 498/302/246 513/309/246 514/311/246
f 500/288/248 499/287/248 514/311/248 515/313/248
f 565/64/34 564/61/34 579/70/34 580/71/34
f 560/54/39 559/67/39 574/75/39 575/77/39
f 568/53/40 567/52/40 582/76/40 583/78/40
f 561/55/41 560/54/41 575/77/41 576/79/41
f 569/56/42 568/53/42 583/78/42 584/80/42
f 562/57/43 561/55/43 576/79/43 577/81/43
f 563/59/45 562/57/45 577/81/45 578/83/45
f 564/61/47 563/59/47 578/83/47 579/70/47
f 584/80/49 583/78/49 598/85/49 599/86/49
f 577/81/50 576/79/50 591/87/50 592/88/50
f 585/82/51 584/80/51 599/86/51 600/89/51
f 578/83/52 577/81/52 592/88/52 593/90/52
f 579/70/54 578/83/54 593/90/54 594/92/54
f 580/71/57 579/70/57 594/92/57 595/96/57
f 574/75/280 573/73/280 588/97/280 589/99/280
f 575/77/62 574/75/62 589/99/62 590/101/62
f 583/78/63 582/76/63 597/100/63 598/85/63
f 576/79/64 575/77/64 590/101/64 591/87/64
f 588/97/281 587/94/281 602/102/281 603/103/281
f 589/99/67 588/97/67 603/103/67 604/106/67
f 590/101/69 589/99/69 604/106/69 605/108/69
f 598/85/70 597/100/70 612/107/70 613/109/70
f 591/87/282 590/101/282 605/108/282 606/110/282
f 599/86/72 598/85/72 613/109/72 614/111/72
f 592/88/73 591/87/73 606/110/73 607/112/73
f 600/89/74 599/86/74 614/111/74 615/113/74
f 593/90/75 592/88/75 607/112/75 608/114/75
f 601/91/283 600/89/283 615/113/283 616/115/283
f 594/92/77 593/90/77 608/114/77 609/116/77
f 595/96/80 594/92/80 609/116/80 610/104/80
f 607/112/81 606/110/81 622/119/81 623/120/81
f 615/113/82 614/111/82 630/121/82 631/122/82
f 608/114/83 607/112/83 623/120/83 624/123/83
f 616/115/84 615/113/84 631/122/84 632/124/84
f 609/116/85 608/114/85 624/123/85 625/125/85
f 610/104/284 609/116/284 625/125/284 626/129/284
f 603/103/311 602/102/311 618/127/311 619/130/311
f 604/106/91 603/103/91 619/130/91 620/132/91
f 605/108/93 604/106/93 620/132/93 621/134/93
f 613/109/94 612/107/94 628/133/94 629/135/94
f 606/110/95 605/108/95 621/134/95 622/119/95
f 614/111/96 613/109/96 629/135/96 630/121/96
f 620/132/98 619/130/98 634/138/98 635/139/98
f 621/134/100 620/132/100 635/139/100 636/141/100
f 629/135/101 628/133/101 643/140/101 644/142/101
f 622/119/312 621/134/312 636/141/312 637/143/312
f 630/121/103 629/135/103 644/142/103 645/144/103
f 623/120/104 622/119/104 637/143/104 638/145/104
f 631/122/105 630/121/105 645/144/105 646/146/105
f 624/123/106 623/120/106 638/145/106 639/147/106
f 632/124/286 631/122/286 646/146/286 647/148/286
f 625/125/108 624/123/108 639/147/108 640/149/108
f 626/129/111 625/125/111 640/149/111 641/136/111
f 619/130/112 618/127/112 633/151/112 634/138/112
f 646/146/113 645/144/113 660/153/113 661/154/113
f 639/147/114 638/145/114 653/155/114 654/156/114
f 647/148/115 646/146/115 661/154/115 662/157/115
f 640/149/116 639/147/116 654/156/116 655/158/116
f 641/136/119 640/149/119 655/158/119 656/162/119
f 634/138/120 633/151/120 648/160/120 649/163/120
f 635/139/122 634/138/122 649/163/122 650/165/122
f 636/141/124 635/139/124 650/165/124 651/167/124
f 644/142/125 643/140/125 658/166/125 659/168/125
f 637/143/126 636/141/126 651/167/126 652/169/126
f 645/144/127 644/142/127 659/168/127 660/153/127
f 638/145/128 637/143/128 652/169/128 653/155/128
f 650/165/129 649/163/129 664/170/129 665/171/129
f 651/167/131 650/165/131 665/171/131 666/174/131
f 659/168/132 658/166/132 673/173/132 674/175/132
f 652/169/133 651/167/133 666/174/133 667/176/133
f 660/153/134 659/168/134 674/175/134 675/177/134
f 653/155/135 652/169/135 667/176/135 668/178/135
f 661/154/136 660/153/136 675/177/136 676/179/136
f 654/156/137 653/155/137 668/178/137 669/180/137
f 662/157/138 661/154/138 676/179/138 677/181/138
f 655/158/139 654/156/139 669/180/139 670/182/139
f 648/160/140 541/183/140 663/184/140
f 656/162/142 655/158/142 670/182/142 671/186/142
f 649/163/143 648/160/143 663/184/143 664/170/143
f 669/187/145 668/188/145 683/189/145 684/190/145
f 677/191/313 676/192/313 691/193/313 692/194/313
f 670/195/147 669/187/147 684/190/147 685/196/147
f 671/201/150 670/195/150 685/196/150 686/202/150
f 664/203/314 663/197/314 678/199/314 679/204/314
f 665/207/153 664/203/153 679/204/153 680/208/153
f 666/211/155 665/207/155 680/208/155 681/212/155
f 674/213/156 673/209/156 688/210/156 689/214/156
f 667/215/157 666/211/157 681/212/157 682/216/157
f 675/217/292 674/213/292 689/214/292 690/218/292
f 668/188/159 667/215/159 682/216/159 683/189/159
f 676/192/160 675/217/160 690/218/160 691/193/160
f 681/212/162 680/208/162 695/221/162 696/222/162
f 689/214/163 688/210/163 703/220/163 704/223/163
f 682/216/164 681/212/164 696/222/164 697/224/164
f 690/218/165 689/214/165 704/223/165 705/225/165
f 683/189/166 682/216/166 697/224/166 698/226/166
f 691/193/167 690/218/167 705/225/167 706/227/167
f 684/190/168 683/189/168 698/226/168 699/228/168
f 692/194/169 691/193/169 706/227/169 707/229/169
f 685/196/170 684/190/170 699/228/170 700/230/170
f 686/202/173 685/196/173 700/230/173 701/234/173
f 679/204/174 678/199/174 693/232/174 694/235/174
f 680/208/176 679/204/176 694/235/176 695/221/176
f 707/229/177 706/227/177 721/236/177 722/237/177
f 700/230/294 699/228/294 714/238/294 715/239/294
f 701/234/181 700/230/181 715/239/181 716/243/181
f 694/235/182 693/232/182 708/241/182 709/244/182
f 695/221/184 694/235/184 709/244/184 710/246/184
f 696/222/186 695/221/186 710/246/186 711/248/186
f 704/223/187 703/220/187 718/247/187 719/249/187
f 697/224/188 696/222/188 711/248/188 712/250/188
f 705/225/189 704/223/189 719/249/189 720/251/189
f 698/226/190 697/224/190 712/250/190 713/252/190
f 706/227/191 705/225/191 720/251/191 721/236/191
f 699/228/192 698/226/192 713/252/192 714/238/192
f 719/249/193 718/247/193 733/253/193 734/254/193
f 712/250/194 711/248/194 726/255/194 727/256/194
f 720/251/195 719/249/195 734/254/195 735/257/195
f 713/252/196 712/250/196 727/256/196 728/258/196
f 721/236/197 720/251/197 735/257/197 736/259/197
f 714/238/198 713/252/198 728/258/198 729/260/198
f 722/237/199 721/236/199 736/259/199 737/261/199
f 715/239/200 714/238/200 729/260/200 730/262/200
f 716/243/203 715/239/203 730/262/203 731/266/203
f 709/244/297 708/241/297 723/264/297 724/267/297
f 710/246/206 709/244/206 724/267/206 725/269/206
f 711/248/208 710/246/208 725/269/208 726/255/208
f 731/266/211 730/262/211 745/274/211 746/275/211
f 724/267/316 723/264/316 738/271/316 739/276/316
f 725/269/214 724/267/214 739/276/214 740/278/214
f 726/255/216 725/269/216 740/278/216 741/280/216
f 734/254/217 733/253/217 748/279/217 749/281/217
f 727/256/218 726/255/218 741/280/218 742/282/218
f 735/257/219 734/254/219 749/281/219 750/283/219
f 728/258/220 727/256/220 742/282/220 743/284/220
f 736/259/221 735/257/221 750/283/221 751/285/221
f 729/260/222 728/258/222 743/284/222 744/286/222
f 737/261/317 736/259/317 751/285/317 752/273/317
f 730/262/224 729/260/224 744/286/224 745/274/224
f 742/282/225 741/280/225 756/287/225 757/288/225
f 750/283/226 749/281/226 764/289/226 765/290/226
f 743/284/227 742/282/227 757/288/227 758/291/227
f 751/285/228 750/283/228 765/290/228 766/292/228
f 744/286/229 743/284/229 758/291/229 759/293/229
f 745/274/318 744/286/318 759/293/318 760/295/318
f 746/275/320 745/274/320 760/295/320 761/299/320
f 739/276/235 738/271/235 753/297/235 754/300/235
f 740/278/321 739/276/321 754/300/321 755/302/321
f 741/280/239 740/278/239 755/302/239 756/287/239
f 749/281/240 748/279/240 763/303/240 764/289/240
f 761/299/241 760/295/241 775/304/241 776/305/241
f 755/302/322 754/300/322 769/307/322 770/309/322
f 756/287/246 755/302/246 770/309/246 771/311/246
f 764/289/247 763/303/247 778/310/247 779/312/247
f 757/288/248 756/287/248 771/311/248 772/313/248
f 765/290/249 764/289/249 779/312/249 780/314/249
f 758/291/323 757/288/323 772/313/323 773/315/323
f 759/293/252 758/291/252 773/315/252 774/317/252
f 760/295/254 759/293/254 774/317/254 775/304/254
f 815/65/35 814/62/35 829/72/35 830/73/35
f 816/67/37 815/65/37 830/73/37 831/75/37
f 817/54/39 816/67/39 831/75/39 832/77/39
f 825/53/40 824/52/40 839/76/40 840/78/40
f 818/55/41 817/54/41 832/77/41 833/79/41
f 819/57/327 818/55/327 833/79/327 834/81/327
f 820/59/45 819/57/45 834/81/45 835/83/45
f 821/61/47 820/59/47 835/83/47 836/70/47
f 834/81/50 833/79/50 848/87/50 849/88/50
f 835/83/52 834/81/52 849/88/52 850/90/52
f 836/70/328 835/83/328 850/90/328 851/92/328
f 830/73/329 829/72/329 844/94/329 845/97/329
f 831/75/60 830/73/60 845/97/60 846/99/60
f 832/77/62 831/75/62 846/99/62 847/101/62
f 840/78/63 839/76/63 854/100/63 855/85/63
f 833/79/64 832/77/64 847/101/64 848/87/64
f 845/97/281 844/94/281 859/102/281 860/103/281
f 846/99/67 845/97/67 860/103/67 861/106/67
f 847/101/69 846/99/69 861/106/69 862/108/69
f 855/85/70 854/100/70 869/107/70 870/109/70
f 848/87/71 847/101/71 862/108/71 863/110/71
f 849/88/73 848/87/73 863/110/73 864/112/73
f 850/90/75 849/88/75 864/112/75 865/114/75
f 851/92/77 850/90/77 865/114/77 866/116/77
f 864/112/81 863/110/81 879/119/81 880/120/81
f 865/114/83 864/112/83 880/120/83 881/123/83
f 866/116/85 865/114/85 881/123/85 882/125/85
f 860/103/311 859/102/311 875/127/311 876/130/311
f 861/106/91 860/103/91 876/130/91 877/132/91
f 862/108/93 861/106/93 877/132/93 878/134/93
f 870/109/94 869/107/94 885/133/94 886/135/94
f 863/110/95 862/108/95 878/134/95 879/119/95
f 877/132/98 876/130/98 891/138/98 892/139/98
f 878/134/100 877/132/100 892/139/100 893/141/100
f 886/135/101 885/133/101 900/140/101 901/142/101
f 879/119/102 878/134/102 893/141/102 894/143/102
f 880/120/104 879/119/104 894/143/104 895/145/104
f 881/123/106 880/120/106 895/145/106 896/147/106
f 882/125/287 881/123/287 896/147/287 897/149/287
f 876/130/290 875/127/290 890/151/290 891/138/290
f 896/147/114 895/145/114 910/155/114 911/156/114
f 897/149/116 896/147/116 911/156/116 912/158/116
f 891/138/120 890/151/120 905/160/120 906/163/120
f 892/139/122 891/138/122 906/163/122 907/165/122
f 893/141/124 892/139/124 907/165/124 908/167/124
f 901/142/125 900/140/125 915/166/125 916/168/125
f 894/143/126 893/141/126 908/167/126 909/169/126
f 895/145/128 894/143/128 909/169/128 910/155/128
f 907/165/129 906/163/129 921/170/129 922/171/129
f 908/167/131 907/165/131 922/171/131 923/174/131
f 916/168/132 915/166/132 930/173/132 931/175/132
f 909/169/133 908/167/133 923/174/133 924/176/133
f 910/155/135 909/169/135 924/176/135 925/178/135
f 911/156/137 910/155/137 925/178/137 926/180/137
f 912/158/139 911/156/139 926/180/139 927/182/139
f 906/163/330 905/160/330 920/184/330 921/170/330
f 926/187/145 925/188/145 940/189/145 941/190/145
f 927/195/147 926/187/147 941/190/147 942/196/147
f 921/203/151 920/197/151 935/199/151 936/204/151
f 922/207/153 921/203/153 936/204/153 937/208/153
f 923/211/155 922/207/155 937/208/155 938/212/155
f 931/213/156 930/209/156 945/210/156 946/214/156
f 924/215/157 923/211/157 938/212/157 939/216/157
f 925/188/159 924/215/159 939/216/159 940/189/159
f 938/212/162 937/208/162 952/221/162 953/222/162
f 946/214/163 945/210/163 960/220/163 961/223/163
f 939/216/164 938/212/164 953/222/164 954/224/164
f 940/189/166 939/216/166 954/224/166 955/226/166
f 941/190/168 940/189/168 955/226/168 956/228/168
f 942/196/170 941/190/170 956/228/170 957/230/170
f 936/204/174 935/199/174 950/232/174 951/235/174
f 937/208/176 936/204/176 951/235/176 952/221/176
f 957/230/294 956/228/294 971/238/294 972/239/294
f 951/235/182 950/232/182 965/241/182 966/244/182
f 952/221/184 951/235/184 966/244/184 967/246/184
f 953/222/186 952/221/186 967/246/186 968/248/186
f 961/223/295 960/220/295 975/247/295 976/249/295
f 954/224/296 953/222/296 968/248/296 969/250/296
f 955/226/190 954/224/190 969/250/190 970/252/190
f 956/228/192 955/226/192 970/252/192 971/238/192
f 976/249/193 975/247/193 990/253/193 991/254/193
f 969/250/194 968/248/194 983/255/194 984/256/194
f 970/252/196 969/250/196 984/256/196 985/258/196
f 971/238/198 970/252/198 985/258/198 986/260/198
f 972/239/200 971/238/200 986/260/200 987/262/200
f 966/244/297 965/241/297 980/264/297 981/267/297
f 967/246/206 966/244/206 981/267/206 982/269/206
f 968/248/208 967/246/208 982/269/208 983/255/208
f 981/267/316 980/264/316 995/271/316 996/276/316
f 982/269/214 981/267/214 996/276/214 997/278/214
f 983/255/216 982/269/216 997/278/216 998/280/216
f 991/254/217 990/253/217 1005/279/217 1006/281/217
f 984/256/332 983/255/332 998/280/332 999/282/332
f 985/258/220 984/256/220 999/282/220 1000/284/220
f 986/260/222 985/258/222 1000/284/222 1001/286/222
f 987/262/224 986/260/224 1001/286/224 1002/274/224
f 999/282/225 998/280/225 1013/287/225 1014/288/225
f 1000/284/227 999/282/227 1014/288/227 1015/291/227
f 1001/286/229 1000/284/229 1015/291/229 1016/293/229
f 1002/274/318 1001/286/318 1016/293/318 1017/295/318
f 996/276/235 995/271/235 1010/297/235 1011/300/235
f 997/278/237 996/276/237 1011/300/237 1012/302/237
f 998/280/239 997/278/239 1012/302/239 1013/287/239
f 1006/281/240 1005/279/240 1020/303/240 1021/289/240
f 1012/302/322 1011/300/322 1026/307/322 1027/309/322
f 1013/287/246 1012/302/246 1027/309/246 1028/311/246
f 1021/289/247 1020/303/247 1035/310/247 1036/312/247
f 1014/288/248 1013/287/248 1028/311/248 1029/313/248
f 1015/291/250 1014/288/250 1029/313/250 1030/315/250
f 1016/293/252 1015/291/252 1030/315/252 1031/317/252
f 1017/295/335 1016/293/335 1031/317/335 1032/304/335
f 1059/17/9 1056/5/9 1054/7/9 1060/18/9
f 1055/6/9 1059/17/9 1060/18/9 1053/8/9
usemtl 材质.035
f 1/1/1 2/2/1 4/3/1 3/4/1
usemtl 材质.031
f 24/20/16 23/21/16 272/22/16 22/23/16 271/24/16 21/25/16 270/26/16 269/27/16 27/28/16 28/29/16 29/30/16 30/31/16 31/32/16 32/33/16 33/34/16 34/35/16 35/36/16 36/37/16 37/38/16 38/39/16 39/40/16 40/41/16 41/42/16 42/43/16 103/44/16 277/45/16 276/46/16 275/47/16 274/48/16 26/49/16 273/50/16 25/51/16
f 39/40/17 38/39/17 53/52/17 54/53/17
f 32/33/18 31/32/18 46/54/18 47/55/18
f 40/41/19 39/40/19 54/53/19 55/56/19
f 33/34/20 32/33/20 47/55/20 48/57/20
f 41/42/21 40/41/21 55/56/21 56/58/21
f 34/35/22 33/34/22 48/57/22 49/59/22
f 42/43/23 41/42/23 56/58/23 57/60/23
f 35/36/24 34/35/24 49/59/24 50/61/24
f 28/29/25 27/28/25 43/62/25
f 36/37/27 35/36/27 50/61/27 51/64/27
f 29/30/28 28/29/28 43/62/28 44/65/28
f 37/38/29 36/37/29 51/64/29 52/66/29
f 30/31/30 29/30/30 44/65/30 45/67/30
f 38/39/31 37/38/31 52/66/31 53/52/31
f 31/32/32 30/31/32 45/67/32 46/54/32
f 103/68/33 57/60/33 72/69/33
f 44/65/35 43/62/35 58/72/35 59/73/35
f 45/67/37 44/65/37 59/73/37 60/75/37
f 57/60/46 56/58/46 71/82/46 72/69/46
f 43/62/48 27/84/48 58/72/48
f 58/72/55 27/93/55 73/94/55
f 103/95/56 72/69/56 87/91/56
f 73/94/78 27/117/78 88/102/78
f 88/102/86 27/126/86 104/127/86
f 103/128/87 102/115/87 118/124/87
f 104/127/109 27/150/109 119/151/109
f 134/160/140 27/183/140 149/184/140
f 103/185/141 148/157/141 163/181/141
f 149/197/148 27/198/148 164/199/148
f 103/242/180 193/229/180 208/237/180
f 194/241/201 27/263/201 209/264/201
f 103/265/202 208/237/202 223/261/202
f 209/264/209 27/270/209 224/271/209
f 103/272/210 223/261/210 238/273/210
f 224/271/232 27/296/232 239/297/232
f 252/292/251 251/290/251 266/314/251 267/316/251
f 253/294/253 252/292/253 267/316/253 268/318/253
f 239/297/255 27/319/255 254/306/255
f 103/320/256 253/294/256 268/318/256
f 266/314/257 265/312/257 274/48/257 275/47/257
f 259/315/258 258/313/258 22/23/258 272/22/258
f 267/316/259 266/314/259 275/47/259 276/46/259
f 260/317/260 259/315/260 272/22/260 23/21/260
f 268/318/261 267/316/261 276/46/261 277/45/261
f 261/304/262 260/317/262 23/21/262 24/20/262
f 254/306/263 27/321/263 269/27/263
f 103/44/264 268/318/264 277/45/264
f 262/305/265 261/304/265 24/20/265 25/51/265
f 255/307/266 254/306/266 269/27/266 270/26/266
f 263/308/267 262/305/267 25/51/267 273/50/267
f 256/309/268 255/307/268 270/26/268 21/25/268
f 264/310/269 263/308/269 273/50/269 26/49/269
f 257/311/270 256/309/270 21/25/270 271/24/270
f 265/312/271 264/310/271 26/49/271 274/48/271
f 258/313/272 257/311/272 271/24/272 22/23/272
f 281/20/16 280/21/16 529/22/16 279/23/16 528/24/16 278/25/16 527/26/16 526/27/16 284/28/16 285/29/16 286/30/16 287/31/16 288/32/16 289/33/16 290/34/16 291/35/16 292/36/16 293/37/16 294/38/16 295/39/16 296/40/16 297/41/16 298/42/16 299/43/16 360/44/16 534/45/16 533/46/16 532/47/16 531/48/16 283/49/16 530/50/16 282/51/16
f 296/40/17 295/39/17 310/52/17 311/53/17
f 289/33/18 288/32/18 303/54/18 304/55/18
f 297/41/19 296/40/19 311/53/19 312/56/19
f 290/34/20 289/33/20 304/55/20 305/57/20
f 298/42/21 297/41/21 312/56/21 313/58/21
f 291/35/22 290/34/22 305/57/22 306/59/22
f 299/43/23 298/42/23 313/58/23 314/60/23
f 292/36/273 291/35/273 306/59/273 307/61/273
f 285/29/25 284/28/25 300/62/25
f 360/63/26 299/43/26 314/60/26
f 293/37/274 292/36/274 307/61/274 308/64/274
f 286/30/28 285/29/28 300/62/28 301/65/28
f 294/38/29 293/37/29 308/64/29 309/66/29
f 287/31/30 286/30/30 301/65/30 302/67/30
f 295/39/31 294/38/31 309/66/31 310/52/31
f 288/32/32 287/31/32 302/67/32 303/54/32
f 360/68/33 314/60/33 329/69/33
f 308/64/34 307/61/34 322/70/34 323/71/34
f 301/65/35 300/62/35 315/72/35 316/73/35
f 309/66/36 308/64/36 323/71/36 324/74/36
f 302/67/275 301/65/275 316/73/275 317/75/275
f 310/52/38 309/66/38 324/74/38 325/76/38
f 311/53/40 310/52/40 325/76/40 326/78/40
f 312/56/42 311/53/42 326/78/42 327/80/42
f 305/57/43 304/55/43 319/79/43 320/81/43
f 313/58/44 312/56/44 327/80/44 328/82/44
f 306/59/45 305/57/45 320/81/45 321/83/45
f 314/60/46 313/58/46 328/82/46 329/69/46
f 307/61/47 306/59/47 321/83/47 322/70/47
f 300/62/48 284/84/48 315/72/48
f 327/80/49 326/78/49 341/85/49 342/86/49
f 320/81/50 319/79/50 334/87/50 335/88/50
f 328/82/51 327/80/51 342/86/51 343/89/51
f 321/83/52 320/81/52 335/88/52 336/90/52
f 329/69/276 328/82/276 343/89/276 344/91/276
f 322/70/277 321/83/277 336/90/277 337/92/277
f 315/72/55 284/93/55 330/94/55
f 360/95/56 329/69/56 344/91/56
f 323/71/278 322/70/278 337/92/278 338/96/278
f 316/73/279 315/72/279 330/94/279 331/97/279
f 324/74/59 323/71/59 338/96/59 339/98/59
f 325/76/61 324/74/61 339/98/61 340/100/61
f 326/78/63 325/76/63 340/100/63 341/85/63
f 339/98/66 338/96/66 353/104/66 354/105/66
f 340/100/68 339/98/68 354/105/68 355/107/68
f 341/85/70 340/100/70 355/107/70 356/109/70
f 342/86/72 341/85/72 356/109/72 357/111/72
f 335/88/73 334/87/73 349/110/73 350/112/73
f 343/89/74 342/86/74 357/111/74 358/113/74
f 336/90/75 335/88/75 350/112/75 351/114/75
f 344/91/283 343/89/283 358/113/283 359/115/283
f 337/92/77 336/90/77 351/114/77 352/116/77
f 330/94/78 284/117/78 345/102/78
f 360/118/79 344/91/79 359/115/79
f 338/96/80 337/92/80 352/116/80 353/104/80
f 350/112/81 349/110/81 365/119/81 366/120/81
f 358/113/82 357/111/82 373/121/82 374/122/82
f 351/114/83 350/112/83 366/120/83 367/123/83
f 359/115/84 358/113/84 374/122/84 375/124/84
f 352/116/85 351/114/85 367/123/85 368/125/85
f 345/102/86 284/126/86 361/127/86
f 360/128/87 359/115/87 375/124/87
f 353/104/284 352/116/284 368/125/284 369/129/284
f 354/105/90 353/104/90 369/129/90 370/131/90
f 355/107/92 354/105/92 370/131/92 371/133/92
f 356/109/94 355/107/94 371/133/94 372/135/94
f 357/111/96 356/109/96 372/135/96 373/121/96
f 370/131/97 369/129/97 384/136/97 385/137/97
f 371/133/99 370/131/99 385/137/99 386/140/99
f 372/135/285 371/133/285 386/140/285 387/142/285
f 373/121/103 372/135/103 387/142/103 388/144/103
f 366/120/104 365/119/104 380/143/104 381/145/104
f 374/122/105 373/121/105 388/144/105 389/146/105
f 367/123/106 366/120/106 381/145/106 382/147/106
f 375/124/286 374/122/286 389/146/286 390/148/286
f 368/125/287 367/123/287 382/147/287 383/149/287
f 361/127/109 284/150/109 376/151/109
f 360/152/288 375/124/288 390/148/288
f 369/129/289 368/125/289 383/149/289 384/136/289
f 389/146/113 388/144/113 403/153/113 404/154/113
f 382/147/114 381/145/114 396/155/114 397/156/114
f 390/148/115 389/146/115 404/154/115 405/157/115
f 383/149/116 382/147/116 397/156/116 398/158/116
f 376/151/117 284/159/117 391/160/117
f 360/161/118 390/148/118 405/157/118
f 384/136/119 383/149/119 398/158/119 399/162/119
f 385/137/121 384/136/121 399/162/121 400/164/121
f 386/140/123 385/137/123 400/164/123 401/166/123
f 387/142/125 386/140/125 401/166/125 402/168/125
f 388/144/127 387/142/127 402/168/127 403/153/127
f 381/145/128 380/143/128 395/169/128 396/155/128
f 401/166/130 400/164/130 415/172/130 416/173/130
f 402/168/132 401/166/132 416/173/132 417/175/132
f 403/153/134 402/168/134 417/175/134 418/177/134
f 396/155/135 395/169/135 410/176/135 411/178/135
f 404/154/136 403/153/136 418/177/136 419/179/136
f 397/156/137 396/155/137 411/178/137 412/180/137
f 405/157/138 404/154/138 419/179/138 420/181/138
f 398/158/139 397/156/139 412/180/139 413/182/139
f 391/160/140 284/183/140 406/184/140
f 360/185/141 405/157/141 420/181/141
f 399/162/142 398/158/142 413/182/142 414/186/142
f 400/164/144 399/162/144 414/186/144 415/172/144
f 412/187/145 411/188/145 426/189/145 427/190/145
f 420/191/146 419/192/146 434/193/146 435/194/146
f 413/195/147 412/187/147 427/190/147 428/196/147
f 406/197/148 284/198/148 421/199/148
f 360/200/149 420/191/149 435/194/149
f 414/201/150 413/195/150 428/196/150 429/202/150
f 415/205/152 414/201/152 429/202/152 430/206/152
f 416/209/154 415/205/154 430/206/154 431/210/154
f 417/213/156 416/209/156 431/210/156 432/214/156
f 418/217/292 417/213/292 432/214/292 433/218/292
f 411/188/159 410/215/159 425/216/159 426/189/159
f 419/192/160 418/217/160 433/218/160 434/193/160
f 431/210/161 430/206/161 445/219/161 446/220/161
f 432/214/163 431/210/163 446/220/163 447/223/163
f 433/218/165 432/214/165 447/223/165 448/225/165
f 426/189/166 425/216/166 440/224/166 441/226/166
f 434/193/167 433/218/167 448/225/167 449/227/167
f 427/190/168 426/189/168 441/226/168 442/228/168
f 435/194/169 434/193/169 449/227/169 450/229/169
f 428/196/170 427/190/170 442/228/170 443/230/170
f 421/199/293 284/231/293 436/232/293
f 360/233/172 435/194/172 450/229/172
f 429/202/173 428/196/173 443/230/173 444/234/173
f 430/206/175 429/202/175 444/234/175 445/219/175
f 450/229/177 449/227/177 464/236/177 465/237/177
f 443/230/294 442/228/294 457/238/294 458/239/294
f 436/232/179 284/240/179 451/241/179
f 360/242/180 450/229/180 465/237/180
f 444/234/181 443/230/181 458/239/181 459/243/181
f 445/219/183 444/234/183 459/243/183 460/245/183
f 446/220/185 445/219/185 460/245/185 461/247/185
f 447/223/295 446/220/295 461/247/295 462/249/295
f 448/225/189 447/223/189 462/249/189 463/251/189
f 441/226/190 440/224/190 455/250/190 456/252/190
f 449/227/191 448/225/191 463/251/191 464/236/191
f 442/228/192 441/226/192 456/252/192 457/238/192
f 462/249/193 461/247/193 476/253/193 477/254/193
f 463/251/195 462/249/195 477/254/195 478/257/195
f 456/252/196 455/250/196 470/256/196 471/258/196
f 464/236/197 463/251/197 478/257/197 479/259/197
f 457/238/198 456/252/198 471/258/198 472/260/198
f 465/237/199 464/236/199 479/259/199 480/261/199
f 458/239/200 457/238/200 472/260/200 473/262/200
f 451/241/201 284/263/201 466/264/201
f 360/265/202 465/237/202 480/261/202
f 459/243/203 458/239/203 473/262/203 474/266/203
f 460/245/205 459/243/205 474/266/205 475/268/205
f 461/247/207 460/245/207 475/268/207 476/253/207
f 466/264/209 284/270/209 481/271/209
f 360/272/210 480/261/210 495/273/210
f 474/266/211 473/262/211 488/274/211 489/275/211
f 475/268/213 474/266/213 489/275/213 490/277/213
f 476/253/215 475/268/215 490/277/215 491/279/215
f 477/254/217 476/253/217 491/279/217 492/281/217
f 478/257/219 477/254/219 492/281/219 493/283/219
f 471/258/220 470/256/220 485/282/220 486/284/220
f 479/259/221 478/257/221 493/283/221 494/285/221
f 472/260/222 471/258/222 486/284/222 487/286/222
f 480/261/298 479/259/298 494/285/298 495/273/298
f 473/262/224 472/260/224 487/286/224 488/274/224
f 493/283/226 492/281/226 507/289/226 508/290/226
f 486/284/227 485/282/227 500/288/227 501/291/227
f 494/285/228 493/283/228 508/290/228 509/292/228
f 487/286/229 486/284/229 501/291/229 502/293/229
f 495/273/299 494/285/299 509/292/299 510/294/299
f 488/274/300 487/286/300 502/293/300 503/295/300
f 481/271/232 284/296/232 496/297/232
f 360/298/233 495/273/233 510/294/233
f 489/275/301 488/274/301 503/295/301 504/299/301
f 482/276/235 481/271/235 496/297/235 497/300/235
f 490/277/236 489/275/236 504/299/236 505/301/236
f 491/279/238 490/277/238 505/301/238 506/303/238
f 492/281/302 491/279/302 506/303/302 507/289/302
f 504/299/241 503/295/241 518/304/241 519/305/241
f 497/300/242 496/297/242 511/306/242 512/307/242
f 505/301/243 504/299/243 519/305/243 520/308/243
f 498/302/244 497/300/244 512/307/244 513/309/244
f 506/303/303 505/301/303 520/308/303 521/310/303
f 507/289/247 506/303/247 521/310/247 522/312/247
f 508/290/249 507/289/249 522/312/249 523/314/249
f 501/291/250 500/288/250 515/313/250 516/315/250
f 509/292/304 508/290/304 523/314/304 524/316/304
f 502/293/252 501/291/252 516/315/252 517/317/252
f 510/294/253 509/292/253 524/316/253 525/318/253
f 503/295/254 502/293/254 517/317/254 518/304/254
f 496/297/255 284/319/255 511/306/255
f 360/320/256 510/294/256 525/318/256
f 523/314/257 522/312/257 531/48/257 532/47/257
f 516/315/258 515/313/258 279/23/258 529/22/258
f 524/316/259 523/314/259 532/47/259 533/46/259
f 517/317/260 516/315/260 529/22/260 280/21/260
f 525/318/261 524/316/261 533/46/261 534/45/261
f 518/304/305 517/317/305 280/21/305 281/20/305
f 511/306/263 284/321/263 526/27/263
f 360/44/264 525/318/264 534/45/264
f 519/305/306 518/304/306 281/20/306 282/51/306
f 512/307/266 511/306/266 526/27/266 527/26/266
f 520/308/267 519/305/267 282/51/267 530/50/267
f 513/309/268 512/307/268 527/26/268 278/25/268
f 521/310/269 520/308/269 530/50/269 283/49/269
f 514/311/270 513/309/270 278/25/270 528/24/270
f 522/312/271 521/310/271 283/49/271 531/48/271
f 515/313/272 514/311/272 528/24/272 279/23/272
f 538/20/16 537/21/16 786/22/16 536/23/16 785/24/16 535/25/16 784/26/16 783/27/16 541/28/16 542/29/16 543/30/16 544/31/16 545/32/16 546/33/16 547/34/16 548/35/16 549/36/16 550/37/16 551/38/16 552/39/16 553/40/16 554/41/16 555/42/16 556/43/16 617/44/16 791/45/16 790/46/16 789/47/16 788/48/16 540/49/16 787/50/16 539/51/16
f 553/40/17 552/39/17 567/52/17 568/53/17
f 546/33/18 545/32/18 560/54/18 561/55/18
f 554/41/19 553/40/19 568/53/19 569/56/19
f 547/34/20 546/33/20 561/55/20 562/57/20
f 555/42/21 554/41/21 569/56/21 570/58/21
f 548/35/22 547/34/22 562/57/22 563/59/22
f 556/43/23 555/42/23 570/58/23 571/60/23
f 549/36/273 548/35/273 563/59/273 564/61/273
f 542/29/25 541/28/25 557/62/25
f 617/63/26 556/43/26 571/60/26
f 550/37/307 549/36/307 564/61/307 565/64/307
f 543/30/28 542/29/28 557/62/28 558/65/28
f 551/38/29 550/37/29 565/64/29 566/66/29
f 544/31/30 543/30/30 558/65/30 559/67/30
f 552/39/31 551/38/31 566/66/31 567/52/31
f 545/32/32 544/31/32 559/67/32 560/54/32
f 617/68/308 571/60/308 586/69/308
f 558/65/35 557/62/35 572/72/35 573/73/35
f 566/66/36 565/64/36 580/71/36 581/74/36
f 559/67/37 558/65/37 573/73/37 574/75/37
f 567/52/309 566/66/309 581/74/309 582/76/309
f 570/58/44 569/56/44 584/80/44 585/82/44
f 571/60/46 570/58/46 585/82/46 586/69/46
f 557/62/48 541/84/48 572/72/48
f 586/69/310 585/82/310 600/89/310 601/91/310
f 572/72/55 541/93/55 587/94/55
f 617/95/56 586/69/56 601/91/56
f 573/73/58 572/72/58 587/94/58 588/97/58
f 581/74/59 580/71/59 595/96/59 596/98/59
f 582/76/61 581/74/61 596/98/61 597/100/61
f 596/98/66 595/96/66 610/104/66 611/105/66
f 597/100/68 596/98/68 611/105/68 612/107/68
f 587/94/78 541/117/78 602/102/78
f 617/118/79 601/91/79 616/115/79
f 602/102/86 541/126/86 618/127/86
f 617/128/87 616/115/87 632/124/87
f 611/105/90 610/104/90 626/129/90 627/131/90
f 612/107/92 611/105/92 627/131/92 628/133/92
f 627/131/97 626/129/97 641/136/97 642/137/97
f 628/133/99 627/131/99 642/137/99 643/140/99
f 618/127/109 541/150/109 633/151/109
f 617/152/110 632/124/110 647/148/110
f 633/151/117 541/159/117 648/160/117
f 617/161/118 647/148/118 662/157/118
f 642/137/121 641/136/121 656/162/121 657/164/121
f 643/140/123 642/137/123 657/164/123 658/166/123
f 658/166/130 657/164/130 672/172/130 673/173/130
f 617/185/141 662/157/141 677/181/141
f 657/164/144 656/162/144 671/186/144 672/172/144
f 663/197/148 541/198/148 678/199/148
f 617/200/149 677/191/149 692/194/149
f 672/205/152 671/201/152 686/202/152 687/206/152
f 673/209/154 672/205/154 687/206/154 688/210/154
f 688/210/161 687/206/161 702/219/161 703/220/161
f 678/199/293 541/231/293 693/232/293
f 617/233/172 692/194/172 707/229/172
f 687/206/175 686/202/175 701/234/175 702/219/175
f 693/232/179 541/240/179 708/241/179
f 617/242/180 707/229/180 722/237/180
f 702/219/183 701/234/183 716/243/183 717/245/183
f 703/220/185 702/219/185 717/245/185 718/247/185
f 708/241/201 541/263/201 723/264/201
f 617/265/202 722/237/202 737/261/202
f 717/245/205 716/243/205 731/266/205 732/268/205
f 718/247/207 717/245/207 732/268/207 733/253/207
f 723/264/209 541/270/209 738/271/209
f 617/272/315 737/261/315 752/273/315
f 732/268/213 731/266/213 746/275/213 747/277/213
f 733/253/215 732/268/215 747/277/215 748/279/215
f 752/273/230 751/285/230 766/292/230 767/294/230
f 738/271/232 541/296/232 753/297/232
f 617/298/319 752/273/319 767/294/319
f 747/277/236 746/275/236 761/299/236 762/301/236
f 748/279/238 747/277/238 762/301/238 763/303/238
f 754/300/242 753/297/242 768/306/242 769/307/242
f 762/301/243 761/299/243 776/305/243 777/308/243
f 763/303/245 762/301/245 777/308/245 778/310/245
f 766/292/304 765/290/304 780/314/304 781/316/304
f 767/294/253 766/292/253 781/316/253 782/318/253
f 753/297/255 541/319/255 768/306/255
f 617/320/256 767/294/256 782/318/256
f 780/314/257 779/312/257 788/48/257 789/47/257
f 773/315/258 772/313/258 536/23/258 786/22/258
f 781/316/259 780/314/259 789/47/259 790/46/259
f 774/317/260 773/315/260 786/22/260 537/21/260
f 782/318/261 781/316/261 790/46/261 791/45/261
f 775/304/305 774/317/305 537/21/305 538/20/305
f 768/306/263 541/321/263 783/27/263
f 617/44/324 782/318/324 791/45/324
f 776/305/306 775/304/306 538/20/306 539/51/306
f 769/307/266 768/306/266 783/27/266 784/26/266
f 777/308/267 776/305/267 539/51/267 787/50/267
f 770/309/268 769/307/268 784/26/268 535/25/268
f 778/310/269 777/308/269 787/50/269 540/49/269
f 771/311/270 770/309/270 535/25/270 785/24/270
f 779/312/325 778/310/325 540/49/325 788/48/325
f 772/313/272 771/311/272 785/24/272 536/23/272
f 795/20/16 794/21/16 1043/22/16 793/23/16 1042/24/16 792/25/16 1041/26/16 1040/27/16 798/28/16 799/29/16 800/30/16 801/31/16 802/32/16 803/33/16 804/34/16 805/35/16 806/36/16 807/37/16 808/38/16 809/39/16 810/40/16 811/41/16 812/42/16 813/43/16 874/44/16 1048/45/16 1047/46/16 1046/47/16 1045/48/16 797/49/16 1044/50/16 796/51/16
f 810/40/17 809/39/17 824/52/17 825/53/17
f 803/33/18 802/32/18 817/54/18 818/55/18
f 811/41/19 810/40/19 825/53/19 826/56/19
f 804/34/20 803/33/20 818/55/20 819/57/20
f 812/42/21 811/41/21 826/56/21 827/58/21
f 805/35/22 804/34/22 819/57/22 820/59/22
f 813/43/23 812/42/23 827/58/23 828/60/23
f 806/36/326 805/35/326 820/59/326 821/61/326
f 799/29/25 798/28/25 814/62/25
f 874/63/26 813/43/26 828/60/26
f 807/37/307 806/36/307 821/61/307 822/64/307
f 800/30/28 799/29/28 814/62/28 815/65/28
f 808/38/29 807/37/29 822/64/29 823/66/29
f 801/31/30 800/30/30 815/65/30 816/67/30
f 809/39/31 808/38/31 823/66/31 824/52/31
f 802/32/32 801/31/32 816/67/32 817/54/32
f 874/68/33 828/60/33 843/69/33
f 822/64/34 821/61/34 836/70/34 837/71/34
f 823/66/36 822/64/36 837/71/36 838/74/36
f 824/52/309 823/66/309 838/74/309 839/76/309
f 826/56/42 825/53/42 840/78/42 841/80/42
f 827/58/44 826/56/44 841/80/44 842/82/44
f 828/60/46 827/58/46 842/82/46 843/69/46
f 814/62/48 798/84/48 829/72/48
f 841/80/49 840/78/49 855/85/49 856/86/49
f 842/82/51 841/80/51 856/86/51 857/89/51
f 843/69/276 842/82/276 857/89/276 858/91/276
f 829/72/55 798/93/55 844/94/55
f 874/95/56 843/69/56 858/91/56
f 837/71/278 836/70/278 851/92/278 852/96/278
f 838/74/59 837/71/59 852/96/59 853/98/59
f 839/76/61 838/74/61 853/98/61 854/100/61
f 853/98/66 852/96/66 867/104/66 868/105/66
f 854/100/68 853/98/68 868/105/68 869/107/68
f 856/86/72 855/85/72 870/109/72 871/111/72
f 857/89/74 856/86/74 871/111/74 872/113/74
f 858/91/283 857/89/283 872/113/283 873/115/283
f 844/94/78 798/117/78 859/102/78
f 874/118/79 858/91/79 873/115/79
f 852/96/80 851/92/80 866/116/80 867/104/80
f 872/113/82 871/111/82 887/121/82 888/122/82
f 873/115/84 872/113/84 888/122/84 889/124/84
f 859/102/86 798/126/86 875/127/86
f 874/128/87 873/115/87 889/124/87
f 867/104/284 866/116/284 882/125/284 883/129/284
f 868/105/90 867/104/90 883/129/90 884/131/90
f 869/107/92 868/105/92 884/131/92 885/133/92
f 871/111/96 870/109/96 886/135/96 887/121/96
f 884/131/97 883/129/97 898/136/97 899/137/97
f 885/133/99 884/131/99 899/137/99 900/140/99
f 887/121/103 886/135/103 901/142/103 902/144/103
f 888/122/105 887/121/105 902/144/105 903/146/105
f 889/124/286 888/122/286 903/146/286 904/148/286
f 875/127/109 798/150/109 890/151/109
f 874/152/110 889/124/110 904/148/110
f 883/129/111 882/125/111 897/149/111 898/136/111
f 903/146/113 902/144/113 917/153/113 918/154/113
f 904/148/115 903/146/115 918/154/115 919/157/115
f 890/151/117 798/159/117 905/160/117
f 874/161/118 904/148/118 919/157/118
f 898/136/119 897/149/119 912/158/119 913/162/119
f 899/137/121 898/136/121 913/162/121 914/164/121
f 900/140/123 899/137/123 914/164/123 915/166/123
f 902/144/127 901/142/127 916/168/127 917/153/127
f 915/166/130 914/164/130 929/172/130 930/173/130
f 917/153/134 916/168/134 931/175/134 932/177/134
f 918/154/136 917/153/136 932/177/136 933/179/136
f 919/157/138 918/154/138 933/179/138 934/181/138
f 905/160/140 798/183/140 920/184/140
f 874/185/141 919/157/141 934/181/141
f 913/162/142 912/158/142 927/182/142 928/186/142
f 914/164/144 913/162/144 928/186/144 929/172/144
f 934/191/146 933/192/146 948/193/146 949/194/146
f 920/197/148 798/198/148 935/199/148
f 874/200/149 934/191/149 949/194/149
f 928/201/150 927/195/150 942/196/150 943/202/150
f 929/205/152 928/201/152 943/202/152 944/206/152
f 930/209/154 929/205/154 944/206/154 945/210/154
f 932/217/292 931/213/292 946/214/292 947/218/292
f 933/192/160 932/217/160 947/218/160 948/193/160
f 945/210/161 944/206/161 959/219/161 960/220/161
f 947/218/165 946/214/165 961/223/165 962/225/165
f 948/193/167 947/218/167 962/225/167 963/227/167
f 949/194/169 948/193/169 963/227/169 964/229/169
f 935/199/293 798/231/293 950/232/293
f 874/233/172 949/194/172 964/229/172
f 943/202/173 942/196/173 957/230/173 958/234/173
f 944/206/175 943/202/175 958/234/175 959/219/175
f 964/229/331 963/227/331 978/236/331 979/237/331
f 950/232/179 798/240/179 965/241/179
f 874/242/180 964/229/180 979/237/180
f 958/234/181 957/230/181 972/239/181 973/243/181
f 959/219/183 958/234/183 973/243/183 974/245/183
f 960/220/185 959/219/185 974/245/185 975/247/185
f 962/225/189 961/223/189 976/249/189 977/251/189
f 963/227/191 962/225/191 977/251/191 978/236/191
f 977/251/195 976/249/195 991/254/195 992/257/195
f 978/236/197 977/251/197 992/257/197 993/259/197
f 979/237/199 978/236/199 993/259/199 994/261/199
f 965/241/201 798/263/201 980/264/201
f 874/265/202 979/237/202 994/261/202
f 973/243/203 972/239/203 987/262/203 988/266/203
f 974/245/205 973/243/205 988/266/205 989/268/205
f 975/247/207 974/245/207 989/268/207 990/253/207
f 980/264/209 798/270/209 995/271/209
f 874/272/210 994/261/210 1009/273/210
f 988/266/211 987/262/211 1002/274/211 1003/275/211
f 989/268/213 988/266/213 1003/275/213 1004/277/213
f 990/253/215 989/268/215 1004/277/215 1005/279/215
f 992/257/219 991/254/219 1006/281/219 1007/283/219
f 993/259/221 992/257/221 1007/283/221 1008/285/221
f 994/261/317 993/259/317 1008/285/317 1009/273/317
f 1007/283/226 1006/281/226 1021/289/226 1022/290/226
f 1008/285/228 1007/283/228 1022/290/228 1023/292/228
f 1009/273/230 1008/285/230 1023/292/230 1024/294/230
f 995/271/232 798/296/232 1010/297/232
f 874/298/233 1009/273/233 1024/294/233
f 1003/275/333 1002/274/333 1017/295/333 1018/299/333
f 1004/277/236 1003/275/236 1018/299/236 1019/301/236
f 1005/279/238 1004/277/238 1019/301/238 1020/303/238
f 1018/299/334 1017/295/334 1032/304/334 1033/305/334
f 1011/300/242 1010/297/242 1025/306/242 1026/307/242
f 1019/301/243 1018/299/243 1033/305/243 1034/308/243
f 1020/303/303 1019/301/303 1034/308/303 1035/310/303
f 1022/290/249 1021/289/249 1036/312/249 1037/314/249
f 1023/292/251 1022/290/251 1037/314/251 1038/316/251
f 1024/294/253 1023/292/253 1038/316/253 1039/318/253
f 1010/297/255 798/319/255 1025/306/255
f 874/320/256 1024/294/256 1039/318/256
f 1037/314/257 1036/312/257 1045/48/257 1046/47/257
f 1030/315/258 1029/313/258 793/23/258 1043/22/258
f 1038/316/259 1037/314/259 1046/47/259 1047/46/259
f 1031/317/260 1030/315/260 1043/22/260 794/21/260
f 1039/318/261 1038/316/261 1047/46/261 1048/45/261
f 1032/304/262 1031/317/262 794/21/262 795/20/262
f 1025/306/263 798/321/263 1040/27/263
f 874/44/264 1039/318/264 1048/45/264
f 1033/305/265 1032/304/265 795/20/265 796/51/265
f 1026/307/266 1025/306/266 1040/27/266 1041/26/266
f 1034/308/267 1033/305/267 796/51/267 1044/50/267
f 1027/309/268 1026/307/268 1041/26/268 792/25/268
f 1035/310/269 1034/308/269 1044/50/269 797/49/269
f 1028/311/270 1027/309/270 792/25/270 1042/24/270
f 1036/312/271 1035/310/271 797/49/271 1045/48/271
f 1029/313/272 1028/311/272 1042/24/272 793/23/272
usemtl 材质.034
f 1057/15/336 1050/2/336 1052/3/336 1058/16/336
f 1058/16/337 1052/3/337 1056/5/337 1059/17/337
f 1060/18/338 1054/7/338 1050/9/338 1057/19/338
f 1051/11/11 1055/6/11 1053/8/11 1049/12/11
f 1056/5/339 1052/13/339 1050/14/339 1054/7/339
f 1053/8/340 1060/18/340 1057/19/340 1049/10/340
f 1051/4/341 1058/16/341 1059/17/341 1055/6/341
f 1049/1/342 1057/15/342 1058/16/342 1051/4/342
usemtl 二氧化碳检测仪
f 1061/322/342 1062/323/342 1064/324/342 1063/325/342
usemtl Alarm
f 1065/322/336 1066/323/336 1068/324/336 1067/325/336
usemtl CO2
f 1069/322/16 1070/323/16 1072/324/16 1071/325/16
usemtl ppm
f 1073/322/336 1074/323/336 1076/324/336 1075/325/336
usemtl Esc_
f 1077/322/16 1078/323/16 1080/324/16 1079/325/16
usemtl Set
f 1081/322/16 1082/323/16 1084/324/16 1083/325/16
usemtl ▲
f 1085/322/9 1086/323/9 1088/324/9 1087/325/9
f 1089/322/9 1090/323/9 1092/324/9 1091/325/9
usemtl 材质.012
f 1125/322/343 1126/322/343 1093/322/343 1094/322/343
f 1127/322/343 1125/322/343 1094/322/343 1095/322/343
f 1128/322/343 1127/322/343 1095/322/343 1096/322/343
f 1129/322/343 1128/322/343 1096/322/343 1097/322/343
f 1130/322/343 1129/322/343 1097/322/343 1098/322/343
f 1131/322/343 1130/322/343 1098/322/343 1099/322/343
f 1132/322/343 1131/322/343 1099/322/343 1100/322/343
f 1133/322/343 1132/322/343 1100/322/343 1101/322/343
f 1134/322/343 1133/322/343 1101/322/343 1102/322/343
f 1135/322/343 1134/322/343 1102/322/343 1103/322/343
f 1136/322/343 1135/322/343 1103/322/343 1104/322/343
f 1137/322/343 1136/322/343 1104/322/343 1105/322/343
f 1138/322/343 1137/322/343 1105/322/343 1106/322/343
f 1139/322/343 1138/322/343 1106/322/343 1107/322/343
f 1140/322/343 1139/322/343 1107/322/343 1108/322/343
f 1141/322/343 1140/322/343 1108/322/343 1109/322/343
f 1142/322/343 1141/322/343 1109/322/343 1110/322/343
f 1143/322/343 1142/322/343 1110/322/343 1111/322/343
f 1144/322/343 1143/322/343 1111/322/343 1112/322/343
f 1145/322/343 1144/322/343 1112/322/343 1113/322/343
f 1146/322/343 1145/322/343 1113/322/343 1114/322/343
f 1147/322/343 1146/322/343 1114/322/343 1115/322/343
f 1148/322/343 1147/322/343 1115/322/343 1116/322/343
f 1149/322/344 1148/322/344 1116/322/344 1117/322/344
f 1150/322/345 1149/322/345 1117/322/345 1118/322/345
f 1151/322/343 1150/322/343 1118/322/343 1119/322/343
f 1152/322/343 1151/322/343 1119/322/343 1120/322/343
f 1153/322/343 1152/322/343 1120/322/343 1121/322/343
f 1154/322/343 1153/322/343 1121/322/343 1122/322/343
f 1155/322/343 1154/322/343 1122/322/343 1123/322/343
f 1156/322/343 1155/322/343 1123/322/343 1124/322/343
f 1126/322/343 1156/322/343 1124/322/343 1093/322/343
usemtl 材质.021
f 1125/322/343 1127/322/343 1128/322/343 1129/322/343 1130/322/343 1131/322/343 1132/322/343 1133/322/343 1134/322/343 1135/322/343 1136/322/343 1137/322/343 1138/322/343 1139/322/343 1140/322/343 1141/322/343 1142/322/343 1143/322/343 1144/322/343 1145/322/343 1146/322/343 1147/322/343 1148/322/343 1149/322/343 1150/322/343 1151/322/343 1152/322/343 1153/322/343 1154/322/343 1155/322/343 1156/322/343 1126/322/343
