# Blender 4.5.2 LTS
# www.blender.org
mtllib Sensor1.mtl
o Sensor_1
v 1.662592 0.97722 -3.038319
v 1.666667 0.981373 -3.037669
v 1.671958 0.983621 -3.037351
v 1.674936 0.98391 -3.037335
v 1.661058 0.971244 -3.038794
v 1.661907 0.974318 -3.037641
v 1.66261 0.976786 -3.036714
v 1.664517 0.978949 -3.035916
v 1.666694 0.980724 -3.035268
v 1.669338 0.982043 -3.034797
v 1.671989 0.982856 -3.034518
v 1.674967 0.98313 -3.034447
v 1.661063 0.971022 -3.038345
v 1.661918 0.97381 -3.036615
v 1.662626 0.976048 -3.035225
v 1.664538 0.97801 -3.03402
v 1.666718 0.97962 -3.033039
v 1.669365 0.980816 -3.03232
v 1.672017 0.981553 -3.031889
v 1.674997 0.981801 -3.031766
v 1.661065 0.970867 -3.038143
v 1.661926 0.973322 -3.035859
v 1.662609 0.974794 -3.033598
v 1.664556 0.976718 -3.032345
v 1.666739 0.978101 -3.031068
v 1.669389 0.979129 -3.030131
v 1.672043 0.979762 -3.029565
v 1.675022 0.979975 -3.029396
v 1.661057 0.970081 -3.037409
v 1.661938 0.971988 -3.034812
v 1.662717 0.974008 -3.033015
v 1.664571 0.975125 -3.030953
v 1.666757 0.976228 -3.029432
v 1.669408 0.977047 -3.028312
v 1.672064 0.977551 -3.027634
v 1.675044 0.977722 -3.027428
v 1.661074 0.969904 -3.037369
v 1.661942 0.971256 -3.034384
v 1.662662 0.97234 -3.031986
v 1.664583 0.973291 -3.029899
v 1.666771 0.974071 -3.028192
v 1.669423 0.97465 -3.026935
v 1.67208 0.975007 -3.026172
v 1.67506 0.975128 -3.025937
v 1.661933 0.968571 -3.039714
v 1.661075 0.969429 -3.037208
v 1.661946 0.970171 -3.034019
v 1.662667 0.970765 -3.031455
v 1.66459 0.971286 -3.029222
v 1.666779 0.971713 -3.027397
v 1.669433 0.972031 -3.026052
v 1.67209 0.972226 -3.025234
v 1.675071 0.972292 -3.024981
v 1.661076 0.968932 -3.037144
v 1.661948 0.969036 -3.033871
v 1.66267 0.969117 -3.031241
v 1.664593 0.969188 -3.02895
v 1.666783 0.969246 -3.027077
v 1.669437 0.96929 -3.025696
v 1.672094 0.969316 -3.024857
v 1.675075 0.969325 -3.024596
v 1.661076 0.968432 -3.037178
v 1.661947 0.967893 -3.033948
v 1.662668 0.967458 -3.031353
v 1.664591 0.967077 -3.029093
v 1.666781 0.966764 -3.027245
v 1.669435 0.966532 -3.025882
v 1.672092 0.966388 -3.025055
v 1.675073 0.96634 -3.024798
v 1.661074 0.967948 -3.037308
v 1.661944 0.966788 -3.034247
v 1.662664 0.965853 -3.031787
v 1.664585 0.965034 -3.029645
v 1.666774 0.964362 -3.027893
v 1.669427 0.963863 -3.026603
v 1.672084 0.963555 -3.02582
v 1.675064 0.963451 -3.025578
v 1.661107 0.967784 -3.037467
v 1.661939 0.965868 -3.034664
v 1.662522 0.963997 -3.032997
v 1.664575 0.963139 -3.030584
v 1.666762 0.962133 -3.028998
v 1.669414 0.961386 -3.027831
v 1.67207 0.960926 -3.027123
v 1.67505 0.960771 -3.026906
v 1.661068 0.967102 -3.037837
v 1.661929 0.964807 -3.035608
v 1.662562 0.963285 -3.033297
v 1.664561 0.961463 -3.031875
v 1.666745 0.960163 -3.030516
v 1.669395 0.959196 -3.029518
v 1.67205 0.958601 -3.028914
v 1.67503 0.9584 -3.028733
v 1.661064 0.966773 -3.038214
v 1.661921 0.964102 -3.036316
v 1.662631 0.961954 -3.034791
v 1.664544 0.960071 -3.033468
v 1.666725 0.958526 -3.03239
v 1.669372 0.957378 -3.031599
v 1.672026 0.956671 -3.031124
v 1.675005 0.956432 -3.030986
v 1.66106 0.966523 -3.038649
v 1.66191 0.963531 -3.037309
v 1.662615 0.961125 -3.036232
v 1.664524 0.959017 -3.035303
v 1.666701 0.957286 -3.034547
v 1.669346 0.956 -3.033996
v 1.671998 0.955209 -3.033668
v 1.674977 0.954941 -3.03358
v 1.661054 0.966363 -3.039124
v 1.661898 0.963165 -3.038394
v 1.662598 0.960594 -3.037807
v 1.664502 0.958341 -3.037308
v 1.666676 0.956491 -3.036904
v 1.669318 0.955117 -3.036615
v 1.671968 0.954271 -3.036448
v 1.674946 0.953985 -3.036415
v 1.661049 0.966298 -3.03962
v 1.661886 0.963018 -3.039529
v 1.66258 0.96038 -3.039456
v 1.664479 0.958069 -3.039406
v 1.666649 0.956171 -3.039371
v 1.669288 0.954762 -3.039356
v 1.671936 0.953893 -3.039358
v 1.674914 0.9536 -3.039382
v 1.661044 0.966332 -3.04012
v 1.661874 0.963095 -3.040672
v 1.662562 0.960492 -3.041114
v 1.664456 0.958211 -3.041516
v 1.666622 0.956339 -3.041853
v 1.669258 0.954948 -3.042114
v 1.671904 0.954091 -3.042286
v 1.674881 0.953802 -3.042367
v 1.661038 0.966463 -3.040604
v 1.661862 0.963394 -3.041777
v 1.662544 0.960926 -3.042719
v 1.664433 0.958763 -3.043559
v 1.666595 0.956988 -3.044254
v 1.669229 0.955669 -3.044783
v 1.671873 0.954856 -3.045119
v 1.674849 0.954582 -3.045255
v 1.661033 0.966685 -3.041053
v 1.66185 0.963902 -3.042803
v 1.662528 0.961664 -3.044208
v 1.664413 0.959702 -3.045454
v 1.666571 0.958092 -3.046483
v 1.669201 0.956896 -3.047259
v 1.671844 0.956159 -3.047748
v 1.67482 0.955911 -3.047936
v 1.661031 0.966801 -3.041306
v 1.661812 0.964514 -3.04362
v 1.662369 0.963347 -3.045559
v 1.664394 0.960993 -3.04713
v 1.66655 0.959611 -3.048454
v 1.669178 0.958583 -3.049449
v 1.671819 0.95795 -3.050073
v 1.674794 0.957737 -3.050306
v 1.661025 0.967556 -3.041846
v 1.661831 0.965658 -3.044577
v 1.662474 0.964116 -3.046261
v 1.664379 0.962587 -3.048522
v 1.666532 0.961484 -3.050091
v 1.669158 0.960665 -3.051267
v 1.671798 0.96016 -3.052003
v 1.674773 0.95999 -3.052274
v 1.661023 0.967803 -3.042029
v 1.661826 0.966456 -3.045034
v 1.662493 0.965372 -3.047447
v 1.664368 0.964421 -3.049576
v 1.666518 0.963641 -3.05133
v 1.669143 0.963062 -3.052645
v 1.671782 0.962705 -3.053465
v 1.674757 0.962584 -3.053765
v 1.661021 0.968278 -3.04219
v 1.661822 0.967541 -3.0454
v 1.662487 0.966947 -3.047978
v 1.66436 0.966426 -3.050252
v 1.66651 0.965999 -3.052125
v 1.669133 0.965681 -3.053528
v 1.671772 0.965486 -3.054403
v 1.674746 0.965419 -3.054721
v 1.66102 0.968775 -3.042254
v 1.66182 0.968676 -3.045547
v 1.662485 0.968595 -3.048192
v 1.664357 0.968524 -3.050524
v 1.666506 0.968466 -3.052445
v 1.669129 0.968422 -3.053883
v 1.671768 0.968396 -3.05478
v 1.674742 0.968387 -3.055106
v 1.661021 0.969275 -3.04222
v 1.661821 0.969819 -3.04547
v 1.662486 0.970254 -3.04808
v 1.664359 0.970635 -3.050382
v 1.666508 0.970948 -3.052277
v 1.669131 0.97118 -3.053697
v 1.67177 0.971324 -3.054583
v 1.674744 0.971372 -3.054904
v 1.661022 0.969759 -3.04209
v 1.661824 0.970924 -3.045171
v 1.662491 0.971859 -3.047646
v 1.664365 0.972678 -3.04983
v 1.666515 0.97335 -3.051629
v 1.669139 0.973849 -3.052977
v 1.671778 0.974157 -3.053818
v 1.674753 0.974261 -3.054124
v 1.660997 0.969916 -3.04193
v 1.66183 0.971651 -3.044693
v 1.662533 0.973656 -3.046667
v 1.664375 0.974573 -3.048891
v 1.666527 0.975579 -3.050524
v 1.669152 0.976326 -3.051749
v 1.671792 0.976786 -3.052515
v 1.674767 0.976941 -3.052796
v 1.661028 0.970613 -3.041503
v 1.661839 0.973018 -3.043835
v 1.662469 0.9744 -3.046029
v 1.664389 0.976249 -3.047599
v 1.666543 0.977549 -3.049006
v 1.669171 0.978516 -3.050062
v 1.671812 0.979111 -3.050724
v 1.674787 0.979312 -3.05097
v 1.661032 0.970934 -3.041184
v 1.661847 0.97361 -3.043102
v 1.662523 0.975758 -3.044642
v 1.664407 0.977641 -3.046006
v 1.666564 0.979186 -3.047132
v 1.669194 0.980334 -3.04798
v 1.671836 0.981041 -3.048514
v 1.674812 0.98128 -3.048717
v 1.661037 0.971184 -3.040749
v 1.661858 0.974181 -3.042109
v 1.662539 0.976587 -3.043201
v 1.664427 0.978695 -3.044172
v 1.666588 0.980426 -3.044975
v 1.66922 0.981712 -3.045584
v 1.671864 0.982503 -3.045969
v 1.67484 0.982771 -3.046123
v 1.661042 0.971344 -3.040275
v 1.66187 0.974547 -3.041024
v 1.662556 0.977118 -3.041626
v 1.664449 0.979371 -3.042167
v 1.666613 0.981221 -3.042618
v 1.669248 0.982595 -3.042964
v 1.671894 0.983441 -3.043189
v 1.674871 0.983727 -3.043288
v 1.661047 0.971409 -3.039778
v 1.661882 0.974694 -3.039889
v 1.662574 0.977332 -3.039977
v 1.664472 0.979643 -3.040069
v 1.66664 0.981541 -3.040151
v 1.669278 0.98295 -3.040223
v 1.671926 0.983819 -3.040279
v 1.674903 0.984112 -3.04032
v 1.661053 0.971375 -3.039278
v 1.661895 0.974617 -3.038746
v 1.664495 0.979501 -3.037958
v 1.669308 0.982764 -3.037466
v 1.661579 0.970716 -3.037954
v 1.662524 0.973111 -3.035715
v 1.663954 0.975034 -3.033922
v 1.661582 0.970338 -3.037624
v 1.662532 0.972249 -3.034961
v 1.663966 0.973782 -3.032829
v 1.661583 0.967499 -3.037537
v 1.662534 0.965762 -3.034762
v 1.663969 0.964364 -3.032539
v 1.66158 0.967102 -3.037842
v 1.662526 0.964855 -3.035461
v 1.663958 0.963047 -3.033554
v 1.662156 0.966991 -3.041462
v 1.662436 0.964601 -3.043716
v 1.663827 0.962678 -3.045539
v 1.662153 0.967368 -3.041792
v 1.662428 0.965463 -3.04447
v 1.663815 0.96393 -3.046633
v 1.662152 0.970208 -3.041879
v 1.662426 0.97195 -3.044669
v 1.663812 0.973348 -3.046923
v 1.662155 0.970605 -3.041574
v 1.662433 0.972857 -3.04397
v 1.663823 0.974665 -3.045908
v 1.661924 0.968853 -3.039709
v 1.673054 0.882441 -3.071792
v 1.804233 0.882441 -2.913306
v 1.673044 0.896156 -3.073143
v 1.804199 0.927275 -2.917721
v 1.673012 0.909343 -3.077143
v 1.804096 0.970385 -2.930798
v 1.672961 0.921497 -3.083639
v 1.80393 1.010116 -2.952034
v 1.672893 0.932149 -3.092381
v 1.803705 1.04494 -2.980613
v 1.672809 0.940892 -3.103033
v 1.803432 1.073519 -3.015436
v 1.672714 0.947388 -3.115186
v 1.803121 1.094756 -3.055166
v 1.672611 0.951388 -3.128374
v 1.802783 1.107833 -3.098274
v 1.672503 0.952739 -3.142088
v 1.802431 1.112249 -3.143106
v 1.672395 0.951388 -3.155802
v 1.80208 1.107833 -3.187938
v 1.672292 0.947388 -3.168989
v 1.801742 1.094756 -3.231047
v 1.672197 0.940892 -3.181142
v 1.80143 1.073519 -3.270777
v 1.672113 0.932149 -3.191794
v 1.801157 1.04494 -3.3056
v 1.672045 0.921497 -3.200536
v 1.800933 1.010116 -3.334179
v 1.671994 0.909343 -3.207032
v 1.800766 0.970385 -3.355415
v 1.671962 0.896156 -3.211033
v 1.800664 0.927275 -3.368492
v 1.671952 0.882441 -3.212383
v 1.800629 0.882441 -3.372907
v 1.671962 0.868727 -3.211033
v 1.800664 0.837608 -3.368492
v 1.671994 0.855539 -3.207032
v 1.800766 0.794498 -3.355415
v 1.672045 0.843386 -3.200536
v 1.800933 0.754767 -3.334179
v 1.672113 0.832733 -3.191794
v 1.801157 0.719943 -3.3056
v 1.672197 0.823991 -3.181142
v 1.80143 0.691363 -3.270777
v 1.672292 0.817495 -3.168989
v 1.801742 0.670126 -3.231047
v 1.672395 0.813494 -3.155802
v 1.80208 0.657049 -3.187938
v 1.672503 0.812143 -3.142087
v 1.802431 0.652633 -3.143106
v 1.672611 0.813494 -3.128374
v 1.802783 0.657049 -3.098274
v 1.672714 0.817494 -3.115186
v 1.803121 0.670127 -3.055165
v 1.672809 0.823991 -3.103033
v 1.803432 0.691363 -3.015436
v 1.672893 0.832733 -3.092381
v 1.803705 0.719943 -2.980613
v 1.672961 0.843386 -3.083639
v 1.80393 0.754767 -2.952034
v 1.673012 0.855539 -3.077143
v 1.804096 0.794498 -2.930798
v 1.673044 0.868727 -3.073143
v 1.804199 0.837608 -2.917721
v 1.837105 0.919518 -2.956977
v 1.837134 0.882441 -2.953326
v 1.837021 0.955169 -2.967792
v 1.836883 0.988026 -2.985353
v 1.836697 1.016825 -3.008987
v 1.836472 1.04046 -3.037786
v 1.836214 1.058022 -3.070641
v 1.835934 1.068837 -3.106292
v 1.835644 1.072488 -3.143367
v 1.835353 1.068837 -3.180442
v 1.835073 1.058022 -3.216093
v 1.834816 1.04046 -3.248948
v 1.83459 1.016825 -3.277746
v 1.834405 0.988026 -3.30138
v 1.834267 0.955169 -3.318942
v 1.834182 0.919518 -3.329756
v 1.834154 0.882441 -3.333408
v 1.834182 0.845365 -3.329756
v 1.834267 0.809713 -3.318942
v 1.834405 0.776857 -3.30138
v 1.83459 0.748058 -3.277746
v 1.834816 0.724423 -3.248948
v 1.835073 0.706861 -3.216092
v 1.835353 0.696046 -3.180442
v 1.835644 0.692394 -3.143367
v 1.835934 0.696046 -3.106292
v 1.836214 0.706861 -3.070641
v 1.836472 0.724423 -3.037786
v 1.836697 0.748058 -3.008987
v 1.836883 0.776857 -2.985353
v 1.837021 0.809713 -2.967792
v 1.837105 0.845365 -2.956977
v 1.837261 0.923466 -2.937127
v 1.837293 0.882441 -2.933086
v 1.837167 0.962915 -2.949093
v 1.837015 0.999271 -2.968525
v 1.83681 1.031137 -2.994676
v 1.83656 1.057289 -3.026541
v 1.836275 1.076721 -3.062896
v 1.835965 1.088688 -3.102343
v 1.835644 1.092728 -3.143367
v 1.835322 1.088688 -3.184391
v 1.835013 1.076721 -3.223838
v 1.834728 1.057289 -3.260193
v 1.834478 1.031137 -3.292058
v 1.834273 0.99927 -3.318209
v 1.83412 0.962915 -3.337641
v 1.834026 0.923466 -3.349607
v 1.833995 0.882441 -3.353647
v 1.834026 0.841416 -3.349607
v 1.83412 0.801968 -3.337641
v 1.834273 0.765612 -3.318209
v 1.834478 0.733746 -3.292058
v 1.834728 0.707594 -3.260193
v 1.835013 0.688161 -3.223838
v 1.835322 0.676195 -3.184391
v 1.835644 0.672154 -3.143367
v 1.835965 0.676195 -3.102343
v 1.836275 0.688161 -3.062896
v 1.83656 0.707594 -3.026541
v 1.83681 0.733746 -2.994676
v 1.837015 0.765612 -2.968525
v 1.837167 0.801968 -2.949093
v 1.837261 0.841416 -2.937127
v 1.879483 0.909357 -3.008393
v 1.879503 0.882441 -3.005742
v 1.879421 0.935238 -3.016244
v 1.879321 0.95909 -3.028993
v 1.879187 0.979997 -3.04615
v 1.879023 0.997154 -3.067056
v 1.878836 1.009904 -3.090907
v 1.878633 1.017754 -3.116788
v 1.878422 1.020405 -3.143702
v 1.878211 1.017754 -3.170617
v 1.878008 1.009904 -3.196497
v 1.87782 0.997154 -3.220349
v 1.877657 0.979997 -3.241255
v 1.877522 0.95909 -3.258412
v 1.877422 0.935238 -3.271161
v 1.877361 0.909357 -3.279011
v 1.87734 0.882441 -3.281662
v 1.877361 0.855526 -3.279011
v 1.877422 0.829645 -3.271161
v 1.877522 0.805792 -3.258412
v 1.877657 0.784886 -3.241255
v 1.87782 0.767728 -3.220349
v 1.878008 0.754979 -3.196497
v 1.878211 0.747128 -3.170617
v 1.878422 0.744477 -3.143702
v 1.878633 0.747128 -3.116788
v 1.878836 0.754979 -3.090907
v 1.879023 0.767728 -3.067056
v 1.879187 0.784886 -3.04615
v 1.879321 0.805793 -3.028993
v 1.879421 0.829645 -3.016244
v 1.879483 0.855526 -3.008393
v 1.837115 0.907159 -2.95576
v 1.837124 0.8948 -2.954543
v 1.837049 0.943285 -2.964187
v 1.837077 0.931401 -2.960582
v 1.836929 0.977074 -2.9795
v 1.836975 0.966121 -2.973646
v 1.836759 1.007225 -3.001109
v 1.836821 0.997625 -2.993231
v 1.836547 1.032581 -3.028186
v 1.836622 1.024703 -3.018587
v 1.8363 1.052168 -3.059689
v 1.836386 1.046314 -3.048738
v 1.836028 1.065232 -3.094408
v 1.836121 1.061627 -3.082525
v 1.835741 1.071271 -3.131008
v 1.835837 1.070054 -3.11865
v 1.83545 1.070054 -3.168084
v 1.835547 1.071271 -3.155725
v 1.835167 1.061627 -3.204209
v 1.83526 1.065232 -3.192326
v 1.834902 1.046314 -3.237996
v 1.834988 1.052168 -3.227044
v 1.834665 1.024703 -3.268147
v 1.834741 1.032581 -3.258548
v 1.834466 0.997625 -3.293502
v 1.834528 1.007225 -3.285624
v 1.834313 0.966121 -3.313088
v 1.834359 0.977073 -3.307234
v 1.83421 0.931401 -3.326152
v 1.834239 0.943285 -3.322547
v 1.834163 0.8948 -3.332191
v 1.834173 0.907159 -3.330974
v 1.834173 0.857724 -3.330974
v 1.834163 0.870082 -3.332191
v 1.834239 0.821597 -3.322547
v 1.83421 0.833481 -3.326152
v 1.834359 0.787809 -3.307234
v 1.834313 0.798761 -3.313088
v 1.834528 0.757657 -3.285624
v 1.834466 0.767257 -3.293502
v 1.834741 0.732301 -3.258548
v 1.834665 0.740179 -3.268147
v 1.834988 0.712715 -3.227044
v 1.834902 0.718569 -3.237996
v 1.83526 0.699651 -3.192326
v 1.835167 0.703256 -3.204209
v 1.835547 0.693612 -3.155725
v 1.83545 0.694829 -3.168084
v 1.835837 0.694829 -3.11865
v 1.835741 0.693612 -3.131008
v 1.836121 0.703256 -3.082525
v 1.836028 0.699651 -3.094408
v 1.836386 0.718569 -3.048738
v 1.8363 0.712715 -3.059689
v 1.836622 0.740179 -3.018587
v 1.836547 0.732301 -3.028186
v 1.836821 0.767257 -2.993231
v 1.836759 0.757657 -3.001109
v 1.836975 0.798761 -2.973645
v 1.836929 0.787809 -2.979499
v 1.837077 0.833481 -2.960582
v 1.837049 0.821597 -2.964187
v 1.837124 0.870082 -2.954543
v 1.837115 0.857724 -2.95576
v 1.87949 0.900385 -3.00751
v 1.879496 0.891413 -3.006626
v 1.879441 0.926611 -3.013627
v 1.879462 0.917984 -3.01101
v 1.879354 0.951139 -3.024743
v 1.879388 0.943189 -3.020494
v 1.879231 0.973028 -3.040431
v 1.879276 0.966059 -3.034712
v 1.879077 0.991435 -3.060087
v 1.879132 0.985716 -3.053118
v 1.878898 1.005654 -3.082957
v 1.87896 1.001404 -3.075006
v 1.8787 1.015137 -3.108161
v 1.878768 1.012521 -3.099534
v 1.878492 1.019522 -3.134731
v 1.878562 1.018638 -3.125759
v 1.878281 1.018638 -3.161645
v 1.878351 1.019522 -3.152674
v 1.878075 1.012521 -3.187871
v 1.878143 1.015137 -3.179244
v 1.877883 1.001404 -3.212398
v 1.877945 1.005654 -3.204448
v 1.877711 0.985716 -3.234286
v 1.877766 0.991435 -3.227317
v 1.877567 0.966059 -3.252693
v 1.877612 0.973028 -3.246974
v 1.877455 0.943189 -3.266911
v 1.877489 0.951139 -3.262661
v 1.877381 0.917984 -3.276394
v 1.877402 0.926611 -3.273777
v 1.877347 0.891413 -3.280779
v 1.877354 0.900385 -3.279895
v 1.877354 0.864498 -3.279895
v 1.877347 0.873469 -3.280779
v 1.877402 0.838272 -3.273777
v 1.877381 0.846899 -3.276394
v 1.877489 0.813743 -3.262661
v 1.877455 0.821694 -3.266911
v 1.877612 0.791855 -3.246974
v 1.877567 0.798824 -3.252693
v 1.877766 0.773447 -3.227317
v 1.877711 0.779167 -3.234286
v 1.877945 0.759229 -3.204448
v 1.877883 0.763478 -3.212398
v 1.878143 0.749745 -3.179244
v 1.878075 0.752362 -3.187871
v 1.878351 0.745361 -3.152674
v 1.878281 0.746244 -3.161645
v 1.878562 0.746244 -3.125759
v 1.878492 0.745361 -3.134731
v 1.878768 0.752362 -3.099534
v 1.8787 0.749745 -3.108161
v 1.87896 0.763478 -3.075006
v 1.878898 0.759229 -3.082957
v 1.879132 0.779167 -3.053118
v 1.879077 0.773447 -3.060087
v 1.879276 0.798824 -3.034712
v 1.879231 0.791855 -3.040431
v 1.879388 0.821694 -3.020494
v 1.879354 0.813743 -3.024743
v 1.879462 0.846899 -3.01101
v 1.879441 0.838272 -3.013627
v 1.879496 0.873469 -3.006626
v 1.87949 0.864498 -3.007509
v 1.851257 0.882441 -2.970798
v 1.86538 0.882441 -2.98827
v 1.865357 0.912744 -2.991255
v 1.851231 0.916131 -2.974116
v 1.850655 0.738858 -3.047542
v 1.864839 0.753293 -3.057299
v 1.865023 0.77261 -3.033762
v 1.85086 0.760334 -3.021375
v 1.848652 0.948525 -3.303015
v 1.863037 0.941882 -3.287088
v 1.862968 0.912744 -3.295926
v 1.848575 0.916131 -3.312841
v 1.865288 0.941882 -3.000093
v 1.851154 0.948525 -2.983943
v 1.865175 0.796147 -3.014446
v 1.851029 0.786502 -2.9999
v 1.862944 0.882441 -3.298911
v 1.848549 0.882441 -3.316159
v 1.865175 0.968735 -3.014446
v 1.851029 0.978381 -2.9999
v 1.865288 0.823001 -3.000093
v 1.851154 0.816357 -2.983943
v 1.862968 0.852139 -3.295926
v 1.848575 0.848752 -3.312841
v 1.865023 0.992273 -3.033762
v 1.85086 1.004549 -3.021375
v 1.865357 0.852139 -2.991255
v 1.851231 0.848752 -2.974116
v 1.863037 0.823001 -3.287088
v 1.848652 0.816357 -3.303015
v 1.864839 1.011589 -3.057299
v 1.850655 1.026024 -3.047542
v 1.86315 0.796147 -3.272735
v 1.848777 0.786502 -3.287057
v 1.864628 1.025943 -3.084152
v 1.850421 1.041982 -3.077397
v 1.863301 0.77261 -3.253418
v 1.848945 0.760334 -3.265582
v 1.8644 1.034782 -3.113289
v 1.850167 1.051809 -3.10979
v 1.863486 0.753293 -3.229882
v 1.849151 0.738858 -3.239415
v 1.864162 1.037766 -3.14359
v 1.849903 1.055127 -3.143479
v 1.863696 0.73894 -3.203029
v 1.849385 0.7229 -3.209561
v 1.863925 1.034782 -3.173892
v 1.849639 1.051809 -3.177167
v 1.863925 0.730101 -3.173892
v 1.849639 0.713073 -3.177167
v 1.863696 1.025943 -3.203029
v 1.849385 1.041982 -3.209561
v 1.864162 0.727116 -3.14359
v 1.849903 0.709755 -3.143479
v 1.863486 1.011589 -3.229882
v 1.849151 1.026024 -3.239415
v 1.8644 0.730101 -3.113289
v 1.850167 0.713073 -3.10979
v 1.863301 0.992273 -3.253419
v 1.848945 1.004549 -3.265583
v 1.864628 0.73894 -3.084152
v 1.850421 0.7229 -3.077397
v 1.86315 0.968735 -3.272735
v 1.848777 0.97838 -3.287057
v 1.848694 0.958477 -3.297696
v 1.863075 0.950833 -3.282303
v 1.848735 0.968429 -3.292377
v 1.863112 0.959784 -3.277519
v 1.850577 0.733539 -3.057494
v 1.864769 0.748509 -3.06625
v 1.850499 0.728219 -3.067445
v 1.864699 0.743724 -3.075201
v 1.848833 0.987103 -3.279899
v 1.8632 0.976581 -3.266296
v 1.848889 0.995826 -3.272741
v 1.863251 0.984427 -3.259857
v 1.850336 0.719625 -3.088194
v 1.864552 0.735993 -3.093864
v 1.850252 0.716349 -3.098992
v 1.864476 0.733047 -3.103577
v 1.849014 1.011707 -3.25686
v 1.863363 0.998712 -3.245573
v 1.849082 1.018866 -3.248137
v 1.863424 1.005151 -3.237727
v 1.850079 0.711967 -3.12102
v 1.864321 0.729106 -3.123389
v 1.849991 0.710861 -3.132249
v 1.864241 0.728111 -3.13349
v 1.849229 1.031344 -3.229464
v 1.863556 1.016374 -3.220931
v 1.849307 1.036663 -3.219512
v 1.863626 1.021158 -3.21198
v 1.849815 0.710861 -3.154708
v 1.864083 0.728111 -3.153691
v 1.849727 0.711967 -3.165937
v 1.864004 0.729106 -3.163791
v 1.84947 1.045258 -3.198763
v 1.863772 1.028889 -3.193317
v 1.849554 1.048534 -3.187965
v 1.863848 1.031836 -3.183604
v 1.849554 0.716349 -3.187965
v 1.863848 0.733047 -3.183604
v 1.849469 0.719625 -3.198763
v 1.863772 0.735993 -3.193317
v 1.849727 1.052915 -3.165938
v 1.864004 1.035777 -3.163791
v 1.849815 1.054021 -3.154708
v 1.864083 1.036772 -3.153691
v 1.849307 0.728219 -3.219512
v 1.863626 0.743724 -3.21198
v 1.849229 0.733539 -3.229464
v 1.863556 0.748509 -3.220931
v 1.849991 1.054021 -3.132249
v 1.864241 1.036772 -3.13349
v 1.850079 1.052915 -3.12102
v 1.864321 1.035777 -3.123389
v 1.849082 0.746017 -3.248137
v 1.863424 0.759732 -3.237727
v 1.849014 0.753175 -3.25686
v 1.863363 0.766171 -3.245573
v 1.850252 1.048534 -3.098992
v 1.864476 1.031836 -3.103577
v 1.850337 1.045258 -3.088195
v 1.864552 1.028889 -3.093864
v 1.848889 0.769056 -3.272741
v 1.863251 0.780456 -3.259857
v 1.848833 0.777779 -3.279899
v 1.8632 0.788301 -3.266296
v 1.850499 1.036663 -3.067445
v 1.864699 1.021158 -3.075201
v 1.850577 1.031344 -3.057494
v 1.864769 1.016374 -3.06625
v 1.848735 0.796454 -3.292377
v 1.863112 0.805098 -3.277519
v 1.848694 0.806405 -3.297696
v 1.863075 0.81405 -3.282303
v 1.851248 0.871211 -2.971904
v 1.865372 0.87234 -2.989265
v 1.85124 0.859982 -2.97301
v 1.865365 0.86224 -2.99026
v 1.850724 1.018866 -3.03882
v 1.8649 1.005151 -3.049453
v 1.850792 1.011707 -3.030097
v 1.864962 0.998712 -3.041608
v 1.848626 0.827155 -3.30629
v 1.863014 0.832714 -3.290034
v 1.848601 0.837954 -3.309566
v 1.862991 0.842426 -3.29298
v 1.851205 0.837954 -2.977391
v 1.865334 0.842426 -2.994201
v 1.85118 0.827155 -2.980667
v 1.865311 0.832714 -2.997147
v 1.850917 0.995826 -3.014217
v 1.865074 0.984427 -3.027324
v 1.850973 0.987103 -3.007058
v 1.865124 0.976581 -3.020885
v 1.848566 0.859982 -3.313947
v 1.86296 0.86224 -3.296921
v 1.848558 0.871211 -3.315053
v 1.862952 0.87234 -3.297916
v 1.851112 0.806405 -2.989262
v 1.86525 0.81405 -3.004878
v 1.851071 0.796454 -2.994581
v 1.865212 0.805098 -3.009662
v 1.851071 0.968429 -2.994581
v 1.865212 0.959784 -3.009662
v 1.851112 0.958477 -2.989262
v 1.86525 0.950833 -3.004878
v 1.848558 0.893671 -3.315053
v 1.862952 0.892542 -3.297916
v 1.848566 0.904901 -3.313947
v 1.86296 0.902643 -3.296921
v 1.850973 0.777779 -3.007058
v 1.865124 0.788301 -3.020885
v 1.850917 0.769057 -3.014216
v 1.865074 0.780456 -3.027324
v 1.85118 0.937727 -2.980667
v 1.865311 0.932169 -2.997147
v 1.851205 0.926929 -2.977391
v 1.865334 0.922456 -2.994201
v 1.848601 0.926929 -3.309566
v 1.862991 0.922456 -3.29298
v 1.848626 0.937727 -3.30629
v 1.863014 0.932169 -3.290034
v 1.850792 0.753175 -3.030097
v 1.864962 0.766171 -3.041608
v 1.850724 0.746017 -3.03882
v 1.8649 0.759732 -3.049453
v 1.85124 0.904901 -2.97301
v 1.865365 0.902643 -2.99026
v 1.851248 0.893671 -2.971904
v 1.865372 0.892542 -2.989265
v 1.709339 0.882441 -2.900144
v 1.709303 0.929697 -2.904799
v 1.709195 0.975137 -2.918582
v 1.709019 1.017014 -2.940965
v 1.708783 1.05372 -2.971088
v 1.708495 1.083844 -3.007793
v 1.708167 1.106228 -3.049669
v 1.707811 1.120011 -3.095107
v 1.70744 1.124666 -3.142362
v 1.707069 1.120011 -3.189616
v 1.706713 1.106228 -3.235054
v 1.706385 1.083844 -3.27693
v 1.706097 1.05372 -3.313635
v 1.705861 1.017014 -3.343758
v 1.705685 0.975137 -3.366141
v 1.705577 0.929697 -3.379925
v 1.705541 0.882441 -3.384579
v 1.705577 0.835186 -3.379925
v 1.705685 0.789746 -3.366141
v 1.705861 0.747868 -3.343758
v 1.706097 0.711163 -3.313635
v 1.706385 0.681039 -3.27693
v 1.706713 0.658655 -3.235054
v 1.707069 0.644871 -3.189616
v 1.70744 0.640217 -3.142361
v 1.70781 0.644871 -3.095107
v 1.708167 0.658655 -3.049669
v 1.708495 0.681039 -3.007793
v 1.708783 0.711163 -2.971088
v 1.709019 0.747869 -2.940965
v 1.709195 0.789746 -2.918582
v 1.709303 0.835186 -2.904799
v 1.674402 0.882441 -2.89987
v 1.674366 0.929697 -2.904525
v 1.674258 0.975137 -2.918308
v 1.674082 1.017014 -2.940691
v 1.673846 1.05372 -2.970814
v 1.673558 1.083844 -3.007519
v 1.67323 1.106228 -3.049395
v 1.672873 1.120011 -3.094833
v 1.672503 1.124666 -3.142088
v 1.672132 1.120011 -3.189342
v 1.671776 1.106228 -3.23478
v 1.671448 1.083844 -3.276656
v 1.67116 1.05372 -3.313361
v 1.670924 1.017014 -3.343484
v 1.670748 0.975137 -3.365867
v 1.67064 0.929697 -3.379651
v 1.670604 0.882441 -3.384305
v 1.67064 0.835186 -3.379651
v 1.670748 0.789746 -3.365867
v 1.670924 0.747868 -3.343484
v 1.67116 0.711163 -3.313361
v 1.671448 0.681039 -3.276656
v 1.671776 0.658655 -3.23478
v 1.672132 0.644871 -3.189342
v 1.672503 0.640217 -3.142087
v 1.672873 0.644871 -3.094833
v 1.67323 0.658655 -3.049395
v 1.673558 0.681039 -3.007519
v 1.673846 0.711163 -2.970814
v 1.674082 0.747869 -2.940691
v 1.674258 0.789746 -2.918308
v 1.674366 0.835186 -2.904525
v 1.673736 0.882441 -2.984826
v 1.673712 0.913122 -2.987848
v 1.673642 0.942625 -2.996797
v 1.673528 0.969814 -3.011329
v 1.673375 0.993645 -3.030887
v 1.673188 1.013204 -3.054718
v 1.672975 1.027736 -3.081906
v 1.672744 1.036686 -3.111407
v 1.672503 1.039708 -3.142088
v 1.672262 1.036686 -3.172768
v 1.672031 1.027736 -3.202269
v 1.671818 1.013203 -3.229457
v 1.671631 0.993645 -3.253288
v 1.671478 0.969814 -3.272846
v 1.671364 0.942625 -3.287378
v 1.671293 0.913122 -3.296327
v 1.67127 0.882441 -3.299349
v 1.671293 0.85176 -3.296327
v 1.671364 0.822258 -3.287378
v 1.671478 0.795069 -3.272846
v 1.671631 0.771237 -3.253288
v 1.671818 0.751679 -3.229457
v 1.672031 0.737146 -3.202269
v 1.672262 0.728197 -3.172768
v 1.672503 0.725175 -3.142087
v 1.672744 0.728197 -3.111407
v 1.672975 0.737146 -3.081906
v 1.673188 0.751679 -3.054718
v 1.673375 0.771237 -3.030887
v 1.673528 0.795069 -3.011329
v 1.673642 0.822258 -2.996797
v 1.673712 0.85176 -2.987848
v 1.673415 0.882441 -3.025737
v 1.673398 0.905141 -3.027972
v 1.673346 0.926968 -3.034593
v 1.673262 0.947084 -3.045345
v 1.673148 0.964716 -3.059815
v 1.67301 0.979187 -3.077446
v 1.672852 0.989939 -3.097562
v 1.672681 0.99656 -3.119389
v 1.672503 0.998796 -3.142088
v 1.672325 0.99656 -3.164787
v 1.672154 0.989939 -3.186613
v 1.671996 0.979187 -3.206729
v 1.671858 0.964716 -3.22436
v 1.671744 0.947084 -3.23883
v 1.67166 0.926968 -3.249582
v 1.671608 0.905141 -3.256203
v 1.671591 0.882441 -3.258439
v 1.671608 0.859742 -3.256203
v 1.67166 0.837914 -3.249582
v 1.671744 0.817798 -3.23883
v 1.671858 0.800166 -3.22436
v 1.671996 0.785696 -3.206729
v 1.672154 0.774944 -3.186613
v 1.672325 0.768322 -3.164787
v 1.672503 0.766087 -3.142087
v 1.672681 0.768322 -3.119389
v 1.672852 0.774944 -3.097562
v 1.67301 0.785696 -3.077446
v 1.673148 0.800166 -3.059815
v 1.673262 0.817798 -3.045345
v 1.673346 0.837914 -3.034593
v 1.673398 0.859742 -3.027972
v 1.683748 0.882441 -2.984905
v 1.683724 0.913122 -2.987926
v 1.683654 0.942625 -2.996876
v 1.68354 0.969814 -3.011408
v 1.683387 0.993645 -3.030965
v 1.6832 1.013204 -3.054796
v 1.682987 1.027736 -3.081985
v 1.682755 1.036686 -3.111486
v 1.682515 1.039708 -3.142166
v 1.682274 1.036686 -3.172846
v 1.682043 1.027736 -3.202348
v 1.68183 1.013203 -3.229536
v 1.681643 0.993645 -3.253367
v 1.681489 0.969814 -3.272924
v 1.681376 0.942625 -3.287457
v 1.681305 0.913122 -3.296406
v 1.681282 0.882441 -3.299428
v 1.681305 0.85176 -3.296406
v 1.681376 0.822258 -3.287457
v 1.681489 0.795069 -3.272924
v 1.681643 0.771237 -3.253367
v 1.68183 0.751679 -3.229536
v 1.682043 0.737146 -3.202348
v 1.682274 0.728197 -3.172846
v 1.682515 0.725175 -3.142166
v 1.682755 0.728197 -3.111486
v 1.682987 0.737146 -3.081985
v 1.6832 0.751679 -3.054796
v 1.683387 0.771237 -3.030965
v 1.68354 0.795069 -3.011408
v 1.683654 0.822258 -2.996875
v 1.683724 0.85176 -2.987926
v 1.683427 0.882441 -3.025815
v 1.68341 0.905141 -3.028051
v 1.683358 0.926968 -3.034672
v 1.683273 0.947084 -3.045424
v 1.68316 0.964716 -3.059894
v 1.683022 0.979187 -3.077525
v 1.682864 0.989939 -3.097641
v 1.682693 0.99656 -3.119467
v 1.682515 0.998796 -3.142166
v 1.682337 0.99656 -3.164865
v 1.682166 0.989939 -3.186692
v 1.682008 0.979187 -3.206807
v 1.68187 0.964716 -3.224439
v 1.681756 0.947084 -3.238909
v 1.681672 0.926968 -3.24966
v 1.68162 0.905141 -3.256281
v 1.681602 0.882441 -3.258517
v 1.68162 0.859742 -3.256281
v 1.681672 0.837914 -3.24966
v 1.681756 0.817798 -3.238908
v 1.68187 0.800166 -3.224439
v 1.682008 0.785696 -3.206807
v 1.682166 0.774944 -3.186692
v 1.682337 0.768322 -3.164865
v 1.682515 0.766087 -3.142166
v 1.682693 0.768322 -3.119467
v 1.682864 0.774944 -3.097641
v 1.683022 0.785696 -3.077525
v 1.68316 0.800166 -3.059894
v 1.683273 0.817798 -3.045424
v 1.683358 0.837914 -3.034672
v 1.68341 0.859742 -3.028051
v 1.731244 0.03312 -3.1327
v 1.731244 0.659408 -3.1327
v 1.727734 0.03312 -3.133018
v 1.727734 0.659408 -3.133018
v 1.724353 0.03312 -3.134015
v 1.724353 0.659408 -3.134015
v 1.721232 0.03312 -3.135652
v 1.721232 0.659408 -3.135652
v 1.71849 0.03312 -3.137866
v 1.71849 0.659408 -3.137866
v 1.716233 0.03312 -3.140573
v 1.716233 0.659408 -3.140573
v 1.714547 0.03312 -3.143668
v 1.714547 0.659408 -3.143668
v 1.713498 0.03312 -3.147033
v 1.713498 0.659408 -3.147033
v 1.713125 0.03312 -3.150537
v 1.713125 0.659408 -3.150537
v 1.713443 0.03312 -3.154047
v 1.713443 0.659408 -3.154047
v 1.71444 0.03312 -3.157428
v 1.71444 0.659408 -3.157428
v 1.716076 0.03312 -3.160549
v 1.716076 0.659408 -3.160549
v 1.718291 0.03312 -3.163291
v 1.718291 0.659408 -3.163291
v 1.720998 0.03312 -3.165548
v 1.720998 0.659408 -3.165548
v 1.724093 0.03312 -3.167234
v 1.724093 0.659408 -3.167234
v 1.727457 0.03312 -3.168283
v 1.727457 0.659408 -3.168283
v 1.730962 0.03312 -3.168656
v 1.730962 0.659408 -3.168656
v 1.734472 0.03312 -3.168339
v 1.734472 0.659408 -3.168339
v 1.737853 0.03312 -3.167342
v 1.737853 0.659408 -3.167342
v 1.740974 0.03312 -3.165705
v 1.740974 0.659408 -3.165705
v 1.743716 0.03312 -3.163491
v 1.743716 0.659408 -3.163491
v 1.745973 0.03312 -3.160784
v 1.745973 0.659408 -3.160784
v 1.747659 0.03312 -3.157689
v 1.747659 0.659408 -3.157689
v 1.748708 0.03312 -3.154324
v 1.748708 0.659408 -3.154324
v 1.749081 0.03312 -3.150819
v 1.749081 0.659408 -3.150819
v 1.748763 0.03312 -3.147309
v 1.748763 0.659408 -3.147309
v 1.747766 0.03312 -3.143929
v 1.747766 0.659408 -3.143929
v 1.74613 0.03312 -3.140808
v 1.74613 0.659408 -3.140808
v 1.743915 0.03312 -3.138066
v 1.743915 0.659408 -3.138066
v 1.741208 0.03312 -3.135808
v 1.741208 0.659408 -3.135808
v 1.738113 0.03312 -3.134123
v 1.738113 0.659408 -3.134123
v 1.734749 0.03312 -3.133073
v 1.734749 0.659408 -3.133073
v 1.661889 0.801475 -3.248825
v 1.665964 0.805628 -3.248176
v 1.671254 0.807876 -3.247858
v 1.674232 0.808165 -3.247842
v 1.660354 0.795499 -3.2493
v 1.661203 0.798573 -3.248147
v 1.661906 0.801041 -3.247221
v 1.663813 0.803204 -3.246422
v 1.66599 0.804979 -3.245774
v 1.668634 0.806298 -3.245303
v 1.671285 0.807111 -3.245025
v 1.674264 0.807385 -3.244953
v 1.660359 0.795277 -3.248851
v 1.661214 0.798065 -3.247121
v 1.661923 0.800303 -3.245731
v 1.663834 0.802265 -3.244527
v 1.666014 0.803875 -3.243545
v 1.668661 0.805071 -3.242827
v 1.671314 0.805808 -3.242395
v 1.674293 0.806056 -3.242273
v 1.660362 0.795122 -3.248649
v 1.661223 0.797577 -3.246365
v 1.661905 0.799049 -3.244104
v 1.663852 0.800973 -3.242851
v 1.666036 0.802356 -3.241574
v 1.668685 0.803384 -3.240637
v 1.671339 0.804017 -3.240071
v 1.674319 0.80423 -3.239903
v 1.660353 0.794336 -3.247916
v 1.661234 0.796243 -3.245319
v 1.662014 0.798263 -3.243522
v 1.663867 0.79938 -3.241459
v 1.666054 0.800483 -3.239938
v 1.668705 0.801302 -3.238819
v 1.67136 0.801806 -3.238141
v 1.67434 0.801977 -3.237934
v 1.66037 0.794159 -3.247875
v 1.661239 0.795511 -3.244891
v 1.661958 0.796595 -3.242493
v 1.663879 0.797546 -3.240405
v 1.666067 0.798326 -3.238698
v 1.66872 0.798905 -3.237441
v 1.671376 0.799262 -3.236678
v 1.674357 0.799383 -3.236444
v 1.661229 0.792825 -3.25022
v 1.660372 0.793684 -3.247715
v 1.661243 0.794426 -3.244525
v 1.661964 0.79502 -3.241961
v 1.663886 0.795541 -3.239729
v 1.666076 0.795968 -3.237903
v 1.66873 0.796286 -3.236558
v 1.671387 0.796481 -3.235741
v 1.674367 0.796547 -3.235487
v 1.660372 0.793187 -3.24765
v 1.661244 0.793291 -3.244378
v 1.661966 0.793372 -3.241748
v 1.663889 0.793443 -3.239457
v 1.666079 0.793501 -3.237583
v 1.668733 0.793545 -3.236202
v 1.671391 0.793571 -3.235363
v 1.674371 0.79358 -3.235103
v 1.660372 0.792687 -3.247684
v 1.661244 0.792148 -3.244455
v 1.661965 0.791713 -3.24186
v 1.663888 0.791332 -3.239599
v 1.666078 0.791019 -3.237751
v 1.668731 0.790787 -3.236389
v 1.671389 0.790643 -3.235561
v 1.674369 0.790595 -3.235304
v 1.660371 0.792203 -3.247815
v 1.66124 0.791043 -3.244753
v 1.66196 0.790108 -3.242293
v 1.663882 0.789289 -3.240151
v 1.66607 0.788617 -3.2384
v 1.668723 0.788118 -3.237109
v 1.67138 0.78781 -3.236326
v 1.674361 0.787706 -3.236084
v 1.660404 0.792039 -3.247974
v 1.661236 0.790123 -3.245171
v 1.661819 0.788252 -3.243503
v 1.663872 0.787394 -3.241091
v 1.666058 0.786388 -3.239504
v 1.66871 0.785641 -3.238337
v 1.671366 0.785181 -3.237629
v 1.674346 0.785026 -3.237413
v 1.660365 0.791357 -3.248343
v 1.661225 0.789062 -3.246114
v 1.661858 0.78754 -3.243803
v 1.663857 0.785718 -3.242382
v 1.666042 0.784417 -3.241023
v 1.668692 0.783451 -3.240024
v 1.671346 0.782856 -3.23942
v 1.674326 0.782655 -3.239239
v 1.660361 0.791027 -3.248721
v 1.661218 0.788356 -3.246823
v 1.661927 0.786209 -3.245298
v 1.66384 0.784326 -3.243975
v 1.666021 0.782781 -3.242896
v 1.668669 0.781633 -3.242106
v 1.671322 0.780926 -3.24163
v 1.674302 0.780687 -3.241492
v 1.660356 0.790778 -3.249155
v 1.661207 0.787786 -3.247815
v 1.661912 0.78538 -3.246739
v 1.66382 0.783272 -3.245809
v 1.665998 0.781541 -3.245053
v 1.668643 0.780255 -3.244502
v 1.671294 0.779463 -3.244174
v 1.674273 0.779196 -3.244086
v 1.660351 0.790618 -3.24963
v 1.661195 0.78742 -3.2489
v 1.661894 0.784849 -3.248314
v 1.663798 0.782596 -3.247814
v 1.665972 0.780746 -3.24741
v 1.668614 0.779372 -3.247121
v 1.671264 0.778526 -3.246955
v 1.674242 0.77824 -3.246921
v 1.660345 0.790553 -3.250127
v 1.661183 0.787273 -3.250036
v 1.661876 0.784635 -3.249962
v 1.663775 0.782324 -3.249912
v 1.665945 0.780426 -3.249877
v 1.668584 0.779016 -3.249863
v 1.671232 0.778148 -3.249865
v 1.67421 0.777855 -3.249888
v 1.66034 0.790587 -3.250627
v 1.66117 0.78735 -3.251178
v 1.661858 0.784747 -3.251621
v 1.663752 0.782466 -3.252023
v 1.665918 0.780594 -3.252359
v 1.668554 0.779203 -3.25262
v 1.6712 0.778346 -3.252793
v 1.674177 0.778057 -3.252873
v 1.660335 0.790718 -3.251111
v 1.661158 0.787648 -3.252284
v 1.661841 0.785181 -3.253225
v 1.66373 0.783018 -3.254065
v 1.665892 0.781242 -3.254761
v 1.668525 0.779923 -3.255289
v 1.67117 0.779111 -3.255625
v 1.674146 0.778837 -3.255762
v 1.66033 0.79094 -3.251559
v 1.661147 0.788157 -3.253309
v 1.661825 0.785919 -3.254715
v 1.663709 0.783957 -3.255961
v 1.665868 0.782347 -3.25699
v 1.668498 0.781151 -3.257766
v 1.671141 0.780414 -3.258255
v 1.674117 0.780166 -3.258443
v 1.660327 0.791055 -3.251812
v 1.661109 0.788769 -3.254127
v 1.661666 0.787602 -3.256065
v 1.663691 0.785248 -3.257637
v 1.665846 0.783866 -3.25896
v 1.668474 0.782838 -3.259955
v 1.671115 0.782205 -3.260579
v 1.674091 0.781992 -3.260813
v 1.660321 0.791811 -3.252353
v 1.661127 0.789913 -3.255083
v 1.66177 0.788371 -3.256767
v 1.663676 0.786842 -3.259028
v 1.665828 0.785739 -3.260597
v 1.668454 0.78492 -3.261774
v 1.671094 0.784415 -3.26251
v 1.674069 0.784245 -3.262781
v 1.660319 0.792058 -3.252536
v 1.661122 0.790711 -3.25554
v 1.661789 0.789627 -3.257953
v 1.663664 0.788676 -3.260082
v 1.665815 0.787896 -3.261837
v 1.668439 0.787317 -3.263151
v 1.671078 0.78696 -3.263972
v 1.674053 0.786839 -3.264272
v 1.660317 0.792533 -3.252696
v 1.661119 0.791796 -3.255906
v 1.661783 0.791202 -3.258484
v 1.663657 0.790681 -3.260758
v 1.665806 0.790254 -3.262631
v 1.66843 0.789936 -3.264035
v 1.671068 0.78974 -3.26491
v 1.674042 0.789674 -3.265228
v 1.660317 0.79303 -3.25276
v 1.661117 0.792931 -3.256053
v 1.661781 0.79285 -3.258698
v 1.663654 0.792779 -3.26103
v 1.665802 0.792721 -3.262951
v 1.668426 0.792677 -3.26439
v 1.671064 0.792651 -3.265287
v 1.674038 0.792642 -3.265612
v 1.660317 0.79353 -3.252727
v 1.661118 0.794074 -3.255976
v 1.661782 0.794509 -3.258586
v 1.663655 0.79489 -3.260888
v 1.665804 0.795203 -3.262784
v 1.668428 0.795435 -3.264204
v 1.671066 0.795579 -3.265089
v 1.674041 0.795627 -3.265411
v 1.660318 0.794014 -3.252596
v 1.661121 0.795179 -3.255677
v 1.661787 0.796114 -3.258153
v 1.663661 0.796933 -3.260336
v 1.665811 0.797605 -3.262135
v 1.668436 0.798104 -3.263483
v 1.671075 0.798412 -3.264324
v 1.674049 0.798515 -3.264631
v 1.660294 0.794171 -3.252437
v 1.661126 0.795906 -3.255199
v 1.661829 0.797911 -3.257174
v 1.663672 0.798828 -3.259397
v 1.665823 0.799834 -3.26103
v 1.668449 0.800581 -3.262255
v 1.671089 0.801041 -3.263021
v 1.674064 0.801196 -3.263302
v 1.660325 0.794868 -3.252009
v 1.661136 0.797273 -3.254342
v 1.661766 0.798655 -3.256535
v 1.663686 0.800504 -3.258106
v 1.66584 0.801804 -3.259512
v 1.668467 0.802771 -3.260568
v 1.671108 0.803366 -3.26123
v 1.674083 0.803567 -3.261476
v 1.660328 0.795189 -3.25169
v 1.661144 0.797865 -3.253608
v 1.66182 0.800013 -3.255148
v 1.663703 0.801896 -3.256512
v 1.66586 0.803441 -3.257639
v 1.66849 0.804589 -3.258487
v 1.671132 0.805296 -3.25902
v 1.674108 0.805535 -3.259223
v 1.660333 0.795439 -3.251256
v 1.661154 0.798436 -3.252615
v 1.661836 0.800842 -3.253707
v 1.663723 0.80295 -3.254678
v 1.665884 0.804681 -3.255482
v 1.668516 0.805967 -3.25609
v 1.67116 0.806758 -3.256476
v 1.674136 0.807026 -3.256629
v 1.660338 0.795599 -3.250781
v 1.661166 0.798802 -3.25153
v 1.661853 0.801373 -3.252132
v 1.663745 0.803626 -3.252674
v 1.66591 0.805476 -3.253124
v 1.668545 0.80685 -3.253471
v 1.671191 0.807696 -3.253695
v 1.674167 0.807982 -3.253794
v 1.660344 0.795664 -3.250284
v 1.661179 0.798949 -3.250395
v 1.661871 0.801587 -3.250484
v 1.663768 0.803898 -3.250576
v 1.665937 0.805796 -3.250658
v 1.668575 0.807205 -3.25073
v 1.671222 0.808074 -3.250785
v 1.6742 0.808367 -3.250827
v 1.660349 0.79563 -3.249784
v 1.661191 0.798872 -3.249253
v 1.663791 0.803756 -3.248465
v 1.668605 0.807019 -3.247972
v 1.660875 0.794971 -3.24846
v 1.66182 0.797366 -3.246221
v 1.66325 0.799288 -3.244429
v 1.660879 0.794593 -3.24813
v 1.661828 0.796504 -3.245468
v 1.663262 0.798037 -3.243335
v 1.66088 0.791754 -3.248043
v 1.66183 0.790017 -3.245268
v 1.663265 0.788619 -3.243046
v 1.660876 0.791357 -3.248349
v 1.661823 0.78911 -3.245967
v 1.663254 0.787302 -3.24406
v 1.661453 0.791246 -3.251969
v 1.661733 0.788856 -3.254223
v 1.663123 0.786933 -3.256046
v 1.661449 0.791623 -3.252298
v 1.661724 0.789718 -3.254976
v 1.663111 0.788185 -3.257139
v 1.661448 0.794463 -3.252386
v 1.661722 0.796205 -3.255176
v 1.663108 0.797603 -3.257429
v 1.661452 0.79486 -3.25208
v 1.66173 0.797112 -3.254477
v 1.663119 0.79892 -3.256414
v 1.66122 0.793108 -3.250215
v 1.663892 0.785578 -3.049913
v 1.667967 0.789731 -3.049264
v 1.673258 0.791979 -3.048946
v 1.676236 0.792268 -3.04893
v 1.662358 0.779602 -3.050388
v 1.663207 0.782677 -3.049235
v 1.66391 0.785144 -3.048309
v 1.665817 0.787307 -3.04751
v 1.667993 0.789083 -3.046862
v 1.670637 0.790402 -3.046391
v 1.673289 0.791214 -3.046113
v 1.676267 0.791488 -3.046041
v 1.662363 0.77938 -3.049939
v 1.663218 0.782168 -3.04821
v 1.663926 0.784406 -3.046819
v 1.665838 0.786368 -3.045615
v 1.668018 0.787978 -3.044633
v 1.670665 0.789174 -3.043915
v 1.673317 0.789911 -3.043484
v 1.676297 0.79016 -3.043361
v 1.662365 0.779225 -3.049737
v 1.663226 0.781681 -3.047453
v 1.663909 0.783152 -3.045192
v 1.665856 0.785077 -3.043939
v 1.668039 0.786459 -3.042663
v 1.670688 0.787487 -3.041725
v 1.673343 0.78812 -3.041159
v 1.676322 0.788333 -3.040991
v 1.662357 0.77844 -3.049004
v 1.663238 0.780346 -3.046407
v 1.664017 0.782366 -3.04461
v 1.665871 0.783483 -3.042547
v 1.668057 0.784586 -3.041026
v 1.670708 0.785405 -3.039907
v 1.673364 0.78591 -3.039229
v 1.676344 0.78608 -3.039022
v 1.662374 0.778262 -3.048963
v 1.663242 0.779614 -3.045979
v 1.663961 0.780698 -3.043581
v 1.665882 0.781649 -3.041493
v 1.668071 0.782429 -3.039786
v 1.670723 0.783008 -3.038529
v 1.67338 0.783365 -3.037766
v 1.67636 0.783486 -3.037532
v 1.663233 0.776929 -3.051308
v 1.662375 0.777787 -3.048803
v 1.663246 0.778529 -3.045613
v 1.663967 0.779123 -3.04305
v 1.66589 0.779644 -3.040817
v 1.668079 0.780071 -3.038991
v 1.670733 0.780389 -3.037646
v 1.67339 0.780585 -3.036829
v 1.676371 0.780651 -3.036576
v 1.662376 0.77729 -3.048738
v 1.663248 0.777394 -3.045466
v 1.66397 0.777475 -3.042836
v 1.665893 0.777546 -3.040545
v 1.668083 0.777604 -3.038671
v 1.670737 0.777648 -3.037291
v 1.673394 0.777674 -3.036452
v 1.676375 0.777683 -3.036191
v 1.662376 0.77679 -3.048772
v 1.663247 0.776251 -3.045543
v 1.663968 0.775816 -3.042948
v 1.665891 0.775435 -3.040688
v 1.668081 0.775122 -3.038839
v 1.670735 0.77489 -3.037477
v 1.673392 0.774747 -3.036649
v 1.676373 0.774698 -3.036392
v 1.662374 0.776306 -3.048903
v 1.663244 0.775146 -3.045841
v 1.663964 0.774212 -3.043381
v 1.665885 0.773393 -3.041239
v 1.668074 0.77272 -3.039488
v 1.670727 0.772221 -3.038198
v 1.673384 0.771913 -3.037414
v 1.676364 0.77181 -3.037173
v 1.662407 0.776143 -3.049062
v 1.663239 0.774227 -3.046259
v 1.663822 0.772355 -3.044591
v 1.665875 0.771497 -3.042179
v 1.668062 0.770491 -3.040592
v 1.670714 0.769744 -3.039425
v 1.673369 0.769284 -3.038717
v 1.67635 0.769129 -3.038501
v 1.662368 0.77546 -3.049431
v 1.663229 0.773166 -3.047203
v 1.663862 0.771644 -3.044891
v 1.665861 0.769821 -3.04347
v 1.668045 0.768521 -3.042111
v 1.670695 0.767554 -3.041112
v 1.67335 0.766959 -3.040508
v 1.67633 0.766759 -3.040327
v 1.662364 0.775131 -3.049809
v 1.663221 0.77246 -3.047911
v 1.663931 0.770312 -3.046386
v 1.665843 0.768429 -3.045063
v 1.668025 0.766884 -3.043984
v 1.670672 0.765736 -3.043194
v 1.673326 0.765029 -3.042718
v 1.676305 0.76479 -3.04258
v 1.662359 0.774881 -3.050243
v 1.66321 0.771889 -3.048904
v 1.663915 0.769483 -3.047827
v 1.665823 0.767375 -3.046897
v 1.668001 0.765644 -3.046141
v 1.670646 0.764359 -3.04559
v 1.673298 0.763567 -3.045262
v 1.676277 0.763299 -3.045174
v 1.662354 0.774721 -3.050718
v 1.663198 0.771523 -3.049989
v 1.663898 0.768952 -3.049402
v 1.665802 0.766699 -3.048902
v 1.667976 0.764849 -3.048498
v 1.670618 0.763475 -3.04821
v 1.673268 0.762629 -3.048043
v 1.676246 0.762343 -3.048009
v 1.662349 0.774656 -3.051215
v 1.663186 0.771376 -3.051124
v 1.66388 0.768739 -3.05105
v 1.665779 0.766427 -3.051
v 1.667949 0.764529 -3.050965
v 1.670588 0.76312 -3.050951
v 1.673236 0.762252 -3.050953
v 1.676213 0.761958 -3.050977
v 1.662344 0.77469 -3.051715
v 1.663174 0.771453 -3.052266
v 1.663862 0.768851 -3.052709
v 1.665756 0.766569 -3.053111
v 1.667922 0.764697 -3.053447
v 1.670558 0.763306 -3.053709
v 1.673204 0.762449 -3.053881
v 1.676181 0.76216 -3.053962
v 1.662338 0.774821 -3.052199
v 1.663162 0.771752 -3.053372
v 1.663844 0.769284 -3.054314
v 1.665733 0.767121 -3.055153
v 1.667895 0.765346 -3.055849
v 1.670529 0.764027 -3.056377
v 1.673173 0.763214 -3.056714
v 1.676149 0.76294 -3.05685
v 1.662333 0.775043 -3.052648
v 1.66315 0.77226 -3.054398
v 1.663828 0.770022 -3.055803
v 1.665713 0.76806 -3.057049
v 1.667871 0.76645 -3.058078
v 1.670501 0.765254 -3.058854
v 1.673144 0.764517 -3.059343
v 1.67612 0.764269 -3.059531
v 1.662331 0.775159 -3.0529
v 1.663112 0.772872 -3.055215
v 1.663669 0.771705 -3.057153
v 1.665694 0.769352 -3.058725
v 1.66785 0.767969 -3.060049
v 1.670478 0.766941 -3.061044
v 1.673119 0.766309 -3.061667
v 1.676094 0.766095 -3.061901
v 1.662325 0.775914 -3.053441
v 1.663131 0.774016 -3.056171
v 1.663774 0.772474 -3.057855
v 1.665679 0.770945 -3.060116
v 1.667832 0.769843 -3.061685
v 1.670458 0.769023 -3.062862
v 1.673098 0.768519 -3.063598
v 1.676073 0.768348 -3.063869
v 1.662323 0.776161 -3.053624
v 1.663126 0.774814 -3.056628
v 1.663793 0.77373 -3.059041
v 1.665668 0.772779 -3.061171
v 1.667818 0.771999 -3.062925
v 1.670443 0.77142 -3.064239
v 1.673082 0.771063 -3.06506
v 1.676056 0.770942 -3.06536
v 1.662321 0.776636 -3.053784
v 1.663122 0.775899 -3.056994
v 1.663787 0.775305 -3.059572
v 1.66566 0.774784 -3.061847
v 1.667809 0.774357 -3.06372
v 1.670433 0.774039 -3.065123
v 1.673072 0.773844 -3.065998
v 1.676046 0.773778 -3.066316
v 1.66232 0.777133 -3.053849
v 1.66312 0.777035 -3.057141
v 1.663785 0.776953 -3.059786
v 1.665657 0.776882 -3.062119
v 1.667806 0.776824 -3.064039
v 1.670429 0.776781 -3.065478
v 1.673067 0.776754 -3.066375
v 1.676042 0.776745 -3.0667
v 1.66232 0.777633 -3.053815
v 1.663121 0.778177 -3.057064
v 1.663786 0.778612 -3.059674
v 1.665659 0.778993 -3.061976
v 1.667808 0.779306 -3.063872
v 1.670431 0.779539 -3.065292
v 1.67307 0.779682 -3.066177
v 1.676044 0.77973 -3.066499
v 1.662322 0.778117 -3.053684
v 1.663124 0.779282 -3.056766
v 1.66379 0.780217 -3.059241
v 1.665665 0.781036 -3.061424
v 1.667815 0.781708 -3.063223
v 1.670439 0.782207 -3.064571
v 1.673078 0.782515 -3.065412
v 1.676052 0.782619 -3.065719
v 1.662297 0.778275 -3.053525
v 1.66313 0.780009 -3.056287
v 1.663832 0.782014 -3.058262
v 1.665675 0.782931 -3.060485
v 1.667827 0.783937 -3.062119
v 1.670452 0.784684 -3.063344
v 1.673092 0.785144 -3.064109
v 1.676067 0.7853 -3.06439
v 1.662328 0.778971 -3.053097
v 1.663139 0.781377 -3.05543
v 1.663769 0.782759 -3.057623
v 1.665689 0.784607 -3.059194
v 1.667843 0.785908 -3.0606
v 1.670471 0.786874 -3.061656
v 1.673112 0.787469 -3.062318
v 1.676087 0.78767 -3.062564
v 1.662332 0.779292 -3.052778
v 1.663147 0.781969 -3.054696
v 1.663823 0.784117 -3.056237
v 1.665707 0.785999 -3.0576
v 1.667864 0.787544 -3.058727
v 1.670494 0.788692 -3.059575
v 1.673136 0.789399 -3.060108
v 1.676111 0.789638 -3.060311
v 1.662337 0.779542 -3.052344
v 1.663158 0.782539 -3.053704
v 1.663839 0.784945 -3.054795
v 1.665727 0.787053 -3.055766
v 1.667887 0.788784 -3.05657
v 1.67052 0.79007 -3.057178
v 1.673164 0.790862 -3.057564
v 1.67614 0.791129 -3.057717
v 1.662342 0.779702 -3.051869
v 1.66317 0.782905 -3.052619
v 1.663856 0.785476 -3.05322
v 1.665749 0.78773 -3.053762
v 1.667913 0.789579 -3.054213
v 1.670548 0.790953 -3.054559
v 1.673194 0.791799 -3.054784
v 1.676171 0.792085 -3.054882
v 1.662347 0.779767 -3.051372
v 1.663182 0.783052 -3.051483
v 1.663874 0.78569 -3.051572
v 1.665771 0.788002 -3.051664
v 1.66794 0.789899 -3.051746
v 1.670578 0.791309 -3.051818
v 1.673226 0.792177 -3.051873
v 1.676203 0.79247 -3.051915
v 1.662353 0.779733 -3.050872
v 1.663195 0.782975 -3.050341
v 1.665794 0.787859 -3.049553
v 1.670608 0.791122 -3.04906
v 1.662879 0.779074 -3.049548
v 1.663823 0.781469 -3.047309
v 1.665254 0.783392 -3.045517
v 1.662882 0.778696 -3.049218
v 1.663832 0.780607 -3.046556
v 1.665266 0.78214 -3.044424
v 1.662883 0.775857 -3.049131
v 1.663834 0.77412 -3.046356
v 1.665269 0.772722 -3.044134
v 1.66288 0.77546 -3.049437
v 1.663826 0.773213 -3.047055
v 1.665258 0.771405 -3.045148
v 1.663456 0.775349 -3.053057
v 1.663736 0.772959 -3.055311
v 1.665127 0.771037 -3.057134
v 1.663453 0.775727 -3.053387
v 1.663728 0.773821 -3.056064
v 1.665115 0.772289 -3.058228
v 1.663452 0.778566 -3.053474
v 1.663726 0.780308 -3.056264
v 1.665112 0.781706 -3.058517
v 1.663455 0.778963 -3.053168
v 1.663733 0.781215 -3.055565
v 1.665123 0.783023 -3.057503
v 1.663224 0.777212 -3.051303
v 1.669967 0.98391 -3.037335
v 1.669998 0.98313 -3.034447
v 1.670027 0.981801 -3.031766
v 1.657639 0.974794 -3.033598
v 1.670053 0.979975 -3.029396
v 1.657748 0.974007 -3.033015
v 1.670075 0.977722 -3.027428
v 1.670091 0.975128 -3.025937
v 1.656964 0.96857 -3.039713
v 1.670101 0.972292 -3.024981
v 1.670106 0.969325 -3.024596
v 1.670103 0.96634 -3.024798
v 1.670095 0.963451 -3.025578
v 1.67008 0.96077 -3.026906
v 1.670061 0.9584 -3.028733
v 1.670036 0.956432 -3.030986
v 1.670008 0.954941 -3.03358
v 1.669977 0.953985 -3.036415
v 1.669944 0.9536 -3.039382
v 1.669912 0.953802 -3.042367
v 1.66988 0.954582 -3.045255
v 1.669851 0.955911 -3.047936
v 1.6574 0.963347 -3.045559
v 1.669825 0.957737 -3.050306
v 1.657505 0.964116 -3.046261
v 1.669804 0.95999 -3.052274
v 1.669787 0.962584 -3.053765
v 1.669777 0.965419 -3.054721
v 1.669773 0.968387 -3.055106
v 1.669775 0.971372 -3.054904
v 1.669783 0.97426 -3.054124
v 1.657563 0.973656 -3.046667
v 1.669798 0.976941 -3.052796
v 1.656059 0.970613 -3.041503
v 1.6575 0.9744 -3.046029
v 1.669818 0.979311 -3.05097
v 1.669842 0.98128 -3.048716
v 1.669871 0.982771 -3.046122
v 1.669902 0.983727 -3.043288
v 1.669934 0.984112 -3.04032
v 1.658984 0.975033 -3.033922
v 1.658996 0.973781 -3.032829
v 1.658858 0.962678 -3.045539
v 1.658846 0.96393 -3.046633
v 1.658842 0.973348 -3.046922
v 1.657186 0.970605 -3.041574
v 1.658854 0.974665 -3.045908
v 1.656954 0.968853 -3.039708
v 1.659779 0.99401 -3.223809
v 1.663854 0.998164 -3.22316
v 1.669144 1.000412 -3.222842
v 1.672122 1.000701 -3.222826
v 1.658244 0.988035 -3.224284
v 1.659093 0.991109 -3.223131
v 1.659796 0.993577 -3.222205
v 1.661703 0.99574 -3.221406
v 1.66388 0.997515 -3.220758
v 1.666524 0.998834 -3.220287
v 1.669175 0.999646 -3.220009
v 1.672154 0.999921 -3.219937
v 1.658249 0.987812 -3.223835
v 1.659104 0.990601 -3.222106
v 1.659812 0.992839 -3.220715
v 1.661724 0.994801 -3.219511
v 1.663904 0.99641 -3.218529
v 1.666551 0.997607 -3.217811
v 1.669204 0.998343 -3.21738
v 1.672183 0.998592 -3.217257
v 1.658251 0.987657 -3.223633
v 1.659112 0.990113 -3.221349
v 1.659795 0.991585 -3.219089
v 1.661742 0.993509 -3.217835
v 1.663926 0.994892 -3.216558
v 1.666575 0.99592 -3.215621
v 1.669229 0.996552 -3.215055
v 1.672209 0.996766 -3.214887
v 1.658243 0.986872 -3.2229
v 1.659124 0.988779 -3.220303
v 1.659903 0.990798 -3.218506
v 1.661757 0.991916 -3.216443
v 1.663944 0.993018 -3.214922
v 1.666595 0.993838 -3.213803
v 1.66925 0.994342 -3.213125
v 1.67223 0.994513 -3.212919
v 1.65826 0.986695 -3.222859
v 1.659129 0.988047 -3.219875
v 1.659848 0.989131 -3.217477
v 1.661769 0.990081 -3.215389
v 1.663957 0.990861 -3.213682
v 1.66661 0.991441 -3.212425
v 1.669266 0.991798 -3.211663
v 1.672247 0.991918 -3.211428
v 1.659119 0.985361 -3.225204
v 1.658262 0.98622 -3.222699
v 1.659132 0.986962 -3.219509
v 1.659854 0.987556 -3.216946
v 1.661776 0.988077 -3.214713
v 1.663966 0.988504 -3.212887
v 1.666619 0.988822 -3.211542
v 1.669276 0.989017 -3.210725
v 1.672257 0.989083 -3.210471
v 1.658262 0.985723 -3.222634
v 1.659134 0.985826 -3.219362
v 1.659856 0.985907 -3.216732
v 1.661779 0.985979 -3.214441
v 1.663969 0.986037 -3.212568
v 1.666623 0.98608 -3.211187
v 1.669281 0.986107 -3.210347
v 1.672261 0.986116 -3.210087
v 1.658262 0.985223 -3.222668
v 1.659133 0.984684 -3.219439
v 1.659855 0.984249 -3.216844
v 1.661778 0.983868 -3.214583
v 1.663967 0.983555 -3.212735
v 1.666621 0.983322 -3.211373
v 1.669278 0.983179 -3.210545
v 1.672259 0.983131 -3.210288
v 1.65826 0.984739 -3.222799
v 1.65913 0.983579 -3.219737
v 1.65985 0.982644 -3.217277
v 1.661772 0.981825 -3.215135
v 1.66396 0.981153 -3.213384
v 1.666613 0.980654 -3.212094
v 1.66927 0.980346 -3.21131
v 1.672251 0.980242 -3.211068
v 1.658294 0.984575 -3.222958
v 1.659125 0.982659 -3.220155
v 1.659709 0.980788 -3.218487
v 1.661761 0.979929 -3.216074
v 1.663948 0.978924 -3.214488
v 1.6666 0.978177 -3.213321
v 1.669256 0.977717 -3.212613
v 1.672236 0.977561 -3.212397
v 1.658255 0.983893 -3.223327
v 1.659115 0.981598 -3.221099
v 1.659748 0.980076 -3.218787
v 1.661747 0.978253 -3.217366
v 1.663932 0.976953 -3.216007
v 1.666582 0.975987 -3.215008
v 1.669236 0.975392 -3.214404
v 1.672216 0.975191 -3.214223
v 1.658251 0.983563 -3.223705
v 1.659107 0.980892 -3.221807
v 1.659817 0.978744 -3.220282
v 1.66173 0.976862 -3.218959
v 1.663911 0.975317 -3.21788
v 1.666559 0.974169 -3.21709
v 1.669212 0.973462 -3.216614
v 1.672191 0.973223 -3.216476
v 1.658246 0.983314 -3.224139
v 1.659097 0.980322 -3.2228
v 1.659801 0.977916 -3.221723
v 1.66171 0.975807 -3.220793
v 1.663888 0.974077 -3.220037
v 1.666533 0.972791 -3.219486
v 1.669184 0.971999 -3.219158
v 1.672163 0.971732 -3.21907
v 1.658241 0.983153 -3.224614
v 1.659085 0.979956 -3.223884
v 1.659784 0.977385 -3.223298
v 1.661688 0.975131 -3.222798
v 1.663862 0.973282 -3.222394
v 1.666504 0.971908 -3.222106
v 1.669154 0.971061 -3.221939
v 1.672132 0.970776 -3.221905
v 1.658235 0.983089 -3.225111
v 1.659072 0.979809 -3.22502
v 1.659766 0.977171 -3.224946
v 1.661665 0.974859 -3.224896
v 1.663835 0.972962 -3.224861
v 1.666474 0.971552 -3.224847
v 1.669122 0.970684 -3.224849
v 1.6721 0.970391 -3.224872
v 1.65823 0.983123 -3.225611
v 1.65906 0.979886 -3.226162
v 1.659748 0.977283 -3.226605
v 1.661642 0.975002 -3.227007
v 1.663808 0.97313 -3.227343
v 1.666444 0.971739 -3.227605
v 1.66909 0.970882 -3.227777
v 1.672067 0.970593 -3.227857
v 1.658224 0.983253 -3.226094
v 1.659048 0.980184 -3.227268
v 1.659731 0.977717 -3.228209
v 1.66162 0.975553 -3.229049
v 1.663782 0.973778 -3.229745
v 1.666415 0.972459 -3.230273
v 1.669059 0.971647 -3.230609
v 1.672036 0.971373 -3.230746
v 1.65822 0.983476 -3.226544
v 1.659037 0.980693 -3.228293
v 1.659714 0.978455 -3.229699
v 1.661599 0.976493 -3.230945
v 1.663757 0.974883 -3.231974
v 1.666388 0.973687 -3.23275
v 1.669031 0.97295 -3.233239
v 1.672006 0.972701 -3.233427
v 1.658217 0.983591 -3.226796
v 1.658998 0.981304 -3.229111
v 1.659556 0.980138 -3.231049
v 1.661581 0.977784 -3.23262
v 1.663736 0.976401 -3.233944
v 1.666364 0.975374 -3.234939
v 1.669005 0.974741 -3.235563
v 1.671981 0.974527 -3.235797
v 1.658211 0.984347 -3.227337
v 1.659017 0.982448 -3.230067
v 1.65966 0.980907 -3.231751
v 1.661566 0.979378 -3.234012
v 1.663718 0.978275 -3.235581
v 1.666344 0.977456 -3.236758
v 1.668984 0.976951 -3.237494
v 1.671959 0.976781 -3.237765
v 1.658209 0.984594 -3.22752
v 1.659012 0.983247 -3.230524
v 1.659679 0.982162 -3.232937
v 1.661554 0.981212 -3.235066
v 1.663704 0.980432 -3.23682
v 1.666329 0.979852 -3.238135
v 1.668968 0.979496 -3.238956
v 1.671943 0.979375 -3.239256
v 1.658207 0.985069 -3.22768
v 1.659008 0.984332 -3.23089
v 1.659673 0.983737 -3.233469
v 1.661547 0.983217 -3.235743
v 1.663696 0.982789 -3.237616
v 1.666319 0.982472 -3.239018
v 1.668958 0.982276 -3.239893
v 1.671932 0.98221 -3.240212
v 1.658206 0.985566 -3.227744
v 1.659007 0.985467 -3.231037
v 1.659671 0.985386 -3.233682
v 1.661544 0.985315 -3.236015
v 1.663692 0.985257 -3.237935
v 1.666315 0.985213 -3.239374
v 1.668954 0.985186 -3.240271
v 1.671928 0.985177 -3.240597
v 1.658207 0.986066 -3.227711
v 1.659008 0.98661 -3.23096
v 1.659672 0.987045 -3.23357
v 1.661545 0.987426 -3.235872
v 1.663694 0.987739 -3.237768
v 1.666317 0.987971 -3.239188
v 1.668956 0.988114 -3.240073
v 1.67193 0.988163 -3.240395
v 1.658208 0.986549 -3.22758
v 1.659011 0.987715 -3.230662
v 1.659677 0.988649 -3.233137
v 1.661551 0.989468 -3.23532
v 1.663701 0.99014 -3.237119
v 1.666325 0.99064 -3.238467
v 1.668964 0.990947 -3.239308
v 1.671939 0.991051 -3.239615
v 1.658183 0.986707 -3.227421
v 1.659016 0.988441 -3.230183
v 1.659719 0.990446 -3.232158
v 1.661561 0.991364 -3.234381
v 1.663713 0.99237 -3.236014
v 1.666339 0.993117 -3.237239
v 1.668979 0.993577 -3.238005
v 1.671953 0.993732 -3.238286
v 1.658215 0.987404 -3.226993
v 1.659025 0.989809 -3.229326
v 1.659655 0.991191 -3.231519
v 1.661576 0.99304 -3.23309
v 1.66373 0.99434 -3.234496
v 1.666357 0.995306 -3.235553
v 1.668998 0.995901 -3.236214
v 1.671973 0.996102 -3.23646
v 1.658218 0.987725 -3.226674
v 1.659033 0.990401 -3.228592
v 1.65971 0.992549 -3.230132
v 1.661593 0.994432 -3.231496
v 1.66375 0.995977 -3.232623
v 1.66638 0.997125 -3.233471
v 1.669022 0.997832 -3.234004
v 1.671998 0.998071 -3.234207
v 1.658223 0.987975 -3.22624
v 1.659044 0.990972 -3.227599
v 1.659725 0.993377 -3.228691
v 1.661613 0.995486 -3.229662
v 1.663774 0.997216 -3.230466
v 1.666406 0.998502 -3.231074
v 1.66905 0.999294 -3.23146
v 1.672026 0.999562 -3.231613
v 1.658228 0.988135 -3.225765
v 1.659056 0.991338 -3.226515
v 1.659743 0.993909 -3.227116
v 1.661635 0.996162 -3.227658
v 1.6638 0.998012 -3.228109
v 1.666435 0.999386 -3.228455
v 1.66908 1.000232 -3.228679
v 1.672057 1.000518 -3.228778
v 1.658234 0.988199 -3.225268
v 1.659068 0.991485 -3.225379
v 1.659761 0.994122 -3.225468
v 1.661658 0.996434 -3.225559
v 1.663826 0.998331 -3.225641
v 1.666465 0.999741 -3.225714
v 1.669112 1.000609 -3.225769
v 1.67209 1.000902 -3.225811
v 1.658239 0.988165 -3.224768
v 1.659081 0.991408 -3.224237
v 1.661681 0.996292 -3.223449
v 1.666495 0.999555 -3.222956
v 1.658765 0.987507 -3.223444
v 1.65971 0.989902 -3.221205
v 1.66114 0.991824 -3.219413
v 1.658769 0.987129 -3.223114
v 1.659718 0.98904 -3.220452
v 1.661152 0.990572 -3.218319
v 1.658769 0.98429 -3.223027
v 1.65972 0.982553 -3.220252
v 1.661155 0.981155 -3.21803
v 1.658766 0.983893 -3.223333
v 1.659713 0.981646 -3.220951
v 1.661144 0.979838 -3.219044
v 1.659343 0.983782 -3.226953
v 1.659622 0.981392 -3.229207
v 1.661013 0.979469 -3.23103
v 1.659339 0.984159 -3.227283
v 1.659614 0.982254 -3.22996
v 1.661001 0.980721 -3.232123
v 1.659338 0.986998 -3.22737
v 1.659612 0.988741 -3.23016
v 1.660998 0.990139 -3.232413
v 1.659341 0.987395 -3.227064
v 1.65962 0.989648 -3.229461
v 1.661009 0.991456 -3.231399
v 1.65911 0.985644 -3.225199
v 1.707624 0.00048 -3.177887
v 1.697603 0.000495 -3.166024
v 1.694856 0.000506 -3.15074
v 1.700119 0.00051 -3.13613
v 1.711983 0.000506 -3.126109
v 1.727267 0.000496 -3.123362
v 1.741877 0.000482 -3.128625
v 1.751898 0.000467 -3.140488
v 1.754645 0.000457 -3.155772
v 1.749382 0.000452 -3.170382
v 1.737519 0.000456 -3.180404
v 1.722234 0.000466 -3.183151
v 1.707634 0.012693 -3.177894
v 1.697613 0.012708 -3.166031
v 1.694866 0.012718 -3.150747
v 1.700129 0.012722 -3.136137
v 1.711992 0.012719 -3.126116
v 1.727276 0.012709 -3.123369
v 1.741886 0.012695 -3.128632
v 1.751907 0.01268 -3.140495
v 1.754654 0.012669 -3.155779
v 1.749391 0.012665 -3.170389
v 1.737528 0.012668 -3.18041
v 1.722244 0.012679 -3.183157
v 1.707643 0.024906 -3.177901
v 1.697622 0.02492 -3.166038
v 1.694875 0.024931 -3.150754
v 1.700138 0.024935 -3.136144
v 1.712002 0.024932 -3.126123
v 1.727286 0.024921 -3.123376
v 1.741896 0.024907 -3.128639
v 1.751917 0.024893 -3.140502
v 1.754664 0.024882 -3.155786
v 1.7494 0.024877 -3.170396
v 1.737537 0.024881 -3.180418
v 1.722253 0.024891 -3.183164
v 1.707653 0.037118 -3.177908
v 1.697632 0.037133 -3.166045
v 1.694885 0.037144 -3.150761
v 1.700148 0.037148 -3.136151
v 1.712011 0.037144 -3.12613
v 1.727295 0.037134 -3.123383
v 1.741905 0.03712 -3.128646
v 1.751926 0.037105 -3.140509
v 1.754673 0.037094 -3.155793
v 1.74941 0.03709 -3.170403
v 1.737547 0.037094 -3.180424
v 1.722263 0.037104 -3.183171
v 1.707662 0.049331 -3.177915
v 1.697641 0.049345 -3.166052
v 1.694894 0.049356 -3.150768
v 1.700157 0.04936 -3.136158
v 1.712021 0.049357 -3.126137
v 1.727305 0.049347 -3.12339
v 1.741915 0.049332 -3.128653
v 1.751936 0.049318 -3.140516
v 1.754683 0.049307 -3.1558
v 1.749419 0.049303 -3.17041
v 1.737556 0.049307 -3.180431
v 1.722272 0.049317 -3.183178
v 1.707672 0.061544 -3.177922
v 1.69765 0.061558 -3.166059
v 1.694904 0.061569 -3.150775
v 1.700167 0.061573 -3.136165
v 1.71203 0.06157 -3.126143
v 1.727314 0.061559 -3.123397
v 1.741924 0.061545 -3.12866
v 1.751945 0.061531 -3.140523
v 1.754692 0.06152 -3.155807
v 1.749429 0.061515 -3.170417
v 1.737566 0.061519 -3.180438
v 1.722281 0.061529 -3.183185
v 1.707681 0.073756 -3.177929
v 1.69766 0.073771 -3.166066
v 1.694913 0.073782 -3.150782
v 1.700176 0.073786 -3.136172
v 1.712039 0.073782 -3.126151
v 1.727324 0.073772 -3.123404
v 1.741934 0.073758 -3.128667
v 1.751955 0.073743 -3.14053
v 1.754702 0.073732 -3.155814
v 1.749439 0.073728 -3.170424
v 1.737575 0.073732 -3.180445
v 1.722291 0.073742 -3.183192
v 1.70769 0.085969 -3.177936
v 1.697669 0.085983 -3.166073
v 1.694922 0.085994 -3.150788
v 1.700186 0.085998 -3.136178
v 1.712049 0.085995 -3.126157
v 1.727333 0.085984 -3.12341
v 1.741943 0.08597 -3.128674
v 1.751964 0.085956 -3.140537
v 1.754711 0.085945 -3.155821
v 1.749448 0.085941 -3.170431
v 1.737585 0.085945 -3.180452
v 1.7223 0.085955 -3.183199
v 1.7077 0.098181 -3.177943
v 1.697679 0.098196 -3.16608
v 1.694932 0.098207 -3.150795
v 1.700195 0.098211 -3.136185
v 1.712058 0.098208 -3.126164
v 1.727342 0.098197 -3.123417
v 1.741953 0.098183 -3.12868
v 1.751974 0.098168 -3.140543
v 1.75472 0.098158 -3.155828
v 1.749457 0.098153 -3.170438
v 1.737594 0.098157 -3.180459
v 1.72231 0.098167 -3.183206
v 1.707709 0.110394 -3.17795
v 1.697688 0.110409 -3.166086
v 1.694941 0.11042 -3.150802
v 1.700204 0.110424 -3.136192
v 1.712068 0.11042 -3.126171
v 1.727352 0.11041 -3.123424
v 1.741962 0.110396 -3.128687
v 1.751983 0.110381 -3.140551
v 1.75473 0.11037 -3.155835
v 1.749467 0.110366 -3.170445
v 1.737604 0.11037 -3.180466
v 1.722319 0.11038 -3.183213
v 1.707719 0.122607 -3.177957
v 1.697698 0.122621 -3.166093
v 1.694951 0.122632 -3.150809
v 1.700214 0.122636 -3.136199
v 1.712077 0.122633 -3.126178
v 1.727361 0.122622 -3.123431
v 1.741971 0.122608 -3.128694
v 1.751992 0.122594 -3.140558
v 1.754739 0.122583 -3.155842
v 1.749476 0.122579 -3.170452
v 1.737613 0.122582 -3.180473
v 1.722329 0.122593 -3.18322
v 1.707728 0.134819 -3.177963
v 1.697707 0.134834 -3.1661
v 1.69496 0.134845 -3.150816
v 1.700223 0.134849 -3.136206
v 1.712086 0.134845 -3.126185
v 1.727371 0.134835 -3.123438
v 1.741981 0.134821 -3.128701
v 1.752002 0.134806 -3.140564
v 1.754749 0.134796 -3.155849
v 1.749485 0.134791 -3.170459
v 1.737622 0.134795 -3.18048
v 1.722338 0.134805 -3.183227
v 1.707738 0.147032 -3.17797
v 1.697716 0.147047 -3.166107
v 1.69497 0.147057 -3.150823
v 1.700233 0.147062 -3.136213
v 1.712096 0.147058 -3.126192
v 1.72738 0.147048 -3.123445
v 1.74199 0.147033 -3.128708
v 1.752011 0.147019 -3.140571
v 1.754758 0.147008 -3.155855
v 1.749495 0.147004 -3.170465
v 1.737632 0.147007 -3.180487
v 1.722347 0.147018 -3.183233
v 1.707747 0.159245 -3.177977
v 1.697726 0.159259 -3.166114
v 1.694979 0.15927 -3.15083
v 1.700242 0.159274 -3.13622
v 1.712105 0.159271 -3.126199
v 1.72739 0.15926 -3.123452
v 1.742 0.159246 -3.128715
v 1.752021 0.159232 -3.140578
v 1.754768 0.159221 -3.155862
v 1.749504 0.159217 -3.170472
v 1.737641 0.15922 -3.180494
v 1.722357 0.159231 -3.18324
v 1.707756 0.171457 -3.177984
v 1.697735 0.171472 -3.166121
v 1.694988 0.171483 -3.150837
v 1.700252 0.171487 -3.136227
v 1.712115 0.171483 -3.126206
v 1.727399 0.171473 -3.123459
v 1.742009 0.171459 -3.128722
v 1.75203 0.171444 -3.140585
v 1.754777 0.171433 -3.155869
v 1.749514 0.171429 -3.170479
v 1.737651 0.171433 -3.180501
v 1.722366 0.171443 -3.183247
v 1.707766 0.18367 -3.177991
v 1.697745 0.183685 -3.166128
v 1.694998 0.183695 -3.150844
v 1.700261 0.1837 -3.136234
v 1.712124 0.183696 -3.126213
v 1.727409 0.183686 -3.123466
v 1.742019 0.183671 -3.128729
v 1.75204 0.183657 -3.140592
v 1.754787 0.183646 -3.155876
v 1.749524 0.183642 -3.170486
v 1.73766 0.183645 -3.180507
v 1.722376 0.183656 -3.183254
v 1.707775 0.195883 -3.177998
v 1.697754 0.195897 -3.166135
v 1.695007 0.195908 -3.150851
v 1.700271 0.195912 -3.136241
v 1.712134 0.195909 -3.12622
v 1.727418 0.195898 -3.123473
v 1.742028 0.195884 -3.128736
v 1.752049 0.19587 -3.140599
v 1.754796 0.195859 -3.155883
v 1.749533 0.195855 -3.170493
v 1.73767 0.195858 -3.180514
v 1.722385 0.195868 -3.183261
v 1.707785 0.208095 -3.178005
v 1.697764 0.20811 -3.166142
v 1.695017 0.20812 -3.150857
v 1.70028 0.208125 -3.136248
v 1.712143 0.208121 -3.126226
v 1.727428 0.208111 -3.12348
v 1.742038 0.208097 -3.128743
v 1.752059 0.208082 -3.140606
v 1.754806 0.208072 -3.15589
v 1.749542 0.208067 -3.1705
v 1.737679 0.208071 -3.180521
v 1.722395 0.208081 -3.183268
v 1.707794 0.220308 -3.178012
v 1.697773 0.220322 -3.166149
v 1.695026 0.220333 -3.150864
v 1.700289 0.220337 -3.136255
v 1.712152 0.220334 -3.126233
v 1.727437 0.220324 -3.123487
v 1.742047 0.220309 -3.12875
v 1.752068 0.220295 -3.140613
v 1.754815 0.220284 -3.155897
v 1.749552 0.22028 -3.170507
v 1.737689 0.220284 -3.180528
v 1.722404 0.220294 -3.183275
v 1.707804 0.232521 -3.178019
v 1.697783 0.232535 -3.166156
v 1.695036 0.232546 -3.150871
v 1.700299 0.23255 -3.136261
v 1.712162 0.232546 -3.12624
v 1.727446 0.232536 -3.123493
v 1.742056 0.232522 -3.128757
v 1.752077 0.232507 -3.14062
v 1.754824 0.232497 -3.155904
v 1.749561 0.232492 -3.170514
v 1.737698 0.232496 -3.180535
v 1.722414 0.232506 -3.183282
v 1.707813 0.244733 -3.178025
v 1.697792 0.244748 -3.166162
v 1.695045 0.244759 -3.150878
v 1.700308 0.244763 -3.136268
v 1.712172 0.244759 -3.126247
v 1.727456 0.244749 -3.1235
v 1.742066 0.244735 -3.128763
v 1.752087 0.24472 -3.140626
v 1.754834 0.244709 -3.155911
v 1.74957 0.244705 -3.170521
v 1.737707 0.244709 -3.180542
v 1.722423 0.244719 -3.183289
v 1.707823 0.256946 -3.178033
v 1.697802 0.25696 -3.166169
v 1.695055 0.256971 -3.150885
v 1.700318 0.256975 -3.136275
v 1.712181 0.256972 -3.126254
v 1.727465 0.256962 -3.123507
v 1.742075 0.256947 -3.12877
v 1.752096 0.256933 -3.140633
v 1.754843 0.256922 -3.155918
v 1.74958 0.256918 -3.170528
v 1.737717 0.256921 -3.180549
v 1.722433 0.256932 -3.183296
v 1.707832 0.269158 -3.178039
v 1.697811 0.269173 -3.166176
v 1.695064 0.269184 -3.150892
v 1.700327 0.269188 -3.136282
v 1.71219 0.269184 -3.126261
v 1.727475 0.269174 -3.123514
v 1.742085 0.26916 -3.128777
v 1.752106 0.269145 -3.14064
v 1.754853 0.269135 -3.155925
v 1.749589 0.26913 -3.170535
v 1.737726 0.269134 -3.180556
v 1.722442 0.269144 -3.183303
v 1.707842 0.281371 -3.178046
v 1.697821 0.281385 -3.166183
v 1.695074 0.281396 -3.150899
v 1.700337 0.2814 -3.136289
v 1.7122 0.281397 -3.126268
v 1.727484 0.281387 -3.123521
v 1.742094 0.281373 -3.128784
v 1.752115 0.281358 -3.140647
v 1.754862 0.281348 -3.155931
v 1.749599 0.281343 -3.170542
v 1.737736 0.281347 -3.180562
v 1.722452 0.281357 -3.18331
v 1.707851 0.293584 -3.178053
v 1.697829 0.293598 -3.16619
v 1.695083 0.293609 -3.150906
v 1.700346 0.293613 -3.136296
v 1.712209 0.293609 -3.126275
v 1.727493 0.293599 -3.123528
v 1.742103 0.293585 -3.128791
v 1.752124 0.293571 -3.140654
v 1.754871 0.29356 -3.155938
v 1.749608 0.293556 -3.170548
v 1.737745 0.293559 -3.180569
v 1.722461 0.29357 -3.183316
v 1.70786 0.305796 -3.17806
v 1.697839 0.305811 -3.166197
v 1.695092 0.305822 -3.150913
v 1.700355 0.305826 -3.136303
v 1.712219 0.305822 -3.126282
v 1.727503 0.305812 -3.123535
v 1.742113 0.305798 -3.128798
v 1.752134 0.305783 -3.140661
v 1.754881 0.305772 -3.155945
v 1.749617 0.305768 -3.170555
v 1.737755 0.305772 -3.180576
v 1.72247 0.305782 -3.183323
v 1.70787 0.318009 -3.178067
v 1.697849 0.318023 -3.166204
v 1.695102 0.318034 -3.15092
v 1.700365 0.318038 -3.13631
v 1.712228 0.318035 -3.126289
v 1.727512 0.318025 -3.123542
v 1.742122 0.31801 -3.128805
v 1.752144 0.317996 -3.140668
v 1.75489 0.317985 -3.155952
v 1.749627 0.317981 -3.170562
v 1.737764 0.317984 -3.180583
v 1.72248 0.317995 -3.18333
v 1.707879 0.330222 -3.178074
v 1.697858 0.330236 -3.166211
v 1.695111 0.330247 -3.150927
v 1.700374 0.330251 -3.136317
v 1.712237 0.330248 -3.126296
v 1.727522 0.330237 -3.123549
v 1.742132 0.330223 -3.128812
v 1.752153 0.330209 -3.140675
v 1.7549 0.330198 -3.155959
v 1.749636 0.330194 -3.170569
v 1.737773 0.330197 -3.18059
v 1.722489 0.330207 -3.183337
v 1.707889 0.342434 -3.178081
v 1.697868 0.342449 -3.166218
v 1.695121 0.342459 -3.150934
v 1.700384 0.342464 -3.136324
v 1.712247 0.34246 -3.126302
v 1.727531 0.34245 -3.123556
v 1.742141 0.342436 -3.128819
v 1.752162 0.342421 -3.140682
v 1.754909 0.34241 -3.155966
v 1.749646 0.342406 -3.170576
v 1.737783 0.34241 -3.180597
v 1.722499 0.34242 -3.183344
v 1.707898 0.354647 -3.178088
v 1.697877 0.354661 -3.166225
v 1.69513 0.354672 -3.15094
v 1.700393 0.354676 -3.136331
v 1.712256 0.354673 -3.126309
v 1.727541 0.354663 -3.123563
v 1.742151 0.354648 -3.128826
v 1.752172 0.354634 -3.140689
v 1.754918 0.354623 -3.155973
v 1.749655 0.354619 -3.170583
v 1.737792 0.354622 -3.180604
v 1.722508 0.354633 -3.183351
v 1.707908 0.36686 -3.178095
v 1.697886 0.366874 -3.166232
v 1.69514 0.366885 -3.150947
v 1.700403 0.366889 -3.136337
v 1.712266 0.366886 -3.126316
v 1.72755 0.366875 -3.123569
v 1.74216 0.366861 -3.128833
v 1.752181 0.366846 -3.140696
v 1.754928 0.366835 -3.15598
v 1.749665 0.366831 -3.17059
v 1.737802 0.366835 -3.180611
v 1.722517 0.366845 -3.183358
v 1.707917 0.379072 -3.178102
v 1.697896 0.379087 -3.166239
v 1.695149 0.379097 -3.150954
v 1.700412 0.379102 -3.136344
v 1.712275 0.379098 -3.126323
v 1.72756 0.379088 -3.123576
v 1.742169 0.379074 -3.128839
v 1.752191 0.379059 -3.140703
v 1.754938 0.379048 -3.155987
v 1.749674 0.379044 -3.170597
v 1.737811 0.379048 -3.180618
v 1.722527 0.379058 -3.183365
v 1.707926 0.391285 -3.178109
v 1.697905 0.391299 -3.166245
v 1.695158 0.39131 -3.150961
v 1.700422 0.391314 -3.136351
v 1.712285 0.391311 -3.12633
v 1.727569 0.3913 -3.123583
v 1.742179 0.391286 -3.128846
v 1.7522 0.391272 -3.140709
v 1.754947 0.391261 -3.155994
v 1.749684 0.391257 -3.170604
v 1.737821 0.39126 -3.180625
v 1.722536 0.391271 -3.183372
v 1.707936 0.403497 -3.178116
v 1.697915 0.403512 -3.166252
v 1.695168 0.403522 -3.150968
v 1.700431 0.403527 -3.136358
v 1.712294 0.403523 -3.126337
v 1.727578 0.403513 -3.12359
v 1.742188 0.403499 -3.128853
v 1.752209 0.403484 -3.140716
v 1.754956 0.403474 -3.156001
v 1.749693 0.40347 -3.170611
v 1.73783 0.403473 -3.180632
v 1.722546 0.403483 -3.183379
v 1.707945 0.41571 -3.178123
v 1.697924 0.415724 -3.166259
v 1.695177 0.415735 -3.150975
v 1.70044 0.415739 -3.136365
v 1.712304 0.415736 -3.126344
v 1.727588 0.415726 -3.123597
v 1.742198 0.415712 -3.12886
v 1.752219 0.415697 -3.140723
v 1.754966 0.415686 -3.156008
v 1.749702 0.415682 -3.170618
v 1.737839 0.415686 -3.180639
v 1.722555 0.415696 -3.183386
v 1.707955 0.427923 -3.178129
v 1.697933 0.427937 -3.166266
v 1.695186 0.427948 -3.150982
v 1.70045 0.427952 -3.136372
v 1.712313 0.427949 -3.126351
v 1.727597 0.427938 -3.123604
v 1.742207 0.427924 -3.128867
v 1.752228 0.42791 -3.14073
v 1.754975 0.427899 -3.156014
v 1.749712 0.427895 -3.170624
v 1.737849 0.427898 -3.180645
v 1.722565 0.427908 -3.183393
v 1.707964 0.440135 -3.178136
v 1.697943 0.44015 -3.166273
v 1.695196 0.440161 -3.150989
v 1.700459 0.440165 -3.136379
v 1.712322 0.440161 -3.126358
v 1.727607 0.440151 -3.123611
v 1.742217 0.440137 -3.128874
v 1.752238 0.440122 -3.140737
v 1.754984 0.440111 -3.156021
v 1.749721 0.440107 -3.170631
v 1.737858 0.440111 -3.180652
v 1.722574 0.440121 -3.183399
v 1.707973 0.452348 -3.178143
v 1.697953 0.452362 -3.16628
v 1.695206 0.452373 -3.150996
v 1.700469 0.452377 -3.136386
v 1.712332 0.452374 -3.126365
v 1.727616 0.452364 -3.123618
v 1.742226 0.452349 -3.128881
v 1.752247 0.452335 -3.140744
v 1.754994 0.452324 -3.156028
v 1.749731 0.45232 -3.170638
v 1.737868 0.452323 -3.180659
v 1.722584 0.452334 -3.183406
v 1.707983 0.464561 -3.17815
v 1.697962 0.464575 -3.166287
v 1.695215 0.464586 -3.151003
v 1.700478 0.46459 -3.136393
v 1.712341 0.464586 -3.126372
v 1.727625 0.464576 -3.123625
v 1.742235 0.464562 -3.128888
v 1.752257 0.464548 -3.140751
v 1.755003 0.464537 -3.156035
v 1.74974 0.464533 -3.170645
v 1.737877 0.464536 -3.180666
v 1.722593 0.464546 -3.183413
v 1.707992 0.476773 -3.178157
v 1.697971 0.476788 -3.166294
v 1.695224 0.476799 -3.15101
v 1.700488 0.476803 -3.1364
v 1.712351 0.476799 -3.126379
v 1.727635 0.476789 -3.123631
v 1.742245 0.476775 -3.128895
v 1.752266 0.47676 -3.140758
v 1.755013 0.476749 -3.156042
v 1.74975 0.476745 -3.170652
v 1.737887 0.476749 -3.180673
v 1.722602 0.476759 -3.18342
v 1.708002 0.488986 -3.178164
v 1.697981 0.489 -3.166301
v 1.695234 0.489011 -3.151016
v 1.700497 0.489015 -3.136406
v 1.71236 0.489012 -3.126385
v 1.727644 0.489002 -3.123638
v 1.742254 0.488987 -3.128902
v 1.752275 0.488973 -3.140765
v 1.755022 0.488962 -3.156049
v 1.749759 0.488958 -3.170659
v 1.737896 0.488961 -3.18068
v 1.722612 0.488972 -3.183427
v 1.708011 0.501198 -3.178171
v 1.69799 0.501213 -3.166308
v 1.695243 0.501224 -3.151023
v 1.700506 0.501228 -3.136413
v 1.71237 0.501225 -3.126392
v 1.727654 0.501214 -3.123645
v 1.742264 0.5012 -3.128909
v 1.752285 0.501185 -3.140772
v 1.755032 0.501175 -3.156056
v 1.749769 0.50117 -3.170666
v 1.737906 0.501174 -3.180687
v 1.722621 0.501184 -3.183434
v 1.708021 0.513411 -3.178178
v 1.698 0.513425 -3.166315
v 1.695253 0.513436 -3.15103
v 1.700516 0.51344 -3.13642
v 1.712379 0.513437 -3.126399
v 1.727663 0.513427 -3.123652
v 1.742273 0.513413 -3.128916
v 1.752295 0.513398 -3.140779
v 1.755041 0.513388 -3.156063
v 1.749778 0.513383 -3.170673
v 1.737915 0.513387 -3.180694
v 1.722631 0.513397 -3.183441
v 1.70803 0.525624 -3.178185
v 1.698009 0.525638 -3.166322
v 1.695262 0.525649 -3.151037
v 1.700525 0.525653 -3.136427
v 1.712388 0.52565 -3.126406
v 1.727673 0.525639 -3.123659
v 1.742282 0.525625 -3.128922
v 1.752303 0.525611 -3.140785
v 1.75505 0.5256 -3.15607
v 1.749787 0.525596 -3.17068
v 1.737924 0.525599 -3.180701
v 1.72264 0.525609 -3.183448
v 1.70804 0.537836 -3.178192
v 1.698018 0.537851 -3.166328
v 1.695272 0.537862 -3.151044
v 1.700535 0.537866 -3.136434
v 1.712398 0.537862 -3.126413
v 1.727682 0.537852 -3.123666
v 1.742292 0.537838 -3.128929
v 1.752313 0.537823 -3.140792
v 1.75506 0.537812 -3.156077
v 1.749797 0.537808 -3.170687
v 1.737934 0.537812 -3.180708
v 1.72265 0.537822 -3.183455
v 1.708049 0.550049 -3.178198
v 1.698028 0.550063 -3.166335
v 1.695281 0.550074 -3.151051
v 1.700544 0.550078 -3.136441
v 1.712407 0.550075 -3.12642
v 1.727691 0.550065 -3.123673
v 1.742301 0.55005 -3.128936
v 1.752323 0.550036 -3.140799
v 1.755069 0.550025 -3.156084
v 1.749806 0.550021 -3.170694
v 1.737943 0.550025 -3.180715
v 1.722659 0.550035 -3.183462
v 1.708058 0.562262 -3.178205
v 1.698037 0.562276 -3.166342
v 1.69529 0.562287 -3.151058
v 1.700554 0.562291 -3.136448
v 1.712417 0.562288 -3.126427
v 1.727701 0.562277 -3.12368
v 1.742311 0.562263 -3.128943
v 1.752332 0.562249 -3.140806
v 1.755079 0.562238 -3.15609
v 1.749816 0.562234 -3.170701
v 1.737953 0.562237 -3.180722
v 1.722669 0.562247 -3.183469
v 1.708068 0.574474 -3.178212
v 1.698047 0.574489 -3.166349
v 1.6953 0.574499 -3.151065
v 1.700563 0.574504 -3.136455
v 1.712426 0.5745 -3.126434
v 1.72771 0.57449 -3.123687
v 1.74232 0.574476 -3.12895
v 1.752341 0.574461 -3.140813
v 1.755088 0.57445 -3.156097
v 1.749825 0.574446 -3.170707
v 1.737962 0.57445 -3.180728
v 1.722678 0.57446 -3.183475
vn -0.9661 0.2464 0.0771
vn -0.7696 0.6142 0.1743
vn -0.6545 0.7281 0.2038
vn -0.4671 0.8523 0.2353
vn -0.3076 0.9178 0.2512
vn -0.0947 0.9608 0.2605
vn -0.9549 -0.2891 -0.0673
vn -0.9681 0.2391 0.0751
vn -0.9549 -0.2703 -0.1228
vn -0.9676 0.2218 0.1205
vn -0.9656 0.2286 0.1238
vn -0.7684 0.5701 0.2909
vn -0.653 0.6757 0.3421
vn -0.4654 0.791 0.3972
vn -0.3057 0.8517 0.4255
vn -0.0927 0.8917 0.443
vn -0.6516 0.5974 0.4674
vn -0.4637 0.6994 0.5439
vn -0.3039 0.7531 0.5835
vn -0.0909 0.7883 0.6085
vn -0.9544 -0.2411 -0.1758
vn -0.9678 0.2041 0.1474
vn -0.9653 0.2127 0.1517
vn -0.7646 0.5104 0.3935
vn -0.2303 -0.817 0.5286
vn 0.2046 0.8058 -0.5557
vn -0.7624 0.3892 0.5169
vn -0.6504 0.4961 0.5751
vn -0.4624 0.5807 0.67
vn -0.3025 0.6254 0.7193
vn -0.0893 0.6547 0.7506
vn -0.709 0.4751 -0.5211
vn -0.4612 0.4401 0.7705
vn -0.3013 0.4736 0.8276
vn -0.0881 0.496 0.8638
vn -0.953 -0.1489 -0.2639
vn -0.9647 0.1027 0.2424
vn -0.9611 0.1579 0.2265
vn -0.7743 0.3307 0.5395
vn -0.6495 0.3758 0.661
vn -0.9642 0.0816 0.2524
vn -0.7649 0.2033 0.6112
vn -0.6489 0.2409 0.7218
vn -0.4605 0.2821 0.8417
vn -0.3005 0.3038 0.9041
vn -0.0872 0.318 0.9441
vn -0.9514 -0.1018 -0.2908
vn -0.9662 0.079 0.2454
vn -0.3 0.1222 0.9461
vn -0.0868 0.1278 0.988
vn -0.9495 -0.0418 -0.311
vn -0.9661 0.032 0.2563
vn -0.9641 0.0328 0.2636
vn -0.7646 0.0816 0.6394
vn -0.6485 0.097 0.755
vn -0.46 0.1134 0.8806
vn -0.9641 -0.0172 0.2651
vn -0.7645 -0.0429 0.6432
vn -0.6485 -0.0507 0.7595
vn -0.4599 -0.0594 0.886
vn -0.3 -0.0639 0.9518
vn -0.0867 -0.0669 0.994
vn -0.9475 0.0225 -0.319
vn -0.966 -0.0166 0.2579
vn -0.3003 -0.2477 0.9211
vn -0.0871 -0.2596 0.9618
vn -0.9451 0.088 -0.3146
vn -0.9661 -0.0647 0.2498
vn -0.9642 -0.0666 0.2569
vn -0.7647 -0.1659 0.6226
vn -0.6487 -0.1967 0.7352
vn -0.4603 -0.2302 0.8574
vn -0.7713 -0.2926 0.5652
vn -0.6493 -0.3348 0.6829
vn -0.461 -0.3921 0.7961
vn -0.301 -0.4221 0.8551
vn -0.0878 -0.442 0.8927
vn -0.9445 0.1089 -0.3098
vn -0.9683 -0.1369 0.2091
vn -0.9658 -0.0916 0.2428
vn -0.089 -0.6074 0.7894
vn -0.422 0.7502 0.509
vn -0.2091 0.6585 -0.7229
vn -0.7558 -0.3687 0.5411
vn -0.6501 -0.4603 0.6046
vn -0.4619 -0.5389 0.7044
vn -0.3021 -0.5802 0.7564
vn -0.7618 -0.4921 0.4214
vn -0.6512 -0.568 0.5033
vn -0.4633 -0.6649 0.5859
vn -0.3035 -0.716 0.6287
vn -0.0904 -0.7495 0.6558
vn -0.9375 0.2668 -0.2233
vn -0.9661 -0.1815 0.1834
vn -0.9689 -0.1945 0.153
vn -0.0921 -0.8629 0.497
vn -0.9352 0.3114 -0.1685
vn -0.9674 -0.215 0.1342
vn -0.9655 -0.2213 0.1377
vn -0.768 -0.5516 0.3254
vn -0.6525 -0.6539 0.3829
vn -0.4648 -0.7654 0.445
vn -0.3052 -0.8242 0.477
vn -0.654 -0.7146 0.2482
vn -0.4665 -0.8366 0.2872
vn -0.307 -0.9008 0.3072
vn -0.0941 -0.9431 0.3191
vn -0.9333 0.3433 -0.1053
vn -0.9678 -0.235 0.0899
vn -0.966 -0.2417 0.0921
vn -0.7692 -0.6029 0.2117
vn -0.9683 -0.246 0.0425
vn -0.9665 -0.2531 0.0434
vn -0.7706 -0.6309 0.0902
vn -0.6556 -0.7479 0.1041
vn -0.4683 -0.8756 0.1186
vn -0.309 -0.9427 0.1256
vn -0.0962 -0.987 0.129
vn -0.9318 0.3612 -0.0367
vn -0.4703 -0.8808 -0.0543
vn -0.311 -0.9485 -0.0607
vn -0.0982 -0.993 -0.066
vn -0.9309 0.3635 0.0348
vn -0.9689 -0.2475 -0.0059
vn -0.967 -0.2546 -0.0066
vn -0.7719 -0.6348 -0.0345
vn -0.6572 -0.7525 -0.0437
vn -0.9694 -0.2394 -0.0544
vn -0.9676 -0.2463 -0.0559
vn -0.7733 -0.6142 -0.1574
vn -0.6588 -0.7281 -0.1894
vn -0.4721 -0.8523 -0.2251
vn -0.313 -0.9178 -0.2444
vn -0.1004 -0.9608 -0.2584
vn -0.9306 0.3506 0.1049
vn -0.4739 -0.7911 -0.3868
vn -0.3149 -0.8518 -0.4187
vn -0.1023 -0.8917 -0.4408
vn -0.9308 0.3235 0.1701
vn -0.9699 -0.2221 -0.0995
vn -0.9681 -0.2287 -0.1028
vn -0.7745 -0.5701 -0.274
vn -0.6603 -0.6757 -0.3277
vn -0.9668 -0.2143 -0.139
vn -0.7937 -0.4564 -0.4022
vn -0.6617 -0.5974 -0.4531
vn -0.4754 -0.6994 -0.5336
vn -0.3167 -0.753 -0.5769
vn -0.1042 -0.7884 -0.6063
vn -0.9304 0.3296 0.1607
vn -0.9698 -0.2172 -0.1106
vn -0.3181 -0.6254 -0.7125
vn -0.1057 -0.6547 -0.7484
vn -0.1234 -0.6414 0.7572
vn -0.0664 -0.891 -0.4491
vn -0.8098 -0.3718 -0.4539
vn -0.6628 -0.4962 -0.5608
vn -0.4769 -0.5807 -0.6598
vn -0.9654 -0.1591 -0.2067
vn -0.7983 -0.3522 -0.4885
vn -0.6638 -0.3758 -0.6467
vn -0.4779 -0.44 -0.7603
vn -0.3193 -0.4737 -0.8208
vn -0.107 -0.4959 -0.8618
vn -0.9314 0.2117 0.296
vn -0.9714 -0.1286 -0.1998
vn -0.3201 -0.3039 -0.8973
vn -0.1079 -0.3179 -0.942
vn -0.9369 0.1089 0.3322
vn -0.9713 -0.0792 -0.2242
vn -0.9695 -0.0815 -0.2313
vn -0.7781 -0.2033 -0.5944
vn -0.6644 -0.241 -0.7075
vn -0.4788 -0.282 -0.8314
vn -0.7784 -0.0818 -0.6225
vn -0.6648 -0.0971 -0.7407
vn -0.4791 -0.1135 -0.8704
vn -0.3206 -0.1222 -0.9393
vn -0.1083 -0.1279 -0.9859
vn -0.9391 0.0424 0.3409
vn -0.9714 -0.0319 -0.2351
vn -0.9696 -0.0329 -0.2425
vn -0.1084 0.067 -0.9918
vn -0.9414 -0.022 0.3366
vn -0.9715 0.0166 -0.2365
vn -0.9696 0.0172 -0.244
vn -0.7784 0.043 -0.6263
vn -0.6648 0.0507 -0.7453
vn -0.4792 0.0594 -0.8757
vn -0.3207 0.064 -0.945
vn -0.6646 0.1968 -0.7208
vn -0.4789 0.2302 -0.8472
vn -0.3203 0.2478 -0.9143
vn -0.1081 0.2595 -0.9597
vn -0.9438 -0.0835 0.3199
vn -0.9714 0.0647 -0.2285
vn -0.9695 0.0665 -0.2358
vn -0.7782 0.1659 -0.6057
vn -0.9238 -0.3338 0.1875
vn -0.9698 0.1282 -0.2077
vn -0.9686 0.1377 -0.207
vn -0.7845 0.2945 -0.5457
vn -0.664 0.3349 -0.6686
vn -0.4782 0.3921 -0.7858
vn -0.3196 0.4222 -0.8483
vn -0.1073 0.4418 -0.8907
vn -0.6631 0.4603 -0.5902
vn -0.4772 0.5388 -0.6942
vn -0.3185 0.5802 -0.7496
vn -0.1062 0.6074 -0.7872
vn 0.1093 0.8055 0.5825
vn -0.1213 0.6829 0.7204
vn 0.21 -0.6921 -0.6906
vn -0.7802 0.3802 -0.4967
vn -0.9712 0.1851 -0.1501
vn -0.9684 0.1969 -0.1528
vn -0.7799 0.4692 -0.4142
vn -0.662 0.568 -0.4889
vn -0.476 0.6649 -0.5757
vn -0.3171 0.716 -0.622
vn -0.1047 0.7496 -0.6536
vn -0.9481 -0.2182 0.2311
vn -0.4744 0.7655 -0.4348
vn -0.3154 0.8242 -0.4703
vn -0.103 0.8629 -0.4948
vn -0.9514 -0.2624 0.1614
vn -0.9701 0.2148 -0.1128
vn -0.9682 0.2212 -0.1167
vn -0.775 0.5516 -0.3086
vn -0.6608 0.6539 -0.3686
vn -0.9697 0.2345 -0.0685
vn -0.9677 0.2418 -0.071
vn -0.7737 0.6028 -0.1948
vn -0.6592 0.7147 -0.2338
vn -0.4726 0.8366 -0.277
vn -0.3136 0.9008 -0.3004
vn -0.101 0.943 -0.317
vn -0.9528 -0.2846 0.106
vn -0.4708 0.8755 -0.1084
vn -0.3117 0.9427 -0.1189
vn -0.0989 0.987 -0.1269
vn -0.9537 -0.2966 0.0496
vn -0.9691 0.2456 -0.0214
vn -0.9672 0.253 -0.0222
vn -0.7724 0.6309 -0.0733
vn -0.6578 0.7479 -0.0897
vn -0.9666 0.2546 0.0277
vn -0.7709 0.6349 0.0512
vn -0.6561 0.7525 0.058
vn -0.469 0.8808 0.0646
vn -0.3095 0.9485 0.0674
vn -0.0968 0.993 0.0681
vn -0.9544 -0.2983 -0.0107
vn -0.9686 0.2471 0.0275
vn -0.9603 0.1783 0.2148
vn -0.877 0.3112 0.366
vn -0.991 -0.0933 -0.0962
vn -0.9911 0.0863 -0.1013
vn -0.9601 -0.1656 0.2253
vn -0.8768 -0.2888 0.3844
vn -0.9959 -0.0648 -0.0632
vn -0.9964 -0.061 -0.059
vn -0.8848 -0.3113 -0.3467
vn -0.9959 0.0601 -0.0672
vn -0.9964 0.0566 -0.0625
vn -0.885 0.2888 -0.3652
vn -0.4014 0.7497 0.5261
vn -0.3702 0.6655 -0.6482
vn -0.301 0.8341 0.4623
vn -0.0748 -0.7978 0.5983
vn -0.3985 -0.5418 0.74
vn 0.0836 0.7557 0.6496
vn 0.0344 0.544 -0.8384
vn 0.0471 -0.8624 0.504
vn 0.0688 -0.7823 0.619
vn -0.1526 -0.6862 -0.7112
vn -0.4882 0.7782 -0.395
vn 0.0379 -0.7998 -0.599
vn -0.3689 -0.8271 -0.424
vn -0.0002 0.7419 -0.6705
vn 0.0725 0 0.9974
vn 0.3283 0 0.9446
vn 0.3282 0.1848 0.9264
vn 0.0724 0.1947 0.9782
vn 0.3278 0.3624 0.8725
vn 0.0719 0.3819 0.9214
vn 0.3271 0.5262 0.785
vn 0.0712 0.5544 0.8292
vn 0.3262 0.6697 0.6672
vn 0.0702 0.7056 0.7051
vn 0.325 0.7875 0.5237
vn 0.069 0.8297 0.5539
vn 0.3237 0.875 0.3599
vn 0.0677 0.9219 0.3814
vn 0.3224 0.9289 0.1822
vn 0.0662 0.9787 0.1942
vn 0.3209 0.9471 -0.0025
vn 0.0647 0.9979 -0.0005
vn 0.3195 0.9289 -0.1873
vn 0.0632 0.9787 -0.1952
vn 0.3181 0.875 -0.3649
vn 0.0617 0.9219 -0.3824
vn 0.3168 0.7875 -0.5287
vn 0.0603 0.8297 -0.5549
vn 0.3157 0.6697 -0.6722
vn 0.0591 0.7056 -0.7061
vn 0.3147 0.5262 -0.79
vn 0.0582 0.5544 -0.8302
vn 0.314 0.3624 -0.8775
vn 0.0574 0.3819 -0.9224
vn 0.3136 0.1848 -0.9314
vn 0.057 0.1947 -0.9792
vn 0.3135 0 -0.9496
vn 0.0569 0 -0.9984
vn 0.3136 -0.1848 -0.9314
vn 0.057 -0.1947 -0.9792
vn 0.314 -0.3624 -0.8775
vn 0.0574 -0.3819 -0.9224
vn 0.3147 -0.5262 -0.79
vn 0.0582 -0.5544 -0.8302
vn 0.3157 -0.6697 -0.6722
vn 0.0591 -0.7056 -0.7061
vn 0.3168 -0.7875 -0.5287
vn 0.0603 -0.8297 -0.5549
vn 0.3181 -0.875 -0.3649
vn 0.0617 -0.9219 -0.3824
vn 0.3195 -0.9289 -0.1873
vn 0.0632 -0.9787 -0.1952
vn 0.3209 -0.9471 -0.0025
vn 0.0647 -0.9979 -0.0005
vn 0.3224 -0.9289 0.1822
vn 0.0662 -0.9787 0.1942
vn 0.3237 -0.875 0.3599
vn 0.0677 -0.9219 0.3814
vn 0.325 -0.7875 0.5237
vn 0.069 -0.8297 0.5539
vn 0.3262 -0.6697 0.6672
vn 0.0702 -0.7056 0.7051
vn 0.3271 -0.5262 0.785
vn 0.0712 -0.5544 0.8292
vn 0.3278 -0.3624 0.8725
vn 0.0719 -0.3819 0.9214
vn 0.5133 0.1682 0.8416
vn 0.5129 0.3299 0.7925
vn 0.3282 -0.1848 0.9264
vn 0.0724 -0.1947 0.9782
vn 0.7762 0.0624 0.6274
vn 0.7777 0 0.6286
vn 0.5041 0.7965 -0.3339
vn 0.5029 0.7168 -0.4829
vn 0.5011 -0.479 -0.7208
vn 0.5019 -0.6096 -0.6136
vn 0.5115 -0.6096 0.6056
vn 0.5123 -0.479 0.7128
vn 0.5093 0.7965 0.3259
vn 0.508 0.8456 0.1642
vn 0.5001 0.1682 -0.8495
vn 0.4999 0 -0.8661
vn 0.5067 -0.8621 -0.004
vn 0.508 -0.8456 0.1642
vn 0.5123 0.479 0.7128
vn 0.5019 0.6096 -0.6136
vn 0.5029 -0.7168 -0.4829
vn 0.5129 -0.3299 0.7925
vn 0.5067 0.8621 -0.004
vn 0.5001 -0.1682 -0.8495
vn 0.5093 -0.7965 0.3259
vn 0.5115 0.6096 0.6056
vn 0.5011 0.479 -0.7208
vn 0.5041 -0.7965 -0.3339
vn 0.5133 -0.1682 0.8416
vn 0.5054 0.8456 -0.1722
vn 0.5004 -0.3299 -0.8004
vn 0.5104 -0.7168 0.475
vn 0.5104 0.7168 0.475
vn 0.5004 0.3299 -0.8004
vn 0.5054 -0.8456 -0.1722
vn 0.5134 0 0.8581
vn 1 0 -0.0079
vn 1 0 -0.0078
vn 0.7744 -0.4921 0.3978
vn 0.7755 -0.5277 0.3466
vn 0.7664 0.1848 -0.6152
vn 0.7681 0.2429 -0.5924
vn 0.776 0.1848 0.6031
vn 0.7776 0.1238 0.6164
vn 0.7751 -0.4038 0.486
vn 0.7762 -0.4488 0.4427
vn 0.7663 0.0624 -0.6395
vn 0.7678 0.1238 -0.6286
vn 0.7756 0.3001 0.5553
vn 0.7773 0.2429 0.5803
vn 0.7756 -0.3001 0.5553
vn 0.7769 -0.3526 0.5217
vn 0.7663 -0.0624 -0.6395
vn 0.7677 0 -0.6408
vn 0.7751 0.4038 0.486
vn 0.7766 0.371 0.5092
vn 0.7769 0.3526 0.5217
vn 0.776 -0.1848 0.6031
vn 0.7773 -0.2429 0.5803
vn 0.7664 -0.1848 -0.6152
vn 0.7678 -0.1238 -0.6286
vn 0.7744 0.4921 0.3978
vn 0.7762 0.4488 0.4427
vn 0.7762 -0.0624 0.6274
vn 0.7776 -0.1238 0.6164
vn 0.7668 -0.3001 -0.5674
vn 0.7681 -0.2429 -0.5924
vn 0.7736 0.5614 0.294
vn 0.7754 0.5153 0.3649
vn 0.7755 0.5277 0.3466
vn 0.7674 -0.4038 -0.4981
vn 0.7686 -0.3526 -0.5338
vn 0.7727 0.6091 0.1787
vn 0.7746 0.5864 0.2368
vn 0.7681 -0.4921 -0.4099
vn 0.7692 -0.4488 -0.4549
vn 0.7717 0.6335 0.0563
vn 0.7737 0.6225 0.1178
vn 0.7689 -0.5614 -0.3061
vn 0.7699 -0.5399 -0.3401
vn 0.77 -0.5277 -0.3587
vn 0.7707 0.6335 -0.0684
vn 0.7727 0.6347 -0.0061
vn 0.7698 -0.6091 -0.1908
vn 0.7708 -0.5864 -0.2489
vn 0.7698 0.6091 -0.1908
vn 0.7718 0.6225 -0.1299
vn 0.7717 0.6225 -0.1299
vn 0.7707 -0.6335 -0.0684
vn 0.7714 -0.618 -0.1516
vn 0.7717 -0.6225 -0.1299
vn 0.7689 0.5614 -0.3061
vn 0.7708 0.5864 -0.2489
vn 0.7717 -0.6335 0.0564
vn 0.7727 -0.6347 -0.006
vn 0.7681 0.4921 -0.4099
vn 0.77 0.5277 -0.3587
vn 0.7727 -0.6091 0.1787
vn 0.7737 -0.6225 0.1177
vn 0.7674 0.4038 -0.4981
vn 0.7689 0.433 -0.4704
vn 0.7692 0.4488 -0.4549
vn 0.7736 -0.5614 0.294
vn 0.7746 -0.5864 0.2368
vn 0.7668 0.3001 -0.5674
vn 0.7686 0.3526 -0.5338
vn 0.769 0.4349 -0.4686
vn 0.7737 -0.6225 0.1178
vn 0.7681 0.4921 -0.4098
vn 0.7681 0.492 -0.4099
vn 0.7717 -0.6335 0.0563
vn 0.7727 -0.6347 -0.0061
vn 0.7718 -0.6225 -0.1299
vn 0.7715 -0.6186 -0.149
vn 0.7699 -0.5385 -0.3424
vn 0.7717 0.6335 0.0564
vn 0.7681 -0.492 -0.4099
vn 0.7755 0.5168 0.3627
vn 0.7766 0.3688 0.5107
vn 0.0077 -0.1951 0.9808
vn 0.0078 0 1
vn 0.0072 -0.3827 0.9239
vn 0.0065 -0.5556 0.8314
vn 0.0055 -0.7071 0.7071
vn 0.0044 -0.8315 0.5556
vn 0.003 -0.9239 0.3827
vn 0.0015 -0.9808 0.1951
vn 0 -1 0
vn -0.0015 -0.9808 -0.1951
vn -0.003 -0.9239 -0.3827
vn -0.0044 -0.8315 -0.5556
vn -0.0055 -0.7071 -0.7071
vn -0.0065 -0.5556 -0.8314
vn -0.0072 -0.3827 -0.9239
vn -0.0077 -0.1951 -0.9808
vn -0.0078 0 -1
vn -0.0077 0.1951 -0.9808
vn -0.0072 0.3827 -0.9239
vn -0.0065 0.5556 -0.8314
vn -0.0055 0.7071 -0.7071
vn -0.0044 0.8315 -0.5556
vn -0.003 0.9239 -0.3827
vn -0.0015 0.9808 -0.1951
vn 0 1 0
vn 0.0015 0.9808 0.1951
vn 0.003 0.9239 0.3827
vn 0.0044 0.8315 0.5556
vn 0.0055 0.7071 0.7071
vn 0.0065 0.5556 0.8314
vn 0.0072 0.3827 0.9239
vn 0.0077 0.1951 0.9808
vn -1 0 0.0078
vn -0.0072 -0.3827 -0.9238
vn -0.0069 -0.4714 -0.8819
vn -0.0061 0.6344 -0.773
vn -0.0037 0.8819 -0.4714
vn -0.0073 0.3827 -0.9239
vn 0.0043 -0.8315 0.5556
vn 0.005 0.773 0.6344
vn 0.0056 0.7071 0.7071
vn 0.0072 0.3827 0.9238
vn 0.0069 0.4714 0.8819
vn 0.0065 0.5556 0.8315
vn -0.005 -0.773 -0.6344
vn 0.0037 -0.8819 0.4714
vn 0.0061 -0.6344 0.773
vn -0.0902 0 0.9959
vn -0.2828 0 0.9592
vn -0.4645 0 0.8856
vn -0.6283 0 0.778
vn -0.768 0 0.6405
vn -0.8782 0 0.4783
vn -0.9546 0 0.2977
vn -0.9944 0 0.1058
vn -0.9959 0 -0.0902
vn -0.9592 0 -0.2827
vn -0.8856 0 -0.4645
vn -0.778 0 -0.6283
vn -0.6405 0 -0.768
vn -0.4783 0 -0.8782
vn -0.2978 0 -0.9546
vn -0.1058 0 -0.9944
vn 0.0902 0 -0.9959
vn 0.2828 0 -0.9592
vn 0.4645 0 -0.8856
vn 0.6283 0 -0.778
vn 0.768 0 -0.6404
vn 0.8782 0 -0.4784
vn 0.9546 0 -0.2978
vn 0.9944 0 -0.1058
vn 0.9959 0 0.0902
vn 0.9592 0 0.2827
vn 0.8856 0 0.4645
vn 0.778 0 0.6283
vn 0.6404 0 0.768
vn 0.4783 0 0.8782
vn 0.2978 0 0.9546
vn 0.1058 0 0.9944
vn -0.9661 0.2463 0.0771
vn -0.7697 0.6142 0.1743
vn -0.9548 -0.2703 -0.1234
vn -0.9676 0.2218 0.1207
vn -0.9656 0.2287 0.1239
vn -0.7684 0.57 0.2909
vn -0.653 0.6757 0.342
vn -0.4653 0.791 0.3972
vn -0.3057 0.8518 0.4255
vn -0.6517 0.5973 0.4675
vn -0.4637 0.6993 0.544
vn -0.304 0.753 0.5836
vn -0.9546 -0.241 -0.1751
vn -0.9678 0.204 0.1472
vn -0.9653 0.2126 0.1517
vn -0.2303 -0.8171 0.5285
vn 0.2047 0.8057 -0.5558
vn -0.7625 0.3892 0.5169
vn -0.6504 0.4962 0.5751
vn -0.4623 0.5807 0.6701
vn -0.709 0.4751 -0.5212
vn -0.4612 0.44 0.7705
vn -0.3013 0.4737 0.8275
vn -0.9531 -0.1491 -0.2633
vn -0.9647 0.1025 0.2425
vn -0.9611 0.1579 0.2266
vn -0.9642 0.0815 0.2523
vn -0.7649 0.2033 0.6113
vn -0.6488 0.2409 0.7218
vn -0.4605 0.282 0.8417
vn -0.0872 0.3181 0.944
vn -0.9662 0.0792 0.2454
vn -0.9496 -0.0415 -0.3108
vn -0.9661 0.0318 0.2563
vn -0.9641 0.0329 0.2636
vn -0.7646 0.0818 0.6393
vn -0.6485 0.0971 0.755
vn -0.46 0.1136 0.8806
vn -0.6484 -0.0508 0.7596
vn -0.46 -0.0596 0.8859
vn -0.2999 -0.064 0.9518
vn -0.9475 0.0222 -0.3191
vn -0.966 -0.0167 0.2579
vn -0.3002 -0.2479 0.9211
vn -0.9451 0.088 -0.3148
vn -0.9661 -0.0647 0.2499
vn -0.9642 -0.0664 0.2569
vn -0.7648 -0.1657 0.6226
vn -0.301 -0.4222 0.8551
vn -0.0878 -0.4419 0.8927
vn -0.9448 0.1081 -0.3094
vn -0.9683 -0.1368 0.2091
vn -0.9658 -0.0915 0.2427
vn 0.2834 0.6298 0.7233
vn -0.4222 0.7501 0.509
vn -0.209 0.6585 -0.7229
vn -0.7559 -0.3687 0.541
vn -0.6501 -0.4603 0.6045
vn -0.462 -0.5387 0.7045
vn -0.302 -0.5802 0.7564
vn -0.7618 -0.4921 0.4213
vn -0.6513 -0.5679 0.5033
vn -0.4632 -0.6649 0.5859
vn -0.9376 0.2669 -0.223
vn -0.9661 -0.1814 0.1836
vn -0.0922 -0.8629 0.497
vn -0.9352 0.3116 -0.1684
vn -0.9673 -0.215 0.1343
vn -0.9655 -0.2212 0.1377
vn -0.768 -0.5517 0.3254
vn -0.3051 -0.8242 0.477
vn -0.4666 -0.8365 0.2873
vn -0.0941 -0.9431 0.319
vn -0.9334 0.3431 -0.1054
vn -0.9678 -0.2351 0.0896
vn -0.9659 -0.2418 0.0922
vn -0.7692 -0.6029 0.2118
vn -0.9684 -0.2459 0.0426
vn -0.9665 -0.253 0.0435
vn -0.7706 -0.6308 0.0902
vn -0.6555 -0.748 0.1041
vn -0.0962 -0.987 0.1291
vn -0.9318 0.3611 -0.0367
vn -0.4702 -0.8809 -0.0543
vn -0.0983 -0.993 -0.066
vn -0.9689 -0.2475 -0.0062
vn -0.967 -0.2546 -0.0067
vn -0.6572 -0.7524 -0.0436
vn -0.9694 -0.2394 -0.054
vn -0.7732 -0.6143 -0.1574
vn -0.6588 -0.7281 -0.1895
vn -0.4721 -0.8523 -0.225
vn -0.3129 -0.9178 -0.2444
vn -0.9308 0.3503 0.1045
vn -0.4739 -0.791 -0.3869
vn -0.1024 -0.8917 -0.4408
vn -0.9308 0.3234 0.1704
vn -0.9699 -0.2222 -0.0997
vn -0.9681 -0.2285 -0.1027
vn -0.7745 -0.5701 -0.2741
vn -0.9668 -0.2142 -0.139
vn -0.6616 -0.5975 -0.4531
vn -0.4755 -0.6993 -0.5337
vn -0.3166 -0.753 -0.5768
vn -0.1042 -0.7883 -0.6063
vn -0.9303 0.3297 0.1607
vn -0.9699 -0.2172 -0.1105
vn -0.3181 -0.6253 -0.7126
vn -0.1058 -0.6547 -0.7485
vn -0.1235 -0.6416 0.757
vn -0.0377 -0.6359 -0.7709
vn -0.0664 -0.8911 -0.449
vn -0.8098 -0.3718 -0.454
vn -0.6629 -0.4961 -0.5608
vn -0.4768 -0.5809 -0.6597
vn -0.9654 -0.1589 -0.2068
vn -0.7983 -0.3523 -0.4885
vn -0.6638 -0.3758 -0.6466
vn -0.478 -0.4399 -0.7603
vn -0.107 -0.4959 -0.8617
vn -0.9314 0.2117 0.2963
vn -0.9713 -0.1288 -0.1998
vn -0.3201 -0.3038 -0.8974
vn -0.1079 -0.318 -0.9419
vn -0.9713 -0.0791 -0.2242
vn -0.9695 -0.0814 -0.2313
vn -0.7781 -0.2032 -0.5944
vn -0.6644 -0.241 -0.7074
vn -0.4787 -0.2822 -0.8314
vn -0.7784 -0.0819 -0.6225
vn -0.6648 -0.097 -0.7407
vn -0.4792 -0.1136 -0.8704
vn -0.3206 -0.1223 -0.9393
vn -0.1083 -0.1279 -0.9858
vn -0.9391 0.0427 0.3408
vn -0.9714 -0.032 -0.2351
vn -0.1084 0.0671 -0.9918
vn -0.9715 0.0169 -0.2365
vn -0.9696 0.0172 -0.2441
vn -0.7784 0.0429 -0.6263
vn -0.6649 0.0508 -0.7452
vn -0.3206 0.0641 -0.945
vn -0.6646 0.1966 -0.7209
vn -0.4789 0.2302 -0.8471
vn -0.9437 -0.0839 0.32
vn -0.9714 0.0646 -0.2286
vn -0.9695 0.0664 -0.2357
vn -0.9239 -0.3339 0.1868
vn -0.9698 0.1283 -0.2076
vn -0.9686 0.1376 -0.2071
vn -0.7846 0.2945 -0.5457
vn -0.664 0.3348 -0.6686
vn -0.4783 0.3919 -0.7859
vn -0.3196 0.4223 -0.8483
vn -0.4773 0.5388 -0.6942
vn -0.1062 0.6075 -0.7872
vn 0.1091 0.8054 0.5825
vn -0.1216 0.6829 0.7203
vn 0.21 -0.6922 -0.6905
vn -0.7802 0.3801 -0.4968
vn -0.9712 0.1851 -0.1503
vn -0.9684 0.197 -0.1527
vn -0.6621 0.568 -0.489
vn -0.1047 0.7495 -0.6536
vn -0.9482 -0.2185 0.2304
vn -0.4744 0.7655 -0.4347
vn -0.3155 0.8242 -0.4703
vn -0.9515 -0.2622 0.1608
vn -0.9701 0.2147 -0.1128
vn -0.9682 0.2212 -0.1165
vn -0.6607 0.6539 -0.3686
vn -0.9697 0.2346 -0.0685
vn -0.7736 0.603 -0.1948
vn -0.6593 0.7146 -0.2339
vn -0.4727 0.8366 -0.277
vn -0.9527 -0.2849 0.106
vn -0.4709 0.8755 -0.1084
vn -0.3116 0.9427 -0.1189
vn -0.9538 -0.2963 0.049
vn -0.9691 0.2456 -0.0213
vn -0.9672 0.253 -0.0224
vn -0.7724 0.6309 -0.0734
vn -0.6577 0.7479 -0.0897
vn -0.9667 0.2545 0.0277
vn -0.771 0.6348 0.0513
vn -0.6561 0.7524 0.058
vn -0.4689 0.8809 0.0646
vn -0.3096 0.9485 0.0674
vn -0.9544 -0.2983 -0.01
vn 0.9999 0 -0.0109
vn -0.9686 0.247 0.0273
vn -0.9603 0.1782 0.2146
vn -0.877 0.3113 0.3659
vn -0.991 -0.0933 -0.0958
vn -0.9911 0.0866 -0.1012
vn -0.9601 -0.1655 0.2253
vn -0.8768 -0.2887 0.3844
vn -0.9959 -0.0647 -0.0636
vn -0.9959 0.06 -0.0672
vn -0.9964 0.0566 -0.0624
vn -0.4013 0.7497 0.5262
vn -0.3702 0.6655 -0.6481
vn -0.0748 -0.7979 0.5982
vn -0.3986 -0.5413 0.7403
vn 0.0836 0.7558 0.6495
vn 0.1236 -0.677 -0.7255
vn 0.0347 0.544 -0.8384
vn 0.047 -0.8624 0.504
vn 0.0687 -0.7822 0.6193
vn -0.1526 -0.6863 -0.7111
vn 0.0296 -0.6248 0.7802
vn -0.4882 0.7782 -0.3951
vn 0.038 -0.7999 -0.5989
vn -0.3688 -0.8272 -0.424
vn -0.0003 0.7418 -0.6706
vn -0.9661 0.2463 0.0772
vn -0.6544 0.7281 0.2038
vn -0.467 0.8524 0.2353
vn -0.3076 0.9177 0.2512
vn -0.9549 -0.2891 -0.0679
vn -0.9681 0.239 0.0751
vn -0.955 -0.27 -0.1228
vn -0.9676 0.2219 0.1205
vn -0.9656 0.2286 0.1239
vn -0.0927 0.8917 0.4429
vn -0.6516 0.5974 0.4675
vn -0.4638 0.6994 0.5439
vn -0.0909 0.7884 0.6085
vn -0.9545 -0.2411 -0.1752
vn -0.9678 0.204 0.1474
vn -0.9653 0.2126 0.1515
vn -0.2302 -0.8171 0.5285
vn -0.4624 0.5808 0.67
vn -0.0894 0.6548 0.7505
vn -0.7089 0.4755 -0.521
vn -0.4612 0.4399 0.7705
vn -0.0881 0.4958 0.8639
vn -0.9527 -0.1508 -0.2639
vn -0.9647 0.1023 0.2427
vn -0.9611 0.1581 0.2265
vn -0.9642 0.0815 0.2522
vn -0.6488 0.2411 0.7217
vn -0.4605 0.2822 0.8416
vn -0.0873 0.3181 0.944
vn -0.9662 0.0794 0.2453
vn -0.3 0.1223 0.9461
vn -0.0868 0.1279 0.988
vn -0.9661 0.0318 0.2564
vn -0.7646 0.0819 0.6393
vn -0.6485 0.0969 0.755
vn -0.964 -0.0172 0.2652
vn -0.4599 -0.0596 0.886
vn -0.3 -0.0641 0.9518
vn -0.0867 -0.0671 0.994
vn -0.9474 0.0222 -0.3192
vn -0.966 -0.0168 0.2578
vn -0.3003 -0.2479 0.9211
vn -0.0871 -0.2595 0.9618
vn -0.9661 -0.0648 0.25
vn -0.9642 -0.0666 0.2568
vn -0.6487 -0.1966 0.7352
vn -0.7713 -0.2927 0.5652
vn -0.6493 -0.3349 0.6829
vn -0.461 -0.3919 0.7962
vn -0.0878 -0.4419 0.8928
vn -0.9447 0.1089 -0.3093
vn -0.9683 -0.1367 0.2091
vn 0.2834 0.6298 0.7232
vn -0.209 0.6588 -0.7227
vn -0.7559 -0.3685 0.5411
vn -0.6502 -0.4602 0.6045
vn -0.7617 -0.4921 0.4214
vn -0.3035 -0.7159 0.6287
vn -0.9376 0.2673 -0.2226
vn -0.9661 -0.1815 0.1838
vn -0.0921 -0.8629 0.4969
vn -0.9353 0.311 -0.1689
vn -0.9674 -0.2149 0.1341
vn -0.9654 -0.2213 0.1378
vn -0.768 -0.5517 0.3253
vn -0.6525 -0.6538 0.383
vn -0.3051 -0.8242 0.4771
vn -0.654 -0.7146 0.2481
vn -0.307 -0.9008 0.3071
vn -0.0941 -0.943 0.3191
vn -0.9334 0.343 -0.1053
vn -0.9678 -0.235 0.0898
vn -0.966 -0.2418 0.092
vn -0.7693 -0.6028 0.2117
vn -0.9683 -0.246 0.0426
vn -0.9665 -0.253 0.0434
vn -0.7705 -0.631 0.0902
vn -0.4683 -0.8756 0.1187
vn -0.9318 0.3612 -0.0363
vn -0.311 -0.9485 -0.0606
vn -0.9308 0.3638 0.0348
vn -0.9689 -0.2474 -0.0062
vn -0.6572 -0.7524 -0.0437
vn -0.9694 -0.2395 -0.0539
vn -0.9676 -0.2463 -0.0561
vn -0.7733 -0.6142 -0.1575
vn -0.313 -0.9178 -0.2445
vn -0.9305 0.3509 0.1049
vn -0.9309 0.3231 0.1701
vn -0.9681 -0.2287 -0.1026
vn -0.6603 -0.6757 -0.3278
vn -0.4756 -0.6993 -0.5337
vn -0.3166 -0.7531 -0.5768
vn -0.1042 -0.7883 -0.6064
vn -0.93 0.3301 0.1613
vn -0.1058 -0.6548 -0.7484
vn -0.1237 -0.6418 0.7569
vn -0.0378 -0.6358 -0.7709
vn -0.0666 -0.8909 -0.4493
vn -0.8098 -0.3716 -0.454
vn -0.6629 -0.496 -0.5608
vn -0.7983 -0.3521 -0.4885
vn -0.478 -0.44 -0.7603
vn -0.3193 -0.4736 -0.8208
vn -0.9316 0.211 0.2958
vn -0.9714 -0.1288 -0.1996
vn -0.1079 -0.3181 -0.9419
vn -0.9369 0.1088 0.3323
vn -0.9695 -0.0816 -0.2312
vn -0.6645 -0.2411 -0.7074
vn -0.7783 -0.0819 -0.6225
vn -0.6648 -0.0969 -0.7407
vn -0.1083 -0.1278 -0.9859
vn -0.9391 0.0434 0.3408
vn -0.9714 -0.0319 -0.2352
vn -0.9696 -0.0328 -0.2424
vn -0.9414 -0.022 0.3365
vn -0.9715 0.0167 -0.2365
vn -0.7784 0.0428 -0.6263
vn -0.3207 0.0641 -0.945
vn -0.6646 0.1965 -0.7209
vn -0.3202 0.2479 -0.9143
vn -0.1081 0.2594 -0.9597
vn -0.9695 0.0664 -0.2358
vn -0.9237 -0.3343 0.1873
vn -0.7845 0.2946 -0.5457
vn -0.664 0.3349 -0.6685
vn -0.3196 0.4221 -0.8484
vn -0.1073 0.442 -0.8906
vn -0.6632 0.4602 -0.5903
vn -0.1062 0.6074 -0.7873
vn 0.1092 0.8055 0.5825
vn -0.1214 0.6829 0.7204
vn 0.2101 -0.6921 -0.6906
vn -0.9711 0.1852 -0.1503
vn -0.7799 0.4693 -0.4142
vn -0.662 0.568 -0.489
vn -0.3171 0.7159 -0.622
vn -0.1047 0.7495 -0.6537
vn -0.9484 -0.2179 0.2305
vn -0.4744 0.7654 -0.4348
vn -0.3155 0.8242 -0.4702
vn -0.9513 -0.2627 0.1613
vn -0.9682 0.2213 -0.1165
vn -0.7749 0.5517 -0.3086
vn -0.9696 0.2347 -0.0687
vn -0.9677 0.2417 -0.071
vn -0.3135 0.9008 -0.3004
vn -0.9527 -0.2845 0.1066
vn -0.3116 0.9427 -0.1188
vn -0.9537 -0.2966 0.049
vn -0.9692 0.2455 -0.0213
vn -0.9672 0.2531 -0.0222
vn -0.7723 0.631 -0.0734
vn -0.6577 0.7479 -0.0898
vn -0.771 0.6347 0.0512
vn -0.469 0.8809 0.0646
vn -0.9545 -0.298 -0.0094
vn -0.9686 0.2471 0.0271
vn -0.9603 0.1781 0.2146
vn -0.991 -0.0931 -0.0958
vn -0.9911 0.0864 -0.1013
vn -0.9601 -0.1654 0.2253
vn -0.9959 0.0602 -0.0672
vn -0.9965 0.0566 -0.0623
vn -0.3703 0.6652 -0.6483
vn -0.0746 -0.7979 0.5982
vn -0.3988 -0.5416 0.7401
vn 0.0837 0.7557 0.6495
vn 0.1237 -0.677 -0.7255
vn 0.0345 0.5439 -0.8384
vn 0.0471 -0.8626 0.5037
vn 0.0688 -0.7822 0.6192
vn 0.0296 -0.6249 0.7802
vn -0.4881 0.7782 -0.3951
vn 0.038 -0.7998 -0.5991
vn -0.3689 -0.8272 -0.4239
vn -0.0003 0.742 -0.6704
vn 0.2834 0.6297 0.7233
vn -0.0377 -0.6357 -0.771
vn 0.0297 -0.6248 0.7803
vn -0.9549 -0.2892 -0.0673
vn -0.9681 0.2392 0.0752
vn -0.9549 -0.27 -0.1234
vn -0.4652 0.7911 0.3971
vn -0.0927 0.8918 0.4429
vn -0.9545 -0.2418 -0.1746
vn -0.9678 0.204 0.1475
vn -0.7647 0.5103 0.3935
vn -0.2304 -0.817 0.5286
vn 0.2045 0.8059 -0.5556
vn -0.7624 0.3892 0.517
vn -0.6504 0.4961 0.5752
vn -0.3025 0.6253 0.7194
vn -0.7089 0.4754 -0.5211
vn -0.3013 0.4738 0.8275
vn -0.9529 -0.1509 -0.2632
vn -0.9647 0.1024 0.2427
vn -0.9642 0.0816 0.2523
vn -0.3004 0.3038 0.9041
vn -0.9514 -0.1015 -0.2909
vn -0.9662 0.0792 0.2453
vn -0.3 0.122 0.9461
vn -0.9496 -0.0418 -0.3107
vn -0.9661 0.0319 0.2564
vn -0.9641 0.0327 0.2636
vn -0.6485 0.0968 0.755
vn -0.4601 0.1133 0.8806
vn -0.9641 -0.0172 0.2652
vn -0.7645 -0.043 0.6432
vn -0.9474 0.0225 -0.3191
vn -0.3003 -0.2478 0.9211
vn -0.9661 -0.0647 0.25
vn -0.7648 -0.1659 0.6226
vn -0.6493 -0.3349 0.6828
vn -0.4609 -0.392 0.7961
vn -0.9448 0.1088 -0.3091
vn -0.0889 -0.6075 0.7894
vn 0.2835 0.6297 0.7232
vn -0.4219 0.7501 0.5093
vn -0.209 0.6588 -0.7228
vn -0.756 -0.3686 0.541
vn -0.6501 -0.4602 0.6046
vn -0.462 -0.5388 0.7044
vn -0.7618 -0.492 0.4215
vn -0.6513 -0.568 0.5033
vn -0.4632 -0.665 0.5858
vn -0.0904 -0.7496 0.6557
vn -0.9374 0.2676 -0.2229
vn -0.9661 -0.1816 0.1834
vn -0.9689 -0.1944 0.1531
vn -0.9673 -0.215 0.1342
vn -0.6525 -0.6539 0.383
vn -0.4665 -0.8366 0.2871
vn -0.3069 -0.9008 0.3072
vn -0.9334 0.343 -0.1057
vn -0.9678 -0.235 0.0896
vn -0.9684 -0.2459 0.0425
vn -0.9665 -0.2531 0.0435
vn -0.7705 -0.631 0.0901
vn -0.6556 -0.7479 0.1042
vn -0.4684 -0.8755 0.1187
vn -0.3089 -0.9428 0.1256
vn -0.0961 -0.987 0.129
vn -0.9319 0.3609 -0.0371
vn -0.4703 -0.8808 -0.0544
vn -0.9309 0.3635 0.0356
vn -0.9689 -0.2474 -0.006
vn -0.772 -0.6347 -0.0344
vn -0.9694 -0.2394 -0.0539
vn -0.9676 -0.2464 -0.0559
vn -0.6588 -0.728 -0.1894
vn -0.9306 0.3509 0.1045
vn -0.3149 -0.8517 -0.4188
vn -0.931 0.3229 0.1704
vn -0.9699 -0.2222 -0.0996
vn -0.9681 -0.2286 -0.1027
vn -0.7936 -0.4564 -0.4022
vn -0.3166 -0.7532 -0.5766
vn -0.1041 -0.7884 -0.6063
vn -0.9302 0.3297 0.1614
vn -0.9698 -0.2173 -0.1105
vn -0.1057 -0.6547 -0.7485
vn -0.1232 -0.6418 0.7569
vn -0.0377 -0.6358 -0.7709
vn -0.0668 -0.891 -0.449
vn -0.8098 -0.3717 -0.454
vn -0.9654 -0.1589 -0.2067
vn -0.9316 0.2113 0.2959
vn -0.9714 -0.1287 -0.1997
vn -0.9369 0.1085 0.3323
vn -0.778 -0.2033 -0.5944
vn -0.6644 -0.2411 -0.7074
vn -0.4787 -0.2823 -0.8314
vn -0.7783 -0.0818 -0.6225
vn -0.4792 -0.1134 -0.8704
vn -0.3205 -0.1224 -0.9393
vn -0.9391 0.0431 0.3408
vn -0.9714 -0.0317 -0.2351
vn -0.9696 -0.0329 -0.2424
vn -0.9696 0.0173 -0.244
vn -0.6649 0.0509 -0.7452
vn -0.4792 0.0596 -0.8757
vn -0.3206 0.0639 -0.945
vn -0.3203 0.2479 -0.9143
vn -0.108 0.2595 -0.9597
vn -0.9437 -0.0835 0.32
vn -0.9714 0.0645 -0.2286
vn -0.7782 0.1659 -0.6058
vn -0.9238 -0.3341 0.1872
vn -0.9697 0.1284 -0.2076
vn -0.9686 0.1378 -0.2069
vn -0.7845 0.2946 -0.5456
vn -0.664 0.335 -0.6685
vn -0.3196 0.4221 -0.8483
vn -0.1073 0.4419 -0.8906
vn -0.6632 0.4603 -0.5902
vn -0.3185 0.5801 -0.7497
vn 0.1091 0.8056 0.5824
vn -0.1214 0.683 0.7203
vn 0.2101 -0.6922 -0.6905
vn -0.7802 0.38 -0.4968
vn -0.9712 0.1852 -0.1501
vn -0.9685 0.1969 -0.1526
vn -0.4759 0.6649 -0.5756
vn -0.9515 -0.2624 0.1608
vn -0.9702 0.2146 -0.1127
vn -0.9682 0.2213 -0.1166
vn -0.7749 0.5517 -0.3085
vn -0.9696 0.2347 -0.0689
vn -0.7737 0.6029 -0.1949
vn -0.6593 0.7146 -0.2338
vn -0.101 0.9431 -0.3169
vn -0.9526 -0.2848 0.1066
vn -0.4708 0.8756 -0.1083
vn -0.3116 0.9428 -0.1188
vn -0.9538 -0.2965 0.049
vn -0.771 0.6347 0.0513
vn -0.3096 0.9485 0.0675
vn -0.9545 -0.298 -0.01
vn -0.9686 0.2471 0.0273
vn -0.8771 0.3112 0.366
vn -0.9911 0.0866 -0.1013
vn -0.8768 -0.2888 0.3845
vn -0.9964 -0.0611 -0.0591
vn -0.8848 -0.3114 -0.3466
vn -0.3701 0.6654 -0.6483
vn -0.0747 -0.7979 0.5981
vn -0.3987 -0.5415 0.7401
vn 0.0836 0.7557 0.6495
vn 0.0346 0.5439 -0.8385
vn 0.0687 -0.7821 0.6193
vn -0.1526 -0.6864 -0.711
vn 0.0296 -0.6249 0.7801
vn -0.4881 0.7783 -0.395
vn -0.3689 -0.8272 -0.4238
vn -0.0003 0.7419 -0.6705
vn -0.5709 0 -0.821
vn -0.3389 -0.0003 -0.9408
vn -0.7639 0.0002 -0.6453
vn -0.9965 0.0008 0.0839
vn -0.9842 0.0007 -0.1769
vn -0.9408 0.0009 0.3389
vn -0.4256 0.0008 0.9049
vn -0.6453 0.0009 0.7639
vn -0.1769 0.0007 0.9842
vn 0.5709 0 0.821
vn 0.3389 0.0003 0.9408
vn 0.7639 -0.0002 0.6453
vn 0.9049 -0.0005 0.4256
vn 0.9965 -0.0008 -0.0839
vn 0.9842 -0.0006 0.1769
vn 0.821 -0.001 -0.5709
vn 0.6453 -0.0009 -0.7639
vn 0.4256 -0.0008 -0.9049
vn 0.1769 -0.0007 -0.9842
vn -0.0839 -0.0005 -0.9965
vn 0.0839 0.0005 0.9965
vn 0.9408 -0.0009 -0.3389
vn 0.9842 -0.0007 0.1769
vn 0.821 -0.0009 -0.5709
vn -0.9049 0.0005 -0.4256
vn -0.821 0.001 0.5709
vn -0.9049 0.0004 -0.4256
vn -0.821 0.0009 0.5709
vn -0.9842 0.0006 -0.1769
vn -0.4256 0.0009 0.9049
vn 0.6453 -0.001 -0.7639
vn -0.5709 -0.0001 -0.821
vt 0.750000 0.812500
vt 0.750000 0.875000
vt 0.718750 0.875000
vt 0.718750 0.812500
vt 0.750000 0.750000
vt 0.718750 0.750000
vt 0.750000 0.687500
vt 0.718750 0.687500
vt 0.750000 0.625000
vt 0.718750 0.625000
vt 0.750000 0.562500
vt 0.718750 0.562500
vt 0.750000 0.500000
vt 0.718750 0.500000
vt 0.750000 0.937500
vt 0.734375 1.000000
vt 0.718750 0.937500
vt 0.703125 1.000000
vt 0.687500 0.937500
vt 0.687500 0.875000
vt 0.687500 0.812500
vt 0.687500 0.750000
vt 0.687500 0.687500
vt 0.687500 0.625000
vt 0.687500 0.562500
vt 0.687500 0.500000
vt 0.656250 0.750000
vt 0.656250 0.687500
vt 0.656250 0.625000
vt 0.656250 0.562500
vt 0.656250 0.500000
vt 0.671875 1.000000
vt 0.656250 0.937500
vt 0.656250 0.875000
vt 0.656250 0.812500
vt 0.125000 0.937500
vt 0.125000 0.875000
vt 0.156250 0.812500
vt 0.156250 0.875000
vt 0.625000 0.812500
vt 0.625000 0.750000
vt 0.625000 0.687500
vt 0.625000 0.625000
vt 0.625000 0.562500
vt 0.625000 0.500000
vt 0.609375 1.000000
vt 0.625000 0.937500
vt 0.593750 0.687500
vt 0.593750 0.625000
vt 0.593750 0.562500
vt 0.593750 0.500000
vt 0.593750 0.937500
vt 0.625000 0.875000
vt 0.593750 0.875000
vt 0.593750 0.812500
vt 0.593750 0.750000
vt 0.562500 0.875000
vt 0.562500 0.812500
vt 0.562500 0.750000
vt 0.562500 0.687500
vt 0.562500 0.625000
vt 0.562500 0.562500
vt 0.562500 0.500000
vt 0.578125 1.000000
vt 0.562500 0.937500
vt 0.531250 0.625000
vt 0.531250 0.562500
vt 0.531250 0.500000
vt 0.546875 1.000000
vt 0.531250 0.937500
vt 0.531250 0.875000
vt 0.531250 0.812500
vt 0.531250 0.750000
vt 0.531250 0.687500
vt 0.500000 0.875000
vt 0.500000 0.812500
vt 0.500000 0.750000
vt 0.500000 0.687500
vt 0.500000 0.625000
vt 0.500000 0.562500
vt 0.500000 0.500000
vt 0.515625 1.000000
vt 0.500000 0.937500
vt 0.468750 0.625000
vt 0.468750 0.562500
vt 0.468750 0.500000
vt 0.484375 1.000000
vt 0.468750 0.937500
vt 0.468750 0.875000
vt 0.468750 0.812500
vt 0.468750 0.750000
vt 0.468750 0.687500
vt 0.437500 0.812500
vt 0.437500 0.750000
vt 0.437500 0.687500
vt 0.437500 0.625000
vt 0.437500 0.562500
vt 0.437500 0.500000
vt 0.453125 1.000000
vt 0.437500 0.937500
vt 0.437500 0.875000
vt 0.406250 0.562500
vt 0.406250 0.500000
vt 0.390625 1.000000
vt 0.406250 0.937500
vt 0.156250 0.937500
vt 0.406250 0.812500
vt 0.406250 0.750000
vt 0.406250 0.687500
vt 0.406250 0.625000
vt 0.375000 0.812500
vt 0.375000 0.750000
vt 0.375000 0.687500
vt 0.375000 0.625000
vt 0.375000 0.562500
vt 0.375000 0.500000
vt 0.375000 0.937500
vt 0.406250 0.875000
vt 0.375000 0.875000
vt 0.343750 0.562500
vt 0.343750 0.500000
vt 0.359375 1.000000
vt 0.343750 0.937500
vt 0.343750 0.875000
vt 0.343750 0.812500
vt 0.343750 0.750000
vt 0.343750 0.687500
vt 0.343750 0.625000
vt 0.312500 0.750000
vt 0.312500 0.687500
vt 0.312500 0.625000
vt 0.312500 0.562500
vt 0.312500 0.500000
vt 0.328125 1.000000
vt 0.312500 0.937500
vt 0.312500 0.875000
vt 0.312500 0.812500
vt 0.281250 0.937500
vt 0.281250 0.875000
vt 0.281250 0.812500
vt 0.281250 0.750000
vt 0.281250 0.687500
vt 0.281250 0.625000
vt 0.281250 0.562500
vt 0.281250 0.500000
vt 0.296875 1.000000
vt 0.250000 0.687500
vt 0.250000 0.625000
vt 0.250000 0.562500
vt 0.250000 0.500000
vt 0.265625 1.000000
vt 0.250000 0.937500
vt 0.250000 0.875000
vt 0.250000 0.812500
vt 0.250000 0.750000
vt 0.218750 0.937500
vt 0.218750 0.875000
vt 0.218750 0.812500
vt 0.218750 0.750000
vt 0.218750 0.687500
vt 0.218750 0.625000
vt 0.218750 0.562500
vt 0.218750 0.500000
vt 0.234375 1.000000
vt 0.187500 0.687500
vt 0.187500 0.625000
vt 0.187500 0.562500
vt 0.187500 0.500000
vt 0.203125 1.000000
vt 0.187500 0.937500
vt 0.187500 0.875000
vt 0.187500 0.812500
vt 0.187500 0.750000
vt 0.156250 0.750000
vt 0.156250 0.687500
vt 0.156250 0.625000
vt 0.156250 0.562500
vt 0.156250 0.500000
vt 0.171875 1.000000
vt 0.125000 0.625000
vt 0.125000 0.562500
vt 0.125000 0.500000
vt 0.125000 0.812500
vt 0.125000 0.750000
vt 0.125000 0.687500
vt 0.093750 0.875000
vt 0.093750 0.812500
vt 0.093750 0.750000
vt 0.093750 0.687500
vt 0.093750 0.625000
vt 0.093750 0.562500
vt 0.093750 0.500000
vt 0.109375 1.000000
vt 0.093750 0.937500
vt 0.062500 0.625000
vt 0.062500 0.562500
vt 0.062500 0.500000
vt 0.078125 1.000000
vt 0.062500 0.937500
vt 0.062500 0.875000
vt 0.062500 0.812500
vt 0.062500 0.750000
vt 0.062500 0.687500
vt 0.031250 0.812500
vt 0.031250 0.750000
vt 0.031250 0.687500
vt 0.031250 0.625000
vt 0.031250 0.562500
vt 0.031250 0.500000
vt 0.046875 1.000000
vt 0.031250 0.937500
vt 0.031250 0.875000
vt 0.000000 0.562500
vt 0.000000 0.500000
vt 0.015625 1.000000
vt 0.000000 0.937500
vt 0.000000 0.875000
vt 0.000000 0.812500
vt 0.000000 0.750000
vt 0.000000 0.687500
vt 0.000000 0.625000
vt 1.000000 0.687500
vt 1.000000 0.750000
vt 0.968750 0.750000
vt 0.968750 0.687500
vt 1.000000 0.625000
vt 0.968750 0.625000
vt 1.000000 0.562500
vt 0.968750 0.562500
vt 1.000000 0.500000
vt 0.968750 0.500000
vt 1.000000 0.937500
vt 0.984375 1.000000
vt 0.968750 0.937500
vt 1.000000 0.875000
vt 0.968750 0.875000
vt 1.000000 0.812500
vt 0.968750 0.812500
vt 0.953125 1.000000
vt 0.937500 0.937500
vt 0.937500 0.875000
vt 0.937500 0.812500
vt 0.937500 0.750000
vt 0.937500 0.687500
vt 0.937500 0.625000
vt 0.937500 0.562500
vt 0.937500 0.500000
vt 0.906250 0.750000
vt 0.906250 0.687500
vt 0.906250 0.625000
vt 0.906250 0.562500
vt 0.906250 0.500000
vt 0.906250 0.812500
vt 0.906250 0.875000
vt 0.906250 0.937500
vt 0.875000 0.937500
vt 0.875000 0.875000
vt 0.875000 0.812500
vt 0.875000 0.750000
vt 0.875000 0.687500
vt 0.875000 0.625000
vt 0.875000 0.562500
vt 0.875000 0.500000
vt 0.890625 1.000000
vt 0.843750 0.687500
vt 0.843750 0.625000
vt 0.843750 0.562500
vt 0.843750 0.500000
vt 0.859375 1.000000
vt 0.843750 0.937500
vt 0.843750 0.875000
vt 0.843750 0.812500
vt 0.843750 0.750000
vt 0.812500 0.937500
vt 0.812500 0.875000
vt 0.812500 0.812500
vt 0.812500 0.750000
vt 0.812500 0.687500
vt 0.812500 0.625000
vt 0.812500 0.562500
vt 0.812500 0.500000
vt 0.828125 1.000000
vt 0.781250 0.687500
vt 0.781250 0.625000
vt 0.781250 0.562500
vt 0.781250 0.500000
vt 0.796875 1.000000
vt 0.781250 0.937500
vt 0.781250 0.875000
vt 0.781250 0.812500
vt 0.781250 0.750000
vt 0.765625 1.000000
vt 0.640625 1.000000
vt 0.421875 1.000000
vt 0.140625 1.000000
vt 0.921875 1.000000
vt 1.000000 0.628440
vt 1.000000 1.000000
vt 0.968750 1.000000
vt 0.968750 0.628440
vt 0.937500 1.000000
vt 0.937500 0.628440
vt 0.906250 1.000000
vt 0.906250 0.628440
vt 0.875000 1.000000
vt 0.875000 0.628440
vt 0.843750 1.000000
vt 0.843750 0.628440
vt 0.812500 1.000000
vt 0.812500 0.628440
vt 0.781250 1.000000
vt 0.781250 0.628440
vt 0.750000 1.000000
vt 0.750000 0.628440
vt 0.718750 1.000000
vt 0.718750 0.628440
vt 0.687500 1.000000
vt 0.687500 0.628440
vt 0.656250 1.000000
vt 0.656250 0.628440
vt 0.625000 1.000000
vt 0.625000 0.628440
vt 0.593750 1.000000
vt 0.593750 0.628440
vt 0.562500 1.000000
vt 0.562500 0.628440
vt 0.531250 1.000000
vt 0.531250 0.628440
vt 0.500000 1.000000
vt 0.500000 0.628440
vt 0.468750 1.000000
vt 0.468750 0.628440
vt 0.437500 1.000000
vt 0.437500 0.628440
vt 0.406250 1.000000
vt 0.406250 0.628440
vt 0.375000 1.000000
vt 0.375000 0.628440
vt 0.343750 1.000000
vt 0.343750 0.628440
vt 0.312500 1.000000
vt 0.312500 0.628440
vt 0.281250 1.000000
vt 0.281250 0.628440
vt 0.250000 1.000000
vt 0.250000 0.628440
vt 0.218750 1.000000
vt 0.218750 0.628440
vt 0.187500 1.000000
vt 0.187500 0.628440
vt 0.156250 1.000000
vt 0.156250 0.628440
vt 0.125000 1.000000
vt 0.125000 0.628440
vt 0.093750 1.000000
vt 0.093750 0.628440
vt 0.062500 1.000000
vt 0.062500 0.628440
vt 0.031250 1.000000
vt 0.031250 0.628440
vt 0.000000 1.000000
vt 0.000000 0.628440
vt 0.264105 0.465511
vt 0.250000 0.466900
vt 0.278210 0.464122
vt 0.292315 0.462732
vt 0.296822 0.485388
vt 0.250000 0.490000
vt 0.305878 0.458618
vt 0.319441 0.454504
vt 0.333004 0.450389
vt 0.341844 0.471731
vt 0.345504 0.443708
vt 0.358003 0.437027
vt 0.370503 0.430346
vt 0.383337 0.449553
vt 0.381459 0.421354
vt 0.392415 0.412363
vt 0.403371 0.403371
vt 0.419706 0.419706
vt 0.412363 0.392415
vt 0.421354 0.381459
vt 0.430346 0.370503
vt 0.449553 0.383337
vt 0.437027 0.358003
vt 0.443708 0.345504
vt 0.450389 0.333004
vt 0.471731 0.341844
vt 0.454504 0.319441
vt 0.458618 0.305878
vt 0.462732 0.292315
vt 0.485388 0.296822
vt 0.464122 0.278210
vt 0.465511 0.264105
vt 0.466900 0.250000
vt 0.490000 0.250000
vt 0.465511 0.235895
vt 0.464122 0.221790
vt 0.462732 0.207685
vt 0.485388 0.203178
vt 0.458618 0.194122
vt 0.454504 0.180559
vt 0.450389 0.166996
vt 0.471731 0.158156
vt 0.443708 0.154496
vt 0.437027 0.141997
vt 0.430346 0.129497
vt 0.449553 0.116663
vt 0.421354 0.118541
vt 0.412363 0.107585
vt 0.403371 0.096629
vt 0.419706 0.080294
vt 0.392415 0.087637
vt 0.381459 0.078646
vt 0.370503 0.069654
vt 0.383337 0.050447
vt 0.358003 0.062973
vt 0.345504 0.056292
vt 0.333004 0.049611
vt 0.341844 0.028269
vt 0.319441 0.045496
vt 0.305878 0.041382
vt 0.292315 0.037268
vt 0.296822 0.014612
vt 0.278210 0.035878
vt 0.264105 0.034489
vt 0.250000 0.033100
vt 0.250000 0.010000
vt 0.235895 0.034489
vt 0.221790 0.035878
vt 0.207685 0.037268
vt 0.203178 0.014612
vt 0.194122 0.041382
vt 0.180559 0.045496
vt 0.166996 0.049611
vt 0.158156 0.028269
vt 0.154496 0.056292
vt 0.141997 0.062973
vt 0.129497 0.069654
vt 0.116663 0.050447
vt 0.118541 0.078646
vt 0.107585 0.087637
vt 0.096629 0.096629
vt 0.080294 0.080294
vt 0.087637 0.107585
vt 0.078646 0.118541
vt 0.069654 0.129497
vt 0.050447 0.116663
vt 0.062973 0.141997
vt 0.056292 0.154496
vt 0.049611 0.166996
vt 0.028269 0.158156
vt 0.045496 0.180559
vt 0.041382 0.194122
vt 0.037268 0.207685
vt 0.014612 0.203178
vt 0.035878 0.221790
vt 0.034489 0.235895
vt 0.033100 0.250000
vt 0.010000 0.250000
vt 0.034489 0.264105
vt 0.035878 0.278210
vt 0.037268 0.292315
vt 0.014612 0.296822
vt 0.041382 0.305878
vt 0.045496 0.319441
vt 0.049611 0.333004
vt 0.028269 0.341844
vt 0.056292 0.345504
vt 0.062973 0.358003
vt 0.069654 0.370503
vt 0.050447 0.383337
vt 0.078646 0.381459
vt 0.087637 0.392415
vt 0.096629 0.403372
vt 0.080294 0.419706
vt 0.107585 0.412363
vt 0.118541 0.421354
vt 0.129497 0.430346
vt 0.116663 0.449553
vt 0.141997 0.437027
vt 0.154496 0.443708
vt 0.166996 0.450389
vt 0.158156 0.471731
vt 0.180559 0.454504
vt 0.194122 0.458618
vt 0.207685 0.462732
vt 0.203178 0.485388
vt 0.221790 0.464122
vt 0.235895 0.465511
vt 0.292315 0.462732
vt 0.096629 0.403371
vt 0.333004 0.450389
vt 0.129497 0.430346
vt 0.250000 0.033100
vt 0.381459 0.421354
vt 0.180559 0.454504
vt 0.166996 0.450389
vt 0.207685 0.037268
vt 0.412363 0.392415
vt 0.207685 0.462732
vt 0.430346 0.370503
vt 0.450389 0.333004
vt 0.096629 0.096629
vt 0.462732 0.292315
vt 0.466900 0.250000
vt 0.049611 0.166996
vt 0.462732 0.207685
vt 0.443708 0.154496
vt 0.450389 0.166996
vt 0.033100 0.250000
vt 0.049611 0.333004
vt 0.345504 0.056292
vt 0.412363 0.107585
vt 0.421354 0.118541
vt 0.437027 0.141997
vt 0.454504 0.180559
vt 0.458618 0.194122
vt 0.462732 0.207685
vt 0.464122 0.221790
vt 0.056292 0.154496
vt 0.078646 0.118541
vt 0.458618 0.305878
vt 0.443708 0.345504
vt 0.437027 0.358003
vt 0.154496 0.056292
vt 0.250000 0.466900
vt 0.221790 0.464122
vt 0.421354 0.381459
vt 0.194122 0.041382
vt 0.392415 0.412363
vt 0.221790 0.035878
vt 0.235895 0.034489
vt 0.154496 0.443708
vt 0.141997 0.437027
vt 0.345504 0.443708
vt 0.118541 0.421354
vt 0.107585 0.412363
vt 0.096629 0.403372
vt 0.305878 0.458618
vt 0.292315 0.462732
vt 0.078646 0.381459
vt 0.031250 0.500000
vt 0.062500 0.500000
vt 0.093750 0.500000
vt 0.125000 0.500000
vt 0.156250 0.500000
vt 0.187500 0.500000
vt 0.218750 0.500000
vt 0.250000 0.500000
vt 0.281250 0.500000
vt 0.312500 0.500000
vt 0.343750 0.500000
vt 0.375000 0.500000
vt 0.406250 0.500000
vt 0.437500 0.500000
vt 0.468750 0.500000
vt 0.500000 0.500000
vt 0.781250 0.500000
vt 0.812500 0.500000
vt 0.843750 0.500000
vt 0.875000 0.500000
vt 0.906250 0.500000
vt 0.937500 0.500000
vt 0.968750 0.500000
vt 0.780400 0.402828
vt 0.750000 0.405822
vt 0.750000 0.490000
vt 0.796822 0.485388
vt 0.809630 0.393961
vt 0.841844 0.471731
vt 0.836570 0.379561
vt 0.883337 0.449553
vt 0.860183 0.360183
vt 0.919706 0.419706
vt 0.879561 0.336570
vt 0.949553 0.383337
vt 0.893961 0.309631
vt 0.971731 0.341844
vt 0.902828 0.280399
vt 0.985388 0.296822
vt 0.905822 0.250000
vt 0.990000 0.250000
vt 0.902828 0.219601
vt 0.985388 0.203178
vt 0.893961 0.190369
vt 0.971731 0.158156
vt 0.879561 0.163430
vt 0.949553 0.116663
vt 0.860183 0.139817
vt 0.919706 0.080294
vt 0.836570 0.120439
vt 0.883337 0.050447
vt 0.809631 0.106039
vt 0.841844 0.028269
vt 0.780400 0.097172
vt 0.796822 0.014612
vt 0.750000 0.094178
vt 0.750000 0.010000
vt 0.719601 0.097172
vt 0.703178 0.014612
vt 0.690370 0.106039
vt 0.658156 0.028269
vt 0.663430 0.120439
vt 0.616663 0.050447
vt 0.639817 0.139817
vt 0.580294 0.080294
vt 0.620439 0.163430
vt 0.550447 0.116663
vt 0.606039 0.190369
vt 0.528269 0.158156
vt 0.597172 0.219601
vt 0.514612 0.203178
vt 0.594178 0.250000
vt 0.510000 0.250000
vt 0.597172 0.280399
vt 0.514612 0.296822
vt 0.606039 0.309631
vt 0.528269 0.341844
vt 0.620439 0.336570
vt 0.550447 0.383337
vt 0.639817 0.360183
vt 0.580294 0.419706
vt 0.663430 0.379561
vt 0.616663 0.449553
vt 0.690369 0.393961
vt 0.658156 0.471731
vt 0.719601 0.402828
vt 0.703178 0.485388
vt 0.729079 0.144826
vt 0.750000 0.142766
vt 0.825826 0.325826
vt 0.809576 0.339162
vt 0.770920 0.144826
vt 0.791037 0.150928
vt 0.809576 0.160838
vt 0.825826 0.174174
vt 0.839162 0.190424
vt 0.849072 0.208963
vt 0.674174 0.174174
vt 0.690424 0.160838
vt 0.855174 0.229080
vt 0.857235 0.250000
vt 0.674174 0.325826
vt 0.855174 0.270920
vt 0.660838 0.309576
vt 0.849072 0.291037
vt 0.839162 0.309576
vt 0.762639 0.313543
vt 0.750000 0.314788
vt 0.750000 0.357234
vt 0.770920 0.355174
vt 0.774793 0.309856
vt 0.791037 0.349072
vt 0.785994 0.303869
vt 0.795812 0.295812
vt 0.803869 0.285994
vt 0.809856 0.274793
vt 0.813543 0.262639
vt 0.814788 0.250000
vt 0.813543 0.237361
vt 0.809856 0.225207
vt 0.803869 0.214006
vt 0.795812 0.204188
vt 0.785994 0.196131
vt 0.774793 0.190144
vt 0.762639 0.186457
vt 0.750000 0.185212
vt 0.737360 0.186457
vt 0.725207 0.190144
vt 0.708963 0.150928
vt 0.714006 0.196131
vt 0.704188 0.204188
vt 0.696131 0.214006
vt 0.660838 0.190424
vt 0.690144 0.225207
vt 0.650928 0.208963
vt 0.686457 0.237361
vt 0.644826 0.229080
vt 0.685212 0.250000
vt 0.642766 0.250000
vt 0.686457 0.262639
vt 0.644826 0.270920
vt 0.690144 0.274793
vt 0.650928 0.291037
vt 0.696131 0.285994
vt 0.704188 0.295812
vt 0.714006 0.303869
vt 0.690424 0.339162
vt 0.725207 0.309856
vt 0.708963 0.349072
vt 0.737360 0.313543
vt 0.729079 0.355174
vt 0.021277 1.000000
vt 0.021277 0.916667
vt 0.000000 0.916667
vt 0.000000 0.083333
vt 0.021277 0.083333
vt 0.021277 0.000000
vt 0.000000 0.000000
vt 0.000000 0.166667
vt 0.021277 0.166667
vt 0.000000 0.250000
vt 0.021277 0.250000
vt 0.000000 0.333333
vt 0.021277 0.333333
vt 0.000000 0.416667
vt 0.021277 0.416667
vt 0.021277 0.500000
vt 0.000000 0.583333
vt 0.021277 0.583333
vt 0.000000 0.666667
vt 0.021277 0.666667
vt 0.000000 0.750000
vt 0.021277 0.750000
vt 0.000000 0.833333
vt 0.021277 0.833333
vt 0.042553 1.000000
vt 0.042553 0.916667
vt 0.042553 0.083333
vt 0.042553 0.000000
vt 0.042553 0.166667
vt 0.042553 0.250000
vt 0.042553 0.333333
vt 0.042553 0.416667
vt 0.042553 0.500000
vt 0.042553 0.583333
vt 0.042553 0.666667
vt 0.042553 0.750000
vt 0.042553 0.833333
vt 0.063830 1.000000
vt 0.063830 0.916667
vt 0.063830 0.083333
vt 0.063830 0.000000
vt 0.063830 0.166667
vt 0.063830 0.250000
vt 0.063830 0.333333
vt 0.063830 0.416667
vt 0.063830 0.500000
vt 0.063830 0.583333
vt 0.063830 0.666667
vt 0.063830 0.750000
vt 0.063830 0.833333
vt 0.085106 1.000000
vt 0.085106 0.916667
vt 0.085106 0.083333
vt 0.085106 0.000000
vt 0.085106 0.166667
vt 0.085106 0.250000
vt 0.085106 0.333333
vt 0.085106 0.416667
vt 0.085106 0.500000
vt 0.085106 0.583333
vt 0.085106 0.666667
vt 0.085106 0.750000
vt 0.085106 0.833333
vt 0.106383 1.000000
vt 0.106383 0.916667
vt 0.106383 0.083333
vt 0.106383 0.000000
vt 0.106383 0.166667
vt 0.106383 0.250000
vt 0.106383 0.333333
vt 0.106383 0.416667
vt 0.106383 0.500000
vt 0.106383 0.583333
vt 0.106383 0.666667
vt 0.106383 0.750000
vt 0.106383 0.833333
vt 0.127660 1.000000
vt 0.127660 0.916667
vt 0.127660 0.083333
vt 0.127660 0.000000
vt 0.127660 0.166667
vt 0.127660 0.250000
vt 0.127660 0.333333
vt 0.127660 0.416667
vt 0.127660 0.500000
vt 0.127660 0.583333
vt 0.127660 0.666667
vt 0.127660 0.750000
vt 0.127660 0.833333
vt 0.148936 1.000000
vt 0.148936 0.916667
vt 0.148936 0.083333
vt 0.148936 0.000000
vt 0.148936 0.166667
vt 0.148936 0.250000
vt 0.148936 0.333333
vt 0.148936 0.416667
vt 0.148936 0.500000
vt 0.148936 0.583333
vt 0.148936 0.666667
vt 0.148936 0.750000
vt 0.148936 0.833333
vt 0.170213 1.000000
vt 0.170213 0.916667
vt 0.170213 0.083333
vt 0.170213 0.000000
vt 0.170213 0.166667
vt 0.170213 0.250000
vt 0.170213 0.333333
vt 0.170213 0.416667
vt 0.170213 0.500000
vt 0.170213 0.583333
vt 0.170213 0.666667
vt 0.170213 0.750000
vt 0.170213 0.833333
vt 0.191489 1.000000
vt 0.191489 0.916667
vt 0.191489 0.083333
vt 0.191489 0.000000
vt 0.191489 0.166667
vt 0.191489 0.250000
vt 0.191489 0.333333
vt 0.191489 0.416667
vt 0.191489 0.500000
vt 0.191489 0.583333
vt 0.191489 0.666667
vt 0.191489 0.750000
vt 0.191489 0.833333
vt 0.212766 1.000000
vt 0.212766 0.916667
vt 0.212766 0.083333
vt 0.212766 0.000000
vt 0.212766 0.166667
vt 0.212766 0.250000
vt 0.212766 0.333333
vt 0.212766 0.416667
vt 0.212766 0.500000
vt 0.212766 0.583333
vt 0.212766 0.666667
vt 0.212766 0.750000
vt 0.212766 0.833333
vt 0.234043 1.000000
vt 0.234043 0.916667
vt 0.234043 0.083333
vt 0.234043 0.000000
vt 0.234043 0.166667
vt 0.234043 0.250000
vt 0.234043 0.333333
vt 0.234043 0.416667
vt 0.234043 0.500000
vt 0.234043 0.583333
vt 0.234043 0.666667
vt 0.234043 0.750000
vt 0.234043 0.833333
vt 0.255319 1.000000
vt 0.255319 0.916667
vt 0.255319 0.083333
vt 0.255319 0.000000
vt 0.255319 0.166667
vt 0.255319 0.250000
vt 0.255319 0.333333
vt 0.255319 0.416667
vt 0.255319 0.500000
vt 0.255319 0.583333
vt 0.255319 0.666667
vt 0.255319 0.750000
vt 0.255319 0.833333
vt 0.276596 1.000000
vt 0.276596 0.916667
vt 0.276596 0.083333
vt 0.276596 0.000000
vt 0.276596 0.166667
vt 0.276596 0.250000
vt 0.276596 0.333333
vt 0.276596 0.416667
vt 0.276596 0.500000
vt 0.276596 0.583333
vt 0.276596 0.666667
vt 0.276596 0.750000
vt 0.276596 0.833333
vt 0.297872 1.000000
vt 0.297872 0.916667
vt 0.297872 0.083333
vt 0.297872 0.000000
vt 0.297872 0.166667
vt 0.297872 0.250000
vt 0.297872 0.333333
vt 0.297872 0.416667
vt 0.297872 0.500000
vt 0.297872 0.583333
vt 0.297872 0.666667
vt 0.297872 0.750000
vt 0.297872 0.833333
vt 0.319149 1.000000
vt 0.319149 0.916667
vt 0.319149 0.083333
vt 0.319149 0.000000
vt 0.319149 0.166667
vt 0.319149 0.250000
vt 0.319149 0.333333
vt 0.319149 0.416667
vt 0.319149 0.500000
vt 0.319149 0.583333
vt 0.319149 0.666667
vt 0.319149 0.750000
vt 0.319149 0.833333
vt 0.340426 1.000000
vt 0.340426 0.916667
vt 0.340426 0.083333
vt 0.340426 0.000000
vt 0.340426 0.166667
vt 0.340426 0.250000
vt 0.340426 0.333333
vt 0.340426 0.416667
vt 0.340426 0.500000
vt 0.340426 0.583333
vt 0.340426 0.666667
vt 0.340426 0.750000
vt 0.340426 0.833333
vt 0.361702 1.000000
vt 0.361702 0.916667
vt 0.361702 0.083333
vt 0.361702 0.000000
vt 0.361702 0.166667
vt 0.361702 0.250000
vt 0.361702 0.333333
vt 0.361702 0.416667
vt 0.361702 0.500000
vt 0.361702 0.583333
vt 0.361702 0.666667
vt 0.361702 0.750000
vt 0.361702 0.833333
vt 0.382979 1.000000
vt 0.382979 0.916667
vt 0.382979 0.083333
vt 0.382979 0.000000
vt 0.382979 0.166667
vt 0.382979 0.250000
vt 0.382979 0.333333
vt 0.382979 0.416667
vt 0.382979 0.500000
vt 0.382979 0.583333
vt 0.382979 0.666667
vt 0.382979 0.750000
vt 0.382979 0.833333
vt 0.404255 1.000000
vt 0.404255 0.916667
vt 0.404255 0.083333
vt 0.404255 0.000000
vt 0.404255 0.166667
vt 0.404255 0.250000
vt 0.404255 0.333333
vt 0.404255 0.416667
vt 0.404255 0.500000
vt 0.404255 0.583333
vt 0.404255 0.666667
vt 0.404255 0.750000
vt 0.404255 0.833333
vt 0.425532 1.000000
vt 0.425532 0.916667
vt 0.425532 0.083333
vt 0.425532 0.000000
vt 0.425532 0.166667
vt 0.425532 0.250000
vt 0.425532 0.333333
vt 0.425532 0.416667
vt 0.425532 0.500000
vt 0.425532 0.583333
vt 0.425532 0.666667
vt 0.425532 0.750000
vt 0.425532 0.833333
vt 0.446809 1.000000
vt 0.446809 0.916667
vt 0.446809 0.083333
vt 0.446809 0.000000
vt 0.446809 0.166667
vt 0.446809 0.250000
vt 0.446809 0.333333
vt 0.446809 0.416667
vt 0.446809 0.500000
vt 0.446809 0.583333
vt 0.446809 0.666667
vt 0.446809 0.750000
vt 0.446809 0.833333
vt 0.468085 1.000000
vt 0.468085 0.916667
vt 0.468085 0.083333
vt 0.468085 0.000000
vt 0.468085 0.166667
vt 0.468085 0.250000
vt 0.468085 0.333333
vt 0.468085 0.416667
vt 0.468085 0.500000
vt 0.468085 0.583333
vt 0.468085 0.666667
vt 0.468085 0.750000
vt 0.468085 0.833333
vt 0.489362 1.000000
vt 0.489362 0.916667
vt 0.489362 0.083333
vt 0.489362 0.000000
vt 0.489362 0.166667
vt 0.489362 0.250000
vt 0.489362 0.333333
vt 0.489362 0.416667
vt 0.489362 0.500000
vt 0.489362 0.583333
vt 0.489362 0.666667
vt 0.489362 0.750000
vt 0.489362 0.833333
vt 0.510638 1.000000
vt 0.510638 0.916667
vt 0.510638 0.083333
vt 0.510638 0.000000
vt 0.510638 0.166667
vt 0.510638 0.250000
vt 0.510638 0.333333
vt 0.510638 0.416667
vt 0.510638 0.500000
vt 0.510638 0.583333
vt 0.510638 0.666667
vt 0.510638 0.750000
vt 0.510638 0.833333
vt 0.531915 1.000000
vt 0.531915 0.916667
vt 0.531915 0.083333
vt 0.531915 0.000000
vt 0.531915 0.166667
vt 0.531915 0.250000
vt 0.531915 0.333333
vt 0.531915 0.416667
vt 0.531915 0.500000
vt 0.531915 0.583333
vt 0.531915 0.666667
vt 0.531915 0.750000
vt 0.531915 0.833333
vt 0.553191 1.000000
vt 0.553191 0.916667
vt 0.553191 0.083333
vt 0.553191 0.000000
vt 0.553191 0.166667
vt 0.553191 0.250000
vt 0.553191 0.333333
vt 0.553191 0.416667
vt 0.553191 0.500000
vt 0.553191 0.583333
vt 0.553191 0.666667
vt 0.553191 0.750000
vt 0.553191 0.833333
vt 0.574468 1.000000
vt 0.574468 0.916667
vt 0.574468 0.083333
vt 0.574468 0.000000
vt 0.574468 0.166667
vt 0.574468 0.250000
vt 0.574468 0.333333
vt 0.574468 0.416667
vt 0.574468 0.500000
vt 0.574468 0.583333
vt 0.574468 0.666667
vt 0.574468 0.750000
vt 0.574468 0.833333
vt 0.595745 1.000000
vt 0.595745 0.916667
vt 0.595745 0.083333
vt 0.595745 0.000000
vt 0.595745 0.166667
vt 0.595745 0.250000
vt 0.595745 0.333333
vt 0.595745 0.416667
vt 0.595745 0.500000
vt 0.595745 0.583333
vt 0.595745 0.666667
vt 0.595745 0.750000
vt 0.595745 0.833333
vt 0.617021 1.000000
vt 0.617021 0.916667
vt 0.617021 0.083333
vt 0.617021 0.000000
vt 0.617021 0.166667
vt 0.617021 0.250000
vt 0.617021 0.333333
vt 0.617021 0.416667
vt 0.617021 0.500000
vt 0.617021 0.583333
vt 0.617021 0.666667
vt 0.617021 0.750000
vt 0.617021 0.833333
vt 0.638298 1.000000
vt 0.638298 0.916667
vt 0.638298 0.083333
vt 0.638298 0.000000
vt 0.638298 0.166667
vt 0.638298 0.250000
vt 0.638298 0.333333
vt 0.638298 0.416667
vt 0.638298 0.500000
vt 0.638298 0.583333
vt 0.638298 0.666667
vt 0.638298 0.750000
vt 0.638298 0.833333
vt 0.659574 1.000000
vt 0.659574 0.916667
vt 0.659574 0.083333
vt 0.659574 0.000000
vt 0.659574 0.166667
vt 0.659574 0.250000
vt 0.659574 0.333333
vt 0.659574 0.416667
vt 0.659574 0.500000
vt 0.659574 0.583333
vt 0.659574 0.666667
vt 0.659574 0.750000
vt 0.659574 0.833333
vt 0.680851 1.000000
vt 0.680851 0.916667
vt 0.680851 0.083333
vt 0.680851 0.000000
vt 0.680851 0.166667
vt 0.680851 0.250000
vt 0.680851 0.333333
vt 0.680851 0.416667
vt 0.680851 0.500000
vt 0.680851 0.583333
vt 0.680851 0.666667
vt 0.680851 0.750000
vt 0.680851 0.833333
vt 0.702128 1.000000
vt 0.702128 0.916667
vt 0.702128 0.083333
vt 0.702128 0.000000
vt 0.702128 0.166667
vt 0.702128 0.250000
vt 0.702128 0.333333
vt 0.702128 0.416667
vt 0.702128 0.500000
vt 0.702128 0.583333
vt 0.702128 0.666667
vt 0.702128 0.750000
vt 0.702128 0.833333
vt 0.723404 1.000000
vt 0.723404 0.916667
vt 0.723404 0.083333
vt 0.723404 0.000000
vt 0.723404 0.166667
vt 0.723404 0.250000
vt 0.723404 0.333333
vt 0.723404 0.416667
vt 0.723404 0.500000
vt 0.723404 0.583333
vt 0.723404 0.666667
vt 0.723404 0.750000
vt 0.723404 0.833333
vt 0.744681 1.000000
vt 0.744681 0.916667
vt 0.744681 0.083333
vt 0.744681 0.000000
vt 0.744681 0.166667
vt 0.744681 0.250000
vt 0.744681 0.333333
vt 0.744681 0.416667
vt 0.744681 0.500000
vt 0.744681 0.583333
vt 0.744681 0.666667
vt 0.744681 0.750000
vt 0.744681 0.833333
vt 0.765957 1.000000
vt 0.765957 0.916667
vt 0.765957 0.083333
vt 0.765957 0.000000
vt 0.765957 0.166667
vt 0.765957 0.250000
vt 0.765957 0.333333
vt 0.765957 0.416667
vt 0.765957 0.500000
vt 0.765957 0.583333
vt 0.765957 0.666667
vt 0.765957 0.750000
vt 0.765957 0.833333
vt 0.787234 1.000000
vt 0.787234 0.916667
vt 0.787234 0.083333
vt 0.787234 0.000000
vt 0.787234 0.166667
vt 0.787234 0.250000
vt 0.787234 0.333333
vt 0.787234 0.416667
vt 0.787234 0.500000
vt 0.787234 0.583333
vt 0.787234 0.666667
vt 0.787234 0.750000
vt 0.787234 0.833333
vt 0.808511 1.000000
vt 0.808511 0.916667
vt 0.808511 0.083333
vt 0.808511 0.000000
vt 0.808511 0.166667
vt 0.808511 0.250000
vt 0.808511 0.333333
vt 0.808511 0.416667
vt 0.808511 0.500000
vt 0.808511 0.583333
vt 0.808511 0.666667
vt 0.808511 0.750000
vt 0.808511 0.833333
vt 0.829787 1.000000
vt 0.829787 0.916667
vt 0.829787 0.083333
vt 0.829787 0.000000
vt 0.829787 0.166667
vt 0.829787 0.250000
vt 0.829787 0.333333
vt 0.829787 0.416667
vt 0.829787 0.500000
vt 0.829787 0.583333
vt 0.829787 0.666667
vt 0.829787 0.750000
vt 0.829787 0.833333
vt 0.851064 1.000000
vt 0.851064 0.916667
vt 0.851064 0.083333
vt 0.851064 0.000000
vt 0.851064 0.166667
vt 0.851064 0.250000
vt 0.851064 0.333333
vt 0.851064 0.416667
vt 0.851064 0.500000
vt 0.851064 0.583333
vt 0.851064 0.666667
vt 0.851064 0.750000
vt 0.851064 0.833333
vt 0.872340 1.000000
vt 0.872340 0.916667
vt 0.872340 0.083333
vt 0.872340 0.000000
vt 0.872340 0.166667
vt 0.872340 0.250000
vt 0.872340 0.333333
vt 0.872340 0.416667
vt 0.872340 0.500000
vt 0.872340 0.583333
vt 0.872340 0.666667
vt 0.872340 0.750000
vt 0.872340 0.833333
vt 0.893617 1.000000
vt 0.893617 0.916667
vt 0.893617 0.083333
vt 0.893617 0.000000
vt 0.893617 0.166667
vt 0.893617 0.250000
vt 0.893617 0.333333
vt 0.893617 0.416667
vt 0.893617 0.500000
vt 0.893617 0.583333
vt 0.893617 0.666667
vt 0.893617 0.750000
vt 0.893617 0.833333
vt 0.914894 1.000000
vt 0.914894 0.916667
vt 0.914894 0.083333
vt 0.914894 0.000000
vt 0.914894 0.166667
vt 0.914894 0.250000
vt 0.914894 0.333333
vt 0.914894 0.416667
vt 0.914894 0.500000
vt 0.914894 0.583333
vt 0.914894 0.666667
vt 0.914894 0.750000
vt 0.914894 0.833333
vt 0.936170 1.000000
vt 0.936170 0.916667
vt 0.936170 0.083333
vt 0.936170 0.000000
vt 0.936170 0.166667
vt 0.936170 0.250000
vt 0.936170 0.333333
vt 0.936170 0.416667
vt 0.936170 0.500000
vt 0.936170 0.583333
vt 0.936170 0.666667
vt 0.936170 0.750000
vt 0.936170 0.833333
vt 0.957447 1.000000
vt 0.957447 0.916667
vt 0.957447 0.083333
vt 0.957447 0.000000
vt 0.957447 0.166667
vt 0.957447 0.250000
vt 0.957447 0.333333
vt 0.957447 0.416667
vt 0.957447 0.500000
vt 0.957447 0.583333
vt 0.957447 0.666667
vt 0.957447 0.750000
vt 0.957447 0.833333
vt 0.978723 1.000000
vt 0.978723 0.916667
vt 0.978723 0.083333
vt 0.978723 0.000000
vt 0.978723 0.166667
vt 0.978723 0.250000
vt 0.978723 0.333333
vt 0.978723 0.416667
vt 0.978723 0.500000
vt 0.978723 0.583333
vt 0.978723 0.666667
vt 0.978723 0.750000
vt 0.978723 0.833333
vt 1.000000 0.916667
vt 1.000000 0.083333
vt 1.000000 0.000000
vt 1.000000 0.166667
vt 1.000000 0.250000
vt 1.000000 0.333333
vt 1.000000 0.416667
vt 1.000000 0.583333
vt 1.000000 0.666667
vt 1.000000 0.750000
vt 1.000000 0.833333
s 1
usemtl 材质.018
f 158/36/165 45/193/165 166/194/165
f 88/107/273 80/93/273 266/93/273 269/107/273
f 763/297/281 284/298/282 286/299/283 764/300/284
f 764/300/284 286/299/283 288/301/285 765/302/286
f 765/302/286 288/301/285 290/303/287 766/304/288
f 766/304/288 290/303/287 292/305/289 767/306/290
f 767/306/290 292/305/289 294/307/291 768/308/292
f 768/308/292 294/307/291 296/309/293 769/310/294
f 769/310/294 296/309/293 298/311/295 770/312/296
f 770/312/296 298/311/295 300/313/297 771/314/298
f 771/314/298 300/313/297 302/315/299 772/316/300
f 772/316/300 302/315/299 304/317/301 773/318/302
f 773/318/302 304/317/301 306/319/303 774/320/304
f 774/320/304 306/319/303 308/321/305 775/322/306
f 775/322/306 308/321/305 310/323/307 776/324/308
f 776/324/308 310/323/307 312/325/309 777/326/310
f 777/326/310 312/325/309 314/327/311 778/328/312
f 778/328/312 314/327/311 316/329/313 779/330/314
f 779/330/314 316/329/313 318/331/315 780/332/316
f 780/332/316 318/331/315 320/333/317 781/334/318
f 781/334/318 320/333/317 322/335/319 782/336/320
f 782/336/320 322/335/319 324/337/321 783/338/322
f 783/338/322 324/337/321 326/339/323 784/340/324
f 784/340/324 326/339/323 328/341/325 785/342/326
f 785/342/326 328/341/325 330/343/327 786/344/328
f 786/344/328 330/343/327 332/345/329 787/346/330
f 787/346/330 332/345/329 334/347/331 788/348/332
f 788/348/332 334/347/331 336/349/333 789/350/334
f 789/350/334 336/349/333 338/351/335 790/352/336
f 790/352/336 338/351/335 340/353/337 791/354/338
f 791/354/338 340/353/337 342/355/339 792/356/340
f 792/356/340 342/355/339 344/357/341 793/358/342
f 288/301/285 286/299/283 379/299/343 381/301/344
f 793/358/342 344/357/341 346/359/345 794/360/346
f 794/360/346 346/359/345 284/361/282 763/362/281
f 762/363/347 572/364/348 412/364/348 508/363/347
f 306/319/303 304/317/301 389/317/349 390/319/350
f 324/337/321 322/335/319 398/335/351 399/337/352
f 342/355/339 340/353/337 407/353/353 408/355/354
f 298/311/295 296/309/293 385/309/355 386/311/356
f 316/329/313 314/327/311 394/327/357 395/329/358
f 334/347/331 332/345/329 403/345/359 404/347/360
f 290/303/287 288/301/285 381/301/344 382/303/361
f 308/321/305 306/319/303 390/319/350 391/321/362
f 326/339/323 324/337/321 399/337/352 400/339/363
f 344/357/341 342/355/339 408/355/354 409/357/364
f 300/313/297 298/311/295 386/311/356 387/313/365
f 318/331/315 316/329/313 395/329/358 396/331/366
f 336/349/333 334/347/331 404/347/360 405/349/367
f 292/305/289 290/303/287 382/303/361 383/305/368
f 310/323/307 308/321/305 391/321/362 392/323/369
f 328/341/325 326/339/323 400/339/363 401/341/370
f 346/359/345 344/357/341 409/357/364 410/359/371
f 302/315/299 300/313/297 387/313/365 388/315/372
f 320/333/317 318/331/315 396/331/366 397/333/373
f 338/351/335 336/349/333 405/349/367 406/351/374
f 294/307/291 292/305/289 383/305/368 384/307/375
f 312/325/309 310/323/307 392/323/369 393/325/376
f 330/343/327 328/341/325 401/341/370 402/343/377
f 286/299/283 284/298/282 380/298/378 379/299/343
f 284/361/282 346/359/345 410/359/371 380/361/378
f 304/317/301 302/315/299 388/315/372 389/317/349
f 322/335/319 320/333/317 397/333/373 398/335/351
f 340/353/337 338/351/335 406/351/374 407/353/353
f 296/309/293 294/307/291 384/307/375 385/309/355
f 314/327/311 312/325/309 393/325/376 394/327/357
f 332/345/329 330/343/327 402/343/377 403/345/359
f 348/364/379 444/363/379 443/365/379 347/366/380 379/367/380 380/368/379
f 347/366/380 446/369/380 445/370/380 349/371/380 381/372/380 379/367/380
f 349/371/380 448/373/380 447/374/380 350/375/380 382/376/380 381/372/380
f 350/375/380 450/377/380 449/378/380 351/379/380 383/380/380 382/376/380
f 351/379/380 452/381/380 451/382/380 352/383/380 384/384/380 383/380/380
f 352/383/380 454/385/380 453/386/380 353/387/380 385/388/380 384/384/380
f 353/387/380 456/389/380 455/390/380 354/391/380 386/392/380 385/388/380
f 354/391/380 458/393/380 457/394/380 355/395/380 387/396/380 386/392/380
f 355/395/380 460/397/380 459/398/380 356/399/380 388/400/380 387/396/380
f 356/399/380 462/401/380 461/402/380 357/403/380 389/404/380 388/400/380
f 357/403/380 464/405/380 463/406/380 358/407/380 390/408/380 389/404/380
f 358/407/380 466/409/380 465/410/380 359/411/380 391/412/380 390/408/380
f 359/411/380 468/413/380 467/414/380 360/415/380 392/416/380 391/412/380
f 360/415/380 470/417/380 469/418/380 361/419/380 393/420/380 392/416/380
f 361/419/380 472/421/380 471/422/380 362/423/380 394/424/380 393/420/380
f 362/423/380 474/425/380 473/426/380 363/427/380 395/428/380 394/424/380
f 363/427/380 476/429/380 475/430/380 364/431/380 396/432/380 395/428/380
f 364/431/380 478/433/380 477/434/380 365/435/380 397/436/380 396/432/380
f 365/435/380 480/437/380 479/438/380 366/439/380 398/440/380 397/436/380
f 366/439/380 482/441/380 481/442/380 367/443/380 399/444/380 398/440/380
f 367/443/380 484/445/380 483/446/380 368/447/380 400/448/380 399/444/380
f 368/447/380 486/449/380 485/450/380 369/451/380 401/452/380 400/448/380
f 369/451/380 488/453/380 487/454/380 370/455/380 402/456/380 401/452/380
f 370/455/380 490/457/380 489/458/380 371/459/380 403/460/380 402/456/380
f 371/459/380 492/461/380 491/462/380 372/463/380 404/464/380 403/460/380
f 372/463/380 494/465/380 493/466/380 373/467/380 405/468/380 404/464/380
f 373/467/380 496/469/380 495/470/380 374/471/380 406/472/380 405/468/380
f 374/471/380 498/473/380 497/474/380 375/475/380 407/476/380 406/472/380
f 375/475/380 500/477/380 499/478/380 376/479/380 408/480/380 407/476/380
f 376/479/380 502/481/380 501/482/380 377/483/380 409/484/380 408/480/380
f 377/483/380 504/485/380 503/486/380 378/487/380 410/488/380 409/484/380
f 378/487/380 506/489/379 505/490/379 348/364/379 380/368/379 410/488/380
f 411/366/380 507/365/380 508/363/380 412/364/380 569/490/380 570/489/380 442/487/380 567/486/380 568/485/380 441/483/380 565/482/380 566/481/380 440/479/380 563/478/380 564/477/380 439/475/380 561/474/380 562/473/380 438/471/380 559/470/380 560/469/380 437/467/380 557/466/380 558/465/380 436/463/380 555/462/380 556/461/380 435/459/380 553/458/380 554/457/380 434/455/380 551/454/380 552/453/380 433/451/380 549/450/380 550/449/380 432/447/380 547/446/380 548/445/380 431/443/380 545/442/380 546/441/380 430/439/380 543/438/380 544/437/380 429/435/380 541/434/380 542/433/380 428/431/380 539/430/380 540/429/380 427/427/380 537/426/380 538/425/380 426/423/380 535/422/380 536/421/380 425/419/380 533/418/380 534/417/380 424/415/380 531/414/380 532/413/380 423/411/380 529/410/380 530/409/380 422/407/380 527/406/380 528/405/380 421/403/380 525/402/380 526/401/380 420/399/380 523/398/380 524/397/380 419/395/380 521/394/380 522/393/380 418/391/380 519/390/380 520/389/380 417/387/380 517/386/380 518/385/380 416/383/380 515/382/380 516/381/380 415/379/380 513/378/380 514/377/380 414/375/380 511/374/380 512/373/380 413/371/380 509/370/380 510/369/380
f 758/473/381 576/471/382 438/471/382 562/473/381
f 754/421/383 580/419/384 425/419/384 536/421/383
f 750/369/385 573/491/386 411/366/386 510/369/385
f 746/477/387 577/492/388 439/475/388 564/477/387
f 742/425/389 581/423/390 426/423/390 538/425/389
f 738/373/391 583/493/392 413/371/392 512/373/391
f 734/481/393 585/494/394 440/479/394 566/481/393
f 730/429/395 587/495/396 427/427/396 540/429/395
f 726/496/397 589/375/398 414/375/399 514/377/397
f 722/497/400 591/498/401 441/483/401 568/485/400
f 718/433/402 593/499/403 428/431/403 542/433/402
f 714/500/404 595/379/405 415/379/405 516/381/404
f 710/489/406 597/501/407 442/487/407 570/489/406
f 706/437/408 599/435/409 429/435/409 544/437/408
f 702/385/410 601/502/411 416/383/412 518/385/410
f 698/441/413 603/439/414 430/439/414 546/441/413
f 694/389/415 605/503/416 417/387/416 520/389/415
f 690/445/417 607/504/418 431/443/418 548/445/417
f 686/393/419 609/505/420 418/391/420 522/393/419
f 682/449/421 611/447/422 432/447/423 550/449/421
f 678/397/424 613/506/425 419/395/425 524/397/424
f 674/453/426 615/507/427 433/451/427 552/453/426
f 670/401/428 617/508/429 420/399/430 526/401/428
f 666/457/431 619/455/432 434/455/433 554/457/431
f 662/509/434 621/510/435 421/403/435 528/405/434
f 658/461/436 623/511/437 435/459/437 556/461/436
f 654/409/438 625/407/439 422/407/439 530/409/438
f 650/465/440 627/463/441 436/463/441 558/465/440
f 646/413/442 629/411/443 423/411/444 532/413/442
f 642/469/445 631/512/446 437/467/446 560/469/445
f 638/417/447 633/415/448 424/415/448 534/417/447
f 580/419/384 636/418/447 533/418/447 425/419/384
f 636/418/447 638/417/447 534/417/447 533/418/447
f 361/419/384 469/418/447 635/513/447 579/419/384
f 469/418/447 470/417/447 637/417/447 635/513/447
f 635/513/447 637/417/447 638/417/447 636/418/447
f 470/417/447 360/415/448 634/415/448 637/417/447
f 637/417/447 634/415/448 633/415/448 638/417/447
f 576/471/382 640/470/445 559/470/445 438/471/382
f 640/470/445 642/469/445 560/469/445 559/470/445
f 374/471/382 495/470/445 639/470/445 575/471/382
f 575/471/382 639/470/445 640/470/445 576/471/382
f 495/470/445 496/469/445 641/469/445 639/470/445
f 639/470/445 641/469/445 642/469/445 640/470/445
f 496/469/445 373/467/446 632/512/446 641/469/445
f 641/469/445 632/512/446 631/512/446 642/469/445
f 633/415/448 644/414/442 531/414/442 424/415/448
f 644/414/442 646/413/442 532/413/442 531/414/442
f 360/415/448 467/414/442 643/414/442 634/415/448
f 634/415/448 643/414/442 644/414/442 633/415/448
f 467/414/442 468/413/442 645/413/442 643/414/442
f 643/414/442 645/413/442 646/413/442 644/414/442
f 468/413/442 359/411/444 630/411/449 645/413/442
f 645/413/442 630/411/449 629/411/443 646/413/442
f 631/512/446 648/466/440 557/466/440 437/467/446
f 648/466/440 650/465/440 558/465/440 557/466/440
f 373/467/446 493/466/440 647/466/440 632/512/446
f 632/512/446 647/466/440 648/466/440 631/512/446
f 493/466/440 494/465/440 649/465/440 647/466/440
f 494/465/440 372/463/450 628/463/450 649/465/440
f 629/411/443 652/514/451 529/410/451 423/411/444
f 652/514/451 654/409/438 530/409/438 529/410/451
f 359/411/444 465/410/452 651/514/452 630/411/449
f 465/410/452 466/409/452 653/515/452 651/514/452
f 466/409/452 358/407/439 626/407/439 653/515/452
f 627/463/441 656/462/453 555/462/453 436/463/441
f 656/462/453 658/461/436 556/461/436 555/462/453
f 372/463/450 491/462/453 655/462/453 628/463/450
f 491/462/453 492/461/453 657/461/453 655/462/453
f 492/461/453 371/459/454 624/459/454 657/461/453
f 625/407/439 660/406/434 527/406/434 422/407/439
f 660/406/434 662/509/434 528/405/434 527/406/434
f 358/407/439 463/406/434 659/516/434 626/407/439
f 463/406/434 464/405/434 661/509/434 659/516/434
f 464/405/434 357/403/435 622/510/435 661/509/434
f 623/511/437 664/458/431 553/458/431 435/459/437
f 664/458/431 666/457/431 554/457/431 553/458/431
f 371/459/454 489/458/431 663/458/431 624/459/454
f 489/458/431 490/457/431 665/457/431 663/458/431
f 490/457/431 370/455/455 620/455/456 665/457/431
f 621/510/435 668/517/428 525/402/428 421/403/435
f 668/517/428 670/401/428 526/401/428 525/402/428
f 357/403/435 461/402/428 667/517/428 622/510/435
f 461/402/428 462/401/428 669/518/428 667/517/428
f 462/401/428 356/399/429 618/519/429 669/518/428
f 669/518/428 618/519/429 617/508/429 670/401/428
f 619/455/432 672/454/426 551/454/426 434/455/433
f 672/454/426 674/453/426 552/453/426 551/454/426
f 370/455/455 487/454/426 671/454/426 620/455/456
f 620/455/456 671/454/426 672/454/426 619/455/432
f 487/454/426 488/453/426 673/453/426 671/454/426
f 671/454/426 673/453/426 674/453/426 672/454/426
f 488/453/426 369/451/427 616/507/427 673/453/426
f 673/453/426 616/507/427 615/507/427 674/453/426
f 617/508/429 676/520/424 523/398/424 420/399/430
f 676/520/424 678/397/424 524/397/424 523/398/424
f 356/399/429 459/398/424 675/520/424 618/519/429
f 618/519/429 675/520/424 676/520/424 617/508/429
f 459/398/424 460/397/424 677/397/424 675/520/424
f 675/520/424 677/397/424 678/397/424 676/520/424
f 460/397/424 355/395/425 614/506/425 677/397/424
f 677/397/424 614/506/425 613/506/425 678/397/424
f 615/507/427 680/521/421 549/450/421 433/451/427
f 680/521/421 682/449/421 550/449/421 549/450/421
f 369/451/427 485/450/421 679/521/421 616/507/427
f 616/507/427 679/521/421 680/521/421 615/507/427
f 485/450/421 486/449/421 681/449/421 679/521/421
f 679/521/421 681/449/421 682/449/421 680/521/421
f 486/449/421 368/447/423 612/447/457 681/449/421
f 681/449/421 612/447/457 611/447/422 682/449/421
f 613/506/425 684/394/419 521/394/419 419/395/425
f 684/394/419 686/393/419 522/393/419 521/394/419
f 355/395/425 457/394/458 683/394/419 614/506/425
f 614/506/425 683/394/419 684/394/419 613/506/425
f 457/394/458 458/393/419 685/393/419 683/394/419
f 458/393/419 354/391/420 610/505/420 685/393/419
f 611/447/422 688/446/417 547/446/417 432/447/423
f 688/446/417 690/445/417 548/445/417 547/446/417
f 368/447/423 483/446/459 687/522/459 612/447/457
f 483/446/459 484/445/459 689/445/459 687/522/459
f 484/445/459 367/443/418 608/504/418 689/445/459
f 609/505/420 692/390/415 519/390/415 418/391/420
f 692/390/415 694/389/415 520/389/415 519/390/415
f 354/391/420 455/390/415 691/523/415 610/505/420
f 455/390/415 456/389/415 693/389/415 691/523/415
f 456/389/415 353/387/416 606/503/416 693/389/415
f 607/504/418 696/442/413 545/442/413 431/443/418
f 696/442/413 698/441/413 546/441/413 545/442/413
f 367/443/418 481/442/413 695/442/413 608/504/418
f 481/442/413 482/441/413 697/441/413 695/442/413
f 482/441/413 366/439/414 604/439/414 697/441/413
f 605/503/416 700/524/410 517/386/410 417/387/416
f 700/524/410 702/385/410 518/385/410 517/386/410
f 353/387/416 453/386/410 699/524/410 606/503/416
f 453/386/410 454/385/410 701/525/410 699/524/410
f 454/385/410 352/383/412 602/383/460 701/525/410
f 603/439/414 704/438/408 543/438/408 430/439/414
f 704/438/408 706/437/408 544/437/408 543/438/408
f 366/439/414 479/438/408 703/438/408 604/439/414
f 479/438/408 480/437/408 705/526/408 703/438/408
f 480/437/408 365/435/409 600/435/409 705/526/408
f 705/526/408 600/435/409 599/435/409 706/437/408
f 572/364/348 708/490/406 569/490/406 412/364/348
f 708/490/406 710/489/406 570/489/406 569/490/406
f 348/364/348 505/490/406 707/490/406 571/527/348
f 571/527/348 707/490/406 708/490/406 572/364/348
f 505/490/406 506/489/406 709/528/406 707/490/406
f 707/490/406 709/528/406 710/489/406 708/490/406
f 506/489/406 378/487/407 598/487/407 709/528/406
f 709/528/406 598/487/407 597/501/407 710/489/406
f 601/502/411 712/529/404 515/382/404 416/383/412
f 712/529/404 714/500/404 516/381/404 515/382/404
f 352/383/412 451/382/404 711/529/404 602/383/460
f 602/383/460 711/529/404 712/529/404 601/502/411
f 451/382/404 452/381/404 713/500/404 711/529/404
f 711/529/404 713/500/404 714/500/404 712/529/404
f 452/381/404 351/379/405 596/379/405 713/500/404
f 713/500/404 596/379/405 595/379/405 714/500/404
f 599/435/409 716/434/402 541/434/402 429/435/409
f 716/434/402 718/433/402 542/433/402 541/434/402
f 365/435/409 477/434/402 715/434/402 600/435/409
f 600/435/409 715/434/402 716/434/402 599/435/409
f 477/434/402 478/433/402 717/530/402 715/434/402
f 715/434/402 717/530/402 718/433/402 716/434/402
f 478/433/402 364/431/403 594/499/403 717/530/402
f 717/530/402 594/499/403 593/499/403 718/433/402
f 597/501/407 720/486/400 567/486/400 442/487/407
f 720/486/400 722/497/400 568/485/400 567/486/400
f 378/487/407 503/486/400 719/486/400 598/487/407
f 598/487/407 719/486/400 720/486/400 597/501/407
f 503/486/400 504/485/400 721/497/400 719/486/400
f 719/486/400 721/497/400 722/497/400 720/486/400
f 504/485/400 377/483/401 592/498/401 721/497/400
f 595/379/405 724/531/397 513/378/397 415/379/405
f 724/531/397 726/496/397 514/377/397 513/378/397
f 351/379/405 449/378/397 723/531/397 596/379/405
f 596/379/405 723/531/397 724/531/397 595/379/405
f 449/378/397 450/377/397 725/496/397 723/531/397
f 723/531/397 725/496/397 726/496/397 724/531/397
f 450/377/397 350/375/399 590/375/461 725/496/397
f 725/496/397 590/375/461 589/375/398 726/496/397
f 593/499/403 728/430/395 539/430/395 428/431/403
f 728/430/395 730/429/395 540/429/395 539/430/395
f 364/431/403 475/430/395 727/532/395 594/499/403
f 594/499/403 727/532/395 728/430/395 593/499/403
f 475/430/395 476/429/395 729/533/395 727/532/395
f 727/532/395 729/533/395 730/429/395 728/430/395
f 476/429/395 363/427/396 588/495/396 729/533/395
f 591/498/401 732/534/393 565/482/393 441/483/401
f 732/534/393 734/481/393 566/481/393 565/482/393
f 377/483/401 501/482/393 731/534/393 592/498/401
f 501/482/393 502/481/393 733/535/393 731/534/393
f 502/481/393 376/479/394 586/479/394 733/535/393
f 589/375/398 736/374/391 511/374/391 414/375/399
f 736/374/391 738/373/391 512/373/391 511/374/391
f 350/375/399 447/374/391 735/374/391 590/375/461
f 447/374/391 448/373/391 737/536/391 735/374/391
f 448/373/391 349/371/392 584/371/392 737/536/391
f 587/495/396 740/426/389 537/426/389 427/427/396
f 740/426/389 742/425/389 538/425/389 537/426/389
f 363/427/396 473/426/389 739/426/389 588/495/396
f 473/426/389 474/425/389 741/425/389 739/426/389
f 474/425/389 362/423/390 582/423/390 741/425/389
f 585/494/394 744/537/387 563/478/387 440/479/394
f 744/537/387 746/477/387 564/477/387 563/478/387
f 376/479/394 499/478/387 743/537/387 586/479/394
f 499/478/387 500/477/387 745/538/387 743/537/387
f 500/477/387 375/475/388 578/539/388 745/538/387
f 583/493/392 748/370/385 509/370/385 413/371/392
f 748/370/385 750/369/385 510/369/385 509/370/385
f 349/371/392 445/370/385 747/370/385 584/371/392
f 445/370/385 446/369/385 749/540/385 747/370/385
f 446/369/385 347/366/386 574/541/386 749/540/385
f 581/423/390 752/422/383 535/422/383 426/423/390
f 752/422/383 754/421/383 536/421/383 535/422/383
f 362/423/390 471/422/383 751/422/383 582/423/390
f 471/422/383 472/421/383 753/421/383 751/422/383
f 472/421/383 361/419/384 579/419/384 753/421/383
f 577/492/388 756/474/381 561/474/381 439/475/388
f 756/474/381 758/473/381 562/473/381 561/474/381
f 375/475/388 497/474/381 755/474/381 578/539/388
f 497/474/381 498/473/381 757/542/381 755/474/381
f 755/474/381 757/542/381 758/473/381 756/474/381
f 498/473/381 374/471/382 575/471/382 757/542/381
f 757/542/381 575/471/382 576/471/382 758/473/381
f 573/491/386 760/365/347 507/365/347 411/366/386
f 760/365/347 762/363/347 508/363/347 507/365/347
f 347/366/386 443/365/347 759/365/347 574/541/386
f 443/365/347 444/363/347 761/363/347 759/365/347
f 444/363/347 348/364/348 571/527/348 761/363/347
f 761/363/347 571/527/348 572/364/348 762/363/347
f 826/543/462 794/360/346 763/362/281 795/214/463
f 825/544/464 793/358/342 794/360/346 826/543/462
f 824/545/465 792/356/340 793/358/342 825/544/464
f 823/546/466 791/354/338 792/356/340 824/545/465
f 822/547/467 790/352/336 791/354/338 823/546/466
f 821/548/468 789/350/334 790/352/336 822/547/467
f 820/549/469 788/348/332 789/350/334 821/548/468
f 819/550/470 787/346/330 788/348/332 820/549/469
f 818/551/471 786/344/328 787/346/330 819/550/470
f 817/552/472 785/342/326 786/344/328 818/551/471
f 816/553/473 784/340/324 785/342/326 817/552/472
f 815/554/474 783/338/322 784/340/324 816/553/473
f 814/555/475 782/336/320 783/338/322 815/554/474
f 813/556/476 781/334/318 782/336/320 814/555/475
f 812/557/477 780/332/316 781/334/318 813/556/476
f 811/558/478 779/330/314 780/332/316 812/557/477
f 810/68/479 778/328/312 779/330/314 811/558/478
f 809/63/480 777/326/310 778/328/312 810/68/479
f 808/51/481 776/324/308 777/326/310 809/63/480
f 807/45/482 775/322/306 776/324/308 808/51/481
f 806/31/483 774/320/304 775/322/306 807/45/482
f 805/26/484 773/318/302 774/320/304 806/31/483
f 804/14/485 772/316/300 773/318/302 805/26/484
f 803/13/486 771/314/298 772/316/300 804/14/485
f 802/559/487 770/312/296 771/314/298 803/13/486
f 801/560/488 769/310/294 770/312/296 802/559/487
f 800/561/489 768/308/292 769/310/294 801/560/488
f 799/562/490 767/306/290 768/308/292 800/561/489
f 798/563/491 766/304/288 767/306/290 799/562/490
f 797/564/492 765/302/286 766/304/288 798/563/491
f 796/565/493 764/300/284 765/302/286 797/564/492
f 795/230/463 763/297/281 764/300/284 796/565/493
f 828/566/494 827/567/494 795/568/494 796/569/494
f 829/570/494 828/566/494 796/569/494 797/571/494
f 830/572/494 829/570/494 797/571/494 798/573/494
f 831/574/494 830/572/494 798/573/494 799/575/494
f 832/576/494 831/574/494 799/575/494 800/577/494
f 833/578/494 832/576/494 800/577/494 801/579/494
f 834/580/494 833/578/494 801/579/494 802/581/494
f 835/582/494 834/580/494 802/581/494 803/583/494
f 836/584/494 835/582/494 803/583/494 804/585/494
f 837/586/494 836/584/494 804/585/494 805/587/494
f 838/588/494 837/586/494 805/587/494 806/589/494
f 839/590/494 838/588/494 806/589/494 807/591/494
f 840/592/494 839/590/494 807/591/494 808/593/494
f 841/594/494 840/592/494 808/593/494 809/595/494
f 842/596/494 841/594/494 809/595/494 810/597/494
f 843/598/494 842/596/494 810/597/494 811/599/494
f 844/600/494 843/598/494 811/599/494 812/601/494
f 845/602/494 844/600/494 812/601/494 813/603/494
f 846/604/494 845/602/494 813/603/494 814/605/494
f 847/606/494 846/604/494 814/605/494 815/607/494
f 848/608/494 847/606/494 815/607/494 816/609/494
f 849/610/494 848/608/494 816/609/494 817/611/494
f 850/612/494 849/610/494 817/611/494 818/613/494
f 851/614/494 850/612/494 818/613/494 819/615/494
f 852/616/494 851/614/494 819/615/494 820/617/494
f 853/618/494 852/616/494 820/617/494 821/619/494
f 854/620/494 853/618/494 821/619/494 822/621/494
f 855/622/494 854/620/494 822/621/494 823/623/494
f 856/624/494 855/622/494 823/623/494 824/625/494
f 857/626/494 856/624/494 824/625/494 825/627/494
f 858/628/494 857/626/494 825/627/494 826/629/494
f 827/567/494 858/628/494 826/629/494 795/568/494
f 829/570/495 830/572/496 894/572/496 893/570/495
f 855/622/497 856/624/481 920/624/481 919/622/497
f 876/630/477 875/631/478 939/631/478 940/630/477
f 863/632/494 862/633/494 830/572/494 831/574/494
f 828/566/477 829/570/495 893/570/495 892/566/477
f 875/631/478 874/634/479 938/634/479 939/631/478
f 827/567/478 828/566/477 892/566/477 891/567/478
f 853/618/484 854/620/498 918/620/498 917/618/484
f 874/634/479 873/635/499 937/635/499 938/634/479
f 852/616/485 853/618/484 917/618/484 916/616/485
f 873/635/499 872/636/481 936/636/481 937/635/499
f 871/637/494 870/638/494 838/588/494 839/590/494
f 851/614/486 852/616/485 916/616/485 915/614/486
f 872/636/481 871/637/497 935/637/497 936/636/481
f 850/612/487 851/614/486 915/614/486 914/612/487
f 849/610/488 850/612/487 914/612/487 913/610/488
f 870/638/498 869/639/484 933/639/484 934/638/498
f 863/632/482 831/574/482 895/574/482 927/632/482
f 848/608/489 849/610/488 913/610/488 912/608/489
f 879/640/494 878/641/494 846/604/494 847/606/494
f 869/639/484 868/642/485 932/642/485 933/639/484
f 830/572/500 862/633/500 926/633/500 894/572/500
f 847/606/501 848/608/489 912/608/489 911/606/501
f 868/642/485 867/643/486 931/643/486 932/642/485
f 887/644/502 855/622/502 919/622/502 951/644/502
f 867/643/486 866/645/487 930/645/487 931/643/486
f 854/620/475 886/646/475 950/646/475 918/620/475
f 887/644/494 886/646/494 854/620/494 855/622/494
f 845/602/503 846/604/504 910/604/504 909/602/503
f 866/645/487 865/647/488 929/647/488 930/645/487
f 844/600/493 845/602/503 909/602/503 908/600/493
f 865/647/488 864/648/489 928/648/489 929/647/488
f 285/649/494 283/650/494 859/651/494 860/652/494
f 287/653/494 285/649/494 860/652/494 861/654/494
f 289/655/494 287/653/494 861/654/494 862/633/494
f 291/656/494 289/655/494 862/633/494 863/632/494
f 293/657/494 291/656/494 863/632/494 864/648/494
f 295/658/494 293/657/494 864/648/494 865/647/494
f 297/659/494 295/658/494 865/647/494 866/645/494
f 299/660/494 297/659/494 866/645/494 867/643/494
f 301/661/494 299/660/494 867/643/494 868/642/494
f 303/662/494 301/661/494 868/642/494 869/639/494
f 305/663/494 303/662/494 869/639/494 870/638/494
f 307/664/494 305/663/494 870/638/494 871/637/494
f 309/665/494 307/664/494 871/637/494 872/636/494
f 311/666/494 309/665/494 872/636/494 873/635/494
f 313/667/494 311/666/494 873/635/494 874/634/494
f 315/668/494 313/667/494 874/634/494 875/631/494
f 317/669/494 315/668/494 875/631/494 876/630/494
f 319/670/494 317/669/494 876/630/494 877/671/494
f 321/672/494 319/670/494 877/671/494 878/641/494
f 323/673/494 321/672/494 878/641/494 879/640/494
f 325/674/494 323/673/494 879/640/494 880/675/494
f 327/676/494 325/674/494 880/675/494 881/677/494
f 329/678/494 327/676/494 881/677/494 882/679/494
f 331/680/494 329/678/494 882/679/494 883/681/494
f 333/682/494 331/680/494 883/681/494 884/683/494
f 335/684/494 333/682/494 884/683/494 885/685/494
f 337/686/494 335/684/494 885/685/494 886/646/494
f 339/687/494 337/686/494 886/646/494 887/644/494
f 341/688/494 339/687/494 887/644/494 888/689/494
f 343/690/494 341/688/494 888/689/494 889/691/494
f 345/692/494 343/690/494 889/691/494 890/693/494
f 283/650/494 345/692/494 890/693/494 859/651/494
f 924/652/494 923/651/494 891/567/494 892/566/494
f 925/654/494 924/652/494 892/566/494 893/570/494
f 926/633/494 925/654/494 893/570/494 894/572/494
f 928/648/494 927/632/494 895/574/494 896/576/494
f 929/647/494 928/648/494 896/576/494 897/578/494
f 930/645/494 929/647/494 897/578/494 898/580/494
f 931/643/494 930/645/494 898/580/494 899/582/494
f 932/642/494 931/643/494 899/582/494 900/584/494
f 933/639/494 932/642/494 900/584/494 901/586/494
f 934/638/494 933/639/494 901/586/494 902/588/494
f 936/636/494 935/637/494 903/590/494 904/592/494
f 937/635/494 936/636/494 904/592/494 905/594/494
f 938/634/494 937/635/494 905/594/494 906/596/494
f 939/631/494 938/634/494 906/596/494 907/598/494
f 940/630/494 939/631/494 907/598/494 908/600/494
f 941/671/494 940/630/494 908/600/494 909/602/494
f 942/641/494 941/671/494 909/602/494 910/604/494
f 944/675/494 943/640/494 911/606/494 912/608/494
f 945/677/494 944/675/494 912/608/494 913/610/494
f 946/679/494 945/677/494 913/610/494 914/612/494
f 947/681/494 946/679/494 914/612/494 915/614/494
f 948/683/494 947/681/494 915/614/494 916/616/494
f 949/685/494 948/683/494 916/616/494 917/618/494
f 950/646/494 949/685/494 917/618/494 918/620/494
f 952/689/494 951/644/494 919/622/494 920/624/494
f 953/691/494 952/689/494 920/624/494 921/626/494
f 954/693/494 953/691/494 921/626/494 922/628/494
f 923/651/494 954/693/494 922/628/494 891/567/494
f 838/588/505 870/638/505 934/638/505 902/588/505
f 877/671/476 876/630/477 940/630/477 941/671/476
f 856/624/481 857/626/480 921/626/480 920/624/481
f 871/637/474 839/590/474 903/590/474 935/637/474
f 878/641/496 877/671/476 941/671/476 942/641/496
f 857/626/480 858/628/479 922/628/479 921/626/480
f 831/574/506 832/576/473 896/576/473 895/574/506
f 858/628/479 827/567/478 891/567/478 922/628/479
f 832/576/473 833/578/472 897/578/472 896/576/473
f 880/675/473 879/640/506 943/640/506 944/675/473
f 833/578/472 834/580/471 898/580/471 897/578/472
f 881/677/472 880/675/473 944/675/473 945/677/472
f 834/580/471 835/582/470 899/582/470 898/580/471
f 882/679/471 881/677/472 945/677/472 946/679/471
f 835/582/470 836/584/469 900/584/469 899/582/470
f 883/681/470 882/679/471 946/679/471 947/681/470
f 836/584/469 837/586/468 901/586/468 900/584/469
f 884/683/469 883/681/470 947/681/470 948/683/469
f 837/586/468 838/588/507 902/588/507 901/586/468
f 846/604/483 878/641/483 942/641/483 910/604/483
f 885/685/468 884/683/469 948/683/469 949/685/468
f 879/640/466 847/606/466 911/606/466 943/640/466
f 886/646/507 885/685/468 949/685/468 950/646/507
f 860/652/493 859/651/463 923/651/463 924/652/493
f 839/590/508 840/592/465 904/592/465 903/590/508
f 861/654/492 860/652/493 924/652/493 925/654/492
f 840/592/465 841/594/464 905/594/464 904/592/465
f 888/689/465 887/644/508 951/644/508 952/689/465
f 862/633/504 861/654/492 925/654/492 926/633/504
f 841/594/464 842/596/462 906/596/462 905/594/464
f 889/691/464 888/689/465 952/689/465 953/691/464
f 842/596/462 843/598/463 907/598/463 906/596/462
f 890/693/462 889/691/464 953/691/464 954/693/462
f 864/648/489 863/632/501 927/632/501 928/648/489
f 843/598/463 844/600/493 908/600/493 907/598/463
f 859/651/463 890/693/462 954/693/462 923/651/463
f 958/367/486 956/368/486 1018/488/486 1016/484/486 1014/480/486 1012/476/486 1010/472/486 1008/468/486 1006/464/486 1004/460/486 1002/456/486 1000/452/486 998/448/486 996/444/486 994/440/486 992/436/486 990/432/486 988/428/486 986/424/486 984/420/486 982/416/486 980/412/486 978/408/486 976/404/486 974/400/486 972/396/486 970/392/486 968/388/486 966/384/486 964/380/486 962/376/486 960/372/486
f 955/568/470 957/569/470 959/571/470 961/573/470 963/575/470 965/577/470 967/579/470 969/581/470 971/583/470 973/585/470 975/587/470 977/589/470 979/591/470 981/593/470 983/595/470 985/597/470 987/599/470 989/601/470 991/603/470 993/605/470 995/607/470 997/609/470 999/611/470 1001/613/470 1003/615/470 1005/617/470 1007/619/470 1009/621/470 1011/623/470 1013/625/470 1015/627/470 1017/629/470
f 1022/13/6 1021/11/6 1029/12/6 1030/14/6
f 1030/14/16 1029/12/16 1037/25/16 1038/26/16
f 1038/26/20 1037/25/20 1045/30/20 1046/31/20
f 1046/31/31 1045/30/31 1053/44/31 1054/45/31
f 1054/45/35 1053/44/35 1061/50/35 1062/51/35
f 1062/51/571 1061/50/571 1070/62/571 1071/63/571
f 1071/63/50 1070/62/50 1078/67/50 1079/68/50
f 1079/68/62 1078/67/62 1086/80/62 1087/81/62
f 1087/81/66 1086/80/66 1094/85/66 1095/86/66
f 1095/86/590 1094/85/590 1102/97/590 1103/98/590
f 1103/98/81 1102/97/81 1110/102/81 1111/103/81
f 1111/103/92 1110/102/92 1118/115/92 1119/116/92
f 1119/116/606 1118/115/606 1126/120/606 1127/121/606
f 1127/121/613 1126/120/613 1134/132/613 1135/133/613
f 1135/133/622 1134/132/622 1142/144/622 1143/145/622
f 1143/145/625 1142/144/625 1150/149/625 1151/150/625
f 1151/150/134 1150/149/134 1158/162/134 1159/163/134
f 1049/40/651 1041/35/651 1278/35/651 1281/40/651
f 1183/182/660 1182/181/660 1190/191/660 1191/192/660
f 1199/197/674 1198/196/674 1206/208/674 1207/209/674
f 1207/209/677 1206/208/677 1214/213/677 1215/214/677
f 1215/230/194 1214/228/194 1222/229/194 1223/231/194
f 1271/286/252 1270/285/252 1021/11/252 1022/13/252
f 1030/14/730 1038/26/730 1046/31/730 1054/45/730 1062/51/730 1071/63/730 1079/68/730 1087/81/730 1095/86/730 1103/98/730 1111/103/730 1119/116/730 1127/121/730 1135/133/730 1143/145/730 1151/150/730 1159/163/730 1167/168/730 1175/178/730 1183/182/730 1191/192/730 1199/197/730 1207/209/730 1215/214/730 1223/231/730 1231/247/730 1239/252/730 1247/263/730 1255/268/730 1263/281/730 1271/286/730 1022/13/730
f 1460/183/808 1452/38/808 1572/38/808 1575/183/808
f 1331/40/853 1323/35/853 1560/35/853 1563/40/853
f 1312/14/730 1320/26/730 1328/31/730 1336/45/730 1344/51/730 1353/63/730 1361/68/730 1369/81/730 1377/86/730 1385/98/730 1393/103/730 1401/116/730 1409/121/730 1417/133/730 1425/145/730 1433/150/730 1441/163/730 1449/168/730 1457/178/730 1465/182/730 1473/192/730 1481/197/730 1489/209/730 1497/214/730 1505/231/730 1513/247/730 1521/252/730 1529/263/730 1537/268/730 1545/281/730 1553/286/730 1304/13/730
f 1345/264/925 1514/255/925 1579/255/925 1582/264/925
f 1388/107/926 1380/93/926 1566/93/926 1569/107/926
f 1607/183/934 1605/38/934 1625/38/934 1626/183/934
f 1588/40/935 1586/35/935 1623/35/935 1624/40/935
f 1584/14/730 1585/26/730 1587/31/730 1589/45/730 1590/51/730 1592/63/730 1593/68/730 1594/81/730 1595/86/730 1596/98/730 1597/103/730 1598/116/730 1599/121/730 1600/133/730 1601/145/730 1602/150/730 1603/163/730 1604/168/730 1606/178/730 1608/182/730 1609/192/730 1610/197/730 1611/209/730 1612/214/730 1613/231/730 1615/247/730 1618/252/730 1619/263/730 1620/268/730 1621/281/730 1622/286/730 1583/13/730
f 1591/264/746 1616/255/746 1628/255/746 1630/264/746
f 1790/183/974 1782/38/974 1902/38/974 1905/183/974
f 1661/40/1020 1653/35/1020 1890/35/1020 1893/40/1020
f 1642/14/730 1650/26/730 1658/31/730 1666/45/730 1674/51/730 1683/63/730 1691/68/730 1699/81/730 1707/86/730 1715/98/730 1723/103/730 1731/116/730 1739/121/730 1747/133/730 1755/145/730 1763/150/730 1771/163/730 1779/168/730 1787/178/730 1795/182/730 1803/192/730 1811/197/730 1819/209/730 1827/214/730 1835/231/730 1843/247/730 1851/252/730 1859/263/730 1867/268/730 1875/281/730 1883/286/730 1634/13/730
f 1675/264/925 1844/255/925 1909/255/925 1912/264/925
f 1718/107/1086 1710/93/1086 1896/93/1086 1899/107/1086
usemtl 材质.032
f 1/1/1 255/2/1 6/3/1 7/4/1
f 256/5/2 1/1/2 7/4/2 8/6/2
f 2/7/3 256/5/3 8/6/3 9/8/3
f 257/9/4 2/7/4 9/8/4 10/10/4
f 3/11/5 257/9/5 10/10/5 11/12/5
f 4/13/6 3/11/6 11/12/6 12/14/6
f 254/15/7 45/16/7 5/17/7
f 255/2/8 254/15/8 5/17/8 6/3/8
f 5/17/9 45/18/9 13/19/9
f 6/3/10 5/17/10 13/19/10 14/20/10
f 7/4/11 6/3/11 14/20/11 15/21/11
f 8/6/12 7/4/12 15/21/12 16/22/12
f 9/8/13 8/6/13 16/22/13 17/23/13
f 10/10/14 9/8/14 17/23/14 18/24/14
f 11/12/15 10/10/15 18/24/15 19/25/15
f 12/14/16 11/12/16 19/25/16 20/26/16
f 17/23/17 16/22/17 24/27/17 25/28/17
f 18/24/18 17/23/18 25/28/18 26/29/18
f 19/25/19 18/24/19 26/29/19 27/30/19
f 20/26/20 19/25/20 27/30/20 28/31/20
f 13/19/21 45/32/21 21/33/21
f 14/20/22 13/19/22 21/33/22 22/34/22
f 15/21/23 14/20/23 22/34/23 23/35/23
f 16/22/24 15/21/24 23/35/24 24/27/24
f 158/36/25 159/37/25 274/37/25 273/36/25
f 152/38/26 151/39/26 271/39/26 272/38/26
f 24/27/27 23/35/27 31/40/27 32/41/27
f 25/28/28 24/27/28 32/41/28 33/42/28
f 26/29/29 25/28/29 33/42/29 34/43/29
f 27/30/30 26/29/30 34/43/30 35/44/30
f 28/31/31 27/30/31 35/44/31 36/45/31
f 45/46/32 29/47/32 261/47/32 282/46/32
f 34/43/33 33/42/33 41/48/33 42/49/33
f 35/44/34 34/43/34 42/49/34 43/50/34
f 36/45/35 35/44/35 43/50/35 44/51/35
f 29/47/36 45/46/36 37/52/36
f 30/53/37 29/47/37 37/52/37 38/54/37
f 31/40/38 30/53/38 38/54/38 39/55/38
f 32/41/39 31/40/39 39/55/39 40/56/39
f 33/42/40 32/41/40 40/56/40 41/48/40
f 39/55/41 38/54/41 47/57/41 48/58/41
f 40/56/42 39/55/42 48/58/42 49/59/42
f 41/48/43 40/56/43 49/59/43 50/60/43
f 42/49/44 41/48/44 50/60/44 51/61/44
f 43/50/45 42/49/45 51/61/45 52/62/45
f 44/51/46 43/50/46 52/62/46 53/63/46
f 37/52/47 45/64/47 46/65/47
f 38/54/48 37/52/48 46/65/48 47/57/48
f 52/62/49 51/61/49 59/66/49 60/67/49
f 53/63/50 52/62/50 60/67/50 61/68/50
f 46/65/51 45/69/51 54/70/51
f 47/57/52 46/65/52 54/70/52 55/71/52
f 48/58/53 47/57/53 55/71/53 56/72/53
f 49/59/54 48/58/54 56/72/54 57/73/54
f 50/60/55 49/59/55 57/73/55 58/74/55
f 51/61/56 50/60/56 58/74/56 59/66/56
f 56/72/57 55/71/57 63/75/57 64/76/57
f 57/73/58 56/72/58 64/76/58 65/77/58
f 58/74/59 57/73/59 65/77/59 66/78/59
f 59/66/60 58/74/60 66/78/60 67/79/60
f 60/67/61 59/66/61 67/79/61 68/80/61
f 61/68/62 60/67/62 68/80/62 69/81/62
f 54/70/63 45/82/63 62/83/63
f 55/71/64 54/70/64 62/83/64 63/75/64
f 68/80/65 67/79/65 75/84/65 76/85/65
f 69/81/66 68/80/66 76/85/66 77/86/66
f 62/83/67 45/87/67 70/88/67
f 63/75/68 62/83/68 70/88/68 71/89/68
f 64/76/69 63/75/69 71/89/69 72/90/69
f 65/77/70 64/76/70 72/90/70 73/91/70
f 66/78/71 65/77/71 73/91/71 74/92/71
f 67/79/72 66/78/72 74/92/72 75/84/72
f 73/91/73 72/90/73 80/93/73 81/94/73
f 74/92/74 73/91/74 81/94/74 82/95/74
f 75/84/75 74/92/75 82/95/75 83/96/75
f 76/85/76 75/84/76 83/96/76 84/97/76
f 77/86/77 76/85/77 84/97/77 85/98/77
f 70/88/78 45/99/78 78/100/78
f 71/89/79 70/88/79 78/100/79 79/101/79
f 72/90/80 71/89/80 79/101/80 80/93/80
f 85/98/81 84/97/81 92/102/81 93/103/81
f 45/104/82 86/105/82 267/105/82 282/104/82
f 151/39/83 150/106/83 270/106/83 271/39/83
f 81/94/84 80/93/84 88/107/84 89/108/84
f 82/95/85 81/94/85 89/108/85 90/109/85
f 83/96/86 82/95/86 90/109/86 91/110/86
f 84/97/87 83/96/87 91/110/87 92/102/87
f 89/108/88 88/107/88 96/111/88 97/112/88
f 90/109/89 89/108/89 97/112/89 98/113/89
f 91/110/90 90/109/90 98/113/90 99/114/90
f 92/102/91 91/110/91 99/114/91 100/115/91
f 93/103/92 92/102/92 100/115/92 101/116/92
f 86/105/93 45/104/93 94/117/93
f 87/118/94 86/105/94 94/117/94 95/119/94
f 88/107/95 87/118/95 95/119/95 96/111/95
f 101/116/96 100/115/96 108/120/96 109/121/96
f 94/117/97 45/122/97 102/123/97
f 95/119/98 94/117/98 102/123/98 103/124/98
f 96/111/99 95/119/99 103/124/99 104/125/99
f 97/112/100 96/111/100 104/125/100 105/126/100
f 98/113/101 97/112/101 105/126/101 106/127/101
f 99/114/102 98/113/102 106/127/102 107/128/102
f 100/115/103 99/114/103 107/128/103 108/120/103
f 106/127/104 105/126/104 113/129/104 114/130/104
f 107/128/105 106/127/105 114/130/105 115/131/105
f 108/120/106 107/128/106 115/131/106 116/132/106
f 109/121/107 108/120/107 116/132/107 117/133/107
f 102/123/108 45/134/108 110/135/108
f 103/124/109 102/123/109 110/135/109 111/136/109
f 104/125/110 103/124/110 111/136/110 112/137/110
f 105/126/111 104/125/111 112/137/111 113/129/111
f 111/136/112 110/135/112 118/138/112 119/139/112
f 112/137/113 111/136/113 119/139/113 120/140/113
f 113/129/114 112/137/114 120/140/114 121/141/114
f 114/130/115 113/129/115 121/141/115 122/142/115
f 115/131/116 114/130/116 122/142/116 123/143/116
f 116/132/117 115/131/117 123/143/117 124/144/117
f 117/133/118 116/132/118 124/144/118 125/145/118
f 110/135/119 45/146/119 118/138/119
f 123/143/120 122/142/120 130/147/120 131/148/120
f 124/144/121 123/143/121 131/148/121 132/149/121
f 125/145/122 124/144/122 132/149/122 133/150/122
f 118/138/123 45/151/123 126/152/123
f 119/139/124 118/138/124 126/152/124 127/153/124
f 120/140/125 119/139/125 127/153/125 128/154/125
f 121/141/126 120/140/126 128/154/126 129/155/126
f 122/142/127 121/141/127 129/155/127 130/147/127
f 127/153/128 126/152/128 134/156/128 135/157/128
f 128/154/129 127/153/129 135/157/129 136/158/129
f 129/155/130 128/154/130 136/158/130 137/159/130
f 130/147/131 129/155/131 137/159/131 138/160/131
f 131/148/132 130/147/132 138/160/132 139/161/132
f 132/149/133 131/148/133 139/161/133 140/162/133
f 133/150/134 132/149/134 140/162/134 141/163/134
f 126/152/135 45/164/135 134/156/135
f 139/161/136 138/160/136 146/165/136 147/166/136
f 140/162/137 139/161/137 147/166/137 148/167/137
f 141/163/138 140/162/138 148/167/138 149/168/138
f 134/156/139 45/169/139 142/170/139
f 135/157/140 134/156/140 142/170/140 143/171/140
f 136/158/141 135/157/141 143/171/141 144/172/141
f 137/159/142 136/158/142 144/172/142 145/173/142
f 138/160/143 137/159/143 145/173/143 146/165/143
f 144/172/144 143/171/144 151/39/144 152/38/144
f 145/173/145 144/172/145 152/38/145 153/174/145
f 146/165/146 145/173/146 153/174/146 154/175/146
f 147/166/147 146/165/147 154/175/147 155/176/147
f 148/167/148 147/166/148 155/176/148 156/177/148
f 149/168/149 148/167/149 156/177/149 157/178/149
f 142/170/150 45/179/150 150/106/150
f 143/171/151 142/170/151 150/106/151 151/39/151
f 156/177/152 155/176/152 163/180/152 164/181/152
f 157/178/153 156/177/153 164/181/153 165/182/153
f 21/33/154 45/32/154 282/32/154 258/33/154
f 78/100/155 45/99/155 282/99/155 264/100/155
f 153/174/156 152/38/156 160/183/156 161/184/156
f 154/175/157 153/174/157 161/184/157 162/185/157
f 155/176/158 154/175/158 162/185/158 163/180/158
f 160/183/159 159/37/159 167/186/159 168/187/159
f 161/184/160 160/183/160 168/187/160 169/188/160
f 162/185/161 161/184/161 169/188/161 170/189/161
f 163/180/162 162/185/162 170/189/162 171/190/162
f 164/181/163 163/180/163 171/190/163 172/191/163
f 165/182/164 164/181/164 172/191/164 173/192/164
f 159/37/166 158/36/166 166/194/166 167/186/166
f 172/191/167 171/190/167 179/195/167 180/196/167
f 173/192/168 172/191/168 180/196/168 181/197/168
f 166/194/169 45/198/169 174/199/169
f 167/186/170 166/194/170 174/199/170 175/200/170
f 168/187/171 167/186/171 175/200/171 176/201/171
f 169/188/172 168/187/172 176/201/172 177/202/172
f 170/189/173 169/188/173 177/202/173 178/203/173
f 171/190/174 170/189/174 178/203/174 179/195/174
f 177/202/175 176/201/175 184/204/175 185/205/175
f 178/203/176 177/202/176 185/205/176 186/206/176
f 179/195/177 178/203/177 186/206/177 187/207/177
f 180/196/178 179/195/178 187/207/178 188/208/178
f 181/197/179 180/196/179 188/208/179 189/209/179
f 174/199/180 45/210/180 182/211/180
f 175/200/181 174/199/181 182/211/181 183/212/181
f 176/201/182 175/200/182 183/212/182 184/204/182
f 189/209/183 188/208/183 196/213/183 197/214/183
f 182/211/184 45/215/184 190/216/184
f 183/212/185 182/211/185 190/216/185 191/217/185
f 184/204/186 183/212/186 191/217/186 192/218/186
f 185/205/187 184/204/187 192/218/187 193/219/187
f 186/206/188 185/205/188 193/219/188 194/220/188
f 187/207/189 186/206/189 194/220/189 195/221/189
f 188/208/190 187/207/190 195/221/190 196/213/190
f 194/222/191 193/223/191 201/224/191 202/225/191
f 195/226/192 194/222/192 202/225/192 203/227/192
f 196/228/193 195/226/193 203/227/193 204/229/193
f 197/230/194 196/228/194 204/229/194 205/231/194
f 190/232/195 45/233/195 198/234/195
f 191/235/196 190/232/196 198/234/196 199/236/196
f 192/237/197 191/235/197 199/236/197 200/238/197
f 193/223/198 192/237/198 200/238/198 201/224/198
f 198/234/199 45/239/199 206/240/199
f 199/236/200 198/234/200 206/240/200 207/241/200
f 200/238/201 199/236/201 207/241/201 208/242/201
f 201/224/202 200/238/202 208/242/202 209/243/202
f 202/225/203 201/224/203 209/243/203 210/244/203
f 203/227/204 202/225/204 210/244/204 211/245/204
f 204/229/205 203/227/205 211/245/205 212/246/205
f 205/231/206 204/229/206 212/246/206 213/247/206
f 210/244/207 209/243/207 217/248/207 218/249/207
f 211/245/208 210/244/208 218/249/208 219/250/208
f 212/246/209 211/245/209 219/250/209 220/251/209
f 213/247/210 212/246/210 220/251/210 221/252/210
f 87/118/211 88/107/211 269/107/211 268/118/211
f 86/105/212 87/118/212 268/118/212 267/105/212
f 80/93/213 79/101/213 265/101/213 266/93/213
f 209/243/214 208/242/214 216/253/214 217/248/214
f 215/254/215 214/255/215 222/256/215 223/257/215
f 216/253/216 215/254/216 223/257/216 224/258/216
f 217/248/217 216/253/217 224/258/217 225/259/217
f 218/249/218 217/248/218 225/259/218 226/260/218
f 219/250/219 218/249/219 226/260/219 227/261/219
f 220/251/220 219/250/220 227/261/220 228/262/220
f 221/252/221 220/251/221 228/262/221 229/263/221
f 214/255/222 45/264/222 222/256/222
f 227/261/223 226/260/223 234/265/223 235/266/223
f 228/262/224 227/261/224 235/266/224 236/267/224
f 229/263/225 228/262/225 236/267/225 237/268/225
f 222/256/226 45/269/226 230/270/226
f 223/257/227 222/256/227 230/270/227 231/271/227
f 224/258/228 223/257/228 231/271/228 232/272/228
f 225/259/229 224/258/229 232/272/229 233/273/229
f 226/260/230 225/259/230 233/273/230 234/265/230
f 231/271/231 230/270/231 238/274/231 239/275/231
f 232/272/232 231/271/232 239/275/232 240/276/232
f 233/273/233 232/272/233 240/276/233 241/277/233
f 234/265/234 233/273/234 241/277/234 242/278/234
f 235/266/235 234/265/235 242/278/235 243/279/235
f 236/267/236 235/266/236 243/279/236 244/280/236
f 237/268/237 236/267/237 244/280/237 245/281/237
f 230/270/238 45/282/238 238/274/238
f 243/279/239 242/278/239 250/283/239 251/284/239
f 244/280/240 243/279/240 251/284/240 252/285/240
f 245/281/241 244/280/241 252/285/241 253/286/241
f 238/274/242 45/287/242 246/288/242
f 239/275/243 238/274/243 246/288/243 247/289/243
f 240/276/244 239/275/244 247/289/244 248/290/244
f 241/277/245 240/276/245 248/290/245 249/291/245
f 242/278/246 241/277/246 249/291/246 250/283/246
f 248/290/247 247/289/247 255/2/247 1/1/247
f 249/291/248 248/290/248 1/1/248 256/5/248
f 250/283/249 249/291/249 256/5/249 2/7/249
f 251/284/250 250/283/250 2/7/250 257/9/250
f 252/285/251 251/284/251 257/9/251 3/11/251
f 253/286/252 252/285/252 3/11/252 4/13/252
f 246/288/253 45/292/253 254/15/253
f 247/289/254 246/288/254 254/15/254 255/2/254
f 259/34/255 258/33/255 261/47/255 262/53/255
f 260/35/256 259/34/256 262/53/256 263/40/256
f 258/33/257 282/293/257 261/47/257
f 264/100/258 282/294/258 267/105/258
f 265/101/259 264/100/259 267/105/259 268/118/259
f 266/93/260 265/101/260 268/118/260 269/107/260
f 270/106/261 282/295/261 273/36/261
f 271/39/262 270/106/262 273/36/262 274/37/262
f 272/38/263 271/39/263 274/37/263 275/183/263
f 276/240/264 282/296/264 279/255/264
f 277/241/265 276/240/265 279/255/265 280/254/265
f 278/242/266 277/241/266 280/254/266 281/253/266
f 206/240/267 45/239/267 282/239/267 276/240/267
f 150/106/268 45/179/268 282/179/268 270/106/268
f 207/241/269 206/240/269 276/240/269 277/241/269
f 159/37/270 160/183/270 275/183/270 274/37/270
f 22/34/271 21/33/271 258/33/271 259/34/271
f 208/242/272 207/241/272 277/241/272 278/242/272
f 45/193/274 158/36/274 273/36/274 282/193/274
f 23/35/275 22/34/275 259/34/275 260/35/275
f 214/255/276 215/254/276 280/254/276 279/255/276
f 29/47/277 30/53/277 262/53/277 261/47/277
f 215/254/278 216/253/278 281/253/278 280/254/278
f 79/101/279 78/100/279 264/100/279 265/101/279
f 30/53/280 31/40/280 263/40/280 262/53/280
f 1019/1/541 1273/2/541 1024/3/541 1025/4/541
f 1274/5/542 1019/1/542 1025/4/542 1026/6/542
f 1020/7/3 1274/5/3 1026/6/3 1027/8/3
f 1275/9/4 1020/7/4 1027/8/4 1028/10/4
f 1021/11/5 1275/9/5 1028/10/5 1029/12/5
f 1272/15/7 1063/16/7 1023/17/7
f 1273/2/8 1272/15/8 1023/17/8 1024/3/8
f 1023/17/543 1063/18/543 1031/19/543
f 1024/3/544 1023/17/544 1031/19/544 1032/20/544
f 1025/4/545 1024/3/545 1032/20/545 1033/21/545
f 1026/6/546 1025/4/546 1033/21/546 1034/22/546
f 1027/8/547 1026/6/547 1034/22/547 1035/23/547
f 1028/10/548 1027/8/548 1035/23/548 1036/24/548
f 1029/12/549 1028/10/549 1036/24/549 1037/25/549
f 1035/23/550 1034/22/550 1042/27/550 1043/28/550
f 1036/24/551 1035/23/551 1043/28/551 1044/29/551
f 1037/25/552 1036/24/552 1044/29/552 1045/30/552
f 1031/19/553 1063/32/553 1039/33/553
f 1032/20/554 1031/19/554 1039/33/554 1040/34/554
f 1033/21/555 1032/20/555 1040/34/555 1041/35/555
f 1034/22/24 1033/21/24 1041/35/24 1042/27/24
f 1176/36/556 1177/37/556 1292/37/556 1291/36/556
f 1170/38/557 1169/39/557 1289/39/557 1290/38/557
f 1042/27/558 1041/35/558 1049/40/558 1050/41/558
f 1043/28/559 1042/27/559 1050/41/559 1051/42/559
f 1044/29/560 1043/28/560 1051/42/560 1052/43/560
f 1045/30/30 1044/29/30 1052/43/30 1053/44/30
f 1063/46/561 1047/47/561 1279/47/561 1300/46/561
f 1052/43/562 1051/42/562 1059/48/562 1060/49/562
f 1053/44/563 1052/43/563 1060/49/563 1061/50/563
f 1047/47/564 1063/46/564 1055/52/564
f 1048/53/565 1047/47/565 1055/52/565 1056/54/565
f 1049/40/566 1048/53/566 1056/54/566 1057/55/566
f 1050/41/39 1049/40/39 1057/55/39 1058/56/39
f 1051/42/40 1050/41/40 1058/56/40 1059/48/40
f 1057/55/567 1056/54/567 1065/57/567 1066/58/567
f 1058/56/568 1057/55/568 1066/58/568 1067/59/568
f 1059/48/569 1058/56/569 1067/59/569 1068/60/569
f 1060/49/570 1059/48/570 1068/60/570 1069/61/570
f 1061/50/45 1060/49/45 1069/61/45 1070/62/45
f 1055/52/47 1063/64/47 1064/65/47
f 1056/54/572 1055/52/572 1064/65/572 1065/57/572
f 1070/62/49 1069/61/49 1077/66/49 1078/67/49
f 1064/65/573 1063/69/573 1072/70/573
f 1065/57/574 1064/65/574 1072/70/574 1073/71/574
f 1066/58/575 1065/57/575 1073/71/575 1074/72/575
f 1067/59/576 1066/58/576 1074/72/576 1075/73/576
f 1068/60/577 1067/59/577 1075/73/577 1076/74/577
f 1069/61/578 1068/60/578 1076/74/578 1077/66/578
f 1074/72/57 1073/71/57 1081/75/57 1082/76/57
f 1075/73/58 1074/72/58 1082/76/58 1083/77/58
f 1076/74/579 1075/73/579 1083/77/579 1084/78/579
f 1077/66/580 1076/74/580 1084/78/580 1085/79/580
f 1078/67/581 1077/66/581 1085/79/581 1086/80/581
f 1072/70/582 1063/82/582 1080/83/582
f 1073/71/583 1072/70/583 1080/83/583 1081/75/583
f 1086/80/584 1085/79/584 1093/84/584 1094/85/584
f 1080/83/585 1063/87/585 1088/88/585
f 1081/75/586 1080/83/586 1088/88/586 1089/89/586
f 1082/76/587 1081/75/587 1089/89/587 1090/90/587
f 1083/77/588 1082/76/588 1090/90/588 1091/91/588
f 1084/78/71 1083/77/71 1091/91/71 1092/92/71
f 1085/79/72 1084/78/72 1092/92/72 1093/84/72
f 1091/91/73 1090/90/73 1098/93/73 1099/94/73
f 1092/92/74 1091/91/74 1099/94/74 1100/95/74
f 1093/84/75 1092/92/75 1100/95/75 1101/96/75
f 1094/85/589 1093/84/589 1101/96/589 1102/97/589
f 1088/88/591 1063/99/591 1096/100/591
f 1089/89/592 1088/88/592 1096/100/592 1097/101/592
f 1090/90/593 1089/89/593 1097/101/593 1098/93/593
f 1178/183/594 1170/38/594 1290/38/594 1293/183/594
f 1063/104/595 1104/105/595 1285/105/595 1300/104/595
f 1169/39/596 1168/106/596 1288/106/596 1289/39/596
f 1099/94/597 1098/93/597 1106/107/597 1107/108/597
f 1100/95/598 1099/94/598 1107/108/598 1108/109/598
f 1101/96/599 1100/95/599 1108/109/599 1109/110/599
f 1102/97/600 1101/96/600 1109/110/600 1110/102/600
f 1107/108/601 1106/107/601 1114/111/601 1115/112/601
f 1108/109/602 1107/108/602 1115/112/602 1116/113/602
f 1109/110/603 1108/109/603 1116/113/603 1117/114/603
f 1110/102/91 1109/110/91 1117/114/91 1118/115/91
f 1104/105/604 1063/104/604 1112/117/604
f 1105/118/605 1104/105/605 1112/117/605 1113/119/605
f 1106/107/95 1105/118/95 1113/119/95 1114/111/95
f 1112/117/607 1063/122/607 1120/123/607
f 1113/119/608 1112/117/608 1120/123/608 1121/124/608
f 1114/111/609 1113/119/609 1121/124/609 1122/125/609
f 1115/112/610 1114/111/610 1122/125/610 1123/126/610
f 1116/113/101 1115/112/101 1123/126/101 1124/127/101
f 1117/114/102 1116/113/102 1124/127/102 1125/128/102
f 1118/115/611 1117/114/611 1125/128/611 1126/120/611
f 1124/127/104 1123/126/104 1131/129/104 1132/130/104
f 1125/128/612 1124/127/612 1132/130/612 1133/131/612
f 1126/120/106 1125/128/106 1133/131/106 1134/132/106
f 1120/123/614 1063/134/614 1128/135/614
f 1121/124/615 1120/123/615 1128/135/615 1129/136/615
f 1122/125/616 1121/124/616 1129/136/616 1130/137/616
f 1123/126/617 1122/125/617 1130/137/617 1131/129/617
f 1129/136/618 1128/135/618 1136/138/618 1137/139/618
f 1130/137/619 1129/136/619 1137/139/619 1138/140/619
f 1131/129/620 1130/137/620 1138/140/620 1139/141/620
f 1132/130/621 1131/129/621 1139/141/621 1140/142/621
f 1133/131/116 1132/130/116 1140/142/116 1141/143/116
f 1134/132/117 1133/131/117 1141/143/117 1142/144/117
f 1128/135/623 1063/146/623 1136/138/623
f 1141/143/624 1140/142/624 1148/147/624 1149/148/624
f 1142/144/121 1141/143/121 1149/148/121 1150/149/121
f 1136/138/123 1063/151/123 1144/152/123
f 1137/139/626 1136/138/626 1144/152/626 1145/153/626
f 1138/140/627 1137/139/627 1145/153/627 1146/154/627
f 1139/141/126 1138/140/126 1146/154/126 1147/155/126
f 1140/142/628 1139/141/628 1147/155/628 1148/147/628
f 1145/153/629 1144/152/629 1152/156/629 1153/157/629
f 1146/154/129 1145/153/129 1153/157/129 1154/158/129
f 1147/155/630 1146/154/630 1154/158/630 1155/159/630
f 1148/147/631 1147/155/631 1155/159/631 1156/160/631
f 1149/148/632 1148/147/632 1156/160/632 1157/161/632
f 1150/149/633 1149/148/633 1157/161/633 1158/162/633
f 1144/152/634 1063/164/634 1152/156/634
f 1157/161/635 1156/160/635 1164/165/635 1165/166/635
f 1158/162/137 1157/161/137 1165/166/137 1166/167/137
f 1159/163/636 1158/162/636 1166/167/636 1167/168/636
f 1152/156/637 1063/169/637 1160/170/637
f 1153/157/638 1152/156/638 1160/170/638 1161/171/638
f 1154/158/639 1153/157/639 1161/171/639 1162/172/639
f 1155/159/640 1154/158/640 1162/172/640 1163/173/640
f 1156/160/143 1155/159/143 1163/173/143 1164/165/143
f 1162/172/641 1161/171/641 1169/39/641 1170/38/641
f 1163/173/145 1162/172/145 1170/38/145 1171/174/145
f 1164/165/642 1163/173/642 1171/174/642 1172/175/642
f 1165/166/643 1164/165/643 1172/175/643 1173/176/643
f 1166/167/644 1165/166/644 1173/176/644 1174/177/644
f 1167/168/645 1166/167/645 1174/177/645 1175/178/645
f 1160/170/646 1063/179/646 1168/106/646
f 1161/171/647 1160/170/647 1168/106/647 1169/39/647
f 1174/177/648 1173/176/648 1181/180/648 1182/181/648
f 1175/178/649 1174/177/649 1182/181/649 1183/182/649
f 1039/33/650 1063/32/650 1300/32/650 1276/33/650
f 1096/100/652 1063/99/652 1300/99/652 1282/100/652
f 1171/174/653 1170/38/653 1178/183/653 1179/184/653
f 1172/175/654 1171/174/654 1179/184/654 1180/185/654
f 1173/176/655 1172/175/655 1180/185/655 1181/180/655
f 1178/183/656 1177/37/656 1185/186/656 1186/187/656
f 1179/184/657 1178/183/657 1186/187/657 1187/188/657
f 1180/185/658 1179/184/658 1187/188/658 1188/189/658
f 1181/180/659 1180/185/659 1188/189/659 1189/190/659
f 1182/181/163 1181/180/163 1189/190/163 1190/191/163
f 1176/36/661 1063/193/661 1184/194/661
f 1177/37/662 1176/36/662 1184/194/662 1185/186/662
f 1190/191/663 1189/190/663 1197/195/663 1198/196/663
f 1191/192/664 1190/191/664 1198/196/664 1199/197/664
f 1184/194/169 1063/198/169 1192/199/169
f 1185/186/665 1184/194/665 1192/199/665 1193/200/665
f 1186/187/666 1185/186/666 1193/200/666 1194/201/666
f 1187/188/667 1186/187/667 1194/201/667 1195/202/667
f 1188/189/668 1187/188/668 1195/202/668 1196/203/668
f 1189/190/669 1188/189/669 1196/203/669 1197/195/669
f 1195/202/670 1194/201/670 1202/204/670 1203/205/670
f 1196/203/671 1195/202/671 1203/205/671 1204/206/671
f 1197/195/672 1196/203/672 1204/206/672 1205/207/672
f 1198/196/673 1197/195/673 1205/207/673 1206/208/673
f 1192/199/675 1063/210/675 1200/211/675
f 1193/200/676 1192/199/676 1200/211/676 1201/212/676
f 1194/201/182 1193/200/182 1201/212/182 1202/204/182
f 1200/211/184 1063/215/184 1208/216/184
f 1201/212/678 1200/211/678 1208/216/678 1209/217/678
f 1202/204/679 1201/212/679 1209/217/679 1210/218/679
f 1203/205/680 1202/204/680 1210/218/680 1211/219/680
f 1204/206/681 1203/205/681 1211/219/681 1212/220/681
f 1205/207/189 1204/206/189 1212/220/189 1213/221/189
f 1206/208/682 1205/207/682 1213/221/682 1214/213/682
f 1212/222/683 1211/223/683 1219/224/683 1220/225/683
f 1213/226/684 1212/222/684 1220/225/684 1221/227/684
f 1214/228/193 1213/226/193 1221/227/193 1222/229/193
f 1208/232/685 1063/233/685 1216/234/685
f 1209/235/686 1208/232/686 1216/234/686 1217/236/686
f 1210/237/687 1209/235/687 1217/236/687 1218/238/687
f 1211/223/198 1210/237/198 1218/238/198 1219/224/198
f 1216/234/688 1063/239/688 1224/240/688
f 1217/236/689 1216/234/689 1224/240/689 1225/241/689
f 1218/238/690 1217/236/690 1225/241/690 1226/242/690
f 1219/224/691 1218/238/691 1226/242/691 1227/243/691
f 1220/225/692 1219/224/692 1227/243/692 1228/244/692
f 1221/227/693 1220/225/693 1228/244/693 1229/245/693
f 1222/229/694 1221/227/694 1229/245/694 1230/246/694
f 1223/231/206 1222/229/206 1230/246/206 1231/247/206
f 1228/244/207 1227/243/207 1235/248/207 1236/249/207
f 1229/245/695 1228/244/695 1236/249/695 1237/250/695
f 1230/246/209 1229/245/209 1237/250/209 1238/251/209
f 1231/247/696 1230/246/696 1238/251/696 1239/252/696
f 1105/118/697 1106/107/697 1287/107/697 1286/118/697
f 1104/105/698 1105/118/698 1286/118/698 1285/105/698
f 1098/93/699 1097/101/699 1283/101/699 1284/93/699
f 1227/243/700 1226/242/700 1234/253/700 1235/248/700
f 1233/254/701 1232/255/701 1240/256/701 1241/257/701
f 1234/253/702 1233/254/702 1241/257/702 1242/258/702
f 1235/248/217 1234/253/217 1242/258/217 1243/259/217
f 1236/249/703 1235/248/703 1243/259/703 1244/260/703
f 1237/250/219 1236/249/219 1244/260/219 1245/261/219
f 1238/251/220 1237/250/220 1245/261/220 1246/262/220
f 1239/252/704 1238/251/704 1246/262/704 1247/263/704
f 1232/255/705 1063/264/705 1240/256/705
f 1245/261/706 1244/260/706 1252/265/706 1253/266/706
f 1246/262/707 1245/261/707 1253/266/707 1254/267/707
f 1247/263/225 1246/262/225 1254/267/225 1255/268/225
f 1240/256/708 1063/269/708 1248/270/708
f 1241/257/709 1240/256/709 1248/270/709 1249/271/709
f 1242/258/710 1241/257/710 1249/271/710 1250/272/710
f 1243/259/229 1242/258/229 1250/272/229 1251/273/229
f 1244/260/711 1243/259/711 1251/273/711 1252/265/711
f 1249/271/712 1248/270/712 1256/274/712 1257/275/712
f 1250/272/232 1249/271/232 1257/275/232 1258/276/232
f 1251/273/713 1250/272/713 1258/276/713 1259/277/713
f 1252/265/714 1251/273/714 1259/277/714 1260/278/714
f 1253/266/715 1252/265/715 1260/278/715 1261/279/715
f 1254/267/236 1253/266/236 1261/279/236 1262/280/236
f 1255/268/237 1254/267/237 1262/280/237 1263/281/237
f 1248/270/716 1063/282/716 1256/274/716
f 1261/279/717 1260/278/717 1268/283/717 1269/284/717
f 1262/280/718 1261/279/718 1269/284/718 1270/285/718
f 1263/281/241 1262/280/241 1270/285/241 1271/286/241
f 1256/274/719 1063/287/719 1264/288/719
f 1257/275/720 1256/274/720 1264/288/720 1265/289/720
f 1258/276/721 1257/275/721 1265/289/721 1266/290/721
f 1259/277/722 1258/276/722 1266/290/722 1267/291/722
f 1260/278/723 1259/277/723 1267/291/723 1268/283/723
f 1266/290/724 1265/289/724 1273/2/724 1019/1/724
f 1267/291/725 1266/290/725 1019/1/725 1274/5/725
f 1268/283/726 1267/291/726 1274/5/726 1020/7/726
f 1269/284/727 1268/283/727 1020/7/727 1275/9/727
f 1270/285/728 1269/284/728 1275/9/728 1021/11/728
f 1264/288/729 1063/292/729 1272/15/729
f 1265/289/731 1264/288/731 1272/15/731 1273/2/731
f 1277/34/732 1276/33/732 1279/47/732 1280/53/732
f 1278/35/733 1277/34/733 1280/53/733 1281/40/733
f 1276/33/734 1300/293/734 1279/47/734
f 1282/100/735 1300/294/735 1285/105/735
f 1283/101/736 1282/100/736 1285/105/736 1286/118/736
f 1284/93/737 1283/101/737 1286/118/737 1287/107/737
f 1288/106/738 1300/295/738 1291/36/738
f 1289/39/262 1288/106/262 1291/36/262 1292/37/262
f 1290/38/263 1289/39/263 1292/37/263 1293/183/263
f 1294/240/739 1300/296/739 1297/255/739
f 1295/241/740 1294/240/740 1297/255/740 1298/254/740
f 1296/242/266 1295/241/266 1298/254/266 1299/253/266
f 1224/240/741 1063/239/741 1300/239/741 1294/240/741
f 1168/106/742 1063/179/742 1300/179/742 1288/106/742
f 1225/241/269 1224/240/269 1294/240/269 1295/241/269
f 1177/37/743 1178/183/743 1293/183/743 1292/37/743
f 1040/34/744 1039/33/744 1276/33/744 1277/34/744
f 1226/242/745 1225/241/745 1295/241/745 1296/242/745
f 1063/264/746 1232/255/746 1297/255/746 1300/264/746
f 1106/107/747 1098/93/747 1284/93/747 1287/107/747
f 1063/193/748 1176/36/748 1291/36/748 1300/193/748
f 1041/35/749 1040/34/749 1277/34/749 1278/35/749
f 1232/255/750 1233/254/750 1298/254/750 1297/255/750
f 1234/253/751 1226/242/751 1296/242/751 1299/253/751
f 1047/47/752 1048/53/752 1280/53/752 1279/47/752
f 1233/254/753 1234/253/753 1299/253/753 1298/254/753
f 1097/101/754 1096/100/754 1282/100/754 1283/101/754
f 1048/53/755 1049/40/755 1281/40/755 1280/53/755
f 1301/1/756 1555/2/756 1306/3/756 1307/4/756
f 1556/5/2 1301/1/2 1307/4/2 1308/6/2
f 1302/7/757 1556/5/757 1308/6/757 1309/8/757
f 1557/9/758 1302/7/758 1309/8/758 1310/10/758
f 1303/11/759 1557/9/759 1310/10/759 1311/12/759
f 1304/13/6 1303/11/6 1311/12/6 1312/14/6
f 1554/15/760 1345/16/760 1305/17/760
f 1555/2/761 1554/15/761 1305/17/761 1306/3/761
f 1305/17/762 1345/18/762 1313/19/762
f 1306/3/763 1305/17/763 1313/19/763 1314/20/763
f 1307/4/764 1306/3/764 1314/20/764 1315/21/764
f 1308/6/546 1307/4/546 1315/21/546 1316/22/546
f 1309/8/13 1308/6/13 1316/22/13 1317/23/13
f 1310/10/14 1309/8/14 1317/23/14 1318/24/14
f 1311/12/549 1310/10/549 1318/24/549 1319/25/549
f 1312/14/765 1311/12/765 1319/25/765 1320/26/765
f 1317/23/766 1316/22/766 1324/27/766 1325/28/766
f 1318/24/767 1317/23/767 1325/28/767 1326/29/767
f 1319/25/19 1318/24/19 1326/29/19 1327/30/19
f 1320/26/768 1319/25/768 1327/30/768 1328/31/768
f 1313/19/769 1345/32/769 1321/33/769
f 1314/20/770 1313/19/770 1321/33/770 1322/34/770
f 1315/21/771 1314/20/771 1322/34/771 1323/35/771
f 1316/22/24 1315/21/24 1323/35/24 1324/27/24
f 1458/36/772 1459/37/772 1574/37/772 1573/36/772
f 1452/38/26 1451/39/26 1571/39/26 1572/38/26
f 1324/27/558 1323/35/558 1331/40/558 1332/41/558
f 1325/28/559 1324/27/559 1332/41/559 1333/42/559
f 1326/29/773 1325/28/773 1333/42/773 1334/43/773
f 1327/30/30 1326/29/30 1334/43/30 1335/44/30
f 1328/31/774 1327/30/774 1335/44/774 1336/45/774
f 1345/46/775 1329/47/775 1561/47/775 1582/46/775
f 1334/43/776 1333/42/776 1341/48/776 1342/49/776
f 1335/44/563 1334/43/563 1342/49/563 1343/50/563
f 1336/45/777 1335/44/777 1343/50/777 1344/51/777
f 1329/47/778 1345/46/778 1337/52/778
f 1330/53/779 1329/47/779 1337/52/779 1338/54/779
f 1331/40/780 1330/53/780 1338/54/780 1339/55/780
f 1332/41/39 1331/40/39 1339/55/39 1340/56/39
f 1333/42/40 1332/41/40 1340/56/40 1341/48/40
f 1339/55/781 1338/54/781 1347/57/781 1348/58/781
f 1340/56/42 1339/55/42 1348/58/42 1349/59/42
f 1341/48/782 1340/56/782 1349/59/782 1350/60/782
f 1342/49/783 1341/48/783 1350/60/783 1351/61/783
f 1343/50/45 1342/49/45 1351/61/45 1352/62/45
f 1344/51/784 1343/50/784 1352/62/784 1353/63/784
f 1337/52/47 1345/64/47 1346/65/47
f 1338/54/785 1337/52/785 1346/65/785 1347/57/785
f 1352/62/786 1351/61/786 1359/66/786 1360/67/786
f 1353/63/787 1352/62/787 1360/67/787 1361/68/787
f 1346/65/573 1345/69/573 1354/70/573
f 1347/57/788 1346/65/788 1354/70/788 1355/71/788
f 1348/58/575 1347/57/575 1355/71/575 1356/72/575
f 1349/59/789 1348/58/789 1356/72/789 1357/73/789
f 1350/60/790 1349/59/790 1357/73/790 1358/74/790
f 1351/61/578 1350/60/578 1358/74/578 1359/66/578
f 1356/72/791 1355/71/791 1363/75/791 1364/76/791
f 1357/73/58 1356/72/58 1364/76/58 1365/77/58
f 1358/74/579 1357/73/579 1365/77/579 1366/78/579
f 1359/66/792 1358/74/792 1366/78/792 1367/79/792
f 1360/67/793 1359/66/793 1367/79/793 1368/80/793
f 1361/68/794 1360/67/794 1368/80/794 1369/81/794
f 1354/70/795 1345/82/795 1362/83/795
f 1355/71/796 1354/70/796 1362/83/796 1363/75/796
f 1368/80/797 1367/79/797 1375/84/797 1376/85/797
f 1369/81/798 1368/80/798 1376/85/798 1377/86/798
f 1362/83/67 1345/87/67 1370/88/67
f 1363/75/799 1362/83/799 1370/88/799 1371/89/799
f 1364/76/800 1363/75/800 1371/89/800 1372/90/800
f 1365/77/70 1364/76/70 1372/90/70 1373/91/70
f 1366/78/801 1365/77/801 1373/91/801 1374/92/801
f 1367/79/72 1366/78/72 1374/92/72 1375/84/72
f 1373/91/802 1372/90/802 1380/93/802 1381/94/802
f 1374/92/803 1373/91/803 1381/94/803 1382/95/803
f 1375/84/804 1374/92/804 1382/95/804 1383/96/804
f 1376/85/76 1375/84/76 1383/96/76 1384/97/76
f 1377/86/805 1376/85/805 1384/97/805 1385/98/805
f 1370/88/806 1345/99/806 1378/100/806
f 1371/89/807 1370/88/807 1378/100/807 1379/101/807
f 1372/90/593 1371/89/593 1379/101/593 1380/93/593
f 1385/98/81 1384/97/81 1392/102/81 1393/103/81
f 1345/104/82 1386/105/82 1567/105/82 1582/104/82
f 1451/39/809 1450/106/809 1570/106/809 1571/39/809
f 1381/94/810 1380/93/810 1388/107/810 1389/108/810
f 1382/95/811 1381/94/811 1389/108/811 1390/109/811
f 1383/96/86 1382/95/86 1390/109/86 1391/110/86
f 1384/97/87 1383/96/87 1391/110/87 1392/102/87
f 1389/108/812 1388/107/812 1396/111/812 1397/112/812
f 1390/109/89 1389/108/89 1397/112/89 1398/113/89
f 1391/110/603 1390/109/603 1398/113/603 1399/114/603
f 1392/102/813 1391/110/813 1399/114/813 1400/115/813
f 1393/103/92 1392/102/92 1400/115/92 1401/116/92
f 1386/105/814 1345/104/814 1394/117/814
f 1387/118/815 1386/105/815 1394/117/815 1395/119/815
f 1388/107/95 1387/118/95 1395/119/95 1396/111/95
f 1401/116/816 1400/115/816 1408/120/816 1409/121/816
f 1394/117/817 1345/122/817 1402/123/817
f 1395/119/818 1394/117/818 1402/123/818 1403/124/818
f 1396/111/819 1395/119/819 1403/124/819 1404/125/819
f 1397/112/820 1396/111/820 1404/125/820 1405/126/820
f 1398/113/821 1397/112/821 1405/126/821 1406/127/821
f 1399/114/102 1398/113/102 1406/127/102 1407/128/102
f 1400/115/822 1399/114/822 1407/128/822 1408/120/822
f 1406/127/823 1405/126/823 1413/129/823 1414/130/823
f 1407/128/105 1406/127/105 1414/130/105 1415/131/105
f 1408/120/824 1407/128/824 1415/131/824 1416/132/824
f 1409/121/825 1408/120/825 1416/132/825 1417/133/825
f 1402/123/826 1345/134/826 1410/135/826
f 1403/124/827 1402/123/827 1410/135/827 1411/136/827
f 1404/125/828 1403/124/828 1411/136/828 1412/137/828
f 1405/126/829 1404/125/829 1412/137/829 1413/129/829
f 1411/136/830 1410/135/830 1418/138/830 1419/139/830
f 1412/137/831 1411/136/831 1419/139/831 1420/140/831
f 1413/129/832 1412/137/832 1420/140/832 1421/141/832
f 1414/130/115 1413/129/115 1421/141/115 1422/142/115
f 1415/131/833 1414/130/833 1422/142/833 1423/143/833
f 1416/132/117 1415/131/117 1423/143/117 1424/144/117
f 1417/133/118 1416/132/118 1424/144/118 1425/145/118
f 1410/135/834 1345/146/834 1418/138/834
f 1423/143/120 1422/142/120 1430/147/120 1431/148/120
f 1424/144/835 1423/143/835 1431/148/835 1432/149/835
f 1425/145/625 1424/144/625 1432/149/625 1433/150/625
f 1418/138/836 1345/151/836 1426/152/836
f 1419/139/837 1418/138/837 1426/152/837 1427/153/837
f 1420/140/125 1419/139/125 1427/153/125 1428/154/125
f 1421/141/126 1420/140/126 1428/154/126 1429/155/126
f 1422/142/838 1421/141/838 1429/155/838 1430/147/838
f 1427/153/839 1426/152/839 1434/156/839 1435/157/839
f 1428/154/840 1427/153/840 1435/157/840 1436/158/840
f 1429/155/841 1428/154/841 1436/158/841 1437/159/841
f 1430/147/131 1429/155/131 1437/159/131 1438/160/131
f 1431/148/632 1430/147/632 1438/160/632 1439/161/632
f 1432/149/842 1431/148/842 1439/161/842 1440/162/842
f 1433/150/134 1432/149/134 1440/162/134 1441/163/134
f 1426/152/843 1345/164/843 1434/156/843
f 1439/161/635 1438/160/635 1446/165/635 1447/166/635
f 1440/162/137 1439/161/137 1447/166/137 1448/167/137
f 1441/163/636 1440/162/636 1448/167/636 1449/168/636
f 1434/156/844 1345/169/844 1442/170/844
f 1435/157/140 1434/156/140 1442/170/140 1443/171/140
f 1436/158/845 1435/157/845 1443/171/845 1444/172/845
f 1437/159/640 1436/158/640 1444/172/640 1445/173/640
f 1438/160/846 1437/159/846 1445/173/846 1446/165/846
f 1444/172/641 1443/171/641 1451/39/641 1452/38/641
f 1445/173/145 1444/172/145 1452/38/145 1453/174/145
f 1446/165/642 1445/173/642 1453/174/642 1454/175/642
f 1447/166/847 1446/165/847 1454/175/847 1455/176/847
f 1448/167/848 1447/166/848 1455/176/848 1456/177/848
f 1449/168/849 1448/167/849 1456/177/849 1457/178/849
f 1442/170/850 1345/179/850 1450/106/850
f 1443/171/151 1442/170/151 1450/106/151 1451/39/151
f 1456/177/152 1455/176/152 1463/180/152 1464/181/152
f 1457/178/851 1456/177/851 1464/181/851 1465/182/851
f 1321/33/852 1345/32/852 1582/32/852 1558/33/852
f 1378/100/854 1345/99/854 1582/99/854 1564/100/854
f 1453/174/855 1452/38/855 1460/183/855 1461/184/855
f 1454/175/856 1453/174/856 1461/184/856 1462/185/856
f 1455/176/158 1454/175/158 1462/185/158 1463/180/158
f 1460/183/656 1459/37/656 1467/186/656 1468/187/656
f 1461/184/857 1460/183/857 1468/187/857 1469/188/857
f 1462/185/658 1461/184/658 1469/188/658 1470/189/658
f 1463/180/858 1462/185/858 1470/189/858 1471/190/858
f 1464/181/859 1463/180/859 1471/190/859 1472/191/859
f 1465/182/164 1464/181/164 1472/191/164 1473/192/164
f 1458/36/860 1345/193/860 1466/194/860
f 1459/37/861 1458/36/861 1466/194/861 1467/186/861
f 1472/191/663 1471/190/663 1479/195/663 1480/196/663
f 1473/192/862 1472/191/862 1480/196/862 1481/197/862
f 1466/194/863 1345/198/863 1474/199/863
f 1467/186/170 1466/194/170 1474/199/170 1475/200/170
f 1468/187/864 1467/186/864 1475/200/864 1476/201/864
f 1469/188/172 1468/187/172 1476/201/172 1477/202/172
f 1470/189/865 1469/188/865 1477/202/865 1478/203/865
f 1471/190/669 1470/189/669 1478/203/669 1479/195/669
f 1477/202/866 1476/201/866 1484/204/866 1485/205/866
f 1478/203/867 1477/202/867 1485/205/867 1486/206/867
f 1479/195/177 1478/203/177 1486/206/177 1487/207/177
f 1480/196/673 1479/195/673 1487/207/673 1488/208/673
f 1481/197/868 1480/196/868 1488/208/868 1489/209/868
f 1474/199/869 1345/210/869 1482/211/869
f 1475/200/870 1474/199/870 1482/211/870 1483/212/870
f 1476/201/871 1475/200/871 1483/212/871 1484/204/871
f 1489/209/677 1488/208/677 1496/213/677 1497/214/677
f 1482/211/872 1345/215/872 1490/216/872
f 1483/212/873 1482/211/873 1490/216/873 1491/217/873
f 1484/204/679 1483/212/679 1491/217/679 1492/218/679
f 1485/205/874 1484/204/874 1492/218/874 1493/219/874
f 1486/206/681 1485/205/681 1493/219/681 1494/220/681
f 1487/207/189 1486/206/189 1494/220/189 1495/221/189
f 1488/208/875 1487/207/875 1495/221/875 1496/213/875
f 1494/222/876 1493/223/876 1501/224/876 1502/225/876
f 1495/226/684 1494/222/684 1502/225/684 1503/227/684
f 1496/228/877 1495/226/877 1503/227/877 1504/229/877
f 1497/230/878 1496/228/878 1504/229/878 1505/231/878
f 1490/232/685 1345/233/685 1498/234/685
f 1491/235/686 1490/232/686 1498/234/686 1499/236/686
f 1492/237/879 1491/235/879 1499/236/879 1500/238/879
f 1493/223/198 1492/237/198 1500/238/198 1501/224/198
f 1498/234/880 1345/239/880 1506/240/880
f 1499/236/689 1498/234/689 1506/240/689 1507/241/689
f 1500/238/201 1499/236/201 1507/241/201 1508/242/201
f 1501/224/881 1500/238/881 1508/242/881 1509/243/881
f 1502/225/882 1501/224/882 1509/243/882 1510/244/882
f 1503/227/204 1502/225/204 1510/244/204 1511/245/204
f 1504/229/883 1503/227/883 1511/245/883 1512/246/883
f 1505/231/884 1504/229/884 1512/246/884 1513/247/884
f 1510/244/885 1509/243/885 1517/248/885 1518/249/885
f 1511/245/208 1510/244/208 1518/249/208 1519/250/208
f 1512/246/209 1511/245/209 1519/250/209 1520/251/209
f 1513/247/886 1512/246/886 1520/251/886 1521/252/886
f 1387/118/887 1388/107/887 1569/107/887 1568/118/887
f 1386/105/888 1387/118/888 1568/118/888 1567/105/888
f 1380/93/889 1379/101/889 1565/101/889 1566/93/889
f 1509/243/700 1508/242/700 1516/253/700 1517/248/700
f 1515/254/890 1514/255/890 1522/256/890 1523/257/890
f 1516/253/702 1515/254/702 1523/257/702 1524/258/702
f 1517/248/891 1516/253/891 1524/258/891 1525/259/891
f 1518/249/892 1517/248/892 1525/259/892 1526/260/892
f 1519/250/219 1518/249/219 1526/260/219 1527/261/219
f 1520/251/893 1519/250/893 1527/261/893 1528/262/893
f 1521/252/894 1520/251/894 1528/262/894 1529/263/894
f 1514/255/895 1345/264/895 1522/256/895
f 1527/261/896 1526/260/896 1534/265/896 1535/266/896
f 1528/262/897 1527/261/897 1535/266/897 1536/267/897
f 1529/263/225 1528/262/225 1536/267/225 1537/268/225
f 1522/256/898 1345/269/898 1530/270/898
f 1523/257/709 1522/256/709 1530/270/709 1531/271/709
f 1524/258/899 1523/257/899 1531/271/899 1532/272/899
f 1525/259/900 1524/258/900 1532/272/900 1533/273/900
f 1526/260/230 1525/259/230 1533/273/230 1534/265/230
f 1531/271/901 1530/270/901 1538/274/901 1539/275/901
f 1532/272/902 1531/271/902 1539/275/902 1540/276/902
f 1533/273/233 1532/272/233 1540/276/233 1541/277/233
f 1534/265/714 1533/273/714 1541/277/714 1542/278/714
f 1535/266/715 1534/265/715 1542/278/715 1543/279/715
f 1536/267/903 1535/266/903 1543/279/903 1544/280/903
f 1537/268/237 1536/267/237 1544/280/237 1545/281/237
f 1530/270/904 1345/282/904 1538/274/904
f 1543/279/239 1542/278/239 1550/283/239 1551/284/239
f 1544/280/905 1543/279/905 1551/284/905 1552/285/905
f 1545/281/241 1544/280/241 1552/285/241 1553/286/241
f 1538/274/906 1345/287/906 1546/288/906
f 1539/275/907 1538/274/907 1546/288/907 1547/289/907
f 1540/276/908 1539/275/908 1547/289/908 1548/290/908
f 1541/277/909 1540/276/909 1548/290/909 1549/291/909
f 1542/278/910 1541/277/910 1549/291/910 1550/283/910
f 1548/290/247 1547/289/247 1555/2/247 1301/1/247
f 1549/291/911 1548/290/911 1301/1/911 1556/5/911
f 1550/283/726 1549/291/726 1556/5/726 1302/7/726
f 1551/284/912 1550/283/912 1302/7/912 1557/9/912
f 1552/285/728 1551/284/728 1557/9/728 1303/11/728
f 1553/286/252 1552/285/252 1303/11/252 1304/13/252
f 1546/288/913 1345/292/913 1554/15/913
f 1547/289/914 1546/288/914 1554/15/914 1555/2/914
f 1559/34/915 1558/33/915 1561/47/915 1562/53/915
f 1560/35/256 1559/34/256 1562/53/256 1563/40/256
f 1558/33/916 1582/293/916 1561/47/916
f 1564/100/917 1582/294/917 1567/105/917
f 1565/101/918 1564/100/918 1567/105/918 1568/118/918
f 1566/93/260 1565/101/260 1568/118/260 1569/107/260
f 1570/106/738 1582/295/738 1573/36/738
f 1571/39/262 1570/106/262 1573/36/262 1574/37/262
f 1572/38/263 1571/39/263 1574/37/263 1575/183/263
f 1576/240/919 1582/296/919 1579/255/919
f 1577/241/920 1576/240/920 1579/255/920 1580/254/920
f 1578/242/266 1577/241/266 1580/254/266 1581/253/266
f 1506/240/267 1345/239/267 1582/239/267 1576/240/267
f 1450/106/921 1345/179/921 1582/179/921 1570/106/921
f 1507/241/269 1506/240/269 1576/240/269 1577/241/269
f 1459/37/922 1460/183/922 1575/183/922 1574/37/922
f 1322/34/923 1321/33/923 1558/33/923 1559/34/923
f 1508/242/924 1507/241/924 1577/241/924 1578/242/924
f 1345/193/927 1458/36/927 1573/36/927 1582/193/927
f 1323/35/928 1322/34/928 1559/34/928 1560/35/928
f 1514/255/750 1515/254/750 1580/254/750 1579/255/750
f 1516/253/929 1508/242/929 1578/242/929 1581/253/929
f 1329/47/930 1330/53/930 1562/53/930 1561/47/930
f 1515/254/931 1516/253/931 1581/253/931 1580/254/931
f 1379/101/932 1378/100/932 1564/100/932 1565/101/932
f 1330/53/933 1331/40/933 1563/40/933 1562/53/933
f 1617/253/936 1614/242/936 1627/242/936 1629/253/936
f 1631/1/541 1885/2/541 1636/3/541 1637/4/541
f 1886/5/542 1631/1/542 1637/4/542 1638/6/542
f 1632/7/757 1886/5/757 1638/6/757 1639/8/757
f 1887/9/4 1632/7/4 1639/8/4 1640/10/4
f 1633/11/5 1887/9/5 1640/10/5 1641/12/5
f 1634/13/6 1633/11/6 1641/12/6 1642/14/6
f 1884/15/937 1675/16/937 1635/17/937
f 1885/2/938 1884/15/938 1635/17/938 1636/3/938
f 1635/17/939 1675/18/939 1643/19/939
f 1636/3/763 1635/17/763 1643/19/763 1644/20/763
f 1637/4/545 1636/3/545 1644/20/545 1645/21/545
f 1638/6/546 1637/4/546 1645/21/546 1646/22/546
f 1639/8/547 1638/6/547 1646/22/547 1647/23/547
f 1640/10/940 1639/8/940 1647/23/940 1648/24/940
f 1641/12/549 1640/10/549 1648/24/549 1649/25/549
f 1642/14/941 1641/12/941 1649/25/941 1650/26/941
f 1647/23/766 1646/22/766 1654/27/766 1655/28/766
f 1648/24/18 1647/23/18 1655/28/18 1656/29/18
f 1649/25/19 1648/24/19 1656/29/19 1657/30/19
f 1650/26/768 1649/25/768 1657/30/768 1658/31/768
f 1643/19/942 1675/32/942 1651/33/942
f 1644/20/943 1643/19/943 1651/33/943 1652/34/943
f 1645/21/771 1644/20/771 1652/34/771 1653/35/771
f 1646/22/944 1645/21/944 1653/35/944 1654/27/944
f 1788/36/945 1789/37/945 1904/37/945 1903/36/945
f 1782/38/946 1781/39/946 1901/39/946 1902/38/946
f 1654/27/947 1653/35/947 1661/40/947 1662/41/947
f 1655/28/948 1654/27/948 1662/41/948 1663/42/948
f 1656/29/773 1655/28/773 1663/42/773 1664/43/773
f 1657/30/949 1656/29/949 1664/43/949 1665/44/949
f 1658/31/31 1657/30/31 1665/44/31 1666/45/31
f 1675/46/950 1659/47/950 1891/47/950 1912/46/950
f 1664/43/562 1663/42/562 1671/48/562 1672/49/562
f 1665/44/951 1664/43/951 1672/49/951 1673/50/951
f 1666/45/35 1665/44/35 1673/50/35 1674/51/35
f 1659/47/952 1675/46/952 1667/52/952
f 1660/53/953 1659/47/953 1667/52/953 1668/54/953
f 1661/40/38 1660/53/38 1668/54/38 1669/55/38
f 1662/41/39 1661/40/39 1669/55/39 1670/56/39
f 1663/42/40 1662/41/40 1670/56/40 1671/48/40
f 1669/55/954 1668/54/954 1677/57/954 1678/58/954
f 1670/56/42 1669/55/42 1678/58/42 1679/59/42
f 1671/48/782 1670/56/782 1679/59/782 1680/60/782
f 1672/49/783 1671/48/783 1680/60/783 1681/61/783
f 1673/50/955 1672/49/955 1681/61/955 1682/62/955
f 1674/51/46 1673/50/46 1682/62/46 1683/63/46
f 1667/52/956 1675/64/956 1676/65/956
f 1668/54/957 1667/52/957 1676/65/957 1677/57/957
f 1682/62/958 1681/61/958 1689/66/958 1690/67/958
f 1683/63/787 1682/62/787 1690/67/787 1691/68/787
f 1676/65/959 1675/69/959 1684/70/959
f 1677/57/960 1676/65/960 1684/70/960 1685/71/960
f 1678/58/961 1677/57/961 1685/71/961 1686/72/961
f 1679/59/789 1678/58/789 1686/72/789 1687/73/789
f 1680/60/962 1679/59/962 1687/73/962 1688/74/962
f 1681/61/963 1680/60/963 1688/74/963 1689/66/963
f 1686/72/964 1685/71/964 1693/75/964 1694/76/964
f 1687/73/965 1686/72/965 1694/76/965 1695/77/965
f 1688/74/579 1687/73/579 1695/77/579 1696/78/579
f 1689/66/580 1688/74/580 1696/78/580 1697/79/580
f 1690/67/61 1689/66/61 1697/79/61 1698/80/61
f 1691/68/794 1690/67/794 1698/80/794 1699/81/794
f 1684/70/966 1675/82/966 1692/83/966
f 1685/71/796 1684/70/796 1692/83/796 1693/75/796
f 1698/80/967 1697/79/967 1705/84/967 1706/85/967
f 1699/81/798 1698/80/798 1706/85/798 1707/86/798
f 1692/83/585 1675/87/585 1700/88/585
f 1693/75/968 1692/83/968 1700/88/968 1701/89/968
f 1694/76/800 1693/75/800 1701/89/800 1702/90/800
f 1695/77/969 1694/76/969 1702/90/969 1703/91/969
f 1696/78/71 1695/77/71 1703/91/71 1704/92/71
f 1697/79/72 1696/78/72 1704/92/72 1705/84/72
f 1703/91/802 1702/90/802 1710/93/802 1711/94/802
f 1704/92/970 1703/91/970 1711/94/970 1712/95/970
f 1705/84/971 1704/92/971 1712/95/971 1713/96/971
f 1706/85/76 1705/84/76 1713/96/76 1714/97/76
f 1707/86/805 1706/85/805 1714/97/805 1715/98/805
f 1700/88/972 1675/99/972 1708/100/972
f 1701/89/592 1700/88/592 1708/100/592 1709/101/592
f 1702/90/593 1701/89/593 1709/101/593 1710/93/593
f 1715/98/973 1714/97/973 1722/102/973 1723/103/973
f 1675/104/975 1716/105/975 1897/105/975 1912/104/975
f 1781/39/976 1780/106/976 1900/106/976 1901/39/976
f 1711/94/977 1710/93/977 1718/107/977 1719/108/977
f 1712/95/978 1711/94/978 1719/108/978 1720/109/978
f 1713/96/979 1712/95/979 1720/109/979 1721/110/979
f 1714/97/87 1713/96/87 1721/110/87 1722/102/87
f 1719/108/980 1718/107/980 1726/111/980 1727/112/980
f 1720/109/981 1719/108/981 1727/112/981 1728/113/981
f 1721/110/982 1720/109/982 1728/113/982 1729/114/982
f 1722/102/813 1721/110/813 1729/114/813 1730/115/813
f 1723/103/983 1722/102/983 1730/115/983 1731/116/983
f 1716/105/984 1675/104/984 1724/117/984
f 1717/118/985 1716/105/985 1724/117/985 1725/119/985
f 1718/107/986 1717/118/986 1725/119/986 1726/111/986
f 1731/116/816 1730/115/816 1738/120/816 1739/121/816
f 1724/117/817 1675/122/817 1732/123/817
f 1725/119/987 1724/117/987 1732/123/987 1733/124/987
f 1726/111/99 1725/119/99 1733/124/99 1734/125/99
f 1727/112/610 1726/111/610 1734/125/610 1735/126/610
f 1728/113/988 1727/112/988 1735/126/988 1736/127/988
f 1729/114/102 1728/113/102 1736/127/102 1737/128/102
f 1730/115/822 1729/114/822 1737/128/822 1738/120/822
f 1736/127/823 1735/126/823 1743/129/823 1744/130/823
f 1737/128/989 1736/127/989 1744/130/989 1745/131/989
f 1738/120/990 1737/128/990 1745/131/990 1746/132/990
f 1739/121/825 1738/120/825 1746/132/825 1747/133/825
f 1732/123/991 1675/134/991 1740/135/991
f 1733/124/992 1732/123/992 1740/135/992 1741/136/992
f 1734/125/110 1733/124/110 1741/136/110 1742/137/110
f 1735/126/829 1734/125/829 1742/137/829 1743/129/829
f 1741/136/993 1740/135/993 1748/138/993 1749/139/993
f 1742/137/994 1741/136/994 1749/139/994 1750/140/994
f 1743/129/995 1742/137/995 1750/140/995 1751/141/995
f 1744/130/996 1743/129/996 1751/141/996 1752/142/996
f 1745/131/997 1744/130/997 1752/142/997 1753/143/997
f 1746/132/998 1745/131/998 1753/143/998 1754/144/998
f 1747/133/999 1746/132/999 1754/144/999 1755/145/999
f 1740/135/1000 1675/146/1000 1748/138/1000
f 1753/143/1001 1752/142/1001 1760/147/1001 1761/148/1001
f 1754/144/835 1753/143/835 1761/148/835 1762/149/835
f 1755/145/625 1754/144/625 1762/149/625 1763/150/625
f 1748/138/1002 1675/151/1002 1756/152/1002
f 1749/139/1003 1748/138/1003 1756/152/1003 1757/153/1003
f 1750/140/627 1749/139/627 1757/153/627 1758/154/627
f 1751/141/1004 1750/140/1004 1758/154/1004 1759/155/1004
f 1752/142/628 1751/141/628 1759/155/628 1760/147/628
f 1757/153/1005 1756/152/1005 1764/156/1005 1765/157/1005
f 1758/154/1006 1757/153/1006 1765/157/1006 1766/158/1006
f 1759/155/841 1758/154/841 1766/158/841 1767/159/841
f 1760/147/1007 1759/155/1007 1767/159/1007 1768/160/1007
f 1761/148/632 1760/147/632 1768/160/632 1769/161/632
f 1762/149/133 1761/148/133 1769/161/133 1770/162/133
f 1763/150/134 1762/149/134 1770/162/134 1771/163/134
f 1756/152/1008 1675/164/1008 1764/156/1008
f 1769/161/635 1768/160/635 1776/165/635 1777/166/635
f 1770/162/1009 1769/161/1009 1777/166/1009 1778/167/1009
f 1771/163/138 1770/162/138 1778/167/138 1779/168/138
f 1764/156/1010 1675/169/1010 1772/170/1010
f 1765/157/1011 1764/156/1011 1772/170/1011 1773/171/1011
f 1766/158/1012 1765/157/1012 1773/171/1012 1774/172/1012
f 1767/159/142 1766/158/142 1774/172/142 1775/173/142
f 1768/160/143 1767/159/143 1775/173/143 1776/165/143
f 1774/172/641 1773/171/641 1781/39/641 1782/38/641
f 1775/173/1013 1774/172/1013 1782/38/1013 1783/174/1013
f 1776/165/642 1775/173/642 1783/174/642 1784/175/642
f 1777/166/643 1776/165/643 1784/175/643 1785/176/643
f 1778/167/1014 1777/166/1014 1785/176/1014 1786/177/1014
f 1779/168/1015 1778/167/1015 1786/177/1015 1787/178/1015
f 1772/170/1016 1675/179/1016 1780/106/1016
f 1773/171/1017 1772/170/1017 1780/106/1017 1781/39/1017
f 1786/177/152 1785/176/152 1793/180/152 1794/181/152
f 1787/178/1018 1786/177/1018 1794/181/1018 1795/182/1018
f 1651/33/1019 1675/32/1019 1912/32/1019 1888/33/1019
f 1708/100/1021 1675/99/1021 1912/99/1021 1894/100/1021
f 1783/174/1022 1782/38/1022 1790/183/1022 1791/184/1022
f 1784/175/654 1783/174/654 1791/184/654 1792/185/654
f 1785/176/655 1784/175/655 1792/185/655 1793/180/655
f 1790/183/1023 1789/37/1023 1797/186/1023 1798/187/1023
f 1791/184/160 1790/183/160 1798/187/160 1799/188/160
f 1792/185/161 1791/184/161 1799/188/161 1800/189/161
f 1793/180/659 1792/185/659 1800/189/659 1801/190/659
f 1794/181/859 1793/180/859 1801/190/859 1802/191/859
f 1795/182/660 1794/181/660 1802/191/660 1803/192/660
f 1788/36/1024 1675/193/1024 1796/194/1024
f 1789/37/1025 1788/36/1025 1796/194/1025 1797/186/1025
f 1802/191/663 1801/190/663 1809/195/663 1810/196/663
f 1803/192/862 1802/191/862 1810/196/862 1811/197/862
f 1796/194/1026 1675/198/1026 1804/199/1026
f 1797/186/170 1796/194/170 1804/199/170 1805/200/170
f 1798/187/864 1797/186/864 1805/200/864 1806/201/864
f 1799/188/1027 1798/187/1027 1806/201/1027 1807/202/1027
f 1800/189/1028 1799/188/1028 1807/202/1028 1808/203/1028
f 1801/190/1029 1800/189/1029 1808/203/1029 1809/195/1029
f 1807/202/1030 1806/201/1030 1814/204/1030 1815/205/1030
f 1808/203/867 1807/202/867 1815/205/867 1816/206/867
f 1809/195/1031 1808/203/1031 1816/206/1031 1817/207/1031
f 1810/196/1032 1809/195/1032 1817/207/1032 1818/208/1032
f 1811/197/674 1810/196/674 1818/208/674 1819/209/674
f 1804/199/1033 1675/210/1033 1812/211/1033
f 1805/200/1034 1804/199/1034 1812/211/1034 1813/212/1034
f 1806/201/1035 1805/200/1035 1813/212/1035 1814/204/1035
f 1819/209/677 1818/208/677 1826/213/677 1827/214/677
f 1812/211/872 1675/215/872 1820/216/872
f 1813/212/185 1812/211/185 1820/216/185 1821/217/185
f 1814/204/1036 1813/212/1036 1821/217/1036 1822/218/1036
f 1815/205/874 1814/204/874 1822/218/874 1823/219/874
f 1816/206/1037 1815/205/1037 1823/219/1037 1824/220/1037
f 1817/207/1038 1816/206/1038 1824/220/1038 1825/221/1038
f 1818/208/1039 1817/207/1039 1825/221/1039 1826/213/1039
f 1824/222/876 1823/223/876 1831/224/876 1832/225/876
f 1825/226/684 1824/222/684 1832/225/684 1833/227/684
f 1826/228/1040 1825/226/1040 1833/227/1040 1834/229/1040
f 1827/230/1041 1826/228/1041 1834/229/1041 1835/231/1041
f 1820/232/1042 1675/233/1042 1828/234/1042
f 1821/235/1043 1820/232/1043 1828/234/1043 1829/236/1043
f 1822/237/197 1821/235/197 1829/236/197 1830/238/197
f 1823/223/1044 1822/237/1044 1830/238/1044 1831/224/1044
f 1828/234/1045 1675/239/1045 1836/240/1045
f 1829/236/1046 1828/234/1046 1836/240/1046 1837/241/1046
f 1830/238/1047 1829/236/1047 1837/241/1047 1838/242/1047
f 1831/224/1048 1830/238/1048 1838/242/1048 1839/243/1048
f 1832/225/1049 1831/224/1049 1839/243/1049 1840/244/1049
f 1833/227/204 1832/225/204 1840/244/204 1841/245/204
f 1834/229/1050 1833/227/1050 1841/245/1050 1842/246/1050
f 1835/231/1051 1834/229/1051 1842/246/1051 1843/247/1051
f 1840/244/1052 1839/243/1052 1847/248/1052 1848/249/1052
f 1841/245/695 1840/244/695 1848/249/695 1849/250/695
f 1842/246/1053 1841/245/1053 1849/250/1053 1850/251/1053
f 1843/247/696 1842/246/696 1850/251/696 1851/252/696
f 1717/118/1054 1718/107/1054 1899/107/1054 1898/118/1054
f 1716/105/1055 1717/118/1055 1898/118/1055 1897/105/1055
f 1710/93/1056 1709/101/1056 1895/101/1056 1896/93/1056
f 1839/243/1057 1838/242/1057 1846/253/1057 1847/248/1057
f 1845/254/1058 1844/255/1058 1852/256/1058 1853/257/1058
f 1846/253/1059 1845/254/1059 1853/257/1059 1854/258/1059
f 1847/248/217 1846/253/217 1854/258/217 1855/259/217
f 1848/249/892 1847/248/892 1855/259/892 1856/260/892
f 1849/250/1060 1848/249/1060 1856/260/1060 1857/261/1060
f 1850/251/220 1849/250/220 1857/261/220 1858/262/220
f 1851/252/894 1850/251/894 1858/262/894 1859/263/894
f 1844/255/895 1675/264/895 1852/256/895
f 1857/261/896 1856/260/896 1864/265/896 1865/266/896
f 1858/262/707 1857/261/707 1865/266/707 1866/267/707
f 1859/263/225 1858/262/225 1866/267/225 1867/268/225
f 1852/256/1061 1675/269/1061 1860/270/1061
f 1853/257/1062 1852/256/1062 1860/270/1062 1861/271/1062
f 1854/258/1063 1853/257/1063 1861/271/1063 1862/272/1063
f 1855/259/1064 1854/258/1064 1862/272/1064 1863/273/1064
f 1856/260/711 1855/259/711 1863/273/711 1864/265/711
f 1861/271/1065 1860/270/1065 1868/274/1065 1869/275/1065
f 1862/272/232 1861/271/232 1869/275/232 1870/276/232
f 1863/273/1066 1862/272/1066 1870/276/1066 1871/277/1066
f 1864/265/1067 1863/273/1067 1871/277/1067 1872/278/1067
f 1865/266/235 1864/265/235 1872/278/235 1873/279/235
f 1866/267/236 1865/266/236 1873/279/236 1874/280/236
f 1867/268/1068 1866/267/1068 1874/280/1068 1875/281/1068
f 1860/270/1069 1675/282/1069 1868/274/1069
f 1873/279/1070 1872/278/1070 1880/283/1070 1881/284/1070
f 1874/280/1071 1873/279/1071 1881/284/1071 1882/285/1071
f 1875/281/241 1874/280/241 1882/285/241 1883/286/241
f 1868/274/1072 1675/287/1072 1876/288/1072
f 1869/275/907 1868/274/907 1876/288/907 1877/289/907
f 1870/276/244 1869/275/244 1877/289/244 1878/290/244
f 1871/277/722 1870/276/722 1878/290/722 1879/291/722
f 1872/278/910 1871/277/910 1879/291/910 1880/283/910
f 1878/290/247 1877/289/247 1885/2/247 1631/1/247
f 1879/291/1073 1878/290/1073 1631/1/1073 1886/5/1073
f 1880/283/726 1879/291/726 1886/5/726 1632/7/726
f 1881/284/250 1880/283/250 1632/7/250 1887/9/250
f 1882/285/1074 1881/284/1074 1887/9/1074 1633/11/1074
f 1883/286/252 1882/285/252 1633/11/252 1634/13/252
f 1876/288/1075 1675/292/1075 1884/15/1075
f 1877/289/1076 1876/288/1076 1884/15/1076 1885/2/1076
f 1889/34/915 1888/33/915 1891/47/915 1892/53/915
f 1890/35/1077 1889/34/1077 1892/53/1077 1893/40/1077
f 1888/33/916 1912/293/916 1891/47/916
f 1894/100/1078 1912/294/1078 1897/105/1078
f 1895/101/259 1894/100/259 1897/105/259 1898/118/259
f 1896/93/1079 1895/101/1079 1898/118/1079 1899/107/1079
f 1900/106/738 1912/295/738 1903/36/738
f 1901/39/1080 1900/106/1080 1903/36/1080 1904/37/1080
f 1902/38/1081 1901/39/1081 1904/37/1081 1905/183/1081
f 1906/240/919 1912/296/919 1909/255/919
f 1907/241/265 1906/240/265 1909/255/265 1910/254/265
f 1908/242/266 1907/241/266 1910/254/266 1911/253/266
f 1836/240/741 1675/239/741 1912/239/741 1906/240/741
f 1780/106/1082 1675/179/1082 1912/179/1082 1900/106/1082
f 1837/241/269 1836/240/269 1906/240/269 1907/241/269
f 1789/37/1083 1790/183/1083 1905/183/1083 1904/37/1083
f 1652/34/1084 1651/33/1084 1888/33/1084 1889/34/1084
f 1838/242/1085 1837/241/1085 1907/241/1085 1908/242/1085
f 1675/193/927 1788/36/927 1903/36/927 1912/193/927
f 1653/35/1087 1652/34/1087 1889/34/1087 1890/35/1087
f 1844/255/1088 1845/254/1088 1910/254/1088 1909/255/1088
f 1846/253/1089 1838/242/1089 1908/242/1089 1911/253/1089
f 1659/47/1090 1660/53/1090 1892/53/1090 1891/47/1090
f 1845/254/753 1846/253/753 1911/253/753 1910/254/753
f 1709/101/1091 1708/100/1091 1894/100/1091 1895/101/1091
f 1660/53/1092 1661/40/1092 1893/40/1092 1892/53/1092
usemtl 材质.024
f 955/230/509 956/298/509 958/299/509 957/565/509
f 957/565/510 958/299/510 960/301/510 959/564/510
f 959/564/511 960/301/511 962/303/511 961/563/511
f 961/563/512 962/303/512 964/305/512 963/562/512
f 963/562/513 964/305/513 966/307/513 965/561/513
f 965/561/514 966/307/514 968/309/514 967/560/514
f 967/560/515 968/309/515 970/311/515 969/559/515
f 969/559/516 970/311/516 972/313/516 971/13/516
f 971/13/517 972/313/517 974/315/517 973/14/517
f 973/14/518 974/315/518 976/317/518 975/26/518
f 975/26/519 976/317/519 978/319/519 977/31/519
f 977/31/520 978/319/520 980/321/520 979/45/520
f 979/45/521 980/321/521 982/323/521 981/51/521
f 981/51/522 982/323/522 984/325/522 983/63/522
f 983/63/523 984/325/523 986/327/523 985/68/523
f 985/68/524 986/327/524 988/329/524 987/558/524
f 987/558/525 988/329/525 990/331/525 989/557/525
f 989/557/526 990/331/526 992/333/526 991/556/526
f 991/556/527 992/333/527 994/335/527 993/555/527
f 993/555/528 994/335/528 996/337/528 995/554/528
f 995/554/529 996/337/529 998/339/529 997/553/529
f 997/553/530 998/339/530 1000/341/530 999/552/530
f 999/552/531 1000/341/531 1002/343/531 1001/551/531
f 1001/551/532 1002/343/532 1004/345/532 1003/550/532
f 1003/550/533 1004/345/533 1006/347/533 1005/549/533
f 1005/549/534 1006/347/534 1008/349/534 1007/548/534
f 1007/548/535 1008/349/535 1010/351/535 1009/547/535
f 1009/547/536 1010/351/536 1012/353/536 1011/546/536
f 1011/546/537 1012/353/537 1014/355/537 1013/545/537
f 1013/545/538 1014/355/538 1016/357/538 1015/544/538
f 1015/544/539 1016/357/539 1018/359/539 1017/543/539
f 1017/543/540 1018/359/540 956/361/540 955/214/540
usemtl 材质.047
f 1913/361/1093 1925/694/1093 1936/695/1094 1924/696/1094
f 1914/697/1095 1926/698/1095 1925/699/1093 1913/700/1093
f 1915/701/1096 1927/702/1096 1926/698/1097 1914/697/1097
f 1916/703/1098 1928/704/1098 1927/702/1096 1915/701/1096
f 1917/705/1099 1929/706/1099 1928/704/1100 1916/703/1100
f 1918/707/1101 1930/708/1101 1929/706/1099 1917/705/1099
f 1919/214/1102 1931/709/1102 1930/708/1103 1918/707/1103
f 1920/710/1104 1932/711/1105 1931/709/1102 1919/214/1102
f 1921/712/1106 1933/713/1106 1932/711/1105 1920/710/1107
f 1922/714/1108 1934/715/1108 1933/713/1106 1921/712/1106
f 1923/716/1109 1935/717/1110 1934/715/1108 1922/714/1108
f 1924/696/1111 1936/695/1111 1935/717/1110 1923/716/1111
f 1925/694/1093 1937/718/1093 1948/719/1112 1936/695/1094
f 1926/698/1095 1938/720/1095 1937/721/1093 1925/699/1093
f 1927/702/1096 1939/722/1096 1938/720/1097 1926/698/1097
f 1928/704/1098 1940/723/1098 1939/722/1096 1927/702/1096
f 1929/706/1099 1941/724/1099 1940/723/1100 1928/704/1100
f 1930/708/1101 1942/725/1113 1941/724/1099 1929/706/1099
f 1931/709/1102 1943/726/1102 1942/725/1113 1930/708/1103
f 1932/711/1105 1944/727/1105 1943/726/1102 1931/709/1102
f 1933/713/1106 1945/728/1106 1944/727/1105 1932/711/1105
f 1934/715/1108 1946/729/1114 1945/728/1106 1933/713/1106
f 1935/717/1110 1947/730/1110 1946/729/1109 1934/715/1108
f 1936/695/1111 1948/719/1112 1947/730/1110 1935/717/1110
f 1937/718/1093 1949/731/1093 1960/732/1112 1948/719/1112
f 1938/720/1095 1950/733/1095 1949/734/1093 1937/721/1093
f 1939/722/1096 1951/735/1096 1950/733/1097 1938/720/1097
f 1940/723/1098 1952/736/1098 1951/735/1096 1939/722/1096
f 1941/724/1099 1953/737/1100 1952/736/1100 1940/723/1100
f 1942/725/1113 1954/738/1113 1953/737/1101 1941/724/1099
f 1943/726/1102 1955/739/1103 1954/738/1113 1942/725/1113
f 1944/727/1105 1956/740/1105 1955/739/1104 1943/726/1102
f 1945/728/1106 1957/741/1106 1956/740/1105 1944/727/1105
f 1946/729/1114 1958/742/1108 1957/741/1106 1945/728/1106
f 1947/730/1110 1959/743/1109 1958/742/1108 1946/729/1109
f 1948/719/1112 1960/732/1112 1959/743/1111 1947/730/1110
f 1949/731/1093 1961/744/1094 1972/745/1112 1960/732/1112
f 1950/733/1095 1962/746/1095 1961/747/1095 1949/734/1093
f 1951/735/1096 1963/748/1096 1962/746/1097 1950/733/1097
f 1952/736/1098 1964/749/1098 1963/748/1096 1951/735/1096
f 1953/737/1100 1965/750/1100 1964/749/1100 1952/736/1100
f 1954/738/1113 1966/751/1113 1965/750/1101 1953/737/1101
f 1955/739/1103 1967/752/1103 1966/751/1113 1954/738/1113
f 1956/740/1105 1968/753/1105 1967/752/1104 1955/739/1104
f 1957/741/1106 1969/754/1106 1968/753/1105 1956/740/1105
f 1958/742/1108 1970/755/1108 1969/754/1106 1957/741/1106
f 1959/743/1109 1971/756/1109 1970/755/1108 1958/742/1108
f 1960/732/1112 1972/745/1112 1971/756/1111 1959/743/1111
f 1961/744/1094 1973/757/1094 1984/758/1112 1972/745/1112
f 1962/746/1095 1974/759/1095 1973/760/1095 1961/747/1095
f 1963/748/1096 1975/761/1096 1974/759/1097 1962/746/1097
f 1964/749/1098 1976/762/1098 1975/761/1096 1963/748/1096
f 1965/750/1100 1977/763/1100 1976/762/1100 1964/749/1100
f 1966/751/1113 1978/764/1113 1977/763/1101 1965/750/1101
f 1967/752/1103 1979/765/1102 1978/764/1113 1966/751/1113
f 1968/753/1105 1980/766/1104 1979/765/1102 1967/752/1104
f 1969/754/1106 1981/767/1106 1980/766/1115 1968/753/1105
f 1970/755/1108 1982/768/1108 1981/767/1106 1969/754/1106
f 1971/756/1109 1983/769/1109 1982/768/1108 1970/755/1108
f 1972/745/1112 1984/758/1112 1983/769/1111 1971/756/1111
f 1973/757/1094 1985/770/1094 1996/771/1112 1984/758/1112
f 1974/759/1095 1986/772/1095 1985/773/1095 1973/760/1095
f 1975/761/1096 1987/774/1096 1986/772/1097 1974/759/1097
f 1976/762/1098 1988/775/1098 1987/774/1096 1975/761/1096
f 1977/763/1100 1989/776/1099 1988/775/1100 1976/762/1100
f 1978/764/1113 1990/777/1101 1989/776/1099 1977/763/1101
f 1979/765/1102 1991/778/1102 1990/777/1103 1978/764/1113
f 1980/766/1104 1992/779/1104 1991/778/1102 1979/765/1102
f 1981/767/1106 1993/780/1106 1992/779/1115 1980/766/1115
f 1982/768/1108 1994/781/1114 1993/780/1106 1981/767/1106
f 1983/769/1109 1995/782/1109 1994/781/1109 1982/768/1108
f 1984/758/1112 1996/771/1112 1995/782/1111 1983/769/1111
f 1985/770/1094 1997/783/1093 2008/784/1112 1996/771/1112
f 1986/772/1095 1998/785/1095 1997/786/1093 1985/773/1095
f 1987/774/1096 1999/787/1096 1998/785/1097 1986/772/1097
f 1988/775/1098 2000/788/1098 1999/787/1096 1987/774/1096
f 1989/776/1099 2001/789/1099 2000/788/1100 1988/775/1100
f 1990/777/1101 2002/790/1113 2001/789/1099 1989/776/1099
f 1991/778/1102 2003/791/1102 2002/790/1113 1990/777/1103
f 1992/779/1104 2004/792/1104 2003/791/1102 1991/778/1102
f 1993/780/1106 2005/793/1106 2004/792/1115 1992/779/1115
f 1994/781/1114 2006/794/1116 2005/793/1106 1993/780/1106
f 1995/782/1109 2007/795/1109 2006/794/1116 1994/781/1109
f 1996/771/1112 2008/784/1112 2007/795/1111 1995/782/1111
f 1997/783/1093 2009/796/1093 2020/797/1094 2008/784/1112
f 1998/785/1095 2010/798/1117 2009/799/1093 1997/786/1093
f 1999/787/1096 2011/800/1096 2010/798/1117 1998/785/1097
f 2000/788/1098 2012/801/1098 2011/800/1096 1999/787/1096
f 2001/789/1099 2013/802/1100 2012/801/1100 2000/788/1100
f 2002/790/1113 2014/803/1113 2013/802/1101 2001/789/1099
f 2003/791/1102 2015/804/1103 2014/803/1113 2002/790/1113
f 2004/792/1104 2016/805/1104 2015/804/1104 2003/791/1102
f 2005/793/1106 2017/806/1106 2016/805/1115 2004/792/1115
f 2006/794/1116 2018/807/1108 2017/806/1106 2005/793/1106
f 2007/795/1109 2019/808/1109 2018/807/1108 2006/794/1116
f 2008/784/1112 2020/797/1111 2019/808/1111 2007/795/1111
f 2009/796/1093 2021/809/1093 2032/810/1112 2020/797/1094
f 2010/798/1117 2022/811/1117 2021/812/1093 2009/799/1093
f 2011/800/1096 2023/813/1096 2022/811/1117 2010/798/1117
f 2012/801/1098 2024/814/1118 2023/813/1096 2011/800/1096
f 2013/802/1100 2025/815/1100 2024/814/1118 2012/801/1100
f 2014/803/1113 2026/816/1113 2025/815/1101 2013/802/1101
f 2015/804/1103 2027/817/1103 2026/816/1113 2014/803/1113
f 2016/805/1104 2028/818/1105 2027/817/1104 2015/804/1104
f 2017/806/1106 2029/819/1106 2028/818/1105 2016/805/1115
f 2018/807/1108 2030/820/1108 2029/819/1106 2017/806/1106
f 2019/808/1109 2031/821/1109 2030/820/1108 2018/807/1108
f 2020/797/1111 2032/810/1112 2031/821/1111 2019/808/1111
f 2021/809/1093 2033/822/1093 2044/823/1112 2032/810/1112
f 2022/811/1117 2034/824/1119 2033/825/1093 2021/812/1093
f 2023/813/1096 2035/826/1096 2034/824/1119 2022/811/1117
f 2024/814/1118 2036/827/1118 2035/826/1096 2023/813/1096
f 2025/815/1100 2037/828/1100 2036/827/1118 2024/814/1118
f 2026/816/1113 2038/829/1113 2037/828/1101 2025/815/1101
f 2027/817/1103 2039/830/1103 2038/829/1113 2026/816/1113
f 2028/818/1105 2040/831/1105 2039/830/1104 2027/817/1104
f 2029/819/1106 2041/832/1106 2040/831/1105 2028/818/1105
f 2030/820/1108 2042/833/1108 2041/832/1106 2029/819/1106
f 2031/821/1109 2043/834/1109 2042/833/1108 2030/820/1108
f 2032/810/1112 2044/823/1112 2043/834/1111 2031/821/1111
f 2033/822/1093 2045/835/1093 2056/836/1112 2044/823/1112
f 2034/824/1119 2046/837/1095 2045/838/1093 2033/825/1093
f 2035/826/1096 2047/839/1096 2046/837/1097 2034/824/1119
f 2036/827/1118 2048/840/1118 2047/839/1096 2035/826/1096
f 2037/828/1100 2049/841/1100 2048/840/1118 2036/827/1118
f 2038/829/1113 2050/842/1113 2049/841/1101 2037/828/1101
f 2039/830/1103 2051/843/1103 2050/842/1113 2038/829/1113
f 2040/831/1105 2052/844/1105 2051/843/1104 2039/830/1104
f 2041/832/1106 2053/845/1106 2052/844/1105 2040/831/1105
f 2042/833/1108 2054/846/1108 2053/845/1106 2041/832/1106
f 2043/834/1109 2055/847/1109 2054/846/1108 2042/833/1108
f 2044/823/1112 2056/836/1112 2055/847/1111 2043/834/1111
f 2045/835/1093 2057/848/1093 2068/849/1112 2056/836/1112
f 2046/837/1095 2058/850/1095 2057/851/1093 2045/838/1093
f 2047/839/1096 2059/852/1096 2058/850/1097 2046/837/1097
f 2048/840/1118 2060/853/1098 2059/852/1096 2047/839/1096
f 2049/841/1100 2061/854/1100 2060/853/1100 2048/840/1118
f 2050/842/1113 2062/855/1113 2061/854/1101 2049/841/1101
f 2051/843/1103 2063/856/1103 2062/855/1113 2050/842/1113
f 2052/844/1105 2064/857/1104 2063/856/1104 2051/843/1104
f 2053/845/1106 2065/858/1106 2064/857/1115 2052/844/1105
f 2054/846/1108 2066/859/1108 2065/858/1106 2053/845/1106
f 2055/847/1109 2067/860/1109 2066/859/1108 2054/846/1108
f 2056/836/1112 2068/849/1112 2067/860/1111 2055/847/1111
f 2057/848/1093 2069/861/1094 2080/862/1112 2068/849/1112
f 2058/850/1095 2070/863/1117 2069/864/1095 2057/851/1093
f 2059/852/1096 2071/865/1096 2070/863/1117 2058/850/1097
f 2060/853/1098 2072/866/1098 2071/865/1096 2059/852/1096
f 2061/854/1100 2073/867/1100 2072/866/1100 2060/853/1100
f 2062/855/1113 2074/868/1113 2073/867/1101 2061/854/1101
f 2063/856/1103 2075/869/1102 2074/868/1113 2062/855/1113
f 2064/857/1104 2076/870/1104 2075/869/1102 2063/856/1104
f 2065/858/1106 2077/871/1106 2076/870/1115 2064/857/1115
f 2066/859/1108 2078/872/1108 2077/871/1106 2065/858/1106
f 2067/860/1109 2079/873/1109 2078/872/1108 2066/859/1108
f 2068/849/1112 2080/862/1112 2079/873/1111 2067/860/1111
f 2069/861/1094 2081/874/1094 2092/875/1112 2080/862/1112
f 2070/863/1117 2082/876/1117 2081/877/1095 2069/864/1095
f 2071/865/1096 2083/878/1096 2082/876/1117 2070/863/1117
f 2072/866/1098 2084/879/1098 2083/878/1096 2071/865/1096
f 2073/867/1100 2085/880/1100 2084/879/1100 2072/866/1100
f 2074/868/1113 2086/881/1113 2085/880/1101 2073/867/1101
f 2075/869/1102 2087/882/1102 2086/881/1113 2074/868/1113
f 2076/870/1104 2088/883/1104 2087/882/1102 2075/869/1102
f 2077/871/1106 2089/884/1106 2088/883/1115 2076/870/1115
f 2078/872/1108 2090/885/1114 2089/884/1106 2077/871/1106
f 2079/873/1109 2091/886/1109 2090/885/1109 2078/872/1108
f 2080/862/1112 2092/875/1112 2091/886/1111 2079/873/1111
f 2081/874/1094 2093/887/1094 2104/888/1112 2092/875/1112
f 2082/876/1117 2094/889/1117 2093/890/1095 2081/877/1095
f 2083/878/1096 2095/891/1096 2094/889/1117 2082/876/1117
f 2084/879/1098 2096/892/1118 2095/891/1096 2083/878/1096
f 2085/880/1100 2097/893/1100 2096/892/1118 2084/879/1100
f 2086/881/1113 2098/894/1113 2097/893/1101 2085/880/1101
f 2087/882/1102 2099/895/1103 2098/894/1113 2086/881/1113
f 2088/883/1104 2100/896/1104 2099/895/1104 2087/882/1102
f 2089/884/1106 2101/897/1106 2100/896/1115 2088/883/1115
f 2090/885/1114 2102/898/1108 2101/897/1106 2089/884/1106
f 2091/886/1109 2103/899/1109 2102/898/1108 2090/885/1109
f 2092/875/1112 2104/888/1112 2103/899/1111 2091/886/1111
f 2093/887/1094 2105/900/1094 2116/901/1112 2104/888/1112
f 2094/889/1117 2106/902/1117 2105/903/1095 2093/890/1095
f 2095/891/1096 2107/904/1097 2106/902/1117 2094/889/1117
f 2096/892/1118 2108/905/1120 2107/904/1098 2095/891/1096
f 2097/893/1100 2109/906/1100 2108/905/1120 2096/892/1118
f 2098/894/1113 2110/907/1113 2109/906/1101 2097/893/1101
f 2099/895/1103 2111/908/1103 2110/907/1113 2098/894/1113
f 2100/896/1104 2112/909/1104 2111/908/1104 2099/895/1104
f 2101/897/1106 2113/910/1106 2112/909/1115 2100/896/1115
f 2102/898/1108 2114/911/1108 2113/910/1106 2101/897/1106
f 2103/899/1109 2115/912/1109 2114/911/1108 2102/898/1108
f 2104/888/1112 2116/901/1112 2115/912/1111 2103/899/1111
f 2105/900/1094 2117/913/1094 2128/914/1112 2116/901/1112
f 2106/902/1117 2118/915/1117 2117/916/1095 2105/903/1095
f 2107/904/1097 2119/917/1097 2118/915/1117 2106/902/1117
f 2108/905/1120 2120/918/1118 2119/917/1098 2107/904/1098
f 2109/906/1100 2121/919/1100 2120/918/1118 2108/905/1120
f 2110/907/1113 2122/920/1113 2121/919/1101 2109/906/1101
f 2111/908/1103 2123/921/1103 2122/920/1113 2110/907/1113
f 2112/909/1104 2124/922/1104 2123/921/1104 2111/908/1104
f 2113/910/1106 2125/923/1106 2124/922/1115 2112/909/1115
f 2114/911/1108 2126/924/1108 2125/923/1106 2113/910/1106
f 2115/912/1109 2127/925/1109 2126/924/1108 2114/911/1108
f 2116/901/1112 2128/914/1112 2127/925/1111 2115/912/1111
f 2117/913/1094 2129/926/1093 2140/927/1112 2128/914/1112
f 2118/915/1117 2130/928/1117 2129/929/1093 2117/916/1095
f 2119/917/1097 2131/930/1097 2130/928/1117 2118/915/1117
f 2120/918/1118 2132/931/1118 2131/930/1098 2119/917/1098
f 2121/919/1100 2133/932/1100 2132/931/1118 2120/918/1118
f 2122/920/1113 2134/933/1113 2133/932/1101 2121/919/1101
f 2123/921/1103 2135/934/1103 2134/933/1113 2122/920/1113
f 2124/922/1104 2136/935/1104 2135/934/1104 2123/921/1104
f 2125/923/1106 2137/936/1106 2136/935/1107 2124/922/1115
f 2126/924/1108 2138/937/1116 2137/936/1106 2125/923/1106
f 2127/925/1109 2139/938/1110 2138/937/1116 2126/924/1108
f 2128/914/1112 2140/927/1112 2139/938/1110 2127/925/1111
f 2129/926/1093 2141/939/1093 2152/940/1094 2140/927/1112
f 2130/928/1117 2142/941/1095 2141/942/1093 2129/929/1093
f 2131/930/1097 2143/943/1096 2142/941/1097 2130/928/1117
f 2132/931/1118 2144/944/1118 2143/943/1096 2131/930/1098
f 2133/932/1100 2145/945/1100 2144/944/1118 2132/931/1118
f 2134/933/1113 2146/946/1113 2145/945/1101 2133/932/1101
f 2135/934/1103 2147/947/1103 2146/946/1113 2134/933/1113
f 2136/935/1104 2148/948/1104 2147/947/1104 2135/934/1104
f 2137/936/1106 2149/949/1106 2148/948/1115 2136/935/1107
f 2138/937/1116 2150/950/1114 2149/949/1106 2137/936/1106
f 2139/938/1110 2151/951/1110 2150/950/1109 2138/937/1116
f 2140/927/1112 2152/940/1111 2151/951/1110 2139/938/1110
f 2141/939/1093 2153/952/1093 2164/953/1112 2152/940/1094
f 2142/941/1095 2154/954/1095 2153/955/1093 2141/942/1093
f 2143/943/1096 2155/956/1096 2154/954/1097 2142/941/1097
f 2144/944/1118 2156/957/1118 2155/956/1096 2143/943/1096
f 2145/945/1100 2157/958/1100 2156/957/1118 2144/944/1118
f 2146/946/1113 2158/959/1113 2157/958/1101 2145/945/1101
f 2147/947/1103 2159/960/1103 2158/959/1113 2146/946/1113
f 2148/948/1104 2160/961/1104 2159/960/1104 2147/947/1104
f 2149/949/1106 2161/962/1106 2160/961/1115 2148/948/1115
f 2150/950/1114 2162/963/1114 2161/962/1106 2149/949/1106
f 2151/951/1110 2163/964/1110 2162/963/1109 2150/950/1109
f 2152/940/1111 2164/953/1112 2163/964/1110 2151/951/1110
f 2153/952/1093 2165/965/1093 2176/966/1112 2164/953/1112
f 2154/954/1095 2166/967/1095 2165/968/1093 2153/955/1093
f 2155/956/1096 2167/969/1096 2166/967/1097 2154/954/1097
f 2156/957/1118 2168/970/1118 2167/969/1096 2155/956/1096
f 2157/958/1100 2169/971/1099 2168/970/1118 2156/957/1118
f 2158/959/1113 2170/972/1113 2169/971/1099 2157/958/1101
f 2159/960/1103 2171/973/1102 2170/972/1113 2158/959/1113
f 2160/961/1104 2172/974/1104 2171/973/1102 2159/960/1104
f 2161/962/1106 2173/975/1106 2172/974/1115 2160/961/1115
f 2162/963/1114 2174/976/1114 2173/975/1106 2161/962/1106
f 2163/964/1110 2175/977/1110 2174/976/1109 2162/963/1109
f 2164/953/1112 2176/966/1112 2175/977/1110 2163/964/1110
f 2165/965/1093 2177/978/1093 2188/979/1094 2176/966/1112
f 2166/967/1095 2178/980/1117 2177/981/1093 2165/968/1093
f 2167/969/1096 2179/982/1096 2178/980/1117 2166/967/1097
f 2168/970/1118 2180/983/1118 2179/982/1096 2167/969/1096
f 2169/971/1099 2181/984/1099 2180/983/1118 2168/970/1118
f 2170/972/1113 2182/985/1101 2181/984/1099 2169/971/1099
f 2171/973/1102 2183/986/1102 2182/985/1103 2170/972/1113
f 2172/974/1104 2184/987/1104 2183/986/1102 2171/973/1102
f 2173/975/1106 2185/988/1106 2184/987/1115 2172/974/1115
f 2174/976/1114 2186/989/1114 2185/988/1106 2173/975/1106
f 2175/977/1110 2187/990/1110 2186/989/1109 2174/976/1109
f 2176/966/1112 2188/979/1111 2187/990/1110 2175/977/1110
f 2177/978/1093 2189/991/1093 2200/992/1094 2188/979/1094
f 2178/980/1117 2190/993/1119 2189/994/1093 2177/981/1093
f 2179/982/1096 2191/995/1096 2190/993/1119 2178/980/1117
f 2180/983/1118 2192/996/1098 2191/995/1096 2179/982/1096
f 2181/984/1099 2193/997/1099 2192/996/1100 2180/983/1118
f 2182/985/1101 2194/998/1101 2193/997/1099 2181/984/1099
f 2183/986/1102 2195/999/1102 2194/998/1103 2182/985/1103
f 2184/987/1104 2196/1000/1104 2195/999/1102 2183/986/1102
f 2185/988/1106 2197/1001/1106 2196/1000/1107 2184/987/1115
f 2186/989/1114 2198/1002/1114 2197/1001/1106 2185/988/1106
f 2187/990/1110 2199/1003/1110 2198/1002/1109 2186/989/1109
f 2188/979/1111 2200/992/1111 2199/1003/1110 2187/990/1110
f 2189/991/1093 2201/1004/1093 2212/1005/1094 2200/992/1094
f 2190/993/1119 2202/1006/1095 2201/1007/1093 2189/994/1093
f 2191/995/1096 2203/1008/1096 2202/1006/1121 2190/993/1119
f 2192/996/1098 2204/1009/1098 2203/1008/1096 2191/995/1096
f 2193/997/1099 2205/1010/1099 2204/1009/1100 2192/996/1100
f 2194/998/1101 2206/1011/1101 2205/1010/1099 2193/997/1099
f 2195/999/1102 2207/1012/1102 2206/1011/1103 2194/998/1103
f 2196/1000/1104 2208/1013/1104 2207/1012/1102 2195/999/1102
f 2197/1001/1106 2209/1014/1106 2208/1013/1115 2196/1000/1107
f 2198/1002/1114 2210/1015/1116 2209/1014/1106 2197/1001/1106
f 2199/1003/1110 2211/1016/1110 2210/1015/1116 2198/1002/1109
f 2200/992/1111 2212/1005/1111 2211/1016/1110 2199/1003/1110
f 2201/1004/1093 2213/1017/1093 2224/1018/1094 2212/1005/1094
f 2202/1006/1095 2214/1019/1095 2213/1020/1093 2201/1007/1093
f 2203/1008/1096 2215/1021/1096 2214/1019/1097 2202/1006/1121
f 2204/1009/1098 2216/1022/1098 2215/1021/1096 2203/1008/1096
f 2205/1010/1099 2217/1023/1122 2216/1022/1100 2204/1009/1100
f 2206/1011/1101 2218/1024/1101 2217/1023/1122 2205/1010/1099
f 2207/1012/1102 2219/1025/1102 2218/1024/1103 2206/1011/1103
f 2208/1013/1104 2220/1026/1104 2219/1025/1102 2207/1012/1102
f 2209/1014/1106 2221/1027/1115 2220/1026/1115 2208/1013/1115
f 2210/1015/1116 2222/1028/1108 2221/1027/1114 2209/1014/1106
f 2211/1016/1110 2223/1029/1110 2222/1028/1108 2210/1015/1116
f 2212/1005/1111 2224/1018/1111 2223/1029/1110 2211/1016/1110
f 2213/1017/1093 2225/1030/1093 2236/1031/1112 2224/1018/1094
f 2214/1019/1095 2226/1032/1117 2225/1033/1093 2213/1020/1093
f 2215/1021/1096 2227/1034/1096 2226/1032/1117 2214/1019/1097
f 2216/1022/1098 2228/1035/1098 2227/1034/1096 2215/1021/1096
f 2217/1023/1122 2229/1036/1122 2228/1035/1100 2216/1022/1100
f 2218/1024/1101 2230/1037/1113 2229/1036/1122 2217/1023/1122
f 2219/1025/1102 2231/1038/1102 2230/1037/1113 2218/1024/1103
f 2220/1026/1104 2232/1039/1104 2231/1038/1102 2219/1025/1102
f 2221/1027/1115 2233/1040/1106 2232/1039/1115 2220/1026/1115
f 2222/1028/1108 2234/1041/1108 2233/1040/1106 2221/1027/1114
f 2223/1029/1110 2235/1042/1123 2234/1041/1108 2222/1028/1108
f 2224/1018/1111 2236/1031/1112 2235/1042/1111 2223/1029/1110
f 2225/1030/1093 2237/1043/1094 2248/1044/1112 2236/1031/1112
f 2226/1032/1117 2238/1045/1117 2237/1046/1095 2225/1033/1093
f 2227/1034/1096 2239/1047/1096 2238/1045/1117 2226/1032/1117
f 2228/1035/1098 2240/1048/1118 2239/1047/1096 2227/1034/1096
f 2229/1036/1122 2241/1049/1100 2240/1048/1118 2228/1035/1100
f 2230/1037/1113 2242/1050/1113 2241/1049/1101 2229/1036/1122
f 2231/1038/1102 2243/1051/1103 2242/1050/1113 2230/1037/1113
f 2232/1039/1104 2244/1052/1105 2243/1051/1104 2231/1038/1102
f 2233/1040/1106 2245/1053/1106 2244/1052/1105 2232/1039/1115
f 2234/1041/1108 2246/1054/1108 2245/1053/1106 2233/1040/1106
f 2235/1042/1123 2247/1055/1109 2246/1054/1108 2234/1041/1108
f 2236/1031/1112 2248/1044/1112 2247/1055/1111 2235/1042/1111
f 2237/1043/1094 2249/1056/1094 2260/1057/1112 2248/1044/1112
f 2238/1045/1117 2250/1058/1095 2249/1059/1095 2237/1046/1095
f 2239/1047/1096 2251/1060/1096 2250/1058/1097 2238/1045/1117
f 2240/1048/1118 2252/1061/1118 2251/1060/1096 2239/1047/1096
f 2241/1049/1100 2253/1062/1100 2252/1061/1118 2240/1048/1118
f 2242/1050/1113 2254/1063/1113 2253/1062/1101 2241/1049/1101
f 2243/1051/1103 2255/1064/1103 2254/1063/1113 2242/1050/1113
f 2244/1052/1105 2256/1065/1105 2255/1064/1104 2243/1051/1104
f 2245/1053/1106 2257/1066/1106 2256/1065/1105 2244/1052/1105
f 2246/1054/1108 2258/1067/1114 2257/1066/1106 2245/1053/1106
f 2247/1055/1109 2259/1068/1110 2258/1067/1109 2246/1054/1108
f 2248/1044/1112 2260/1057/1112 2259/1068/1110 2247/1055/1111
f 2249/1056/1094 2261/1069/1093 2272/1070/1112 2260/1057/1112
f 2250/1058/1095 2262/1071/1095 2261/1072/1093 2249/1059/1095
f 2251/1060/1096 2263/1073/1096 2262/1071/1097 2250/1058/1097
f 2252/1061/1118 2264/1074/1118 2263/1073/1096 2251/1060/1096
f 2253/1062/1100 2265/1075/1100 2264/1074/1118 2252/1061/1118
f 2254/1063/1113 2266/1076/1113 2265/1075/1101 2253/1062/1101
f 2255/1064/1103 2267/1077/1102 2266/1076/1113 2254/1063/1113
f 2256/1065/1105 2268/1078/1104 2267/1077/1102 2255/1064/1104
f 2257/1066/1106 2269/1079/1106 2268/1078/1107 2256/1065/1105
f 2258/1067/1114 2270/1080/1114 2269/1079/1106 2257/1066/1106
f 2259/1068/1110 2271/1081/1110 2270/1080/1109 2258/1067/1109
f 2260/1057/1112 2272/1070/1112 2271/1081/1110 2259/1068/1110
f 2261/1069/1093 2273/1082/1093 2284/1083/1112 2272/1070/1112
f 2262/1071/1095 2274/1084/1095 2273/1085/1093 2261/1072/1093
f 2263/1073/1096 2275/1086/1096 2274/1084/1097 2262/1071/1097
f 2264/1074/1118 2276/1087/1118 2275/1086/1096 2263/1073/1096
f 2265/1075/1100 2277/1088/1100 2276/1087/1118 2264/1074/1118
f 2266/1076/1113 2278/1089/1101 2277/1088/1101 2265/1075/1101
f 2267/1077/1102 2279/1090/1102 2278/1089/1103 2266/1076/1113
f 2268/1078/1104 2280/1091/1104 2279/1090/1102 2267/1077/1102
f 2269/1079/1106 2281/1092/1106 2280/1091/1115 2268/1078/1107
f 2270/1080/1114 2282/1093/1114 2281/1092/1106 2269/1079/1106
f 2271/1081/1110 2283/1094/1109 2282/1093/1109 2270/1080/1109
f 2272/1070/1112 2284/1083/1112 2283/1094/1111 2271/1081/1110
f 2273/1082/1093 2285/1095/1094 2296/1096/1112 2284/1083/1112
f 2274/1084/1095 2286/1097/1117 2285/1098/1095 2273/1085/1093
f 2275/1086/1096 2287/1099/1096 2286/1097/1117 2274/1084/1097
f 2276/1087/1118 2288/1100/1118 2287/1099/1096 2275/1086/1096
f 2277/1088/1100 2289/1101/1100 2288/1100/1118 2276/1087/1118
f 2278/1089/1101 2290/1102/1113 2289/1101/1101 2277/1088/1101
f 2279/1090/1102 2291/1103/1102 2290/1102/1113 2278/1089/1103
f 2280/1091/1104 2292/1104/1104 2291/1103/1102 2279/1090/1102
f 2281/1092/1106 2293/1105/1106 2292/1104/1115 2280/1091/1115
f 2282/1093/1114 2294/1106/1114 2293/1105/1106 2281/1092/1106
f 2283/1094/1109 2295/1107/1110 2294/1106/1109 2282/1093/1109
f 2284/1083/1112 2296/1096/1112 2295/1107/1110 2283/1094/1111
f 2285/1095/1094 2297/1108/1094 2308/1109/1112 2296/1096/1112
f 2286/1097/1117 2298/1110/1117 2297/1111/1095 2285/1098/1095
f 2287/1099/1096 2299/1112/1096 2298/1110/1117 2286/1097/1117
f 2288/1100/1118 2300/1113/1118 2299/1112/1096 2287/1099/1096
f 2289/1101/1100 2301/1114/1100 2300/1113/1118 2288/1100/1118
f 2290/1102/1113 2302/1115/1113 2301/1114/1101 2289/1101/1101
f 2291/1103/1102 2303/1116/1102 2302/1115/1113 2290/1102/1113
f 2292/1104/1104 2304/1117/1104 2303/1116/1102 2291/1103/1102
f 2293/1105/1106 2305/1118/1106 2304/1117/1115 2292/1104/1115
f 2294/1106/1114 2306/1119/1114 2305/1118/1106 2293/1105/1106
f 2295/1107/1110 2307/1120/1110 2306/1119/1109 2294/1106/1109
f 2296/1096/1112 2308/1109/1112 2307/1120/1110 2295/1107/1110
f 2297/1108/1094 2309/1121/1094 2320/1122/1112 2308/1109/1112
f 2298/1110/1117 2310/1123/1117 2309/1124/1095 2297/1111/1095
f 2299/1112/1096 2311/1125/1097 2310/1123/1117 2298/1110/1117
f 2300/1113/1118 2312/1126/1118 2311/1125/1098 2299/1112/1096
f 2301/1114/1100 2313/1127/1100 2312/1126/1118 2300/1113/1118
f 2302/1115/1113 2314/1128/1101 2313/1127/1101 2301/1114/1101
f 2303/1116/1102 2315/1129/1102 2314/1128/1103 2302/1115/1113
f 2304/1117/1104 2316/1130/1104 2315/1129/1102 2303/1116/1102
f 2305/1118/1106 2317/1131/1106 2316/1130/1115 2304/1117/1115
f 2306/1119/1114 2318/1132/1108 2317/1131/1106 2305/1118/1106
f 2307/1120/1110 2319/1133/1110 2318/1132/1108 2306/1119/1109
f 2308/1109/1112 2320/1122/1112 2319/1133/1110 2307/1120/1110
f 2309/1121/1094 2321/1134/1093 2332/1135/1112 2320/1122/1112
f 2310/1123/1117 2322/1136/1117 2321/1137/1093 2309/1124/1095
f 2311/1125/1097 2323/1138/1097 2322/1136/1117 2310/1123/1117
f 2312/1126/1118 2324/1139/1118 2323/1138/1098 2311/1125/1098
f 2313/1127/1100 2325/1140/1099 2324/1139/1118 2312/1126/1118
f 2314/1128/1101 2326/1141/1101 2325/1140/1099 2313/1127/1101
f 2315/1129/1102 2327/1142/1102 2326/1141/1103 2314/1128/1103
f 2316/1130/1104 2328/1143/1104 2327/1142/1102 2315/1129/1102
f 2317/1131/1106 2329/1144/1106 2328/1143/1115 2316/1130/1115
f 2318/1132/1108 2330/1145/1108 2329/1144/1106 2317/1131/1106
f 2319/1133/1110 2331/1146/1110 2330/1145/1108 2318/1132/1108
f 2320/1122/1112 2332/1135/1112 2331/1146/1110 2319/1133/1110
f 2321/1134/1093 2333/1147/1093 2344/1148/1094 2332/1135/1112
f 2322/1136/1117 2334/1149/1095 2333/1150/1093 2321/1137/1093
f 2323/1138/1097 2335/1151/1096 2334/1149/1097 2322/1136/1117
f 2324/1139/1118 2336/1152/1118 2335/1151/1096 2323/1138/1098
f 2325/1140/1099 2337/1153/1099 2336/1152/1118 2324/1139/1118
f 2326/1141/1101 2338/1154/1101 2337/1153/1099 2325/1140/1099
f 2327/1142/1102 2339/1155/1102 2338/1154/1103 2326/1141/1103
f 2328/1143/1104 2340/1156/1104 2339/1155/1102 2327/1142/1102
f 2329/1144/1106 2341/1157/1106 2340/1156/1115 2328/1143/1115
f 2330/1145/1108 2342/1158/1114 2341/1157/1106 2329/1144/1106
f 2331/1146/1110 2343/1159/1110 2342/1158/1109 2330/1145/1108
f 2332/1135/1112 2344/1148/1111 2343/1159/1110 2331/1146/1110
f 2333/1147/1093 2345/1160/1093 2356/1161/1094 2344/1148/1094
f 2334/1149/1095 2346/1162/1095 2345/1163/1093 2333/1150/1093
f 2335/1151/1096 2347/1164/1096 2346/1162/1097 2334/1149/1097
f 2336/1152/1118 2348/1165/1098 2347/1164/1096 2335/1151/1096
f 2337/1153/1099 2349/1166/1122 2348/1165/1100 2336/1152/1118
f 2338/1154/1101 2350/1167/1101 2349/1166/1122 2337/1153/1099
f 2339/1155/1102 2351/1168/1102 2350/1167/1103 2338/1154/1103
f 2340/1156/1104 2352/1169/1104 2351/1168/1102 2339/1155/1102
f 2341/1157/1106 2353/1170/1106 2352/1169/1115 2340/1156/1115
f 2342/1158/1114 2354/1171/1114 2353/1170/1106 2341/1157/1106
f 2343/1159/1110 2355/1172/1110 2354/1171/1109 2342/1158/1109
f 2344/1148/1111 2356/1161/1111 2355/1172/1110 2343/1159/1110
f 2345/1160/1093 2357/1173/1093 2368/1174/1094 2356/1161/1094
f 2346/1162/1095 2358/1175/1095 2357/1176/1093 2345/1163/1093
f 2347/1164/1096 2359/1177/1096 2358/1175/1121 2346/1162/1097
f 2348/1165/1098 2360/1178/1098 2359/1177/1096 2347/1164/1096
f 2349/1166/1122 2361/1179/1099 2360/1178/1100 2348/1165/1100
f 2350/1167/1101 2362/1180/1101 2361/1179/1099 2349/1166/1122
f 2351/1168/1102 2363/1181/1102 2362/1180/1103 2350/1167/1103
f 2352/1169/1104 2364/1182/1104 2363/1181/1102 2351/1168/1102
f 2353/1170/1106 2365/1183/1106 2364/1182/1115 2352/1169/1115
f 2354/1171/1114 2366/1184/1114 2365/1183/1106 2353/1170/1106
f 2355/1172/1110 2367/1185/1110 2366/1184/1109 2354/1171/1109
f 2356/1161/1111 2368/1174/1111 2367/1185/1110 2355/1172/1110
f 2357/1173/1093 2369/1186/1093 2380/1187/1094 2368/1174/1094
f 2358/1175/1095 2370/1188/1095 2369/1189/1093 2357/1176/1093
f 2359/1177/1096 2371/1190/1096 2370/1188/1097 2358/1175/1121
f 2360/1178/1098 2372/1191/1098 2371/1190/1096 2359/1177/1096
f 2361/1179/1099 2373/1192/1099 2372/1191/1100 2360/1178/1100
f 2362/1180/1101 2374/1193/1101 2373/1192/1099 2361/1179/1099
f 2363/1181/1102 2375/1194/1102 2374/1193/1103 2362/1180/1103
f 2364/1182/1104 2376/1195/1104 2375/1194/1102 2363/1181/1102
f 2365/1183/1106 2377/1196/1106 2376/1195/1115 2364/1182/1115
f 2366/1184/1114 2378/1197/1114 2377/1196/1106 2365/1183/1106
f 2367/1185/1110 2379/1198/1110 2378/1197/1109 2366/1184/1109
f 2368/1174/1111 2380/1187/1111 2379/1198/1110 2367/1185/1110
f 2369/1186/1093 2381/1199/1093 2392/1200/1094 2380/1187/1094
f 2370/1188/1095 2382/1201/1095 2381/1202/1093 2369/1189/1093
f 2371/1190/1096 2383/1203/1096 2382/1201/1097 2370/1188/1097
f 2372/1191/1098 2384/1204/1098 2383/1203/1096 2371/1190/1096
f 2373/1192/1099 2385/1205/1099 2384/1204/1100 2372/1191/1100
f 2374/1193/1101 2386/1206/1101 2385/1205/1099 2373/1192/1099
f 2375/1194/1102 2387/1207/1102 2386/1206/1103 2374/1193/1103
f 2376/1195/1104 2388/1208/1104 2387/1207/1102 2375/1194/1102
f 2377/1196/1106 2389/1209/1106 2388/1208/1115 2376/1195/1115
f 2378/1197/1114 2390/1210/1114 2389/1209/1106 2377/1196/1106
f 2379/1198/1110 2391/1211/1110 2390/1210/1109 2378/1197/1109
f 2380/1187/1111 2392/1200/1111 2391/1211/1110 2379/1198/1110
f 2381/1199/1093 2393/1212/1093 2404/1213/1094 2392/1200/1094
f 2382/1201/1095 2394/1214/1095 2393/1215/1093 2381/1202/1093
f 2383/1203/1096 2395/1216/1096 2394/1214/1097 2382/1201/1097
f 2384/1204/1098 2396/1217/1098 2395/1216/1096 2383/1203/1096
f 2385/1205/1099 2397/1218/1099 2396/1217/1100 2384/1204/1100
f 2386/1206/1101 2398/1219/1101 2397/1218/1099 2385/1205/1099
f 2387/1207/1102 2399/1220/1102 2398/1219/1103 2386/1206/1103
f 2388/1208/1104 2400/1221/1104 2399/1220/1102 2387/1207/1102
f 2389/1209/1106 2401/1222/1106 2400/1221/1115 2388/1208/1115
f 2390/1210/1114 2402/1223/1114 2401/1222/1106 2389/1209/1106
f 2391/1211/1110 2403/1224/1110 2402/1223/1109 2390/1210/1109
f 2392/1200/1111 2404/1213/1111 2403/1224/1110 2391/1211/1110
f 2393/1212/1093 2405/1225/1093 2416/1226/1094 2404/1213/1094
f 2394/1214/1095 2406/1227/1095 2405/1228/1093 2393/1215/1093
f 2395/1216/1096 2407/1229/1096 2406/1227/1097 2394/1214/1097
f 2396/1217/1098 2408/1230/1098 2407/1229/1096 2395/1216/1096
f 2397/1218/1099 2409/1231/1099 2408/1230/1100 2396/1217/1100
f 2398/1219/1101 2410/1232/1101 2409/1231/1099 2397/1218/1099
f 2399/1220/1102 2411/1233/1102 2410/1232/1103 2398/1219/1103
f 2400/1221/1104 2412/1234/1104 2411/1233/1102 2399/1220/1102
f 2401/1222/1106 2413/1235/1106 2412/1234/1115 2400/1221/1115
f 2402/1223/1114 2414/1236/1114 2413/1235/1106 2401/1222/1106
f 2403/1224/1110 2415/1237/1110 2414/1236/1109 2402/1223/1109
f 2404/1213/1111 2416/1226/1111 2415/1237/1110 2403/1224/1110
f 2405/1225/1093 2417/1238/1093 2428/1239/1112 2416/1226/1094
f 2406/1227/1095 2418/1240/1095 2417/1241/1093 2405/1228/1093
f 2407/1229/1096 2419/1242/1096 2418/1240/1097 2406/1227/1097
f 2408/1230/1098 2420/1243/1098 2419/1242/1096 2407/1229/1096
f 2409/1231/1099 2421/1244/1099 2420/1243/1100 2408/1230/1100
f 2410/1232/1101 2422/1245/1101 2421/1244/1099 2409/1231/1099
f 2411/1233/1102 2423/1246/1102 2422/1245/1103 2410/1232/1103
f 2412/1234/1104 2424/1247/1104 2423/1246/1102 2411/1233/1102
f 2413/1235/1106 2425/1248/1106 2424/1247/1115 2412/1234/1115
f 2414/1236/1114 2426/1249/1108 2425/1248/1106 2413/1235/1106
f 2415/1237/1110 2427/1250/1110 2426/1249/1108 2414/1236/1109
f 2416/1226/1111 2428/1239/1112 2427/1250/1110 2415/1237/1110
f 2417/1238/1093 2429/1251/1093 2440/1252/1112 2428/1239/1112
f 2418/1240/1095 2430/1253/1095 2429/1254/1093 2417/1241/1093
f 2419/1242/1096 2431/1255/1096 2430/1253/1121 2418/1240/1097
f 2420/1243/1098 2432/1256/1098 2431/1255/1096 2419/1242/1096
f 2421/1244/1099 2433/1257/1099 2432/1256/1100 2420/1243/1100
f 2422/1245/1101 2434/1258/1101 2433/1257/1099 2421/1244/1099
f 2423/1246/1102 2435/1259/1102 2434/1258/1103 2422/1245/1103
f 2424/1247/1104 2436/1260/1104 2435/1259/1102 2423/1246/1102
f 2425/1248/1106 2437/1261/1106 2436/1260/1115 2424/1247/1115
f 2426/1249/1108 2438/1262/1108 2437/1261/1106 2425/1248/1106
f 2427/1250/1110 2439/1263/1109 2438/1262/1108 2426/1249/1108
f 2428/1239/1112 2440/1252/1112 2439/1263/1111 2427/1250/1110
f 2429/1251/1093 2441/1264/1093 2452/1265/1112 2440/1252/1112
f 2430/1253/1095 2442/1266/1095 2441/1267/1093 2429/1254/1093
f 2431/1255/1096 2443/1268/1096 2442/1266/1097 2430/1253/1121
f 2432/1256/1098 2444/1269/1098 2443/1268/1096 2431/1255/1096
f 2433/1257/1099 2445/1270/1099 2444/1269/1100 2432/1256/1100
f 2434/1258/1101 2446/1271/1101 2445/1270/1099 2433/1257/1099
f 2435/1259/1102 2447/1272/1102 2446/1271/1103 2434/1258/1103
f 2436/1260/1104 2448/1273/1104 2447/1272/1102 2435/1259/1102
f 2437/1261/1106 2449/1274/1106 2448/1273/1115 2436/1260/1115
f 2438/1262/1108 2450/1275/1108 2449/1274/1106 2437/1261/1106
f 2439/1263/1109 2451/1276/1109 2450/1275/1108 2438/1262/1108
f 2440/1252/1112 2452/1265/1112 2451/1276/1111 2439/1263/1111
f 2441/1264/1093 2453/1277/1093 2464/1278/1112 2452/1265/1112
f 2442/1266/1095 2454/1279/1095 2453/1280/1093 2441/1267/1093
f 2443/1268/1096 2455/1281/1096 2454/1279/1097 2442/1266/1097
f 2444/1269/1098 2456/1282/1098 2455/1281/1096 2443/1268/1096
f 2445/1270/1099 2457/1283/1099 2456/1282/1100 2444/1269/1100
f 2446/1271/1101 2458/1284/1101 2457/1283/1099 2445/1270/1099
f 2447/1272/1102 2459/1285/1102 2458/1284/1103 2446/1271/1103
f 2448/1273/1104 2460/1286/1104 2459/1285/1102 2447/1272/1102
f 2449/1274/1106 2461/1287/1115 2460/1286/1115 2448/1273/1115
f 2450/1275/1108 2462/1288/1108 2461/1287/1114 2449/1274/1106
f 2451/1276/1109 2463/1289/1110 2462/1288/1108 2450/1275/1108
f 2452/1265/1112 2464/1278/1112 2463/1289/1110 2451/1276/1111
f 2453/1277/1093 2465/1290/1093 2476/1291/1094 2464/1278/1112
f 2454/1279/1095 2466/1292/1095 2465/1293/1093 2453/1280/1093
f 2455/1281/1096 2467/1294/1096 2466/1292/1097 2454/1279/1097
f 2456/1282/1098 2468/1295/1098 2467/1294/1096 2455/1281/1096
f 2457/1283/1099 2469/1296/1099 2468/1295/1100 2456/1282/1100
f 2458/1284/1101 2470/1297/1101 2469/1296/1099 2457/1283/1099
f 2459/1285/1102 2471/1298/1102 2470/1297/1103 2458/1284/1103
f 2460/1286/1104 2472/1299/1104 2471/1298/1102 2459/1285/1102
f 2461/1287/1115 2473/1300/1115 2472/1299/1115 2460/1286/1115
f 2462/1288/1108 2474/1301/1108 2473/1300/1114 2461/1287/1114
f 2463/1289/1110 2475/1302/1110 2474/1301/1108 2462/1288/1108
f 2464/1278/1112 2476/1291/1111 2475/1302/1110 2463/1289/1110
f 2465/1290/1093 2477/298/1124 2488/1303/1094 2476/1291/1094
f 2466/1292/1095 2478/1304/1095 2477/1305/1124 2465/1293/1093
f 2467/1294/1096 2479/1306/1096 2478/1304/1121 2466/1292/1097
f 2468/1295/1098 2480/1307/1098 2479/1306/1096 2467/1294/1096
f 2469/1296/1099 2481/1308/1099 2480/1307/1100 2468/1295/1100
f 2470/1297/1101 2482/1309/1101 2481/1308/1099 2469/1296/1099
f 2471/1298/1102 2483/230/1102 2482/1309/1103 2470/1297/1103
f 2472/1299/1104 2484/1310/1104 2483/230/1102 2471/1298/1102
f 2473/1300/1115 2485/1311/1107 2484/1310/1107 2472/1299/1115
f 2474/1301/1108 2486/1312/1114 2485/1311/1114 2473/1300/1114
f 2475/1302/1110 2487/1313/1110 2486/1312/1109 2474/1301/1108
f 2476/1291/1111 2488/1303/1111 2487/1313/1110 2475/1302/1110
