# Blender 4.5.2 LTS
# www.blender.org
mtllib Iot wireless intelligent node.mtl
o Iot_wireless_intelligent_node.006
v 4.495663 0.326958 -0.173609
v 4.490989 0.325121 -0.804571
v 4.325441 0.330183 -0.172362
v 4.320767 0.328347 -0.803323
v 4.609464 -0.008279 0.229225
v 4.604738 -0.008204 0.224509
v 4.598289 -0.008087 0.222789
v 4.591843 -0.00796 0.224524
v 4.587129 -0.007856 0.229251
v 4.585409 -0.007804 0.235701
v 4.587144 -0.007817 0.242148
v 4.59187 -0.007892 0.246863
v 4.59832 -0.008009 0.248584
v 4.604765 -0.008136 0.246848
v 4.609479 -0.00824 0.242122
v 4.611199 -0.008292 0.235671
v 4.609593 -0.001099 0.229056
v 4.604865 -0.001197 0.224345
v 4.598414 -0.001149 0.222626
v 4.591969 -0.00097 0.22436
v 4.587258 -0.000708 0.229083
v 4.585543 -0.000432 0.235528
v 4.587282 -0.000216 0.241969
v 4.592011 -0.000119 0.246681
v 4.598462 -0.000166 0.248399
v 4.604906 -0.000345 0.246665
v 4.609618 -0.000608 0.241943
v 4.611333 -0.000884 0.235497
v 4.609703 0.005554 0.228619
v 4.604971 0.00528 0.22392
v 4.598519 0.005257 0.222205
v 4.592075 0.005489 0.223936
v 4.587367 0.005915 0.228648
v 4.585655 0.006421 0.235078
v 4.587398 0.006871 0.241504
v 4.59213 0.007144 0.246203
v 4.598582 0.007168 0.247917
v 4.605025 0.006936 0.246187
v 4.609734 0.00651 0.241475
v 4.611446 0.006004 0.235045
v 4.609793 0.011723 0.227946
v 4.605059 0.01127 0.223266
v 4.598606 0.011174 0.22156
v 4.592163 0.011461 0.223284
v 4.587457 0.012053 0.227978
v 4.585748 0.012793 0.234383
v 4.587495 0.013481 0.240782
v 4.592229 0.013934 0.245462
v 4.598683 0.01403 0.247168
v 4.605125 0.013743 0.245444
v 4.609832 0.013151 0.24075
v 4.61154 0.012411 0.234346
v 4.609868 0.017448 0.227067
v 4.605131 0.016816 0.222414
v 4.598677 0.016648 0.220719
v 4.592235 0.01699 0.222436
v 4.587531 0.017749 0.227103
v 4.585825 0.018723 0.233472
v 4.587575 0.019651 0.239835
v 4.592312 0.020283 0.244487
v 4.598766 0.020451 0.246182
v 4.605208 0.020109 0.244466
v 4.609912 0.01935 0.239798
v 4.611618 0.018376 0.23343
v 4.609928 0.022769 0.226009
v 4.605189 0.021959 0.221392
v 4.598735 0.02172 0.219711
v 4.592293 0.022116 0.221417
v 4.587591 0.023042 0.226052
v 4.585888 0.024249 0.232374
v 4.587641 0.025414 0.23869
v 4.59238 0.026224 0.243307
v 4.598835 0.026463 0.244988
v 4.605276 0.026066 0.243282
v 4.609978 0.025141 0.238648
v 4.611681 0.023934 0.232325
v 4.609977 0.027724 0.224799
v 4.605236 0.026739 0.220225
v 4.598781 0.026431 0.218561
v 4.59234 0.026881 0.220253
v 4.587639 0.02797 0.224848
v 4.585939 0.029405 0.231115
v 4.587694 0.030802 0.237374
v 4.592434 0.031787 0.241948
v 4.59889 0.032095 0.243613
v 4.60533 0.031644 0.24192
v 4.610031 0.030556 0.237325
v 4.611732 0.029121 0.231059
v 4.610015 0.032348 0.22346
v 4.605273 0.031196 0.218934
v 4.598817 0.030821 0.217289
v 4.592376 0.031324 0.218966
v 4.587677 0.03257 0.223516
v 4.585979 0.034226 0.229719
v 4.587736 0.035847 0.235913
v 4.592477 0.036999 0.240439
v 4.598933 0.037374 0.242084
v 4.605374 0.036871 0.240406
v 4.610073 0.035625 0.235857
v 4.611772 0.033969 0.229654
v 4.610044 0.036678 0.222011
v 4.605301 0.035366 0.217539
v 4.598845 0.034928 0.215915
v 4.592404 0.035481 0.217575
v 4.587707 0.036877 0.222074
v 4.586009 0.038742 0.228207
v 4.587768 0.040577 0.23433
v 4.59251 0.041889 0.238803
v 4.598967 0.042327 0.240427
v 4.605407 0.041774 0.238766
v 4.610105 0.040377 0.234267
v 4.611803 0.038512 0.228134
v 4.610066 0.040745 0.220472
v 4.605322 0.039283 0.216056
v 4.598866 0.038786 0.214454
v 4.592426 0.039387 0.216097
v 4.587728 0.040924 0.220543
v 4.586032 0.042985 0.226601
v 4.587791 0.045019 0.232649
v 4.592535 0.046481 0.237065
v 4.598992 0.046978 0.238667
v 4.605432 0.046377 0.237024
v 4.610129 0.044841 0.232578
v 4.611825 0.042779 0.226519
v 4.610082 0.04458 0.218858
v 4.605338 0.042982 0.214499
v 4.59888 0.04243 0.212921
v 4.592441 0.043074 0.214545
v 4.587744 0.044741 0.218937
v 4.586048 0.046983 0.224919
v 4.587809 0.049201 0.23089
v 4.592553 0.0508 0.235248
v 4.59901 0.051351 0.236827
v 4.60545 0.050707 0.235203
v 4.610147 0.049041 0.230811
v 4.611842 0.046798 0.224828
v 4.610092 0.048213 0.217183
v 4.605348 0.04649 0.212882
v 4.59889 0.045889 0.211326
v 4.592451 0.046573 0.212932
v 4.587754 0.048357 0.21727
v 4.586059 0.050763 0.223177
v 4.58782 0.053148 0.229071
v 4.592565 0.054871 0.233372
v 4.599022 0.055471 0.234928
v 4.605461 0.054788 0.233322
v 4.610158 0.053004 0.228984
v 4.611853 0.050597 0.223077
v 4.610098 0.05167 0.215461
v 4.605353 0.049836 0.211215
v 4.598896 0.049191 0.20968
v 4.592456 0.04991 0.211269
v 4.58776 0.051798 0.215555
v 4.586065 0.054351 0.221389
v 4.587826 0.056883 0.22721
v 4.592571 0.058717 0.231456
v 4.599029 0.059361 0.23299
v 4.605468 0.058643 0.231401
v 4.610164 0.056755 0.227115
v 4.611859 0.054202 0.221281
v 4.6101 0.054974 0.213701
v 4.605355 0.053043 0.209506
v 4.598898 0.052361 0.207992
v 4.592458 0.053109 0.209565
v 4.587762 0.055089 0.213802
v 4.586068 0.057769 0.219569
v 4.587829 0.060431 0.22532
v 4.592573 0.062362 0.229515
v 4.59903 0.063044 0.231029
v 4.60547 0.062295 0.229456
v 4.610167 0.060316 0.225219
v 4.611861 0.057636 0.219452
v 4.610099 0.058149 0.211912
v 4.605354 0.056135 0.207764
v 4.598897 0.055419 0.206269
v 4.592457 0.056193 0.207827
v 4.587761 0.058251 0.212021
v 4.586066 0.061039 0.217727
v 4.587827 0.063813 0.223416
v 4.592572 0.065827 0.227563
v 4.59903 0.066543 0.229059
v 4.605469 0.065768 0.2275
v 4.610165 0.063711 0.223307
v 4.61186 0.060922 0.217601
v 4.610095 0.061215 0.210103
v 4.60535 0.05913 0.205997
v 4.598893 0.058385 0.204519
v 4.592453 0.059181 0.206064
v 4.587757 0.061303 0.21022
v 4.586062 0.064183 0.215871
v 4.587822 0.06705 0.221505
v 4.592567 0.069135 0.225611
v 4.599025 0.06988 0.22709
v 4.605464 0.069084 0.225544
v 4.610161 0.066962 0.221389
v 4.611856 0.064081 0.215737
v 4.610087 0.064188 0.20828
v 4.605343 0.062045 0.204209
v 4.598886 0.061276 0.202746
v 4.592446 0.062088 0.204282
v 4.587749 0.064263 0.208404
v 4.586054 0.067219 0.21401
v 4.587815 0.070163 0.219596
v 4.59256 0.072307 0.223666
v 4.599017 0.073076 0.22513
v 4.605456 0.072264 0.223594
v 4.610153 0.070088 0.219471
v 4.611848 0.067133 0.213866
v 4.610077 0.067086 0.206447
v 4.605333 0.064894 0.202407
v 4.598876 0.064104 0.200957
v 4.592436 0.064928 0.202485
v 4.587739 0.067146 0.206581
v 4.586044 0.070163 0.212148
v 4.587804 0.073171 0.217694
v 4.592549 0.075363 0.221734
v 4.599006 0.076153 0.223184
v 4.605446 0.075328 0.221656
v 4.610142 0.073111 0.21756
v 4.611837 0.070094 0.211993
v 4.610064 0.069922 0.204608
v 4.605319 0.06769 0.200595
v 4.598863 0.066882 0.199156
v 4.592423 0.067715 0.200678
v 4.587726 0.069966 0.204753
v 4.58603 0.073031 0.210288
v 4.58779 0.07609 0.215801
v 4.592535 0.078323 0.219815
v 4.598992 0.079131 0.221253
v 4.605432 0.078298 0.219731
v 4.610128 0.076047 0.215656
v 4.611824 0.072981 0.210121
v 4.610047 0.072708 0.202765
v 4.605303 0.070441 0.198774
v 4.598846 0.069617 0.197347
v 4.592406 0.070455 0.198865
v 4.587709 0.072732 0.202923
v 4.586013 0.075837 0.208432
v 4.587773 0.078938 0.213917
v 4.592517 0.081205 0.217908
v 4.598974 0.082029 0.219336
v 4.605414 0.081191 0.217817
v 4.610111 0.078914 0.21376
v 4.611807 0.075809 0.20825
v 4.610026 0.075454 0.200919
v 4.605282 0.073157 0.196948
v 4.598825 0.072317 0.195531
v 4.592385 0.073158 0.197048
v 4.587688 0.075455 0.201092
v 4.585992 0.078593 0.206579
v 4.587752 0.08173 0.21204
v 4.592495 0.084027 0.216011
v 4.598952 0.084867 0.217428
v 4.605392 0.084026 0.215911
v 4.610089 0.081729 0.211867
v 4.611785 0.078591 0.20638
v 4.61 0.078167 0.199068
v 4.605256 0.075842 0.195117
v 4.5988 0.074986 0.193711
v 4.59236 0.075828 0.195227
v 4.587663 0.078143 0.199259
v 4.585966 0.081309 0.204727
v 4.587726 0.08448 0.210165
v 4.592469 0.086805 0.214116
v 4.598926 0.087661 0.215523
v 4.605366 0.086819 0.214006
v 4.610063 0.084505 0.209974
v 4.611759 0.081338 0.204507
v 4.609968 0.080855 0.197211
v 4.605225 0.078501 0.19328
v 4.598769 0.077627 0.191886
v 4.592329 0.078469 0.193402
v 4.587631 0.080799 0.197423
v 4.585935 0.083995 0.202871
v 4.587694 0.087199 0.208286
v 4.592437 0.089554 0.212217
v 4.598893 0.090427 0.213611
v 4.605333 0.089586 0.212094
v 4.610031 0.087255 0.208073
v 4.611727 0.084059 0.202626
v 4.60993 0.083522 0.195341
v 4.605187 0.081134 0.191434
v 4.598731 0.080241 0.190053
v 4.592291 0.081081 0.191571
v 4.587594 0.08343 0.195579
v 4.585896 0.086657 0.201004
v 4.587655 0.089899 0.206393
v 4.592398 0.092287 0.210301
v 4.598854 0.09318 0.211681
v 4.605294 0.09234 0.210164
v 4.609992 0.089991 0.206155
v 4.611689 0.086764 0.20073
v 4.609884 0.086171 0.193454
v 4.605142 0.083744 0.189574
v 4.598686 0.082827 0.188211
v 4.592247 0.083666 0.189729
v 4.587548 0.086036 0.193722
v 4.585851 0.089302 0.19912
v 4.587608 0.092589 0.204476
v 4.59235 0.095016 0.208356
v 4.598806 0.095933 0.20972
v 4.605246 0.095093 0.208201
v 4.609944 0.092723 0.204208
v 4.611642 0.089457 0.19881
v 4.609829 0.088803 0.19154
v 4.605088 0.086328 0.187695
v 4.598633 0.085384 0.186352
v 4.592193 0.086223 0.18787
v 4.587494 0.08862 0.191843
v 4.585795 0.091934 0.197206
v 4.587552 0.095276 0.202522
v 4.592293 0.097751 0.206367
v 4.598748 0.098695 0.207711
v 4.605188 0.097856 0.206193
v 4.609887 0.095458 0.20222
v 4.611585 0.092145 0.196857
v 4.609763 0.091418 0.18959
v 4.605023 0.088885 0.185789
v 4.598569 0.087908 0.18447
v 4.592129 0.088749 0.185987
v 4.58743 0.091182 0.189933
v 4.58573 0.094556 0.195252
v 4.587484 0.097966 0.200517
v 4.592224 0.1005 0.204318
v 4.598678 0.101477 0.205637
v 4.605118 0.100636 0.20412
v 4.609818 0.098203 0.200174
v 4.611517 0.094829 0.194855
v 4.609685 0.094016 0.187592
v 4.604948 0.091412 0.183845
v 4.598495 0.090397 0.182556
v 4.592054 0.091241 0.18407
v 4.587354 0.09372 0.187981
v 4.585651 0.097169 0.193242
v 4.587403 0.100663 0.198442
v 4.592141 0.103267 0.202189
v 4.598594 0.104283 0.203478
v 4.605033 0.103438 0.201964
v 4.609735 0.100959 0.198053
v 4.611437 0.097511 0.192792
v 4.609593 0.096595 0.185531
v 4.604858 0.093906 0.181852
v 4.598407 0.092846 0.180599
v 4.591967 0.093697 0.182108
v 4.587264 0.096232 0.185974
v 4.585558 0.099772 0.191161
v 4.587306 0.103368 0.196281
v 4.592041 0.106056 0.19996
v 4.598493 0.107117 0.201213
v 4.604933 0.106265 0.199704
v 4.609636 0.10373 0.195838
v 4.611341 0.100191 0.190651
v 4.609485 0.099151 0.183393
v 4.604755 0.096364 0.179796
v 4.598306 0.095252 0.178586
v 4.591865 0.096113 0.180086
v 4.587159 0.098716 0.183895
v 4.585449 0.102364 0.188992
v 4.587193 0.10608 0.194011
v 4.591923 0.108867 0.197607
v 4.598372 0.109979 0.198818
v 4.604813 0.109117 0.197317
v 4.609519 0.106514 0.193508
v 4.611229 0.102866 0.188412
v 4.60936 0.10168 0.181158
v 4.604635 0.09878 0.177661
v 4.598189 0.097611 0.176502
v 4.591748 0.098485 0.17799
v 4.587038 0.101169 0.181728
v 4.585321 0.104943 0.186714
v 4.587058 0.108796 0.191611
v 4.591782 0.111695 0.195108
v 4.598229 0.112864 0.196267
v 4.60467 0.11199 0.194779
v 4.60938 0.109306 0.191041
v 4.611096 0.105532 0.186055
v 4.609215 0.10418 0.178806
v 4.604497 0.101157 0.175426
v 4.598054 0.099926 0.174325
v 4.591612 0.100816 0.175798
v 4.586897 0.10359 0.179451
v 4.585172 0.107503 0.184305
v 4.5869 0.111508 0.189059
v 4.591618 0.114531 0.192439
v 4.598061 0.115762 0.19354
v 4.604503 0.114872 0.192067
v 4.609218 0.112098 0.188414
v 4.610942 0.108185 0.18356
v 4.609047 0.106651 0.176315
v 4.604339 0.103498 0.173067
v 4.5979 0.102201 0.172031
v 4.591457 0.10311 0.173486
v 4.586735 0.10598 0.177042
v 4.585 0.110042 0.181746
v 4.586717 0.114207 0.186338
v 4.591425 0.117361 0.189586
v 4.597864 0.118657 0.190622
v 4.604307 0.117749 0.189166
v 4.609029 0.114879 0.18561
v 4.610764 0.110817 0.180906
v 4.608855 0.109092 0.173665
v 4.604157 0.105805 0.170561
v 4.597723 0.104443 0.169597
v 4.591279 0.105371 0.171032
v 4.586549 0.108339 0.174481
v 4.584803 0.112553 0.179019
v 4.586506 0.116884 0.183432
v 4.591204 0.12017 0.186536
v 4.597638 0.121533 0.187499
v 4.604083 0.120605 0.186065
v 4.608812 0.117637 0.182616
v 4.610559 0.113423 0.178077
v 4.608636 0.111502 0.170838
v 4.60395 0.108083 0.167889
v 4.597523 0.106656 0.167002
v 4.591076 0.107602 0.168414
v 4.586338 0.110669 0.171747
v 4.584577 0.115034 0.176109
v 4.586266 0.119528 0.180329
v 4.590952 0.122947 0.183278
v 4.59738 0.124374 0.184165
v 4.603826 0.123428 0.182753
v 4.608564 0.120361 0.179419
v 4.610325 0.115996 0.175058
v 4.608388 0.113879 0.167817
v 4.603715 0.110332 0.165031
v 4.597294 0.108841 0.164224
v 4.590846 0.109806 0.165614
v 4.586098 0.112968 0.168826
v 4.584322 0.117479 0.173001
v 4.585994 0.122132 0.17702
v 4.590667 0.125679 0.179807
v 4.597088 0.12717 0.180613
v 4.603536 0.126205 0.179224
v 4.608284 0.123043 0.176012
v 4.61006 0.118531 0.171836
v 4.608109 0.11622 0.164591
v 4.60345 0.112551 0.161972
v 4.597037 0.111 0.161249
v 4.590586 0.111982 0.162614
v 4.585827 0.115234 0.165702
v 4.584035 0.119885 0.169686
v 4.585689 0.124688 0.173497
v 4.590347 0.128357 0.176116
v 4.596761 0.129908 0.176839
v 4.603211 0.128926 0.175474
v 4.607971 0.125674 0.172386
v 4.609763 0.121023 0.168402
v 4.607796 0.118522 0.161147
v 4.603153 0.114739 0.158699
v 4.596747 0.113131 0.15806
v 4.590294 0.114129 0.159402
v 4.585524 0.117465 0.162365
v 4.583714 0.122246 0.166154
v 4.585349 0.127189 0.169755
v 4.589992 0.130972 0.172203
v 4.596398 0.13258 0.172841
v 4.60285 0.131582 0.1715
v 4.607621 0.128246 0.168537
v 4.609431 0.123466 0.164748
v 4.607448 0.12078 0.157477
v 4.602821 0.116892 0.155201
v 4.596423 0.115231 0.154648
v 4.589969 0.116243 0.155967
v 4.585186 0.119656 0.158804
v 4.583357 0.124556 0.162399
v 4.584973 0.12963 0.16579
v 4.589599 0.133518 0.168066
v 4.595997 0.135179 0.168619
v 4.602452 0.134167 0.1673
v 4.607234 0.130754 0.164463
v 4.609063 0.125854 0.160868
v 4.607062 0.12299 0.153577
v 4.602452 0.119006 0.151471
v 4.596063 0.117297 0.151003
v 4.589606 0.118321 0.152301
v 4.584811 0.121804 0.155015
v 4.582964 0.126812 0.158419
v 4.584558 0.132005 0.1616
v 4.589168 0.135989 0.163706
v 4.595557 0.137698 0.164174
v 4.602015 0.136674 0.162876
v 4.606809 0.133191 0.160162
v 4.608656 0.128183 0.156758
v 4.606637 0.125147 0.149443
v 4.602045 0.121075 0.147504
v 4.595664 0.119321 0.147122
v 4.589205 0.120356 0.1484
v 4.584398 0.123902 0.150994
v 4.582531 0.129008 0.15421
v 4.584105 0.134308 0.157186
v 4.588697 0.13838 0.159125
v 4.595078 0.140134 0.159507
v 4.601537 0.139099 0.158229
v 4.606344 0.135553 0.155635
v 4.608211 0.130447 0.152419
v 4.606172 0.127246 0.145075
v 4.601597 0.123095 0.1433
v 4.595225 0.1213 0.143003
v 4.588764 0.122343 0.144263
v 4.583945 0.125945 0.146741
v 4.582059 0.131139 0.149775
v 4.583611 0.136535 0.152551
v 4.588186 0.140686 0.154325
v 4.594557 0.14248 0.154623
v 4.601018 0.141437 0.153363
v 4.605837 0.137836 0.150885
v 4.607724 0.132641 0.147851
v 4.605664 0.12928 0.140475
v 4.601107 0.125058 0.138861
v 4.594744 0.123226 0.138648
v 4.588282 0.124277 0.139891
v 4.58345 0.127927 0.142259
v 4.581544 0.133199 0.145117
v 4.583076 0.138681 0.147699
v 4.587632 0.142903 0.149313
v 4.593995 0.144734 0.149526
v 4.600457 0.143684 0.148283
v 4.605289 0.140034 0.145915
v 4.607194 0.134762 0.143057
v 4.605112 0.131244 0.13565
v 4.600573 0.126959 0.134192
v 4.59422 0.125094 0.134061
v 4.587756 0.126149 0.135291
v 4.582912 0.129842 0.137554
v 4.580987 0.135184 0.140242
v 4.582497 0.140742 0.142635
v 4.587036 0.145028 0.144093
v 4.593389 0.146893 0.144225
v 4.599853 0.145837 0.142994
v 4.604696 0.142144 0.140732
v 4.606621 0.136803 0.138043
v 4.604516 0.133133 0.130606
v 4.599994 0.12879 0.1293
v 4.593651 0.126895 0.12925
v 4.587185 0.127954 0.13047
v 4.58233 0.131685 0.132632
v 4.580386 0.137087 0.135158
v 4.581874 0.142714 0.13737
v 4.586395 0.147056 0.138676
v 4.592738 0.148952 0.138726
v 4.599204 0.147893 0.137506
v 4.604059 0.144162 0.135343
v 4.606003 0.13876 0.132818
v 4.603873 0.134941 0.125353
v 4.59937 0.130547 0.124195
v 4.593036 0.128623 0.124226
v 4.58657 0.129686 0.125438
v 4.581703 0.133449 0.127506
v 4.57974 0.138905 0.129877
v 4.581206 0.144591 0.131913
v 4.585709 0.148985 0.133071
v 4.592042 0.150909 0.13304
v 4.598509 0.149846 0.131828
v 4.603375 0.146083 0.12976
v 4.605339 0.140627 0.12739
v 4.603183 0.136661 0.119905
v 4.598698 0.132222 0.118891
v 4.592375 0.130273 0.119003
v 4.585907 0.131336 0.12021
v 4.581029 0.135128 0.122189
v 4.579047 0.140631 0.12441
v 4.580492 0.146371 0.126278
v 4.584977 0.15081 0.127292
v 4.5913 0.152759 0.12718
v 4.597767 0.151695 0.125973
v 4.602645 0.147904 0.123994
v 4.604628 0.142401 0.121773
v 4.602444 0.138288 0.114277
v 4.597978 0.133808 0.113404
v 4.591666 0.131836 0.113596
v 4.585198 0.1329 0.114802
v 4.580309 0.136716 0.116697
v 4.578308 0.14226 0.118775
v 4.579731 0.148048 0.120479
v 4.584198 0.152528 0.121352
v 4.59051 0.1545 0.12116
v 4.596978 0.153436 0.119954
v 4.601867 0.14962 0.118058
v 4.603868 0.144076 0.11598
v 4.601657 0.139818 0.108485
v 4.597209 0.135301 0.107751
v 4.590908 0.133307 0.108024
v 4.584441 0.134371 0.109231
v 4.579541 0.138207 0.111049
v 4.577522 0.143788 0.11299
v 4.578923 0.149617 0.114534
v 4.583371 0.154134 0.115268
v 4.589672 0.156128 0.114995
v 4.596139 0.155064 0.113788
v 4.601039 0.151228 0.111971
v 4.603059 0.145647 0.11003
v 4.60082 0.141243 0.10255
v 4.596392 0.136693 0.101954
v 4.590102 0.13468 0.102309
v 4.583636 0.135742 0.103521
v 4.578725 0.139596 0.105265
v 4.576687 0.145208 0.107074
v 4.578067 0.151076 0.108463
v 4.582495 0.155625 0.109059
v 4.588785 0.157639 0.108704
v 4.595251 0.156576 0.107492
v 4.600162 0.152722 0.105748
v 4.6022 0.14711 0.103939
v 4.599932 0.142559 0.096494
v 4.595524 0.137979 0.096034
v 4.589247 0.135948 0.096473
v 4.582782 0.137008 0.097694
v 4.577861 0.140877 0.099369
v 4.575804 0.146517 0.101051
v 4.577162 0.152417 0.102287
v 4.58157 0.156997 0.102747
v 4.587847 0.159028 0.102308
v 4.594313 0.157968 0.101087
v 4.599233 0.154099 0.099412
v 4.60129 0.148459 0.097731
v 4.598994 0.14376 0.090342
v 4.594606 0.139153 0.090018
v 4.588342 0.137105 0.090544
v 4.581879 0.138163 0.091778
v 4.576949 0.142044 0.093389
v 4.574873 0.147709 0.094946
v 4.576208 0.153638 0.096032
v 4.580595 0.158245 0.096355
v 4.586859 0.160293 0.095829
v 4.593322 0.159235 0.094596
v 4.598252 0.155354 0.092984
v 4.600328 0.149689 0.091427
v 4.598003 0.144841 0.084119
v 4.593638 0.14021 0.083934
v 4.587389 0.138146 0.08455
v 4.580928 0.139201 0.085801
v 4.575989 0.143093 0.087352
v 4.573893 0.148778 0.088788
v 4.575204 0.154734 0.089723
v 4.579569 0.159364 0.089908
v 4.585819 0.161429 0.089292
v 4.592279 0.160373 0.088041
v 4.597219 0.156482 0.08649
v 4.599314 0.150796 0.085054
v 4.596961 0.145796 0.077854
v 4.59262 0.141144 0.077812
v 4.586386 0.139065 0.078522
v 4.579929 0.140117 0.079796
v 4.57498 0.144017 0.081291
v 4.572865 0.149721 0.082607
v 4.57415 0.1557 0.083391
v 4.578492 0.160352 0.083434
v 4.584726 0.16243 0.082723
v 4.591182 0.161379 0.08145
v 4.596131 0.157478 0.079955
v 4.598247 0.151775 0.078639
v 4.595867 0.14662 0.071579
v 4.591551 0.141949 0.071683
v 4.585334 0.139857 0.072495
v 4.578883 0.140905 0.073797
v 4.573925 0.144812 0.075239
v 4.571789 0.150532 0.076437
v 4.573047 0.156531 0.077068
v 4.577363 0.161202 0.076963
v 4.58358 0.163294 0.076152
v 4.590031 0.162246 0.07485
v 4.594989 0.158339 0.073408
v 4.597125 0.152619 0.07221
v 4.594719 0.147309 0.065327
v 4.590432 0.142621 0.065585
v 4.584235 0.140517 0.066506
v 4.57779 0.141561 0.067842
v 4.572823 0.145473 0.069235
v 4.570665 0.151206 0.070313
v 4.571895 0.157222 0.070787
v 4.576182 0.16191 0.070528
v 4.582378 0.164014 0.069608
v 4.588824 0.16297 0.068272
v 4.593791 0.159057 0.066878
v 4.595949 0.153325 0.0658
v 4.593519 0.147856 0.059132
v 4.589263 0.143153 0.059554
v 4.583089 0.141039 0.060593
v 4.576653 0.142079 0.061972
v 4.571676 0.145996 0.06332
v 4.569495 0.151739 0.064276
v 4.570693 0.15777 0.064585
v 4.574948 0.162472 0.064163
v 4.581121 0.164587 0.063124
v 4.587559 0.163546 0.061746
v 4.592535 0.15963 0.060398
v 4.594716 0.153886 0.059441
v 4.592265 0.148256 0.053033
v 4.588045 0.143542 0.053631
v 4.581899 0.141419 0.054801
v 4.575472 0.142456 0.056231
v 4.570487 0.146375 0.057536
v 4.56828 0.152126 0.058368
v 4.569442 0.158169 0.058503
v 4.573661 0.162883 0.057905
v 4.579808 0.165006 0.056734
v 4.586234 0.163968 0.055305
v 4.591219 0.160049 0.053999
v 4.593426 0.154298 0.053168
v 4.590956 0.148504 0.047067
v 4.586779 0.143781 0.047857
v 4.580665 0.141653 0.049175
v 4.574253 0.142687 0.050667
v 4.569259 0.146608 0.051933
v 4.567023 0.152365 0.052634
v 4.568144 0.158415 0.052582
v 4.57232 0.163137 0.051791
v 4.578435 0.165266 0.050474
v 4.584847 0.164231 0.048982
v 4.589841 0.16031 0.047716
v 4.592077 0.154553 0.047015
v 4.589594 0.148593 0.041279
v 4.585467 0.143868 0.04228
v 4.579391 0.141737 0.043761
v 4.572996 0.14277 0.045326
v 4.567994 0.146692 0.046555
v 4.565725 0.15245 0.047119
v 4.566798 0.158503 0.046866
v 4.570926 0.163229 0.045864
v 4.577001 0.16536 0.044383
v 4.583397 0.164326 0.042818
v 4.588399 0.160405 0.041589
v 4.590667 0.154646 0.041026
v 4.543777 0.123273 0.17419
v 4.555484 0.122436 -0.027463
v 4.544373 0.116509 0.17421
v 4.55589 0.117822 -0.027449
v 4.546391 0.109978 0.174227
v 4.557267 0.113366 -0.027438
v 4.549754 0.103931 0.174241
v 4.559561 0.10924 -0.027428
v 4.554333 0.098599 0.174252
v 4.562685 0.105602 -0.027421
v 4.559952 0.094188 0.174258
v 4.566519 0.102593 -0.027416
v 4.566395 0.090868 0.17426
v 4.570915 0.100327 -0.027415
v 4.573415 0.088765 0.174258
v 4.575705 0.098893 -0.027416
v 4.580742 0.087961 0.174252
v 4.580703 0.098345 -0.027421
v 4.588093 0.088487 0.174241
v 4.585719 0.098703 -0.027428
v 4.595188 0.090323 0.174227
v 4.590559 0.099955 -0.027438
v 4.601752 0.093397 0.17421
v 4.595038 0.102053 -0.02745
v 4.607534 0.097592 0.17419
v 4.598983 0.104915 -0.027463
v 4.612312 0.102746 0.174168
v 4.602242 0.108432 -0.027478
v 4.615901 0.108662 0.174146
v 4.604692 0.112468 -0.027493
v 4.618165 0.115112 0.174124
v 4.606236 0.116868 -0.027508
v 4.619016 0.121849 0.174102
v 4.606816 0.121464 -0.027523
v 4.618421 0.128612 0.174083
v 4.60641 0.126079 -0.027536
v 4.616403 0.135143 0.174065
v 4.605033 0.130535 -0.027548
v 4.613039 0.141191 0.174051
v 4.602739 0.134661 -0.027558
v 4.60846 0.146522 0.17404
v 4.599615 0.138298 -0.027565
v 4.602841 0.150933 0.174034
v 4.595781 0.141308 -0.027569
v 4.596398 0.154254 0.174032
v 4.591385 0.143573 -0.027571
v 4.589378 0.156356 0.174034
v 4.586596 0.145008 -0.027569
v 4.582051 0.15716 0.174041
v 4.581597 0.145556 -0.027565
v 4.5747 0.156634 0.174051
v 4.576581 0.145197 -0.027558
v 4.567605 0.154799 0.174065
v 4.571741 0.143945 -0.027548
v 4.561041 0.151725 0.174083
v 4.567262 0.141848 -0.027536
v 4.555259 0.14753 0.174102
v 4.563317 0.138986 -0.027523
v 4.550481 0.142375 0.174124
v 4.560058 0.135469 -0.027508
v 4.546892 0.136459 0.174146
v 4.557609 0.131433 -0.027493
v 4.544628 0.130009 0.174169
v 4.556065 0.127032 -0.027478
v 4.532613 0.114017 -0.027409
v 4.531833 0.122884 -0.027435
v 4.535258 0.105455 -0.027387
v 4.539667 0.097527 -0.027368
v 4.54567 0.090537 -0.027354
v 4.553037 0.084755 -0.027346
v 4.561484 0.080402 -0.027343
v 4.570687 0.077645 -0.027346
v 4.580292 0.076592 -0.027354
v 4.58993 0.077281 -0.027368
v 4.59923 0.079687 -0.027387
v 4.607836 0.083717 -0.02741
v 4.615416 0.089217 -0.027436
v 4.621679 0.095974 -0.027464
v 4.626385 0.10373 -0.027493
v 4.629353 0.112186 -0.027522
v 4.630468 0.121017 -0.02755
v 4.629688 0.129884 -0.027576
v 4.627042 0.138446 -0.027599
v 4.622633 0.146374 -0.027617
v 4.61663 0.153364 -0.027631
v 4.609263 0.159146 -0.02764
v 4.600816 0.163499 -0.027643
v 4.591613 0.166255 -0.02764
v 4.582009 0.167309 -0.027631
v 4.572371 0.16662 -0.027617
v 4.56307 0.164214 -0.027599
v 4.554464 0.160183 -0.027576
v 4.546885 0.154684 -0.02755
v 4.540621 0.147927 -0.027522
v 4.535915 0.140171 -0.027493
v 4.532948 0.131715 -0.027463
v 4.555803 0.117605 -0.098945
v 4.555397 0.12222 -0.098959
v 4.557179 0.113149 -0.098933
v 4.559474 0.109023 -0.098924
v 4.562598 0.105386 -0.098917
v 4.566432 0.102376 -0.098912
v 4.570828 0.100111 -0.098911
v 4.575617 0.098676 -0.098912
v 4.580616 0.098128 -0.098917
v 4.585632 0.098487 -0.098924
v 4.590472 0.099739 -0.098933
v 4.594951 0.101836 -0.098945
v 4.598896 0.104698 -0.098959
v 4.602155 0.108215 -0.098973
v 4.604604 0.112251 -0.098989
v 4.606148 0.116652 -0.099004
v 4.606729 0.121248 -0.099018
v 4.606323 0.125863 -0.099032
v 4.604946 0.130318 -0.099044
v 4.602652 0.134444 -0.099053
v 4.599527 0.138082 -0.099061
v 4.595694 0.141091 -0.099065
v 4.591298 0.143357 -0.099067
v 4.586508 0.144791 -0.099065
v 4.58151 0.14534 -0.099061
v 4.576494 0.144981 -0.099053
v 4.571653 0.143729 -0.099044
v 4.567175 0.141631 -0.099032
v 4.56323 0.138769 -0.099018
v 4.55997 0.135252 -0.099004
v 4.557521 0.131216 -0.098989
v 4.555977 0.126816 -0.098973
v 4.532063 0.123453 0.16064
v 4.532843 0.114586 0.160666
v 4.535488 0.106024 0.160688
v 4.539897 0.098096 0.160707
v 4.5459 0.091106 0.160721
v 4.553267 0.085324 0.160729
v 4.561714 0.080971 0.160732
v 4.570917 0.078215 0.160729
v 4.580522 0.077161 0.160721
v 4.590159 0.07785 0.160707
v 4.59946 0.080256 0.160688
v 4.608066 0.084287 0.160666
v 4.615646 0.089786 0.16064
v 4.621909 0.096543 0.160611
v 4.626615 0.104299 0.160582
v 4.629582 0.112755 0.160553
v 4.630698 0.121586 0.160525
v 4.629918 0.130453 0.160499
v 4.627272 0.139015 0.160476
v 4.622863 0.146943 0.160458
v 4.61686 0.153933 0.160444
v 4.609493 0.159715 0.160435
v 4.601046 0.164068 0.160433
v 4.591844 0.166825 0.160435
v 4.582239 0.167878 0.160444
v 4.572601 0.167189 0.160458
v 4.5633 0.164783 0.160477
v 4.554695 0.160753 0.160499
v 4.547114 0.155253 0.160525
v 4.540851 0.148496 0.160553
v 4.536145 0.14074 0.160583
v 4.533177 0.132284 0.160612
v 4.532044 0.123408 0.145741
v 4.532825 0.114541 0.145767
v 4.53547 0.105979 0.14579
v 4.539879 0.098051 0.145809
v 4.545882 0.091061 0.145822
v 4.553248 0.085279 0.145831
v 4.561696 0.080926 0.145834
v 4.570899 0.07817 0.145831
v 4.580503 0.077116 0.145822
v 4.590141 0.077805 0.145808
v 4.599442 0.080211 0.14579
v 4.608047 0.084241 0.145767
v 4.615628 0.089741 0.145741
v 4.621891 0.096498 0.145713
v 4.626597 0.104254 0.145684
v 4.629564 0.11271 0.145655
v 4.63068 0.121541 0.145626
v 4.6299 0.130408 0.145601
v 4.627254 0.13897 0.145578
v 4.622845 0.146898 0.145559
v 4.616842 0.153888 0.145545
v 4.609475 0.15967 0.145537
v 4.601028 0.164023 0.145534
v 4.591825 0.16678 0.145537
v 4.582221 0.167833 0.145546
v 4.572582 0.167144 0.145559
v 4.563282 0.164738 0.145578
v 4.554676 0.160708 0.145601
v 4.547096 0.155208 0.145627
v 4.540833 0.148451 0.145655
v 4.536127 0.140695 0.145684
v 4.533159 0.132239 0.145713
v 4.532027 0.123366 0.131911
v 4.532807 0.114499 0.131937
v 4.535453 0.105937 0.13196
v 4.539862 0.098009 0.131978
v 4.545865 0.091019 0.131992
v 4.553232 0.085237 0.132001
v 4.561679 0.080884 0.132004
v 4.570881 0.078128 0.132001
v 4.580486 0.077074 0.131992
v 4.590124 0.077763 0.131978
v 4.599425 0.080169 0.13196
v 4.60803 0.0842 0.131937
v 4.615611 0.089699 0.131911
v 4.621874 0.096456 0.131883
v 4.62658 0.104212 0.131854
v 4.629548 0.112668 0.131824
v 4.630662 0.121499 0.131796
v 4.629882 0.130366 0.13177
v 4.627237 0.138928 0.131748
v 4.622828 0.146856 0.131729
v 4.616825 0.153846 0.131715
v 4.609458 0.159628 0.131707
v 4.601011 0.163981 0.131704
v 4.591808 0.166738 0.131707
v 4.582203 0.167791 0.131715
v 4.572566 0.167102 0.131729
v 4.563265 0.164696 0.131748
v 4.554659 0.160666 0.131771
v 4.547079 0.155166 0.131797
v 4.540816 0.148409 0.131825
v 4.53611 0.140653 0.131854
v 4.533143 0.132197 0.131883
v 4.532011 0.123326 0.118541
v 4.532791 0.114459 0.118567
v 4.535437 0.105897 0.118589
v 4.539845 0.097969 0.118608
v 4.545849 0.090979 0.118622
v 4.553216 0.085196 0.11863
v 4.561662 0.080843 0.118633
v 4.570865 0.078087 0.11863
v 4.58047 0.077033 0.118621
v 4.590108 0.077723 0.118608
v 4.599409 0.080129 0.118589
v 4.608014 0.084159 0.118566
v 4.615594 0.089659 0.11854
v 4.621858 0.096416 0.118512
v 4.626564 0.104172 0.118483
v 4.629531 0.112627 0.118454
v 4.630646 0.121459 0.118426
v 4.629866 0.130326 0.1184
v 4.627221 0.138888 0.118377
v 4.622812 0.146816 0.118358
v 4.616808 0.153805 0.118345
v 4.609442 0.159588 0.118336
v 4.600995 0.163941 0.118333
v 4.591792 0.166697 0.118336
v 4.582187 0.167751 0.118345
v 4.572549 0.167061 0.118359
v 4.563249 0.164655 0.118377
v 4.554643 0.160625 0.1184
v 4.547063 0.155126 0.118426
v 4.5408 0.148368 0.118454
v 4.536094 0.140613 0.118483
v 4.533126 0.132157 0.118512
v 4.532825 0.114541 0.145767
v 4.532843 0.114586 0.160666
v 4.53547 0.105979 0.14579
v 4.535488 0.106024 0.160688
v 4.539879 0.098051 0.145809
v 4.539897 0.098096 0.160707
v 4.545882 0.091061 0.145822
v 4.5459 0.091106 0.160721
v 4.553248 0.085279 0.145831
v 4.553267 0.085324 0.160729
v 4.561696 0.080926 0.145834
v 4.561714 0.080971 0.160732
v 4.570899 0.07817 0.145831
v 4.570917 0.078215 0.160729
v 4.590141 0.077805 0.145808
v 4.590159 0.07785 0.160707
v 4.599442 0.080211 0.14579
v 4.59946 0.080256 0.160688
v 4.608047 0.084241 0.145767
v 4.608066 0.084287 0.160666
v 4.615628 0.089741 0.145741
v 4.615646 0.089786 0.16064
v 4.621891 0.096498 0.145713
v 4.621909 0.096543 0.160611
v 4.626597 0.104254 0.145684
v 4.626615 0.104299 0.160582
v 4.629564 0.11271 0.145655
v 4.629582 0.112755 0.160553
v 4.63068 0.121541 0.145626
v 4.630698 0.121586 0.160525
v 4.6299 0.130408 0.145601
v 4.629918 0.130453 0.160499
v 4.627254 0.13897 0.145578
v 4.627272 0.139015 0.160476
v 4.622845 0.146898 0.145559
v 4.622863 0.146943 0.160458
v 4.609475 0.15967 0.145537
v 4.609493 0.159715 0.160435
v 4.601028 0.164023 0.145534
v 4.601046 0.164068 0.160433
v 4.591825 0.16678 0.145537
v 4.591844 0.166825 0.160435
v 4.582221 0.167833 0.145546
v 4.582239 0.167878 0.160444
v 4.572582 0.167144 0.145559
v 4.572601 0.167189 0.160458
v 4.563282 0.164738 0.145578
v 4.5633 0.164783 0.160477
v 4.554676 0.160708 0.145601
v 4.554695 0.160753 0.160499
v 4.547096 0.155208 0.145627
v 4.547114 0.155253 0.160525
v 4.540833 0.148451 0.145655
v 4.540851 0.148496 0.160553
v 4.536127 0.140695 0.145684
v 4.536145 0.14074 0.160583
v 4.533159 0.132239 0.145713
v 4.533177 0.132284 0.160612
v 4.532063 0.123453 0.16064
v 4.532044 0.123408 0.145741
v 4.532079 0.123494 0.174204
v 4.532859 0.114627 0.17423
v 4.535504 0.106065 0.174252
v 4.539914 0.098137 0.174271
v 4.545917 0.091147 0.174285
v 4.553283 0.085365 0.174293
v 4.56173 0.081012 0.174296
v 4.570933 0.078256 0.174293
v 4.580538 0.077202 0.174284
v 4.590176 0.077891 0.174271
v 4.599476 0.080297 0.174252
v 4.608082 0.084328 0.174229
v 4.615663 0.089827 0.174203
v 4.621926 0.096584 0.174175
v 4.626632 0.10434 0.174146
v 4.629599 0.112796 0.174117
v 4.630714 0.121627 0.174089
v 4.630005 0.130494 0.174534
v 4.627034 0.138913 0.175423
v 4.622791 0.14708 0.175943
v 4.616788 0.15407 0.175929
v 4.609422 0.159852 0.175921
v 4.600975 0.164205 0.175918
v 4.591772 0.166962 0.175921
v 4.582825 0.167914 0.175663
v 4.572835 0.166941 0.175214
v 4.563317 0.164824 0.17404
v 4.554711 0.160794 0.174063
v 4.547131 0.155294 0.174089
v 4.540867 0.148537 0.174117
v 4.536161 0.140781 0.174146
v 4.533194 0.132325 0.174175
v 4.538484 0.108166 0.14578
v 4.538502 0.108211 0.160678
v 4.542893 0.100238 0.145798
v 4.542912 0.100283 0.160697
v 4.548896 0.093248 0.145812
v 4.548914 0.093293 0.160711
v 4.556263 0.087466 0.14582
v 4.556281 0.087511 0.160719
v 4.54184 0.110601 0.145768
v 4.541858 0.110646 0.160667
v 4.546249 0.102672 0.145787
v 4.546267 0.102718 0.160685
v 4.552252 0.095683 0.145801
v 4.55227 0.095728 0.160699
v 4.559619 0.0899 0.145809
v 4.559637 0.089945 0.160708
v 4.608499 0.15689 0.145547
v 4.608518 0.156935 0.160445
v 4.600052 0.161243 0.145544
v 4.60007 0.161288 0.160442
v 4.590849 0.163999 0.145547
v 4.590868 0.164044 0.160445
v 4.581244 0.165053 0.145555
v 4.581263 0.165098 0.160454
v 4.531993 0.123281 0.103672
v 4.532773 0.114414 0.103697
v 4.535419 0.105852 0.10372
v 4.539827 0.097924 0.103739
v 4.545831 0.090934 0.103752
v 4.553197 0.085151 0.103761
v 4.561644 0.080798 0.103764
v 4.570847 0.078042 0.103761
v 4.580452 0.076988 0.103752
v 4.59009 0.077678 0.103738
v 4.59939 0.080084 0.10372
v 4.607996 0.084114 0.103697
v 4.615576 0.089614 0.103671
v 4.62184 0.096371 0.103643
v 4.626545 0.104127 0.103614
v 4.629513 0.112582 0.103585
v 4.630628 0.121414 0.103556
v 4.629848 0.130281 0.103531
v 4.627203 0.138843 0.103508
v 4.622794 0.146771 0.103489
v 4.61679 0.15376 0.103475
v 4.609424 0.159543 0.103467
v 4.600976 0.163896 0.103464
v 4.591774 0.166652 0.103467
v 4.582169 0.167706 0.103476
v 4.572531 0.167016 0.103489
v 4.563231 0.16461 0.103508
v 4.554625 0.16058 0.103531
v 4.547045 0.155081 0.103557
v 4.540781 0.148323 0.103585
v 4.536076 0.140568 0.103614
v 4.533108 0.132112 0.103643
v 4.531974 0.123235 0.08868
v 4.532754 0.114368 0.088706
v 4.5354 0.105806 0.088728
v 4.539809 0.097878 0.088747
v 4.545812 0.090889 0.088761
v 4.553179 0.085106 0.088769
v 4.561626 0.080753 0.088772
v 4.570828 0.077997 0.088769
v 4.580433 0.076943 0.088761
v 4.590071 0.077632 0.088747
v 4.599372 0.080039 0.088728
v 4.607977 0.084069 0.088705
v 4.615558 0.089568 0.088679
v 4.621821 0.096326 0.088651
v 4.626527 0.104081 0.088622
v 4.629495 0.112537 0.088593
v 4.63061 0.121368 0.088565
v 4.629829 0.130235 0.088539
v 4.627184 0.138797 0.088516
v 4.622775 0.146725 0.088497
v 4.616772 0.153715 0.088484
v 4.609406 0.159497 0.088475
v 4.600958 0.16385 0.088472
v 4.591755 0.166607 0.088475
v 4.58215 0.167661 0.088484
v 4.572513 0.166971 0.088498
v 4.563212 0.164565 0.088516
v 4.554606 0.160535 0.088539
v 4.547026 0.155035 0.088565
v 4.540763 0.148278 0.088593
v 4.536057 0.140522 0.088622
v 4.53309 0.132067 0.088652
v 4.547673 0.093956 0.088749
v 4.547692 0.094001 0.103741
v 4.55504 0.088173 0.088757
v 4.555058 0.088219 0.103749
v 4.563487 0.08382 0.08876
v 4.563505 0.083866 0.103752
v 4.57269 0.081064 0.088757
v 4.572708 0.081109 0.103749
v 4.62645 0.128652 0.088548
v 4.626469 0.128698 0.10354
v 4.623805 0.137215 0.088525
v 4.623823 0.13726 0.103517
v 4.619396 0.145143 0.088506
v 4.619414 0.145188 0.103498
v 4.613392 0.152132 0.088493
v 4.613411 0.152178 0.103484
v 4.579119 -0.011082 0.230684
v 4.574393 -0.011007 0.225969
v 4.567944 -0.01089 0.224249
v 4.561498 -0.010763 0.225984
v 4.556784 -0.01066 0.23071
v 4.555064 -0.010607 0.237161
v 4.556799 -0.010621 0.243608
v 4.561525 -0.010696 0.248323
v 4.567975 -0.010812 0.250043
v 4.57442 -0.01094 0.248308
v 4.579134 -0.011043 0.243582
v 4.580854 -0.011096 0.237131
v 4.579248 -0.003903 0.230516
v 4.57452 -0.004 0.225805
v 4.568069 -0.003952 0.224086
v 4.561625 -0.003774 0.22582
v 4.556913 -0.003511 0.230543
v 4.555197 -0.003235 0.236988
v 4.556937 -0.003019 0.243429
v 4.561666 -0.002922 0.24814
v 4.568117 -0.002969 0.249859
v 4.574561 -0.003148 0.248125
v 4.579272 -0.003411 0.243402
v 4.580988 -0.003687 0.236957
v 4.579358 0.002751 0.230079
v 4.574626 0.002477 0.225379
v 4.568174 0.002453 0.223665
v 4.56173 0.002685 0.225396
v 4.557022 0.003112 0.230108
v 4.55531 0.003617 0.236538
v 4.557053 0.004067 0.242963
v 4.561785 0.004341 0.247663
v 4.568237 0.004365 0.249377
v 4.57468 0.004133 0.247646
v 4.579389 0.003707 0.242935
v 4.581101 0.003201 0.236505
v 4.579448 0.00892 0.229406
v 4.574714 0.008467 0.224726
v 4.568261 0.008371 0.223019
v 4.561818 0.008658 0.224744
v 4.557112 0.00925 0.229438
v 4.555403 0.00999 0.235842
v 4.55715 0.010678 0.242242
v 4.561884 0.01113 0.246922
v 4.568337 0.011226 0.248628
v 4.57478 0.01094 0.246903
v 4.579487 0.010347 0.24221
v 4.581195 0.009608 0.235805
v 4.579523 0.014645 0.228526
v 4.574786 0.014013 0.223874
v 4.568332 0.013845 0.222179
v 4.56189 0.014186 0.223895
v 4.557186 0.014946 0.228563
v 4.55548 0.01592 0.234932
v 4.55723 0.016847 0.241295
v 4.561967 0.01748 0.245947
v 4.568421 0.017648 0.247642
v 4.574863 0.017306 0.245926
v 4.579567 0.016546 0.241258
v 4.581273 0.015572 0.234889
v 4.579583 0.019966 0.227469
v 4.574844 0.019155 0.222852
v 4.568389 0.018917 0.221171
v 4.561948 0.019313 0.222876
v 4.557246 0.020239 0.227511
v 4.555543 0.021446 0.233834
v 4.557296 0.02261 0.240149
v 4.562035 0.023421 0.244766
v 4.56849 0.02366 0.246447
v 4.574931 0.023263 0.244742
v 4.579633 0.022337 0.240107
v 4.581336 0.021131 0.233785
v 4.579632 0.02492 0.226259
v 4.574891 0.023936 0.221685
v 4.568436 0.023628 0.220021
v 4.561995 0.024078 0.221713
v 4.557294 0.025167 0.226308
v 4.555593 0.026602 0.232574
v 4.557349 0.027999 0.238834
v 4.562089 0.028984 0.243408
v 4.568545 0.029292 0.245072
v 4.574986 0.028841 0.24338
v 4.579686 0.027752 0.238785
v 4.581387 0.026317 0.232518
v 4.57967 0.029545 0.22492
v 4.574928 0.028393 0.220394
v 4.568472 0.028018 0.218749
v 4.562031 0.028521 0.220426
v 4.557332 0.029767 0.224975
v 4.555634 0.031423 0.231178
v 4.55739 0.033044 0.237373
v 4.562132 0.034196 0.241898
v 4.568588 0.034571 0.243543
v 4.575029 0.034068 0.241866
v 4.579728 0.032822 0.237317
v 4.581427 0.031166 0.231114
v 4.579699 0.033874 0.223471
v 4.574956 0.032562 0.218998
v 4.5685 0.032124 0.217375
v 4.562059 0.032678 0.219035
v 4.557362 0.034074 0.223534
v 4.555664 0.035939 0.229667
v 4.557423 0.037774 0.23579
v 4.562165 0.039086 0.240263
v 4.568622 0.039524 0.241886
v 4.575062 0.038971 0.240226
v 4.57976 0.037574 0.235727
v 4.581458 0.035709 0.229594
v 4.579721 0.037942 0.221931
v 4.574977 0.03648 0.217515
v 4.568521 0.035983 0.215914
v 4.56208 0.036583 0.217556
v 4.557383 0.03812 0.222003
v 4.555687 0.040182 0.228061
v 4.557446 0.042216 0.234109
v 4.56219 0.043677 0.238525
v 4.568647 0.044175 0.240126
v 4.575087 0.043574 0.238484
v 4.579784 0.042037 0.234038
v 4.581481 0.039976 0.227979
v 4.579737 0.041777 0.220317
v 4.574993 0.040178 0.215959
v 4.568535 0.039627 0.21438
v 4.562096 0.040271 0.216004
v 4.557399 0.041937 0.220396
v 4.555703 0.04418 0.226379
v 4.557464 0.046398 0.232349
v 4.562208 0.047997 0.236708
v 4.568665 0.048548 0.238286
v 4.575105 0.047904 0.236662
v 4.579802 0.046238 0.232271
v 4.581497 0.043995 0.226288
v 4.579747 0.04541 0.218643
v 4.575003 0.043687 0.214342
v 4.568545 0.043086 0.212786
v 4.562106 0.04377 0.214392
v 4.557409 0.045554 0.218729
v 4.555714 0.04796 0.224637
v 4.557475 0.050344 0.230531
v 4.56222 0.052068 0.234832
v 4.568676 0.052668 0.236388
v 4.575116 0.051985 0.234782
v 4.579813 0.050201 0.230444
v 4.581508 0.047794 0.224537
v 4.579753 0.048866 0.21692
v 4.575008 0.047032 0.212674
v 4.568551 0.046388 0.21114
v 4.562111 0.047107 0.212729
v 4.557415 0.048995 0.217014
v 4.55572 0.051547 0.222849
v 4.557481 0.05408 0.228669
v 4.562226 0.055914 0.232915
v 4.568683 0.056558 0.23445
v 4.575123 0.05584 0.232861
v 4.579819 0.053951 0.228575
v 4.581514 0.051399 0.22274
v 4.579755 0.052171 0.21516
v 4.57501 0.05024 0.210966
v 4.568553 0.049557 0.209452
v 4.562113 0.050306 0.211024
v 4.557417 0.052286 0.215262
v 4.555722 0.054965 0.221029
v 4.557484 0.057627 0.22678
v 4.562228 0.059558 0.230975
v 4.568686 0.060241 0.232488
v 4.575125 0.059492 0.230916
v 4.579822 0.057513 0.226679
v 4.581516 0.054833 0.220912
v 4.579754 0.055346 0.213372
v 4.575009 0.053332 0.209224
v 4.568552 0.052616 0.207729
v 4.562112 0.05339 0.209287
v 4.557416 0.055447 0.213481
v 4.555721 0.058236 0.219186
v 4.557482 0.061009 0.224875
v 4.562227 0.063024 0.229023
v 4.568684 0.06374 0.230518
v 4.575124 0.062965 0.22896
v 4.57982 0.060908 0.224766
v 4.581515 0.058119 0.219061
v 4.57975 0.058411 0.211563
v 4.575005 0.056326 0.207457
v 4.568548 0.055582 0.205978
v 4.562108 0.056377 0.207524
v 4.557412 0.0585 0.211679
v 4.555717 0.06138 0.217331
v 4.557477 0.064247 0.222965
v 4.562222 0.066332 0.227071
v 4.56868 0.067076 0.228549
v 4.575119 0.066281 0.227004
v 4.579815 0.064159 0.222848
v 4.581511 0.061278 0.217196
v 4.579742 0.061385 0.209739
v 4.574998 0.059241 0.205669
v 4.568541 0.058472 0.204206
v 4.562101 0.059284 0.205741
v 4.557405 0.06146 0.209864
v 4.555709 0.064416 0.21547
v 4.55747 0.06736 0.221056
v 4.562214 0.069504 0.225126
v 4.568672 0.070273 0.22659
v 4.575111 0.069461 0.225054
v 4.579808 0.067285 0.220931
v 4.581503 0.064329 0.215326
v 4.579732 0.064283 0.207906
v 4.574987 0.062091 0.203867
v 4.568531 0.061301 0.202417
v 4.562091 0.062125 0.203944
v 4.557394 0.064343 0.208041
v 4.555699 0.06736 0.213608
v 4.557459 0.070367 0.219154
v 4.562204 0.07256 0.223193
v 4.568661 0.07335 0.224643
v 4.5751 0.072525 0.223116
v 4.579797 0.070307 0.21902
v 4.581492 0.067291 0.213453
v 4.579719 0.067119 0.206068
v 4.574975 0.064886 0.202054
v 4.568517 0.064078 0.200616
v 4.562078 0.064911 0.202138
v 4.557381 0.067162 0.206212
v 4.555686 0.070228 0.211748
v 4.557446 0.073287 0.217261
v 4.56219 0.07552 0.221274
v 4.568647 0.076328 0.222713
v 4.575087 0.075495 0.221191
v 4.579783 0.073244 0.217116
v 4.581479 0.070178 0.21158
v 4.579702 0.069905 0.204225
v 4.574958 0.067638 0.200234
v 4.568501 0.066814 0.198806
v 4.562061 0.067652 0.200325
v 4.557364 0.069929 0.204382
v 4.555668 0.073034 0.209892
v 4.557428 0.076135 0.215377
v 4.562172 0.078402 0.219368
v 4.568629 0.079226 0.220795
v 4.575069 0.078388 0.219277
v 4.579766 0.076111 0.215219
v 4.581461 0.073006 0.20971
v 4.57968 0.07265 0.202379
v 4.574937 0.070354 0.198408
v 4.56848 0.069514 0.196991
v 4.56204 0.070355 0.198508
v 4.557343 0.072652 0.202551
v 4.555647 0.07579 0.208039
v 4.557407 0.078927 0.2135
v 4.56215 0.081224 0.217471
v 4.568607 0.082064 0.218888
v 4.575047 0.081223 0.217371
v 4.579744 0.078925 0.213327
v 4.58144 0.075788 0.20784
v 4.579655 0.075364 0.200528
v 4.574911 0.073039 0.196577
v 4.568455 0.072183 0.195171
v 4.562015 0.073025 0.196687
v 4.557318 0.075339 0.200719
v 4.555621 0.078506 0.206187
v 4.557381 0.081677 0.211625
v 4.562124 0.084002 0.215576
v 4.568581 0.084858 0.216982
v 4.575021 0.084016 0.215466
v 4.579718 0.081701 0.211434
v 4.581414 0.078535 0.205966
v 4.579623 0.078052 0.198671
v 4.57488 0.075698 0.194739
v 4.568424 0.074824 0.193345
v 4.561984 0.075665 0.194862
v 4.557286 0.077996 0.198883
v 4.55559 0.081192 0.20433
v 4.557349 0.084396 0.209745
v 4.562092 0.08675 0.213676
v 4.568548 0.087624 0.21507
v 4.574988 0.086783 0.213554
v 4.579686 0.084452 0.209533
v 4.581382 0.081256 0.204085
v 4.579585 0.080719 0.196801
v 4.574842 0.078331 0.192893
v 4.568386 0.077438 0.191513
v 4.561946 0.078278 0.193031
v 4.557249 0.080626 0.197039
v 4.555552 0.083854 0.202464
v 4.55731 0.087096 0.207853
v 4.562053 0.089483 0.211761
v 4.568509 0.090377 0.213141
v 4.574949 0.089537 0.211623
v 4.579647 0.087188 0.207615
v 4.581344 0.08396 0.20219
v 4.579539 0.083367 0.194914
v 4.574797 0.08094 0.191034
v 4.568341 0.080024 0.18967
v 4.561902 0.080863 0.191188
v 4.557203 0.083233 0.195181
v 4.555506 0.086499 0.200579
v 4.557263 0.089786 0.205936
v 4.562005 0.092213 0.209816
v 4.568461 0.093129 0.211179
v 4.574901 0.09229 0.209661
v 4.579599 0.08992 0.205668
v 4.581296 0.086654 0.20027
v 4.579484 0.085999 0.193
v 4.574743 0.083525 0.189155
v 4.568288 0.08258 0.187812
v 4.561848 0.08342 0.18933
v 4.557149 0.085817 0.193303
v 4.55545 0.089131 0.198666
v 4.557207 0.092473 0.203982
v 4.561948 0.094948 0.207827
v 4.568403 0.095892 0.20917
v 4.574843 0.095053 0.207652
v 4.579542 0.092655 0.203679
v 4.58124 0.089341 0.198316
v 4.579418 0.088615 0.19105
v 4.574678 0.086082 0.187249
v 4.568224 0.085105 0.18593
v 4.561784 0.085945 0.187447
v 4.557085 0.088379 0.191393
v 4.555385 0.091753 0.196711
v 4.557139 0.095163 0.201977
v 4.561879 0.097696 0.205778
v 4.568333 0.098673 0.207097
v 4.574773 0.097833 0.20558
v 4.579473 0.095399 0.201633
v 4.581172 0.092025 0.196315
v 4.57934 0.091213 0.189052
v 4.574603 0.088609 0.185305
v 4.568149 0.087593 0.184016
v 4.561709 0.088438 0.18553
v 4.557008 0.090917 0.189441
v 4.555306 0.094365 0.194702
v 4.557058 0.09786 0.199902
v 4.561795 0.100464 0.203649
v 4.568249 0.101479 0.204938
v 4.574688 0.100635 0.203424
v 4.57939 0.098156 0.199513
v 4.581092 0.094708 0.194252
v 4.579248 0.093792 0.186991
v 4.574513 0.091103 0.183312
v 4.568062 0.090043 0.182059
v 4.561622 0.090894 0.183567
v 4.556919 0.093429 0.187434
v 4.555213 0.096969 0.192621
v 4.556962 0.100564 0.19774
v 4.561696 0.103253 0.20142
v 4.568148 0.104313 0.202673
v 4.574588 0.103462 0.201164
v 4.579291 0.100927 0.197298
v 4.580997 0.097387 0.19211
v 4.57914 0.096347 0.184853
v 4.57441 0.09356 0.181256
v 4.567961 0.092448 0.180046
v 4.56152 0.09331 0.181546
v 4.556814 0.095913 0.185355
v 4.555104 0.099561 0.190452
v 4.556848 0.103277 0.195471
v 4.561577 0.106064 0.199067
v 4.568027 0.107175 0.200277
v 4.574468 0.106314 0.198777
v 4.579174 0.103711 0.194968
v 4.580884 0.100063 0.189872
v 4.579015 0.098876 0.182618
v 4.57429 0.095977 0.179121
v 4.567844 0.094808 0.177962
v 4.561402 0.095682 0.17945
v 4.556693 0.098366 0.183188
v 4.554976 0.10214 0.188173
v 4.556713 0.105993 0.19307
v 4.561437 0.108892 0.196567
v 4.567884 0.110061 0.197727
v 4.574325 0.109187 0.196238
v 4.579035 0.106503 0.192501
v 4.580751 0.102729 0.187515
v 4.57887 0.101376 0.180267
v 4.574152 0.098353 0.176886
v 4.567709 0.097122 0.175785
v 4.561267 0.098013 0.177258
v 4.556552 0.100787 0.180911
v 4.554827 0.104701 0.185764
v 4.556555 0.108706 0.190518
v 4.561273 0.111729 0.193898
v 4.567716 0.11296 0.194999
v 4.574158 0.112069 0.193526
v 4.578873 0.109295 0.189874
v 4.580597 0.105381 0.18502
v 4.578703 0.103843 0.177778
v 4.573995 0.10069 0.17453
v 4.567556 0.099395 0.173493
v 4.561112 0.100305 0.174947
v 4.556391 0.103177 0.1785
v 4.554656 0.107241 0.183202
v 4.556373 0.111408 0.187792
v 4.561081 0.114562 0.191041
v 4.56752 0.115857 0.192077
v 4.573963 0.114946 0.190624
v 4.578685 0.112074 0.18707
v 4.58042 0.10801 0.182368
v 4.578513 0.106278 0.175132
v 4.573815 0.102992 0.172028
v 4.567381 0.101632 0.171062
v 4.560936 0.102564 0.172492
v 4.556207 0.105538 0.175935
v 4.55446 0.109757 0.180468
v 4.556163 0.11409 0.184878
v 4.560862 0.117376 0.187981
v 4.567295 0.118736 0.188948
v 4.57374 0.117803 0.187518
v 4.57847 0.11483 0.184075
v 4.580217 0.110611 0.179542
v 4.5783 0.108677 0.172311
v 4.573613 0.105259 0.169362
v 4.567185 0.103837 0.168469
v 4.560738 0.104793 0.169871
v 4.555999 0.107869 0.173193
v 4.554238 0.112243 0.177544
v 4.555927 0.116742 0.181759
v 4.560614 0.12016 0.184707
v 4.567042 0.121582 0.1856
v 4.573489 0.120627 0.184198
v 4.578228 0.11755 0.180876
v 4.579989 0.113176 0.176525
v 4.578062 0.111039 0.169297
v 4.573388 0.107493 0.166511
v 4.566966 0.106012 0.165694
v 4.560516 0.106992 0.167065
v 4.555767 0.11017 0.170256
v 4.553991 0.114696 0.174413
v 4.555664 0.119356 0.178422
v 4.560338 0.122902 0.181208
v 4.56676 0.124383 0.182026
v 4.573209 0.123403 0.180655
v 4.577959 0.120224 0.177463
v 4.579734 0.115698 0.173306
v 4.577799 0.113358 0.166077
v 4.573139 0.109692 0.163458
v 4.566723 0.108156 0.162717
v 4.560271 0.109161 0.164053
v 4.555511 0.112439 0.167107
v 4.553718 0.11711 0.171062
v 4.555374 0.121924 0.174857
v 4.560034 0.12559 0.177476
v 4.56645 0.127126 0.178217
v 4.572902 0.126121 0.176881
v 4.577662 0.122844 0.173826
v 4.579455 0.118172 0.169872
v 4.577513 0.115633 0.162636
v 4.572867 0.111854 0.160187
v 4.566458 0.110268 0.159522
v 4.560002 0.111299 0.160819
v 4.55523 0.114671 0.163731
v 4.55342 0.11948 0.167477
v 4.555058 0.124438 0.171054
v 4.559703 0.128216 0.173503
v 4.566113 0.129803 0.174169
v 4.572569 0.128772 0.172872
v 4.577341 0.1254 0.169959
v 4.579151 0.120591 0.166213
v 4.577204 0.117857 0.158964
v 4.572572 0.113976 0.156685
v 4.566169 0.112345 0.156093
v 4.55971 0.113401 0.157349
v 4.554925 0.116862 0.160114
v 4.553098 0.121799 0.163649
v 4.554717 0.126891 0.167006
v 4.559349 0.130772 0.169286
v 4.565752 0.132403 0.169877
v 4.572211 0.131346 0.168622
v 4.576996 0.127886 0.165856
v 4.578823 0.122949 0.162321
v 4.576874 0.120026 0.155053
v 4.572257 0.116052 0.15294
v 4.565859 0.114382 0.15242
v 4.559396 0.115463 0.15363
v 4.554599 0.119006 0.156247
v 4.552753 0.124062 0.159569
v 4.554354 0.129275 0.162707
v 4.558971 0.133249 0.164819
v 4.565369 0.134919 0.16534
v 4.571832 0.133838 0.164129
v 4.576629 0.130295 0.161513
v 4.578475 0.125239 0.15819
v 4.576525 0.122134 0.150894
v 4.571921 0.118077 0.148946
v 4.565529 0.116373 0.148492
v 4.559062 0.117479 0.149654
v 4.554253 0.121098 0.15212
v 4.552389 0.126261 0.155231
v 4.553972 0.131584 0.158152
v 4.558576 0.135641 0.1601
v 4.564967 0.137345 0.160554
v 4.571434 0.13624 0.159392
v 4.576244 0.13262 0.156925
v 4.578107 0.127458 0.153815
v 4.576159 0.124175 0.146483
v 4.571568 0.120044 0.144694
v 4.565182 0.118312 0.144302
v 4.558711 0.119441 0.145413
v 4.553888 0.12313 0.147729
v 4.552008 0.12839 0.15063
v 4.553573 0.133812 0.153338
v 4.558163 0.137942 0.155127
v 4.56455 0.139675 0.155519
v 4.571022 0.138546 0.154408
v 4.575843 0.134857 0.152092
v 4.577724 0.129597 0.149191
v 4.57578 0.126142 0.141819
v 4.571202 0.121947 0.140182
v 4.56482 0.12019 0.139848
v 4.558344 0.121342 0.140905
v 4.55351 0.125094 0.14307
v 4.551613 0.130442 0.145764
v 4.553161 0.135951 0.148264
v 4.557739 0.140146 0.149901
v 4.564121 0.141903 0.150235
v 4.570597 0.140751 0.149178
v 4.575431 0.136999 0.147012
v 4.577328 0.131652 0.144319
v 4.575392 0.128029 0.136899
v 4.570826 0.123777 0.135409
v 4.564447 0.122 0.135126
v 4.557968 0.123174 0.136127
v 4.553122 0.126984 0.138143
v 4.551208 0.132409 0.140633
v 4.55274 0.137996 0.142931
v 4.557307 0.142248 0.144421
v 4.563685 0.144025 0.144703
v 4.570165 0.142851 0.143703
v 4.575011 0.139041 0.141687
v 4.576924 0.133616 0.139197
v 4.574999 0.129827 0.131726
v 4.570443 0.125527 0.130376
v 4.564069 0.123734 0.130139
v 4.557584 0.124928 0.131081
v 4.552727 0.12879 0.132947
v 4.550798 0.134285 0.135238
v 4.552316 0.13994 0.13734
v 4.556872 0.14424 0.13869
v 4.563246 0.146034 0.138926
v 4.569731 0.144839 0.137985
v 4.574588 0.140977 0.136119
v 4.576517 0.135482 0.133828
v 4.574606 0.131531 0.126303
v 4.57006 0.127189 0.125086
v 4.563688 0.125383 0.12489
v 4.557199 0.126597 0.125769
v 4.552331 0.130506 0.127486
v 4.550388 0.136062 0.129582
v 4.551892 0.141777 0.131494
v 4.556438 0.146119 0.132711
v 4.56281 0.147925 0.132907
v 4.569299 0.146711 0.132028
v 4.574167 0.142802 0.130311
v 4.57611 0.137246 0.128215
v 4.574219 0.133133 0.120636
v 4.569681 0.128755 0.119545
v 4.563312 0.126939 0.119385
v 4.556818 0.128172 0.120198
v 4.55194 0.132123 0.121766
v 4.549984 0.137733 0.12367
v 4.551475 0.1435 0.125399
v 4.556013 0.147878 0.12649
v 4.562382 0.149693 0.12665
v 4.568876 0.148461 0.125837
v 4.573754 0.14451 0.124269
v 4.57571 0.138899 0.122365
v 4.573843 0.134625 0.114733
v 4.569312 0.130217 0.113762
v 4.562945 0.128393 0.113631
v 4.556447 0.129643 0.114375
v 4.551559 0.133632 0.115795
v 4.549592 0.13929 0.11751
v 4.551071 0.145102 0.119061
v 4.555602 0.14951 0.120032
v 4.561969 0.151333 0.120163
v 4.568467 0.150083 0.119419
v 4.573355 0.146095 0.117999
v 4.575322 0.140436 0.116284
v 4.573484 0.135999 0.108603
v 4.568961 0.131566 0.107745
v 4.562595 0.129737 0.107638
v 4.556092 0.131004 0.108309
v 4.551196 0.135026 0.10958
v 4.549218 0.140726 0.111109
v 4.550687 0.146576 0.112487
v 4.555211 0.15101 0.113345
v 4.561577 0.152838 0.113453
v 4.568079 0.151572 0.112781
v 4.572976 0.14755 0.111511
v 4.574954 0.14185 0.109981
v 4.573151 0.137249 0.102259
v 4.568633 0.132795 0.101508
v 4.562268 0.130963 0.101419
v 4.555762 0.132244 0.102013
v 4.550858 0.136296 0.103134
v 4.54887 0.142032 0.104479
v 4.55033 0.147916 0.105689
v 4.554849 0.15237 0.10644
v 4.561213 0.154202 0.10653
v 4.56772 0.152921 0.105935
v 4.572624 0.148869 0.104814
v 4.574612 0.143133 0.103469
v 4.572851 0.138367 0.095714
v 4.568337 0.133895 0.095065
v 4.561973 0.132061 0.094987
v 4.555463 0.133356 0.095501
v 4.550552 0.137434 0.096469
v 4.548555 0.143202 0.097632
v 4.550008 0.149113 0.098677
v 4.554522 0.153585 0.099326
v 4.560886 0.155419 0.099404
v 4.567397 0.154124 0.098891
v 4.572308 0.150046 0.097922
v 4.574304 0.144279 0.09676
v 4.572591 0.139345 0.088984
v 4.568081 0.134859 0.088431
v 4.561717 0.133024 0.088359
v 4.555203 0.134332 0.088787
v 4.550286 0.138432 0.0896
v 4.548283 0.144226 0.090581
v 4.54973 0.150161 0.091465
v 4.55424 0.154647 0.092018
v 4.560604 0.156482 0.09209
v 4.567117 0.155174 0.091662
v 4.572034 0.151074 0.090849
v 4.574038 0.14528 0.089869
v 4.57238 0.140175 0.082086
v 4.567873 0.135678 0.081625
v 4.561509 0.133843 0.081553
v 4.554993 0.135162 0.08189
v 4.550071 0.139281 0.082544
v 4.548062 0.145097 0.083342
v 4.549504 0.151052 0.084068
v 4.554011 0.155549 0.084529
v 4.560376 0.157384 0.084601
v 4.566892 0.156065 0.084264
v 4.571814 0.151945 0.08361
v 4.573822 0.14613 0.082812
v 4.572228 0.14085 0.075041
v 4.567723 0.136345 0.074667
v 4.561358 0.134511 0.074589
v 4.55484 0.135839 0.074828
v 4.549915 0.139974 0.07532
v 4.547902 0.145807 0.075932
v 4.549341 0.151777 0.076502
v 4.553846 0.156282 0.076875
v 4.56021 0.158116 0.076953
v 4.566729 0.156788 0.076714
v 4.571654 0.152653 0.076223
v 4.573667 0.14682 0.07561
v 4.572143 0.141363 0.06787
v 4.567639 0.136851 0.067579
v 4.561275 0.135018 0.067489
v 4.554755 0.136354 0.067624
v 4.549828 0.1405 0.067947
v 4.547812 0.146348 0.068372
v 4.54925 0.152328 0.068785
v 4.553754 0.156839 0.069075
v 4.560119 0.158673 0.069165
v 4.566638 0.157337 0.069031
v 4.571565 0.15319 0.068708
v 4.57358 0.147343 0.068283
v 4.572136 0.141705 0.060597
v 4.567632 0.13719 0.060386
v 4.561267 0.135357 0.060277
v 4.554748 0.136698 0.060299
v 4.54982 0.140853 0.060447
v 4.547805 0.146709 0.06068
v 4.549242 0.152697 0.060936
v 4.553746 0.157212 0.061147
v 4.560111 0.159045 0.061256
v 4.56663 0.157704 0.061234
v 4.571558 0.153549 0.061086
v 4.573573 0.147693 0.060853
v 4.572217 0.141869 0.053248
v 4.567711 0.137352 0.053114
v 4.561347 0.13552 0.052979
v 4.554829 0.136864 0.05288
v 4.549904 0.141023 0.052844
v 4.547891 0.146884 0.05288
v 4.54933 0.152875 0.052978
v 4.553835 0.157392 0.053113
v 4.560199 0.159224 0.053247
v 4.566717 0.15788 0.053346
v 4.571642 0.153721 0.053382
v 4.573655 0.14786 0.053346
v 4.572396 0.141848 0.045851
v 4.567889 0.137332 0.045791
v 4.561525 0.1355 0.045623
v 4.555011 0.136843 0.045393
v 4.55009 0.141002 0.045164
v 4.548082 0.146861 0.044995
v 4.549525 0.152852 0.044933
v 4.554031 0.157369 0.044994
v 4.560395 0.159201 0.045162
v 4.56691 0.157858 0.045391
v 4.57183 0.153699 0.045621
v 4.573838 0.147839 0.045789
v 4.572684 0.141636 0.038437
v 4.568174 0.137121 0.038447
v 4.561812 0.135288 0.038239
v 4.555304 0.136627 0.037868
v 4.550391 0.14078 0.037433
v 4.548391 0.146633 0.037051
v 4.54984 0.152619 0.036825
v 4.55435 0.157134 0.036815
v 4.560712 0.158967 0.037024
v 4.567221 0.157628 0.037395
v 4.572134 0.153475 0.03783
v 4.574133 0.147622 0.038211
v 4.573093 0.141224 0.031033
v 4.56858 0.136713 0.031112
v 4.562221 0.134877 0.030856
v 4.55572 0.136207 0.030333
v 4.550819 0.140348 0.029682
v 4.548832 0.14619 0.02908
v 4.55029 0.152166 0.028686
v 4.554804 0.156677 0.028607
v 4.561163 0.158513 0.028863
v 4.567664 0.157182 0.029387
v 4.572564 0.153042 0.030037
v 4.574552 0.1472 0.030639
v 4.666505 0.221817 -0.831404
v 4.667398 0.26901 -0.831548
v 4.675299 0.22165 -0.831415
v 4.676192 0.268844 -0.831558
v 4.691129 0.221351 -0.831433
v 4.692022 0.268544 -0.831577
v 4.699923 0.221184 -0.831443
v 4.700816 0.268378 -0.831587
v 4.715752 0.220884 -0.831462
v 4.716646 0.268078 -0.831606
v 4.724546 0.220718 -0.831472
v 4.72544 0.267912 -0.831616
v 4.561113 0.224416 -0.832285
v 4.562161 0.279791 -0.832454
v 4.569907 0.22425 -0.832295
v 4.570955 0.279624 -0.832464
v 4.585737 0.22395 -0.832314
v 4.586785 0.279325 -0.832483
v 4.594531 0.223784 -0.832324
v 4.595579 0.279158 -0.832493
v 4.610361 0.223484 -0.832343
v 4.611409 0.278858 -0.832511
v 4.619155 0.223317 -0.832353
v 4.620203 0.278692 -0.832522
v 4.634984 0.223018 -0.832371
v 4.636032 0.278392 -0.83254
v 4.643778 0.222851 -0.832381
v 4.644826 0.278226 -0.83255
v 4.459507 0.226634 -0.832123
v 4.460862 0.29823 -0.832341
v 4.468301 0.226467 -0.832133
v 4.469656 0.298063 -0.832351
v 4.48413 0.226168 -0.832151
v 4.485486 0.297763 -0.83237
v 4.492925 0.226001 -0.832162
v 4.49428 0.297597 -0.83238
v 4.508754 0.225701 -0.83218
v 4.510109 0.297297 -0.832398
v 4.517549 0.225535 -0.83219
v 4.518904 0.297131 -0.832409
v 4.533378 0.225235 -0.832209
v 4.534733 0.296831 -0.832427
v 4.542172 0.225069 -0.832219
v 4.543527 0.296665 -0.832437
v 4.408889 0.227322 -0.831106
v 4.40995 0.283379 -0.831277
v 4.417683 0.227156 -0.831116
v 4.418744 0.283212 -0.831287
v 4.433513 0.226856 -0.831135
v 4.434574 0.282912 -0.831306
v 4.442307 0.226689 -0.831145
v 4.443368 0.282746 -0.831316
v 4.330173 0.229082 -0.831972
v 4.331529 0.300678 -0.83219
v 4.338968 0.228916 -0.831982
v 4.340323 0.300512 -0.832201
v 4.354797 0.228616 -0.832001
v 4.356153 0.300212 -0.832219
v 4.363592 0.22845 -0.832011
v 4.364946 0.300045 -0.832229
v 4.379421 0.22815 -0.832029
v 4.380776 0.299746 -0.832248
v 4.388215 0.227983 -0.83204
v 4.38957 0.299579 -0.832258
v 4.201352 0.231227 -0.831866
v 4.2024 0.286601 -0.832035
v 4.210146 0.23106 -0.831876
v 4.211195 0.286435 -0.832045
v 4.225976 0.230761 -0.831895
v 4.227024 0.286135 -0.832064
v 4.23477 0.230594 -0.831905
v 4.235818 0.285969 -0.832074
v 4.250599 0.230294 -0.831923
v 4.251647 0.285669 -0.832092
v 4.259394 0.230128 -0.831934
v 4.260442 0.285503 -0.832103
v 4.275223 0.229828 -0.831952
v 4.276271 0.285203 -0.832121
v 4.284017 0.229662 -0.831962
v 4.285065 0.285036 -0.832131
v 4.299847 0.229362 -0.831981
v 4.300895 0.284737 -0.83215
v 4.308641 0.229196 -0.831991
v 4.309689 0.28457 -0.83216
v 4.094797 0.153092 -0.83816
v 4.093729 0.096671 -0.837988
v 4.661969 0.075001 -0.082446
v 4.270494 0.078007 -0.075606
v 4.66347 0.154341 -0.082688
v 4.661952 0.074959 -0.096245
v 4.663454 0.1543 -0.096487
v 4.140362 0.15223 -0.838213
v 4.748234 0.073368 -0.082546
v 4.139294 0.095809 -0.838041
v 4.749736 0.152708 -0.082788
v 4.272354 0.176304 -0.075906
v 4.205895 0.058582 -0.773142
v 4.748218 0.073326 -0.096345
v 4.207842 0.161418 -0.773456
v 4.749719 0.152667 -0.096587
v 4.216057 0.05839 -0.773154
v 4.47227 0.074187 -0.075841
v 4.218003 0.161225 -0.773468
v 4.474131 0.172484 -0.076141
v 4.24146 0.057909 -0.773184
v 4.243407 0.160744 -0.773497
v 4.251622 0.057716 -0.773196
v 4.253568 0.160552 -0.773509
v 4.277025 0.057236 -0.773225
v 4.278972 0.160071 -0.773539
v 4.287186 0.057043 -0.773237
v 4.289133 0.159879 -0.773551
v 4.31259 0.056562 -0.773267
v 4.314536 0.159398 -0.77358
v 4.322751 0.05637 -0.773278
v 4.324697 0.159205 -0.773592
v 4.348155 0.055889 -0.773308
v 4.350101 0.158724 -0.773622
v 4.358316 0.055697 -0.77332
v 4.360262 0.158532 -0.773634
v 4.383719 0.055216 -0.773349
v 4.385666 0.158051 -0.773663
v 4.393881 0.055023 -0.773361
v 4.395827 0.157859 -0.773675
v 4.419284 0.054542 -0.773391
v 4.421231 0.157378 -0.773705
v 4.429446 0.05435 -0.773403
v 4.431392 0.157186 -0.773716
v 4.454849 0.053869 -0.773432
v 4.456796 0.156705 -0.773746
v 4.465011 0.053677 -0.773444
v 4.466957 0.156512 -0.773758
v 4.490414 0.053196 -0.773474
v 4.49236 0.156031 -0.773787
v 4.500575 0.053003 -0.773486
v 4.502522 0.155839 -0.773799
v 4.525979 0.052523 -0.773515
v 4.527925 0.155358 -0.773829
v 4.53614 0.05233 -0.773527
v 4.538086 0.155166 -0.773841
v 4.561543 0.051849 -0.773557
v 4.56349 0.154685 -0.77387
v 4.571705 0.051657 -0.773569
v 4.573651 0.154492 -0.773882
v 4.597108 0.051176 -0.773598
v 4.599055 0.154012 -0.773912
v 4.60727 0.050984 -0.77361
v 4.609216 0.153819 -0.773924
v 4.632673 0.050503 -0.77364
v 4.63462 0.153338 -0.773953
v 4.642835 0.05031 -0.773651
v 4.644781 0.153146 -0.773965
v 4.668238 0.049829 -0.773681
v 4.670185 0.152665 -0.773995
v 4.6784 0.049637 -0.773693
v 4.680346 0.152473 -0.774006
v 4.703803 0.049156 -0.773722
v 4.70575 0.151992 -0.774036
v 4.713964 0.048964 -0.773734
v 4.71591 0.151799 -0.774048
v 4.027143 0.019659 -0.063189
v 4.175744 0.061467 -0.858624
v 4.178003 0.180835 -0.858988
v 4.774379 0.005513 -0.06406
v 4.727422 0.051023 -0.859266
v 4.729681 0.170391 -0.85963
v 4.026172 0.017252 -0.858307
v 4.773407 0.003106 -0.859178
v 4.170838 0.18768 -0.859
v 4.168324 0.054898 -0.858595
v 4.734588 0.044178 -0.859254
v 4.737101 0.17696 -0.859659
v 4.170848 0.187705 -0.850844
v 4.168334 0.054923 -0.850439
v 4.734598 0.044203 -0.851099
v 4.737111 0.176985 -0.851504
v 4.178013 0.18086 -0.850832
v 4.175754 0.061492 -0.850468
v 4.727432 0.051048 -0.851111
v 4.729692 0.170416 -0.851475
v 4.705645 0.151733 -0.859545
v 4.715806 0.15154 -0.859556
v 4.713918 0.051304 -0.851095
v 4.713908 0.051279 -0.859251
v 4.71387 0.04873 -0.851087
v 4.678354 0.051977 -0.851054
v 4.678344 0.051952 -0.859209
v 4.678305 0.049403 -0.851046
v 4.703757 0.051496 -0.851083
v 4.703747 0.051471 -0.859239
v 4.703708 0.048922 -0.851075
v 4.680241 0.152214 -0.859515
v 4.67008 0.152406 -0.859503
v 4.668143 0.049595 -0.851034
v 4.668192 0.052169 -0.851042
v 4.668182 0.052145 -0.859197
v 4.642789 0.05265 -0.851012
v 4.642779 0.052625 -0.859168
v 4.64274 0.050076 -0.851004
v 4.644677 0.152887 -0.859474
v 4.634515 0.153079 -0.859462
v 4.607175 0.050749 -0.850963
v 4.609112 0.15356 -0.859432
v 4.632627 0.052843 -0.851
v 4.632617 0.052818 -0.859156
v 4.632579 0.050269 -0.850993
v 4.597014 0.050942 -0.850951
v 4.573547 0.154234 -0.859391
v 4.59895 0.153753 -0.85942
v 4.597063 0.053516 -0.850959
v 4.597053 0.053491 -0.859114
v 4.571659 0.053997 -0.850929
v 4.571649 0.053972 -0.859085
v 4.57161 0.051423 -0.850922
v 4.607224 0.053323 -0.850971
v 4.607214 0.053299 -0.859126
v 4.563385 0.154426 -0.859379
v 4.561449 0.051615 -0.85091
v 4.561498 0.054189 -0.850918
v 4.561488 0.054164 -0.859073
v 4.536046 0.052096 -0.85088
v 4.525884 0.052288 -0.850868
v 4.537982 0.154907 -0.859349
v 4.536094 0.05467 -0.850888
v 4.536084 0.054645 -0.859043
v 4.527821 0.155099 -0.859337
v 4.500481 0.052769 -0.850839
v 4.502417 0.15558 -0.859308
v 4.490319 0.052962 -0.850827
v 4.525933 0.054862 -0.850876
v 4.525923 0.054838 -0.859032
v 4.492256 0.155773 -0.859296
v 4.500529 0.055343 -0.850847
v 4.500519 0.055319 -0.859002
v 4.490368 0.055536 -0.850835
v 4.490358 0.055511 -0.85899
v 4.464965 0.056017 -0.850805
v 4.464955 0.055992 -0.858961
v 4.464916 0.053443 -0.850797
v 4.466852 0.156253 -0.859266
v 4.456691 0.156446 -0.859255
v 4.429351 0.054116 -0.850756
v 4.431288 0.156927 -0.859225
v 4.454803 0.056209 -0.850793
v 4.454793 0.056184 -0.858949
v 4.454754 0.053635 -0.850785
v 4.41919 0.054308 -0.850744
v 4.421126 0.157119 -0.859213
v 4.419239 0.056882 -0.850752
v 4.419229 0.056857 -0.858907
v 4.4294 0.05669 -0.850764
v 4.42939 0.056665 -0.858919
v 4.393835 0.057363 -0.850722
v 4.393825 0.057338 -0.858878
v 4.393786 0.054789 -0.850714
v 4.395723 0.1576 -0.859184
v 4.385561 0.157792 -0.859172
v 4.35827 0.058036 -0.850681
v 4.35826 0.058012 -0.858836
v 4.358222 0.055462 -0.850673
v 4.383625 0.054981 -0.850703
v 4.360158 0.158273 -0.859142
v 4.383674 0.057555 -0.85071
v 4.383664 0.057531 -0.858866
v 4.349997 0.158466 -0.85913
v 4.34806 0.055655 -0.850661
v 4.348109 0.058229 -0.850669
v 4.348099 0.058204 -0.858824
v 4.322657 0.056136 -0.850631
v 4.312495 0.056328 -0.85062
v 4.324593 0.158947 -0.859101
v 4.322705 0.05871 -0.850639
v 4.322695 0.058685 -0.858795
v 4.314432 0.159139 -0.859089
v 4.28714 0.059383 -0.850598
v 4.28713 0.059358 -0.858753
v 4.287092 0.056809 -0.85059
v 4.289028 0.15962 -0.859059
v 4.312544 0.058902 -0.850627
v 4.312534 0.058877 -0.858783
v 4.278867 0.159812 -0.859047
v 4.27693 0.057001 -0.850578
v 4.276979 0.059575 -0.850586
v 4.276969 0.059551 -0.858742
v 4.251527 0.057482 -0.850549
v 4.241365 0.057675 -0.850537
v 4.253463 0.160293 -0.859018
v 4.251575 0.060056 -0.850556
v 4.251566 0.060032 -0.858712
v 4.243302 0.160485 -0.859006
v 4.216011 0.06073 -0.850515
v 4.216001 0.060705 -0.85867
v 4.215962 0.058156 -0.850507
v 4.241415 0.060249 -0.850545
v 4.241405 0.060224 -0.8587
v 4.217898 0.160966 -0.858976
v 4.207737 0.161159 -0.858964
v 4.205801 0.058348 -0.850495
v 4.20585 0.060922 -0.850503
v 4.20584 0.060897 -0.858659
v 4.140337 0.152167 -0.858855
v 4.139268 0.095746 -0.858683
v 4.093704 0.096609 -0.85863
v 4.094772 0.15303 -0.858802
v 4.092468 0.331485 -0.064213
v 4.032033 0.277977 -0.063977
v 4.074061 0.329159 -0.064184
v 4.057355 0.321712 -0.064141
v 4.043985 0.309875 -0.064088
v 4.03526 0.294804 -0.064032
v 4.779268 0.263831 -0.064848
v 4.720901 0.319588 -0.064945
v 4.776681 0.280769 -0.064896
v 4.768532 0.296158 -0.064933
v 4.755619 0.308493 -0.064954
v 4.739207 0.316567 -0.064959
v 4.031061 0.27557 -0.859095
v 4.091496 0.329078 -0.859331
v 4.071788 0.289429 -0.859187
v 4.034288 0.292397 -0.85915
v 4.043013 0.307468 -0.859206
v 4.056384 0.319305 -0.859258
v 4.07309 0.326752 -0.859301
v 4.71993 0.317181 -0.860063
v 4.778296 0.261424 -0.859966
v 4.763365 0.26347 -0.859953
v 4.738235 0.31416 -0.860076
v 4.754647 0.306086 -0.860072
v 4.76756 0.293751 -0.86005
v 4.775709 0.278362 -0.860014
v 4.270508 0.078043 -0.063664
v 4.472285 0.074223 -0.063899
v 4.474145 0.172521 -0.064198
v 4.272368 0.17634 -0.063963
v 4.749758 0.152764 -0.064476
v 4.661991 0.075056 -0.064133
v 4.663493 0.154397 -0.064375
v 4.748257 0.073423 -0.064234
v 4.663174 0.137557 -0.064324
v 4.748575 0.090262 -0.064285
v 4.663254 0.14211 -0.069305
v 4.748483 0.08568 -0.069238
v 4.309656 0.284488 -0.859462
v 4.299813 0.22928 -0.859283
v 4.308608 0.229113 -0.859294
v 4.300861 0.284654 -0.859452
v 4.283984 0.229579 -0.859265
v 4.285032 0.284954 -0.859434
v 4.276238 0.28512 -0.859423
v 4.260408 0.28542 -0.859405
v 4.27519 0.229746 -0.859255
v 4.25936 0.230045 -0.859236
v 4.250566 0.230212 -0.859226
v 4.251614 0.285586 -0.859395
v 4.235785 0.285886 -0.859376
v 4.22699 0.286053 -0.859366
v 4.234736 0.230512 -0.859207
v 4.225942 0.230678 -0.859197
v 4.211161 0.286352 -0.859348
v 4.210113 0.230978 -0.859179
v 4.202367 0.286519 -0.859337
v 4.201319 0.231144 -0.859169
v 4.380743 0.299663 -0.859595
v 4.364913 0.299963 -0.859577
v 4.363558 0.228367 -0.859358
v 4.338934 0.228833 -0.85933
v 4.331223 0.286206 -0.859494
v 4.331495 0.300595 -0.859538
v 4.34029 0.300429 -0.859548
v 4.389537 0.299496 -0.859606
v 4.379387 0.228067 -0.859377
v 4.356119 0.300129 -0.859567
v 4.388182 0.227901 -0.859387
v 4.354764 0.228533 -0.859348
v 4.33014 0.228999 -0.85932
v 4.443333 0.28266 -0.85962
v 4.41871 0.283126 -0.859592
v 4.409915 0.283293 -0.859581
v 4.433478 0.22677 -0.859439
v 4.442574 0.242539 -0.859498
v 4.442272 0.226604 -0.859449
v 4.408973 0.233496 -0.859429
v 4.408854 0.227236 -0.85941
v 4.417648 0.22707 -0.859421
v 4.434539 0.282827 -0.85961
v 4.534699 0.296748 -0.859775
v 4.542139 0.224986 -0.859567
v 4.543494 0.296582 -0.859785
v 4.51887 0.297048 -0.859756
v 4.53414 0.267181 -0.859684
v 4.517515 0.225452 -0.859538
v 4.517523 0.225851 -0.859539
v 4.518224 0.262898 -0.859652
v 4.533345 0.225153 -0.859556
v 4.510076 0.297214 -0.859746
v 4.508721 0.225619 -0.859528
v 4.508762 0.227801 -0.859534
v 4.492891 0.225918 -0.859509
v 4.492993 0.231312 -0.859526
v 4.494246 0.297514 -0.859728
v 4.485452 0.297681 -0.859717
v 4.469623 0.29798 -0.859699
v 4.468268 0.226385 -0.85948
v 4.468464 0.236774 -0.859512
v 4.484097 0.226085 -0.859499
v 4.484233 0.233263 -0.859521
v 4.459704 0.238725 -0.859507
v 4.460829 0.298147 -0.859689
v 4.459474 0.226551 -0.85947
v 4.635999 0.27831 -0.859843
v 4.643745 0.222769 -0.859684
v 4.644793 0.278143 -0.859853
v 4.62017 0.278609 -0.859824
v 4.619122 0.223235 -0.859655
v 4.634951 0.222935 -0.859674
v 4.611375 0.278776 -0.859814
v 4.610327 0.223401 -0.859645
v 4.594498 0.223701 -0.859627
v 4.595546 0.279075 -0.859796
v 4.586751 0.279242 -0.859785
v 4.570922 0.279542 -0.859767
v 4.569874 0.224167 -0.859598
v 4.585703 0.223867 -0.859616
v 4.561192 0.230267 -0.859606
v 4.562128 0.279708 -0.859757
v 4.56108 0.224334 -0.859588
v 4.725405 0.267826 -0.85992
v 4.724512 0.220632 -0.859776
v 4.715718 0.220799 -0.859766
v 4.716611 0.267992 -0.85991
v 4.700781 0.268292 -0.859892
v 4.691987 0.268459 -0.859881
v 4.699888 0.221098 -0.859748
v 4.691094 0.221265 -0.859737
v 4.676158 0.268758 -0.859863
v 4.675264 0.221565 -0.859719
v 4.667364 0.268925 -0.859853
v 4.666471 0.221731 -0.859709
v 4.736753 0.297084 -0.869478
v 4.736197 0.301296 -0.865063
v 4.735945 0.303596 -0.859312
v 4.735949 0.303908 -0.856069
v 4.737072 0.291057 -0.871112
v 4.735922 0.294164 -0.870203
v 4.734998 0.296659 -0.86945
v 4.734209 0.298854 -0.867383
v 4.73357 0.300659 -0.865021
v 4.733112 0.302008 -0.862147
v 4.732846 0.302845 -0.859262
v 4.73279 0.303142 -0.856018
v 4.736578 0.290836 -0.871103
v 4.734793 0.293659 -0.870183
v 4.733358 0.295926 -0.869421
v 4.732121 0.297921 -0.867347
v 4.731116 0.299562 -0.864978
v 4.730386 0.300789 -0.8621
v 4.729952 0.301551 -0.859212
v 4.729838 0.301822 -0.855967
v 4.736353 0.290681 -0.871099
v 4.733956 0.293173 -0.870168
v 4.731553 0.294674 -0.869426
v 4.730262 0.296632 -0.867312
v 4.72893 0.298047 -0.864937
v 4.727956 0.299105 -0.862054
v 4.727372 0.299764 -0.859164
v 4.727208 0.3 -0.855918
v 4.735532 0.289896 -0.8711
v 4.732779 0.291837 -0.870143
v 4.730896 0.293887 -0.8693
v 4.728701 0.295038 -0.86728
v 4.727094 0.296172 -0.864899
v 4.725916 0.297022 -0.862012
v 4.725207 0.297552 -0.859119
v 4.725 0.297745 -0.855872
v 4.735482 0.289717 -0.87108
v 4.732291 0.291104 -0.870131
v 4.729726 0.292215 -0.869346
v 4.727499 0.293198 -0.867251
v 4.72568 0.294009 -0.864865
v 4.724345 0.294619 -0.861974
v 4.723539 0.295001 -0.859079
v 4.7233 0.295144 -0.855831
v 4.737988 0.288366 -0.870144
v 4.735293 0.28924 -0.871075
v 4.731859 0.290014 -0.870118
v 4.729099 0.290633 -0.869327
v 4.726701 0.291185 -0.867227
v 4.724742 0.291642 -0.864837
v 4.723303 0.291988 -0.861943
v 4.722433 0.292208 -0.859046
v 4.722172 0.292297 -0.855798
v 4.735208 0.288741 -0.87107
v 4.731663 0.288872 -0.870108
v 4.728815 0.288976 -0.869312
v 4.726338 0.289075 -0.867209
v 4.724316 0.289161 -0.864816
v 4.72283 0.289232 -0.861919
v 4.721931 0.289282 -0.85902
v 4.72166 0.289313 -0.855772
v 4.735228 0.288237 -0.871067
v 4.73171 0.287722 -0.870102
v 4.728883 0.287306 -0.869303
v 4.726426 0.28695 -0.867197
v 4.724419 0.286662 -0.864802
v 4.722944 0.286455 -0.861903
v 4.722052 0.286334 -0.859004
v 4.721783 0.286307 -0.855755
v 4.735354 0.287749 -0.871066
v 4.731999 0.286607 -0.870099
v 4.729302 0.285688 -0.869299
v 4.726959 0.284891 -0.867192
v 4.725046 0.28424 -0.864796
v 4.72364 0.283764 -0.861897
v 4.722791 0.283478 -0.858997
v 4.722538 0.283395 -0.855748
v 4.735522 0.287584 -0.87103
v 4.732422 0.285679 -0.8701
v 4.730556 0.283811 -0.869446
v 4.727918 0.282976 -0.867194
v 4.726173 0.28199 -0.864798
v 4.724893 0.281263 -0.8619
v 4.724121 0.280823 -0.859
v 4.723894 0.280688 -0.855751
v 4.735901 0.286895 -0.871069
v 4.733413 0.284605 -0.870108
v 4.730858 0.283093 -0.869399
v 4.729266 0.281281 -0.867203
v 4.727758 0.279996 -0.864809
v 4.726654 0.279048 -0.861912
v 4.72599 0.278471 -0.859013
v 4.725799 0.27829 -0.855764
v 4.7363 0.28656 -0.871073
v 4.734159 0.28389 -0.870114
v 4.732438 0.281743 -0.869321
v 4.73095 0.27987 -0.867219
v 4.729739 0.278337 -0.864828
v 4.728855 0.277204 -0.861932
v 4.728327 0.276514 -0.859035
v 4.728181 0.276295 -0.855787
v 4.736763 0.286306 -0.871078
v 4.735218 0.283309 -0.870126
v 4.733975 0.2809 -0.869338
v 4.732907 0.278797 -0.867241
v 4.732039 0.277075 -0.864854
v 4.731411 0.275802 -0.861961
v 4.73104 0.275025 -0.859065
v 4.730948 0.274777 -0.855817
v 4.737273 0.286142 -0.871084
v 4.736383 0.282934 -0.87014
v 4.735667 0.280355 -0.869359
v 4.73506 0.278103 -0.867268
v 4.734572 0.276259 -0.864885
v 4.734225 0.274896 -0.861996
v 4.734028 0.274063 -0.859103
v 4.733994 0.273796 -0.855856
v 4.737811 0.286074 -0.871092
v 4.73761 0.282778 -0.870157
v 4.737449 0.280129 -0.869384
v 4.737328 0.277816 -0.867299
v 4.737238 0.275921 -0.864922
v 4.737188 0.27452 -0.862037
v 4.737174 0.273664 -0.859146
v 4.737202 0.273389 -0.8559
v 4.738354 0.286104 -0.8711
v 4.738853 0.282848 -0.870176
v 4.739252 0.280231 -0.86941
v 4.739623 0.277945 -0.867333
v 4.739937 0.276073 -0.864962
v 4.740187 0.274689 -0.862082
v 4.740357 0.273844 -0.859193
v 4.740447 0.273572 -0.855948
v 4.738883 0.286233 -0.871108
v 4.740061 0.283142 -0.870195
v 4.741007 0.280656 -0.869438
v 4.741857 0.278487 -0.867369
v 4.742564 0.27671 -0.865004
v 4.743105 0.275397 -0.862128
v 4.743455 0.274595 -0.859243
v 4.743606 0.274339 -0.855999
v 4.739377 0.286454 -0.871117
v 4.741191 0.283647 -0.870215
v 4.742647 0.28139 -0.869467
v 4.743944 0.27942 -0.867405
v 4.745018 0.277807 -0.865047
v 4.745832 0.276616 -0.862175
v 4.74635 0.27589 -0.859293
v 4.746557 0.275658 -0.85605
v 4.739655 0.286568 -0.871122
v 4.742097 0.284257 -0.870263
v 4.744165 0.283074 -0.869656
v 4.745803 0.280708 -0.86744
v 4.747205 0.279323 -0.865088
v 4.748262 0.2783 -0.862221
v 4.748929 0.277677 -0.859341
v 4.749187 0.27748 -0.856099
v 4.740266 0.287325 -0.871135
v 4.743172 0.285402 -0.870254
v 4.744952 0.283844 -0.86955
v 4.747365 0.282303 -0.867472
v 4.74904 0.281198 -0.865126
v 4.750301 0.280383 -0.862264
v 4.751094 0.279888 -0.859386
v 4.751395 0.279735 -0.856145
v 4.740473 0.287572 -0.87114
v 4.743693 0.286202 -0.870267
v 4.74628 0.2851 -0.869542
v 4.748567 0.284142 -0.867501
v 4.750454 0.28336 -0.86516
v 4.751873 0.282786 -0.862301
v 4.752762 0.28244 -0.859426
v 4.753096 0.282336 -0.856186
v 4.740662 0.288049 -0.871145
v 4.744124 0.287292 -0.87028
v 4.746906 0.286682 -0.869561
v 4.749365 0.286155 -0.867525
v 4.751392 0.285728 -0.865188
v 4.752915 0.285417 -0.862332
v 4.753869 0.285232 -0.85946
v 4.754224 0.285184 -0.85622
v 4.740747 0.288549 -0.87115
v 4.74432 0.288434 -0.87029
v 4.747191 0.288339 -0.869576
v 4.749727 0.288265 -0.867543
v 4.751818 0.288209 -0.865209
v 4.753388 0.288173 -0.862356
v 4.754371 0.288158 -0.859485
v 4.754736 0.288167 -0.856245
v 4.740726 0.289052 -0.871152
v 4.744273 0.289584 -0.870296
v 4.747122 0.290009 -0.869585
v 4.74964 0.290391 -0.867555
v 4.751715 0.290708 -0.865223
v 4.753274 0.29095 -0.862372
v 4.75425 0.291106 -0.859501
v 4.754612 0.291173 -0.856262
v 4.740601 0.28954 -0.871154
v 4.743985 0.290698 -0.870299
v 4.746703 0.291627 -0.869589
v 4.749106 0.29245 -0.86756
v 4.751088 0.293129 -0.865229
v 4.752577 0.293641 -0.862378
v 4.75351 0.293963 -0.859508
v 4.753859 0.294085 -0.856269
v 4.740432 0.2897 -0.871181
v 4.743488 0.291433 -0.870296
v 4.745698 0.293443 -0.869551
v 4.748147 0.294364 -0.867558
v 4.749961 0.29538 -0.865226
v 4.751325 0.296142 -0.862375
v 4.752181 0.296618 -0.859505
v 4.752502 0.296792 -0.856266
v 4.739991 0.290404 -0.87115
v 4.742602 0.292815 -0.870292
v 4.745029 0.294196 -0.869623
v 4.7468 0.296059 -0.867549
v 4.748376 0.297373 -0.865216
v 4.749564 0.298357 -0.862363
v 4.750311 0.298969 -0.859492
v 4.750597 0.29919 -0.856253
v 4.739655 0.290729 -0.871147
v 4.741825 0.293416 -0.870284
v 4.743567 0.295572 -0.869567
v 4.745115 0.297471 -0.867533
v 4.746396 0.299033 -0.865197
v 4.747363 0.300201 -0.862343
v 4.747975 0.300927 -0.85947
v 4.748214 0.301186 -0.85623
v 4.739192 0.290983 -0.871142
v 4.740766 0.293996 -0.870272
v 4.74203 0.296415 -0.86955
v 4.743159 0.298544 -0.867511
v 4.744095 0.300295 -0.865171
v 4.744806 0.301603 -0.862314
v 4.745261 0.302415 -0.85944
v 4.745447 0.302703 -0.8562
v 4.738681 0.291148 -0.871136
v 4.739601 0.294372 -0.870258
v 4.740338 0.29696 -0.869529
v 4.741005 0.299237 -0.867484
v 4.741562 0.30111 -0.86514
v 4.741992 0.302509 -0.862279
v 4.742274 0.303377 -0.859403
v 4.742402 0.303684 -0.856162
v 4.738144 0.291216 -0.871128
v 4.738373 0.294527 -0.870241
v 4.738556 0.297186 -0.869504
v 4.738737 0.299525 -0.867453
v 4.738895 0.301449 -0.865103
v 4.739029 0.302885 -0.862238
v 4.739128 0.303776 -0.859359
v 4.739194 0.304091 -0.856117
v 4.737601 0.291185 -0.87112
v 4.737131 0.294457 -0.870222
v 4.736443 0.299395 -0.867419
v 4.736031 0.302716 -0.862193
v 4.736145 0.290534 -0.870538
v 4.733796 0.292966 -0.869515
v 4.731918 0.294922 -0.867963
v 4.735775 0.290156 -0.87053
v 4.732951 0.292103 -0.869498
v 4.730691 0.293669 -0.867938
v 4.73559 0.287299 -0.87051
v 4.732527 0.285575 -0.869452
v 4.730076 0.284193 -0.86787
v 4.735909 0.286898 -0.870512
v 4.733256 0.284658 -0.869456
v 4.731135 0.282861 -0.867878
v 4.739836 0.286766 -0.869897
v 4.742207 0.284348 -0.869585
v 4.744129 0.282411 -0.868064
v 4.740206 0.287144 -0.869905
v 4.743052 0.285211 -0.869602
v 4.745356 0.283664 -0.868089
v 4.740391 0.290001 -0.869925
v 4.743475 0.291738 -0.869648
v 4.745971 0.29314 -0.868156
v 4.740072 0.290402 -0.869923
v 4.742746 0.292656 -0.869644
v 4.744912 0.294472 -0.868149
v 4.737991 0.288651 -0.870156
v 4.069301 0.30972 -0.8687
v 4.068745 0.313932 -0.864285
v 4.068492 0.316232 -0.858534
v 4.068496 0.316543 -0.855291
v 4.069619 0.303692 -0.870334
v 4.06847 0.3068 -0.869425
v 4.067545 0.309294 -0.868672
v 4.066756 0.311489 -0.866605
v 4.066118 0.313295 -0.864243
v 4.06566 0.314643 -0.861369
v 4.065394 0.315481 -0.858485
v 4.065337 0.315777 -0.85524
v 4.069125 0.303471 -0.870325
v 4.06734 0.306295 -0.869405
v 4.065906 0.308561 -0.868643
v 4.064669 0.310556 -0.866569
v 4.063664 0.312198 -0.8642
v 4.062933 0.313424 -0.861322
v 4.0625 0.314186 -0.858434
v 4.062386 0.314458 -0.85519
v 4.068901 0.303317 -0.870321
v 4.066504 0.305809 -0.86939
v 4.0641 0.30731 -0.868648
v 4.062809 0.309268 -0.866534
v 4.061477 0.310682 -0.864159
v 4.060503 0.311741 -0.861276
v 4.05992 0.312399 -0.858386
v 4.059756 0.312635 -0.85514
v 4.068079 0.302531 -0.870322
v 4.065326 0.304473 -0.869365
v 4.063444 0.306522 -0.868522
v 4.061248 0.307673 -0.866502
v 4.059641 0.308808 -0.864121
v 4.058464 0.309657 -0.861234
v 4.057755 0.310187 -0.858341
v 4.057548 0.31038 -0.855094
v 4.06803 0.302353 -0.870302
v 4.064838 0.303739 -0.869353
v 4.062274 0.304851 -0.868568
v 4.060046 0.305834 -0.866473
v 4.058228 0.306645 -0.864087
v 4.056892 0.307254 -0.861196
v 4.056087 0.307636 -0.858301
v 4.055848 0.307779 -0.855054
v 4.070535 0.301001 -0.869366
v 4.067841 0.301876 -0.870297
v 4.064406 0.302649 -0.86934
v 4.061646 0.303269 -0.868549
v 4.059248 0.303821 -0.866449
v 4.05729 0.304278 -0.864059
v 4.055851 0.304624 -0.861165
v 4.05498 0.304844 -0.858268
v 4.054719 0.304932 -0.85502
v 4.067755 0.301376 -0.870292
v 4.06421 0.301508 -0.869331
v 4.061362 0.301611 -0.868535
v 4.058886 0.301711 -0.866431
v 4.056864 0.301797 -0.864038
v 4.055377 0.301867 -0.861141
v 4.054478 0.301917 -0.858243
v 4.054207 0.301948 -0.854994
v 4.067776 0.300873 -0.87029
v 4.064258 0.300357 -0.869324
v 4.061431 0.299941 -0.868525
v 4.058973 0.299585 -0.866419
v 4.056966 0.299297 -0.864024
v 4.055491 0.29909 -0.861125
v 4.054599 0.298969 -0.858226
v 4.054331 0.298943 -0.854977
v 4.067902 0.300385 -0.870288
v 4.064546 0.299243 -0.869321
v 4.06185 0.298323 -0.868522
v 4.059506 0.297526 -0.866414
v 4.057593 0.296876 -0.864018
v 4.056188 0.2964 -0.861119
v 4.055339 0.296113 -0.858219
v 4.055085 0.29603 -0.85497
v 4.068069 0.300219 -0.870252
v 4.06497 0.298315 -0.869322
v 4.063103 0.296446 -0.868668
v 4.060465 0.295612 -0.866416
v 4.058721 0.294625 -0.864021
v 4.057441 0.293899 -0.861122
v 4.056669 0.293458 -0.858222
v 4.056441 0.293323 -0.854973
v 4.068449 0.29953 -0.870291
v 4.06596 0.297241 -0.86933
v 4.063406 0.295728 -0.868621
v 4.061813 0.293917 -0.866425
v 4.060306 0.292632 -0.864031
v 4.059201 0.291684 -0.861134
v 4.058538 0.291107 -0.858235
v 4.058347 0.290926 -0.854986
v 4.068847 0.299196 -0.870295
v 4.066706 0.296526 -0.869336
v 4.064985 0.294379 -0.868543
v 4.063498 0.292505 -0.866441
v 4.062286 0.290972 -0.86405
v 4.061402 0.28984 -0.861155
v 4.060874 0.289149 -0.858257
v 4.060729 0.28893 -0.855009
v 4.069311 0.298942 -0.8703
v 4.067765 0.295945 -0.869348
v 4.066523 0.293536 -0.86856
v 4.065454 0.291432 -0.866463
v 4.064587 0.28971 -0.864076
v 4.063959 0.288438 -0.861183
v 4.063588 0.287661 -0.858287
v 4.063496 0.287413 -0.855039
v 4.069821 0.298777 -0.870306
v 4.068931 0.29557 -0.869363
v 4.068215 0.292991 -0.868581
v 4.067608 0.290739 -0.86649
v 4.067119 0.288895 -0.864107
v 4.066772 0.287531 -0.861218
v 4.066576 0.286699 -0.858325
v 4.066542 0.286431 -0.855078
v 4.070358 0.298709 -0.870314
v 4.070158 0.295414 -0.86938
v 4.069997 0.292765 -0.868606
v 4.069876 0.290451 -0.866521
v 4.069786 0.288557 -0.864144
v 4.069736 0.287156 -0.861259
v 4.069721 0.2863 -0.858368
v 4.069749 0.286025 -0.855122
v 4.070902 0.29874 -0.870322
v 4.0714 0.295484 -0.869398
v 4.0718 0.292866 -0.868632
v 4.072171 0.290581 -0.866555
v 4.072484 0.288709 -0.864184
v 4.072734 0.287325 -0.861304
v 4.072904 0.28648 -0.858415
v 4.072995 0.286208 -0.85517
v 4.071431 0.298868 -0.87033
v 4.072609 0.295777 -0.869417
v 4.073555 0.293292 -0.868661
v 4.074404 0.291122 -0.866591
v 4.075111 0.289346 -0.864226
v 4.075653 0.288033 -0.861351
v 4.076003 0.287231 -0.858465
v 4.076154 0.286974 -0.855221
v 4.071925 0.299089 -0.870339
v 4.073739 0.296282 -0.869437
v 4.075194 0.294025 -0.868689
v 4.076491 0.292055 -0.866627
v 4.077565 0.290443 -0.864269
v 4.07838 0.289252 -0.861398
v 4.078897 0.288525 -0.858515
v 4.079105 0.288294 -0.855272
v 4.072203 0.299204 -0.870344
v 4.074645 0.296892 -0.869486
v 4.076713 0.295709 -0.868878
v 4.078351 0.293344 -0.866662
v 4.079752 0.291958 -0.86431
v 4.08081 0.290935 -0.861443
v 4.081477 0.290312 -0.858563
v 4.081735 0.290116 -0.855321
v 4.072814 0.29996 -0.870357
v 4.075719 0.298037 -0.869476
v 4.0775 0.296479 -0.868772
v 4.079912 0.294939 -0.866695
v 4.081588 0.293833 -0.864348
v 4.082849 0.293019 -0.861486
v 4.083642 0.292524 -0.858608
v 4.083942 0.292371 -0.855367
v 4.07302 0.300208 -0.870362
v 4.076241 0.298838 -0.869489
v 4.078827 0.297735 -0.868764
v 4.081115 0.296778 -0.866723
v 4.083002 0.295996 -0.864382
v 4.08442 0.295422 -0.861523
v 4.08531 0.295075 -0.858648
v 4.085643 0.294972 -0.855408
v 4.073209 0.300685 -0.870367
v 4.076672 0.299927 -0.869502
v 4.079453 0.299317 -0.868783
v 4.081912 0.298791 -0.866747
v 4.08394 0.298363 -0.86441
v 4.085463 0.298052 -0.861555
v 4.086416 0.297868 -0.858682
v 4.086771 0.297819 -0.855442
v 4.073295 0.301184 -0.870372
v 4.076868 0.301069 -0.869512
v 4.079738 0.300975 -0.868798
v 4.082274 0.300901 -0.866765
v 4.084365 0.300844 -0.864431
v 4.085936 0.300809 -0.861578
v 4.086918 0.300794 -0.858707
v 4.087284 0.300803 -0.855467
v 4.073274 0.301688 -0.870374
v 4.076821 0.30222 -0.869518
v 4.07967 0.302645 -0.868807
v 4.082187 0.303026 -0.866777
v 4.084263 0.303343 -0.864445
v 4.085822 0.303586 -0.861594
v 4.086798 0.303742 -0.858723
v 4.08716 0.303809 -0.855484
v 4.073148 0.302176 -0.870376
v 4.076532 0.303334 -0.869521
v 4.079251 0.304263 -0.868811
v 4.081654 0.305086 -0.866782
v 4.083636 0.305765 -0.864451
v 4.085125 0.306277 -0.8616
v 4.086058 0.306598 -0.85873
v 4.086406 0.306721 -0.855491
v 4.07298 0.302335 -0.870403
v 4.076036 0.304068 -0.869518
v 4.078246 0.306078 -0.868773
v 4.080695 0.307 -0.86678
v 4.082509 0.308016 -0.864448
v 4.083872 0.308777 -0.861597
v 4.084728 0.309253 -0.858727
v 4.08505 0.309428 -0.855488
v 4.072538 0.303039 -0.870372
v 4.07515 0.30545 -0.869514
v 4.077577 0.306831 -0.868845
v 4.079348 0.308695 -0.866771
v 4.080924 0.310009 -0.864438
v 4.082111 0.310992 -0.861585
v 4.082859 0.311605 -0.858714
v 4.083144 0.311825 -0.855475
v 4.072203 0.303365 -0.870369
v 4.074372 0.306051 -0.869506
v 4.076115 0.308208 -0.868789
v 4.077663 0.310106 -0.866755
v 4.078943 0.311668 -0.864419
v 4.07991 0.312836 -0.861565
v 4.080523 0.313562 -0.858693
v 4.080762 0.313821 -0.855453
v 4.071739 0.303619 -0.870364
v 4.073314 0.306632 -0.869494
v 4.074578 0.309051 -0.868772
v 4.075706 0.311179 -0.866733
v 4.076642 0.31293 -0.864393
v 4.077354 0.314238 -0.861536
v 4.077808 0.315051 -0.858662
v 4.077995 0.315339 -0.855422
v 4.071229 0.303783 -0.870358
v 4.072148 0.307007 -0.86948
v 4.072886 0.309596 -0.868751
v 4.073553 0.311873 -0.866706
v 4.07411 0.313746 -0.864362
v 4.07454 0.315145 -0.861501
v 4.074821 0.316013 -0.858625
v 4.074949 0.31632 -0.855384
v 4.070692 0.303851 -0.87035
v 4.07092 0.307163 -0.869463
v 4.071104 0.309822 -0.868727
v 4.071285 0.312161 -0.866675
v 4.071443 0.314084 -0.864325
v 4.071577 0.31552 -0.86146
v 4.071675 0.316412 -0.858581
v 4.071742 0.316727 -0.855339
v 4.070148 0.303821 -0.870342
v 4.069678 0.307093 -0.869444
v 4.06899 0.312031 -0.866641
v 4.068578 0.315351 -0.861416
v 4.068692 0.30317 -0.86976
v 4.066343 0.305601 -0.868737
v 4.064466 0.307557 -0.867185
v 4.068323 0.302792 -0.869752
v 4.065498 0.304738 -0.86872
v 4.063239 0.306305 -0.86716
v 4.068137 0.299935 -0.869732
v 4.065074 0.298211 -0.868674
v 4.062624 0.296828 -0.867092
v 4.068456 0.299534 -0.869734
v 4.065804 0.297294 -0.868679
v 4.063683 0.295496 -0.8671
v 4.072383 0.299402 -0.869119
v 4.074754 0.296984 -0.868807
v 4.076676 0.295046 -0.867286
v 4.072753 0.29978 -0.869126
v 4.075599 0.297846 -0.868824
v 4.077903 0.296299 -0.867311
v 4.072938 0.302636 -0.869147
v 4.076023 0.304374 -0.868871
v 4.078518 0.305775 -0.867378
v 4.072619 0.303038 -0.869145
v 4.075294 0.305291 -0.868866
v 4.077459 0.307107 -0.867371
v 4.070539 0.301286 -0.869378
v 4.064366 0.049002 -0.867904
v 4.06381 0.053214 -0.86349
v 4.063558 0.055514 -0.857739
v 4.063561 0.055826 -0.854496
v 4.064684 0.042975 -0.869538
v 4.063535 0.046082 -0.86863
v 4.062611 0.048577 -0.867876
v 4.061821 0.050772 -0.86581
v 4.061183 0.052577 -0.863448
v 4.060725 0.053926 -0.860574
v 4.060459 0.054763 -0.857689
v 4.060402 0.05506 -0.854445
v 4.06419 0.042754 -0.86953
v 4.062406 0.045577 -0.86861
v 4.060971 0.047844 -0.867848
v 4.059734 0.049839 -0.865774
v 4.058729 0.05148 -0.863405
v 4.057999 0.052707 -0.860527
v 4.057565 0.053469 -0.857639
v 4.057451 0.05374 -0.854394
v 4.063966 0.042599 -0.869526
v 4.061569 0.045092 -0.868595
v 4.059166 0.046592 -0.867853
v 4.057875 0.04855 -0.865739
v 4.056542 0.049965 -0.863364
v 4.055569 0.051023 -0.860481
v 4.054985 0.051682 -0.857591
v 4.054821 0.051918 -0.854345
v 4.063145 0.041814 -0.869527
v 4.060391 0.043756 -0.86857
v 4.058509 0.045805 -0.867727
v 4.056314 0.046956 -0.865706
v 4.054707 0.04809 -0.863326
v 4.053529 0.04894 -0.860438
v 4.05282 0.04947 -0.857546
v 4.052613 0.049663 -0.854299
v 4.063095 0.041635 -0.869507
v 4.059903 0.043022 -0.868558
v 4.057339 0.044133 -0.867772
v 4.055111 0.045116 -0.865678
v 4.053293 0.045927 -0.863292
v 4.051958 0.046537 -0.860401
v 4.051152 0.046919 -0.857506
v 4.050913 0.047062 -0.854258
v 4.0656 0.040284 -0.868571
v 4.062906 0.041158 -0.869501
v 4.059472 0.041932 -0.868545
v 4.056712 0.042552 -0.867754
v 4.054314 0.043103 -0.865654
v 4.052355 0.04356 -0.863264
v 4.050916 0.043906 -0.860369
v 4.050045 0.044126 -0.857472
v 4.049785 0.044215 -0.854224
v 4.06282 0.040659 -0.869497
v 4.059276 0.04079 -0.868535
v 4.056427 0.040894 -0.867739
v 4.053951 0.040993 -0.865635
v 4.051929 0.041079 -0.863242
v 4.050443 0.04115 -0.860346
v 4.049543 0.0412 -0.857447
v 4.049273 0.041231 -0.854199
v 4.062841 0.040155 -0.869494
v 4.059323 0.03964 -0.868529
v 4.056496 0.039224 -0.86773
v 4.054039 0.038868 -0.865624
v 4.052032 0.03858 -0.863229
v 4.050557 0.038373 -0.86033
v 4.049664 0.038252 -0.857431
v 4.049396 0.038225 -0.854182
v 4.062967 0.039667 -0.869493
v 4.059611 0.038525 -0.868526
v 4.056915 0.037606 -0.867726
v 4.054572 0.036809 -0.865619
v 4.052659 0.036158 -0.863223
v 4.051253 0.035682 -0.860324
v 4.050404 0.035396 -0.857424
v 4.05015 0.035313 -0.854175
v 4.063135 0.039502 -0.869457
v 4.060035 0.037597 -0.868527
v 4.058168 0.035729 -0.867872
v 4.055531 0.034895 -0.865621
v 4.053786 0.033908 -0.863225
v 4.052506 0.033181 -0.860327
v 4.051734 0.032741 -0.857427
v 4.051506 0.032606 -0.854178
v 4.063514 0.038813 -0.869496
v 4.061026 0.036523 -0.868534
v 4.058471 0.035011 -0.867826
v 4.056878 0.033199 -0.86563
v 4.055371 0.031914 -0.863236
v 4.054267 0.030966 -0.860339
v 4.053603 0.030389 -0.85744
v 4.053412 0.030208 -0.854191
v 4.063912 0.038478 -0.8695
v 4.061771 0.035808 -0.868541
v 4.06005 0.033661 -0.867748
v 4.058563 0.031788 -0.865646
v 4.057352 0.030255 -0.863255
v 4.056468 0.029122 -0.860359
v 4.05594 0.028432 -0.857462
v 4.055794 0.028213 -0.854213
v 4.064376 0.038224 -0.869505
v 4.06283 0.035227 -0.868553
v 4.061588 0.032818 -0.867765
v 4.060519 0.030715 -0.865668
v 4.059652 0.028993 -0.86328
v 4.059024 0.02772 -0.860388
v 4.058653 0.026943 -0.857492
v 4.058561 0.026695 -0.854244
v 4.064886 0.03806 -0.869511
v 4.063996 0.034852 -0.868567
v 4.06328 0.032273 -0.867786
v 4.062673 0.030021 -0.865695
v 4.062185 0.028177 -0.863312
v 4.061838 0.026814 -0.860423
v 4.061641 0.025981 -0.857529
v 4.061607 0.025714 -0.854282
v 4.065423 0.037992 -0.869519
v 4.065223 0.034696 -0.868584
v 4.065062 0.032047 -0.86781
v 4.064941 0.029734 -0.865726
v 4.064851 0.027839 -0.863349
v 4.064801 0.026438 -0.860464
v 4.064786 0.025582 -0.857573
v 4.064814 0.025307 -0.854327
v 4.065967 0.038022 -0.869527
v 4.066465 0.034767 -0.868603
v 4.066865 0.032149 -0.867837
v 4.067236 0.029863 -0.86576
v 4.06755 0.027991 -0.863389
v 4.0678 0.026607 -0.860508
v 4.067969 0.025762 -0.85762
v 4.06806 0.02549 -0.854375
v 4.066496 0.038151 -0.869535
v 4.067674 0.03506 -0.868622
v 4.06862 0.032574 -0.867865
v 4.06947 0.030405 -0.865796
v 4.070177 0.028628 -0.863431
v 4.070718 0.027315 -0.860555
v 4.071068 0.026513 -0.85767
v 4.071219 0.026257 -0.854425
v 4.06699 0.038372 -0.869544
v 4.068804 0.035565 -0.868642
v 4.07026 0.033308 -0.867894
v 4.071557 0.031338 -0.865832
v 4.07263 0.029726 -0.863473
v 4.073445 0.028534 -0.860602
v 4.073963 0.027808 -0.85772
v 4.07417 0.027576 -0.854476
v 4.067268 0.038486 -0.869548
v 4.06971 0.036175 -0.86869
v 4.071778 0.034992 -0.868083
v 4.073416 0.032626 -0.865867
v 4.074818 0.031241 -0.863515
v 4.075875 0.030218 -0.860648
v 4.076542 0.029595 -0.857768
v 4.0768 0.029398 -0.854526
v 4.067879 0.039243 -0.869562
v 4.070785 0.03732 -0.868681
v 4.072565 0.035762 -0.867977
v 4.074977 0.034221 -0.865899
v 4.076653 0.033116 -0.863553
v 4.077914 0.032301 -0.86069
v 4.078707 0.031806 -0.857813
v 4.079008 0.031653 -0.854572
v 4.068085 0.03949 -0.869566
v 4.071306 0.03812 -0.868694
v 4.073892 0.037018 -0.867969
v 4.07618 0.03606 -0.865928
v 4.078067 0.035278 -0.863587
v 4.079485 0.034704 -0.860728
v 4.080375 0.034358 -0.857853
v 4.080709 0.034254 -0.854612
v 4.068274 0.039967 -0.869572
v 4.071737 0.03921 -0.868707
v 4.074519 0.0386 -0.867988
v 4.076978 0.038073 -0.865952
v 4.079005 0.037646 -0.863615
v 4.080528 0.037335 -0.860759
v 4.081481 0.03715 -0.857886
v 4.081837 0.037102 -0.854646
v 4.06836 0.040467 -0.869576
v 4.071933 0.040352 -0.868716
v 4.074803 0.040257 -0.868002
v 4.07734 0.040183 -0.86597
v 4.079431 0.040127 -0.863636
v 4.081001 0.040091 -0.860783
v 4.081984 0.040076 -0.857912
v 4.082349 0.040085 -0.854672
v 4.068339 0.04097 -0.869579
v 4.071886 0.041502 -0.868723
v 4.074735 0.041927 -0.868012
v 4.077252 0.042309 -0.865982
v 4.079328 0.042626 -0.86365
v 4.080887 0.042868 -0.860798
v 4.081863 0.043025 -0.857928
v 4.082225 0.043091 -0.854689
v 4.068213 0.041458 -0.86958
v 4.071598 0.042617 -0.868725
v 4.074316 0.043545 -0.868015
v 4.076719 0.044368 -0.865987
v 4.078701 0.045047 -0.863656
v 4.08019 0.045559 -0.860805
v 4.081123 0.045881 -0.857935
v 4.081471 0.046004 -0.854696
v 4.068045 0.041618 -0.869608
v 4.071101 0.043351 -0.868723
v 4.073311 0.045361 -0.867978
v 4.07576 0.046282 -0.865985
v 4.077574 0.047298 -0.863653
v 4.078937 0.04806 -0.860802
v 4.079793 0.048536 -0.857932
v 4.080115 0.04871 -0.854693
v 4.067604 0.042322 -0.869577
v 4.070215 0.044733 -0.868718
v 4.072642 0.046114 -0.868049
v 4.074413 0.047977 -0.865976
v 4.075989 0.049291 -0.863642
v 4.077177 0.050275 -0.86079
v 4.077924 0.050887 -0.857919
v 4.078209 0.051108 -0.85468
v 4.067268 0.042647 -0.869574
v 4.069438 0.045334 -0.868711
v 4.07118 0.04749 -0.867994
v 4.072728 0.049389 -0.86596
v 4.074008 0.050951 -0.863624
v 4.074976 0.052119 -0.86077
v 4.075588 0.052845 -0.857897
v 4.075827 0.053104 -0.854657
v 4.066804 0.042901 -0.869569
v 4.068379 0.045914 -0.868699
v 4.069643 0.048333 -0.867977
v 4.070772 0.050462 -0.865938
v 4.071708 0.052213 -0.863598
v 4.072419 0.053521 -0.860741
v 4.072874 0.054333 -0.857867
v 4.07306 0.054621 -0.854627
v 4.066294 0.043066 -0.869562
v 4.067213 0.04629 -0.868684
v 4.067951 0.048878 -0.867956
v 4.068618 0.051155 -0.865911
v 4.069175 0.053028 -0.863566
v 4.069605 0.054427 -0.860706
v 4.069886 0.055295 -0.857829
v 4.070014 0.055602 -0.854588
v 4.065757 0.043134 -0.869555
v 4.065986 0.046445 -0.868667
v 4.066169 0.049104 -0.867931
v 4.06635 0.051443 -0.86588
v 4.066508 0.053367 -0.86353
v 4.066642 0.054803 -0.860665
v 4.066741 0.055694 -0.857786
v 4.066807 0.056009 -0.854544
v 4.065214 0.043103 -0.869547
v 4.064744 0.046375 -0.868649
v 4.064055 0.051313 -0.865846
v 4.063643 0.054634 -0.86062
v 4.063758 0.042452 -0.868964
v 4.061409 0.044884 -0.867942
v 4.059531 0.04684 -0.86639
v 4.063388 0.042074 -0.868957
v 4.060564 0.044021 -0.867925
v 4.058304 0.045587 -0.866364
v 4.063202 0.039218 -0.868936
v 4.06014 0.037493 -0.867878
v 4.057689 0.036111 -0.866297
v 4.063521 0.038816 -0.868939
v 4.060869 0.036576 -0.867883
v 4.058748 0.034779 -0.866304
v 4.067449 0.038684 -0.868324
v 4.069819 0.036266 -0.868011
v 4.071742 0.034329 -0.86649
v 4.067819 0.039062 -0.868331
v 4.070664 0.037129 -0.868029
v 4.072968 0.035582 -0.866516
v 4.068004 0.041919 -0.868352
v 4.071088 0.043656 -0.868075
v 4.073584 0.045058 -0.866583
v 4.067685 0.042321 -0.868349
v 4.070359 0.044574 -0.86807
v 4.072525 0.04639 -0.866576
v 4.065604 0.040569 -0.868583
v 4.731726 0.031475 -0.868667
v 4.73117 0.035687 -0.864253
v 4.730917 0.037987 -0.858502
v 4.730921 0.038298 -0.855259
v 4.732044 0.025447 -0.870301
v 4.730895 0.028555 -0.869393
v 4.729971 0.031049 -0.868639
v 4.729181 0.033244 -0.866573
v 4.728543 0.03505 -0.86421
v 4.728085 0.036398 -0.861337
v 4.727819 0.037235 -0.858452
v 4.727762 0.037532 -0.855208
v 4.73155 0.025226 -0.870293
v 4.729765 0.02805 -0.869373
v 4.728331 0.030316 -0.868611
v 4.727094 0.032311 -0.866537
v 4.726089 0.033953 -0.864168
v 4.725358 0.035179 -0.86129
v 4.724925 0.035941 -0.858402
v 4.724811 0.036213 -0.855157
v 4.731326 0.025072 -0.870289
v 4.728929 0.027564 -0.869358
v 4.726526 0.029064 -0.868616
v 4.725235 0.031022 -0.866502
v 4.723902 0.032437 -0.864127
v 4.722929 0.033496 -0.861244
v 4.722345 0.034154 -0.858354
v 4.722181 0.03439 -0.855108
v 4.730505 0.024286 -0.870289
v 4.727751 0.026228 -0.869333
v 4.725869 0.028277 -0.86849
v 4.723673 0.029428 -0.866469
v 4.722066 0.030562 -0.864089
v 4.720889 0.031412 -0.861201
v 4.72018 0.031942 -0.858309
v 4.719973 0.032135 -0.855062
v 4.730455 0.024108 -0.87027
v 4.727263 0.025494 -0.869321
v 4.724699 0.026606 -0.868535
v 4.722471 0.027589 -0.866441
v 4.720653 0.0284 -0.864055
v 4.719318 0.029009 -0.861164
v 4.718512 0.029391 -0.858269
v 4.718273 0.029534 -0.855021
v 4.732961 0.022756 -0.869334
v 4.730266 0.023631 -0.870264
v 4.726831 0.024404 -0.869308
v 4.724072 0.025024 -0.868517
v 4.721673 0.025576 -0.866417
v 4.719715 0.026032 -0.864027
v 4.718276 0.026379 -0.861133
v 4.717405 0.026599 -0.858236
v 4.717144 0.026687 -0.854987
v 4.73018 0.023131 -0.87026
v 4.726635 0.023263 -0.869298
v 4.723787 0.023366 -0.868502
v 4.721311 0.023466 -0.866398
v 4.719289 0.023551 -0.864005
v 4.717803 0.023622 -0.861109
v 4.716903 0.023672 -0.85821
v 4.716632 0.023703 -0.854962
v 4.730201 0.022628 -0.870257
v 4.726683 0.022112 -0.869292
v 4.723856 0.021696 -0.868493
v 4.721398 0.02134 -0.866387
v 4.719391 0.021052 -0.863991
v 4.717916 0.020845 -0.861093
v 4.717024 0.020724 -0.858194
v 4.716756 0.020697 -0.854945
v 4.730327 0.02214 -0.870256
v 4.726972 0.020998 -0.869289
v 4.724275 0.020078 -0.868489
v 4.721932 0.019281 -0.866382
v 4.720018 0.018631 -0.863986
v 4.718613 0.018154 -0.861087
v 4.717764 0.017868 -0.858187
v 4.71751 0.017785 -0.854938
v 4.730494 0.021974 -0.87022
v 4.727395 0.02007 -0.86929
v 4.725528 0.018201 -0.868635
v 4.722891 0.017367 -0.866384
v 4.721146 0.01638 -0.863988
v 4.719866 0.015654 -0.86109
v 4.719094 0.015213 -0.85819
v 4.718866 0.015078 -0.854941
v 4.730874 0.021285 -0.870259
v 4.728385 0.018996 -0.869297
v 4.725831 0.017483 -0.868589
v 4.724238 0.015672 -0.866393
v 4.722731 0.014387 -0.863999
v 4.721627 0.013439 -0.861102
v 4.720963 0.012862 -0.858203
v 4.720772 0.012681 -0.854954
v 4.731273 0.020951 -0.870263
v 4.729131 0.018281 -0.869304
v 4.72741 0.016134 -0.86851
v 4.725923 0.01426 -0.866409
v 4.724711 0.012727 -0.864018
v 4.723827 0.011595 -0.861122
v 4.7233 0.010904 -0.858225
v 4.723154 0.010685 -0.854976
v 4.731736 0.020696 -0.870268
v 4.73019 0.0177 -0.869316
v 4.728948 0.01529 -0.868528
v 4.72788 0.013187 -0.866431
v 4.727012 0.011465 -0.864043
v 4.726384 0.010193 -0.861151
v 4.726013 0.009416 -0.858255
v 4.725921 0.009167 -0.855007
v 4.732246 0.020532 -0.870274
v 4.731356 0.017324 -0.86933
v 4.73064 0.014745 -0.868549
v 4.730033 0.012494 -0.866458
v 4.729545 0.01065 -0.864075
v 4.729198 0.009286 -0.861186
v 4.729001 0.008454 -0.858292
v 4.728967 0.008186 -0.855045
v 4.732783 0.020464 -0.870282
v 4.732583 0.017169 -0.869347
v 4.732422 0.014519 -0.868573
v 4.732301 0.012206 -0.866489
v 4.732211 0.010311 -0.864112
v 4.732161 0.008911 -0.861227
v 4.732146 0.008055 -0.858336
v 4.732174 0.00778 -0.855089
v 4.733327 0.020495 -0.87029
v 4.733825 0.017239 -0.869366
v 4.734225 0.014621 -0.8686
v 4.734596 0.012335 -0.866523
v 4.73491 0.010464 -0.864152
v 4.735159 0.00908 -0.861271
v 4.73533 0.008234 -0.858383
v 4.73542 0.007963 -0.855138
v 4.733856 0.020623 -0.870298
v 4.735034 0.017532 -0.869385
v 4.73598 0.015047 -0.868628
v 4.73683 0.012877 -0.866559
v 4.737536 0.011101 -0.864194
v 4.738078 0.009788 -0.861318
v 4.738428 0.008986 -0.858433
v 4.738579 0.008729 -0.855188
v 4.73435 0.020844 -0.870307
v 4.736164 0.018037 -0.869404
v 4.73762 0.01578 -0.868657
v 4.738916 0.01381 -0.866595
v 4.739991 0.012198 -0.864236
v 4.740805 0.011007 -0.861365
v 4.741323 0.01028 -0.858483
v 4.74153 0.010049 -0.855239
v 4.734628 0.020958 -0.870311
v 4.73707 0.018647 -0.869453
v 4.739138 0.017464 -0.868846
v 4.740776 0.015099 -0.86663
v 4.742177 0.013713 -0.864277
v 4.743235 0.01269 -0.861411
v 4.743902 0.012067 -0.858531
v 4.74416 0.011871 -0.855289
v 4.735239 0.021715 -0.870325
v 4.738144 0.019792 -0.869444
v 4.739925 0.018234 -0.86874
v 4.742337 0.016693 -0.866662
v 4.744013 0.015588 -0.864316
v 4.745274 0.014774 -0.861453
v 4.746067 0.014279 -0.858576
v 4.746368 0.014126 -0.855335
v 4.735445 0.021963 -0.870329
v 4.738666 0.020593 -0.869457
v 4.741252 0.01949 -0.868732
v 4.74354 0.018533 -0.866691
v 4.745427 0.017751 -0.864349
v 4.746845 0.017177 -0.861491
v 4.747735 0.01683 -0.858616
v 4.748068 0.016727 -0.855375
v 4.735634 0.022439 -0.870335
v 4.739097 0.021682 -0.86947
v 4.741879 0.021072 -0.868751
v 4.744338 0.020546 -0.866715
v 4.746365 0.020118 -0.864378
v 4.747888 0.019807 -0.861522
v 4.748841 0.019622 -0.858649
v 4.749197 0.019574 -0.855409
v 4.73572 0.022939 -0.870339
v 4.739293 0.022824 -0.869479
v 4.742164 0.02273 -0.868765
v 4.744699 0.022656 -0.866733
v 4.74679 0.022599 -0.864399
v 4.748361 0.022564 -0.861546
v 4.749344 0.022549 -0.858675
v 4.749709 0.022558 -0.855435
v 4.735699 0.023443 -0.870342
v 4.739246 0.023974 -0.869486
v 4.742095 0.0244 -0.868775
v 4.744612 0.024781 -0.866745
v 4.746688 0.025098 -0.864413
v 4.748247 0.025341 -0.861562
v 4.749223 0.025497 -0.858691
v 4.749585 0.025564 -0.855452
v 4.735573 0.02393 -0.870343
v 4.738957 0.025089 -0.869488
v 4.741676 0.026018 -0.868778
v 4.744079 0.02684 -0.86675
v 4.746061 0.02752 -0.864419
v 4.74755 0.028031 -0.861568
v 4.748483 0.028353 -0.858698
v 4.748831 0.028476 -0.855459
v 4.735405 0.02409 -0.870371
v 4.738461 0.025823 -0.869486
v 4.740671 0.027833 -0.868741
v 4.74312 0.028754 -0.866748
v 4.744934 0.02977 -0.864416
v 4.746297 0.030532 -0.861565
v 4.747153 0.031008 -0.858695
v 4.747475 0.031183 -0.855456
v 4.734963 0.024794 -0.87034
v 4.737575 0.027205 -0.869481
v 4.740002 0.028586 -0.868812
v 4.741773 0.03045 -0.866739
v 4.743349 0.031764 -0.864405
v 4.744536 0.032747 -0.861553
v 4.745284 0.033359 -0.858682
v 4.745569 0.03358 -0.855443
v 4.734628 0.02512 -0.870337
v 4.736797 0.027806 -0.869474
v 4.73854 0.029962 -0.868757
v 4.740088 0.031861 -0.866723
v 4.741368 0.033423 -0.864387
v 4.742336 0.034591 -0.861532
v 4.742948 0.035317 -0.85866
v 4.743187 0.035576 -0.85542
v 4.734164 0.025374 -0.870332
v 4.735739 0.028387 -0.869462
v 4.737003 0.030805 -0.86874
v 4.738132 0.032934 -0.866701
v 4.739068 0.034685 -0.864361
v 4.739779 0.035993 -0.861504
v 4.740233 0.036805 -0.85863
v 4.74042 0.037094 -0.855389
v 4.733654 0.025538 -0.870325
v 4.734573 0.028762 -0.869447
v 4.735311 0.03135 -0.868719
v 4.735978 0.033628 -0.866674
v 4.736535 0.035501 -0.864329
v 4.736965 0.0369 -0.861469
v 4.737247 0.037768 -0.858592
v 4.737374 0.038075 -0.855351
v 4.733117 0.025606 -0.870318
v 4.733346 0.028918 -0.869431
v 4.733529 0.031576 -0.868694
v 4.73371 0.033915 -0.866643
v 4.733868 0.035839 -0.864293
v 4.734002 0.037275 -0.861428
v 4.734101 0.038167 -0.858549
v 4.734167 0.038481 -0.855307
v 4.732574 0.025576 -0.87031
v 4.732104 0.028848 -0.869412
v 4.731415 0.033786 -0.866609
v 4.731004 0.037106 -0.861383
v 4.731118 0.024924 -0.869727
v 4.728768 0.027356 -0.868705
v 4.726891 0.029312 -0.867153
v 4.730748 0.024547 -0.86972
v 4.727923 0.026493 -0.868688
v 4.725664 0.02806 -0.867127
v 4.730562 0.02169 -0.869699
v 4.7275 0.019966 -0.868641
v 4.725049 0.018583 -0.86706
v 4.730882 0.021288 -0.869702
v 4.728229 0.019048 -0.868646
v 4.726108 0.017251 -0.867067
v 4.734808 0.021157 -0.869087
v 4.737179 0.018738 -0.868774
v 4.739101 0.016801 -0.867253
v 4.735178 0.021534 -0.869094
v 4.738024 0.019601 -0.868792
v 4.740328 0.018054 -0.867279
v 4.735364 0.024391 -0.869115
v 4.738448 0.026129 -0.868838
v 4.740943 0.02753 -0.867346
v 4.735044 0.024793 -0.869112
v 4.737719 0.027046 -0.868833
v 4.739884 0.028862 -0.867339
v 4.732964 0.023041 -0.869346
v 4.740669 0.299499 -0.053548
v 4.741384 0.30366 -0.057988
v 4.741722 0.305914 -0.063753
v 4.74173 0.306205 -0.066998
v 4.740123 0.293498 -0.051877
v 4.741389 0.296554 -0.052805
v 4.742407 0.299007 -0.053573
v 4.743279 0.301158 -0.055653
v 4.743985 0.302924 -0.058026
v 4.744493 0.304236 -0.060908
v 4.74479 0.305045 -0.063798
v 4.744858 0.30532 -0.067043
v 4.740609 0.293258 -0.051884
v 4.742499 0.296007 -0.052821
v 4.744018 0.298212 -0.053597
v 4.745329 0.300147 -0.055683
v 4.746395 0.301734 -0.058062
v 4.747171 0.302915 -0.060948
v 4.747633 0.303642 -0.063839
v 4.747757 0.303889 -0.067086
v 4.740827 0.293095 -0.051888
v 4.743316 0.295489 -0.052833
v 4.745775 0.296893 -0.053584
v 4.747139 0.298788 -0.05571
v 4.748523 0.300137 -0.058093
v 4.749536 0.30114 -0.060983
v 4.750144 0.301758 -0.063877
v 4.750316 0.301969 -0.067124
v 4.741618 0.292279 -0.051882
v 4.744443 0.29411 -0.05285
v 4.746401 0.296081 -0.053705
v 4.748638 0.297136 -0.055733
v 4.750287 0.298194 -0.05812
v 4.751495 0.298981 -0.061012
v 4.752223 0.299466 -0.063908
v 4.752437 0.299631 -0.067156
v 4.741661 0.292099 -0.0519
v 4.744903 0.293358 -0.052857
v 4.747507 0.294367 -0.053649
v 4.74977 0.295252 -0.05575
v 4.751617 0.295979 -0.05814
v 4.752975 0.29652 -0.061035
v 4.753794 0.296854 -0.063932
v 4.754038 0.296968 -0.06718
v 4.739106 0.290838 -0.052829
v 4.741831 0.291615 -0.051903
v 4.745293 0.292253 -0.052864
v 4.748074 0.292762 -0.053658
v 4.750491 0.29321 -0.055761
v 4.752465 0.293578 -0.058154
v 4.753916 0.293852 -0.06105
v 4.754794 0.294021 -0.063948
v 4.755057 0.29408 -0.067197
v 4.741899 0.291113 -0.051904
v 4.745445 0.291104 -0.052866
v 4.748295 0.291095 -0.053663
v 4.750773 0.291088 -0.055767
v 4.752797 0.291083 -0.05816
v 4.754285 0.291079 -0.061057
v 4.755185 0.291078 -0.063956
v 4.755456 0.291079 -0.067204
v 4.741858 0.29061 -0.051904
v 4.745355 0.289956 -0.052866
v 4.748164 0.289429 -0.053662
v 4.750606 0.288967 -0.055766
v 4.7526 0.288589 -0.058159
v 4.754066 0.288308 -0.061055
v 4.754952 0.288136 -0.063954
v 4.755219 0.28808 -0.067203
v 4.741714 0.290128 -0.051902
v 4.745024 0.288854 -0.052862
v 4.747684 0.287828 -0.053656
v 4.749995 0.28693 -0.055758
v 4.751882 0.286193 -0.05815
v 4.753268 0.285646 -0.061046
v 4.754105 0.28531 -0.063943
v 4.754355 0.285198 -0.067192
v 4.74154 0.289968 -0.051938
v 4.744565 0.287942 -0.052856
v 4.74636 0.286 -0.053498
v 4.748964 0.285053 -0.055744
v 4.75067 0.283987 -0.058134
v 4.751921 0.283195 -0.061028
v 4.752676 0.282707 -0.063924
v 4.752898 0.282544 -0.067173
v 4.741136 0.289294 -0.051894
v 4.743536 0.286907 -0.052841
v 4.74603 0.285294 -0.05354
v 4.747553 0.28341 -0.055725
v 4.749011 0.282055 -0.058111
v 4.750078 0.281048 -0.061002
v 4.750719 0.280429 -0.063898
v 4.750903 0.280221 -0.067145
v 4.740724 0.288975 -0.051889
v 4.742763 0.28622 -0.052831
v 4.744401 0.284005 -0.053611
v 4.745817 0.282064 -0.055701
v 4.746969 0.280471 -0.058082
v 4.747809 0.279289 -0.060971
v 4.74831 0.278561 -0.063864
v 4.748446 0.278317 -0.067111
v 4.740252 0.288739 -0.051882
v 4.741683 0.28568 -0.052815
v 4.742833 0.283221 -0.053589
v 4.743821 0.281066 -0.055673
v 4.744622 0.279298 -0.058049
v 4.745201 0.277985 -0.060934
v 4.745542 0.277177 -0.063825
v 4.745624 0.276905 -0.067071
v 4.739736 0.288594 -0.051875
v 4.740504 0.285349 -0.052799
v 4.741121 0.28274 -0.053564
v 4.741642 0.280454 -0.055642
v 4.742061 0.278579 -0.058013
v 4.742355 0.277186 -0.060894
v 4.74252 0.276328 -0.063782
v 4.742543 0.27604 -0.067027
v 4.739196 0.288546 -0.051867
v 4.739271 0.28524 -0.052781
v 4.739332 0.282582 -0.053539
v 4.739365 0.280253 -0.055609
v 4.739383 0.278342 -0.057974
v 4.73938 0.276922 -0.060851
v 4.739362 0.276049 -0.063737
v 4.739323 0.275756 -0.066981
v 4.738654 0.288598 -0.051859
v 4.738033 0.285357 -0.052763
v 4.737534 0.282752 -0.053513
v 4.737077 0.280469 -0.055576
v 4.736692 0.278596 -0.057936
v 4.73639 0.277205 -0.060808
v 4.736188 0.276349 -0.063691
v 4.736087 0.276062 -0.066934
v 4.73813 0.288746 -0.051851
v 4.736836 0.285696 -0.052746
v 4.735796 0.283244 -0.053487
v 4.734865 0.281095 -0.055544
v 4.734091 0.279333 -0.057898
v 4.7335 0.278023 -0.060765
v 4.73312 0.277218 -0.063646
v 4.732959 0.276947 -0.066889
v 4.737645 0.288985 -0.051844
v 4.735726 0.286244 -0.052729
v 4.734186 0.284039 -0.053464
v 4.732815 0.282107 -0.055514
v 4.731681 0.280522 -0.057862
v 4.730822 0.279345 -0.060726
v 4.730277 0.278621 -0.063604
v 4.73006 0.278378 -0.066846
v 4.737371 0.28911 -0.05184
v 4.734844 0.286888 -0.052684
v 4.732732 0.28578 -0.053285
v 4.731006 0.283465 -0.055487
v 4.729553 0.282119 -0.057831
v 4.728457 0.28112 -0.060691
v 4.727767 0.280505 -0.063567
v 4.7275 0.280298 -0.066808
v 4.73679 0.28989 -0.051831
v 4.733813 0.288073 -0.052701
v 4.731975 0.286579 -0.053396
v 4.729506 0.285118 -0.055464
v 4.727789 0.284062 -0.057804
v 4.726498 0.283279 -0.060661
v 4.725687 0.282797 -0.063536
v 4.72538 0.282636 -0.066776
v 4.736593 0.290145 -0.051828
v 4.733323 0.288892 -0.052693
v 4.730696 0.287884 -0.053411
v 4.728374 0.287001 -0.055447
v 4.726458 0.286277 -0.057784
v 4.725019 0.28574 -0.060639
v 4.724116 0.28541 -0.063512
v 4.723779 0.285299 -0.066752
v 4.736422 0.290628 -0.051826
v 4.732933 0.289998 -0.052687
v 4.73013 0.289489 -0.053402
v 4.727653 0.289043 -0.055435
v 4.725611 0.288678 -0.05777
v 4.724077 0.288408 -0.060624
v 4.723116 0.288242 -0.063496
v 4.722759 0.288187 -0.066735
v 4.736355 0.291131 -0.051824
v 4.73278 0.291146 -0.052684
v 4.729908 0.291156 -0.053398
v 4.727371 0.291166 -0.05543
v 4.725279 0.291174 -0.057764
v 4.723708 0.291181 -0.060617
v 4.722725 0.291185 -0.063488
v 4.722361 0.291188 -0.066728
v 4.736395 0.291633 -0.051825
v 4.732871 0.292294 -0.052685
v 4.73004 0.292822 -0.053399
v 4.727539 0.293286 -0.055431
v 4.725476 0.293667 -0.057765
v 4.723927 0.293951 -0.060618
v 4.722958 0.294127 -0.06349
v 4.722598 0.294187 -0.066729
v 4.736539 0.292116 -0.051826
v 4.733202 0.293397 -0.052689
v 4.73052 0.294423 -0.053405
v 4.728149 0.295324 -0.055439
v 4.726194 0.296063 -0.057774
v 4.724726 0.296614 -0.060628
v 4.723805 0.296953 -0.0635
v 4.723461 0.297069 -0.06674
v 4.736713 0.29227 -0.0518
v 4.733725 0.294111 -0.052696
v 4.731593 0.296199 -0.053453
v 4.72918 0.2972 -0.055452
v 4.727406 0.29827 -0.05779
v 4.726072 0.299065 -0.060646
v 4.725235 0.299556 -0.063519
v 4.724919 0.299723 -0.066759
v 4.737181 0.292956 -0.051835
v 4.734663 0.295459 -0.052709
v 4.73229 0.296927 -0.053386
v 4.730591 0.298843 -0.055472
v 4.729065 0.300202 -0.057813
v 4.727915 0.301212 -0.060671
v 4.727191 0.301835 -0.063546
v 4.726914 0.302046 -0.066787
v 4.737529 0.293269 -0.05184
v 4.735463 0.29603 -0.05272
v 4.733802 0.298246 -0.05345
v 4.732327 0.30019 -0.055496
v 4.731107 0.301785 -0.057841
v 4.730184 0.302971 -0.060703
v 4.7296 0.303702 -0.06358
v 4.72937 0.30395 -0.066821
v 4.738002 0.293505 -0.051847
v 4.736543 0.29657 -0.052735
v 4.735371 0.29903 -0.053472
v 4.734323 0.301188 -0.055524
v 4.733454 0.302959 -0.057874
v 4.732792 0.304275 -0.06074
v 4.732368 0.305087 -0.063619
v 4.732193 0.305362 -0.066861
v 4.738518 0.29365 -0.051854
v 4.737721 0.296901 -0.052752
v 4.737082 0.299511 -0.053496
v 4.736502 0.301799 -0.055555
v 4.736015 0.303678 -0.057911
v 4.735638 0.305074 -0.06078
v 4.73539 0.305935 -0.063662
v 4.735273 0.306227 -0.066905
v 4.739057 0.293698 -0.051862
v 4.738954 0.29701 -0.052769
v 4.738872 0.299669 -0.053522
v 4.738779 0.302001 -0.055588
v 4.738693 0.303914 -0.057949
v 4.738613 0.305337 -0.060823
v 4.738548 0.306214 -0.063707
v 4.738493 0.306511 -0.066951
v 4.739599 0.293646 -0.05187
v 4.740192 0.296893 -0.052787
v 4.741067 0.301784 -0.055621
v 4.741603 0.305054 -0.060866
v 4.741029 0.292937 -0.052448
v 4.743469 0.295272 -0.053485
v 4.745419 0.297146 -0.055049
v 4.741385 0.292546 -0.052453
v 4.74428 0.294378 -0.053497
v 4.746597 0.295848 -0.055066
v 4.741462 0.289684 -0.052456
v 4.744457 0.287839 -0.053503
v 4.746853 0.286355 -0.055076
v 4.741127 0.289295 -0.052452
v 4.743693 0.286949 -0.053493
v 4.745745 0.285064 -0.055061
v 4.737198 0.289308 -0.053066
v 4.734738 0.286979 -0.053364
v 4.732743 0.285107 -0.054873
v 4.736843 0.289699 -0.053061
v 4.733926 0.287873 -0.053352
v 4.731565 0.286405 -0.054856
v 4.736766 0.292561 -0.053058
v 4.73375 0.294412 -0.053345
v 4.731309 0.295898 -0.054846
v 4.7371 0.29295 -0.053063
v 4.734513 0.295302 -0.053356
v 4.732418 0.297189 -0.054861
v 4.739113 0.291122 -0.052818
v 4.73577 0.040676 -0.052758
v 4.736485 0.044837 -0.057199
v 4.736824 0.047091 -0.062963
v 4.736831 0.047383 -0.066208
v 4.735224 0.034675 -0.051088
v 4.736491 0.037731 -0.052015
v 4.737508 0.040184 -0.052784
v 4.73838 0.042335 -0.054863
v 4.739086 0.044101 -0.057237
v 4.739594 0.045414 -0.060119
v 4.739891 0.046223 -0.063008
v 4.739959 0.046497 -0.066254
v 4.73571 0.034436 -0.051095
v 4.7376 0.037184 -0.052032
v 4.739119 0.03939 -0.052807
v 4.74043 0.041324 -0.054894
v 4.741497 0.042911 -0.057272
v 4.742273 0.044092 -0.060158
v 4.742735 0.04482 -0.06305
v 4.742858 0.045067 -0.066296
v 4.735929 0.034273 -0.051098
v 4.738417 0.036667 -0.052044
v 4.740876 0.038071 -0.052795
v 4.742239 0.039966 -0.05492
v 4.743624 0.041314 -0.057304
v 4.744637 0.042317 -0.060193
v 4.745245 0.042936 -0.063087
v 4.745417 0.043146 -0.066334
v 4.736719 0.033456 -0.051092
v 4.739544 0.035287 -0.052061
v 4.741502 0.037259 -0.052916
v 4.743739 0.038313 -0.054943
v 4.745388 0.039371 -0.05733
v 4.746596 0.040158 -0.060223
v 4.747325 0.040643 -0.063118
v 4.747538 0.040809 -0.066366
v 4.736762 0.033276 -0.051111
v 4.740004 0.034535 -0.052068
v 4.742609 0.035544 -0.05286
v 4.744871 0.036429 -0.05496
v 4.746719 0.037156 -0.057351
v 4.748075 0.037697 -0.060245
v 4.748895 0.038031 -0.063143
v 4.749139 0.038145 -0.066391
v 4.734207 0.032015 -0.052039
v 4.736933 0.032793 -0.051113
v 4.740394 0.03343 -0.052074
v 4.743175 0.03394 -0.052869
v 4.745592 0.034387 -0.054972
v 4.747567 0.034755 -0.057364
v 4.749017 0.035029 -0.060261
v 4.749895 0.035198 -0.063159
v 4.750158 0.035257 -0.066407
v 4.737 0.03229 -0.051115
v 4.740546 0.032281 -0.052077
v 4.743396 0.032272 -0.052873
v 4.745874 0.032265 -0.054977
v 4.747898 0.03226 -0.057371
v 4.749386 0.032256 -0.060268
v 4.750286 0.032255 -0.063166
v 4.750557 0.032256 -0.066415
v 4.736959 0.031788 -0.051114
v 4.740456 0.031134 -0.052076
v 4.743265 0.030606 -0.052872
v 4.745707 0.030145 -0.054976
v 4.747701 0.029766 -0.057369
v 4.749167 0.029486 -0.060266
v 4.750053 0.029314 -0.063165
v 4.75032 0.029257 -0.066413
v 4.736815 0.031305 -0.051113
v 4.740125 0.030031 -0.052072
v 4.742785 0.029005 -0.052866
v 4.745096 0.028107 -0.054969
v 4.746983 0.02737 -0.05736
v 4.748369 0.026823 -0.060256
v 4.749206 0.026487 -0.063154
v 4.749456 0.026375 -0.066402
v 4.736642 0.031146 -0.051148
v 4.739666 0.02912 -0.052066
v 4.741462 0.027178 -0.052709
v 4.744065 0.026231 -0.054955
v 4.745771 0.025164 -0.057344
v 4.747022 0.024372 -0.060238
v 4.747777 0.023885 -0.063135
v 4.747999 0.023722 -0.066383
v 4.736237 0.030471 -0.051105
v 4.738636 0.028084 -0.052052
v 4.741131 0.026472 -0.052751
v 4.742654 0.024588 -0.054935
v 4.744112 0.023232 -0.057321
v 4.745179 0.022225 -0.060213
v 4.74582 0.021606 -0.063108
v 4.746004 0.021398 -0.066356
v 4.735826 0.030152 -0.051099
v 4.737864 0.027398 -0.052041
v 4.739502 0.025182 -0.052821
v 4.740918 0.023241 -0.054911
v 4.74207 0.021649 -0.057293
v 4.74291 0.020466 -0.060181
v 4.743411 0.019738 -0.063074
v 4.743548 0.019494 -0.066321
v 4.735353 0.029916 -0.051092
v 4.736784 0.026857 -0.052026
v 4.737934 0.024398 -0.052799
v 4.738922 0.022243 -0.054883
v 4.739723 0.020475 -0.05726
v 4.740302 0.019162 -0.060144
v 4.740643 0.018354 -0.063035
v 4.740726 0.018082 -0.066282
v 4.734837 0.029771 -0.051085
v 4.735605 0.026526 -0.052009
v 4.736222 0.023917 -0.052775
v 4.736743 0.021631 -0.054852
v 4.737162 0.019756 -0.057223
v 4.737456 0.018363 -0.060104
v 4.737621 0.017506 -0.062992
v 4.737645 0.017218 -0.066238
v 4.734297 0.029723 -0.051077
v 4.734373 0.026417 -0.051991
v 4.734433 0.023759 -0.052749
v 4.734467 0.02143 -0.054819
v 4.734484 0.019519 -0.057185
v 4.734481 0.0181 -0.060061
v 4.734463 0.017226 -0.062947
v 4.734424 0.016933 -0.066192
v 4.733755 0.029775 -0.051069
v 4.733134 0.026535 -0.051974
v 4.732635 0.023929 -0.052723
v 4.732178 0.021647 -0.054786
v 4.731793 0.019774 -0.057146
v 4.731491 0.018383 -0.060018
v 4.731289 0.017527 -0.062901
v 4.731188 0.017239 -0.066145
v 4.733232 0.029923 -0.051062
v 4.731937 0.026873 -0.051956
v 4.730897 0.024421 -0.052698
v 4.729966 0.022273 -0.054754
v 4.729192 0.02051 -0.057108
v 4.728601 0.019201 -0.059976
v 4.728221 0.018395 -0.062857
v 4.72806 0.018124 -0.066099
v 4.732746 0.030163 -0.051055
v 4.730827 0.027421 -0.05194
v 4.729287 0.025216 -0.052674
v 4.727916 0.023284 -0.054724
v 4.726782 0.021699 -0.057073
v 4.725923 0.020522 -0.059937
v 4.725378 0.019798 -0.062815
v 4.725161 0.019555 -0.066057
v 4.732472 0.030288 -0.051051
v 4.729945 0.028065 -0.051895
v 4.727833 0.026958 -0.052495
v 4.726107 0.024642 -0.054697
v 4.724654 0.023296 -0.057041
v 4.723558 0.022297 -0.059902
v 4.722867 0.021682 -0.062777
v 4.722602 0.021476 -0.066019
v 4.731891 0.031067 -0.051042
v 4.728915 0.02925 -0.051911
v 4.727076 0.027756 -0.052606
v 4.724607 0.026295 -0.054675
v 4.72289 0.02524 -0.057015
v 4.721599 0.024456 -0.059872
v 4.720788 0.023974 -0.062746
v 4.720481 0.023813 -0.065987
v 4.731694 0.031322 -0.051039
v 4.728424 0.03007 -0.051904
v 4.725798 0.029061 -0.052622
v 4.723475 0.028179 -0.054657
v 4.72156 0.027454 -0.056994
v 4.72012 0.026917 -0.059849
v 4.719217 0.026587 -0.062722
v 4.71888 0.026477 -0.065962
v 4.731523 0.031806 -0.051036
v 4.728034 0.031175 -0.051897
v 4.725231 0.030666 -0.052613
v 4.722754 0.030221 -0.054646
v 4.720712 0.029856 -0.05698
v 4.719178 0.029585 -0.059834
v 4.718217 0.029419 -0.062706
v 4.717861 0.029364 -0.065946
v 4.731456 0.032308 -0.051035
v 4.727881 0.032323 -0.051895
v 4.725009 0.032333 -0.052608
v 4.722472 0.032343 -0.05464
v 4.72038 0.032351 -0.056974
v 4.71881 0.032358 -0.059827
v 4.717826 0.032363 -0.062699
v 4.717462 0.032366 -0.065938
v 4.731496 0.032811 -0.051035
v 4.727972 0.033471 -0.051895
v 4.725141 0.033999 -0.052609
v 4.72264 0.034463 -0.054641
v 4.720577 0.034845 -0.056976
v 4.719028 0.035129 -0.059829
v 4.718059 0.035304 -0.0627
v 4.717699 0.035365 -0.06594
v 4.731641 0.033293 -0.051037
v 4.728302 0.034574 -0.051899
v 4.725621 0.0356 -0.052615
v 4.72325 0.036501 -0.054649
v 4.721295 0.037241 -0.056984
v 4.719827 0.037791 -0.059839
v 4.718906 0.03813 -0.062711
v 4.718563 0.038246 -0.065951
v 4.731815 0.033447 -0.05101
v 4.728826 0.035289 -0.051906
v 4.726694 0.037376 -0.052664
v 4.724281 0.038377 -0.054663
v 4.722507 0.039447 -0.057001
v 4.721173 0.040242 -0.059857
v 4.720335 0.040733 -0.06273
v 4.72002 0.0409 -0.06597
v 4.732282 0.034133 -0.051046
v 4.729764 0.036636 -0.051919
v 4.727391 0.038104 -0.052597
v 4.725692 0.04002 -0.054682
v 4.724166 0.041379 -0.057023
v 4.723016 0.042389 -0.059882
v 4.722292 0.043012 -0.062757
v 4.722015 0.043223 -0.065997
v 4.73263 0.034446 -0.051051
v 4.730564 0.037207 -0.05193
v 4.728904 0.039423 -0.05266
v 4.727428 0.041367 -0.054706
v 4.726208 0.042962 -0.057052
v 4.725286 0.044148 -0.059913
v 4.724701 0.044879 -0.06279
v 4.724471 0.045128 -0.066032
v 4.733103 0.034682 -0.051057
v 4.731644 0.037747 -0.051945
v 4.730472 0.040208 -0.052682
v 4.729424 0.042365 -0.054734
v 4.728555 0.044136 -0.057085
v 4.727893 0.045452 -0.05995
v 4.727469 0.046264 -0.062829
v 4.727293 0.046539 -0.066071
v 4.733619 0.034827 -0.051064
v 4.732822 0.038078 -0.051962
v 4.732183 0.040688 -0.052707
v 4.731603 0.042976 -0.054765
v 4.731117 0.044855 -0.057121
v 4.730739 0.046251 -0.059991
v 4.730491 0.047112 -0.062872
v 4.730374 0.047404 -0.066115
v 4.734159 0.034875 -0.051072
v 4.734055 0.038187 -0.05198
v 4.733973 0.040846 -0.052732
v 4.73388 0.043178 -0.054798
v 4.733794 0.045092 -0.05716
v 4.733715 0.046515 -0.060033
v 4.733649 0.047391 -0.062918
v 4.733595 0.047689 -0.066161
v 4.7347 0.034823 -0.05108
v 4.735293 0.03807 -0.051998
v 4.736168 0.042961 -0.054831
v 4.736704 0.046232 -0.060077
v 4.736131 0.034114 -0.051658
v 4.73857 0.036449 -0.052695
v 4.74052 0.038323 -0.054259
v 4.736486 0.033723 -0.051664
v 4.739382 0.035555 -0.052707
v 4.741698 0.037025 -0.054277
v 4.736563 0.030861 -0.051667
v 4.739558 0.029016 -0.052714
v 4.741954 0.027532 -0.054286
v 4.736229 0.030472 -0.051662
v 4.738794 0.028127 -0.052703
v 4.740846 0.026241 -0.054271
v 4.732299 0.030485 -0.052277
v 4.729839 0.028156 -0.052574
v 4.727845 0.026284 -0.054084
v 4.731944 0.030877 -0.052271
v 4.729027 0.029051 -0.052562
v 4.726666 0.027582 -0.054066
v 4.731867 0.033738 -0.052268
v 4.728851 0.03559 -0.052556
v 4.72641 0.037076 -0.054057
v 4.732201 0.034128 -0.052273
v 4.729614 0.036479 -0.052566
v 4.727519 0.038366 -0.054072
v 4.734214 0.0323 -0.052029
v 4.061442 0.053442 -0.051972
v 4.062157 0.057603 -0.056413
v 4.062495 0.059857 -0.062178
v 4.062503 0.060148 -0.065422
v 4.060896 0.047441 -0.050302
v 4.062162 0.050497 -0.051229
v 4.06318 0.05295 -0.051998
v 4.064052 0.055101 -0.054078
v 4.064757 0.056867 -0.056451
v 4.065266 0.058179 -0.059333
v 4.065563 0.058988 -0.062222
v 4.06563 0.059263 -0.065468
v 4.061381 0.047201 -0.050309
v 4.063272 0.049949 -0.051246
v 4.064791 0.052155 -0.052022
v 4.066102 0.054089 -0.054108
v 4.067168 0.055677 -0.056486
v 4.067945 0.056858 -0.059372
v 4.068407 0.057585 -0.062264
v 4.06853 0.057832 -0.065511
v 4.0616 0.047038 -0.050312
v 4.064089 0.049432 -0.051258
v 4.066547 0.050836 -0.052009
v 4.067911 0.052731 -0.054135
v 4.069296 0.05408 -0.056518
v 4.070309 0.055083 -0.059407
v 4.070917 0.055701 -0.062301
v 4.071089 0.055912 -0.065548
v 4.062391 0.046222 -0.050306
v 4.065216 0.048053 -0.051275
v 4.067174 0.050024 -0.05213
v 4.069411 0.051079 -0.054157
v 4.071059 0.052137 -0.056544
v 4.072268 0.052924 -0.059437
v 4.072997 0.053409 -0.062333
v 4.07321 0.053574 -0.06558
v 4.062434 0.046042 -0.050325
v 4.065675 0.047301 -0.051282
v 4.06828 0.04831 -0.052074
v 4.070543 0.049195 -0.054174
v 4.072391 0.049922 -0.056565
v 4.073747 0.050463 -0.05946
v 4.074567 0.050797 -0.062357
v 4.074811 0.050911 -0.065605
v 4.059878 0.044781 -0.051253
v 4.062604 0.045558 -0.050328
v 4.066065 0.046196 -0.051288
v 4.068847 0.046705 -0.052083
v 4.071264 0.047153 -0.054186
v 4.073238 0.047521 -0.056578
v 4.074689 0.047795 -0.059475
v 4.075567 0.047964 -0.062373
v 4.07583 0.048023 -0.065621
v 4.062671 0.045056 -0.050329
v 4.066218 0.045047 -0.051291
v 4.069068 0.045038 -0.052087
v 4.071546 0.045031 -0.054191
v 4.07357 0.045025 -0.056585
v 4.075058 0.045022 -0.059482
v 4.075958 0.045021 -0.06238
v 4.076229 0.045022 -0.065629
v 4.062632 0.044553 -0.050329
v 4.066127 0.043899 -0.05129
v 4.068936 0.043372 -0.052086
v 4.071378 0.04291 -0.05419
v 4.073373 0.042532 -0.056583
v 4.074839 0.042251 -0.05948
v 4.075726 0.042079 -0.062379
v 4.075992 0.042022 -0.065627
v 4.062487 0.044071 -0.050327
v 4.065797 0.042797 -0.051286
v 4.068457 0.041771 -0.05208
v 4.070767 0.040873 -0.054183
v 4.072655 0.040136 -0.056574
v 4.07404 0.039589 -0.05947
v 4.074878 0.039253 -0.062368
v 4.075128 0.039141 -0.065617
v 4.062314 0.043911 -0.050362
v 4.065338 0.041885 -0.05128
v 4.067133 0.039943 -0.051923
v 4.069737 0.038996 -0.054169
v 4.071443 0.037929 -0.056558
v 4.072694 0.037137 -0.059452
v 4.073449 0.03665 -0.062349
v 4.07367 0.036487 -0.065597
v 4.061908 0.043237 -0.050319
v 4.064308 0.04085 -0.051266
v 4.066803 0.039237 -0.051965
v 4.068326 0.037353 -0.05415
v 4.069784 0.035998 -0.056535
v 4.070851 0.034991 -0.059427
v 4.071492 0.034372 -0.062322
v 4.071676 0.034164 -0.06557
v 4.061497 0.042918 -0.050313
v 4.063536 0.040163 -0.051255
v 4.065174 0.037948 -0.052035
v 4.066589 0.036007 -0.054125
v 4.067742 0.034414 -0.056507
v 4.068582 0.033232 -0.059395
v 4.069083 0.032504 -0.062289
v 4.06922 0.03226 -0.065536
v 4.061024 0.042682 -0.050307
v 4.062456 0.039623 -0.05124
v 4.063606 0.037164 -0.052013
v 4.064594 0.035009 -0.054097
v 4.065395 0.033241 -0.056474
v 4.065974 0.031927 -0.059359
v 4.066315 0.031119 -0.06225
v 4.066397 0.030848 -0.065496
v 4.060508 0.042537 -0.050299
v 4.061276 0.039292 -0.051223
v 4.061894 0.036683 -0.051989
v 4.062415 0.034397 -0.054066
v 4.062833 0.032522 -0.056437
v 4.063128 0.031128 -0.059318
v 4.063293 0.030271 -0.062207
v 4.063316 0.029983 -0.065452
v 4.059969 0.042489 -0.050291
v 4.060044 0.039183 -0.051206
v 4.060105 0.036525 -0.051963
v 4.060138 0.034196 -0.054034
v 4.060156 0.032285 -0.056399
v 4.060153 0.030865 -0.059275
v 4.060135 0.029992 -0.062161
v 4.060096 0.029698 -0.065406
v 4.059427 0.042541 -0.050284
v 4.058805 0.0393 -0.051188
v 4.058307 0.036695 -0.051937
v 4.05785 0.034412 -0.054
v 4.057465 0.032539 -0.05636
v 4.057163 0.031148 -0.059232
v 4.056961 0.030292 -0.062115
v 4.056859 0.030005 -0.065359
v 4.058903 0.042689 -0.050276
v 4.057609 0.039639 -0.05117
v 4.05657 0.037187 -0.051912
v 4.055638 0.035038 -0.053968
v 4.054864 0.033276 -0.056322
v 4.054273 0.031966 -0.05919
v 4.053893 0.031161 -0.062071
v 4.053732 0.03089 -0.065313
v 4.058418 0.042928 -0.050269
v 4.056499 0.040187 -0.051154
v 4.054959 0.037982 -0.051888
v 4.053588 0.03605 -0.053938
v 4.052454 0.034465 -0.056287
v 4.051594 0.033288 -0.059151
v 4.051049 0.032564 -0.062029
v 4.050833 0.032321 -0.065271
v 4.058144 0.043053 -0.050265
v 4.055617 0.040831 -0.051109
v 4.053505 0.039723 -0.051709
v 4.051778 0.037408 -0.053911
v 4.050325 0.036062 -0.056255
v 4.04923 0.035063 -0.059116
v 4.048539 0.034448 -0.061992
v 4.048274 0.034241 -0.065233
v 4.057563 0.043833 -0.050256
v 4.054586 0.042016 -0.051125
v 4.052748 0.040522 -0.05182
v 4.050279 0.039061 -0.053889
v 4.048562 0.038005 -0.056229
v 4.047271 0.037222 -0.059086
v 4.046459 0.03674 -0.06196
v 4.046153 0.036579 -0.065201
v 4.057365 0.044088 -0.050253
v 4.054096 0.042835 -0.051118
v 4.051469 0.041827 -0.051836
v 4.049147 0.040944 -0.053871
v 4.047231 0.04022 -0.056208
v 4.045792 0.039683 -0.059063
v 4.044889 0.039352 -0.061936
v 4.044552 0.039242 -0.065176
v 4.057195 0.044571 -0.05025
v 4.053706 0.043941 -0.051112
v 4.050903 0.043432 -0.051827
v 4.048426 0.042986 -0.05386
v 4.046383 0.042621 -0.056195
v 4.04485 0.042351 -0.059048
v 4.043889 0.042185 -0.06192
v 4.043532 0.04213 -0.06516
v 4.057128 0.045074 -0.050249
v 4.053553 0.045089 -0.051109
v 4.050681 0.045099 -0.051823
v 4.048144 0.045109 -0.053854
v 4.046052 0.045117 -0.056188
v 4.044481 0.045124 -0.059041
v 4.043498 0.045128 -0.061913
v 4.043133 0.045131 -0.065152
v 4.057168 0.045576 -0.050249
v 4.053644 0.046237 -0.051109
v 4.050813 0.046765 -0.051823
v 4.048311 0.047229 -0.053856
v 4.046249 0.04761 -0.05619
v 4.0447 0.047894 -0.059043
v 4.04373 0.04807 -0.061914
v 4.04337 0.04813 -0.065154
v 4.057312 0.046059 -0.050251
v 4.053974 0.047339 -0.051113
v 4.051293 0.048366 -0.051829
v 4.048922 0.049267 -0.053863
v 4.046967 0.050006 -0.056199
v 4.045498 0.050557 -0.059053
v 4.044578 0.050896 -0.061925
v 4.044234 0.051012 -0.065165
v 4.057487 0.046212 -0.050225
v 4.054498 0.048054 -0.05112
v 4.052366 0.050142 -0.051878
v 4.049953 0.051143 -0.053877
v 4.048179 0.052213 -0.056215
v 4.046845 0.053008 -0.059071
v 4.046007 0.053499 -0.061944
v 4.045691 0.053666 -0.065184
v 4.057954 0.046899 -0.05026
v 4.055436 0.049402 -0.051133
v 4.053063 0.05087 -0.051811
v 4.051363 0.052786 -0.053896
v 4.049838 0.054145 -0.056238
v 4.048688 0.055155 -0.059096
v 4.047964 0.055778 -0.061971
v 4.047687 0.055989 -0.065211
v 4.058302 0.047212 -0.050265
v 4.056235 0.049973 -0.051144
v 4.054575 0.052189 -0.051874
v 4.0531 0.054133 -0.05392
v 4.05188 0.055728 -0.056266
v 4.050957 0.056914 -0.059128
v 4.050373 0.057645 -0.062004
v 4.050143 0.057893 -0.065246
v 4.058775 0.047448 -0.050271
v 4.057315 0.050513 -0.05116
v 4.056144 0.052973 -0.051896
v 4.055096 0.055131 -0.053949
v 4.054227 0.056902 -0.056299
v 4.053565 0.058218 -0.059164
v 4.053141 0.05903 -0.062043
v 4.052965 0.059305 -0.065286
v 4.059291 0.047593 -0.050279
v 4.058495 0.050844 -0.051176
v 4.057855 0.053454 -0.051921
v 4.057274 0.055742 -0.05398
v 4.056788 0.057621 -0.056336
v 4.056411 0.059017 -0.059205
v 4.056163 0.059878 -0.062086
v 4.056046 0.06017 -0.065329
v 4.05983 0.047641 -0.050286
v 4.059727 0.050953 -0.051194
v 4.059644 0.053612 -0.051947
v 4.059552 0.055944 -0.054012
v 4.059466 0.057857 -0.056374
v 4.059386 0.05928 -0.059247
v 4.059321 0.060157 -0.062132
v 4.059267 0.060454 -0.065376
v 4.060372 0.047589 -0.050294
v 4.060965 0.050836 -0.051212
v 4.06184 0.055727 -0.054045
v 4.062376 0.058997 -0.059291
v 4.061802 0.04688 -0.050873
v 4.064242 0.049215 -0.051909
v 4.066192 0.051089 -0.053473
v 4.062158 0.046489 -0.050878
v 4.065053 0.04832 -0.051922
v 4.06737 0.049791 -0.053491
v 4.062234 0.043627 -0.050881
v 4.06523 0.041782 -0.051928
v 4.067626 0.040297 -0.0535
v 4.061901 0.043237 -0.050876
v 4.064466 0.040892 -0.051917
v 4.066518 0.039007 -0.053485
v 4.057971 0.043251 -0.051491
v 4.055511 0.040922 -0.051788
v 4.053516 0.03905 -0.053298
v 4.057616 0.043642 -0.051485
v 4.054699 0.041816 -0.051776
v 4.052338 0.040348 -0.05328
v 4.057539 0.046504 -0.051483
v 4.054523 0.048355 -0.05177
v 4.052082 0.049841 -0.053271
v 4.057873 0.046893 -0.051487
v 4.055286 0.049245 -0.05178
v 4.05319 0.051132 -0.053286
v 4.059886 0.045065 -0.051243
v 4.066118 0.300463 -0.052726
v 4.066833 0.304624 -0.057166
v 4.067171 0.306878 -0.062931
v 4.067178 0.30717 -0.066176
v 4.065572 0.294462 -0.051055
v 4.066838 0.297518 -0.051983
v 4.067855 0.299971 -0.052751
v 4.068727 0.302122 -0.054831
v 4.069433 0.303888 -0.057204
v 4.069942 0.305201 -0.060086
v 4.070239 0.30601 -0.062976
v 4.070306 0.306284 -0.066221
v 4.066057 0.294223 -0.051063
v 4.067947 0.296971 -0.051999
v 4.069466 0.299177 -0.052775
v 4.070777 0.301111 -0.054861
v 4.071844 0.302699 -0.05724
v 4.07262 0.303879 -0.060126
v 4.073082 0.304607 -0.063018
v 4.073205 0.304854 -0.066264
v 4.066276 0.29406 -0.051066
v 4.068764 0.296454 -0.052011
v 4.071223 0.297858 -0.052763
v 4.072587 0.299753 -0.054888
v 4.073972 0.301101 -0.057271
v 4.074984 0.302104 -0.060161
v 4.075592 0.302723 -0.063055
v 4.075765 0.302933 -0.066302
v 4.067066 0.293243 -0.05106
v 4.069891 0.295074 -0.052028
v 4.071849 0.297046 -0.052883
v 4.074087 0.2981 -0.054911
v 4.075735 0.299158 -0.057298
v 4.076944 0.299945 -0.06019
v 4.077672 0.30043 -0.063086
v 4.077885 0.300596 -0.066334
v 4.067109 0.293063 -0.051078
v 4.070351 0.294322 -0.052035
v 4.072956 0.295331 -0.052828
v 4.075219 0.296216 -0.054928
v 4.077066 0.296943 -0.057318
v 4.078423 0.297484 -0.060213
v 4.079242 0.297818 -0.06311
v 4.079486 0.297932 -0.066359
v 4.064554 0.291802 -0.052007
v 4.06728 0.29258 -0.051081
v 4.070741 0.293217 -0.052042
v 4.073522 0.293727 -0.052837
v 4.075939 0.294174 -0.05494
v 4.077914 0.294542 -0.057332
v 4.079365 0.294816 -0.060228
v 4.080242 0.294986 -0.063126
v 4.080506 0.295044 -0.066375
v 4.067347 0.292077 -0.051082
v 4.070894 0.292068 -0.052044
v 4.073744 0.292059 -0.052841
v 4.076221 0.292052 -0.054945
v 4.078245 0.292047 -0.057338
v 4.079733 0.292043 -0.060235
v 4.080633 0.292042 -0.063134
v 4.080904 0.292043 -0.066382
v 4.067307 0.291575 -0.051082
v 4.070803 0.290921 -0.052044
v 4.073612 0.290393 -0.05284
v 4.076054 0.289932 -0.054944
v 4.078048 0.289553 -0.057337
v 4.079514 0.289273 -0.060234
v 4.080401 0.289101 -0.063132
v 4.080667 0.289044 -0.066381
v 4.067162 0.291092 -0.05108
v 4.070472 0.289818 -0.05204
v 4.073132 0.288792 -0.052834
v 4.075443 0.287894 -0.054936
v 4.07733 0.287157 -0.057328
v 4.078716 0.28661 -0.060224
v 4.079554 0.286274 -0.063121
v 4.079803 0.286162 -0.06637
v 4.066989 0.290933 -0.051116
v 4.070014 0.288907 -0.052034
v 4.071809 0.286965 -0.052676
v 4.074412 0.286018 -0.054922
v 4.076118 0.284951 -0.057312
v 4.07737 0.284159 -0.060206
v 4.078124 0.283672 -0.063103
v 4.078346 0.283509 -0.066351
v 4.066584 0.290258 -0.051072
v 4.068984 0.287871 -0.052019
v 4.071479 0.286259 -0.052719
v 4.073002 0.284375 -0.054903
v 4.074459 0.283019 -0.057289
v 4.075526 0.282012 -0.060181
v 4.076167 0.281393 -0.063076
v 4.076351 0.281185 -0.066323
v 4.066173 0.28994 -0.051067
v 4.068211 0.287185 -0.052009
v 4.069849 0.284969 -0.052789
v 4.071265 0.283028 -0.054879
v 4.072417 0.281436 -0.057261
v 4.073257 0.280253 -0.060149
v 4.073759 0.279525 -0.063042
v 4.073895 0.279281 -0.066289
v 4.0657 0.289703 -0.05106
v 4.067131 0.286644 -0.051994
v 4.068281 0.284185 -0.052767
v 4.069269 0.28203 -0.054851
v 4.07007 0.280262 -0.057227
v 4.07065 0.278949 -0.060112
v 4.07099 0.278141 -0.063003
v 4.071073 0.277869 -0.066249
v 4.065184 0.289558 -0.051053
v 4.065952 0.286313 -0.051977
v 4.06657 0.283704 -0.052742
v 4.067091 0.281419 -0.05482
v 4.067509 0.279543 -0.057191
v 4.067803 0.27815 -0.060072
v 4.067969 0.277293 -0.06296
v 4.067992 0.277005 -0.066205
v 4.064644 0.289511 -0.051045
v 4.06472 0.286204 -0.051959
v 4.064781 0.283546 -0.052717
v 4.064814 0.281217 -0.054787
v 4.064831 0.279306 -0.057153
v 4.064828 0.277887 -0.060029
v 4.06481 0.277013 -0.062915
v 4.064772 0.27672 -0.066159
v 4.064103 0.289562 -0.051037
v 4.063481 0.286322 -0.051941
v 4.062983 0.283716 -0.052691
v 4.062525 0.281434 -0.054754
v 4.06214 0.279561 -0.057114
v 4.061838 0.27817 -0.059986
v 4.061636 0.277314 -0.062869
v 4.061535 0.277026 -0.066112
v 4.063579 0.28971 -0.051029
v 4.062284 0.28666 -0.051924
v 4.061245 0.284208 -0.052665
v 4.060313 0.28206 -0.054722
v 4.05954 0.280297 -0.057076
v 4.058949 0.278988 -0.059944
v 4.058568 0.278182 -0.062824
v 4.058407 0.277911 -0.066067
v 4.063093 0.28995 -0.051022
v 4.061175 0.287208 -0.051907
v 4.059634 0.285003 -0.052642
v 4.058263 0.283071 -0.054692
v 4.057129 0.281486 -0.05704
v 4.05627 0.280309 -0.059904
v 4.055725 0.279585 -0.062782
v 4.055508 0.279342 -0.066024
v 4.06282 0.290075 -0.051018
v 4.060292 0.287852 -0.051863
v 4.05818 0.286745 -0.052463
v 4.056454 0.284429 -0.054665
v 4.055001 0.283083 -0.057009
v 4.053905 0.282084 -0.059869
v 4.053215 0.281469 -0.062745
v 4.052949 0.281263 -0.065986
v 4.062238 0.290854 -0.051009
v 4.059262 0.289037 -0.051879
v 4.057423 0.287543 -0.052574
v 4.054954 0.286082 -0.054642
v 4.053238 0.285027 -0.056982
v 4.051946 0.284243 -0.05984
v 4.051135 0.283761 -0.062714
v 4.050828 0.2836 -0.065954
v 4.062041 0.291109 -0.051007
v 4.058771 0.289857 -0.051871
v 4.056145 0.288849 -0.052589
v 4.053822 0.287966 -0.054625
v 4.051907 0.287241 -0.056962
v 4.050467 0.286704 -0.059817
v 4.049564 0.286374 -0.06269
v 4.049227 0.286264 -0.06593
v 4.06187 0.291593 -0.051004
v 4.058381 0.290962 -0.051865
v 4.055578 0.290453 -0.05258
v 4.053102 0.290008 -0.054613
v 4.051059 0.289643 -0.056948
v 4.049525 0.289372 -0.059802
v 4.048565 0.289206 -0.062674
v 4.048208 0.289152 -0.065913
v 4.061803 0.292095 -0.051003
v 4.058228 0.29211 -0.051862
v 4.055357 0.29212 -0.052576
v 4.052819 0.29213 -0.054608
v 4.050727 0.292138 -0.056942
v 4.049157 0.292145 -0.059795
v 4.048173 0.29215 -0.062666
v 4.047809 0.292153 -0.065906
v 4.061843 0.292598 -0.051003
v 4.058319 0.293258 -0.051863
v 4.055488 0.293786 -0.052577
v 4.052987 0.294251 -0.054609
v 4.050924 0.294632 -0.056943
v 4.049376 0.294916 -0.059796
v 4.048406 0.295091 -0.062668
v 4.048046 0.295152 -0.065907
v 4.061988 0.29308 -0.051005
v 4.05865 0.294361 -0.051867
v 4.055968 0.295387 -0.052583
v 4.053598 0.296288 -0.054617
v 4.051643 0.297028 -0.056952
v 4.050174 0.297578 -0.059806
v 4.049253 0.297917 -0.062678
v 4.04891 0.298033 -0.065918
v 4.062162 0.293234 -0.050978
v 4.059173 0.295076 -0.051874
v 4.057041 0.297163 -0.052631
v 4.054628 0.298165 -0.05463
v 4.052855 0.299234 -0.056968
v 4.05152 0.30003 -0.059824
v 4.050683 0.30052 -0.062697
v 4.050367 0.300687 -0.065938
v 4.06263 0.29392 -0.051013
v 4.060112 0.296423 -0.051887
v 4.057738 0.297891 -0.052564
v 4.056039 0.299807 -0.05465
v 4.054513 0.301166 -0.056991
v 4.053364 0.302176 -0.059849
v 4.052639 0.302799 -0.062724
v 4.052362 0.30301 -0.065965
v 4.062977 0.294233 -0.051018
v 4.060911 0.296994 -0.051898
v 4.059251 0.29921 -0.052628
v 4.057775 0.301154 -0.054674
v 4.056555 0.302749 -0.05702
v 4.055633 0.303935 -0.059881
v 4.055048 0.304666 -0.062758
v 4.054818 0.304915 -0.065999
v 4.06345 0.294469 -0.051025
v 4.061991 0.297534 -0.051913
v 4.060819 0.299995 -0.05265
v 4.059772 0.302152 -0.054702
v 4.058902 0.303923 -0.057053
v 4.05824 0.305239 -0.059918
v 4.057817 0.306051 -0.062797
v 4.057641 0.306326 -0.066039
v 4.063966 0.294614 -0.051032
v 4.06317 0.297865 -0.05193
v 4.062531 0.300475 -0.052674
v 4.06195 0.302764 -0.054733
v 4.061464 0.304642 -0.057089
v 4.061087 0.306038 -0.059958
v 4.060838 0.306899 -0.06284
v 4.060721 0.307191 -0.066083
v 4.064506 0.294662 -0.05104
v 4.064402 0.297974 -0.051948
v 4.06432 0.300633 -0.0527
v 4.064227 0.302965 -0.054766
v 4.064141 0.304879 -0.057128
v 4.064062 0.306302 -0.060001
v 4.063997 0.307178 -0.062885
v 4.063942 0.307476 -0.066129
v 4.065048 0.294611 -0.051048
v 4.065641 0.297857 -0.051966
v 4.066515 0.302748 -0.054799
v 4.067052 0.306019 -0.060044
v 4.066478 0.293901 -0.051626
v 4.068917 0.296236 -0.052663
v 4.070868 0.29811 -0.054227
v 4.066833 0.29351 -0.051631
v 4.069729 0.295342 -0.052675
v 4.072046 0.296812 -0.054245
v 4.06691 0.290648 -0.051634
v 4.069905 0.288803 -0.052681
v 4.072302 0.287319 -0.054254
v 4.066576 0.290259 -0.05163
v 4.069142 0.287914 -0.052671
v 4.071193 0.286028 -0.054239
v 4.062647 0.290272 -0.052244
v 4.060186 0.287943 -0.052542
v 4.058192 0.286071 -0.054051
v 4.062292 0.290664 -0.052239
v 4.059375 0.288838 -0.05253
v 4.057014 0.287369 -0.054034
v 4.062214 0.293526 -0.052236
v 4.059198 0.295377 -0.052523
v 4.056757 0.296863 -0.054024
v 4.062549 0.293915 -0.052241
v 4.059962 0.296266 -0.052534
v 4.057866 0.298153 -0.05404
v 4.064561 0.292087 -0.051996
v 4.180461 0.468221 0.185269
v 4.180298 0.45897 0.195391
v 4.180075 0.446859 0.200891
v 4.179952 0.440298 0.201614
v 4.179148 0.473231 0.171931
v 4.177781 0.471362 0.178669
v 4.176496 0.468295 0.184883
v 4.175342 0.464148 0.190335
v 4.174364 0.459081 0.194814
v 4.173598 0.453287 0.198148
v 4.173075 0.44699 0.20021
v 4.172815 0.440431 0.200919
v 4.177809 0.473255 0.171526
v 4.175154 0.471409 0.177875
v 4.172682 0.468364 0.183731
v 4.170488 0.464236 0.188868
v 4.168656 0.459183 0.19309
v 4.167256 0.453401 0.196232
v 4.166343 0.447111 0.198176
v 4.16595 0.440555 0.198846
v 4.176574 0.473276 0.170868
v 4.172732 0.471451 0.176584
v 4.169167 0.468425 0.181857
v 4.166014 0.464313 0.186483
v 4.163394 0.459274 0.190285
v 4.16141 0.453502 0.193116
v 4.160136 0.447218 0.194867
v 4.159622 0.440664 0.195472
v 4.175491 0.473294 0.169981
v 4.170609 0.471486 0.174846
v 4.166084 0.468475 0.179333
v 4.16209 0.464378 0.18327
v 4.158781 0.45935 0.186507
v 4.156284 0.453586 0.188918
v 4.154694 0.447308 0.190411
v 4.154074 0.440755 0.190929
v 4.174603 0.473307 0.168901
v 4.168866 0.471513 0.172726
v 4.163553 0.468514 0.176256
v 4.158869 0.464427 0.179354
v 4.154993 0.459408 0.181902
v 4.152075 0.453651 0.183801
v 4.150226 0.447376 0.184979
v 4.149518 0.440825 0.18539
v 4.180544 0.47383 0.164927
v 4.173942 0.473316 0.167668
v 4.167569 0.47153 0.170307
v 4.161671 0.468539 0.172744
v 4.156473 0.464458 0.174884
v 4.152176 0.459445 0.176646
v 4.148945 0.453692 0.177961
v 4.146903 0.44742 0.178779
v 4.14613 0.44087 0.179069
v 4.173534 0.47332 0.166329
v 4.16677 0.471537 0.167682
v 4.16051 0.468549 0.168932
v 4.154995 0.464472 0.170033
v 4.150438 0.459461 0.170942
v 4.147014 0.453709 0.171623
v 4.144854 0.447438 0.172051
v 4.14404 0.440888 0.172209
v 4.173395 0.473318 0.164937
v 4.166497 0.471534 0.164951
v 4.160114 0.468545 0.164968
v 4.154492 0.464466 0.164987
v 4.149847 0.459454 0.165008
v 4.146357 0.453702 0.165029
v 4.144156 0.44743 0.165051
v 4.143329 0.44088 0.165072
v 4.173531 0.473311 0.163544
v 4.166763 0.47152 0.162219
v 4.1605 0.468525 0.161002
v 4.154983 0.464441 0.159939
v 4.150424 0.459425 0.159073
v 4.146998 0.453669 0.158435
v 4.144836 0.447396 0.15805
v 4.144022 0.440845 0.157934
v 4.173935 0.4733 0.162205
v 4.167556 0.471497 0.159592
v 4.161652 0.468492 0.157188
v 4.156449 0.464398 0.155085
v 4.152148 0.459375 0.153364
v 4.148913 0.453614 0.152092
v 4.14687 0.447337 0.151317
v 4.146096 0.440785 0.151068
v 4.174593 0.473283 0.16097
v 4.168847 0.471466 0.15717
v 4.163526 0.468446 0.153671
v 4.158834 0.46434 0.15061
v 4.154952 0.459306 0.148102
v 4.152029 0.453537 0.146245
v 4.150177 0.447255 0.145109
v 4.149468 0.440702 0.144739
v 4.175479 0.473263 0.159888
v 4.170585 0.471426 0.155046
v 4.166049 0.468388 0.150588
v 4.162045 0.464267 0.146686
v 4.158729 0.45922 0.143488
v 4.156225 0.453442 0.141118
v 4.154632 0.447154 0.139667
v 4.15401 0.440599 0.13919
v 4.176559 0.47324 0.158999
v 4.172704 0.471381 0.153303
v 4.169126 0.468322 0.148057
v 4.165961 0.464183 0.143464
v 4.163332 0.459121 0.139699
v 4.161341 0.453332 0.136908
v 4.160063 0.447038 0.135198
v 4.159548 0.44048 0.134634
v 4.177793 0.473215 0.158338
v 4.175122 0.471331 0.152006
v 4.172637 0.46825 0.146175
v 4.17043 0.464091 0.141068
v 4.168587 0.459013 0.136882
v 4.16718 0.453212 0.133778
v 4.166262 0.44691 0.131875
v 4.165868 0.44035 0.131246
v 4.179131 0.473188 0.15793
v 4.177748 0.471279 0.151206
v 4.176447 0.468175 0.145014
v 4.17528 0.463995 0.13959
v 4.174291 0.4589 0.135145
v 4.173517 0.453086 0.131847
v 4.172989 0.446777 0.129825
v 4.172727 0.440214 0.129156
v 4.180523 0.473162 0.157791
v 4.180478 0.471226 0.150934
v 4.180411 0.468098 0.144619
v 4.180326 0.463898 0.139087
v 4.180223 0.458786 0.134553
v 4.180109 0.452959 0.13119
v 4.179987 0.446642 0.129127
v 4.179862 0.440077 0.128445
v 4.181915 0.473136 0.157927
v 4.183209 0.471175 0.1512
v 4.184377 0.468024 0.145004
v 4.185372 0.463804 0.139579
v 4.186158 0.458675 0.135131
v 4.186703 0.452837 0.131832
v 4.186987 0.446512 0.129809
v 4.186999 0.439944 0.129139
v 4.183254 0.473112 0.158331
v 4.185836 0.471128 0.151994
v 4.18819 0.467956 0.146157
v 4.190226 0.463716 0.141045
v 4.191865 0.458573 0.136855
v 4.193045 0.452722 0.133748
v 4.193719 0.44639 0.131843
v 4.193863 0.43982 0.131213
v 4.184489 0.47309 0.15899
v 4.188258 0.471086 0.153285
v 4.191706 0.467895 0.148031
v 4.194701 0.463639 0.14343
v 4.197127 0.458482 0.13966
v 4.198891 0.452621 0.136865
v 4.199926 0.446283 0.135151
v 4.200191 0.439711 0.134587
v 4.185571 0.473072 0.159876
v 4.190381 0.471051 0.155023
v 4.194788 0.467844 0.150555
v 4.198624 0.463574 0.146643
v 4.20174 0.458406 0.143438
v 4.204017 0.452537 0.141062
v 4.205368 0.446194 0.139607
v 4.20574 0.439619 0.13913
v 4.18646 0.473059 0.160956
v 4.192124 0.471025 0.157143
v 4.19732 0.467806 0.153632
v 4.201845 0.463525 0.150559
v 4.205528 0.458348 0.148043
v 4.208226 0.452473 0.146179
v 4.209836 0.446126 0.14504
v 4.210296 0.43955 0.144668
v 4.187121 0.47305 0.16219
v 4.193421 0.471008 0.159562
v 4.199202 0.467781 0.157144
v 4.204241 0.463494 0.155029
v 4.208345 0.458311 0.153299
v 4.211356 0.452431 0.152019
v 4.213159 0.446082 0.151239
v 4.213684 0.439505 0.15099
v 4.187529 0.473046 0.163528
v 4.194221 0.471001 0.162187
v 4.200363 0.467771 0.160956
v 4.205719 0.463481 0.15988
v 4.210083 0.458295 0.159003
v 4.213287 0.452414 0.158357
v 4.215209 0.446063 0.157968
v 4.215774 0.439487 0.15785
v 4.187667 0.473048 0.16492
v 4.194493 0.471004 0.164918
v 4.200758 0.467775 0.16492
v 4.206222 0.463486 0.164927
v 4.210674 0.458302 0.164937
v 4.213944 0.452422 0.164951
v 4.215907 0.446072 0.164968
v 4.216486 0.439495 0.164987
v 4.187532 0.473055 0.166313
v 4.194228 0.471017 0.16765
v 4.200373 0.467795 0.168886
v 4.205731 0.463511 0.169974
v 4.210097 0.458331 0.170872
v 4.213303 0.452454 0.171545
v 4.215226 0.446106 0.171969
v 4.215791 0.43953 0.172125
v 4.187128 0.473067 0.167652
v 4.193434 0.47104 0.170277
v 4.199221 0.467828 0.1727
v 4.204265 0.463554 0.174829
v 4.208374 0.458381 0.17658
v 4.211388 0.45251 0.177888
v 4.213192 0.446165 0.178702
v 4.213718 0.43959 0.17899
v 4.18647 0.473083 0.168887
v 4.192143 0.471072 0.172699
v 4.197347 0.467874 0.176217
v 4.20188 0.463612 0.179304
v 4.205569 0.45845 0.181843
v 4.208272 0.452587 0.183736
v 4.209885 0.446246 0.184909
v 4.210346 0.439673 0.185319
v 4.185584 0.473103 0.16997
v 4.190405 0.471111 0.174823
v 4.194824 0.467931 0.179299
v 4.198669 0.463685 0.183228
v 4.201793 0.458536 0.186457
v 4.204076 0.452682 0.188862
v 4.20543 0.446347 0.190352
v 4.205803 0.439776 0.190869
v 4.184503 0.473126 0.170859
v 4.188286 0.471157 0.176566
v 4.191747 0.467997 0.181831
v 4.194753 0.463769 0.18645
v 4.197188 0.458635 0.190245
v 4.19896 0.452791 0.193072
v 4.199999 0.446464 0.194821
v 4.200266 0.439895 0.195425
v 4.18327 0.473151 0.17152
v 4.185868 0.471206 0.177863
v 4.188236 0.468069 0.183713
v 4.190284 0.463861 0.188845
v 4.191934 0.458743 0.193062
v 4.193121 0.452911 0.196202
v 4.1938 0.446591 0.198144
v 4.193946 0.440025 0.198813
v 4.181932 0.473178 0.171927
v 4.183243 0.471259 0.178663
v 4.184425 0.468145 0.184874
v 4.185434 0.463957 0.190323
v 4.186231 0.458856 0.1948
v 4.186784 0.453037 0.198133
v 4.187073 0.446725 0.200194
v 4.187087 0.440161 0.200903
v 4.18054 0.473205 0.172066
v 4.180512 0.471311 0.178935
v 4.180389 0.464054 0.190826
v 4.180192 0.453164 0.19879
v 4.216764 0.220138 0.10835
v 4.222183 0.219715 0.003591
v 4.195631 0.255264 0.108269
v 4.198359 0.259312 0.0035
v 4.152048 0.256089 0.10832
v 4.14923 0.260242 0.003557
v 4.1296 0.221788 0.108451
v 4.123926 0.221576 0.003705
v 4.150734 0.186662 0.108532
v 4.147749 0.181979 0.003796
v 4.194316 0.185836 0.108481
v 4.196878 0.181049 0.003739
v 4.206131 0.271188 0.003455
v 4.237273 0.21943 0.003573
v 4.141913 0.272404 0.003529
v 4.108836 0.221861 0.003723
v 4.139977 0.170103 0.003842
v 4.204195 0.168887 0.003767
v 4.188831 0.244714 -0.03055
v 4.203724 0.219961 -0.030493
v 4.15812 0.245295 -0.030514
v 4.142301 0.221124 -0.030422
v 4.157194 0.196371 -0.030365
v 4.187905 0.19579 -0.030401
v 4.237401 0.219747 0.108326
v 4.20626 0.271505 0.108207
v 4.142041 0.272721 0.108282
v 4.108964 0.222178 0.108476
v 4.140105 0.17042 0.108594
v 4.204323 0.169204 0.108519
v 4.21679 0.2202 0.128948
v 4.195656 0.255326 0.128867
v 4.152073 0.256151 0.128918
v 4.129625 0.22185 0.129049
v 4.150759 0.186724 0.12913
v 4.194342 0.185899 0.129079
v 4.198318 0.259209 -0.030606
v 4.222141 0.219612 -0.030515
v 4.149189 0.260139 -0.030548
v 4.123884 0.221472 -0.0304
v 4.147707 0.181876 -0.03031
v 4.196836 0.180946 -0.030367
v 4.18879 0.244611 -0.064282
v 4.203683 0.219859 -0.064225
v 4.158079 0.245193 -0.064246
v 4.14226 0.221022 -0.064154
v 4.157153 0.196269 -0.064097
v 4.187864 0.195687 -0.064133
v 4.209083 0.258263 0.129402
v 4.207664 0.183283 0.12963
v 4.209166 0.258468 0.197205
v 4.207747 0.183488 0.197434
v 4.141292 0.259546 0.129481
v 4.139872 0.184566 0.129709
v 4.141375 0.259752 0.197284
v 4.139955 0.184771 0.197513
v 4.176359 0.257911 0.202189
v 4.179813 0.440395 0.201632
v 4.169223 0.258044 0.201494
v 4.172677 0.440528 0.200938
v 4.16236 0.258168 0.199421
v 4.165814 0.440651 0.198864
v 4.156034 0.258277 0.196048
v 4.159487 0.440761 0.195492
v 4.150486 0.258369 0.191506
v 4.15394 0.440852 0.190949
v 4.145931 0.258438 0.185968
v 4.149385 0.440921 0.185412
v 4.142544 0.258483 0.179648
v 4.145998 0.440966 0.179092
v 4.140454 0.258501 0.172789
v 4.143909 0.440985 0.172233
v 4.139743 0.258493 0.165654
v 4.143197 0.440976 0.165097
v 4.140437 0.258458 0.158517
v 4.143891 0.440941 0.157961
v 4.142509 0.258398 0.151653
v 4.145964 0.440881 0.151097
v 4.145882 0.258315 0.145326
v 4.149335 0.440798 0.144769
v 4.150423 0.258212 0.139777
v 4.153877 0.440695 0.139221
v 4.155959 0.258093 0.135222
v 4.159413 0.440577 0.134666
v 4.162278 0.257963 0.131835
v 4.165731 0.440447 0.131278
v 4.169136 0.257827 0.129745
v 4.172589 0.44031 0.129189
v 4.17627 0.25769 0.129034
v 4.179723 0.440173 0.128477
v 4.183405 0.257557 0.129729
v 4.186859 0.44004 0.129172
v 4.190268 0.257434 0.131802
v 4.193722 0.439917 0.131245
v 4.196595 0.257324 0.135175
v 4.200048 0.439807 0.134618
v 4.202142 0.257233 0.139717
v 4.205596 0.439716 0.139161
v 4.206697 0.257164 0.145255
v 4.210151 0.439647 0.144698
v 4.210084 0.257119 0.151575
v 4.213538 0.439602 0.151018
v 4.212173 0.2571 0.158434
v 4.215628 0.439583 0.157877
v 4.212885 0.257108 0.165569
v 4.216339 0.439592 0.165012
v 4.212191 0.257143 0.172706
v 4.215645 0.439627 0.172149
v 4.210118 0.257204 0.17957
v 4.213573 0.439687 0.179013
v 4.206747 0.257287 0.185897
v 4.2102 0.43977 0.185341
v 4.202205 0.257389 0.191446
v 4.205659 0.439873 0.190889
v 4.196669 0.257508 0.196001
v 4.200123 0.439991 0.195444
v 4.190351 0.257638 0.199388
v 4.193805 0.440121 0.198832
v 4.183493 0.257774 0.201478
v 4.186946 0.440257 0.200921
v 4.686862 0.095156 -0.005419
v 4.687454 0.12647 -0.005514
v 4.686831 0.095078 -0.031104
v 4.687423 0.126392 -0.0312
v 4.720908 0.094512 -0.005458
v 4.721501 0.125825 -0.005554
v 4.720877 0.094434 -0.031144
v 4.721469 0.125747 -0.031239
v 4.686758 0.095183 -0.050779
v 4.687351 0.126497 -0.050874
v 4.686727 0.095105 -0.076464
v 4.687319 0.126419 -0.07656
v 4.720804 0.094539 -0.050818
v 4.721397 0.125852 -0.050914
v 4.720773 0.094461 -0.076504
v 4.721365 0.125774 -0.0766
v 4.689807 0.097437 -0.028901
v 4.690309 0.123935 -0.028982
v 4.689781 0.097372 -0.050637
v 4.690282 0.123869 -0.050718
v 4.718618 0.096892 -0.028935
v 4.719119 0.12339 -0.029016
v 4.718591 0.096826 -0.050671
v 4.719093 0.123324 -0.050751
v 4.570529 0.054793 -0.859097
v 4.57242 0.154676 -0.859401
v 4.571996 0.054513 -0.941694
v 4.572352 0.154509 -0.91465
v 4.721662 0.051932 -0.859273
v 4.723552 0.151815 -0.859577
v 4.723128 0.051652 -0.94187
v 4.723485 0.151648 -0.914826
v 4.57166 0.114492 -0.859279
v 4.571557 0.114238 -0.943267
v 4.722689 0.111377 -0.943443
v 4.722792 0.111631 -0.859455
v 4.571599 0.108812 -0.941857
v 4.571638 0.103383 -0.941841
v 4.571678 0.097953 -0.941825
v 4.571718 0.092523 -0.941808
v 4.571757 0.087093 -0.941792
v 4.571797 0.081663 -0.941776
v 4.571837 0.076233 -0.941759
v 4.571877 0.070803 -0.941743
v 4.571917 0.065373 -0.941726
v 4.571957 0.059943 -0.94171
v 4.709389 0.051912 -0.941854
v 4.69565 0.052172 -0.941838
v 4.681911 0.052432 -0.941822
v 4.668171 0.052692 -0.941806
v 4.654432 0.052952 -0.94179
v 4.640693 0.053213 -0.941774
v 4.626954 0.053473 -0.941758
v 4.613214 0.053733 -0.941742
v 4.599475 0.053993 -0.941726
v 4.585736 0.054253 -0.94171
v 4.72273 0.105951 -0.942034
v 4.72277 0.100521 -0.942017
v 4.72281 0.095091 -0.942001
v 4.72285 0.089662 -0.941984
v 4.722889 0.084232 -0.941968
v 4.722929 0.078802 -0.941952
v 4.722969 0.073372 -0.941935
v 4.723009 0.067942 -0.941919
v 4.723049 0.062512 -0.941902
v 4.723088 0.057082 -0.941886
v 4.585296 0.113978 -0.943283
v 4.599035 0.113718 -0.943299
v 4.612775 0.113458 -0.943315
v 4.626514 0.113198 -0.943331
v 4.640253 0.112938 -0.943347
v 4.653993 0.112678 -0.943363
v 4.667732 0.112417 -0.943379
v 4.681471 0.112157 -0.943395
v 4.69521 0.111897 -0.943411
v 4.70895 0.111637 -0.943427
v 4.585696 0.059683 -0.941726
v 4.599435 0.059423 -0.941742
v 4.613174 0.059163 -0.941758
v 4.626914 0.058903 -0.941774
v 4.640653 0.058643 -0.94179
v 4.654392 0.058382 -0.941806
v 4.668131 0.058122 -0.941822
v 4.68187 0.057862 -0.941838
v 4.69561 0.057602 -0.941854
v 4.709349 0.057342 -0.94187
v 4.585656 0.065113 -0.941742
v 4.599395 0.064853 -0.941758
v 4.613134 0.064593 -0.941774
v 4.626874 0.064333 -0.94179
v 4.640613 0.064072 -0.941806
v 4.654352 0.063812 -0.941822
v 4.668092 0.063552 -0.941838
v 4.681831 0.063292 -0.941854
v 4.69557 0.063032 -0.94187
v 4.70931 0.062772 -0.941886
v 4.585616 0.070543 -0.941759
v 4.599356 0.070283 -0.941775
v 4.613095 0.070023 -0.941791
v 4.626834 0.069763 -0.941807
v 4.640573 0.069502 -0.941823
v 4.654313 0.069242 -0.941839
v 4.668052 0.068982 -0.941855
v 4.681791 0.068722 -0.941871
v 4.69553 0.068462 -0.941887
v 4.70927 0.068202 -0.941903
v 4.585577 0.075973 -0.941775
v 4.599316 0.075713 -0.941791
v 4.613055 0.075453 -0.941807
v 4.626794 0.075192 -0.941823
v 4.640533 0.074932 -0.941839
v 4.654273 0.074672 -0.941855
v 4.668012 0.074412 -0.941871
v 4.681751 0.074152 -0.941887
v 4.69549 0.073892 -0.941903
v 4.70923 0.073632 -0.941919
v 4.585536 0.081403 -0.941792
v 4.599276 0.081143 -0.941808
v 4.613015 0.080882 -0.941824
v 4.626754 0.080622 -0.94184
v 4.640494 0.080362 -0.941856
v 4.654233 0.080102 -0.941872
v 4.667972 0.079842 -0.941888
v 4.681712 0.079582 -0.941904
v 4.695451 0.079322 -0.94192
v 4.70919 0.079062 -0.941936
v 4.585497 0.086833 -0.941808
v 4.599236 0.086572 -0.941824
v 4.612976 0.086312 -0.94184
v 4.626715 0.086052 -0.941856
v 4.640454 0.085792 -0.941872
v 4.654193 0.085532 -0.941888
v 4.667933 0.085272 -0.941904
v 4.681672 0.085012 -0.94192
v 4.695411 0.084752 -0.941936
v 4.70915 0.084492 -0.941952
v 4.585457 0.092263 -0.941824
v 4.599196 0.092002 -0.94184
v 4.612936 0.091742 -0.941856
v 4.626675 0.091482 -0.941872
v 4.640414 0.091222 -0.941888
v 4.654153 0.090962 -0.941904
v 4.667892 0.090702 -0.94192
v 4.681632 0.090442 -0.941936
v 4.695371 0.090182 -0.941952
v 4.70911 0.089922 -0.941968
v 4.585417 0.097692 -0.941841
v 4.599156 0.097432 -0.941857
v 4.612896 0.097172 -0.941873
v 4.626635 0.096912 -0.941889
v 4.640374 0.096652 -0.941905
v 4.654114 0.096392 -0.941921
v 4.667853 0.096132 -0.941937
v 4.681592 0.095872 -0.941953
v 4.695332 0.095612 -0.941969
v 4.709071 0.095352 -0.941985
v 4.585377 0.103122 -0.941857
v 4.599117 0.102862 -0.941873
v 4.612856 0.102602 -0.941889
v 4.626595 0.102342 -0.941905
v 4.640335 0.102082 -0.941921
v 4.654074 0.101822 -0.941937
v 4.667813 0.101562 -0.941953
v 4.681552 0.101302 -0.941969
v 4.695292 0.101042 -0.941985
v 4.709031 0.100782 -0.942001
v 4.585338 0.108552 -0.941873
v 4.599077 0.108292 -0.941889
v 4.612816 0.108032 -0.941905
v 4.626555 0.107772 -0.941921
v 4.640295 0.107512 -0.941938
v 4.654034 0.107252 -0.941954
v 4.667773 0.106992 -0.94197
v 4.681512 0.106732 -0.941985
v 4.695252 0.106472 -0.942002
v 4.708991 0.106211 -0.942018
v 4.585679 0.065169 -0.923089
v 4.599418 0.064909 -0.923105
v 4.613157 0.064649 -0.923121
v 4.626897 0.064389 -0.923137
v 4.640636 0.064129 -0.923153
v 4.654375 0.063869 -0.923169
v 4.668115 0.063609 -0.923185
v 4.681854 0.063349 -0.923201
v 4.695593 0.063089 -0.923217
v 4.709332 0.062828 -0.923233
v 4.585639 0.070599 -0.923105
v 4.599378 0.070339 -0.923121
v 4.613118 0.070079 -0.923137
v 4.626857 0.069819 -0.923154
v 4.640596 0.069559 -0.923169
v 4.654335 0.069299 -0.923185
v 4.668075 0.069039 -0.923201
v 4.681814 0.068779 -0.923218
v 4.695553 0.068518 -0.923234
v 4.709292 0.068258 -0.923249
v 4.585599 0.076029 -0.923122
v 4.599339 0.075769 -0.923138
v 4.613078 0.075509 -0.923154
v 4.626817 0.075249 -0.92317
v 4.640556 0.074989 -0.923186
v 4.654295 0.074729 -0.923202
v 4.668035 0.074469 -0.923218
v 4.681774 0.074208 -0.923234
v 4.695513 0.073948 -0.92325
v 4.709252 0.073688 -0.923266
v 4.585559 0.081459 -0.923138
v 4.599298 0.081199 -0.923154
v 4.613038 0.080939 -0.92317
v 4.626777 0.080679 -0.923186
v 4.640516 0.080419 -0.923202
v 4.654256 0.080159 -0.923218
v 4.667995 0.079899 -0.923234
v 4.681734 0.079638 -0.92325
v 4.695474 0.079378 -0.923266
v 4.709213 0.079118 -0.923282
v 4.58552 0.086889 -0.923155
v 4.599259 0.086629 -0.923171
v 4.612998 0.086369 -0.923187
v 4.626738 0.086109 -0.923203
v 4.640477 0.085849 -0.923219
v 4.654216 0.085589 -0.923235
v 4.667955 0.085328 -0.923251
v 4.681695 0.085068 -0.923267
v 4.695434 0.084808 -0.923283
v 4.709173 0.084548 -0.923299
v 4.58548 0.092319 -0.923171
v 4.599219 0.092059 -0.923187
v 4.612958 0.091799 -0.923203
v 4.626698 0.091539 -0.923219
v 4.640437 0.091279 -0.923235
v 4.654176 0.091019 -0.923251
v 4.667915 0.090758 -0.923267
v 4.681654 0.090498 -0.923283
v 4.695394 0.090238 -0.923299
v 4.709133 0.089978 -0.923315
v 4.58544 0.097749 -0.923187
v 4.599179 0.097489 -0.923203
v 4.612918 0.097229 -0.923219
v 4.626658 0.096969 -0.923235
v 4.640397 0.096709 -0.923251
v 4.654136 0.096448 -0.923267
v 4.667876 0.096188 -0.923283
v 4.681615 0.095928 -0.923299
v 4.695354 0.095668 -0.923315
v 4.709094 0.095408 -0.923331
v 4.5854 0.103179 -0.923204
v 4.59914 0.102919 -0.92322
v 4.612879 0.102659 -0.923236
v 4.626618 0.102399 -0.923252
v 4.640357 0.102138 -0.923268
v 4.654097 0.101878 -0.923284
v 4.667836 0.101618 -0.9233
v 4.681575 0.101358 -0.923316
v 4.695314 0.101098 -0.923332
v 4.709054 0.100838 -0.923348
v 4.419512 0.057652 -0.85892
v 4.421402 0.157535 -0.859225
v 4.420979 0.057372 -0.941517
v 4.421335 0.157368 -0.914474
v 4.570644 0.054791 -0.859096
v 4.572535 0.154674 -0.859401
v 4.572111 0.054511 -0.941693
v 4.572467 0.154507 -0.91465
v 4.420642 0.117351 -0.859102
v 4.420539 0.117097 -0.943091
v 4.571671 0.114236 -0.943267
v 4.571774 0.11449 -0.859279
v 4.420581 0.111671 -0.941681
v 4.42062 0.106241 -0.941665
v 4.42066 0.100812 -0.941649
v 4.4207 0.095382 -0.941632
v 4.42074 0.089952 -0.941616
v 4.42078 0.084522 -0.941599
v 4.42082 0.079092 -0.941583
v 4.420859 0.073662 -0.941567
v 4.420899 0.068232 -0.94155
v 4.420939 0.062802 -0.941534
v 4.558372 0.054771 -0.941678
v 4.544632 0.055031 -0.941661
v 4.530893 0.055291 -0.941646
v 4.517154 0.055551 -0.941629
v 4.503414 0.055811 -0.941613
v 4.489675 0.056072 -0.941597
v 4.475936 0.056332 -0.941581
v 4.462196 0.056592 -0.941565
v 4.448457 0.056852 -0.941549
v 4.434718 0.057112 -0.941533
v 4.571712 0.10881 -0.941857
v 4.571753 0.10338 -0.941841
v 4.571792 0.09795 -0.941825
v 4.571832 0.092521 -0.941808
v 4.571872 0.087091 -0.941792
v 4.571912 0.081661 -0.941776
v 4.571951 0.076231 -0.941759
v 4.571991 0.070801 -0.941743
v 4.572031 0.065371 -0.941726
v 4.572071 0.059941 -0.94171
v 4.434278 0.116837 -0.943107
v 4.448018 0.116577 -0.943123
v 4.461757 0.116317 -0.943139
v 4.475496 0.116057 -0.943155
v 4.489235 0.115797 -0.943171
v 4.502975 0.115536 -0.943187
v 4.516714 0.115276 -0.943203
v 4.530453 0.115016 -0.943219
v 4.544193 0.114756 -0.943235
v 4.557932 0.114496 -0.943251
v 4.434678 0.062542 -0.94155
v 4.448418 0.062282 -0.941566
v 4.462157 0.062022 -0.941582
v 4.475896 0.061762 -0.941598
v 4.489635 0.061501 -0.941614
v 4.503375 0.061241 -0.94163
v 4.517114 0.060981 -0.941646
v 4.530853 0.060721 -0.941662
v 4.544592 0.060461 -0.941678
v 4.558331 0.060201 -0.941694
v 4.434639 0.067972 -0.941566
v 4.448378 0.067712 -0.941582
v 4.462117 0.067452 -0.941598
v 4.475856 0.067192 -0.941614
v 4.489595 0.066931 -0.94163
v 4.503335 0.066671 -0.941646
v 4.517074 0.066411 -0.941662
v 4.530813 0.066151 -0.941678
v 4.544552 0.065891 -0.941694
v 4.558292 0.065631 -0.94171
v 4.434598 0.073402 -0.941583
v 4.448338 0.073142 -0.941599
v 4.462077 0.072882 -0.941615
v 4.475816 0.072621 -0.941631
v 4.489556 0.072361 -0.941647
v 4.503295 0.072101 -0.941663
v 4.517034 0.071841 -0.941679
v 4.530774 0.071581 -0.941695
v 4.544513 0.071321 -0.941711
v 4.558252 0.071061 -0.941727
v 4.434559 0.078832 -0.941599
v 4.448298 0.078572 -0.941615
v 4.462037 0.078311 -0.941631
v 4.475777 0.078051 -0.941647
v 4.489516 0.077791 -0.941663
v 4.503255 0.077531 -0.941679
v 4.516994 0.077271 -0.941695
v 4.530734 0.077011 -0.941711
v 4.544473 0.076751 -0.941727
v 4.558212 0.076491 -0.941743
v 4.434519 0.084262 -0.941615
v 4.448258 0.084002 -0.941631
v 4.461998 0.083741 -0.941647
v 4.475737 0.083481 -0.941663
v 4.489476 0.083221 -0.941679
v 4.503215 0.082961 -0.941695
v 4.516954 0.082701 -0.941711
v 4.530694 0.082441 -0.941727
v 4.544433 0.082181 -0.941743
v 4.558172 0.081921 -0.941759
v 4.434479 0.089692 -0.941632
v 4.448218 0.089431 -0.941648
v 4.461958 0.089171 -0.941664
v 4.475697 0.088911 -0.94168
v 4.489436 0.088651 -0.941696
v 4.503176 0.088391 -0.941712
v 4.516915 0.088131 -0.941728
v 4.530654 0.087871 -0.941744
v 4.544394 0.087611 -0.94176
v 4.558133 0.087351 -0.941776
v 4.434439 0.095121 -0.941648
v 4.448179 0.094861 -0.941664
v 4.461918 0.094601 -0.94168
v 4.475657 0.094341 -0.941696
v 4.489397 0.094081 -0.941712
v 4.503136 0.093821 -0.941728
v 4.516875 0.093561 -0.941744
v 4.530614 0.093301 -0.94176
v 4.544353 0.093041 -0.941776
v 4.558093 0.092781 -0.941792
v 4.4344 0.100551 -0.941665
v 4.448139 0.100291 -0.941681
v 4.461878 0.100031 -0.941697
v 4.475617 0.099771 -0.941713
v 4.489357 0.099511 -0.941729
v 4.503096 0.099251 -0.941745
v 4.516835 0.098991 -0.941761
v 4.530574 0.098731 -0.941777
v 4.544314 0.098471 -0.941793
v 4.558053 0.098211 -0.941809
v 4.43436 0.105981 -0.941681
v 4.448099 0.105721 -0.941697
v 4.461838 0.105461 -0.941713
v 4.475577 0.105201 -0.941729
v 4.489317 0.104941 -0.941745
v 4.503056 0.104681 -0.941761
v 4.516795 0.104421 -0.941777
v 4.530535 0.104161 -0.941793
v 4.544274 0.103901 -0.941809
v 4.558013 0.10364 -0.941825
v 4.43432 0.111411 -0.941697
v 4.448059 0.111151 -0.941713
v 4.461799 0.110891 -0.941729
v 4.475538 0.110631 -0.941745
v 4.489277 0.110371 -0.941761
v 4.503016 0.110111 -0.941777
v 4.516756 0.109851 -0.941793
v 4.530495 0.109591 -0.941809
v 4.544234 0.10933 -0.941825
v 4.557973 0.10907 -0.941841
v 4.434661 0.068028 -0.922913
v 4.4484 0.067768 -0.922929
v 4.46214 0.067508 -0.922945
v 4.475879 0.067248 -0.922961
v 4.489618 0.066988 -0.922977
v 4.503357 0.066728 -0.922993
v 4.517097 0.066468 -0.923009
v 4.530836 0.066208 -0.923025
v 4.544575 0.065947 -0.923041
v 4.558315 0.065687 -0.923057
v 4.434621 0.073458 -0.922929
v 4.44836 0.073198 -0.922945
v 4.4621 0.072938 -0.922961
v 4.475839 0.072678 -0.922977
v 4.489578 0.072418 -0.922993
v 4.503318 0.072158 -0.923009
v 4.517057 0.071898 -0.923025
v 4.530796 0.071638 -0.923041
v 4.544536 0.071377 -0.923057
v 4.558275 0.071117 -0.923073
v 4.434582 0.078888 -0.922946
v 4.448321 0.078628 -0.922962
v 4.46206 0.078368 -0.922978
v 4.4758 0.078108 -0.922994
v 4.489539 0.077848 -0.92301
v 4.503278 0.077588 -0.923026
v 4.517017 0.077328 -0.923042
v 4.530756 0.077067 -0.923058
v 4.544496 0.076807 -0.923074
v 4.558235 0.076547 -0.92309
v 4.434542 0.084318 -0.922962
v 4.448281 0.084058 -0.922978
v 4.46202 0.083798 -0.922994
v 4.47576 0.083538 -0.92301
v 4.489499 0.083278 -0.923026
v 4.503238 0.083018 -0.923042
v 4.516977 0.082757 -0.923058
v 4.530717 0.082497 -0.923074
v 4.544456 0.082237 -0.92309
v 4.558195 0.081977 -0.923106
v 4.434502 0.089748 -0.922978
v 4.448241 0.089488 -0.922994
v 4.46198 0.089228 -0.92301
v 4.47572 0.088968 -0.923026
v 4.489459 0.088708 -0.923042
v 4.503198 0.088448 -0.923059
v 4.516938 0.088187 -0.923074
v 4.530677 0.087927 -0.923091
v 4.544416 0.087667 -0.923107
v 4.558156 0.087407 -0.923123
v 4.434462 0.095178 -0.922995
v 4.448202 0.094918 -0.923011
v 4.461941 0.094658 -0.923027
v 4.47568 0.094398 -0.923043
v 4.489419 0.094138 -0.923059
v 4.503159 0.093877 -0.923075
v 4.516898 0.093617 -0.923091
v 4.530637 0.093357 -0.923107
v 4.544376 0.093097 -0.923123
v 4.558115 0.092837 -0.923139
v 4.434422 0.100608 -0.923011
v 4.448162 0.100348 -0.923027
v 4.461901 0.100088 -0.923043
v 4.47564 0.099828 -0.923059
v 4.489379 0.099567 -0.923075
v 4.503119 0.099307 -0.923091
v 4.516858 0.099047 -0.923107
v 4.530597 0.098787 -0.923123
v 4.544336 0.098527 -0.923139
v 4.558076 0.098267 -0.923155
v 4.434382 0.106038 -0.923028
v 4.448122 0.105778 -0.923044
v 4.461861 0.105518 -0.92306
v 4.4756 0.105258 -0.923076
v 4.48934 0.104997 -0.923092
v 4.503079 0.104737 -0.923108
v 4.516818 0.104477 -0.923124
v 4.530558 0.104217 -0.92314
v 4.544297 0.103957 -0.923156
v 4.558036 0.103697 -0.923172
vn 0.0189 0.9998 -0.003
vn 0.8665 -0.0273 -0.4984
vn 0.8664 -0.0371 -0.498
vn 0.9999 -0.0171 0.0023
vn 0.9998 -0.018 0.0022
vn 0.5 -0.0293 -0.8655
vn 0.4998 -0.0472 -0.8649
vn -0.0015 -0.0234 -0.9997
vn -0.0018 -0.0445 -0.999
vn -0.5026 -0.0112 -0.8645
vn -0.503 -0.0298 -0.8638
vn -0.868 0.0041 -0.4965
vn -0.8683 -0.0071 -0.4959
vn -0.9998 0.0182 0.0045
vn -0.9998 0.0175 0.0047
vn -0.8636 0.0275 0.5035
vn -0.8634 0.0373 0.5032
vn -0.4969 0.0294 0.8673
vn -0.4966 0.0472 0.8667
vn 0.0017 0.0235 0.9997
vn 0.0021 0.0445 0.999
vn 0.4999 0.0113 0.866
vn 0.5002 0.03 0.8654
vn 0.8652 -0.0039 0.5014
vn 0.8654 0.0074 0.501
vn 0.8661 -0.0568 -0.4967
vn 0.9999 -0.0153 0.0022
vn 0.4991 -0.0831 -0.8625
vn -0.0026 -0.087 -0.9962
vn -0.5035 -0.0675 -0.8613
vn -0.8687 -0.0297 -0.4945
vn -0.9999 0.016 0.0048
vn -0.8629 0.0573 0.5021
vn -0.4958 0.0832 0.8644
vn 0.0028 0.087 0.9962
vn 0.5006 0.0676 0.863
vn 0.8656 0.0302 0.4997
vn 0.8657 -0.0769 -0.4947
vn 0.9999 -0.0135 0.0021
vn 0.4983 -0.1197 -0.8587
vn -0.0032 -0.1302 -0.9915
vn -0.5039 -0.1056 -0.8573
vn -0.8689 -0.0526 -0.4923
vn -0.9999 0.0146 0.005
vn -0.8625 0.0777 0.5001
vn -0.495 0.1198 0.8606
vn 0.0035 0.1301 0.9915
vn 0.501 0.1058 0.859
vn 0.8658 0.0533 0.4975
vn 0.8652 -0.0971 -0.4919
vn 0.9999 -0.0118 0.0019
vn 0.4975 -0.1563 -0.8532
vn -0.0038 -0.1734 -0.9848
vn -0.5041 -0.1438 -0.8516
vn -0.869 -0.0755 -0.4891
vn -0.9999 0.0132 0.0052
vn -0.862 0.0981 0.4973
vn -0.4942 0.1565 0.8551
vn 0.0041 0.1732 0.9849
vn 0.5012 0.1441 0.8533
vn 0.8659 0.0765 0.4943
vn 0.8648 -0.1172 -0.4883
vn 0.9999 -0.0101 0.0016
vn 0.4967 -0.1926 -0.8463
vn -0.0043 -0.2162 -0.9763
vn -0.5041 -0.1816 -0.8443
vn -0.869 -0.0981 -0.485
vn -0.9999 0.0119 0.0054
vn -0.8616 0.1184 0.4936
vn -0.4934 0.1929 0.8482
vn 0.0046 0.2159 0.9764
vn 0.5012 0.1819 0.846
vn 0.866 0.0994 0.4901
vn 0.8643 -0.1369 -0.4841
vn 1 -0.0086 0.0012
vn 0.4957 -0.2281 -0.838
vn -0.0048 -0.2579 -0.9662
vn -0.504 -0.2185 -0.8356
vn -0.8689 -0.1203 -0.4802
vn -0.9999 0.0106 0.0056
vn -0.8611 0.1384 0.4892
vn -0.4926 0.2284 0.8398
vn 0.005 0.2576 0.9662
vn 0.5011 0.2188 0.8373
vn 0.8659 0.1217 0.4851
vn 0.8637 -0.1559 -0.4792
vn 1 -0.0072 0.0006
vn 0.4948 -0.2623 -0.8285
vn -0.0052 -0.298 -0.9546
vn -0.5037 -0.2539 -0.8257
vn -0.8687 -0.1415 -0.4747
vn -0.9999 0.0095 0.0057
vn -0.8607 0.1576 0.4841
vn -0.4917 0.2626 0.8302
vn 0.0054 0.2976 0.9547
vn 0.501 0.2542 0.8273
vn 0.8658 0.1431 0.4794
vn 0.8632 -0.1741 -0.4739
vn 1 -0.0059 0.0001
vn 0.4939 -0.2947 -0.8181
vn -0.0055 -0.3358 -0.9419
vn -0.5033 -0.2875 -0.8149
vn -0.8684 -0.1617 -0.4688
vn -0.9999 0.0083 0.0059
vn -0.8603 0.1758 0.4785
vn -0.491 0.295 0.8197
vn 0.0057 0.3355 0.942
vn 0.5007 0.2878 0.8164
vn 0.8657 0.1634 0.4732
vn 0.8627 -0.1911 -0.4683
vn 1 -0.0048 -0.0005
vn 0.493 -0.3249 -0.8071
vn -0.0058 -0.3711 -0.9286
vn -0.5027 -0.3188 -0.8035
vn -0.868 -0.1806 -0.4625
vn -1 0.0073 0.006
vn -0.8599 0.1929 0.4725
vn -0.4903 0.3252 0.8086
vn 0.0059 0.3707 0.9287
vn 0.5003 0.319 0.8049
vn 0.8655 0.1823 0.4666
vn 0.8621 -0.2068 -0.4626
vn 1 -0.0038 -0.0011
vn 0.4921 -0.3526 -0.7959
vn -0.006 -0.4034 -0.915
vn -0.5022 -0.3474 -0.7919
vn -0.8676 -0.1979 -0.4561
vn -1 0.0064 0.0061
vn -0.8596 0.2086 0.4664
vn -0.4896 0.353 0.7973
vn 0.0061 0.403 0.9152
vn 0.4999 0.3477 0.7932
vn 0.8653 0.1997 0.4598
vn 0.8616 -0.221 -0.4569
vn 1 -0.0029 -0.0017
vn 0.4912 -0.3776 -0.7849
vn -0.0061 -0.4325 -0.9016
vn -0.5015 -0.3732 -0.7805
vn -0.8672 -0.2137 -0.4498
vn -1 0.0054 0.0062
vn -0.8593 0.2228 0.4603
vn -0.489 0.378 0.7862
vn 0.0063 0.4322 0.9018
vn 0.4995 0.3735 0.7816
vn 0.865 0.2154 0.4531
vn 0.8611 -0.2336 -0.4515
vn 1 -0.0022 -0.0023
vn 0.4905 -0.3998 -0.7744
vn -0.0062 -0.4582 -0.8888
vn -0.5009 -0.3961 -0.7696
vn -0.8667 -0.2276 -0.4438
vn -1 0.0046 0.0062
vn -0.8591 0.2353 0.4545
vn -0.4884 0.4001 0.7755
vn 0.0064 0.4579 0.889
vn 0.4991 0.3964 0.7706
vn 0.8648 0.2292 0.4467
vn 0.8607 -0.2446 -0.4465
vn 1 -0.0016 -0.0029
vn 0.4897 -0.419 -0.7646
vn -0.0063 -0.4806 -0.8769
vn -0.5003 -0.416 -0.7594
vn -0.8663 -0.2399 -0.4382
vn -1 0.0037 0.0063
vn -0.8589 0.2462 0.4491
vn -0.488 0.4193 0.7655
vn 0.0064 0.4803 0.8771
vn 0.4987 0.4163 0.7602
vn 0.8646 0.2413 0.4407
vn 0.8603 -0.254 -0.442
vn 1 -0.001 -0.0035
vn 0.4891 -0.4354 -0.7558
vn -0.0063 -0.4997 -0.8662
vn -0.4997 -0.4331 -0.7502
vn -0.8659 -0.2505 -0.433
vn -1 0.0029 0.0064
vn -0.8588 0.2554 0.4442
vn -0.4876 0.4357 0.7566
vn 0.0065 0.4994 0.8664
vn 0.4984 0.4333 0.7509
vn 0.8645 0.2517 0.4351
vn 0.86 -0.2619 -0.4381
vn 1 -0.0005 -0.0041
vn 0.4886 -0.4492 -0.748
vn -0.0063 -0.5156 -0.8568
vn -0.4992 -0.4475 -0.742
vn -0.8655 -0.2594 -0.4285
vn -1 0.0021 0.0065
vn -0.8587 0.263 0.4399
vn -0.4873 0.4494 0.7487
vn 0.0065 0.5154 0.8569
vn 0.4981 0.4476 0.7427
vn 0.8643 0.2605 0.4302
vn 0.8597 -0.2682 -0.4348
vn 1 0.0002 -0.0048
vn 0.4882 -0.4604 -0.7415
vn -0.0063 -0.5287 -0.8488
vn -0.4987 -0.4594 -0.7351
vn -0.8651 -0.267 -0.4246
vn -1 0.0012 0.0067
vn -0.8586 0.2692 0.4363
vn -0.4871 0.4606 0.742
vn 0.0065 0.5286 0.8489
vn 0.4978 0.4595 0.7356
vn 0.8642 0.2679 0.4259
vn 0.8594 -0.2732 -0.4322
vn 1 0.0008 -0.0053
vn 0.4878 -0.4694 -0.736
vn -0.0063 -0.5394 -0.8421
vn -0.4982 -0.4691 -0.7292
vn -0.8648 -0.2733 -0.4212
vn -1 0.0004 0.0069
vn -0.8585 0.274 0.4334
vn -0.4869 0.4696 0.7365
vn 0.0065 0.5392 0.8421
vn 0.4976 0.4692 0.7295
vn 0.8641 0.274 0.4223
vn 0.8592 -0.277 -0.4301
vn 1 0.0015 -0.006
vn 0.4875 -0.4766 -0.7316
vn -0.0063 -0.5479 -0.8365
vn -0.4979 -0.477 -0.7243
vn -0.8645 -0.2786 -0.4183
vn -1 -0.0006 0.0072
vn -0.8585 0.2777 0.4311
vn -0.4867 0.4767 0.732
vn 0.0065 0.5478 0.8366
vn 0.4974 0.4772 0.7245
vn 0.8639 0.2792 0.4191
vn 0.8591 -0.2799 -0.4285
vn 1 0.0025 -0.0067
vn 0.4873 -0.4822 -0.728
vn -0.0063 -0.5549 -0.8319
vn -0.4976 -0.4837 -0.72
vn -0.8643 -0.2832 -0.4156
vn -1 -0.0017 0.0077
vn -0.8585 0.2805 0.4294
vn -0.4866 0.4824 0.7284
vn 0.0065 0.5548 0.832
vn 0.4972 0.4837 0.7203
vn 0.8638 0.2836 0.4164
vn 0.859 -0.2819 -0.4273
vn 1 0.0036 -0.0074
vn 0.4872 -0.4868 -0.7251
vn -0.0062 -0.5607 -0.828
vn -0.4973 -0.4894 -0.7164
vn -0.8641 -0.2872 -0.4133
vn -1 -0.0029 0.0083
vn -0.8585 0.2825 0.428
vn -0.4866 0.487 0.7253
vn 0.0064 0.5607 0.828
vn 0.497 0.4894 0.7165
vn 0.8637 0.2876 0.4139
vn 0.859 -0.2835 -0.4264
vn 1 0.005 -0.0083
vn 0.4871 -0.4908 -0.7224
vn -0.0061 -0.566 -0.8244
vn -0.497 -0.4947 -0.7129
vn -0.8639 -0.2912 -0.4109
vn -0.9999 -0.0044 0.0091
vn -0.8584 0.2841 0.4271
vn -0.4864 0.491 0.7227
vn 0.0064 0.566 0.8244
vn 0.4968 0.4947 0.713
vn 0.8636 0.2916 0.4114
vn 0.859 -0.2849 -0.4254
vn 0.9999 0.0067 -0.0092
vn 0.487 -0.4947 -0.7198
vn -0.0061 -0.5713 -0.8207
vn -0.4968 -0.5002 -0.7092
vn -0.8638 -0.2954 -0.4082
vn -0.9999 -0.006 0.0101
vn -0.8584 0.2855 0.4262
vn -0.4863 0.4949 0.7201
vn 0.0064 0.5713 0.8207
vn 0.4966 0.5002 0.7094
vn 0.8634 0.2958 0.4087
vn 0.859 -0.2864 -0.4244
vn 0.9999 0.0086 -0.0102
vn 0.487 -0.499 -0.7168
vn -0.006 -0.5773 -0.8165
vn -0.4965 -0.5063 -0.7051
vn -0.8636 -0.3001 -0.4052
vn -0.9999 -0.0078 0.0113
vn -0.8583 0.2871 0.4253
vn -0.4862 0.4992 0.7172
vn 0.0064 0.5772 0.8166
vn 0.4963 0.5063 0.7052
vn 0.8631 0.3006 0.4059
vn 0.859 -0.2881 -0.4232
vn 0.9999 0.011 -0.0115
vn 0.487 -0.5041 -0.7133
vn -0.0058 -0.5843 -0.8115
vn -0.4962 -0.5135 -0.7001
vn -0.8633 -0.3056 -0.4016
vn -0.9999 -0.0099 0.0128
vn -0.8582 0.289 0.4242
vn -0.486 0.5044 0.7137
vn 0.0063 0.5842 0.8116
vn 0.4959 0.5135 0.7003
vn 0.8628 0.3062 0.4024
vn 0.8591 -0.2904 -0.4214
vn 0.9998 0.0137 -0.013
vn 0.487 -0.5105 -0.7087
vn -0.0056 -0.593 -0.8052
vn -0.4958 -0.5223 -0.6938
vn -0.863 -0.3122 -0.3971
vn -0.9998 -0.0123 0.0145
vn -0.8581 0.2915 0.4227
vn -0.4858 0.511 0.7092
vn 0.0061 0.5929 0.8052
vn 0.4954 0.5224 0.6941
vn 0.8623 0.313 0.398
vn 0.8592 -0.2935 -0.4191
vn 0.9998 0.0167 -0.0146
vn 0.487 -0.5187 -0.7027
vn -0.0054 -0.6038 -0.7971
vn -0.4952 -0.5332 -0.6859
vn -0.8627 -0.3202 -0.3914
vn -0.9998 -0.015 0.0165
vn -0.8579 0.295 0.4206
vn -0.4855 0.5192 0.7033
vn 0.0059 0.6038 0.7971
vn 0.4946 0.5333 0.6862
vn 0.8617 0.3212 0.3927
vn 0.8593 -0.2977 -0.4159
vn 0.9997 0.0201 -0.0165
vn 0.4871 -0.5289 -0.695
vn -0.005 -0.6171 -0.7868
vn -0.4945 -0.5463 -0.676
vn -0.8622 -0.3298 -0.3846
vn -0.9997 -0.0179 0.0188
vn -0.8578 0.2995 0.4178
vn -0.4853 0.5296 0.6957
vn 0.0056 0.6171 0.7869
vn 0.4937 0.5465 0.6764
vn 0.861 0.3311 0.3861
vn 0.8595 -0.3031 -0.4116
vn 0.9995 0.0238 -0.0186
vn 0.4872 -0.5414 -0.6852
vn -0.0045 -0.6332 -0.774
vn -0.4935 -0.5621 -0.6637
vn -0.8615 -0.3411 -0.3761
vn -0.9995 -0.0211 0.0214
vn -0.8576 0.3053 0.4139
vn -0.4851 0.5422 0.6861
vn 0.0051 0.6331 0.774
vn 0.4925 0.5623 0.6642
vn 0.86 0.3427 0.378
vn 0.8596 -0.3098 -0.4063
vn 0.9994 0.0279 -0.0211
vn 0.4873 -0.5564 -0.673
vn -0.0037 -0.6522 -0.7581
vn -0.4922 -0.5805 -0.6487
vn -0.8606 -0.3541 -0.3659
vn -0.9994 -0.0246 0.0244
vn -0.8574 0.3125 0.4088
vn -0.4849 0.5574 0.674
vn 0.0045 0.6521 0.7581
vn 0.491 0.5808 0.6493
vn 0.8589 0.3561 0.3682
vn 0.8599 -0.3179 -0.3995
vn 0.9992 0.0322 -0.024
vn 0.4876 -0.5738 -0.658
vn -0.0027 -0.6739 -0.7388
vn -0.4905 -0.6014 -0.6306
vn -0.8595 -0.3688 -0.354
vn -0.9992 -0.0282 0.0276
vn -0.8573 0.321 0.4024
vn -0.4848 0.5749 0.6591
vn 0.0035 0.6738 0.7389
vn 0.489 0.6019 0.6314
vn 0.8574 0.3712 0.3564
vn 0.8601 -0.327 -0.3915
vn 0.999 0.0366 -0.0272
vn 0.488 -0.5931 -0.6404
vn -0.0015 -0.6978 -0.7163
vn -0.4885 -0.6244 -0.6095
vn -0.858 -0.3849 -0.34
vn -0.999 -0.0321 0.0311
vn -0.8573 0.3306 0.3946
vn -0.4849 0.5943 0.6416
vn 0.0023 0.6976 0.7164
vn 0.4868 0.6249 0.6103
vn 0.8557 0.3877 0.3427
vn 0.8604 -0.3368 -0.3824
vn 0.9987 0.0411 -0.0309
vn 0.4884 -0.6135 -0.6205
vn 0.0001 -0.723 -0.6908
vn -0.486 -0.6486 -0.5858
vn -0.8563 -0.4019 -0.3244
vn -0.9987 -0.0361 0.0349
vn -0.8574 0.3408 0.3855
vn -0.4852 0.6149 0.6217
vn 0.0008 0.7228 0.6911
vn 0.4842 0.6491 0.5867
vn 0.8538 0.4049 0.3272
vn 0.8608 -0.347 -0.3723
vn 0.9984 0.0456 -0.0349
vn 0.489 -0.6343 -0.5987
vn 0.0019 -0.7485 -0.6631
vn -0.4832 -0.6731 -0.5599
vn -0.8543 -0.4191 -0.3074
vn -0.9984 -0.0402 0.0388
vn -0.8577 0.3513 0.3754
vn -0.4857 0.6358 0.5999
vn -0.001 0.7483 0.6634
vn 0.4813 0.6735 0.561
vn 0.8517 0.4223 0.3102
vn 0.8612 -0.3572 -0.3616
vn 0.998 0.0499 -0.0392
vn 0.4898 -0.6549 -0.5755
vn 0.004 -0.7736 -0.6337
vn -0.48 -0.6971 -0.5325
vn -0.8521 -0.4361 -0.2893
vn -0.9981 -0.0443 0.043
vn -0.8581 0.3617 0.3645
vn -0.4864 0.6564 0.5766
vn -0.003 0.7733 0.634
vn 0.4781 0.6977 0.5335
vn 0.8495 0.4395 0.292
vn 0.8617 -0.3671 -0.3503
vn 0.9976 0.054 -0.0437
vn 0.4908 -0.6747 -0.5513
vn 0.0063 -0.7977 -0.6031
vn -0.4767 -0.7203 -0.5039
vn -0.8497 -0.4526 -0.2704
vn -0.9977 -0.0483 0.0474
vn -0.8586 0.3717 0.3531
vn -0.4874 0.6763 0.5523
vn -0.0053 0.7974 0.6035
vn 0.4748 0.7208 0.5049
vn 0.8471 0.456 0.273
vn 0.8622 -0.3764 -0.3389
vn 0.9971 0.0579 -0.0485
vn 0.4918 -0.6934 -0.5265
vn 0.0088 -0.8203 -0.5719
vn -0.4731 -0.7421 -0.4747
vn -0.8472 -0.4682 -0.251
vn -0.9973 -0.0522 0.0518
vn -0.8592 0.381 0.3415
vn -0.4885 0.695 0.5276
vn -0.0079 0.82 0.5722
vn 0.4713 0.7427 0.4757
vn 0.8446 0.4716 0.2535
vn 0.8628 -0.3851 -0.3274
vn 0.9967 0.0616 -0.0534
vn 0.4931 -0.7107 -0.5017
vn 0.0114 -0.8412 -0.5405
vn -0.4695 -0.7624 -0.4453
vn -0.8446 -0.4828 -0.2314
vn -0.9968 -0.0559 0.0565
vn -0.8599 0.3897 0.3297
vn -0.4899 0.7123 0.5027
vn -0.0105 0.841 0.5409
vn 0.4677 0.7629 0.4463
vn 0.842 0.4862 0.2337
vn 0.8635 -0.393 -0.316
vn 0.9962 0.065 -0.0583
vn 0.4944 -0.7266 -0.4771
vn 0.0142 -0.8604 -0.5094
vn -0.4658 -0.781 -0.4161
vn -0.8419 -0.4964 -0.2117
vn -0.9964 -0.0594 0.0612
vn -0.8606 0.3976 0.3181
vn -0.4913 0.7281 0.4779
vn -0.0133 0.8602 0.5098
vn 0.4641 0.7815 0.417
vn 0.8394 0.4996 0.2138
vn 0.8642 -0.4002 -0.305
vn 0.9956 0.0682 -0.0635
vn 0.4959 -0.7409 -0.453
vn 0.017 -0.8777 -0.479
vn -0.4621 -0.7978 -0.3872
vn -0.8392 -0.5087 -0.1921
vn -0.9958 -0.0627 0.0661
vn -0.8615 0.4046 0.3069
vn -0.4929 0.7424 0.4537
vn -0.0161 0.8775 0.4793
vn 0.4605 0.7983 0.3881
vn 0.8369 0.5119 0.194
vn 0.8649 -0.4065 -0.2943
vn 0.9951 0.0712 -0.0687
vn 0.4975 -0.7537 -0.4295
vn 0.0198 -0.8932 -0.4493
vn -0.4584 -0.813 -0.3591
vn -0.8365 -0.5199 -0.1729
vn -0.9953 -0.0659 0.0709
vn -0.8623 0.4109 0.2959
vn -0.4946 0.7552 0.4302
vn -0.019 0.8931 0.4496
vn 0.4569 0.8135 0.3598
vn 0.8342 0.523 0.1746
vn 0.8657 -0.4121 -0.2841
vn 0.9945 0.074 -0.074
vn 0.4991 -0.765 -0.4069
vn 0.0228 -0.907 -0.4206
vn -0.4547 -0.8265 -0.3318
vn -0.8338 -0.5301 -0.1541
vn -0.9947 -0.0689 0.076
vn -0.8632 0.4163 0.2855
vn -0.4964 0.7665 0.4075
vn -0.0219 0.9069 0.4208
vn 0.4534 0.827 0.3324
vn 0.8317 0.533 0.1556
vn 0.8665 -0.417 -0.2746
vn 0.9939 0.0766 -0.0794
vn 0.5008 -0.7751 -0.3853
vn 0.0257 -0.9192 -0.393
vn -0.4511 -0.8386 -0.3053
vn -0.8312 -0.5392 -0.1356
vn -0.9941 -0.0717 0.0811
vn -0.8641 0.4211 0.2757
vn -0.4982 0.7765 0.3857
vn -0.0248 0.9191 0.3932
vn 0.4499 0.8391 0.3059
vn 0.8291 0.542 0.1369
vn 0.8672 -0.4212 -0.2655
vn 0.9933 0.079 -0.0849
vn 0.5026 -0.7839 -0.3646
vn 0.0286 -0.93 -0.3665
vn -0.4476 -0.8494 -0.2796
vn -0.8285 -0.5475 -0.1175
vn -0.9935 -0.0743 0.0864
vn -0.865 0.4251 0.2666
vn -0.5001 0.7853 0.365
vn -0.0277 0.9299 0.3667
vn 0.4464 0.8498 0.2802
vn 0.8266 0.5501 0.1187
vn 0.868 -0.4248 -0.2571
vn 0.9926 0.0813 -0.0904
vn 0.5044 -0.7916 -0.345
vn 0.0314 -0.9395 -0.3411
vn -0.4441 -0.8589 -0.255
vn -0.8259 -0.5549 -0.0999
vn -0.9928 -0.0768 0.0918
vn -0.8659 0.4286 0.2581
vn -0.5019 0.793 0.3453
vn -0.0306 0.9395 0.3413
vn 0.4431 0.8593 0.2555
vn 0.8241 0.5574 0.101
vn 0.8687 -0.4279 -0.2494
vn 0.9919 0.0834 -0.0961
vn 0.5062 -0.7983 -0.3263
vn 0.0343 -0.9479 -0.3168
vn -0.4407 -0.8674 -0.2312
vn -0.8233 -0.5615 -0.0827
vn -0.9921 -0.0791 0.0973
vn -0.8667 0.4315 0.2502
vn -0.5038 0.7997 0.3265
vn -0.0334 0.9479 0.3169
vn 0.4398 0.8677 0.2316
vn 0.8216 0.5639 0.0837
vn 0.8695 -0.4305 -0.2423
vn 0.9911 0.0855 -0.102
vn 0.508 -0.8042 -0.3087
vn 0.0372 -0.9552 -0.2936
vn -0.4373 -0.8749 -0.2081
vn -0.8207 -0.5675 -0.0658
vn -0.9913 -0.0814 0.1031
vn -0.8675 0.434 0.243
vn -0.5057 0.8055 0.3088
vn -0.0363 0.9552 0.2937
vn 0.4365 0.8752 0.2085
vn 0.8191 0.5697 0.0667
vn 0.8702 -0.4326 -0.2359
vn 0.9903 0.0874 -0.1082
vn 0.5099 -0.8092 -0.2919
vn 0.0401 -0.9617 -0.2712
vn -0.4339 -0.8816 -0.1858
vn -0.8182 -0.5729 -0.0492
vn -0.9905 -0.0835 0.1091
vn -0.8683 0.436 0.2365
vn -0.5076 0.8106 0.292
vn -0.0391 0.9617 0.2713
vn 0.4332 0.8819 0.1861
vn 0.8166 0.575 0.0499
vn 0.8708 -0.4344 -0.2301
vn 0.9894 0.0893 -0.1146
vn 0.5117 -0.8136 -0.2759
vn 0.0429 -0.9674 -0.2497
vn -0.4306 -0.8875 -0.164
vn -0.8155 -0.5778 -0.0327
vn -0.9896 -0.0855 0.1154
vn -0.869 0.4377 0.2306
vn -0.5095 0.815 0.276
vn -0.0419 0.9674 0.2497
vn 0.43 0.8878 0.1643
vn 0.8141 0.5798 0.0334
vn 0.8715 -0.4358 -0.2251
vn 0.9884 0.0911 -0.1214
vn 0.5136 -0.8174 -0.2608
vn 0.0458 -0.9724 -0.2289
vn -0.4272 -0.8928 -0.1427
vn -0.8129 -0.5822 -0.0163
vn -0.9887 -0.0875 0.1221
vn -0.8697 0.4391 0.2254
vn -0.5114 0.8188 0.2608
vn -0.0448 0.9724 0.2289
vn 0.4267 0.893 0.1429
vn 0.8115 0.5841 0.0169
vn 0.8721 -0.4369 -0.2206
vn 0.9873 0.0929 -0.1286
vn 0.5155 -0.8207 -0.2463
vn 0.0488 -0.9768 -0.2087
vn -0.4238 -0.8975 -0.1217
vn -0.8101 -0.5862 0.0003
vn -0.9876 -0.0893 0.1292
vn -0.8703 0.4401 0.2209
vn -0.5133 0.8221 0.2463
vn -0.0477 0.9768 0.2086
vn 0.4234 0.8977 0.1219
vn 0.8089 0.588 0.0003
vn 0.8726 -0.4377 -0.2168
vn 0.9861 0.0946 -0.1363
vn 0.5174 -0.8235 -0.2325
vn 0.0518 -0.9806 -0.1889
vn -0.4204 -0.9017 -0.1008
vn -0.8073 -0.5899 0.017
vn -0.9864 -0.0911 0.1368
vn -0.8709 0.441 0.217
vn -0.5152 0.825 0.2324
vn -0.0506 0.9807 0.1888
vn 0.42 0.9019 0.1009
vn 0.8061 0.5916 -0.0165
vn 0.8731 -0.4383 -0.2136
vn 0.9848 0.0963 -0.1446
vn 0.5194 -0.8259 -0.2192
vn 0.0549 -0.984 -0.1694
vn -0.4168 -0.9055 -0.0798
vn -0.8043 -0.5932 0.0342
vn -0.985 -0.0928 0.1452
vn -0.8714 0.4416 0.2138
vn -0.5171 0.8274 0.2191
vn -0.0536 0.9841 0.1693
vn 0.4165 0.9056 0.0799
vn 0.8031 0.5948 -0.0337
vn 0.8735 -0.4387 -0.2112
vn 0.9833 0.0979 -0.1537
vn 0.5215 -0.8279 -0.2064
vn 0.0582 -0.987 -0.15
vn -0.413 -0.9088 -0.0586
vn -0.8011 -0.5962 0.0519
vn -0.9835 -0.0944 0.1541
vn -0.8718 0.442 0.2113
vn -0.5191 0.8295 0.2062
vn -0.0568 0.9871 0.1498
vn 0.4128 0.9089 0.0587
vn 0.8 0.5978 -0.0515
vn 0.8738 -0.4389 -0.2094
vn 0.9815 0.0994 -0.1637
vn 0.5236 -0.8296 -0.1939
vn 0.0616 -0.9895 -0.1305
vn -0.409 -0.9118 -0.0369
vn -0.7977 -0.5989 0.0704
vn -0.9818 -0.0959 0.1641
vn -0.872 0.4423 0.2094
vn -0.5211 0.8312 0.1936
vn -0.0601 0.9897 0.1303
vn 0.4089 0.9118 0.0369
vn 0.7966 0.6005 -0.0701
vn 0.874 -0.4389 -0.2085
vn 0.9794 0.1009 -0.1748
vn 0.5259 -0.831 -0.1816
vn 0.0653 -0.9917 -0.1107
vn -0.4046 -0.9144 -0.0144
vn -0.7939 -0.6014 0.0902
vn -0.9797 -0.0973 0.1752
vn -0.8722 0.4426 0.2084
vn -0.5232 0.8327 0.1813
vn -0.0636 0.9919 0.1104
vn 0.4047 0.9143 0.0144
vn 0.7928 0.6028 -0.0898
vn 0.8741 -0.4388 -0.2084
vn 0.977 0.1022 -0.1873
vn 0.5283 -0.832 -0.1695
vn 0.0694 -0.9935 -0.0903
vn -0.3998 -0.9166 0.0093
vn -0.7896 -0.6034 0.1113
vn -0.9773 -0.0985 0.1876
vn -0.8722 0.4427 0.2082
vn -0.5254 0.8339 0.1691
vn -0.0674 0.9937 0.0899
vn 0.4 0.9165 -0.0094
vn 0.7885 0.6049 -0.111
vn 0.874 -0.4386 -0.2092
vn 0.974 0.1034 -0.2014
vn 0.5308 -0.8327 -0.1574
vn 0.0739 -0.9949 -0.069
vn -0.3944 -0.9183 0.0346
vn -0.7848 -0.6051 0.1343
vn -0.9744 -0.0995 0.2016
vn -0.872 0.4427 0.2089
vn -0.5277 0.8348 0.1568
vn -0.0717 0.9951 0.0685
vn 0.3948 0.9181 -0.0347
vn 0.7837 0.6065 -0.134
vn 0.8737 -0.4383 -0.2111
vn 0.9704 0.1043 -0.2176
vn 0.5337 -0.8331 -0.1451
vn 0.0791 -0.9958 -0.0464
vn -0.3882 -0.9195 0.062
vn -0.7791 -0.6062 0.1597
vn -0.9708 -0.1001 0.2178
vn -0.8715 0.4428 0.2107
vn -0.5302 0.8355 0.1444
vn -0.0765 0.996 0.0458
vn 0.3888 0.9192 -0.0621
vn 0.778 0.6077 -0.1595
vn 0.8735 -0.438 -0.2124
vn 0.9684 0.1047 -0.2263
vn 0.5353 -0.8332 -0.1389
vn 0.0819 -0.996 -0.0348
vn -0.3849 -0.9198 0.0763
vn -0.7759 -0.6066 0.1732
vn -0.9688 -0.1003 0.2265
vn -0.8711 0.443 0.2119
vn -0.5314 0.8358 0.138
vn -0.079 0.9963 0.034
vn 0.3856 0.9195 -0.0765
vn 0.7748 0.6081 -0.1729
vn -0.9962 -0.0876 0.0015
vn -0.9554 -0.2952 0.0021
vn -0.8739 -0.486 0.0025
vn -0.7586 -0.6515 0.0029
vn -0.6174 -0.7866 0.0031
vn -0.4581 -0.8889 0.0033
vn -0.2869 -0.958 0.0032
vn -0.109 -0.994 0.0031
vn 0.0714 -0.9974 0.0029
vn 0.2505 -0.9681 0.0026
vn 0.4241 -0.9056 0.0022
vn 0.5872 -0.8094 0.0017
vn 0.7334 -0.6798 0.0012
vn 0.8549 -0.5187 0.0005
vn 0.9436 -0.3312 -0.0002
vn 0.9921 -0.1253 -0.0008
vn 0.9962 0.0876 -0.0015
vn 0.9554 0.2952 -0.0021
vn 0.8739 0.486 -0.0025
vn 0.7586 0.6515 -0.0029
vn 0.6174 0.7866 -0.0031
vn 0.4581 0.8889 -0.0033
vn 0.2869 0.958 -0.0033
vn 0.1091 0.994 -0.0031
vn -0.0714 0.9974 -0.0029
vn -0.2505 0.9681 -0.0026
vn -0.4241 0.9056 -0.0022
vn -0.5872 0.8094 -0.0017
vn -0.7334 0.6798 -0.0012
vn -0.8549 0.5187 -0.0005
vn -0.9436 0.3312 0.0002
vn -0.9921 0.1253 0.0008
vn 0.0012 0.003 1
vn -0.0012 -0.003 -1
vn -0.874 -0.486 0.0025
vn -0.9436 0.3311 0.0002
vn -0.4581 -0.8889 0.0032
vn -0.2869 -0.958 0.0033
vn 0.0713 -0.9974 0.0029
vn 0.2869 0.9579 -0.0032
vn 0.109 0.994 -0.0031
vn 0.855 -0.5187 0.0005
vn -0.9921 0.1252 0.0008
vn -0.9436 0.3312 0.0001
vn -0.2342 0.9721 0.0092
vn -0.0846 0.9964 0.0094
vn 0.1076 0.9942 -0.0074
vn 0.2869 0.9579 -0.0071
vn 0.4581 0.8889 -0.0057
vn 0.6174 0.7866 -0.0041
vn 0.7586 0.6515 -0.0023
vn 0.8809 0.4732 0.0085
vn 0.9495 0.3138 0.0056
vn 0.9965 0.0838 -0.004
vn 0.9436 -0.3311 -0.0002
vn 0.7334 -0.6798 0.0011
vn -0.9554 -0.2952 0.002
vn 0 1 0
vn 0.2869 0.958 -0.0032
vn 0.4581 0.8889 -0.0032
vn 0.9921 -0.1253 -0.0009
vn 0.9436 -0.3312 -0.0001
vn -0.874 -0.486 0.0026
vn 0.5873 -0.8094 0.0017
vn -0.0167 -0.0286 0.9995
vn -0.0611 -0.0784 0.995
vn -0.1125 -0.0954 0.9891
vn -0.1268 -0.1069 0.9862
vn -0.1044 -0.1315 0.9858
vn -0.0781 -0.1509 0.9855
vn -0.0489 -0.1642 0.9852
vn -0.0322 -0.1574 0.987
vn -0.0137 -0.1318 0.9912
vn -0.0525 -0.0716 0.9961
vn -0.7586 -0.6516 0.0029
vn 0.9435 -0.3312 -0.0002
vn -0.0012 -0.0031 -1
vn 0.2869 0.9579 -0.0033
vn 0.7586 0.6516 -0.0029
vn 0.874 0.486 -0.0025
vn 0.9436 -0.3311 -0.0001
vn -0.6174 -0.7866 0.0032
vn -0.8549 0.5188 -0.0005
vn 0.8739 0.486 -0.0026
vn 0.8664 -0.0371 -0.4979
vn -0.8681 0.004 -0.4964
vn -0.8635 0.0275 0.5035
vn -0.8633 0.0373 0.5033
vn 0.8654 0.0074 0.5011
vn -0.0025 -0.087 -0.9962
vn -0.8686 -0.0297 -0.4946
vn 0.5007 0.0676 0.863
vn -0.8689 -0.0526 -0.4922
vn -0.8625 0.0776 0.5001
vn 0.4975 -0.1563 -0.8533
vn -0.869 -0.0754 -0.489
vn 0.8647 -0.1172 -0.4883
vn 0.4966 -0.1926 -0.8463
vn -0.0044 -0.2162 -0.9763
vn 0.866 0.0994 0.4902
vn 0.8642 -0.1369 -0.4841
vn -0.8611 0.1383 0.4892
vn 0.8659 0.1217 0.4852
vn 1 -0.0072 0.0007
vn -0.0055 -0.3359 -0.9419
vn -0.9999 0.0084 0.0059
vn -0.8603 0.1759 0.4785
vn 1 -0.0048 -0.0004
vn -0.5028 -0.3187 -0.8035
vn -1 0.0063 0.0061
vn 0.0063 0.4321 0.9018
vn 0.865 0.2153 0.4531
vn 0.8611 -0.2337 -0.4515
vn -0.5009 -0.3961 -0.7695
vn -0.8667 -0.2277 -0.4438
vn -1 0.0045 0.0062
vn -0.4885 0.4001 0.7755
vn 1 -0.0016 -0.003
vn -0.8589 0.2462 0.449
vn 0.8646 0.2413 0.4406
vn -0.0064 -0.4997 -0.8662
vn -0.8659 -0.2504 -0.4331
vn -0.8588 0.2554 0.4441
vn -0.4876 0.4357 0.7565
vn 0.8645 0.2518 0.4351
vn 1 -0.0004 -0.0041
vn -0.0064 -0.5156 -0.8568
vn 1 0.0002 -0.0047
vn -1 0.0012 0.0066
vn 0.8642 0.2679 0.426
vn -0.0063 -0.5394 -0.842
vn -0.8585 0.2741 0.4334
vn 0.0065 0.5393 0.8421
vn 0.4976 0.4692 0.7296
vn 0.864 0.274 0.4223
vn 1 0.0016 -0.006
vn -0.4979 -0.4771 -0.7242
vn -0.8646 -0.2786 -0.4182
vn -0.8585 0.2777 0.431
vn 0.4974 0.4771 0.7245
vn 0.8591 -0.2798 -0.4285
vn -0.4976 -0.4837 -0.7201
vn -0.8643 -0.2831 -0.4157
vn -0.8585 0.2805 0.4293
vn 0.0064 0.5548 0.832
vn 0.8638 0.2836 0.4163
vn -0.0061 -0.566 -0.8243
vn -0.0061 -0.5714 -0.8207
vn -0.8637 -0.2954 -0.4082
vn -0.9999 -0.006 0.01
vn 0.8634 0.2958 0.4088
vn 0.859 -0.2863 -0.4244
vn 0.9999 0.0087 -0.0103
vn 0.487 -0.499 -0.7169
vn -0.4965 -0.5062 -0.7051
vn 0.8631 0.3006 0.4058
vn 0.8591 -0.2881 -0.4231
vn -0.8582 0.2889 0.4242
vn 0.8628 0.3062 0.4023
vn 0.9998 0.0136 -0.013
vn -0.8631 -0.3122 -0.3971
vn -0.4857 0.5109 0.7092
vn -0.4952 -0.5331 -0.6859
vn -0.8627 -0.3202 -0.3915
vn -0.9998 -0.0149 0.0165
vn 0.0059 0.6038 0.7972
vn 0.9997 0.02 -0.0164
vn -0.005 -0.6172 -0.7868
vn -0.8578 0.2995 0.4177
vn 0.8594 -0.3031 -0.4117
vn -0.8615 -0.3411 -0.3762
vn -0.8576 0.3053 0.4138
vn -0.4851 0.5423 0.686
vn 0.9994 0.0279 -0.0212
vn -0.8606 -0.3541 -0.366
vn -0.8574 0.3125 0.4089
vn -0.4849 0.5574 0.6739
vn -0.4906 -0.6014 -0.6306
vn -0.8595 -0.3688 -0.3539
vn 0.4891 0.6019 0.6313
vn 0.8574 0.3713 0.3564
vn 0.8601 -0.3271 -0.3914
vn 0.999 0.0366 -0.0271
vn 0.4879 -0.5932 -0.6404
vn -0.0015 -0.6979 -0.7162
vn -0.8581 -0.3849 -0.34
vn -0.999 -0.032 0.0311
vn -0.8573 0.3307 0.3944
vn -0.4849 0.5944 0.6415
vn 0.0023 0.6977 0.7164
vn 0.8604 -0.3372 -0.3821
vn 0.9987 0.0409 -0.0306
vn 0.4884 -0.6138 -0.6202
vn 0.0001 -0.7232 -0.6906
vn -0.486 -0.6486 -0.5857
vn -0.8564 -0.4017 -0.3245
vn -0.9988 -0.0359 0.0347
vn -0.8574 0.3412 0.3852
vn -0.4852 0.6152 0.6214
vn 0.0008 0.723 0.6908
vn 0.4842 0.6492 0.5867
vn 0.8538 0.4048 0.3273
vn 0.8608 -0.3479 -0.3715
vn 0.9984 0.0449 -0.0342
vn 0.489 -0.6352 -0.5979
vn 0.0018 -0.7491 -0.6625
vn -0.4832 -0.6732 -0.5597
vn -0.8544 -0.4188 -0.3076
vn -0.9985 -0.0395 0.0383
vn -0.8577 0.3522 0.3746
vn -0.4857 0.6366 0.599
vn -0.0011 0.7488 0.6628
vn 0.4812 0.6738 0.5608
vn 0.8517 0.4221 0.3104
vn 0.8612 -0.3589 -0.3599
vn 0.9981 0.0486 -0.0379
vn 0.4897 -0.6565 -0.5737
vn 0.0039 -0.7746 -0.6324
vn -0.4802 -0.6974 -0.532
vn -0.8523 -0.4355 -0.2897
vn -0.9982 -0.0429 0.0418
vn -0.8581 0.3634 0.3628
vn -0.4864 0.658 0.5749
vn -0.0031 0.7744 0.6327
vn 0.4781 0.698 0.5331
vn 0.8495 0.439 0.2925
vn 0.8617 -0.3699 -0.3473
vn 0.9978 0.0518 -0.0414
vn 0.4906 -0.6773 -0.5482
vn 0.0061 -0.7993 -0.6009
vn -0.4769 -0.7207 -0.5031
vn -0.8501 -0.4515 -0.2712
vn -0.9979 -0.0459 0.0452
vn -0.8586 0.3746 0.3501
vn -0.4874 0.6788 0.5493
vn -0.0054 0.7991 0.6012
vn 0.4748 0.7214 0.5042
vn 0.8472 0.4552 0.274
vn 0.8623 -0.3807 -0.3339
vn 0.9975 0.0546 -0.0448
vn 0.4916 -0.6973 -0.5217
vn 0.0085 -0.8228 -0.5683
vn -0.4736 -0.7427 -0.4734
vn -0.8478 -0.4665 -0.2523
vn -0.9977 -0.0485 0.0483
vn -0.8592 0.3854 0.3365
vn -0.4885 0.6987 0.5226
vn -0.0079 0.8225 0.5687
vn 0.4714 0.7434 0.4746
vn 0.8449 0.4703 0.255
vn 0.8629 -0.3911 -0.32
vn 0.9972 0.0568 -0.0478
vn 0.4927 -0.7161 -0.4944
vn 0.011 -0.8446 -0.5353
vn -0.4701 -0.763 -0.4436
vn -0.8454 -0.4804 -0.2335
vn -0.9974 -0.0507 0.051
vn -0.8599 0.3958 0.3223
vn -0.4897 0.7175 0.4954
vn -0.0105 0.8443 0.5357
vn 0.4679 0.7638 0.4446
vn 0.8426 0.4841 0.2359
vn 0.8636 -0.4011 -0.3055
vn 0.997 0.0585 -0.0504
vn 0.494 -0.7335 -0.4669
vn 0.0135 -0.8646 -0.5023
vn -0.4668 -0.7816 -0.4137
vn -0.8431 -0.4929 -0.2148
vn -0.9972 -0.0525 0.0534
vn -0.8607 0.4057 0.3076
vn -0.4911 0.7349 0.4677
vn -0.0131 0.8644 0.5026
vn 0.4645 0.7824 0.4148
vn 0.8403 0.4967 0.2171
vn 0.8643 -0.4104 -0.2906
vn 0.9968 0.0597 -0.0525
vn 0.4953 -0.7495 -0.4392
vn 0.016 -0.8828 -0.4694
vn -0.4635 -0.7984 -0.3844
vn -0.841 -0.5041 -0.1967
vn -0.997 -0.0537 0.0552
vn -0.8615 0.4149 0.2925
vn -0.4926 0.7509 0.4399
vn -0.0157 0.8826 0.4698
vn 0.4612 0.7992 0.3854
vn 0.8382 0.5079 0.1988
vn 0.8651 -0.4192 -0.2755
vn 0.9967 0.0605 -0.0541
vn 0.4966 -0.7642 -0.4117
vn 0.0185 -0.8992 -0.4371
vn -0.4603 -0.8134 -0.3556
vn -0.8389 -0.514 -0.1792
vn -0.9969 -0.0546 0.0565
vn -0.8625 0.4236 0.2771
vn -0.4941 0.7655 0.4123
vn -0.0183 0.899 0.4375
vn 0.4581 0.8143 0.3566
vn 0.8362 0.5177 0.1811
vn 0.8659 -0.4273 -0.26
vn 0.9966 0.0608 -0.0551
vn 0.4979 -0.7774 -0.3844
vn 0.0209 -0.9139 -0.4054
vn -0.4573 -0.8267 -0.3278
vn -0.8369 -0.5226 -0.1624
vn -0.9968 -0.0552 0.0572
vn -0.8634 0.4315 0.2615
vn -0.4956 0.7786 0.3849
vn -0.0208 0.9137 0.4058
vn 0.4551 0.8276 0.3286
vn 0.8343 0.5263 0.1641
vn 0.8667 -0.4349 -0.2444
vn 0.9966 0.0609 -0.0554
vn 0.4992 -0.7893 -0.3575
vn 0.0232 -0.9269 -0.3746
vn -0.4545 -0.8384 -0.3009
vn -0.8352 -0.5301 -0.1466
vn -0.9968 -0.0554 0.0573
vn -0.8643 0.4389 0.2456
vn -0.4971 0.7904 0.358
vn -0.0232 0.9267 0.375
vn 0.4523 0.8393 0.3017
vn 0.8326 0.5337 0.1481
vn 0.8675 -0.4418 -0.2287
vn 0.9966 0.0606 -0.0552
vn 0.5005 -0.7999 -0.331
vn 0.0253 -0.9384 -0.3447
vn -0.452 -0.8486 -0.275
vn -0.8336 -0.5365 -0.1316
vn -0.9969 -0.0553 0.0568
vn -0.8653 0.4456 0.2297
vn -0.4986 0.801 0.3314
vn -0.0255 0.9382 0.3451
vn 0.4498 0.8495 0.2758
vn 0.8311 0.54 0.133
vn 0.8683 -0.4481 -0.2128
vn 0.9967 0.06 -0.0543
vn 0.5018 -0.8095 -0.305
vn 0.0274 -0.9485 -0.3157
vn -0.4496 -0.8574 -0.2502
vn -0.8322 -0.5419 -0.1176
vn -0.9969 -0.0549 0.0557
vn -0.8662 0.4517 0.2137
vn -0.5 0.8104 0.3053
vn -0.0276 0.9484 0.316
vn 0.4474 0.8584 0.2509
vn 0.8297 0.5454 0.1188
vn 0.8691 -0.4539 -0.1967
vn 0.9968 0.0593 -0.0526
vn 0.503 -0.8179 -0.2794
vn 0.0292 -0.9573 -0.2875
vn -0.4475 -0.8651 -0.2265
vn -0.8309 -0.5465 -0.1046
vn -0.9971 -0.0544 0.0539
vn -0.8671 0.4574 0.1974
vn -0.5014 0.8188 0.2797
vn -0.0296 0.9572 0.2878
vn 0.4453 0.8661 0.2271
vn 0.8285 0.5499 0.1057
vn 0.8698 -0.4592 -0.1804
vn 0.997 0.0585 -0.0503
vn 0.5041 -0.8254 -0.2541
vn 0.031 -0.9651 -0.2602
vn -0.4456 -0.8717 -0.2038
vn -0.8298 -0.5503 -0.0925
vn -0.9972 -0.0536 0.0514
vn -0.868 0.4625 0.181
vn -0.5026 0.8262 0.2544
vn -0.0314 0.965 0.2604
vn 0.4434 0.8727 0.2043
vn 0.8275 0.5537 0.0935
vn 0.8705 -0.464 -0.1639
vn 0.9972 0.0575 -0.0473
vn 0.5052 -0.832 -0.2292
vn 0.0325 -0.9718 -0.2336
vn -0.4439 -0.8774 -0.1821
vn -0.8289 -0.5534 -0.0814
vn -0.9974 -0.0528 0.0482
vn -0.8688 0.4671 0.1644
vn -0.5039 0.8328 0.2294
vn -0.0331 0.9717 0.2338
vn 0.4417 0.8784 0.1825
vn 0.8266 0.5568 0.0823
vn 0.8712 -0.4683 -0.147
vn 0.9975 0.0564 -0.0435
vn 0.5061 -0.8379 -0.2045
vn 0.0339 -0.9776 -0.2077
vn -0.4425 -0.8822 -0.1612
vn -0.8282 -0.5559 -0.0712
vn -0.9977 -0.0518 0.0443
vn -0.8696 0.4713 0.1475
vn -0.505 0.8385 0.2047
vn -0.0346 0.9775 0.2079
vn 0.4402 0.8832 0.1617
vn 0.8258 0.5593 0.072
vn 0.8719 -0.4722 -0.1298
vn 0.9977 0.0553 -0.039
vn 0.507 -0.843 -0.1799
vn 0.0351 -0.9826 -0.1823
vn -0.4412 -0.8862 -0.1412
vn -0.8276 -0.558 -0.0619
vn -0.9979 -0.0508 0.0397
vn -0.8703 0.4751 0.1301
vn -0.5059 0.8436 0.1801
vn -0.0359 0.9825 0.1825
vn 0.4389 0.8873 0.1416
vn 0.8252 0.5613 0.0626
vn 0.8724 -0.4757 -0.1121
vn 0.998 0.0542 -0.0337
vn 0.5077 -0.8474 -0.1553
vn 0.0361 -0.9869 -0.1574
vn -0.4402 -0.8896 -0.1219
vn -0.8271 -0.5595 -0.0535
vn -0.9982 -0.0498 0.0342
vn -0.8709 0.4784 0.1124
vn -0.5068 0.8479 0.1554
vn -0.0371 0.9868 0.1576
vn 0.4378 0.8907 0.1223
vn 0.8247 0.5629 0.0541
vn 0.8729 -0.4788 -0.0938
vn 0.9982 0.0531 -0.0275
vn 0.5083 -0.8512 -0.1306
vn 0.037 -0.9905 -0.1328
vn -0.4394 -0.8923 -0.1033
vn -0.8267 -0.5607 -0.0459
vn -0.9984 -0.0487 0.028
vn -0.8715 0.4814 0.094
vn -0.5076 0.8516 0.1307
vn -0.038 0.9904 0.1329
vn 0.4369 0.8935 0.1036
vn 0.8244 0.5642 0.0464
vn 0.8733 -0.4814 -0.0748
vn 0.9984 0.0521 -0.0204
vn 0.5088 -0.8544 -0.1056
vn 0.0376 -0.9934 -0.1083
vn -0.4387 -0.8946 -0.0852
vn -0.8265 -0.5616 -0.0392
vn -0.9986 -0.0477 0.0208
vn -0.8719 0.4839 0.075
vn -0.5082 0.8548 0.1057
vn -0.0388 0.9934 0.1084
vn 0.4361 0.8958 0.0855
vn 0.8241 0.5651 0.0396
vn 0.8736 -0.4836 -0.055
vn 0.9986 0.0512 -0.0124
vn 0.5091 -0.857 -0.0801
vn 0.038 -0.9958 -0.0839
vn -0.4383 -0.8963 -0.0676
vn -0.8263 -0.5622 -0.0332
vn -0.9988 -0.0468 0.0127
vn -0.8722 0.486 0.0552
vn -0.5086 0.8573 0.0802
vn -0.0394 0.9957 0.0839
vn 0.4356 0.8976 0.0678
vn 0.8239 0.5657 0.0335
vn 0.8737 -0.4853 -0.0343
vn 0.9987 0.0504 -0.0034
vn 0.5092 -0.8589 -0.0541
vn 0.0382 -0.9975 -0.0593
vn -0.4381 -0.8975 -0.0503
vn -0.8263 -0.5625 -0.0281
vn -0.9989 -0.046 0.0036
vn -0.8724 0.4877 0.0344
vn -0.5088 0.8592 0.0541
vn -0.0397 0.9974 0.0593
vn 0.4353 0.8989 0.0505
vn 0.8238 0.5662 0.0283
vn 0.8736 -0.4865 -0.0125
vn 0.9987 0.0499 0.0067
vn 0.5091 -0.8603 -0.0273
vn 0.0381 -0.9987 -0.0344
vn -0.4382 -0.8983 -0.0333
vn -0.8263 -0.5627 -0.0237
vn -0.9989 -0.0454 -0.0066
vn -0.8723 0.4888 0.0126
vn -0.5087 0.8605 0.0273
vn -0.0398 0.9986 0.0344
vn 0.4351 0.8997 0.0334
vn 0.8237 0.5665 0.0238
vn 0.8733 -0.487 0.0106
vn 0.9986 0.0497 0.018
vn 0.5086 -0.861 0.0005
vn 0.0377 -0.9992 -0.0091
vn -0.4384 -0.8986 -0.0165
vn -0.8264 -0.5627 -0.02
vn -0.9988 -0.0451 -0.018
vn -0.872 0.4894 -0.0106
vn -0.5084 0.8611 -0.0005
vn -0.0396 0.9992 0.0091
vn 0.4352 0.9002 0.0165
vn 0.8237 0.5666 0.02
vn 0.8727 -0.487 0.0352
vn 0.9983 0.0498 0.0307
vn 0.5079 -0.8609 0.0296
vn 0.037 -0.9992 0.0169
vn -0.4389 -0.8985 0.0003
vn -0.8265 -0.5626 -0.0172
vn -0.9985 -0.045 -0.0308
vn -0.8714 0.4893 -0.0352
vn -0.5078 0.861 -0.0296
vn -0.039 0.9991 -0.017
vn 0.4355 0.9002 -0.0004
vn 0.8237 0.5667 0.0171
vn 0.8717 -0.4861 0.0615
vn 0.9977 0.0503 0.0449
vn 0.5067 -0.8601 0.0601
vn 0.0358 -0.9984 0.0438
vn -0.4398 -0.898 0.0172
vn -0.8267 -0.5624 -0.0152
vn -0.9979 -0.0454 -0.0451
vn -0.8704 0.4884 -0.0616
vn -0.5067 0.86 -0.0602
vn -0.0381 0.9983 -0.0439
vn 0.4361 0.8997 -0.0174
vn 0.8237 0.5668 0.0149
vn 0.8719 -0.4839 0.0751
vn 0.9972 0.0528 0.0521
vn 0.5067 -0.8588 0.0758
vn 0.0352 -0.9977 0.0575
vn -0.4409 -0.8972 0.0256
vn -0.8277 -0.561 -0.0146
vn -0.9977 -0.0436 -0.0527
vn -0.8688 0.4893 -0.0752
vn -0.5051 0.8597 -0.0758
vn -0.0374 0.9976 -0.0576
vn 0.4357 0.8997 -0.026
vn 0.8228 0.5682 0.0139
vn 0.9998 -0.0189 -0.0012
vn 0.9998 -0.0189 -0.0011
vn -0.0189 -0.9998 0.003
vn -0.0189 -0.9998 0.0031
vn -0.9998 0.0189 0.0012
vn 0.0189 0.9998 -0.0031
vn -0.1254 0.9921 -0.0028
vn -0.4071 0.9134 -0.0023
vn -0.6629 0.7487 -0.0015
vn -0.8654 0.5011 -0.0005
vn -0.9821 0.1883 0.0006
vn 0.1629 0.9866 -0.0032
vn 0.4414 0.8973 -0.0033
vn 0.6908 0.7231 -0.003
vn 0.8837 0.468 -0.0025
vn 0.9885 0.151 -0.0017
vn -0.9998 0.0189 0.0011
vn -0.0787 0.2613 -0.962
vn -0.1679 0.643 -0.7472
vn -0.1929 0.7537 -0.6282
vn -0.218 0.8697 -0.4428
vn -0.2299 0.9287 -0.2908
vn -0.2361 0.9673 -0.0926
vn 0.0624 -0.3188 -0.9458
vn -0.0768 0.2537 -0.9642
vn 0.1178 -0.3001 -0.9466
vn -0.1225 0.2365 -0.9639
vn -0.1257 0.2438 -0.9616
vn -0.282 0.6019 -0.7471
vn -0.3266 0.7063 -0.628
vn -0.3725 0.8159 -0.4422
vn -0.3949 0.8719 -0.2895
vn -0.4078 0.9086 -0.0903
vn -0.4504 0.6329 -0.6297
vn -0.5161 0.7329 -0.4433
vn -0.5488 0.7842 -0.2895
vn -0.5684 0.818 -0.0883
vn 0.169 -0.2711 -0.9476
vn -0.1493 0.2182 -0.9644
vn -0.1536 0.2276 -0.9616
vn -0.3836 0.5447 -0.7458
vn -0.5134 -0.8312 -0.2134
vn 0.5403 0.82 0.1889
vn -0.5092 0.4245 -0.7486
vn -0.5597 0.5351 -0.6328
vn -0.6441 0.6216 -0.4457
vn -0.6867 0.6664 -0.2904
vn -0.7128 0.696 -0.0867
vn 0.517 0.487 -0.704
vn -0.7512 0.484 -0.4488
vn -0.8026 0.5201 -0.2921
vn -0.8346 0.5442 -0.0853
vn 0.2595 -0.1755 -0.9497
vn -0.246 0.1119 -0.9628
vn -0.229 0.1714 -0.9582
vn -0.534 0.3645 -0.7628
vn -0.6501 0.415 -0.6365
vn -0.2558 0.0899 -0.9625
vn -0.6098 0.2326 -0.7576
vn -0.7167 0.2764 -0.6402
vn -0.8311 0.3239 -0.452
vn -0.8898 0.3492 -0.2938
vn -0.9267 0.3662 -0.0845
vn 0.2872 -0.125 -0.9497
vn -0.2489 0.0872 -0.9646
vn -0.9421 0.1591 -0.2951
vn -0.9823 0.1678 -0.0834
vn 0.3081 -0.061 -0.9494
vn -0.2604 0.0364 -0.9648
vn -0.2677 0.0377 -0.9628
vn -0.6415 0.1036 -0.7601
vn -0.7556 0.1242 -0.6431
vn -0.8786 0.1468 -0.4545
vn -0.2697 -0.0164 -0.9628
vn -0.6479 -0.0308 -0.7611
vn -0.7639 -0.0349 -0.6444
vn -0.8895 -0.039 -0.4553
vn -0.9545 -0.0408 -0.2955
vn -0.9957 -0.0414 -0.0825
vn 0.317 0.0076 -0.9484
vn -0.2624 -0.016 -0.9648
vn -0.925 -0.2402 -0.2946
vn -0.9648 -0.25 -0.0819
vn 0.3129 0.0786 -0.9465
vn -0.2546 -0.0683 -0.9646
vn -0.2617 -0.0702 -0.9626
vn -0.6281 -0.1645 -0.7605
vn -0.7404 -0.1933 -0.6438
vn -0.862 -0.2243 -0.4547
vn -0.5698 -0.3025 -0.7641
vn -0.6863 -0.3432 -0.6413
vn -0.7976 -0.3991 -0.4523
vn -0.855 -0.428 -0.2928
vn -0.8912 -0.4464 -0.081
vn 0.3078 0.1022 -0.9459
vn -0.2142 -0.1477 -0.9656
vn -0.2476 -0.0976 -0.9639
vn -0.7805 -0.62 -0.0803
vn -0.688 0.6741 0.2689
vn -0.4797 0.7802 -0.4015
vn 0.7109 0.6712 -0.2103
vn -0.5441 -0.3837 -0.7462
vn -0.605 -0.4774 -0.6373
vn -0.7008 -0.5547 -0.4485
vn -0.7499 -0.5946 -0.2901
vn -0.4223 -0.516 -0.7453
vn -0.5009 -0.5907 -0.6326
vn -0.5779 -0.6847 -0.4441
vn -0.6168 -0.7329 -0.2871
vn -0.6406 -0.7637 -0.0803
vn 0.2208 0.2741 -0.936
vn -0.1887 -0.1963 -0.9622
vn -0.158 -0.2114 -0.9645
vn -0.48 -0.8736 -0.0805
vn 0.1671 0.3237 -0.9313
vn -0.139 -0.2341 -0.9622
vn -0.1426 -0.2406 -0.9601
vn -0.326 -0.5793 -0.7471
vn -0.3796 -0.6794 -0.6279
vn -0.4355 -0.7852 -0.4401
vn -0.4634 -0.8392 -0.2844
vn -0.2466 -0.7413 -0.6243
vn -0.2807 -0.8546 -0.4369
vn -0.2973 -0.912 -0.2828
vn -0.3065 -0.9484 -0.0812
vn 0.1039 0.3587 -0.9277
vn -0.0948 -0.2568 -0.9618
vn -0.097 -0.2639 -0.9597
vn -0.2133 -0.6332 -0.744
vn -0.0475 -0.2698 -0.9618
vn -0.0484 -0.2773 -0.9596
vn -0.0944 -0.6637 -0.742
vn -0.1069 -0.7755 -0.6222
vn -0.1192 -0.8924 -0.4353
vn -0.1245 -0.9513 -0.2821
vn -0.1265 -0.9885 -0.0827
vn 0.0354 0.3799 -0.9244
vn 0.0443 -0.8989 -0.4358
vn 0.0499 -0.9578 -0.2832
vn 0.0549 -0.9949 -0.0848
vn -0.0353 0.3842 -0.9226
vn 0.0011 -0.2728 -0.9621
vn 0.0016 -0.2805 -0.9599
vn 0.0268 -0.67 -0.7419
vn 0.0349 -0.7822 -0.6221
vn 0.049 -0.2658 -0.9628
vn 0.0509 -0.2732 -0.9606
vn 0.1462 -0.6521 -0.7439
vn 0.1747 -0.7614 -0.6243
vn 0.2052 -0.8751 -0.4383
vn 0.2215 -0.9323 -0.286
vn 0.2335 -0.9684 -0.0875
vn -0.1051 0.3721 -0.9222
vn 0.3596 -0.8214 -0.4428
vn 0.3864 -0.8755 -0.2901
vn 0.4052 -0.9097 -0.0909
vn -0.1704 0.3457 -0.9227
vn 0.0946 -0.2487 -0.964
vn 0.0977 -0.2557 -0.9618
vn 0.2603 -0.6111 -0.7476
vn 0.3084 -0.714 -0.6285
vn 0.134 -0.2413 -0.9611
vn 0.3889 -0.5002 -0.7737
vn 0.432 -0.6407 -0.6347
vn 0.5032 -0.7384 -0.449
vn 0.5403 -0.7878 -0.2956
vn 0.5658 -0.8191 -0.0946
vn -0.1605 0.352 -0.9221
vn 0.1055 -0.2437 -0.9641
vn 0.6781 -0.67 -0.302
vn 0.71 -0.6972 -0.0989
vn -0.7467 -0.6555 -0.1128
vn 0.733 -0.6794 -0.0343
vn 0.4131 -0.9088 -0.0582
vn 0.4427 -0.4148 -0.795
vn 0.5412 -0.5429 -0.6422
vn 0.6311 -0.6271 -0.4566
vn 0.2024 -0.1842 -0.9618
vn 0.4774 -0.3956 -0.7846
vn 0.6313 -0.4229 -0.65
vn 0.7379 -0.4897 -0.4645
vn 0.7939 -0.5239 -0.3088
vn 0.8318 -0.5454 -0.1029
vn -0.2977 0.231 -0.9263
vn 0.1958 -0.1519 -0.9688
vn 0.881 -0.3528 -0.3151
vn 0.9239 -0.3673 -0.1068
vn -0.3353 0.1219 -0.9342
vn 0.2208 -0.0989 -0.9703
vn 0.2279 -0.1018 -0.9684
vn 0.5876 -0.242 -0.7721
vn 0.6978 -0.2843 -0.6574
vn 0.8177 -0.3296 -0.4719
vn 0.6192 -0.113 -0.7771
vn 0.7367 -0.1321 -0.6631
vn 0.8651 -0.1526 -0.4779
vn 0.9332 -0.1629 -0.3204
vn 0.9795 -0.1691 -0.1099
vn -0.3449 0.0512 -0.9372
vn 0.2322 -0.0483 -0.9715
vn 0.2396 -0.0495 -0.9696
vn 0.9929 0.0402 -0.1119
vn -0.3412 -0.0195 -0.9398
vn 0.2341 0.0043 -0.9722
vn 0.2415 0.0045 -0.9704
vn 0.6256 0.0214 -0.7799
vn 0.7449 0.0269 -0.6666
vn 0.8757 0.0332 -0.4816
vn 0.9455 0.037 -0.3235
vn 0.7213 0.1851 -0.6674
vn 0.8483 0.2185 -0.4824
vn 0.9159 0.2364 -0.3244
vn 0.962 0.2488 -0.1126
vn -0.3251 -0.0863 -0.9417
vn 0.2264 0.0562 -0.9724
vn 0.2336 0.0583 -0.9706
vn 0.6058 0.155 -0.7804
vn -0.1919 -0.3585 -0.9136
vn 0.2057 0.1261 -0.9705
vn 0.205 0.136 -0.9693
vn 0.5446 0.2951 -0.7851
vn 0.6674 0.335 -0.6651
vn 0.7841 0.3933 -0.4802
vn 0.8462 0.4242 -0.3226
vn 0.8884 0.4452 -0.1122
vn 0.5862 0.4695 -0.6603
vn 0.6873 0.549 -0.4756
vn 0.7411 0.5908 -0.319
vn 0.7777 0.6188 -0.1106
vn -0.5422 0.8344 0.0989
vn -0.682 0.7219 -0.1173
vn 0.6536 -0.7296 0.2013
vn 0.4942 0.3873 -0.7783
vn 0.1481 0.1889 -0.9708
vn 0.1508 0.2016 -0.9678
vn 0.4103 0.4829 -0.7736
vn 0.4821 0.5828 -0.6541
vn 0.5646 0.6791 -0.4692
vn 0.6081 0.7292 -0.3138
vn 0.6378 0.7625 -0.1082
vn -0.2351 -0.2345 -0.9433
vn 0.4225 0.7797 -0.4621
vn 0.4548 0.8356 -0.3081
vn 0.4773 0.8724 -0.1051
vn -0.1662 -0.2837 -0.9444
vn 0.1108 0.2217 -0.9688
vn 0.1146 0.2286 -0.9667
vn 0.3041 0.5699 -0.7633
vn 0.3611 0.6715 -0.6471
vn 0.0666 0.2444 -0.9674
vn 0.0691 0.2521 -0.9652
vn 0.1915 0.6241 -0.7575
vn 0.2282 0.7335 -0.6402
vn 0.2678 0.8491 -0.4554
vn 0.2888 0.9084 -0.3024
vn 0.3038 0.9473 -0.1017
vn -0.1112 -0.3091 -0.9445
vn 0.1063 0.8869 -0.4496
vn 0.1161 0.9477 -0.2974
vn 0.1239 0.9874 -0.0984
vn -0.0543 -0.3233 -0.9447
vn 0.0193 0.2575 -0.9661
vn 0.0204 0.2656 -0.9639
vn 0.0726 0.6544 -0.7527
vn 0.0886 0.7679 -0.6345
vn -0.0294 0.2687 -0.9628
vn -0.0485 0.6609 -0.7489
vn -0.0531 0.7744 -0.6304
vn -0.0571 0.8936 -0.4453
vn -0.0582 0.9542 -0.2934
vn -0.0575 0.9938 -0.0954
vn 0.0043 -0.3267 -0.9451
vn 0.0145 0.0061 0.9999
vn -0.0291 0.2606 -0.965
vn -0.2168 0.1928 -0.957
vn -0.3642 0.3389 -0.8675
vn 0.0919 -0.1103 -0.9896
vn 0.0988 0.0836 -0.9916
vn -0.2303 -0.1778 -0.9567
vn -0.3892 -0.3047 -0.8693
vn 0.0595 -0.0787 -0.9951
vn 0.0552 -0.0744 -0.9957
vn 0.3389 -0.3495 -0.8735
vn 0.0644 0.0566 -0.9963
vn 0.0597 0.0526 -0.9968
vn 0.3635 0.2938 -0.8841
vn -0.4958 0.7798 -0.3823
vn 0.6364 0.6786 -0.3667
vn -0.4301 0.8565 -0.2853
vn -0.5816 -0.811 -0.0644
vn -0.7359 -0.5561 -0.3863
vn -0.6088 0.7897 0.0759
vn 0.6874 -0.7164 0.1194
vn 0.8324 0.5535 0.0273
vn -0.4862 -0.8723 0.0521
vn -0.6025 -0.7947 0.0734
vn 0.672 -0.7268 -0.1421
vn -0.7699 -0.6371 0.0357
vn 0.3834 0.7926 -0.4742
vn 0.5585 -0.8286 0.0389
vn 0.3925 -0.8538 -0.3419
vn 0.6552 0.7554 -0.0072
vn -0.0787 0.2614 -0.962
vn -0.1679 0.6431 -0.7472
vn -0.1929 0.7538 -0.6282
vn -0.218 0.8696 -0.443
vn -0.2299 0.9288 -0.2907
vn 0.0622 -0.3185 -0.9459
vn -0.0768 0.2535 -0.9643
vn 0.1179 -0.3006 -0.9464
vn -0.1225 0.2366 -0.9639
vn -0.1257 0.2439 -0.9616
vn -0.3266 0.7063 -0.6281
vn -0.4504 0.633 -0.6297
vn -0.5161 0.7328 -0.4433
vn -0.5489 0.7842 -0.2894
vn -0.5684 0.818 -0.0884
vn 0.1695 -0.2709 -0.9476
vn -0.1492 0.2183 -0.9644
vn -0.1535 0.2276 -0.9616
vn -0.3836 0.5446 -0.7458
vn -0.5134 -0.8312 -0.2131
vn 0.5402 0.82 0.1893
vn -0.6867 0.6664 -0.2905
vn -0.7127 0.6961 -0.0866
vn 0.5169 0.4867 -0.7043
vn -0.7512 0.4841 -0.4488
vn -0.8026 0.5202 -0.2921
vn -0.8345 0.5443 -0.0854
vn 0.2604 -0.1757 -0.9494
vn -0.2457 0.1122 -0.9628
vn -0.2291 0.1714 -0.9582
vn -0.534 0.3645 -0.7629
vn -0.65 0.415 -0.6366
vn -0.2559 0.09 -0.9625
vn -0.6099 0.2326 -0.7576
vn -0.7167 0.2763 -0.6403
vn -0.8312 0.3239 -0.4519
vn -0.8899 0.349 -0.2938
vn -0.9267 0.3662 -0.0843
vn 0.2873 -0.1253 -0.9496
vn -0.9422 0.1592 -0.2948
vn -0.9823 0.1678 -0.0836
vn 0.3082 -0.061 -0.9494
vn -0.2604 0.0363 -0.9648
vn -0.2677 0.0376 -0.9628
vn -0.6416 0.1036 -0.76
vn -0.7556 0.1242 -0.6432
vn -0.8786 0.1469 -0.4545
vn -0.6478 -0.0308 -0.7612
vn -0.764 -0.0349 -0.6443
vn -0.8894 -0.039 -0.4555
vn -0.9545 -0.0408 -0.2954
vn -0.9957 -0.0413 -0.0827
vn -0.9249 -0.2403 -0.2946
vn -0.9648 -0.2501 -0.0816
vn 0.313 0.0786 -0.9465
vn -0.2617 -0.0701 -0.9626
vn -0.6281 -0.1644 -0.7606
vn -0.862 -0.2244 -0.4546
vn -0.5698 -0.3026 -0.7641
vn -0.6863 -0.3431 -0.6413
vn -0.7976 -0.399 -0.4523
vn -0.8551 -0.428 -0.2927
vn -0.8912 -0.4463 -0.0809
vn 0.3072 0.102 -0.9462
vn -0.2141 -0.1474 -0.9656
vn -0.2475 -0.0976 -0.964
vn -0.7805 -0.62 -0.0804
vn -0.688 0.6741 0.2687
vn -0.4792 0.7797 -0.4031
vn 0.7107 0.6711 -0.2108
vn -0.5442 -0.3839 -0.746
vn -0.6049 -0.4775 -0.6372
vn -0.75 -0.5946 -0.2899
vn -0.4223 -0.5161 -0.7452
vn -0.5008 -0.5906 -0.6327
vn -0.6406 -0.7637 -0.0801
vn 0.2213 0.2743 -0.9358
vn -0.1887 -0.1964 -0.9622
vn -0.1579 -0.2114 -0.9646
vn -0.48 -0.8736 -0.0804
vn 0.1669 0.3231 -0.9315
vn -0.1391 -0.234 -0.9622
vn -0.1426 -0.2405 -0.9601
vn -0.3796 -0.6794 -0.628
vn -0.4634 -0.8392 -0.2845
vn -0.2466 -0.7412 -0.6243
vn -0.2807 -0.8545 -0.437
vn -0.2973 -0.912 -0.2827
vn 0.1037 0.3584 -0.9278
vn -0.0947 -0.2566 -0.9619
vn -0.097 -0.2638 -0.9597
vn -0.2133 -0.6334 -0.7439
vn -0.0475 -0.2699 -0.9617
vn -0.0484 -0.2773 -0.9595
vn -0.0944 -0.6636 -0.7421
vn -0.1069 -0.7756 -0.6221
vn -0.1191 -0.8923 -0.4354
vn -0.1245 -0.9512 -0.2822
vn 0.0353 0.3794 -0.9246
vn 0.0443 -0.899 -0.4357
vn -0.0354 0.3842 -0.9226
vn 0.0268 -0.6699 -0.742
vn 0.0491 -0.2658 -0.9628
vn 0.0509 -0.2731 -0.9606
vn 0.1462 -0.6522 -0.7438
vn 0.1746 -0.7615 -0.6242
vn 0.2052 -0.8751 -0.4382
vn 0.2215 -0.9323 -0.2858
vn 0.2335 -0.9684 -0.0876
vn -0.1052 0.3728 -0.9219
vn 0.3596 -0.8213 -0.4429
vn 0.3865 -0.8755 -0.29
vn -0.1705 0.3456 -0.9228
vn 0.0945 -0.2487 -0.964
vn 0.0977 -0.2556 -0.9618
vn 0.2603 -0.6111 -0.7475
vn 0.3084 -0.714 -0.6286
vn 0.1341 -0.2414 -0.9611
vn 0.3888 -0.5002 -0.7737
vn 0.5031 -0.7384 -0.4491
vn 0.5657 -0.8191 -0.0947
vn -0.1605 0.3511 -0.9225
vn 0.1057 -0.2439 -0.964
vn 0.6781 -0.67 -0.3022
vn 0.7101 -0.6972 -0.0987
vn -0.7464 -0.6554 -0.1156
vn 0.7331 -0.6792 -0.0343
vn 0.4131 -0.9089 -0.0568
vn 0.6311 -0.6272 -0.4565
vn 0.2025 -0.1843 -0.9618
vn 0.4773 -0.3954 -0.7847
vn 0.6314 -0.423 -0.6499
vn 0.7938 -0.5238 -0.309
vn 0.8318 -0.5455 -0.103
vn -0.2972 0.232 -0.9262
vn 0.1958 -0.1514 -0.9689
vn 0.881 -0.3528 -0.3152
vn 0.924 -0.3673 -0.1068
vn -0.3354 0.1218 -0.9342
vn 0.2208 -0.0992 -0.9703
vn 0.2278 -0.1018 -0.9684
vn 0.5876 -0.2419 -0.7721
vn 0.6979 -0.2843 -0.6574
vn 0.8176 -0.3296 -0.4721
vn 0.6192 -0.1131 -0.777
vn 0.7367 -0.1322 -0.6631
vn 0.8649 -0.1525 -0.4781
vn 0.9333 -0.1629 -0.3201
vn 0.9794 -0.1691 -0.1101
vn -0.345 0.0506 -0.9373
vn 0.2323 -0.0483 -0.9715
vn 0.9929 0.0401 -0.1121
vn -0.3411 -0.0188 -0.9399
vn 0.6256 0.0213 -0.7798
vn 0.7448 0.0269 -0.6667
vn 0.8758 0.0332 -0.4815
vn 0.9455 0.0369 -0.3235
vn 0.7214 0.1852 -0.6673
vn 0.8483 0.2185 -0.4823
vn 0.916 0.2365 -0.3242
vn 0.9619 0.2489 -0.1128
vn -0.325 -0.0866 -0.9417
vn 0.2336 0.0581 -0.9706
vn 0.6057 0.155 -0.7805
vn -0.192 -0.359 -0.9134
vn 0.2055 0.1259 -0.9705
vn 0.205 0.1361 -0.9693
vn 0.5445 0.2952 -0.7851
vn 0.6675 0.3351 -0.665
vn 0.7841 0.3933 -0.4801
vn 0.8461 0.4243 -0.3227
vn 0.586 0.4694 -0.6605
vn 0.6874 0.549 -0.4755
vn 0.7411 0.5908 -0.3189
vn -0.5422 0.8344 0.0991
vn -0.6819 0.7219 -0.1178
vn 0.6536 -0.7296 0.2011
vn 0.4943 0.3873 -0.7782
vn 0.148 0.1891 -0.9707
vn 0.1507 0.2014 -0.9679
vn 0.4823 0.5829 -0.654
vn 0.608 0.7292 -0.3139
vn 0.6379 0.7625 -0.1082
vn -0.2355 -0.2345 -0.9432
vn 0.4224 0.7797 -0.4623
vn 0.4548 0.8356 -0.308
vn 0.4773 0.8724 -0.105
vn -0.1661 -0.2836 -0.9445
vn 0.3041 0.5699 -0.7634
vn 0.3611 0.6716 -0.647
vn 0.0667 0.2445 -0.9674
vn 0.0691 0.252 -0.9653
vn 0.1915 0.6242 -0.7574
vn 0.2282 0.7336 -0.6402
vn 0.2888 0.9084 -0.3025
vn 0.3038 0.9473 -0.1018
vn -0.111 -0.3088 -0.9446
vn 0.1063 0.8869 -0.4495
vn 0.1239 0.9874 -0.0985
vn 0.0192 0.2575 -0.9661
vn 0.0726 0.6544 -0.7526
vn 0.0887 0.7678 -0.6345
vn -0.0295 0.2686 -0.9628
vn -0.0485 0.6607 -0.7491
vn -0.0531 0.7745 -0.6304
vn -0.0571 0.8935 -0.4453
vn -0.0582 0.9542 -0.2935
vn -0.0575 0.9938 -0.0953
vn 0.0045 -0.3268 -0.9451
vn -0.029 0.2606 -0.965
vn 0.0921 -0.1101 -0.9897
vn 0.0989 0.084 -0.9916
vn -0.2304 -0.1779 -0.9567
vn -0.3892 -0.3046 -0.8693
vn 0.0597 -0.0785 -0.9951
vn 0.0553 -0.0744 -0.9957
vn 0.3389 -0.3496 -0.8734
vn 0.0643 0.0564 -0.9963
vn 0.0596 0.0527 -0.9968
vn 0.3637 0.2937 -0.884
vn -0.4956 0.7798 -0.3824
vn -0.5815 -0.8109 -0.0647
vn -0.7359 -0.5561 -0.3862
vn -0.6087 0.7897 0.0762
vn 0.8324 0.5535 0.0276
vn -0.4861 -0.8724 0.0514
vn -0.6024 -0.7948 0.0733
vn 0.672 -0.7267 -0.1427
vn -0.7701 -0.6369 0.0355
vn 0.3833 0.7925 -0.4745
vn 0.3926 -0.854 -0.3414
vn 0.6552 0.7554 -0.0075
vn -0.1679 0.6429 -0.7473
vn -0.2299 0.9288 -0.2908
vn 0.0624 -0.3191 -0.9457
vn -0.0769 0.2538 -0.9642
vn 0.1178 -0.3003 -0.9465
vn -0.1224 0.2364 -0.9639
vn -0.282 0.602 -0.7471
vn -0.4504 0.6329 -0.6298
vn 0.1691 -0.2715 -0.9475
vn -0.1494 0.2184 -0.9644
vn -0.1535 0.2277 -0.9616
vn -0.3837 0.5447 -0.7457
vn -0.5135 -0.8312 -0.2131
vn 0.5402 0.82 0.1889
vn -0.5091 0.4246 -0.7487
vn -0.6442 0.6216 -0.4457
vn -0.7127 0.696 -0.0867
vn 0.5167 0.4866 -0.7045
vn -0.8346 0.5443 -0.0854
vn 0.2599 -0.1746 -0.9497
vn -0.2459 0.1122 -0.9628
vn -0.229 0.1713 -0.9582
vn -0.2559 0.0899 -0.9625
vn -0.6098 0.2325 -0.7576
vn -0.7168 0.2763 -0.6403
vn -0.8311 0.324 -0.452
vn -0.8898 0.3491 -0.2939
vn -0.9267 0.3662 -0.0844
vn 0.2874 -0.1254 -0.9496
vn -0.9823 0.1678 -0.0835
vn -0.2605 0.0363 -0.9648
vn -0.7557 0.1242 -0.643
vn -0.8785 0.1468 -0.4545
vn -0.2696 -0.0165 -0.9628
vn -0.648 -0.0309 -0.761
vn -0.7638 -0.0349 -0.6445
vn -0.9957 -0.0414 -0.0826
vn 0.3172 0.0076 -0.9483
vn -0.9249 -0.2402 -0.2946
vn -0.9648 -0.25 -0.0818
vn 0.3131 0.0786 -0.9465
vn -0.2547 -0.0683 -0.9646
vn -0.2617 -0.07 -0.9626
vn -0.628 -0.1645 -0.7606
vn -0.7405 -0.1934 -0.6437
vn -0.5697 -0.3024 -0.7642
vn -0.6865 -0.3431 -0.6411
vn -0.8912 -0.4463 -0.0812
vn 0.3078 0.1022 -0.946
vn -0.214 -0.1475 -0.9656
vn -0.7805 -0.62 -0.0805
vn -0.6879 0.6742 0.2688
vn -0.4797 0.7801 -0.4016
vn 0.7109 0.6711 -0.2103
vn -0.5441 -0.3839 -0.746
vn -0.605 -0.4775 -0.6372
vn -0.4223 -0.516 -0.7452
vn -0.5009 -0.5908 -0.6325
vn 0.2213 0.2745 -0.9358
vn 0.1669 0.3235 -0.9314
vn -0.139 -0.234 -0.9623
vn -0.3261 -0.5794 -0.747
vn -0.3797 -0.6795 -0.6279
vn -0.4356 -0.7852 -0.4402
vn -0.4635 -0.8392 -0.2844
vn -0.2807 -0.8546 -0.437
vn -0.3065 -0.9484 -0.0813
vn 0.1038 0.3585 -0.9277
vn -0.0971 -0.264 -0.9596
vn -0.0474 -0.2696 -0.9618
vn -0.0944 -0.6638 -0.742
vn 0.0443 -0.899 -0.4358
vn 0.0498 -0.9577 -0.2833
vn 0.0016 -0.2805 -0.9598
vn 0.049 -0.2656 -0.9628
vn 0.2215 -0.9323 -0.2859
vn 0.3596 -0.8214 -0.4427
vn 0.3864 -0.8755 -0.2902
vn 0.4052 -0.9097 -0.0908
vn -0.1701 0.345 -0.923
vn 0.0946 -0.2488 -0.9639
vn 0.2603 -0.611 -0.7476
vn 0.3889 -0.5002 -0.7736
vn -0.161 0.3528 -0.9217
vn 0.1056 -0.2437 -0.9641
vn -0.7468 -0.6552 -0.114
vn 0.733 -0.6793 -0.0343
vn 0.413 -0.9088 -0.0589
vn 0.4427 -0.4149 -0.7949
vn 0.6311 -0.627 -0.4567
vn 0.4774 -0.3955 -0.7847
vn 0.7379 -0.4896 -0.4645
vn 0.7939 -0.5239 -0.3087
vn 0.8318 -0.5454 -0.103
vn -0.297 0.2318 -0.9263
vn 0.1958 -0.1517 -0.9688
vn -0.3354 0.1216 -0.9342
vn 0.2208 -0.099 -0.9703
vn 0.5875 -0.242 -0.7722
vn 0.6979 -0.2844 -0.6573
vn 0.6193 -0.1129 -0.777
vn 0.9795 -0.169 -0.1099
vn 0.2322 -0.0484 -0.9715
vn 0.2397 -0.0495 -0.9696
vn 0.9929 0.0401 -0.1118
vn -0.3412 -0.0192 -0.9398
vn 0.2416 0.0045 -0.9704
vn 0.6255 0.0213 -0.7799
vn 0.7449 0.0268 -0.6666
vn 0.8757 0.0333 -0.4816
vn 0.9159 0.2365 -0.3242
vn 0.2336 0.0582 -0.9706
vn -0.1919 -0.3591 -0.9133
vn 0.2057 0.126 -0.9705
vn 0.2051 0.136 -0.9692
vn 0.6673 0.335 -0.6651
vn 0.8462 0.4243 -0.3225
vn 0.8884 0.4451 -0.1125
vn 0.5861 0.4695 -0.6603
vn 0.7777 0.6188 -0.1108
vn -0.5422 0.8344 0.0988
vn -0.682 0.7218 -0.1178
vn 0.4944 0.3873 -0.7782
vn 0.148 0.1888 -0.9708
vn 0.1508 0.2015 -0.9678
vn 0.4821 0.5828 -0.6542
vn 0.5646 0.679 -0.4692
vn 0.6379 0.7625 -0.1083
vn -0.2355 -0.2346 -0.9431
vn 0.4224 0.7797 -0.4622
vn -0.166 -0.2834 -0.9445
vn 0.1108 0.2218 -0.9688
vn 0.1146 0.2286 -0.9668
vn 0.3041 0.57 -0.7633
vn 0.0666 0.2443 -0.9674
vn 0.069 0.2521 -0.9652
vn 0.1915 0.624 -0.7576
vn 0.2677 0.8491 -0.4554
vn -0.1113 -0.3095 -0.9444
vn -0.0542 -0.323 -0.9449
vn 0.0193 0.2576 -0.9661
vn 0.0204 0.2655 -0.9639
vn 0.0727 0.6544 -0.7526
vn -0.0531 0.7745 -0.6303
vn 0.0043 -0.3263 -0.9452
vn -0.2167 0.1929 -0.957
vn -0.3641 0.3389 -0.8675
vn 0.092 -0.1102 -0.9896
vn 0.0989 0.0837 -0.9916
vn -0.2304 -0.178 -0.9567
vn -0.3891 -0.3045 -0.8694
vn 0.0596 -0.0784 -0.9951
vn 0.0552 -0.0743 -0.9957
vn 0.3388 -0.3496 -0.8735
vn 0.0643 0.0569 -0.9963
vn 0.3636 0.2937 -0.884
vn -0.4957 0.7798 -0.3824
vn 0.6363 0.6786 -0.3669
vn -0.4301 0.8564 -0.2856
vn -0.5816 -0.8109 -0.0644
vn -0.7359 -0.5563 -0.3859
vn -0.6088 0.7897 0.0761
vn 0.6875 -0.7165 0.1184
vn -0.4861 -0.8723 0.0523
vn -0.6024 -0.7948 0.0734
vn 0.672 -0.7267 -0.1421
vn -0.77 -0.637 0.036
vn 0.3834 0.7925 -0.4742
vn 0.5585 -0.8286 0.0387
vn 0.3927 -0.8539 -0.3416
vn -0.0788 0.2613 -0.962
vn -0.168 0.643 -0.7472
vn -0.1929 0.7537 -0.6283
vn 0.0622 -0.3188 -0.9458
vn -0.0769 0.2535 -0.9643
vn 0.1178 -0.2999 -0.9467
vn -0.1224 0.2365 -0.9639
vn -0.1257 0.244 -0.9616
vn -0.4078 0.9086 -0.0902
vn -0.5161 0.7329 -0.4432
vn 0.1694 -0.272 -0.9473
vn -0.5134 -0.8313 -0.2131
vn -0.5092 0.4246 -0.7486
vn -0.6867 0.6664 -0.2906
vn 0.5167 0.4868 -0.7044
vn -0.8026 0.5201 -0.292
vn -0.8346 0.5442 -0.0856
vn 0.2602 -0.1758 -0.9494
vn -0.534 0.3644 -0.7629
vn -0.7166 0.2763 -0.6404
vn -0.8312 0.324 -0.4519
vn 0.2872 -0.1253 -0.9497
vn -0.249 0.0872 -0.9646
vn -0.9422 0.1591 -0.295
vn -0.8787 0.1468 -0.4543
vn -0.8894 -0.039 -0.4556
vn -0.9545 -0.0408 -0.2953
vn -0.9957 -0.0414 -0.0827
vn -0.2623 -0.016 -0.9648
vn -0.9648 -0.25 -0.0817
vn 0.313 0.0789 -0.9465
vn -0.628 -0.1646 -0.7606
vn -0.862 -0.2243 -0.4546
vn -0.5697 -0.3025 -0.7642
vn -0.7976 -0.3991 -0.4522
vn -0.8912 -0.4464 -0.0809
vn 0.3072 0.1012 -0.9462
vn -0.2141 -0.1476 -0.9656
vn -0.688 0.6741 0.2688
vn -0.4794 0.7799 -0.4025
vn 0.7109 0.6712 -0.2101
vn -0.5442 -0.3838 -0.7461
vn -0.6049 -0.4774 -0.6373
vn -0.7008 -0.5546 -0.4486
vn -0.7499 -0.5946 -0.2899
vn -0.4224 -0.5161 -0.7452
vn -0.5778 -0.6847 -0.4443
vn -0.6168 -0.7329 -0.287
vn 0.2211 0.2745 -0.9358
vn -0.1888 -0.1964 -0.9622
vn 0.1671 0.3234 -0.9314
vn -0.4356 -0.7853 -0.44
vn -0.4634 -0.8392 -0.2846
vn 0.1038 0.3587 -0.9277
vn -0.0948 -0.2567 -0.9618
vn -0.2134 -0.6334 -0.7438
vn -0.0475 -0.27 -0.9617
vn -0.0483 -0.2774 -0.9595
vn -0.1191 -0.8923 -0.4355
vn 0.0354 0.3794 -0.9245
vn -0.0353 0.3837 -0.9228
vn 0.0011 -0.2729 -0.962
vn 0.0015 -0.2804 -0.9599
vn 0.0349 -0.7822 -0.622
vn 0.1747 -0.7615 -0.6242
vn -0.1053 0.3725 -0.922
vn 0.0946 -0.2486 -0.964
vn 0.2604 -0.6111 -0.7475
vn 0.134 -0.2414 -0.9611
vn 0.3889 -0.5003 -0.7736
vn 0.4319 -0.6406 -0.6349
vn 0.5032 -0.7384 -0.4491
vn 0.5658 -0.8191 -0.0947
vn -0.1607 0.3531 -0.9217
vn 0.1057 -0.2438 -0.9641
vn 0.71 -0.6972 -0.0988
vn -0.7465 -0.6553 -0.115
vn 0.733 -0.6794 -0.0346
vn 0.4129 -0.909 -0.0561
vn 0.4426 -0.4148 -0.795
vn 0.5412 -0.5428 -0.6422
vn 0.6312 -0.6272 -0.4563
vn 0.4773 -0.3955 -0.7847
vn 0.7938 -0.5238 -0.3089
vn -0.2971 0.2312 -0.9264
vn 0.1957 -0.1518 -0.9688
vn 0.9239 -0.3673 -0.1067
vn -0.3354 0.1219 -0.9341
vn 0.2209 -0.0988 -0.9703
vn 0.5877 -0.2421 -0.772
vn 0.6979 -0.2844 -0.6574
vn 0.8176 -0.3296 -0.472
vn 0.6194 -0.113 -0.7769
vn 0.7367 -0.1321 -0.6632
vn 0.865 -0.1526 -0.478
vn 0.9332 -0.163 -0.3204
vn 0.9795 -0.1691 -0.1098
vn -0.345 0.0509 -0.9372
vn 0.2395 -0.0495 -0.9696
vn 0.9929 0.0402 -0.112
vn -0.3413 -0.0195 -0.9398
vn 0.8758 0.0333 -0.4815
vn 0.9455 0.037 -0.3236
vn 0.7214 0.1852 -0.6672
vn 0.9159 0.2364 -0.3243
vn 0.962 0.2489 -0.1127
vn 0.6057 0.155 -0.7804
vn 0.2056 0.126 -0.9705
vn 0.5447 0.2951 -0.785
vn 0.8884 0.4451 -0.1122
vn 0.6875 0.5491 -0.4753
vn 0.741 0.5908 -0.3191
vn 0.4943 0.3874 -0.7782
vn 0.1507 0.2015 -0.9678
vn 0.4103 0.4828 -0.7737
vn 0.4822 0.5828 -0.6541
vn 0.6378 0.7625 -0.1081
vn -0.2353 -0.2346 -0.9432
vn 0.4225 0.7798 -0.462
vn 0.1109 0.2218 -0.9688
vn 0.1147 0.2286 -0.9667
vn 0.3041 0.5701 -0.7632
vn 0.2282 0.7335 -0.6403
vn 0.2678 0.8491 -0.4553
vn 0.3039 0.9473 -0.1017
vn -0.1114 -0.309 -0.9445
vn -0.0541 -0.3234 -0.9447
vn 0.0194 0.2577 -0.966
vn 0.0726 0.6545 -0.7526
vn 0.0886 0.7678 -0.6345
vn -0.0484 0.6607 -0.7491
vn 0.092 -0.1104 -0.9896
vn 0.0986 0.0837 -0.9916
vn -0.2303 -0.1779 -0.9567
vn 0.3389 -0.3496 -0.8735
vn 0.0642 0.0564 -0.9963
vn 0.0596 0.0526 -0.9968
vn 0.3636 0.2939 -0.884
vn -0.4957 0.7799 -0.382
vn 0.6363 0.6784 -0.3673
vn -0.4302 0.8565 -0.2851
vn -0.5816 -0.8109 -0.0646
vn 0.6875 -0.7164 0.1189
vn 0.8325 0.5534 0.0273
vn -0.6025 -0.7948 0.0734
vn 0.6721 -0.7266 -0.1427
vn -0.7699 -0.6371 0.0355
vn 0.3833 0.7924 -0.4745
vn 0.3926 -0.8539 -0.3416
vn 0.6552 0.7554 -0.0073
vn 0.0887 0.264 0.9604
vn 0.1922 0.6407 0.7433
vn 0.2213 0.7497 0.6237
vn 0.2508 0.8635 0.4375
vn 0.2649 0.9212 0.2851
vn 0.2725 0.9582 0.0867
vn -0.0739 -0.3101 0.9478
vn 0.0866 0.2564 0.9627
vn -0.1292 -0.2898 0.9483
vn 0.1314 0.2376 0.9624
vn 0.1349 0.2448 0.9601
vn 0.3047 0.5953 0.7435
vn 0.3532 0.6972 0.6238
vn 0.4031 0.8039 0.4373
vn 0.4276 0.8581 0.2842
vn 0.4419 0.893 0.0847
vn 0.4741 0.6193 0.6259
vn 0.5435 0.7155 0.4389
vn 0.5781 0.7647 0.2847
vn 0.599 0.7964 0.0833
vn -0.1793 -0.2591 0.949
vn 0.1576 0.2184 0.9631
vn 0.1621 0.2276 0.9602
vn 0.404 0.5343 0.7425
vn 0.4816 -0.8487 0.2187
vn -0.5088 0.8386 -0.1944
vn 0.5251 0.4095 0.746
vn 0.5796 0.5174 0.6295
vn 0.6673 0.5995 0.442
vn 0.7115 0.6417 0.2864
vn 0.7386 0.6691 0.0826
vn -0.4979 0.5103 0.7013
vn 0.7689 0.458 0.4461
vn 0.8217 0.4912 0.2889
vn 0.8545 0.5128 0.0824
vn -0.2666 -0.1601 0.9504
vn 0.2501 0.1086 0.9621
vn 0.2355 0.1684 0.9572
vn 0.5475 0.3487 0.7607
vn 0.6654 0.394 0.634
vn 0.2593 0.0861 0.962
vn 0.6183 0.214 0.7563
vn 0.7267 0.253 0.6387
vn 0.8428 0.295 0.4503
vn 0.9025 0.3169 0.2916
vn 0.9399 0.3313 0.0823
vn -0.2917 -0.1084 0.9503
vn 0.2522 0.0835 0.9641
vn 0.9476 0.1252 0.294
vn 0.9879 0.131 0.0825
vn -0.3101 -0.0439 0.9497
vn 0.2617 0.0324 0.9646
vn 0.269 0.0334 0.9626
vn 0.645 0.0838 0.7595
vn 0.7599 0.0994 0.6423
vn 0.8835 0.1163 0.4537
vn 0.2689 -0.0207 0.9629
vn 0.6464 -0.0506 0.7613
vn 0.7622 -0.0599 0.6446
vn 0.8874 -0.0699 0.4557
vn 0.9523 -0.075 0.2959
vn 0.9935 -0.0784 0.083
vn -0.3164 0.0257 0.9483
vn 0.2617 -0.0202 0.965
vn 0.9152 -0.2733 0.2962
vn 0.9546 -0.2858 0.0834
vn -0.3099 0.0963 0.9459
vn 0.252 -0.072 0.965
vn 0.2589 -0.0741 0.9631
vn 0.6215 -0.1835 0.7616
vn 0.7327 -0.2172 0.6449
vn 0.8529 -0.254 0.4562
vn 0.5579 -0.3192 0.7661
vn 0.6729 -0.3649 0.6435
vn 0.782 -0.4262 0.4548
vn 0.8383 -0.4583 0.2953
vn 0.8736 -0.4793 0.0839
vn -0.3032 0.1192 0.9454
vn 0.2083 -0.1496 0.9666
vn 0.2439 -0.101 0.9645
vn 0.7565 -0.6485 0.0842
vn 0.7129 0.6459 -0.2729
vn 0.5091 0.764 0.3965
vn -0.6849 0.6988 0.2063
vn 0.5295 -0.3996 0.7483
vn 0.5865 -0.496 0.6403
vn 0.6794 -0.5781 0.4519
vn 0.727 -0.6207 0.2938
vn 0.4025 -0.5271 0.7484
vn 0.4782 -0.6054 0.6362
vn 0.5515 -0.7034 0.4484
vn 0.5886 -0.754 0.2917
vn 0.6112 -0.7869 0.0849
vn -0.2101 0.288 0.9343
vn 0.1812 -0.1976 0.9634
vn 0.1499 -0.2113 0.9659
vn 0.4466 -0.8906 0.0858
vn -0.1544 0.3349 0.9295
vn 0.1302 -0.2331 0.9637
vn 0.1336 -0.2399 0.9616
vn 0.304 -0.5866 0.7506
vn 0.3537 -0.6895 0.6321
vn 0.4056 -0.7985 0.4449
vn 0.4314 -0.8544 0.2896
vn 0.2185 -0.7463 0.6287
vn 0.2482 -0.8618 0.4423
vn 0.2626 -0.9208 0.2883
vn 0.2704 -0.9588 0.087
vn -0.0904 0.3688 0.9251
vn 0.0851 -0.2543 0.9634
vn 0.0871 -0.2614 0.9613
vn 0.1893 -0.6363 0.7479
vn 0.0373 -0.2655 0.9634
vn 0.0379 -0.2732 0.9612
vn 0.0693 -0.6622 0.7461
vn 0.0776 -0.7753 0.6269
vn 0.0853 -0.8935 0.4408
vn 0.0885 -0.9535 0.288
vn 0.089 -0.9921 0.0887
vn -0.0209 0.3861 0.9222
vn -0.0782 -0.894 0.4412
vn -0.086 -0.9534 0.289
vn -0.0925 -0.9916 0.0908
vn 0.0501 0.3884 0.9201
vn -0.0113 -0.2666 0.9637
vn -0.012 -0.2744 0.9616
vn -0.052 -0.664 0.7459
vn -0.0644 -0.7764 0.6269
vn -0.0589 -0.2579 0.9644
vn -0.061 -0.2651 0.9623
vn -0.1707 -0.6415 0.7479
vn -0.2033 -0.7504 0.6289
vn -0.2381 -0.864 0.4436
vn -0.2566 -0.9215 0.2916
vn -0.2699 -0.9583 0.0934
vn 0.1191 0.3736 0.9199
vn -0.3904 -0.8044 0.4478
vn -0.4193 -0.8585 0.2954
vn -0.4393 -0.8932 0.0964
vn 0.1835 0.3443 0.9207
vn -0.1038 -0.2391 0.9654
vn -0.1072 -0.2459 0.9634
vn -0.2832 -0.5963 0.7512
vn -0.3352 -0.6981 0.6327
vn -0.143 -0.2303 0.9626
vn -0.4074 -0.4804 0.7767
vn -0.4558 -0.62 0.6387
vn -0.5306 -0.7161 0.4535
vn -0.5697 -0.765 0.3003
vn -0.5963 -0.7965 0.0997
vn 0.1741 0.3512 0.92
vn -0.1146 -0.2337 0.9655
vn -0.703 -0.6421 0.306
vn -0.7359 -0.6692 0.1029
vn 0.7213 -0.6824 0.1184
vn -0.7582 -0.6509 0.0388
vn -0.4471 -0.8923 0.0632
vn -0.458 -0.393 0.7974
vn -0.5612 -0.5181 0.6455
vn -0.6543 -0.6 0.4603
vn -0.2092 -0.1706 0.9629
vn -0.4919 -0.3724 0.787
vn -0.6468 -0.3948 0.6526
vn -0.7558 -0.4586 0.4675
vn -0.8131 -0.4916 0.3119
vn -0.8518 -0.513 0.106
vn 0.3062 0.2255 0.9249
vn -0.2013 -0.1382 0.9697
vn -0.8938 -0.3173 0.317
vn -0.9372 -0.3315 0.109
vn 0.3399 0.1146 0.9334
vn -0.2243 -0.0847 0.9708
vn -0.2314 -0.0872 0.9689
vn -0.5963 -0.2149 0.7735
vn -0.708 -0.2537 0.659
vn -0.8295 -0.2954 0.4739
vn -0.623 -0.0847 0.7776
vn -0.7411 -0.1002 0.6638
vn -0.8701 -0.1169 0.4789
vn -0.9387 -0.1255 0.3211
vn -0.9851 -0.1311 0.1108
vn 0.3467 0.0438 0.9369
vn -0.2338 -0.0335 0.9717
vn -0.2412 -0.0345 0.9699
vn -0.9907 0.0783 0.1116
vn 0.3405 -0.0263 0.9399
vn -0.2336 0.019 0.9721
vn -0.2412 0.0196 0.9703
vn -0.6242 0.0498 0.7797
vn -0.7433 0.0592 0.6663
vn -0.8738 0.0694 0.4813
vn -0.9434 0.0748 0.3231
vn -0.7138 0.2164 0.6661
vn -0.8394 0.2534 0.4809
vn -0.9063 0.2729 0.3228
vn -0.9518 0.2857 0.1112
vn 0.3216 -0.0928 0.9423
vn -0.2239 0.0708 0.972
vn -0.2312 0.0729 0.9702
vn -0.5993 0.1825 0.7794
vn 0.1783 -0.3606 0.9155
vn -0.2007 0.1395 0.9697
vn -0.1996 0.1496 0.9684
vn -0.533 0.3203 0.7831
vn -0.6542 0.3641 0.6629
vn -0.7687 0.4256 0.4774
vn -0.8294 0.4578 0.3201
vn -0.8709 0.4792 0.1096
vn -0.5678 0.4953 0.6575
vn -0.6661 0.5775 0.472
vn -0.7182 0.6203 0.3153
vn -0.7538 0.6484 0.1068
vn 0.5734 0.8127 -0.104
vn 0.7088 0.6964 0.1128
vn -0.6808 -0.7056 -0.1968
vn -0.4792 0.4105 0.7758
vn -0.1407 0.2004 0.9696
vn -0.1428 0.2129 0.9666
vn -0.3918 0.5028 0.7705
vn -0.4598 0.6047 0.6503
vn -0.5384 0.7028 0.465
vn -0.58 0.7536 0.3093
vn -0.6085 0.7868 0.1035
vn 0.2263 -0.2373 0.9447
vn -0.3926 0.7979 0.4574
vn -0.4228 0.8541 0.3029
vn -0.4439 0.8905 0.0997
vn 0.1554 -0.2839 0.9462
vn -0.1023 0.2317 0.9674
vn -0.1058 0.2387 0.9653
vn -0.2822 0.5856 0.7599
vn -0.3354 0.6887 0.6428
vn -0.0572 0.2526 0.9659
vn -0.0594 0.2603 0.9637
vn -0.1677 0.6355 0.7536
vn -0.2002 0.7455 0.6357
vn -0.2354 0.8614 0.4501
vn -0.2542 0.9205 0.2968
vn -0.2677 0.9587 0.0959
vn 0.0997 -0.3074 0.9463
vn -0.0726 0.893 0.4442
vn -0.0801 0.9532 0.2916
vn -0.0864 0.992 0.0924
vn 0.0419 -0.3194 0.9467
vn -0.0095 0.264 0.9645
vn -0.0102 0.272 0.9622
vn -0.0477 0.6613 0.7486
vn -0.0595 0.7744 0.6298
vn 0.0398 0.2732 0.9611
vn 0.0735 0.663 0.745
vn 0.0825 0.7758 0.6256
vn 0.0909 0.8935 0.4399
vn 0.0943 0.9531 0.2876
vn 0.0951 0.9915 0.0893
vn -0.0167 -0.3208 0.947
vn -0.0144 0.0006 -0.9999
vn 0.0391 0.2652 0.9634
vn 0.2241 0.1903 0.9558
vn 0.3769 0.3301 0.8654
vn -0.0961 -0.1008 0.9903
vn -0.0954 0.0937 0.991
vn 0.2236 -0.1807 0.9578
vn 0.3774 -0.3139 0.8712
vn -0.0625 -0.0702 0.9956
vn -0.058 -0.0661 0.9961
vn -0.3517 -0.3311 0.8756
vn -0.0619 0.0649 0.996
vn -0.0575 0.0611 0.9965
vn -0.3521 0.3128 0.8822
vn 0.5249 0.7628 0.3776
vn -0.6102 0.7044 0.3627
vn 0.4622 0.8413 0.2804
vn 0.5504 -0.832 0.0698
vn 0.7144 -0.5813 0.3895
vn 0.6382 0.7657 -0.0805
vn -0.7141 -0.6906 -0.1146
vn -0.8108 0.5845 -0.0307
vn 0.4528 -0.8904 -0.0464
vn 0.5719 -0.8175 -0.0684
vn -0.699 -0.6998 0.1472
vn 0.7453 -0.6659 -0.0317
vn -0.353 0.8092 0.4697
vn -0.5894 -0.8071 -0.0338
vn -0.4245 -0.8363 0.347
vn -0.6261 0.7797 0.0029
vn 0.0887 0.2641 0.9604
vn 0.1922 0.6408 0.7433
vn 0.2213 0.7498 0.6236
vn 0.2508 0.8635 0.4376
vn -0.074 -0.3104 0.9477
vn 0.0865 0.2563 0.9627
vn -0.1291 -0.2898 0.9483
vn 0.1315 0.2376 0.9624
vn 0.4419 0.8931 0.0847
vn 0.4741 0.6192 0.626
vn 0.5436 0.7155 0.4389
vn 0.5781 0.7646 0.2848
vn -0.1792 -0.2598 0.9489
vn 0.1575 0.2183 0.9631
vn 0.1622 0.2275 0.9602
vn 0.4041 0.5344 0.7424
vn 0.4817 -0.8487 0.2182
vn -0.5089 0.8387 -0.1937
vn 0.525 0.4095 0.7461
vn 0.5797 0.5174 0.6295
vn 0.7115 0.6417 0.2865
vn 0.7386 0.6691 0.0825
vn -0.4977 0.5102 0.7014
vn 0.769 0.4581 0.4459
vn 0.8217 0.4911 0.2891
vn 0.8546 0.5128 0.0822
vn -0.2668 -0.1608 0.9502
vn 0.6653 0.394 0.6342
vn 0.2592 0.086 0.962
vn 0.7268 0.253 0.6386
vn 0.8428 0.295 0.4502
vn 0.9024 0.317 0.2918
vn 0.9399 0.3314 0.0821
vn -0.2916 -0.1083 0.9504
vn 0.9475 0.1252 0.2941
vn 0.9879 0.1311 0.0824
vn -0.3101 -0.0436 0.9497
vn 0.2618 0.0324 0.9646
vn 0.269 0.0333 0.9626
vn 0.6451 0.0838 0.7595
vn 0.7599 0.0994 0.6424
vn 0.8836 0.1163 0.4537
vn 0.269 -0.0207 0.9629
vn 0.6464 -0.0507 0.7613
vn 0.7621 -0.0599 0.6447
vn 0.8874 -0.0698 0.4557
vn 0.9523 -0.0751 0.2958
vn 0.9935 -0.0785 0.083
vn -0.3164 0.0258 0.9483
vn 0.2617 -0.0202 0.9649
vn 0.9546 -0.2859 0.0834
vn -0.3098 0.0962 0.9459
vn 0.252 -0.0719 0.965
vn 0.259 -0.074 0.963
vn 0.6215 -0.1834 0.7617
vn 0.7327 -0.2173 0.645
vn 0.8529 -0.2541 0.4561
vn 0.558 -0.3192 0.766
vn 0.6729 -0.3648 0.6435
vn 0.8383 -0.4582 0.2953
vn 0.8737 -0.4792 0.0838
vn -0.3032 0.1184 0.9455
vn 0.2085 -0.1497 0.9665
vn 0.2438 -0.101 0.9646
vn 0.7564 -0.6486 0.0844
vn 0.713 0.646 -0.2726
vn 0.5084 0.7634 0.3985
vn 0.5294 -0.3997 0.7483
vn 0.5865 -0.4961 0.6403
vn 0.6794 -0.578 0.452
vn 0.7269 -0.6207 0.2937
vn 0.4024 -0.527 0.7485
vn 0.4783 -0.6054 0.6362
vn 0.5515 -0.7033 0.4485
vn 0.5886 -0.754 0.2916
vn 0.6113 -0.7869 0.0849
vn -0.2105 0.288 0.9342
vn 0.1813 -0.1977 0.9633
vn 0.1499 -0.2114 0.9658
vn -0.1543 0.3347 0.9296
vn 0.304 -0.5866 0.7507
vn 0.3537 -0.6894 0.6322
vn 0.4056 -0.7985 0.4448
vn 0.2184 -0.7464 0.6287
vn 0.2483 -0.8619 0.4422
vn 0.2704 -0.9588 0.0871
vn -0.0903 0.3689 0.9251
vn 0.0871 -0.2615 0.9613
vn 0.1892 -0.6364 0.7478
vn 0.0373 -0.2654 0.9634
vn 0.0379 -0.2731 0.9612
vn 0.0776 -0.7751 0.627
vn 0.0884 -0.9535 0.288
vn -0.0208 0.3856 0.9224
vn -0.0782 -0.894 0.4413
vn -0.086 -0.9534 0.2891
vn 0.05 0.3885 0.9201
vn -0.0113 -0.2668 0.9637
vn -0.0121 -0.2744 0.9615
vn -0.052 -0.6638 0.7461
vn -0.0644 -0.7766 0.6267
vn -0.0589 -0.2577 0.9644
vn -0.061 -0.2652 0.9623
vn -0.1707 -0.6418 0.7477
vn -0.2032 -0.7504 0.6289
vn -0.2381 -0.8641 0.4434
vn 0.1193 0.3738 0.9198
vn -0.3903 -0.8044 0.4478
vn -0.4192 -0.8585 0.2955
vn 0.1834 0.3447 0.9206
vn -0.1039 -0.2391 0.9654
vn -0.1072 -0.246 0.9633
vn -0.2832 -0.5962 0.7512
vn -0.4073 -0.4804 0.7767
vn -0.4558 -0.6199 0.6387
vn -0.5307 -0.7161 0.4534
vn -0.5697 -0.765 0.3005
vn -0.5964 -0.7965 0.0995
vn 0.1739 0.3512 0.92
vn -0.1146 -0.2336 0.9656
vn -0.7029 -0.642 0.3062
vn -0.7359 -0.6692 0.103
vn 0.7212 -0.6825 0.1184
vn -0.7582 -0.6509 0.0386
vn -0.447 -0.8923 0.0632
vn -0.458 -0.3929 0.7974
vn -0.5613 -0.5181 0.6454
vn -0.6543 -0.6 0.4602
vn -0.2091 -0.1706 0.9629
vn -0.4919 -0.3723 0.787
vn -0.6468 -0.3947 0.6525
vn -0.7558 -0.4585 0.4676
vn -0.813 -0.4916 0.312
vn -0.8518 -0.513 0.1062
vn 0.3058 0.2255 0.925
vn -0.2012 -0.1384 0.9697
vn -0.8937 -0.3173 0.3173
vn -0.9372 -0.3314 0.1088
vn 0.3399 0.1147 0.9334
vn -0.7081 -0.2537 0.659
vn -0.8295 -0.2955 0.4738
vn -0.741 -0.1001 0.664
vn -0.8702 -0.1169 0.4786
vn -0.9386 -0.1255 0.3213
vn -0.9851 -0.1312 0.1109
vn 0.3468 0.0437 0.9369
vn -0.2338 -0.0336 0.9717
vn 0.3404 -0.0263 0.9399
vn -0.2337 0.019 0.9721
vn -0.2411 0.0195 0.9703
vn -0.6243 0.0497 0.7796
vn -0.7432 0.0591 0.6664
vn -0.9434 0.0747 0.3231
vn -0.9518 0.2858 0.1111
vn 0.3216 -0.0931 0.9423
vn -0.2312 0.073 0.9702
vn -0.5993 0.1826 0.7794
vn 0.1781 -0.3602 0.9157
vn -0.533 0.3204 0.7831
vn -0.6541 0.3642 0.663
vn -0.7686 0.4257 0.4776
vn -0.8294 0.4579 0.3201
vn -0.8709 0.4791 0.1095
vn -0.5679 0.4953 0.6574
vn -0.6661 0.5774 0.4721
vn -0.7182 0.6204 0.3151
vn -0.7537 0.6485 0.1068
vn 0.5734 0.8126 -0.104
vn 0.7089 0.6963 0.1128
vn -0.6808 -0.7056 -0.1966
vn -0.4793 0.4105 0.7757
vn -0.3917 0.5027 0.7706
vn -0.4597 0.6047 0.6504
vn -0.5383 0.7028 0.4651
vn -0.58 0.7536 0.3092
vn -0.6085 0.7867 0.1034
vn -0.4439 0.8905 0.0996
vn 0.1551 -0.2837 0.9463
vn -0.2822 0.5857 0.7599
vn -0.3353 0.6887 0.6429
vn -0.0572 0.2527 0.9659
vn -0.0594 0.2604 0.9637
vn -0.1677 0.6355 0.7537
vn -0.2002 0.7456 0.6356
vn -0.2354 0.8614 0.4502
vn -0.2678 0.9587 0.0959
vn 0.0996 -0.3073 0.9464
vn -0.0726 0.893 0.4441
vn 0.042 -0.3198 0.9466
vn -0.0094 0.2638 0.9645
vn -0.0594 0.7744 0.6298
vn 0.0824 0.7757 0.6257
vn 0.0909 0.8934 0.4399
vn -0.0168 -0.3206 0.9471
vn 0.039 0.2652 0.9634
vn 0.3769 0.3302 0.8654
vn -0.096 -0.1006 0.9903
vn -0.0955 0.0937 0.991
vn 0.2235 -0.1807 0.9578
vn 0.3774 -0.3138 0.8713
vn -0.0623 -0.0701 0.9956
vn -0.0579 -0.0662 0.9961
vn -0.3518 -0.3313 0.8755
vn -0.062 0.0649 0.996
vn -0.0574 0.061 0.9965
vn -0.3522 0.3127 0.8821
vn 0.5249 0.7627 0.3779
vn -0.6103 0.7045 0.3622
vn 0.4622 0.8414 0.2801
vn 0.7144 -0.5812 0.3896
vn 0.6382 0.7656 -0.081
vn -0.714 -0.6906 -0.1152
vn -0.8108 0.5845 -0.031
vn 0.4528 -0.8904 -0.0467
vn 0.572 -0.8174 -0.0684
vn 0.7454 -0.6658 -0.0319
vn -0.3531 0.8094 0.4692
vn -0.5895 -0.807 -0.0335
vn -0.6262 0.7797 0.0027
vn -0.0741 -0.3105 0.9477
vn 0.0866 0.2565 0.9627
vn 0.135 0.2448 0.9601
vn 0.3047 0.5954 0.7434
vn 0.599 0.7964 0.0834
vn -0.1785 -0.2586 0.9494
vn 0.1575 0.2185 0.963
vn 0.1621 0.2275 0.9602
vn 0.4041 0.5343 0.7425
vn 0.4817 -0.8488 0.2181
vn -0.5089 0.8386 -0.1942
vn 0.5796 0.5173 0.6296
vn 0.6673 0.5995 0.4419
vn 0.7114 0.6416 0.2866
vn -0.498 0.5105 0.701
vn 0.8217 0.4912 0.2891
vn 0.8546 0.5128 0.082
vn -0.2653 -0.1601 0.9508
vn 0.2501 0.1085 0.9621
vn 0.2354 0.1684 0.9572
vn 0.5475 0.3488 0.7606
vn 0.6653 0.394 0.6341
vn 0.6183 0.214 0.7562
vn 0.7267 0.2529 0.6387
vn 0.8429 0.295 0.45
vn 0.9024 0.3169 0.2919
vn 0.9399 0.3313 0.0822
vn -0.292 -0.1084 0.9502
vn 0.2522 0.0836 0.9641
vn 0.9475 0.1252 0.2943
vn 0.9879 0.1311 0.0827
vn -0.31 -0.0435 0.9497
vn 0.6452 0.0838 0.7594
vn 0.7598 0.0994 0.6425
vn 0.8837 0.1163 0.4534
vn 0.6463 -0.0507 0.7614
vn 0.8873 -0.0698 0.4559
vn 0.9523 -0.075 0.2958
vn 0.9935 -0.0784 0.0829
vn -0.3163 0.0254 0.9483
vn 0.2617 -0.0201 0.9649
vn 0.9151 -0.2733 0.2964
vn 0.9546 -0.2859 0.0832
vn -0.3097 0.0965 0.9459
vn 0.2521 -0.072 0.965
vn 0.2589 -0.074 0.963
vn 0.6216 -0.1835 0.7616
vn 0.7326 -0.2172 0.645
vn 0.8529 -0.254 0.4561
vn 0.5579 -0.3191 0.7661
vn 0.673 -0.365 0.6433
vn 0.8383 -0.4583 0.2955
vn 0.8737 -0.4793 0.0837
vn -0.3037 0.1186 0.9454
vn 0.2084 -0.1496 0.9665
vn 0.713 0.646 -0.2728
vn 0.5085 0.7635 0.398
vn -0.6849 0.6987 0.2066
vn 0.5293 -0.3996 0.7484
vn 0.5865 -0.4961 0.6402
vn 0.6794 -0.578 0.4521
vn 0.4026 -0.5271 0.7484
vn 0.5516 -0.7034 0.4484
vn 0.6113 -0.7869 0.085
vn -0.2108 0.2886 0.9339
vn 0.1811 -0.1975 0.9634
vn 0.1499 -0.2113 0.9658
vn -0.1545 0.3352 0.9294
vn 0.1302 -0.2332 0.9637
vn 0.1335 -0.2399 0.9616
vn 0.3538 -0.6895 0.632
vn 0.4056 -0.7984 0.4449
vn 0.2184 -0.7462 0.6289
vn 0.2482 -0.8619 0.4422
vn 0.2626 -0.9209 0.2882
vn -0.0902 0.3679 0.9255
vn 0.085 -0.2541 0.9634
vn 0.1893 -0.6364 0.7478
vn 0.0373 -0.2656 0.9634
vn 0.0776 -0.7753 0.6268
vn 0.0884 -0.9535 0.2881
vn -0.0209 0.3866 0.922
vn 0.0501 0.3882 0.9202
vn -0.0113 -0.2667 0.9637
vn -0.012 -0.2744 0.9615
vn -0.052 -0.6639 0.746
vn -0.0644 -0.7765 0.6269
vn -0.059 -0.2578 0.9644
vn -0.1707 -0.6416 0.7478
vn -0.2033 -0.7505 0.6288
vn 0.1192 0.3742 0.9197
vn -0.3904 -0.8045 0.4477
vn -0.4192 -0.8585 0.2953
vn 0.1834 0.3441 0.9208
vn -0.3351 -0.6979 0.633
vn -0.1429 -0.2303 0.9626
vn -0.4559 -0.6201 0.6385
vn -0.5307 -0.716 0.4535
vn -0.5963 -0.7965 0.0996
vn 0.1743 0.3526 0.9194
vn -0.7029 -0.642 0.3061
vn 0.7213 -0.6826 0.1179
vn -0.447 -0.8922 0.0646
vn -0.4579 -0.3929 0.7975
vn -0.6468 -0.3947 0.6526
vn -0.7559 -0.4586 0.4673
vn -0.8131 -0.4916 0.312
vn -0.8518 -0.5129 0.1062
vn 0.306 0.2259 0.9248
vn -0.2013 -0.1384 0.9697
vn -0.9372 -0.3315 0.1088
vn 0.3399 0.1146 0.9335
vn -0.5962 -0.2149 0.7735
vn -0.8295 -0.2955 0.4739
vn -0.7412 -0.1001 0.6638
vn -0.8701 -0.1168 0.4789
vn -0.9387 -0.1255 0.3212
vn -0.9852 -0.1312 0.1106
vn -0.9907 0.0783 0.1115
vn -0.6242 0.0497 0.7797
vn -0.7433 0.059 0.6664
vn -0.8739 0.0693 0.4812
vn -0.7138 0.2164 0.666
vn -0.9063 0.2729 0.3227
vn -0.9518 0.2858 0.1113
vn -0.224 0.0708 0.972
vn -0.2311 0.0729 0.9702
vn -0.2006 0.1394 0.9697
vn -0.1997 0.1496 0.9684
vn -0.5329 0.3203 0.7832
vn -0.6541 0.3642 0.6629
vn -0.7686 0.4257 0.4775
vn -0.6661 0.5775 0.4719
vn -0.7181 0.6204 0.3153
vn 0.5734 0.8126 -0.1041
vn -0.6807 -0.7055 -0.1971
vn -0.4793 0.4105 0.7758
vn -0.1408 0.2004 0.9695
vn -0.1429 0.2129 0.9666
vn -0.4597 0.6046 0.6505
vn -0.5384 0.7028 0.4649
vn -0.6085 0.7867 0.1035
vn 0.2266 -0.2373 0.9446
vn -0.4228 0.8541 0.303
vn 0.1552 -0.2839 0.9462
vn -0.1022 0.2316 0.9674
vn -0.1058 0.2388 0.9653
vn -0.2822 0.5857 0.7598
vn -0.0573 0.2527 0.9659
vn -0.2354 0.8613 0.4502
vn -0.2677 0.9587 0.096
vn 0.0996 -0.3074 0.9463
vn 0.0419 -0.3191 0.9468
vn -0.0594 0.7745 0.6297
vn 0.0397 0.2732 0.9611
vn 0.0909 0.8935 0.4398
vn -0.0166 -0.3209 0.947
vn 0.039 0.2651 0.9634
vn -0.096 -0.1008 0.9903
vn -0.0624 -0.0702 0.9956
vn -0.0579 -0.0661 0.9961
vn -0.3517 -0.3312 0.8756
vn -0.3521 0.3127 0.8822
vn -0.6101 0.7043 0.3629
vn 0.5504 -0.832 0.0695
vn 0.7143 -0.5811 0.39
vn 0.6382 0.7656 -0.0806
vn -0.714 -0.6906 -0.1154
vn 0.572 -0.8174 -0.0682
vn 0.7454 -0.6658 -0.0317
vn -0.353 0.8092 0.4696
vn -0.5895 -0.807 -0.0339
vn -0.4246 -0.8364 0.3467
vn -0.6262 0.7797 0.0024
vn 0.1922 0.6408 0.7432
vn 0.2214 0.7498 0.6236
vn 0.2649 0.9211 0.2852
vn -0.0742 -0.3107 0.9476
vn 0.0865 0.2562 0.9627
vn -0.1289 -0.2899 0.9483
vn 0.1315 0.2377 0.9624
vn 0.4031 0.804 0.4372
vn 0.474 0.6192 0.626
vn -0.1791 -0.2584 0.9493
vn 0.4816 -0.8487 0.2183
vn -0.5088 0.8387 -0.1942
vn 0.5796 0.5174 0.6296
vn 0.7114 0.6417 0.2865
vn 0.7386 0.669 0.0826
vn -0.4979 0.5103 0.7012
vn 0.769 0.458 0.4459
vn 0.8218 0.4912 0.2889
vn -0.2657 -0.1605 0.9506
vn 0.2501 0.1084 0.9621
vn 0.5474 0.3487 0.7607
vn 0.6654 0.394 0.6341
vn 0.2592 0.0861 0.962
vn 0.6184 0.2139 0.7562
vn 0.8428 0.2951 0.4501
vn 0.9399 0.3314 0.0822
vn -0.2919 -0.1084 0.9503
vn 0.2521 0.0836 0.9641
vn 0.9475 0.1251 0.2942
vn -0.3101 -0.0435 0.9497
vn 0.6452 0.0839 0.7594
vn 0.8836 0.1162 0.4537
vn 0.269 -0.0208 0.9629
vn 0.8874 -0.0698 0.4556
vn -0.3165 0.0254 0.9483
vn 0.2616 -0.0202 0.965
vn 0.252 -0.072 0.9651
vn 0.259 -0.0741 0.963
vn 0.6729 -0.3649 0.6434
vn -0.3038 0.1188 0.9453
vn 0.7565 -0.6486 0.0844
vn 0.713 0.6461 -0.2724
vn 0.5087 0.7634 0.3981
vn 0.5294 -0.3995 0.7484
vn 0.5866 -0.4961 0.6402
vn 0.6794 -0.5781 0.452
vn 0.7269 -0.6208 0.2936
vn 0.4026 -0.5272 0.7483
vn 0.5516 -0.7033 0.4485
vn 0.5887 -0.754 0.2915
vn -0.2108 0.2886 0.934
vn 0.1811 -0.1976 0.9634
vn -0.1546 0.3353 0.9293
vn 0.1335 -0.2398 0.9616
vn 0.3039 -0.5865 0.7508
vn 0.3537 -0.6894 0.6321
vn 0.4056 -0.7985 0.445
vn 0.2184 -0.7463 0.6288
vn -0.09 0.3669 0.9259
vn 0.085 -0.2542 0.9634
vn 0.1893 -0.6365 0.7477
vn 0.0374 -0.2656 0.9634
vn 0.0692 -0.6622 0.7462
vn 0.0776 -0.7752 0.6269
vn -0.0208 0.3864 0.9221
vn 0.0501 0.3881 0.9202
vn -0.1708 -0.6417 0.7477
vn -0.2032 -0.7505 0.6289
vn -0.2381 -0.864 0.4435
vn -0.2566 -0.9215 0.2915
vn 0.1192 0.3741 0.9197
vn -0.3903 -0.8045 0.4478
vn -0.4192 -0.8585 0.2954
vn -0.4393 -0.8932 0.0963
vn 0.1834 0.3444 0.9207
vn -0.1038 -0.239 0.9655
vn -0.2831 -0.5961 0.7513
vn -0.3351 -0.698 0.6328
vn -0.5698 -0.765 0.3003
vn -0.5964 -0.7965 0.0996
vn 0.1742 0.3516 0.9198
vn -0.7359 -0.6693 0.1029
vn 0.7215 -0.6825 0.1168
vn -0.7582 -0.6509 0.0381
vn -0.4581 -0.393 0.7973
vn -0.5612 -0.5181 0.6454
vn -0.6468 -0.3948 0.6525
vn -0.813 -0.4915 0.3121
vn -0.8519 -0.5129 0.1059
vn 0.3059 0.2253 0.925
vn -0.2013 -0.1383 0.9697
vn -0.8937 -0.3172 0.3173
vn 0.3398 0.1149 0.9335
vn -0.6231 -0.0848 0.7776
vn -0.8702 -0.1168 0.4786
vn -0.9386 -0.1256 0.3212
vn -0.9851 -0.1313 0.111
vn 0.3466 0.0438 0.937
vn -0.9907 0.0785 0.1115
vn 0.3402 -0.0267 0.94
vn -0.2411 0.0196 0.9703
vn -0.6243 0.0498 0.7796
vn -0.8738 0.0693 0.4814
vn -0.9434 0.0748 0.323
vn -0.7138 0.2165 0.666
vn -0.8393 0.2535 0.481
vn -0.9063 0.2728 0.3227
vn -0.9519 0.2857 0.1111
vn -0.224 0.0707 0.972
vn 0.1779 -0.3602 0.9158
vn -0.2006 0.1395 0.9697
vn -0.6541 0.3641 0.663
vn -0.7685 0.4256 0.4777
vn -0.8294 0.4579 0.32
vn -0.8709 0.4792 0.1094
vn -0.666 0.5775 0.4722
vn -0.7181 0.6204 0.3152
vn -0.7537 0.6485 0.1067
vn 0.5734 0.8126 -0.1043
vn 0.7089 0.6963 0.1123
vn -0.1407 0.2003 0.9696
vn -0.1429 0.213 0.9666
vn -0.5385 0.7028 0.4649
vn -0.58 0.7536 0.3094
vn -0.4229 0.8541 0.3028
vn 0.1551 -0.2839 0.9462
vn -0.1023 0.2318 0.9674
vn -0.1057 0.2386 0.9653
vn -0.2822 0.5858 0.7598
vn -0.0594 0.2605 0.9637
vn -0.2542 0.9205 0.2969
vn 0.0995 -0.3067 0.9466
vn -0.0801 0.9532 0.2915
vn 0.0419 -0.3198 0.9466
vn -0.0594 0.7745 0.6298
vn 0.0397 0.2731 0.9612
vn 0.0735 0.6629 0.7451
vn -0.0166 -0.3205 0.9471
vn 0.0391 0.2653 0.9634
vn 0.3768 0.3301 0.8655
vn -0.0959 -0.1006 0.9903
vn 0.2234 -0.1806 0.9578
vn 0.3773 -0.3138 0.8713
vn -0.0623 -0.0702 0.9956
vn -0.3518 -0.3312 0.8756
vn -0.3521 0.3128 0.8821
vn 0.525 0.763 0.3772
vn 0.5504 -0.832 0.0696
vn 0.6382 0.7656 -0.0808
vn -0.714 -0.6906 -0.1149
vn -0.8108 0.5845 -0.0312
vn -0.3531 0.8094 0.4693
vn -0.4247 -0.8363 0.3467
vn -0.6262 0.7796 0.0026
vn -0.0942 0.1108 0.9894
vn 0.0101 0.9961 0.0872
vn -0.0079 0.964 0.2657
vn -0.0259 0.8985 0.4381
vn -0.0434 0.7996 0.599
vn -0.0598 0.6675 0.7422
vn -0.0743 0.5048 0.86
vn -0.086 0.3164 0.9447
vn -0.2687 0.3198 0.9086
vn -0.2854 0.1143 0.9516
vn -0.0074 0.9965 0.0837
vn -0.0598 0.965 0.2555
vn -0.111 0.9001 0.4212
vn -0.1596 0.8016 0.5761
vn -0.2036 0.6701 0.7138
vn -0.2408 0.5079 0.8271
vn -0.1913 0.9015 0.3881
vn -0.2691 0.8036 0.5308
vn -0.3391 0.6726 0.6578
vn -0.3976 0.5106 0.7624
vn -0.4409 0.3228 0.8375
vn -0.4656 0.1175 0.8772
vn -0.0238 0.9968 0.0769
vn -0.1087 0.9658 0.2353
vn -0.5958 0.3254 0.7342
vn -0.6278 0.1202 0.7691
vn -0.0385 0.997 0.0671
vn -0.1527 0.9666 0.206
vn -0.2635 0.9027 0.34
vn -0.3677 0.8053 0.4652
vn -0.461 0.6746 0.5766
vn -0.5388 0.513 0.6683
vn -0.4515 0.8066 0.3814
vn -0.5648 0.6763 0.473
vn -0.6589 0.5149 0.5484
vn -0.7277 0.3275 0.6026
vn -0.7658 0.1224 0.6314
vn -0.0512 0.9972 0.0546
vn -0.1902 0.9672 0.1685
vn -0.325 0.9037 0.2786
vn -0.8742 0.124 0.4694
vn -0.061 0.9973 0.0398
vn -0.2196 0.9676 0.1246
vn -0.3733 0.9044 0.2065
vn -0.5174 0.8076 0.2831
vn -0.6463 0.6774 0.3512
vn -0.7533 0.5162 0.4075
vn -0.8313 0.329 0.448
vn -0.7026 0.6781 0.2159
vn -0.8185 0.517 0.2507
vn -0.9028 0.3298 0.2759
vn -0.949 0.1248 0.2894
vn -0.0678 0.9974 0.0233
vn -0.24 0.9678 0.0757
vn -0.4066 0.9048 0.1263
vn -0.5629 0.8081 0.1737
vn -0.0713 0.9974 0.006
vn -0.2503 0.9679 0.0239
vn -0.4237 0.9049 0.0412
vn -0.5862 0.8082 0.0574
vn -0.7313 0.6782 0.0721
vn -0.8518 0.5171 0.0843
vn -0.9394 0.33 0.0933
vn -0.9873 0.125 0.0983
vn -0.7315 0.6777 -0.0744
vn -0.852 0.5166 -0.0854
vn -0.9396 0.3294 -0.093
vn -0.9875 0.1244 -0.0966
vn -0.0714 0.9974 -0.0119
vn -0.2504 0.9677 -0.0291
vn -0.4238 0.9046 -0.0456
vn -0.5863 0.8078 -0.061
vn -0.2402 0.9673 -0.081
vn -0.4069 0.904 -0.1309
vn -0.5633 0.807 -0.1772
vn -0.7031 0.6768 -0.2183
vn -0.8191 0.5155 -0.2518
vn -0.9035 0.3282 -0.2757
vn -0.9497 0.1231 -0.2879
vn -0.0679 0.9973 -0.0293
vn -0.7543 0.5138 -0.4087
vn -0.8324 0.3263 -0.4479
vn -0.8754 0.1211 -0.4681
vn -0.0611 0.9971 -0.0457
vn -0.22 0.9668 -0.1298
vn -0.3738 0.9032 -0.211
vn -0.5181 0.8058 -0.2866
vn -0.6472 0.6753 -0.3537
vn -0.1906 0.9661 -0.174
vn -0.3257 0.902 -0.2833
vn -0.4524 0.8043 -0.3853
vn -0.5659 0.6734 -0.4757
vn -0.6602 0.5116 -0.5499
vn -0.7292 0.3239 -0.6028
vn -0.7673 0.1186 -0.6302
vn -0.0513 0.9969 -0.0605
vn -0.5404 0.5089 -0.67
vn -0.5977 0.321 -0.7347
vn -0.6296 0.1156 -0.7682
vn -0.0387 0.9966 -0.073
vn -0.1533 0.9653 -0.2114
vn -0.2644 0.9007 -0.3448
vn -0.3688 0.8024 -0.4691
vn -0.4624 0.6711 -0.5795
vn -0.1923 0.8992 -0.3931
vn -0.2704 0.8004 -0.5351
vn -0.3407 0.6686 -0.661
vn -0.3994 0.506 -0.7645
vn -0.4429 0.3178 -0.8384
vn -0.4677 0.1122 -0.8767
vn -0.024 0.9963 -0.083
vn -0.1093 0.9644 -0.2409
vn -0.271 0.3143 -0.9098
vn -0.2877 0.1085 -0.9515
vn -0.0076 0.9959 -0.0897
vn -0.0604 0.9634 -0.2611
vn -0.1121 0.8976 -0.4264
vn -0.161 0.7982 -0.5805
vn -0.2053 0.6658 -0.7173
vn -0.2428 0.5028 -0.8296
vn -0.0449 0.7959 -0.6038
vn -0.0616 0.663 -0.7461
vn -0.0764 0.4996 -0.8629
vn -0.0884 0.3107 -0.9464
vn -0.0967 0.1048 -0.9898
vn 0.0098 0.9956 -0.0933
vn -0.0086 0.9624 -0.2716
vn -0.027 0.8959 -0.4435
vn 0.0982 0.1011 -0.99
vn 0.0276 0.9953 -0.0933
vn 0.0444 0.9614 -0.2716
vn 0.0598 0.8942 -0.4436
vn 0.0736 0.7936 -0.6039
vn 0.0849 0.6602 -0.7463
vn 0.0933 0.4964 -0.8631
vn 0.0979 0.3072 -0.9466
vn 0.1898 0.7916 -0.5809
vn 0.2287 0.6576 -0.7178
vn 0.2597 0.4933 -0.8302
vn 0.2805 0.3038 -0.9105
vn 0.2894 0.0976 -0.9522
vn 0.0451 0.9949 -0.0898
vn 0.0962 0.9604 -0.2614
vn 0.145 0.8927 -0.4267
vn 0.4696 0.0944 -0.8778
vn 0.0615 0.9947 -0.083
vn 0.1452 0.9596 -0.2411
vn 0.2252 0.8913 -0.3935
vn 0.2992 0.7896 -0.5357
vn 0.3642 0.6552 -0.6618
vn 0.4165 0.4905 -0.7654
vn 0.4527 0.3008 -0.8394
vn 0.4862 0.6532 -0.5805
vn 0.5577 0.4881 -0.6713
vn 0.6076 0.2982 -0.7361
vn 0.6318 0.0917 -0.7697
vn 0.0762 0.9944 -0.0733
vn 0.1892 0.9588 -0.2118
vn 0.2975 0.89 -0.3455
vn 0.3978 0.7879 -0.47
vn 0.0888 0.9942 -0.0606
vn 0.2267 0.9582 -0.1744
vn 0.3589 0.8891 -0.2841
vn 0.4817 0.7866 -0.3863
vn 0.5899 0.6515 -0.4771
vn 0.6779 0.4862 -0.5514
vn 0.7395 0.2961 -0.6045
vn 0.7698 0.0895 -0.632
vn 0.6715 0.6503 -0.3553
vn 0.7723 0.4849 -0.4104
vn 0.8431 0.2946 -0.4498
vn 0.8782 0.0879 -0.4701
vn 0.0987 0.9941 -0.0458
vn 0.2561 0.9578 -0.1305
vn 0.4072 0.8884 -0.2119
vn 0.5476 0.7856 -0.2879
vn 0.2764 0.9576 -0.0816
vn 0.4406 0.888 -0.1319
vn 0.593 0.7851 -0.1786
vn 0.7277 0.6497 -0.2199
vn 0.8374 0.4841 -0.2539
vn 0.9146 0.2938 -0.2779
vn 0.953 0.087 -0.2901
vn 0.1055 0.994 -0.0295
vn 0.8707 0.484 -0.0873
vn 0.9512 0.2936 -0.0952
vn 0.9913 0.0869 -0.0989
vn 0.109 0.994 -0.0121
vn 0.2868 0.9575 -0.0297
vn 0.4576 0.8879 -0.0467
vn 0.6163 0.7851 -0.0624
vn 0.7565 0.6496 -0.0762
vn 0.4577 0.8882 0.0401
vn 0.6164 0.7854 0.0561
vn 0.7567 0.65 0.0704
vn 0.8709 0.4845 0.0823
vn 0.9514 0.2942 0.0911
vn 0.9915 0.0876 0.096
vn 0.1091 0.994 0.0057
vn 0.2868 0.9577 0.0233
vn 0.9153 0.2954 0.2738
vn 0.9537 0.0888 0.2873
vn 0.1056 0.9941 0.0232
vn 0.2766 0.9581 0.0751
vn 0.4409 0.8888 0.1254
vn 0.5935 0.7862 0.1723
vn 0.7282 0.651 0.2142
vn 0.838 0.4856 0.2488
vn 0.4078 0.8896 0.2056
vn 0.5483 0.7874 0.2818
vn 0.6723 0.6524 0.3498
vn 0.7733 0.4874 0.4056
vn 0.8442 0.2973 0.446
vn 0.8794 0.0908 0.4673
vn 0.0988 0.9943 0.0396
vn 0.2564 0.9586 0.1241
vn 0.741 0.2997 0.601
vn 0.7713 0.0933 0.6296
vn 0.089 0.9945 0.0545
vn 0.2271 0.9593 0.168
vn 0.3596 0.8908 0.2778
vn 0.4826 0.7889 0.3803
vn 0.5911 0.6543 0.4717
vn 0.6792 0.4896 0.5468
vn 0.3989 0.7908 0.4642
vn 0.4875 0.6566 0.5755
vn 0.5594 0.4922 0.667
vn 0.6094 0.3026 0.7328
vn 0.6336 0.0963 0.7676
vn 0.0764 0.9948 0.0669
vn 0.1897 0.9601 0.2055
vn 0.2983 0.8921 0.3393
vn 0.4717 0.0997 0.8761
vn 0.0616 0.9951 0.0769
vn 0.1457 0.961 0.235
vn 0.2262 0.8936 0.3876
vn 0.3006 0.7928 0.5302
vn 0.3658 0.6592 0.657
vn 0.4184 0.4951 0.7615
vn 0.4547 0.3059 0.8365
vn 0.1912 0.795 0.5757
vn 0.2305 0.6619 0.7133
vn 0.2617 0.4983 0.8265
vn 0.2828 0.3094 0.9079
vn 0.2918 0.1034 0.9509
vn 0.0453 0.9955 0.0836
vn 0.0969 0.962 0.2553
vn 0.146 0.8953 0.4209
vn 0.1007 0.1071 0.9891
vn 0.0279 0.9958 0.0872
vn 0.045 0.963 0.2657
vn 0.0609 0.8969 0.438
vn 0.075 0.7973 0.5989
vn 0.0868 0.6647 0.742
vn 0.0953 0.5016 0.8598
vn 0.1002 0.3129 0.9445
vn 0.8569 0.5155 -0.0026
vn -0.8367 0.5476 -0.0006
vn -0.8569 -0.5155 0.0026
vn 0.8367 -0.5476 0.0006
vn -0.8367 0.5476 -0.0007
vn 0.8367 -0.5476 0.0007
vn -0.0968 0.0049 0.9953
vn -0.2891 0.0084 0.9573
vn -0.4702 0.0116 0.8825
vn -0.6333 0.0143 0.7738
vn -0.7721 0.0166 0.6353
vn -0.8812 0.0181 0.4725
vn -0.9564 0.019 0.2914
vn -0.9949 0.0191 0.0991
vn -0.9951 0.0185 -0.0969
vn -0.9571 0.0172 -0.2891
vn -0.8823 0.0153 -0.4704
vn -0.7737 0.0127 -0.6334
vn -0.6352 0.0097 -0.7723
vn -0.4724 0.0063 -0.8813
vn -0.2914 0.0026 -0.9566
vn -0.0992 -0.0012 -0.9951
vn 0.0968 -0.0049 -0.9953
vn 0.2891 -0.0084 -0.9573
vn 0.4702 -0.0116 -0.8825
vn 0.6333 -0.0143 -0.7737
vn 0.7721 -0.0166 -0.6353
vn 0.8812 -0.0181 -0.4724
vn 0.9564 -0.019 -0.2914
vn 0.9949 -0.0191 -0.0992
vn 0.9951 -0.0185 0.0969
vn 0.9571 -0.0172 0.2892
vn 0.8823 -0.0153 0.4704
vn 0.7737 -0.0127 0.6335
vn 0.6352 -0.0097 0.7723
vn 0.4724 -0.0063 0.8813
vn 0.2914 -0.0026 0.9566
vn 0.0992 0.0012 0.9951
vn 0.01 0.5791 -0.8152
vn 0.9999 -0.0058 0.0083
vn -0.0059 -0.2515 -0.9678
vn -0.9999 0.0058 -0.0083
vn 1 0.0074 -0.0012
vn 1 0.0073 -0.0012
vn -1 -0.0073 0.0013
vn -1 -0.0074 0.0013
vn 1 0.0073 -0.0013
vn -1 -0.0073 0.0012
vn 1 0.0074 -0.0013
vn -1 -0.0074 0.0012
vt 0.000000 0.000000
vt 1.000000 0.000000
vt 1.000000 1.000000
vt 0.000000 1.000000
vt 1.000000 0.704016
vt 0.968750 1.000000
vt 0.968750 0.704016
vt 0.937500 1.000000
vt 0.937500 0.704016
vt 0.906250 1.000000
vt 0.906250 0.704016
vt 0.875000 1.000000
vt 0.875000 0.704016
vt 0.843750 1.000000
vt 0.843750 0.704016
vt 0.812500 1.000000
vt 0.812500 0.704016
vt 0.781250 1.000000
vt 0.781250 0.704016
vt 0.750000 1.000000
vt 0.750000 0.704016
vt 0.718750 1.000000
vt 0.718750 0.704016
vt 0.687500 1.000000
vt 0.687500 0.704016
vt 0.656250 1.000000
vt 0.656250 0.704016
vt 0.625000 1.000000
vt 0.625000 0.704016
vt 0.593750 1.000000
vt 0.593750 0.704016
vt 0.562500 1.000000
vt 0.562500 0.704016
vt 0.531250 1.000000
vt 0.531250 0.704016
vt 0.500000 1.000000
vt 0.500000 0.704016
vt 0.468750 1.000000
vt 0.468750 0.704016
vt 0.437500 1.000000
vt 0.437500 0.704016
vt 0.406250 1.000000
vt 0.406250 0.704016
vt 0.375000 1.000000
vt 0.375000 0.704016
vt 0.343750 1.000000
vt 0.343750 0.704016
vt 0.312500 1.000000
vt 0.312500 0.704016
vt 0.281250 1.000000
vt 0.281250 0.704016
vt 0.250000 1.000000
vt 0.250000 0.704016
vt 0.218750 1.000000
vt 0.218750 0.704016
vt 0.187500 1.000000
vt 0.187500 0.704016
vt 0.156250 1.000000
vt 0.156250 0.704016
vt 0.125000 1.000000
vt 0.125000 0.704016
vt 0.093750 1.000000
vt 0.093750 0.704016
vt 0.062500 1.000000
vt 0.062500 0.704016
vt 0.276675 0.384106
vt 0.250000 0.386733
vt 0.031250 1.000000
vt 0.031250 0.704016
vt 0.000000 0.704016
vt 0.750000 0.433070
vt 0.785715 0.429552
vt 0.820058 0.419134
vt 0.851708 0.402217
vt 0.879450 0.379450
vt 0.902217 0.351708
vt 0.919134 0.320058
vt 0.929552 0.285715
vt 0.933070 0.250000
vt 0.929552 0.214285
vt 0.919134 0.179942
vt 0.902217 0.148292
vt 0.879450 0.120550
vt 0.851708 0.097783
vt 0.820058 0.080866
vt 0.785715 0.070448
vt 0.750000 0.066930
vt 0.714285 0.070448
vt 0.679942 0.080866
vt 0.648292 0.097783
vt 0.620550 0.120550
vt 0.597783 0.148292
vt 0.580866 0.179942
vt 0.570448 0.214285
vt 0.566930 0.250000
vt 0.570448 0.285715
vt 0.580866 0.320058
vt 0.597783 0.351708
vt 0.620550 0.379450
vt 0.648292 0.402217
vt 0.679942 0.419134
vt 0.714285 0.429552
vt 0.296822 0.485388
vt 0.250000 0.490000
vt 0.302326 0.376325
vt 0.341844 0.471731
vt 0.325965 0.363690
vt 0.383337 0.449553
vt 0.346685 0.346685
vt 0.419706 0.419706
vt 0.363690 0.325965
vt 0.449553 0.383337
vt 0.376325 0.302326
vt 0.471731 0.341844
vt 0.384106 0.276675
vt 0.485388 0.296822
vt 0.386733 0.250000
vt 0.490000 0.250000
vt 0.384106 0.223325
vt 0.485388 0.203178
vt 0.376325 0.197675
vt 0.471731 0.158156
vt 0.363689 0.174035
vt 0.449553 0.116663
vt 0.346685 0.153315
vt 0.419706 0.080294
vt 0.325965 0.136311
vt 0.383337 0.050447
vt 0.302326 0.123675
vt 0.341844 0.028269
vt 0.276675 0.115894
vt 0.296822 0.014612
vt 0.250000 0.113267
vt 0.250000 0.010000
vt 0.223325 0.115894
vt 0.203178 0.014612
vt 0.197675 0.123675
vt 0.158156 0.028269
vt 0.174035 0.136310
vt 0.116663 0.050447
vt 0.153315 0.153315
vt 0.080294 0.080294
vt 0.136311 0.174035
vt 0.050447 0.116663
vt 0.123675 0.197674
vt 0.028269 0.158156
vt 0.115894 0.223325
vt 0.014612 0.203178
vt 0.113267 0.250000
vt 0.010000 0.250000
vt 0.115894 0.276675
vt 0.014612 0.296822
vt 0.123675 0.302325
vt 0.028269 0.341844
vt 0.136311 0.325965
vt 0.050447 0.383337
vt 0.153315 0.346685
vt 0.080294 0.419706
vt 0.174035 0.363690
vt 0.116663 0.449553
vt 0.197674 0.376325
vt 0.158156 0.471731
vt 0.223325 0.384106
vt 0.203178 0.485388
vt 0.031250 0.500000
vt 0.031250 0.533634
vt 0.000000 0.533634
vt 0.000000 0.500000
vt 0.062500 0.500000
vt 0.062500 0.533634
vt 0.093750 0.500000
vt 0.093750 0.533634
vt 0.125000 0.500000
vt 0.125000 0.533634
vt 0.156250 0.500000
vt 0.156250 0.533634
vt 0.187500 0.500000
vt 0.187500 0.533634
vt 0.218750 0.500000
vt 0.218750 0.533634
vt 0.250000 0.500000
vt 0.250000 0.533634
vt 0.281250 0.500000
vt 0.281250 0.533634
vt 0.312500 0.500000
vt 0.312500 0.533634
vt 0.343750 0.500000
vt 0.343750 0.533634
vt 0.375000 0.500000
vt 0.375000 0.533634
vt 0.406250 0.500000
vt 0.406250 0.533634
vt 0.437500 0.500000
vt 0.437500 0.533634
vt 0.468750 0.500000
vt 0.468750 0.533634
vt 0.500000 0.500000
vt 0.500000 0.533634
vt 0.531250 0.500000
vt 0.531250 0.533634
vt 0.562500 0.500000
vt 0.562500 0.533634
vt 0.593750 0.500000
vt 0.593750 0.533634
vt 0.625000 0.500000
vt 0.625000 0.533634
vt 0.656250 0.500000
vt 0.656250 0.533634
vt 0.687500 0.500000
vt 0.687500 0.533634
vt 0.718750 0.500000
vt 0.718750 0.533634
vt 0.750000 0.500000
vt 0.750000 0.533634
vt 0.781250 0.500000
vt 0.781250 0.533634
vt 0.812500 0.500000
vt 0.812500 0.533634
vt 0.843750 0.500000
vt 0.843750 0.533634
vt 0.875000 0.500000
vt 0.875000 0.533634
vt 0.906250 0.500000
vt 0.906250 0.533634
vt 0.937500 0.500000
vt 0.937500 0.533634
vt 0.968750 0.500000
vt 0.968750 0.533634
vt 1.000000 0.500000
vt 1.000000 0.533634
vt 0.593750 0.570577
vt 0.562500 0.570577
vt 0.531250 0.570577
vt 0.500000 0.570577
vt 0.468750 0.570577
vt 0.437500 0.570577
vt 0.406250 0.570577
vt 0.343750 0.570577
vt 0.312500 0.570577
vt 0.281250 0.570577
vt 0.250000 0.570577
vt 0.218750 0.570577
vt 0.187500 0.570577
vt 0.031250 0.570577
vt 0.031250 0.600605
vt 0.000000 0.600605
vt 0.000000 0.570577
vt 0.062500 0.570577
vt 0.062500 0.600605
vt 0.093750 0.570577
vt 0.093750 0.600605
vt 0.125000 0.570577
vt 0.125000 0.600606
vt 0.156250 0.570577
vt 0.156250 0.600605
vt 0.187500 0.600606
vt 0.218750 0.600605
vt 0.250000 0.600605
vt 0.281250 0.600605
vt 0.312500 0.600605
vt 0.343750 0.600605
vt 0.375000 0.570577
vt 0.375000 0.600605
vt 0.406250 0.600605
vt 0.437500 0.600606
vt 0.468750 0.600605
vt 0.500000 0.600605
vt 0.531250 0.600605
vt 0.562500 0.600606
vt 0.593750 0.600606
vt 0.625000 0.570577
vt 0.625000 0.600605
vt 0.656250 0.570577
vt 0.656250 0.600606
vt 0.687500 0.570577
vt 0.687500 0.600605
vt 0.718750 0.570577
vt 0.718750 0.600605
vt 0.750000 0.570577
vt 0.750000 0.600605
vt 0.781250 0.570577
vt 0.781250 0.600606
vt 0.812500 0.570577
vt 0.812500 0.600606
vt 0.843750 0.570577
vt 0.843750 0.600606
vt 0.875000 0.570577
vt 0.875000 0.600605
vt 0.906250 0.570577
vt 0.906250 0.600606
vt 0.937500 0.570577
vt 0.937500 0.600606
vt 0.968750 0.570577
vt 0.968750 0.600605
vt 1.000000 0.570577
vt 1.000000 0.600605
vt 0.750000 0.490000
vt 0.796822 0.485388
vt 0.841844 0.471731
vt 0.883337 0.449553
vt 0.919706 0.419706
vt 0.949553 0.383337
vt 0.971731 0.341844
vt 0.985388 0.296822
vt 0.990000 0.250000
vt 0.985388 0.203178
vt 0.971731 0.158156
vt 0.949553 0.116663
vt 0.919706 0.080294
vt 0.883337 0.050447
vt 0.841844 0.028269
vt 0.796822 0.014612
vt 0.750000 0.010000
vt 0.703178 0.014612
vt 0.658156 0.028269
vt 0.616663 0.050447
vt 0.580294 0.080294
vt 0.550447 0.116663
vt 0.528269 0.158156
vt 0.514612 0.203178
vt 0.510000 0.250000
vt 0.514612 0.296822
vt 0.528269 0.341844
vt 0.550447 0.383337
vt 0.580294 0.419706
vt 0.616663 0.449553
vt 0.658156 0.471731
vt 0.703178 0.485388
vt 0.031250 0.627899
vt 1.000000 0.627899
vt 0.968750 0.627899
vt 0.937500 0.627899
vt 0.906250 0.627899
vt 0.875000 0.627899
vt 0.843750 0.627899
vt 0.812500 0.627899
vt 0.781250 0.627899
vt 0.750000 0.627899
vt 0.718750 0.627899
vt 0.687500 0.627899
vt 0.656250 0.627899
vt 0.625000 0.627899
vt 0.593750 0.627899
vt 0.562500 0.627899
vt 0.531250 0.627899
vt 0.500000 0.627899
vt 0.468750 0.627899
vt 0.437500 0.627899
vt 0.406250 0.627899
vt 0.375000 0.627899
vt 0.343750 0.627899
vt 0.312500 0.627899
vt 0.281250 0.627899
vt 0.250000 0.627899
vt 0.218750 0.627899
vt 0.187500 0.627899
vt 0.156250 0.627899
vt 0.125000 0.627899
vt 0.093750 0.627899
vt 0.062500 0.627899
vt 0.031250 0.665801
vt 0.000000 0.665801
vt 0.000000 0.627899
vt 0.062500 0.665801
vt 0.093750 0.665801
vt 0.125000 0.665801
vt 0.156250 0.665801
vt 0.187500 0.665801
vt 0.218750 0.665801
vt 0.250000 0.665801
vt 0.281250 0.665801
vt 0.312500 0.665801
vt 0.343750 0.665801
vt 0.375000 0.665801
vt 0.406250 0.665801
vt 0.437500 0.665801
vt 0.468750 0.665801
vt 0.500000 0.665801
vt 0.531250 0.665801
vt 0.562500 0.665801
vt 0.593750 0.665801
vt 0.625000 0.665801
vt 0.656250 0.665801
vt 0.687500 0.665801
vt 0.718750 0.665801
vt 0.750000 0.665801
vt 0.781250 0.665801
vt 0.812500 0.665801
vt 0.843750 0.665801
vt 0.875000 0.665801
vt 0.906250 0.665801
vt 0.937500 0.665801
vt 0.968750 0.665801
vt 1.000000 0.665801
vt 0.375000 0.000000
vt 0.375000 0.231404
vt 0.625000 0.231404
vt 0.625000 0.000000
vt 0.375000 0.750000
vt 0.625000 0.750000
vt 0.375000 0.223214
vt 0.401786 0.223214
vt 0.625000 0.223214
vt 0.375000 0.223581
vt 0.417508 0.223581
vt 0.625000 0.223581
vt 0.400065 0.223581
vt 0.382622 0.223581
vt 0.521757 0.223581
vt 0.402917 0.231404
vt 0.574757 0.223581
vt 0.625000 0.073874
vt 0.375000 0.073874
vt 0.381258 0.140810
vt 0.381258 0.155655
vt 0.625000 0.155655
vt 0.375000 0.140810
vt 0.381258 0.140810
vt 0.381258 0.155655
vt 0.381258 0.140810
vt 0.549363 0.428874
vt 0.427394 0.428874
vt 0.427394 0.419466
vt 0.549363 0.419466
vt 0.549363 0.415703
vt 0.427394 0.415703
vt 0.427394 0.406295
vt 0.549363 0.406295
vt 0.549363 0.402532
vt 0.427394 0.402532
vt 0.427394 0.393123
vt 0.549363 0.393124
vt 0.549363 0.389360
vt 0.427394 0.389360
vt 0.427394 0.379952
vt 0.549363 0.379952
vt 0.549363 0.376189
vt 0.427394 0.376189
vt 0.427394 0.366781
vt 0.549363 0.366781
vt 0.549363 0.363018
vt 0.427394 0.363017
vt 0.427394 0.353609
vt 0.549363 0.353609
vt 0.549363 0.349846
vt 0.427394 0.349846
vt 0.427394 0.340438
vt 0.549363 0.340438
vt 0.549363 0.336675
vt 0.427394 0.336675
vt 0.427394 0.327267
vt 0.549363 0.327267
vt 0.549363 0.323504
vt 0.427394 0.323503
vt 0.427394 0.314095
vt 0.549363 0.314095
vt 0.549363 0.310332
vt 0.427394 0.310332
vt 0.427394 0.300924
vt 0.549363 0.300924
vt 0.549363 0.297161
vt 0.427394 0.297161
vt 0.427394 0.287753
vt 0.549363 0.287753
vt 0.549363 0.283990
vt 0.427394 0.283990
vt 0.427394 0.272844
vt 0.572606 0.272844
vt 0.572606 0.477156
vt 0.427394 0.477156
vt 0.427394 0.472152
vt 0.549363 0.472151
vt 0.549363 0.468388
vt 0.427394 0.468388
vt 0.427394 0.458980
vt 0.549363 0.458980
vt 0.549363 0.455217
vt 0.427394 0.455217
vt 0.427394 0.445809
vt 0.549363 0.445809
vt 0.549363 0.442046
vt 0.427394 0.442046
vt 0.427394 0.432637
vt 0.549363 0.432637
vt 0.125000 0.750000
vt 0.419235 0.270143
vt 0.419235 0.479857
vt 0.375000 0.250000
vt 0.580765 0.270143
vt 0.580765 0.479857
vt 0.424263 0.472152
vt 0.424263 0.283990
vt 0.424263 0.287753
vt 0.424263 0.297161
vt 0.424263 0.300924
vt 0.424263 0.310332
vt 0.424263 0.314095
vt 0.424263 0.323503
vt 0.424263 0.327267
vt 0.424263 0.336675
vt 0.424263 0.340438
vt 0.424263 0.349846
vt 0.424263 0.353609
vt 0.424263 0.363017
vt 0.424263 0.366781
vt 0.424263 0.376189
vt 0.424263 0.379952
vt 0.424263 0.389360
vt 0.424263 0.393123
vt 0.424263 0.402532
vt 0.424263 0.406295
vt 0.424263 0.415703
vt 0.424263 0.419466
vt 0.424263 0.428874
vt 0.424263 0.432638
vt 0.424263 0.442046
vt 0.424263 0.445809
vt 0.424263 0.455217
vt 0.424263 0.458980
vt 0.424263 0.468388
vt 0.625000 0.594345
vt 0.875000 0.750000
vt 0.875000 0.594345
vt 0.125000 0.609190
vt 0.375000 0.609190
vt 0.381258 0.609190
vt 0.381257 0.594345
vt 0.381258 0.609190
vt 0.381258 0.594345
vt 0.381258 0.609190
vt 0.381258 0.594345
vt 0.625000 0.676126
vt 0.375000 0.676126
vt 0.453306 0.259404
vt 0.461627 0.265895
vt 0.506818 0.259404
vt 0.125000 0.676126
vt 0.875000 0.676126
vt 0.581357 0.250000
vt 0.596161 0.250414
vt 0.612345 0.255763
vt 0.619534 0.252489
vt 0.619678 0.252424
vt 0.618592 0.252918
vt 0.616382 0.253924
vt 0.641708 0.496852
vt 0.694408 0.479113
vt 0.608276 0.492385
vt 0.620172 0.497802
vt 0.617524 0.496596
vt 0.594843 0.500000
vt 0.581357 0.500000
vt 0.855126 0.750000
vt 0.855126 0.500000
vt 0.861268 0.500000
vt 0.861268 0.750000
vt 0.625000 0.250000
vt 0.607010 0.250000
vt 0.607010 0.000000
vt 0.594843 0.250000
vt 0.594843 0.000000
vt 0.581357 0.000000
vt 0.638327 0.756546
vt 0.624525 0.762294
vt 0.638732 0.500000
vt 0.618396 0.757334
vt 0.633192 0.500000
vt 0.607010 0.753398
vt 0.607010 0.500000
vt 0.594843 0.750871
vt 0.581357 0.750000
vt 0.492839 0.758548
vt 0.625000 0.980126
vt 0.622864 0.986268
vt 0.616665 0.991808
vt 0.607010 0.996204
vt 0.594843 0.999027
vt 0.505570 0.917235
vt 0.507056 0.848243
vt 0.426383 0.850391
vt 0.425987 0.918293
vt 0.429194 0.758810
vt 0.429823 0.787044
vt 0.480777 0.786023
vt 0.494505 0.785748
vt 0.442702 0.758754
vt 0.581357 1.000000
vt 0.596341 0.479174
vt 0.615205 0.485477
vt 0.615952 0.483238
vt 0.596793 0.476603
vt 0.597357 0.471699
vt 0.616881 0.478782
vt 0.617203 0.476109
vt 0.597551 0.468840
vt 0.597733 0.463502
vt 0.617538 0.471043
vt 0.617630 0.468128
vt 0.621497 0.461943
vt 0.621421 0.458868
vt 0.597911 0.449347
vt 0.597838 0.443701
vt 0.621241 0.453286
vt 0.621124 0.450165
vt 0.597784 0.440544
vt 0.597673 0.434833
vt 0.620894 0.444522
vt 0.620759 0.441377
vt 0.597607 0.431647
vt 0.597484 0.425895
vt 0.620513 0.435705
vt 0.620382 0.432553
vt 0.599853 0.423709
vt 0.597390 0.415818
vt 0.626954 0.428738
vt 0.626770 0.425563
vt 0.614503 0.420076
vt 0.612409 0.413496
vt 0.626437 0.419841
vt 0.626253 0.416661
vt 0.598042 0.403963
vt 0.599235 0.398721
vt 0.625921 0.410933
vt 0.625736 0.407749
vt 0.599898 0.395810
vt 0.601091 0.390569
vt 0.625405 0.402015
vt 0.625221 0.398829
vt 0.601754 0.387657
vt 0.603050 0.381963
vt 0.618678 0.389572
vt 0.618525 0.386378
vt 0.596799 0.375762
vt 0.596733 0.369932
vt 0.618253 0.380629
vt 0.618108 0.377435
vt 0.599108 0.367866
vt 0.596740 0.359113
vt 0.623791 0.372996
vt 0.623605 0.369809
vt 0.596708 0.355871
vt 0.596659 0.350031
vt 0.623269 0.364070
vt 0.623083 0.360882
vt 0.596637 0.346784
vt 0.596604 0.340936
vt 0.622747 0.355144
vt 0.622560 0.351956
vt 0.617306 0.349084
vt 0.625000 0.269874
vt 0.524735 0.265895
vt 0.375000 0.222070
vt 0.625000 0.222070
vt 0.375000 0.527930
vt 0.625000 0.527930
vt 0.125000 0.527930
vt 0.875000 0.527930
vt 0.375000 0.210017
vt 0.625000 0.210017
vt 0.625000 0.156956
vt 0.571939 0.156956
vt 0.586331 0.171348
vt 0.375000 0.156956
vt 0.375000 0.539983
vt 0.625000 0.539983
vt 0.375000 0.593044
vt 0.413669 0.578652
vt 0.428061 0.593044
vt 0.625000 0.593044
vt 0.125000 0.539983
vt 0.125000 0.593044
vt 0.875000 0.539983
vt 0.875000 0.593044
vt 0.625000 0.526786
vt 0.875000 0.526786
vt 0.375000 0.526786
vt 0.125000 0.526786
vt 0.614153 0.301943
vt 0.595563 0.290394
vt 0.595645 0.293597
vt 0.595787 0.299376
vt 0.595862 0.302592
vt 0.595995 0.308386
vt 0.596068 0.311607
vt 0.596196 0.317409
vt 0.596267 0.320633
vt 0.596394 0.326438
vt 0.596464 0.329663
vt 0.375000 0.526419
vt 0.625000 0.526419
vt 0.875000 0.526419
vt 0.125000 0.526419
vt 0.596590 0.337685
vt 0.616229 0.340814
vt 0.616062 0.337622
vt 0.615758 0.331878
vt 0.615590 0.328688
vt 0.615284 0.322948
vt 0.615114 0.319761
vt 0.614806 0.314027
vt 0.614635 0.310844
vt 0.614325 0.305120
vt 0.625000 0.518596
vt 0.875000 0.518596
vt 0.375000 0.518596
vt 0.596701 0.366690
vt 0.596840 0.378999
vt 0.597007 0.385399
vt 0.597040 0.388642
vt 0.597099 0.394479
vt 0.597132 0.397721
vt 0.597191 0.403558
vt 0.597224 0.406801
vt 0.597379 0.406874
vt 0.446067 0.518596
vt 0.125000 0.518596
vt 0.411278 0.526419
vt 0.393835 0.526419
vt 0.597325 0.412602
vt 0.505754 0.526419
vt 0.376392 0.526419
vt 0.597416 0.422690
vt 0.597934 0.452459
vt 0.597763 0.460452
vt 0.750000 0.812500
vt 0.750000 0.875000
vt 0.718750 0.875000
vt 0.718750 0.812500
vt 0.750000 0.750000
vt 0.718750 0.750000
vt 0.750000 0.687500
vt 0.718750 0.687500
vt 0.750000 0.625000
vt 0.718750 0.625000
vt 0.750000 0.562500
vt 0.718750 0.562500
vt 0.750000 0.937500
vt 0.734375 1.000000
vt 0.718750 0.937500
vt 0.703125 1.000000
vt 0.687500 0.937500
vt 0.687500 0.875000
vt 0.687500 0.812500
vt 0.687500 0.750000
vt 0.687500 0.687500
vt 0.687500 0.625000
vt 0.687500 0.562500
vt 0.656250 0.750000
vt 0.656250 0.687500
vt 0.656250 0.625000
vt 0.656250 0.562500
vt 0.671875 1.000000
vt 0.656250 0.937500
vt 0.656250 0.875000
vt 0.656250 0.812500
vt 0.125000 0.937500
vt 0.125000 0.875000
vt 0.156250 0.812500
vt 0.156250 0.875000
vt 0.625000 0.812500
vt 0.625000 0.687500
vt 0.625000 0.625000
vt 0.625000 0.562500
vt 0.609375 1.000000
vt 0.625000 0.937500
vt 0.593750 0.687500
vt 0.593750 0.625000
vt 0.593750 0.562500
vt 0.593750 0.937500
vt 0.625000 0.875000
vt 0.593750 0.875000
vt 0.593750 0.812500
vt 0.593750 0.750000
vt 0.562500 0.875000
vt 0.562500 0.812500
vt 0.562500 0.750000
vt 0.562500 0.687500
vt 0.562500 0.625000
vt 0.562500 0.562500
vt 0.578125 1.000000
vt 0.562500 0.937500
vt 0.531250 0.625000
vt 0.531250 0.562500
vt 0.546875 1.000000
vt 0.531250 0.937500
vt 0.531250 0.875000
vt 0.531250 0.812500
vt 0.531250 0.750000
vt 0.531250 0.687500
vt 0.500000 0.875000
vt 0.500000 0.812500
vt 0.500000 0.750000
vt 0.500000 0.687500
vt 0.500000 0.625000
vt 0.500000 0.562500
vt 0.500000 0.500000
vt 0.515625 1.000000
vt 0.500000 0.937500
vt 0.468750 0.625000
vt 0.468750 0.562500
vt 0.468750 0.500000
vt 0.484375 1.000000
vt 0.468750 0.937500
vt 0.468750 0.875000
vt 0.468750 0.812500
vt 0.468750 0.750000
vt 0.468750 0.687500
vt 0.437500 0.812500
vt 0.437500 0.750000
vt 0.437500 0.687500
vt 0.437500 0.625000
vt 0.437500 0.562500
vt 0.437500 0.500000
vt 0.453125 1.000000
vt 0.437500 0.937500
vt 0.437500 0.875000
vt 0.406250 0.562500
vt 0.406250 0.500000
vt 0.125000 0.812500
vt 0.390625 1.000000
vt 0.406250 0.937500
vt 0.156250 0.937500
vt 0.406250 0.812500
vt 0.406250 0.750000
vt 0.406250 0.687500
vt 0.406250 0.625000
vt 0.375000 0.812500
vt 0.375000 0.750000
vt 0.375000 0.687500
vt 0.375000 0.625000
vt 0.375000 0.562500
vt 0.375000 0.500000
vt 0.375000 0.937500
vt 0.406250 0.875000
vt 0.375000 0.875000
vt 0.343750 0.562500
vt 0.343750 0.500000
vt 0.359375 1.000000
vt 0.343750 0.937500
vt 0.343750 0.875000
vt 0.343750 0.812500
vt 0.343750 0.750000
vt 0.343750 0.687500
vt 0.343750 0.625000
vt 0.312500 0.750000
vt 0.312500 0.687500
vt 0.312500 0.625000
vt 0.312500 0.562500
vt 0.312500 0.500000
vt 0.328125 1.000000
vt 0.312500 0.937500
vt 0.312500 0.875000
vt 0.312500 0.812500
vt 0.281250 0.937500
vt 0.281250 0.875000
vt 0.281250 0.812500
vt 0.281250 0.750000
vt 0.281250 0.687500
vt 0.281250 0.625000
vt 0.281250 0.562500
vt 0.281250 0.500000
vt 0.296875 1.000000
vt 0.250000 0.687500
vt 0.250000 0.625000
vt 0.250000 0.562500
vt 0.250000 0.500000
vt 0.265625 1.000000
vt 0.250000 0.937500
vt 0.250000 0.875000
vt 0.250000 0.812500
vt 0.250000 0.750000
vt 0.218750 0.937500
vt 0.218750 0.875000
vt 0.218750 0.812500
vt 0.218750 0.750000
vt 0.218750 0.687500
vt 0.218750 0.625000
vt 0.218750 0.562500
vt 0.218750 0.500000
vt 0.234375 1.000000
vt 0.187500 0.687500
vt 0.187500 0.625000
vt 0.187500 0.562500
vt 0.187500 0.500000
vt 0.203125 1.000000
vt 0.187500 0.937500
vt 0.187500 0.875000
vt 0.187500 0.812500
vt 0.187500 0.750000
vt 0.156250 0.750000
vt 0.156250 0.687500
vt 0.156250 0.625000
vt 0.156250 0.562500
vt 0.156250 0.500000
vt 0.171875 1.000000
vt 0.125000 0.625000
vt 0.125000 0.562500
vt 0.125000 0.500000
vt 0.125000 0.750000
vt 0.125000 0.687500
vt 0.093750 0.875000
vt 0.093750 0.812500
vt 0.093750 0.750000
vt 0.093750 0.687500
vt 0.093750 0.625000
vt 0.093750 0.562500
vt 0.093750 0.500000
vt 0.109375 1.000000
vt 0.093750 0.937500
vt 0.062500 0.625000
vt 0.062500 0.562500
vt 0.062500 0.500000
vt 0.078125 1.000000
vt 0.062500 0.937500
vt 0.062500 0.875000
vt 0.062500 0.812500
vt 0.062500 0.750000
vt 0.062500 0.687500
vt 0.031250 0.812500
vt 0.031250 0.750000
vt 0.031250 0.687500
vt 0.031250 0.625000
vt 0.031250 0.562500
vt 0.031250 0.500000
vt 0.046875 1.000000
vt 0.031250 0.937500
vt 0.031250 0.875000
vt 0.000000 0.562500
vt 0.015625 1.000000
vt 0.000000 0.937500
vt 0.000000 0.875000
vt 0.000000 0.812500
vt 0.000000 0.750000
vt 0.000000 0.687500
vt 0.000000 0.625000
vt 1.000000 0.687500
vt 1.000000 0.750000
vt 0.968750 0.750000
vt 0.968750 0.687500
vt 1.000000 0.625000
vt 0.968750 0.625000
vt 1.000000 0.562500
vt 0.968750 0.562500
vt 0.968750 0.500000
vt 1.000000 0.937500
vt 0.984375 1.000000
vt 0.968750 0.937500
vt 1.000000 0.875000
vt 0.968750 0.875000
vt 1.000000 0.812500
vt 0.968750 0.812500
vt 0.953125 1.000000
vt 0.937500 0.937500
vt 0.937500 0.875000
vt 0.937500 0.812500
vt 0.937500 0.750000
vt 0.937500 0.687500
vt 0.937500 0.625000
vt 0.937500 0.562500
vt 0.937500 0.500000
vt 0.906250 0.750000
vt 0.906250 0.687500
vt 0.906250 0.625000
vt 0.906250 0.562500
vt 0.906250 0.500000
vt 0.906250 0.812500
vt 0.906250 0.875000
vt 0.906250 0.937500
vt 0.875000 0.937500
vt 0.875000 0.875000
vt 0.875000 0.812500
vt 0.875000 0.750000
vt 0.875000 0.687500
vt 0.875000 0.625000
vt 0.875000 0.562500
vt 0.875000 0.500000
vt 0.890625 1.000000
vt 0.843750 0.687500
vt 0.843750 0.625000
vt 0.843750 0.562500
vt 0.843750 0.500000
vt 0.859375 1.000000
vt 0.843750 0.937500
vt 0.843750 0.875000
vt 0.843750 0.812500
vt 0.843750 0.750000
vt 0.812500 0.937500
vt 0.812500 0.875000
vt 0.812500 0.812500
vt 0.812500 0.750000
vt 0.812500 0.687500
vt 0.812500 0.625000
vt 0.812500 0.562500
vt 0.812500 0.500000
vt 0.828125 1.000000
vt 0.781250 0.687500
vt 0.781250 0.625000
vt 0.781250 0.562500
vt 0.781250 0.500000
vt 0.796875 1.000000
vt 0.781250 0.937500
vt 0.781250 0.875000
vt 0.781250 0.812500
vt 0.781250 0.750000
vt 0.765625 1.000000
vt 0.640625 1.000000
vt 0.421875 1.000000
vt 0.140625 1.000000
vt 0.921875 1.000000
vt 0.833333 1.000000
vt 0.833333 0.500000
vt 0.666667 1.000000
vt 0.666667 0.500000
vt 0.500000 1.000000
vt 0.500000 0.500000
vt 0.333333 1.000000
vt 0.333333 0.500000
vt 0.090993 0.341803
vt 0.090993 0.158197
vt 0.166667 1.000000
vt 0.166667 0.500000
vt -0.000000 1.000000
vt -0.000000 0.500000
vt 0.608944 0.168561
vt 0.608944 0.331439
vt 0.250000 0.433605
vt 0.409007 0.341803
vt 0.457846 0.370000
vt 0.409007 0.158197
vt 0.457846 0.130000
vt 0.250000 0.066395
vt 0.042154 0.130000
vt 0.042154 0.370000
vt 0.150601 0.307388
vt 0.150601 0.192612
vt 0.891056 0.331439
vt 0.750000 0.412878
vt 0.957846 0.370000
vt 0.891056 0.168561
vt 0.957846 0.130000
vt 0.750000 0.087122
vt 0.542154 0.130000
vt 0.542154 0.370000
vt 0.250000 0.364776
vt 0.349399 0.307388
vt 0.349399 0.192612
vt 0.250000 0.135224
vt 0.556229 0.000000
vt 0.556229 0.250000
vt 0.556229 0.500000
vt 0.556229 0.477273
vt 0.556229 0.454545
vt 0.556229 0.431818
vt 0.556229 0.409091
vt 0.556229 0.386364
vt 0.556229 0.363636
vt 0.556229 0.340909
vt 0.556229 0.318182
vt 0.556229 0.295455
vt 0.556229 0.272727
vt 0.556229 0.750000
vt 0.556229 1.000000
vt 0.147727 0.500000
vt 0.170455 0.500000
vt 0.193182 0.500000
vt 0.215909 0.500000
vt 0.238636 0.500000
vt 0.261364 0.500000
vt 0.284091 0.500000
vt 0.306818 0.500000
vt 0.329545 0.500000
vt 0.352273 0.500000
vt 0.391475 0.500000
vt 0.407951 0.500000
vt 0.424426 0.500000
vt 0.440901 0.500000
vt 0.457377 0.500000
vt 0.473852 0.500000
vt 0.490328 0.500000
vt 0.506803 0.500000
vt 0.523278 0.500000
vt 0.539754 0.500000
vt 0.539754 0.477273
vt 0.539754 0.250000
vt 0.523278 0.250000
vt 0.506803 0.250000
vt 0.490328 0.250000
vt 0.473852 0.250000
vt 0.457377 0.250000
vt 0.440901 0.250000
vt 0.424426 0.250000
vt 0.407951 0.250000
vt 0.391475 0.250000
vt 0.375000 0.477273
vt 0.391475 0.477273
vt 0.407951 0.477273
vt 0.424426 0.477273
vt 0.440901 0.477273
vt 0.457377 0.477273
vt 0.473852 0.477273
vt 0.490327 0.477273
vt 0.506803 0.477273
vt 0.523278 0.477273
vt 0.391475 0.272727
vt 0.375000 0.272727
vt 0.391475 0.295455
vt 0.375000 0.295455
vt 0.391475 0.318182
vt 0.375000 0.318182
vt 0.391475 0.340909
vt 0.375000 0.340909
vt 0.391475 0.363636
vt 0.375000 0.363636
vt 0.391475 0.386364
vt 0.375000 0.386364
vt 0.391475 0.409091
vt 0.375000 0.409091
vt 0.391475 0.431818
vt 0.375000 0.431818
vt 0.391475 0.454545
vt 0.375000 0.454545
vt 0.407951 0.272727
vt 0.407951 0.295455
vt 0.407951 0.318182
vt 0.407951 0.340909
vt 0.407951 0.363636
vt 0.407951 0.386364
vt 0.407951 0.409091
vt 0.407951 0.431818
vt 0.407951 0.454545
vt 0.424426 0.272727
vt 0.424426 0.454545
vt 0.440901 0.454545
vt 0.424426 0.295455
vt 0.424426 0.318182
vt 0.424426 0.340909
vt 0.424426 0.363636
vt 0.473852 0.363636
vt 0.490328 0.363636
vt 0.424426 0.386364
vt 0.424426 0.409091
vt 0.440901 0.431818
vt 0.424426 0.431818
vt 0.490328 0.340909
vt 0.473852 0.340909
vt 0.440901 0.272727
vt 0.440901 0.295455
vt 0.440901 0.318182
vt 0.523278 0.363636
vt 0.523278 0.386364
vt 0.440901 0.340909
vt 0.440901 0.363636
vt 0.440901 0.409091
vt 0.440901 0.386364
vt 0.473852 0.318182
vt 0.490327 0.318182
vt 0.457377 0.272727
vt 0.506803 0.454545
vt 0.523278 0.454545
vt 0.457377 0.295455
vt 0.457377 0.318182
vt 0.457377 0.340909
vt 0.457377 0.363636
vt 0.490327 0.295455
vt 0.473852 0.295455
vt 0.457377 0.386364
vt 0.457377 0.409091
vt 0.523278 0.431818
vt 0.506803 0.431818
vt 0.457377 0.431818
vt 0.457377 0.454545
vt 0.523278 0.318182
vt 0.523278 0.340909
vt 0.473852 0.272727
vt 0.490327 0.272727
vt 0.473852 0.386364
vt 0.473852 0.409091
vt 0.506803 0.409091
vt 0.523278 0.409091
vt 0.473852 0.431818
vt 0.473852 0.454545
vt 0.506803 0.386364
vt 0.523278 0.272727
vt 0.523278 0.295455
vt 0.490328 0.386364
vt 0.490328 0.409091
vt 0.490328 0.431818
vt 0.490327 0.454545
vt 0.506803 0.272727
vt 0.506803 0.363636
vt 0.506803 0.295455
vt 0.506803 0.318182
vt 0.506803 0.340909
vt 0.539754 0.272727
vt 0.539754 0.295455
vt 0.539754 0.318182
vt 0.539754 0.340909
vt 0.539754 0.363636
vt 0.539754 0.386364
vt 0.539754 0.409091
vt 0.539754 0.431818
vt 0.539754 0.454545
s 0
usemtl 物联网无线智能节点______CNTJ-ZNJD
f 1/1/1 2/2/1 4/3/1 3/4/1
s 1
usemtl 材质.012
f 5/1/2 17/1/3 28/1/4 16/1/5
f 6/1/6 18/1/7 17/1/3 5/1/2
f 7/1/8 19/1/9 18/1/7 6/1/6
f 8/1/10 20/1/11 19/1/9 7/1/8
f 9/1/12 21/1/13 20/1/11 8/1/10
f 10/1/14 22/1/15 21/1/13 9/1/12
f 11/1/16 23/1/17 22/1/15 10/1/14
f 12/1/18 24/1/19 23/1/17 11/1/16
f 13/1/20 25/1/21 24/1/19 12/1/18
f 14/1/22 26/1/23 25/1/21 13/1/20
f 15/1/24 27/1/25 26/1/23 14/1/22
f 16/1/5 28/1/4 27/1/25 15/1/24
f 17/1/3 29/1/26 40/1/27 28/1/4
f 18/1/7 30/1/28 29/1/26 17/1/3
f 19/1/9 31/1/29 30/1/28 18/1/7
f 20/1/11 32/1/30 31/1/29 19/1/9
f 21/1/13 33/1/31 32/1/30 20/1/11
f 22/1/15 34/1/32 33/1/31 21/1/13
f 23/1/17 35/1/33 34/1/32 22/1/15
f 24/1/19 36/1/34 35/1/33 23/1/17
f 25/1/21 37/1/35 36/1/34 24/1/19
f 26/1/23 38/1/36 37/1/35 25/1/21
f 27/1/25 39/1/37 38/1/36 26/1/23
f 28/1/4 40/1/27 39/1/37 27/1/25
f 29/1/26 41/1/38 52/1/39 40/1/27
f 30/1/28 42/1/40 41/1/38 29/1/26
f 31/1/29 43/1/41 42/1/40 30/1/28
f 32/1/30 44/1/42 43/1/41 31/1/29
f 33/1/31 45/1/43 44/1/42 32/1/30
f 34/1/32 46/1/44 45/1/43 33/1/31
f 35/1/33 47/1/45 46/1/44 34/1/32
f 36/1/34 48/1/46 47/1/45 35/1/33
f 37/1/35 49/1/47 48/1/46 36/1/34
f 38/1/36 50/1/48 49/1/47 37/1/35
f 39/1/37 51/1/49 50/1/48 38/1/36
f 40/1/27 52/1/39 51/1/49 39/1/37
f 41/1/38 53/1/50 64/1/51 52/1/39
f 42/1/40 54/1/52 53/1/50 41/1/38
f 43/1/41 55/1/53 54/1/52 42/1/40
f 44/1/42 56/1/54 55/1/53 43/1/41
f 45/1/43 57/1/55 56/1/54 44/1/42
f 46/1/44 58/1/56 57/1/55 45/1/43
f 47/1/45 59/1/57 58/1/56 46/1/44
f 48/1/46 60/1/58 59/1/57 47/1/45
f 49/1/47 61/1/59 60/1/58 48/1/46
f 50/1/48 62/1/60 61/1/59 49/1/47
f 51/1/49 63/1/61 62/1/60 50/1/48
f 52/1/39 64/1/51 63/1/61 51/1/49
f 53/1/50 65/1/62 76/1/63 64/1/51
f 54/1/52 66/1/64 65/1/62 53/1/50
f 55/1/53 67/1/65 66/1/64 54/1/52
f 56/1/54 68/1/66 67/1/65 55/1/53
f 57/1/55 69/1/67 68/1/66 56/1/54
f 58/1/56 70/1/68 69/1/67 57/1/55
f 59/1/57 71/1/69 70/1/68 58/1/56
f 60/1/58 72/1/70 71/1/69 59/1/57
f 61/1/59 73/1/71 72/1/70 60/1/58
f 62/1/60 74/1/72 73/1/71 61/1/59
f 63/1/61 75/1/73 74/1/72 62/1/60
f 64/1/51 76/1/63 75/1/73 63/1/61
f 65/1/62 77/1/74 88/1/75 76/1/63
f 66/1/64 78/1/76 77/1/74 65/1/62
f 67/1/65 79/1/77 78/1/76 66/1/64
f 68/1/66 80/1/78 79/1/77 67/1/65
f 69/1/67 81/1/79 80/1/78 68/1/66
f 70/1/68 82/1/80 81/1/79 69/1/67
f 71/1/69 83/1/81 82/1/80 70/1/68
f 72/1/70 84/1/82 83/1/81 71/1/69
f 73/1/71 85/1/83 84/1/82 72/1/70
f 74/1/72 86/1/84 85/1/83 73/1/71
f 75/1/73 87/1/85 86/1/84 74/1/72
f 76/1/63 88/1/75 87/1/85 75/1/73
f 77/1/74 89/1/86 100/1/87 88/1/75
f 78/1/76 90/1/88 89/1/86 77/1/74
f 79/1/77 91/1/89 90/1/88 78/1/76
f 80/1/78 92/1/90 91/1/89 79/1/77
f 81/1/79 93/1/91 92/1/90 80/1/78
f 82/1/80 94/1/92 93/1/91 81/1/79
f 83/1/81 95/1/93 94/1/92 82/1/80
f 84/1/82 96/1/94 95/1/93 83/1/81
f 85/1/83 97/1/95 96/1/94 84/1/82
f 86/1/84 98/1/96 97/1/95 85/1/83
f 87/1/85 99/1/97 98/1/96 86/1/84
f 88/1/75 100/1/87 99/1/97 87/1/85
f 89/1/86 101/1/98 112/1/99 100/1/87
f 90/1/88 102/1/100 101/1/98 89/1/86
f 91/1/89 103/1/101 102/1/100 90/1/88
f 92/1/90 104/1/102 103/1/101 91/1/89
f 93/1/91 105/1/103 104/1/102 92/1/90
f 94/1/92 106/1/104 105/1/103 93/1/91
f 95/1/93 107/1/105 106/1/104 94/1/92
f 96/1/94 108/1/106 107/1/105 95/1/93
f 97/1/95 109/1/107 108/1/106 96/1/94
f 98/1/96 110/1/108 109/1/107 97/1/95
f 99/1/97 111/1/109 110/1/108 98/1/96
f 100/1/87 112/1/99 111/1/109 99/1/97
f 101/1/98 113/1/110 124/1/111 112/1/99
f 102/1/100 114/1/112 113/1/110 101/1/98
f 103/1/101 115/1/113 114/1/112 102/1/100
f 104/1/102 116/1/114 115/1/113 103/1/101
f 105/1/103 117/1/115 116/1/114 104/1/102
f 106/1/104 118/1/116 117/1/115 105/1/103
f 107/1/105 119/1/117 118/1/116 106/1/104
f 108/1/106 120/1/118 119/1/117 107/1/105
f 109/1/107 121/1/119 120/1/118 108/1/106
f 110/1/108 122/1/120 121/1/119 109/1/107
f 111/1/109 123/1/121 122/1/120 110/1/108
f 112/1/99 124/1/111 123/1/121 111/1/109
f 113/1/110 125/1/122 136/1/123 124/1/111
f 114/1/112 126/1/124 125/1/122 113/1/110
f 115/1/113 127/1/125 126/1/124 114/1/112
f 116/1/114 128/1/126 127/1/125 115/1/113
f 117/1/115 129/1/127 128/1/126 116/1/114
f 118/1/116 130/1/128 129/1/127 117/1/115
f 119/1/117 131/1/129 130/1/128 118/1/116
f 120/1/118 132/1/130 131/1/129 119/1/117
f 121/1/119 133/1/131 132/1/130 120/1/118
f 122/1/120 134/1/132 133/1/131 121/1/119
f 123/1/121 135/1/133 134/1/132 122/1/120
f 124/1/111 136/1/123 135/1/133 123/1/121
f 125/1/122 137/1/134 148/1/135 136/1/123
f 126/1/124 138/1/136 137/1/134 125/1/122
f 127/1/125 139/1/137 138/1/136 126/1/124
f 128/1/126 140/1/138 139/1/137 127/1/125
f 129/1/127 141/1/139 140/1/138 128/1/126
f 130/1/128 142/1/140 141/1/139 129/1/127
f 131/1/129 143/1/141 142/1/140 130/1/128
f 132/1/130 144/1/142 143/1/141 131/1/129
f 133/1/131 145/1/143 144/1/142 132/1/130
f 134/1/132 146/1/144 145/1/143 133/1/131
f 135/1/133 147/1/145 146/1/144 134/1/132
f 136/1/123 148/1/135 147/1/145 135/1/133
f 137/1/134 149/1/146 160/1/147 148/1/135
f 138/1/136 150/1/148 149/1/146 137/1/134
f 139/1/137 151/1/149 150/1/148 138/1/136
f 140/1/138 152/1/150 151/1/149 139/1/137
f 141/1/139 153/1/151 152/1/150 140/1/138
f 142/1/140 154/1/152 153/1/151 141/1/139
f 143/1/141 155/1/153 154/1/152 142/1/140
f 144/1/142 156/1/154 155/1/153 143/1/141
f 145/1/143 157/1/155 156/1/154 144/1/142
f 146/1/144 158/1/156 157/1/155 145/1/143
f 147/1/145 159/1/157 158/1/156 146/1/144
f 148/1/135 160/1/147 159/1/157 147/1/145
f 149/1/146 161/1/158 172/1/159 160/1/147
f 150/1/148 162/1/160 161/1/158 149/1/146
f 151/1/149 163/1/161 162/1/160 150/1/148
f 152/1/150 164/1/162 163/1/161 151/1/149
f 153/1/151 165/1/163 164/1/162 152/1/150
f 154/1/152 166/1/164 165/1/163 153/1/151
f 155/1/153 167/1/165 166/1/164 154/1/152
f 156/1/154 168/1/166 167/1/165 155/1/153
f 157/1/155 169/1/167 168/1/166 156/1/154
f 158/1/156 170/1/168 169/1/167 157/1/155
f 159/1/157 171/1/169 170/1/168 158/1/156
f 160/1/147 172/1/159 171/1/169 159/1/157
f 161/1/158 173/1/170 184/1/171 172/1/159
f 162/1/160 174/1/172 173/1/170 161/1/158
f 163/1/161 175/1/173 174/1/172 162/1/160
f 164/1/162 176/1/174 175/1/173 163/1/161
f 165/1/163 177/1/175 176/1/174 164/1/162
f 166/1/164 178/1/176 177/1/175 165/1/163
f 167/1/165 179/1/177 178/1/176 166/1/164
f 168/1/166 180/1/178 179/1/177 167/1/165
f 169/1/167 181/1/179 180/1/178 168/1/166
f 170/1/168 182/1/180 181/1/179 169/1/167
f 171/1/169 183/1/181 182/1/180 170/1/168
f 172/1/159 184/1/171 183/1/181 171/1/169
f 173/1/170 185/1/182 196/1/183 184/1/171
f 174/1/172 186/1/184 185/1/182 173/1/170
f 175/1/173 187/1/185 186/1/184 174/1/172
f 176/1/174 188/1/186 187/1/185 175/1/173
f 177/1/175 189/1/187 188/1/186 176/1/174
f 178/1/176 190/1/188 189/1/187 177/1/175
f 179/1/177 191/1/189 190/1/188 178/1/176
f 180/1/178 192/1/190 191/1/189 179/1/177
f 181/1/179 193/1/191 192/1/190 180/1/178
f 182/1/180 194/1/192 193/1/191 181/1/179
f 183/1/181 195/1/193 194/1/192 182/1/180
f 184/1/171 196/1/183 195/1/193 183/1/181
f 185/1/182 197/1/194 208/1/195 196/1/183
f 186/1/184 198/1/196 197/1/194 185/1/182
f 187/1/185 199/1/197 198/1/196 186/1/184
f 188/1/186 200/1/198 199/1/197 187/1/185
f 189/1/187 201/1/199 200/1/198 188/1/186
f 190/1/188 202/1/200 201/1/199 189/1/187
f 191/1/189 203/1/201 202/1/200 190/1/188
f 192/1/190 204/1/202 203/1/201 191/1/189
f 193/1/191 205/1/203 204/1/202 192/1/190
f 194/1/192 206/1/204 205/1/203 193/1/191
f 195/1/193 207/1/205 206/1/204 194/1/192
f 196/1/183 208/1/195 207/1/205 195/1/193
f 197/1/194 209/1/206 220/1/207 208/1/195
f 198/1/196 210/1/208 209/1/206 197/1/194
f 199/1/197 211/1/209 210/1/208 198/1/196
f 200/1/198 212/1/210 211/1/209 199/1/197
f 201/1/199 213/1/211 212/1/210 200/1/198
f 202/1/200 214/1/212 213/1/211 201/1/199
f 203/1/201 215/1/213 214/1/212 202/1/200
f 204/1/202 216/1/214 215/1/213 203/1/201
f 205/1/203 217/1/215 216/1/214 204/1/202
f 206/1/204 218/1/216 217/1/215 205/1/203
f 207/1/205 219/1/217 218/1/216 206/1/204
f 208/1/195 220/1/207 219/1/217 207/1/205
f 209/1/206 221/1/218 232/1/219 220/1/207
f 210/1/208 222/1/220 221/1/218 209/1/206
f 211/1/209 223/1/221 222/1/220 210/1/208
f 212/1/210 224/1/222 223/1/221 211/1/209
f 213/1/211 225/1/223 224/1/222 212/1/210
f 214/1/212 226/1/224 225/1/223 213/1/211
f 215/1/213 227/1/225 226/1/224 214/1/212
f 216/1/214 228/1/226 227/1/225 215/1/213
f 217/1/215 229/1/227 228/1/226 216/1/214
f 218/1/216 230/1/228 229/1/227 217/1/215
f 219/1/217 231/1/229 230/1/228 218/1/216
f 220/1/207 232/1/219 231/1/229 219/1/217
f 221/1/218 233/1/230 244/1/231 232/1/219
f 222/1/220 234/1/232 233/1/230 221/1/218
f 223/1/221 235/1/233 234/1/232 222/1/220
f 224/1/222 236/1/234 235/1/233 223/1/221
f 225/1/223 237/1/235 236/1/234 224/1/222
f 226/1/224 238/1/236 237/1/235 225/1/223
f 227/1/225 239/1/237 238/1/236 226/1/224
f 228/1/226 240/1/238 239/1/237 227/1/225
f 229/1/227 241/1/239 240/1/238 228/1/226
f 230/1/228 242/1/240 241/1/239 229/1/227
f 231/1/229 243/1/241 242/1/240 230/1/228
f 232/1/219 244/1/231 243/1/241 231/1/229
f 233/1/230 245/1/242 256/1/243 244/1/231
f 234/1/232 246/1/244 245/1/242 233/1/230
f 235/1/233 247/1/245 246/1/244 234/1/232
f 236/1/234 248/1/246 247/1/245 235/1/233
f 237/1/235 249/1/247 248/1/246 236/1/234
f 238/1/236 250/1/248 249/1/247 237/1/235
f 239/1/237 251/1/249 250/1/248 238/1/236
f 240/1/238 252/1/250 251/1/249 239/1/237
f 241/1/239 253/1/251 252/1/250 240/1/238
f 242/1/240 254/1/252 253/1/251 241/1/239
f 243/1/241 255/1/253 254/1/252 242/1/240
f 244/1/231 256/1/243 255/1/253 243/1/241
f 245/1/242 257/1/254 268/1/255 256/1/243
f 246/1/244 258/1/256 257/1/254 245/1/242
f 247/1/245 259/1/257 258/1/256 246/1/244
f 248/1/246 260/1/258 259/1/257 247/1/245
f 249/1/247 261/1/259 260/1/258 248/1/246
f 250/1/248 262/1/260 261/1/259 249/1/247
f 251/1/249 263/1/261 262/1/260 250/1/248
f 252/1/250 264/1/262 263/1/261 251/1/249
f 253/1/251 265/1/263 264/1/262 252/1/250
f 254/1/252 266/1/264 265/1/263 253/1/251
f 255/1/253 267/1/265 266/1/264 254/1/252
f 256/1/243 268/1/255 267/1/265 255/1/253
f 257/1/254 269/1/266 280/1/267 268/1/255
f 258/1/256 270/1/268 269/1/266 257/1/254
f 259/1/257 271/1/269 270/1/268 258/1/256
f 260/1/258 272/1/270 271/1/269 259/1/257
f 261/1/259 273/1/271 272/1/270 260/1/258
f 262/1/260 274/1/272 273/1/271 261/1/259
f 263/1/261 275/1/273 274/1/272 262/1/260
f 264/1/262 276/1/274 275/1/273 263/1/261
f 265/1/263 277/1/275 276/1/274 264/1/262
f 266/1/264 278/1/276 277/1/275 265/1/263
f 267/1/265 279/1/277 278/1/276 266/1/264
f 268/1/255 280/1/267 279/1/277 267/1/265
f 269/1/266 281/1/278 292/1/279 280/1/267
f 270/1/268 282/1/280 281/1/278 269/1/266
f 271/1/269 283/1/281 282/1/280 270/1/268
f 272/1/270 284/1/282 283/1/281 271/1/269
f 273/1/271 285/1/283 284/1/282 272/1/270
f 274/1/272 286/1/284 285/1/283 273/1/271
f 275/1/273 287/1/285 286/1/284 274/1/272
f 276/1/274 288/1/286 287/1/285 275/1/273
f 277/1/275 289/1/287 288/1/286 276/1/274
f 278/1/276 290/1/288 289/1/287 277/1/275
f 279/1/277 291/1/289 290/1/288 278/1/276
f 280/1/267 292/1/279 291/1/289 279/1/277
f 281/1/278 293/1/290 304/1/291 292/1/279
f 282/1/280 294/1/292 293/1/290 281/1/278
f 283/1/281 295/1/293 294/1/292 282/1/280
f 284/1/282 296/1/294 295/1/293 283/1/281
f 285/1/283 297/1/295 296/1/294 284/1/282
f 286/1/284 298/1/296 297/1/295 285/1/283
f 287/1/285 299/1/297 298/1/296 286/1/284
f 288/1/286 300/1/298 299/1/297 287/1/285
f 289/1/287 301/1/299 300/1/298 288/1/286
f 290/1/288 302/1/300 301/1/299 289/1/287
f 291/1/289 303/1/301 302/1/300 290/1/288
f 292/1/279 304/1/291 303/1/301 291/1/289
f 293/1/290 305/1/302 316/1/303 304/1/291
f 294/1/292 306/1/304 305/1/302 293/1/290
f 295/1/293 307/1/305 306/1/304 294/1/292
f 296/1/294 308/1/306 307/1/305 295/1/293
f 297/1/295 309/1/307 308/1/306 296/1/294
f 298/1/296 310/1/308 309/1/307 297/1/295
f 299/1/297 311/1/309 310/1/308 298/1/296
f 300/1/298 312/1/310 311/1/309 299/1/297
f 301/1/299 313/1/311 312/1/310 300/1/298
f 302/1/300 314/1/312 313/1/311 301/1/299
f 303/1/301 315/1/313 314/1/312 302/1/300
f 304/1/291 316/1/303 315/1/313 303/1/301
f 305/1/302 317/1/314 328/1/315 316/1/303
f 306/1/304 318/1/316 317/1/314 305/1/302
f 307/1/305 319/1/317 318/1/316 306/1/304
f 308/1/306 320/1/318 319/1/317 307/1/305
f 309/1/307 321/1/319 320/1/318 308/1/306
f 310/1/308 322/1/320 321/1/319 309/1/307
f 311/1/309 323/1/321 322/1/320 310/1/308
f 312/1/310 324/1/322 323/1/321 311/1/309
f 313/1/311 325/1/323 324/1/322 312/1/310
f 314/1/312 326/1/324 325/1/323 313/1/311
f 315/1/313 327/1/325 326/1/324 314/1/312
f 316/1/303 328/1/315 327/1/325 315/1/313
f 317/1/314 329/1/326 340/1/327 328/1/315
f 318/1/316 330/1/328 329/1/326 317/1/314
f 319/1/317 331/1/329 330/1/328 318/1/316
f 320/1/318 332/1/330 331/1/329 319/1/317
f 321/1/319 333/1/331 332/1/330 320/1/318
f 322/1/320 334/1/332 333/1/331 321/1/319
f 323/1/321 335/1/333 334/1/332 322/1/320
f 324/1/322 336/1/334 335/1/333 323/1/321
f 325/1/323 337/1/335 336/1/334 324/1/322
f 326/1/324 338/1/336 337/1/335 325/1/323
f 327/1/325 339/1/337 338/1/336 326/1/324
f 328/1/315 340/1/327 339/1/337 327/1/325
f 329/1/326 341/1/338 352/1/339 340/1/327
f 330/1/328 342/1/340 341/1/338 329/1/326
f 331/1/329 343/1/341 342/1/340 330/1/328
f 332/1/330 344/1/342 343/1/341 331/1/329
f 333/1/331 345/1/343 344/1/342 332/1/330
f 334/1/332 346/1/344 345/1/343 333/1/331
f 335/1/333 347/1/345 346/1/344 334/1/332
f 336/1/334 348/1/346 347/1/345 335/1/333
f 337/1/335 349/1/347 348/1/346 336/1/334
f 338/1/336 350/1/348 349/1/347 337/1/335
f 339/1/337 351/1/349 350/1/348 338/1/336
f 340/1/327 352/1/339 351/1/349 339/1/337
f 341/1/338 353/1/350 364/1/351 352/1/339
f 342/1/340 354/1/352 353/1/350 341/1/338
f 343/1/341 355/1/353 354/1/352 342/1/340
f 344/1/342 356/1/354 355/1/353 343/1/341
f 345/1/343 357/1/355 356/1/354 344/1/342
f 346/1/344 358/1/356 357/1/355 345/1/343
f 347/1/345 359/1/357 358/1/356 346/1/344
f 348/1/346 360/1/358 359/1/357 347/1/345
f 349/1/347 361/1/359 360/1/358 348/1/346
f 350/1/348 362/1/360 361/1/359 349/1/347
f 351/1/349 363/1/361 362/1/360 350/1/348
f 352/1/339 364/1/351 363/1/361 351/1/349
f 353/1/350 365/1/362 376/1/363 364/1/351
f 354/1/352 366/1/364 365/1/362 353/1/350
f 355/1/353 367/1/365 366/1/364 354/1/352
f 356/1/354 368/1/366 367/1/365 355/1/353
f 357/1/355 369/1/367 368/1/366 356/1/354
f 358/1/356 370/1/368 369/1/367 357/1/355
f 359/1/357 371/1/369 370/1/368 358/1/356
f 360/1/358 372/1/370 371/1/369 359/1/357
f 361/1/359 373/1/371 372/1/370 360/1/358
f 362/1/360 374/1/372 373/1/371 361/1/359
f 363/1/361 375/1/373 374/1/372 362/1/360
f 364/1/351 376/1/363 375/1/373 363/1/361
f 365/1/362 377/1/374 388/1/375 376/1/363
f 366/1/364 378/1/376 377/1/374 365/1/362
f 367/1/365 379/1/377 378/1/376 366/1/364
f 368/1/366 380/1/378 379/1/377 367/1/365
f 369/1/367 381/1/379 380/1/378 368/1/366
f 370/1/368 382/1/380 381/1/379 369/1/367
f 371/1/369 383/1/381 382/1/380 370/1/368
f 372/1/370 384/1/382 383/1/381 371/1/369
f 373/1/371 385/1/383 384/1/382 372/1/370
f 374/1/372 386/1/384 385/1/383 373/1/371
f 375/1/373 387/1/385 386/1/384 374/1/372
f 376/1/363 388/1/375 387/1/385 375/1/373
f 377/1/374 389/1/386 400/1/387 388/1/375
f 378/1/376 390/1/388 389/1/386 377/1/374
f 379/1/377 391/1/389 390/1/388 378/1/376
f 380/1/378 392/1/390 391/1/389 379/1/377
f 381/1/379 393/1/391 392/1/390 380/1/378
f 382/1/380 394/1/392 393/1/391 381/1/379
f 383/1/381 395/1/393 394/1/392 382/1/380
f 384/1/382 396/1/394 395/1/393 383/1/381
f 385/1/383 397/1/395 396/1/394 384/1/382
f 386/1/384 398/1/396 397/1/395 385/1/383
f 387/1/385 399/1/397 398/1/396 386/1/384
f 388/1/375 400/1/387 399/1/397 387/1/385
f 389/1/386 401/1/398 412/1/399 400/1/387
f 390/1/388 402/1/400 401/1/398 389/1/386
f 391/1/389 403/1/401 402/1/400 390/1/388
f 392/1/390 404/1/402 403/1/401 391/1/389
f 393/1/391 405/1/403 404/1/402 392/1/390
f 394/1/392 406/1/404 405/1/403 393/1/391
f 395/1/393 407/1/405 406/1/404 394/1/392
f 396/1/394 408/1/406 407/1/405 395/1/393
f 397/1/395 409/1/407 408/1/406 396/1/394
f 398/1/396 410/1/408 409/1/407 397/1/395
f 399/1/397 411/1/409 410/1/408 398/1/396
f 400/1/387 412/1/399 411/1/409 399/1/397
f 401/1/398 413/1/410 424/1/411 412/1/399
f 402/1/400 414/1/412 413/1/410 401/1/398
f 403/1/401 415/1/413 414/1/412 402/1/400
f 404/1/402 416/1/414 415/1/413 403/1/401
f 405/1/403 417/1/415 416/1/414 404/1/402
f 406/1/404 418/1/416 417/1/415 405/1/403
f 407/1/405 419/1/417 418/1/416 406/1/404
f 408/1/406 420/1/418 419/1/417 407/1/405
f 409/1/407 421/1/419 420/1/418 408/1/406
f 410/1/408 422/1/420 421/1/419 409/1/407
f 411/1/409 423/1/421 422/1/420 410/1/408
f 412/1/399 424/1/411 423/1/421 411/1/409
f 413/1/410 425/1/422 436/1/423 424/1/411
f 414/1/412 426/1/424 425/1/422 413/1/410
f 415/1/413 427/1/425 426/1/424 414/1/412
f 416/1/414 428/1/426 427/1/425 415/1/413
f 417/1/415 429/1/427 428/1/426 416/1/414
f 418/1/416 430/1/428 429/1/427 417/1/415
f 419/1/417 431/1/429 430/1/428 418/1/416
f 420/1/418 432/1/430 431/1/429 419/1/417
f 421/1/419 433/1/431 432/1/430 420/1/418
f 422/1/420 434/1/432 433/1/431 421/1/419
f 423/1/421 435/1/433 434/1/432 422/1/420
f 424/1/411 436/1/423 435/1/433 423/1/421
f 425/1/422 437/1/434 448/1/435 436/1/423
f 426/1/424 438/1/436 437/1/434 425/1/422
f 427/1/425 439/1/437 438/1/436 426/1/424
f 428/1/426 440/1/438 439/1/437 427/1/425
f 429/1/427 441/1/439 440/1/438 428/1/426
f 430/1/428 442/1/440 441/1/439 429/1/427
f 431/1/429 443/1/441 442/1/440 430/1/428
f 432/1/430 444/1/442 443/1/441 431/1/429
f 433/1/431 445/1/443 444/1/442 432/1/430
f 434/1/432 446/1/444 445/1/443 433/1/431
f 435/1/433 447/1/445 446/1/444 434/1/432
f 436/1/423 448/1/435 447/1/445 435/1/433
f 437/1/434 449/1/446 460/1/447 448/1/435
f 438/1/436 450/1/448 449/1/446 437/1/434
f 439/1/437 451/1/449 450/1/448 438/1/436
f 440/1/438 452/1/450 451/1/449 439/1/437
f 441/1/439 453/1/451 452/1/450 440/1/438
f 442/1/440 454/1/452 453/1/451 441/1/439
f 443/1/441 455/1/453 454/1/452 442/1/440
f 444/1/442 456/1/454 455/1/453 443/1/441
f 445/1/443 457/1/455 456/1/454 444/1/442
f 446/1/444 458/1/456 457/1/455 445/1/443
f 447/1/445 459/1/457 458/1/456 446/1/444
f 448/1/435 460/1/447 459/1/457 447/1/445
f 449/1/446 461/1/458 472/1/459 460/1/447
f 450/1/448 462/1/460 461/1/458 449/1/446
f 451/1/449 463/1/461 462/1/460 450/1/448
f 452/1/450 464/1/462 463/1/461 451/1/449
f 453/1/451 465/1/463 464/1/462 452/1/450
f 454/1/452 466/1/464 465/1/463 453/1/451
f 455/1/453 467/1/465 466/1/464 454/1/452
f 456/1/454 468/1/466 467/1/465 455/1/453
f 457/1/455 469/1/467 468/1/466 456/1/454
f 458/1/456 470/1/468 469/1/467 457/1/455
f 459/1/457 471/1/469 470/1/468 458/1/456
f 460/1/447 472/1/459 471/1/469 459/1/457
f 461/1/458 473/1/470 484/1/471 472/1/459
f 462/1/460 474/1/472 473/1/470 461/1/458
f 463/1/461 475/1/473 474/1/472 462/1/460
f 464/1/462 476/1/474 475/1/473 463/1/461
f 465/1/463 477/1/475 476/1/474 464/1/462
f 466/1/464 478/1/476 477/1/475 465/1/463
f 467/1/465 479/1/477 478/1/476 466/1/464
f 468/1/466 480/1/478 479/1/477 467/1/465
f 469/1/467 481/1/479 480/1/478 468/1/466
f 470/1/468 482/1/480 481/1/479 469/1/467
f 471/1/469 483/1/481 482/1/480 470/1/468
f 472/1/459 484/1/471 483/1/481 471/1/469
f 473/1/470 485/1/482 496/1/483 484/1/471
f 474/1/472 486/1/484 485/1/482 473/1/470
f 475/1/473 487/1/485 486/1/484 474/1/472
f 476/1/474 488/1/486 487/1/485 475/1/473
f 477/1/475 489/1/487 488/1/486 476/1/474
f 478/1/476 490/1/488 489/1/487 477/1/475
f 479/1/477 491/1/489 490/1/488 478/1/476
f 480/1/478 492/1/490 491/1/489 479/1/477
f 481/1/479 493/1/491 492/1/490 480/1/478
f 482/1/480 494/1/492 493/1/491 481/1/479
f 483/1/481 495/1/493 494/1/492 482/1/480
f 484/1/471 496/1/483 495/1/493 483/1/481
f 485/1/482 497/1/494 508/1/495 496/1/483
f 486/1/484 498/1/496 497/1/494 485/1/482
f 487/1/485 499/1/497 498/1/496 486/1/484
f 488/1/486 500/1/498 499/1/497 487/1/485
f 489/1/487 501/1/499 500/1/498 488/1/486
f 490/1/488 502/1/500 501/1/499 489/1/487
f 491/1/489 503/1/501 502/1/500 490/1/488
f 492/1/490 504/1/502 503/1/501 491/1/489
f 493/1/491 505/1/503 504/1/502 492/1/490
f 494/1/492 506/1/504 505/1/503 493/1/491
f 495/1/493 507/1/505 506/1/504 494/1/492
f 496/1/483 508/1/495 507/1/505 495/1/493
f 497/1/494 509/1/506 520/1/507 508/1/495
f 498/1/496 510/1/508 509/1/506 497/1/494
f 499/1/497 511/1/509 510/1/508 498/1/496
f 500/1/498 512/1/510 511/1/509 499/1/497
f 501/1/499 513/1/511 512/1/510 500/1/498
f 502/1/500 514/1/512 513/1/511 501/1/499
f 503/1/501 515/1/513 514/1/512 502/1/500
f 504/1/502 516/1/514 515/1/513 503/1/501
f 505/1/503 517/1/515 516/1/514 504/1/502
f 506/1/504 518/1/516 517/1/515 505/1/503
f 507/1/505 519/1/517 518/1/516 506/1/504
f 508/1/495 520/1/507 519/1/517 507/1/505
f 509/1/506 521/1/518 532/1/519 520/1/507
f 510/1/508 522/1/520 521/1/518 509/1/506
f 511/1/509 523/1/521 522/1/520 510/1/508
f 512/1/510 524/1/522 523/1/521 511/1/509
f 513/1/511 525/1/523 524/1/522 512/1/510
f 514/1/512 526/1/524 525/1/523 513/1/511
f 515/1/513 527/1/525 526/1/524 514/1/512
f 516/1/514 528/1/526 527/1/525 515/1/513
f 517/1/515 529/1/527 528/1/526 516/1/514
f 518/1/516 530/1/528 529/1/527 517/1/515
f 519/1/517 531/1/529 530/1/528 518/1/516
f 520/1/507 532/1/519 531/1/529 519/1/517
f 521/1/518 533/1/530 544/1/531 532/1/519
f 522/1/520 534/1/532 533/1/530 521/1/518
f 523/1/521 535/1/533 534/1/532 522/1/520
f 524/1/522 536/1/534 535/1/533 523/1/521
f 525/1/523 537/1/535 536/1/534 524/1/522
f 526/1/524 538/1/536 537/1/535 525/1/523
f 527/1/525 539/1/537 538/1/536 526/1/524
f 528/1/526 540/1/538 539/1/537 527/1/525
f 529/1/527 541/1/539 540/1/538 528/1/526
f 530/1/528 542/1/540 541/1/539 529/1/527
f 531/1/529 543/1/541 542/1/540 530/1/528
f 532/1/519 544/1/531 543/1/541 531/1/529
f 533/1/530 545/1/542 556/1/543 544/1/531
f 534/1/532 546/1/544 545/1/542 533/1/530
f 535/1/533 547/1/545 546/1/544 534/1/532
f 536/1/534 548/1/546 547/1/545 535/1/533
f 537/1/535 549/1/547 548/1/546 536/1/534
f 538/1/536 550/1/548 549/1/547 537/1/535
f 539/1/537 551/1/549 550/1/548 538/1/536
f 540/1/538 552/1/550 551/1/549 539/1/537
f 541/1/539 553/1/551 552/1/550 540/1/538
f 542/1/540 554/1/552 553/1/551 541/1/539
f 543/1/541 555/1/553 554/1/552 542/1/540
f 544/1/531 556/1/543 555/1/553 543/1/541
f 545/1/542 557/1/554 568/1/555 556/1/543
f 546/1/544 558/1/556 557/1/554 545/1/542
f 547/1/545 559/1/557 558/1/556 546/1/544
f 548/1/546 560/1/558 559/1/557 547/1/545
f 549/1/547 561/1/559 560/1/558 548/1/546
f 550/1/548 562/1/560 561/1/559 549/1/547
f 551/1/549 563/1/561 562/1/560 550/1/548
f 552/1/550 564/1/562 563/1/561 551/1/549
f 553/1/551 565/1/563 564/1/562 552/1/550
f 554/1/552 566/1/564 565/1/563 553/1/551
f 555/1/553 567/1/565 566/1/564 554/1/552
f 556/1/543 568/1/555 567/1/565 555/1/553
f 557/1/554 569/1/566 580/1/567 568/1/555
f 558/1/556 570/1/568 569/1/566 557/1/554
f 559/1/557 571/1/569 570/1/568 558/1/556
f 560/1/558 572/1/570 571/1/569 559/1/557
f 561/1/559 573/1/571 572/1/570 560/1/558
f 562/1/560 574/1/572 573/1/571 561/1/559
f 563/1/561 575/1/573 574/1/572 562/1/560
f 564/1/562 576/1/574 575/1/573 563/1/561
f 565/1/563 577/1/575 576/1/574 564/1/562
f 566/1/564 578/1/576 577/1/575 565/1/563
f 567/1/565 579/1/577 578/1/576 566/1/564
f 568/1/555 580/1/567 579/1/577 567/1/565
f 569/1/566 581/1/578 592/1/579 580/1/567
f 570/1/568 582/1/580 581/1/578 569/1/566
f 571/1/569 583/1/581 582/1/580 570/1/568
f 572/1/570 584/1/582 583/1/581 571/1/569
f 573/1/571 585/1/583 584/1/582 572/1/570
f 574/1/572 586/1/584 585/1/583 573/1/571
f 575/1/573 587/1/585 586/1/584 574/1/572
f 576/1/574 588/1/586 587/1/585 575/1/573
f 577/1/575 589/1/587 588/1/586 576/1/574
f 578/1/576 590/1/588 589/1/587 577/1/575
f 579/1/577 591/1/589 590/1/588 578/1/576
f 580/1/567 592/1/579 591/1/589 579/1/577
f 581/1/578 593/1/590 604/1/591 592/1/579
f 582/1/580 594/1/592 593/1/590 581/1/578
f 583/1/581 595/1/593 594/1/592 582/1/580
f 584/1/582 596/1/594 595/1/593 583/1/581
f 585/1/583 597/1/595 596/1/594 584/1/582
f 586/1/584 598/1/596 597/1/595 585/1/583
f 587/1/585 599/1/597 598/1/596 586/1/584
f 588/1/586 600/1/598 599/1/597 587/1/585
f 589/1/587 601/1/599 600/1/598 588/1/586
f 590/1/588 602/1/600 601/1/599 589/1/587
f 591/1/589 603/1/601 602/1/600 590/1/588
f 592/1/579 604/1/591 603/1/601 591/1/589
f 593/1/590 605/1/602 616/1/603 604/1/591
f 594/1/592 606/1/604 605/1/602 593/1/590
f 595/1/593 607/1/605 606/1/604 594/1/592
f 596/1/594 608/1/606 607/1/605 595/1/593
f 597/1/595 609/1/607 608/1/606 596/1/594
f 598/1/596 610/1/608 609/1/607 597/1/595
f 599/1/597 611/1/609 610/1/608 598/1/596
f 600/1/598 612/1/610 611/1/609 599/1/597
f 601/1/599 613/1/611 612/1/610 600/1/598
f 602/1/600 614/1/612 613/1/611 601/1/599
f 603/1/601 615/1/613 614/1/612 602/1/600
f 604/1/591 616/1/603 615/1/613 603/1/601
f 605/1/602 617/1/614 628/1/615 616/1/603
f 606/1/604 618/1/616 617/1/614 605/1/602
f 607/1/605 619/1/617 618/1/616 606/1/604
f 608/1/606 620/1/618 619/1/617 607/1/605
f 609/1/607 621/1/619 620/1/618 608/1/606
f 610/1/608 622/1/620 621/1/619 609/1/607
f 611/1/609 623/1/621 622/1/620 610/1/608
f 612/1/610 624/1/622 623/1/621 611/1/609
f 613/1/611 625/1/623 624/1/622 612/1/610
f 614/1/612 626/1/624 625/1/623 613/1/611
f 615/1/613 627/1/625 626/1/624 614/1/612
f 616/1/603 628/1/615 627/1/625 615/1/613
f 617/1/614 629/1/626 640/1/627 628/1/615
f 618/1/616 630/1/628 629/1/626 617/1/614
f 619/1/617 631/1/629 630/1/628 618/1/616
f 620/1/618 632/1/630 631/1/629 619/1/617
f 621/1/619 633/1/631 632/1/630 620/1/618
f 622/1/620 634/1/632 633/1/631 621/1/619
f 623/1/621 635/1/633 634/1/632 622/1/620
f 624/1/622 636/1/634 635/1/633 623/1/621
f 625/1/623 637/1/635 636/1/634 624/1/622
f 626/1/624 638/1/636 637/1/635 625/1/623
f 627/1/625 639/1/637 638/1/636 626/1/624
f 628/1/615 640/1/627 639/1/637 627/1/625
f 629/1/626 641/1/638 652/1/639 640/1/627
f 630/1/628 642/1/640 641/1/638 629/1/626
f 631/1/629 643/1/641 642/1/640 630/1/628
f 632/1/630 644/1/642 643/1/641 631/1/629
f 633/1/631 645/1/643 644/1/642 632/1/630
f 634/1/632 646/1/644 645/1/643 633/1/631
f 635/1/633 647/1/645 646/1/644 634/1/632
f 636/1/634 648/1/646 647/1/645 635/1/633
f 637/1/635 649/1/647 648/1/646 636/1/634
f 638/1/636 650/1/648 649/1/647 637/1/635
f 639/1/637 651/1/649 650/1/648 638/1/636
f 640/1/627 652/1/639 651/1/649 639/1/637
f 641/1/638 653/1/650 664/1/651 652/1/639
f 642/1/640 654/1/652 653/1/650 641/1/638
f 643/1/641 655/1/653 654/1/652 642/1/640
f 644/1/642 656/1/654 655/1/653 643/1/641
f 645/1/643 657/1/655 656/1/654 644/1/642
f 646/1/644 658/1/656 657/1/655 645/1/643
f 647/1/645 659/1/657 658/1/656 646/1/644
f 648/1/646 660/1/658 659/1/657 647/1/645
f 649/1/647 661/1/659 660/1/658 648/1/646
f 650/1/648 662/1/660 661/1/659 649/1/647
f 651/1/649 663/1/661 662/1/660 650/1/648
f 652/1/639 664/1/651 663/1/661 651/1/649
f 653/1/650 665/1/662 676/1/663 664/1/651
f 654/1/652 666/1/664 665/1/662 653/1/650
f 655/1/653 667/1/665 666/1/664 654/1/652
f 656/1/654 668/1/666 667/1/665 655/1/653
f 657/1/655 669/1/667 668/1/666 656/1/654
f 658/1/656 670/1/668 669/1/667 657/1/655
f 659/1/657 671/1/669 670/1/668 658/1/656
f 660/1/658 672/1/670 671/1/669 659/1/657
f 661/1/659 673/1/671 672/1/670 660/1/658
f 662/1/660 674/1/672 673/1/671 661/1/659
f 663/1/661 675/1/673 674/1/672 662/1/660
f 664/1/651 676/1/663 675/1/673 663/1/661
f 665/1/662 677/1/674 688/1/675 676/1/663
f 666/1/664 678/1/676 677/1/674 665/1/662
f 667/1/665 679/1/677 678/1/676 666/1/664
f 668/1/666 680/1/678 679/1/677 667/1/665
f 669/1/667 681/1/679 680/1/678 668/1/666
f 670/1/668 682/1/680 681/1/679 669/1/667
f 671/1/669 683/1/681 682/1/680 670/1/668
f 672/1/670 684/1/682 683/1/681 671/1/669
f 673/1/671 685/1/683 684/1/682 672/1/670
f 674/1/672 686/1/684 685/1/683 673/1/671
f 675/1/673 687/1/685 686/1/684 674/1/672
f 676/1/663 688/1/675 687/1/685 675/1/673
f 677/1/674 689/1/686 700/1/687 688/1/675
f 678/1/676 690/1/688 689/1/686 677/1/674
f 679/1/677 691/1/689 690/1/688 678/1/676
f 680/1/678 692/1/690 691/1/689 679/1/677
f 681/1/679 693/1/691 692/1/690 680/1/678
f 682/1/680 694/1/692 693/1/691 681/1/679
f 683/1/681 695/1/693 694/1/692 682/1/680
f 684/1/682 696/1/694 695/1/693 683/1/681
f 685/1/683 697/1/695 696/1/694 684/1/682
f 686/1/684 698/1/696 697/1/695 685/1/683
f 687/1/685 699/1/697 698/1/696 686/1/684
f 688/1/675 700/1/687 699/1/697 687/1/685
f 689/1/686 701/1/698 712/1/699 700/1/687
f 690/1/688 702/1/700 701/1/698 689/1/686
f 691/1/689 703/1/701 702/1/700 690/1/688
f 692/1/690 704/1/702 703/1/701 691/1/689
f 693/1/691 705/1/703 704/1/702 692/1/690
f 694/1/692 706/1/704 705/1/703 693/1/691
f 695/1/693 707/1/705 706/1/704 694/1/692
f 696/1/694 708/1/706 707/1/705 695/1/693
f 697/1/695 709/1/707 708/1/706 696/1/694
f 698/1/696 710/1/708 709/1/707 697/1/695
f 699/1/697 711/1/709 710/1/708 698/1/696
f 700/1/687 712/1/699 711/1/709 699/1/697
f 701/1/698 713/1/710 724/1/711 712/1/699
f 702/1/700 714/1/712 713/1/710 701/1/698
f 703/1/701 715/1/713 714/1/712 702/1/700
f 704/1/702 716/1/714 715/1/713 703/1/701
f 705/1/703 717/1/715 716/1/714 704/1/702
f 706/1/704 718/1/716 717/1/715 705/1/703
f 707/1/705 719/1/717 718/1/716 706/1/704
f 708/1/706 720/1/718 719/1/717 707/1/705
f 709/1/707 721/1/719 720/1/718 708/1/706
f 710/1/708 722/1/720 721/1/719 709/1/707
f 711/1/709 723/1/721 722/1/720 710/1/708
f 712/1/699 724/1/711 723/1/721 711/1/709
s 0
usemtl 材质.010
f 1129/5/722 790/3/722 789/6/722 1130/7/722
f 1130/7/723 789/6/723 791/8/723 1131/9/723
f 1131/9/724 791/8/724 792/10/724 1132/11/724
f 1132/11/725 792/10/725 793/12/725 1133/13/725
f 1133/13/726 793/12/726 794/14/726 1134/15/726
f 1134/15/727 794/14/727 795/16/727 1135/17/727
f 1135/17/728 795/16/728 796/18/728 1136/19/728
f 1136/19/729 796/18/729 797/20/729 1137/21/729
f 1137/21/730 797/20/730 798/22/730 1138/23/730
f 1138/23/731 798/22/731 799/24/731 1139/25/731
f 1139/25/732 799/24/732 800/26/732 1140/27/732
f 1140/27/733 800/26/733 801/28/733 1141/29/733
f 1141/29/734 801/28/734 802/30/734 1142/31/734
f 1142/31/735 802/30/735 803/32/735 1143/33/735
f 1143/33/736 803/32/736 804/34/736 1144/35/736
f 1144/35/737 804/34/737 805/36/737 1145/37/737
f 1145/37/738 805/36/738 806/38/738 1146/39/738
f 1146/39/739 806/38/739 807/40/739 1147/41/739
f 1147/41/740 807/40/740 808/42/740 1148/43/740
f 1148/43/741 808/42/741 809/44/741 1149/45/741
f 1149/45/742 809/44/742 810/46/742 1150/47/742
f 1150/47/743 810/46/743 811/48/743 1151/49/743
f 1151/49/744 811/48/744 812/50/744 1152/51/744
f 1152/51/745 812/50/745 813/52/745 1153/53/745
f 1153/53/746 813/52/746 814/54/746 1154/55/746
f 1154/55/747 814/54/747 815/56/747 1155/57/747
f 1155/57/748 815/56/748 816/58/748 1156/59/748
f 1156/59/749 816/58/749 817/60/749 1157/61/749
f 1157/61/750 817/60/750 818/62/750 1158/63/750
f 1158/63/751 818/62/751 819/64/751 1159/65/751
f 728/66/722 726/67/722 822/67/722 821/66/722
f 1159/65/752 819/64/752 820/68/752 1160/69/752
f 1160/69/753 820/68/753 790/4/753 1129/70/753
f 725/71/754 727/72/754 729/73/754 731/74/754 733/75/754 735/76/754 737/77/754 739/78/754 741/79/754 743/80/754 745/81/754 747/82/754 749/83/754 751/84/754 753/85/754 755/86/754 757/87/754 759/88/754 761/89/754 763/90/754 765/91/754 767/92/754 769/93/754 771/94/754 773/95/754 775/96/754 777/97/754 779/98/754 781/99/754 783/100/754 785/101/754 787/102/754
f 726/67/755 728/66/755 789/103/755 790/104/755
f 728/66/755 730/105/755 791/106/755 789/103/755
f 730/105/755 732/107/755 792/108/755 791/106/755
f 732/107/755 734/109/755 793/110/755 792/108/755
f 734/109/755 736/111/755 794/112/755 793/110/755
f 736/111/755 738/113/755 795/114/755 794/112/755
f 738/113/755 740/115/755 796/116/755 795/114/755
f 740/115/755 742/117/755 797/118/755 796/116/755
f 742/117/755 744/119/755 798/120/755 797/118/755
f 744/119/755 746/121/755 799/122/755 798/120/755
f 746/121/755 748/123/755 800/124/755 799/122/755
f 748/123/755 750/125/755 801/126/755 800/124/755
f 750/125/755 752/127/755 802/128/755 801/126/755
f 752/127/755 754/129/755 803/130/755 802/128/755
f 754/129/755 756/131/755 804/132/755 803/130/755
f 756/131/755 758/133/755 805/134/755 804/132/755
f 758/133/755 760/135/755 806/136/755 805/134/755
f 760/135/755 762/137/755 807/138/755 806/136/755
f 762/137/755 764/139/755 808/140/755 807/138/755
f 764/139/755 766/141/755 809/142/755 808/140/755
f 766/141/755 768/143/755 810/144/755 809/142/755
f 768/143/755 770/145/755 811/146/755 810/144/755
f 770/145/755 772/147/755 812/148/755 811/146/755
f 772/147/755 774/149/755 813/150/755 812/148/755
f 774/149/755 776/151/755 814/152/755 813/150/755
f 776/151/755 778/153/755 815/154/755 814/152/755
f 778/153/755 780/155/755 816/156/755 815/154/755
f 780/155/755 782/157/755 817/158/755 816/156/755
f 782/157/755 784/159/755 818/160/755 817/158/755
f 784/159/755 786/161/755 819/162/755 818/160/755
f 786/161/755 788/163/755 820/164/755 819/162/755
f 788/163/755 726/67/755 790/104/755 820/164/755
f 821/66/755 822/67/755 852/163/755 851/161/755 850/159/755 849/157/755 848/155/755 847/153/755 846/151/755 845/149/755 844/147/755 843/145/755 842/143/755 841/141/755 840/139/755 839/137/755 838/135/755 837/133/755 836/131/755 835/129/755 834/127/755 833/125/755 832/123/755 831/121/755 830/119/755 829/117/755 828/115/755 827/113/755 826/111/755 825/109/755 824/107/755 823/105/755
f 782/157/749 780/155/749 848/155/749 849/157/749
f 756/131/736 754/129/736 835/129/736 836/131/736
f 730/105/723 728/66/723 821/66/723 823/105/723
f 784/159/750 782/157/750 849/157/750 850/159/750
f 758/133/737 756/131/737 836/131/737 837/133/737
f 732/107/756 730/105/756 823/105/756 824/107/756
f 786/161/751 784/159/751 850/159/751 851/161/751
f 760/135/738 758/133/738 837/133/738 838/135/738
f 734/109/725 732/107/725 824/107/725 825/109/725
f 788/163/757 786/161/757 851/161/757 852/163/757
f 762/137/739 760/135/739 838/135/739 839/137/739
f 736/111/726 734/109/726 825/109/726 826/111/726
f 726/67/753 788/163/753 852/163/753 822/67/753
f 764/139/740 762/137/740 839/137/740 840/139/740
f 738/113/758 736/111/758 826/111/758 827/113/758
f 766/141/741 764/139/741 840/139/741 841/141/741
f 740/115/759 738/113/759 827/113/759 828/115/759
f 768/143/742 766/141/742 841/141/742 842/143/742
f 742/117/729 740/115/729 828/115/729 829/117/729
f 770/145/743 768/143/743 842/143/743 843/145/743
f 744/119/760 742/117/760 829/117/760 830/119/760
f 772/147/761 770/145/761 843/145/761 844/147/761
f 746/121/731 744/119/731 830/119/731 831/121/731
f 774/149/762 772/147/762 844/147/762 845/149/762
f 748/123/732 746/121/732 831/121/732 832/123/732
f 776/151/746 774/149/746 845/149/746 846/151/746
f 750/125/733 748/123/733 832/123/733 833/125/733
f 778/153/747 776/151/747 846/151/747 847/153/747
f 752/127/734 750/125/734 833/125/734 834/127/734
f 780/155/748 778/153/748 847/153/748 848/155/748
f 754/129/763 752/127/763 834/127/763 835/129/763
f 1072/165/764 884/166/764 853/167/764 1041/168/764
f 1071/169/765 883/170/765 884/166/765 1072/165/765
f 1070/171/751 882/172/751 883/170/751 1071/169/751
f 1069/173/750 881/174/750 882/172/750 1070/171/750
f 1068/175/749 880/176/749 881/174/749 1069/173/749
f 1067/177/748 879/178/748 880/176/748 1068/175/748
f 1066/179/766 878/180/766 879/178/766 1067/177/766
f 1065/181/767 877/182/767 878/180/767 1066/179/767
f 1064/183/768 876/184/768 877/182/768 1065/181/768
f 1063/185/769 875/186/769 876/184/769 1064/183/769
f 1062/187/770 874/188/770 875/186/770 1063/185/770
f 1061/189/771 873/190/771 874/188/771 1062/187/771
f 1060/191/772 872/192/772 873/190/772 1061/189/772
f 1059/193/773 871/194/773 872/192/773 1060/191/773
f 1058/195/774 870/196/774 871/194/774 1059/193/774
f 1057/197/775 869/198/775 870/196/775 1058/195/775
f 1056/199/737 868/200/737 869/198/737 1057/197/737
f 1055/201/776 867/202/776 868/200/776 1056/199/776
f 1054/203/735 866/204/735 867/202/735 1055/201/735
f 1053/205/777 865/206/777 866/204/777 1054/203/777
f 1052/207/733 864/208/733 865/206/733 1053/205/733
f 1051/209/732 863/210/732 864/208/732 1052/207/732
f 1050/211/731 862/212/731 863/210/731 1051/209/731
f 1049/213/730 861/214/730 862/212/730 1050/211/730
f 1048/215/729 860/216/729 861/214/729 1049/213/729
f 1047/217/759 859/218/759 860/216/759 1048/215/759
f 1046/219/758 858/220/758 859/218/758 1047/217/758
f 1045/221/726 857/222/726 858/220/726 1046/219/726
f 1044/223/725 856/224/725 857/222/725 1045/221/725
f 1043/225/724 855/226/724 856/224/724 1044/223/724
f 1042/227/778 854/228/778 855/226/778 1043/225/778
f 1041/229/722 853/230/722 854/228/722 1042/227/722
f 855/226/779 854/228/779 982/228/779 984/226/779
f 898/231/779 899/232/779 1005/232/779 1003/231/779
f 882/172/779 881/174/779 1032/174/779 1034/172/779
f 856/224/779 855/226/779 984/226/779 986/224/779
f 899/232/779 900/233/779 1007/233/779 1005/232/779
f 883/170/779 882/172/779 1034/172/779 1036/170/779
f 857/222/779 856/224/779 986/224/779 988/222/779
f 900/233/779 901/234/779 1009/234/779 1007/233/779
f 884/166/779 883/170/779 1036/170/779 1038/166/779
f 858/220/779 857/222/779 988/222/779 990/220/779
f 901/234/779 902/235/779 1011/235/779 1009/234/779
f 853/167/779 884/166/779 1038/166/779 1039/167/779
f 859/218/779 858/220/779 990/220/779 992/218/779
f 902/235/779 903/236/779 1013/236/779 1011/235/779
f 860/216/779 859/218/779 992/218/779 994/216/779
f 903/236/779 904/237/779 1015/237/779 1013/236/779
f 863/210/779 862/212/779 996/212/779 998/210/779
f 906/238/779 907/239/779 1019/239/779 1017/238/779
f 864/208/779 863/210/779 998/210/779 1000/208/779
f 907/239/779 908/240/779 1021/240/779 1019/239/779
f 865/206/779 864/208/779 1000/208/779 1002/206/779
f 908/240/779 909/241/779 1023/241/779 1021/240/779
f 866/204/779 865/206/779 1002/206/779 1004/204/779
f 909/241/779 910/242/779 1025/242/779 1023/241/779
f 867/202/779 866/204/779 1004/204/779 1006/202/779
f 910/242/779 911/243/779 1027/243/779 1025/242/779
f 916/244/753 948/245/753 917/246/753 885/247/753
f 915/248/752 947/249/752 948/245/752 916/244/752
f 914/250/751 946/251/751 947/249/751 915/248/751
f 913/252/750 945/253/750 946/251/750 914/250/750
f 912/254/749 944/255/749 945/253/749 913/252/749
f 911/243/748 943/256/748 944/255/748 912/254/748
f 910/242/747 942/257/747 943/256/747 911/243/747
f 909/241/746 941/258/746 942/257/746 910/242/746
f 908/240/762 940/259/762 941/258/762 909/241/762
f 907/239/780 939/260/780 940/259/780 908/240/780
f 906/238/781 938/261/781 939/260/781 907/239/781
f 905/262/742 937/263/742 938/261/742 906/238/742
f 904/237/741 936/264/741 937/263/741 905/262/741
f 903/236/740 935/265/740 936/264/740 904/237/740
f 902/235/739 934/266/739 935/265/739 903/236/739
f 901/234/738 933/267/738 934/266/738 902/235/738
f 900/233/782 932/268/782 933/267/782 901/234/782
f 899/232/783 931/269/783 932/268/783 900/233/783
f 898/231/735 930/270/735 931/269/735 899/232/735
f 897/271/734 929/272/734 930/270/734 898/231/734
f 896/273/733 928/274/733 929/272/733 897/271/733
f 895/275/732 927/276/732 928/274/732 896/273/732
f 894/277/731 926/278/731 927/276/731 895/275/731
f 893/279/760 925/280/760 926/278/760 894/277/760
f 892/281/729 924/282/729 925/280/729 893/279/729
f 891/283/728 923/284/728 924/282/728 892/281/728
f 890/285/727 922/286/727 923/284/727 891/283/727
f 889/287/726 921/288/726 922/286/726 890/285/726
f 888/289/725 920/290/725 921/288/725 889/287/725
f 887/291/784 919/292/784 920/290/784 888/289/784
f 886/293/723 918/294/723 919/292/723 887/291/723
f 885/295/722 917/296/722 918/294/722 886/293/722
f 948/245/755 947/249/755 946/251/755 945/253/755 944/255/755 943/256/755 942/257/755 941/258/755 940/259/755 939/260/755 938/261/755 937/263/755 936/264/755 935/265/755 934/266/755 933/267/755 932/268/755 931/269/755 930/270/755 929/272/755 928/274/755 927/276/755 926/278/755 925/280/755 924/282/755 923/284/755 922/286/755 921/288/755 920/290/755 919/292/755 918/294/755 917/296/755
f 1024/182/755 1022/184/755 1094/184/755 1096/182/755
f 1020/186/755 1018/188/755 1090/188/755 1092/186/755
f 1019/239/754 1021/240/754 1093/240/754 1091/239/754
f 985/289/754 987/287/754 1077/287/754 1075/289/754
f 988/222/755 986/224/755 1076/224/755 1078/222/755
f 984/1/785 983/1/785 1073/1/785 1074/1/785
f 881/174/779 880/176/779 1030/176/779 1032/174/779
f 897/271/779 898/231/779 1003/231/779 1001/271/779
f 854/228/779 853/230/779 1039/230/779 982/228/779
f 880/176/779 879/178/779 1028/178/779 1030/176/779
f 896/273/779 897/271/779 1001/271/779 999/273/779
f 879/178/779 878/180/779 1026/180/779 1028/178/779
f 895/275/779 896/273/779 999/273/779 997/275/779
f 878/180/779 877/182/779 1024/182/779 1026/180/779
f 894/277/779 895/275/779 997/275/779 995/277/779
f 877/182/779 876/184/779 1022/184/779 1024/182/779
f 876/184/779 875/186/779 1020/186/779 1022/184/779
f 875/186/779 874/188/779 1018/188/779 1020/186/779
f 891/283/779 892/281/779 993/281/779 991/283/779
f 890/285/779 891/283/779 991/283/779 989/285/779
f 916/244/779 885/247/779 1040/247/779 1037/244/779
f 889/287/779 890/285/779 989/285/779 987/287/779
f 915/248/779 916/244/779 1037/244/779 1035/248/779
f 872/192/779 871/194/779 1014/194/779 1016/192/779
f 888/289/779 889/287/779 987/287/779 985/289/779
f 914/250/779 915/248/779 1035/248/779 1033/250/779
f 871/194/779 870/196/779 1012/196/779 1014/194/779
f 887/291/779 888/289/779 985/289/779 983/291/779
f 913/252/779 914/250/779 1033/250/779 1031/252/779
f 870/196/779 869/198/779 1010/198/779 1012/196/779
f 1015/237/779 904/237/779 1017/238/779 906/238/779
f 886/293/779 887/291/779 983/291/779 981/293/779
f 912/254/779 913/252/779 1031/252/779 1029/254/779
f 869/198/779 868/200/779 1008/200/779 1010/198/779
f 885/295/779 886/293/779 981/293/779 1040/295/779
f 911/243/779 912/254/779 1029/254/779 1027/243/779
f 868/200/779 867/202/779 1006/202/779 1008/200/779
f 727/72/754 725/71/754 1041/297/754 1042/298/754
f 729/73/754 727/72/754 1042/298/754 1043/299/754
f 731/74/754 729/73/754 1043/299/754 1044/300/754
f 733/75/754 731/74/754 1044/300/754 1045/301/754
f 735/76/754 733/75/754 1045/301/754 1046/302/754
f 737/77/754 735/76/754 1046/302/754 1047/303/754
f 739/78/754 737/77/754 1047/303/754 1048/304/754
f 741/79/754 739/78/754 1048/304/754 1049/305/754
f 743/80/754 741/79/754 1049/305/754 1050/306/754
f 745/81/754 743/80/754 1050/306/754 1051/307/754
f 747/82/754 745/81/754 1051/307/754 1052/308/754
f 749/83/754 747/82/754 1052/308/754 1053/309/754
f 751/84/754 749/83/754 1053/309/754 1054/310/754
f 753/85/754 751/84/754 1054/310/754 1055/311/754
f 755/86/754 753/85/754 1055/311/754 1056/312/754
f 757/87/754 755/86/754 1056/312/754 1057/313/754
f 759/88/786 757/87/786 1057/313/786 1058/314/786
f 761/89/787 759/88/787 1058/314/787 1059/315/787
f 763/90/788 761/89/788 1059/315/788 1060/316/788
f 765/91/789 763/90/789 1060/316/789 1061/317/789
f 767/92/790 765/91/790 1061/317/790 1062/318/790
f 769/93/791 767/92/791 1062/318/791 1063/319/791
f 771/94/792 769/93/792 1063/319/792 1064/320/792
f 773/95/793 771/94/793 1064/320/793 1065/321/793
f 775/96/794 773/95/794 1065/321/794 1066/322/794
f 777/97/795 775/96/795 1066/322/795 1067/323/795
f 779/98/754 777/97/754 1067/323/754 1068/324/754
f 781/99/754 779/98/754 1068/324/754 1069/325/754
f 783/100/754 781/99/754 1069/325/754 1070/326/754
f 785/101/754 783/100/754 1070/326/754 1071/327/754
f 787/102/754 785/101/754 1071/327/754 1072/328/754
f 725/71/754 787/102/754 1072/328/754 1041/297/754
f 1037/244/754 1040/247/754 981/293/754 983/291/754 989/285/754 991/283/754 993/281/754 892/281/754 893/279/754 894/277/754 995/277/754 997/275/754 999/273/754 1001/271/754 1003/231/754 1005/232/754 1007/233/754 1009/234/754 1011/235/754 1013/236/754 904/237/754 1015/237/754 905/1/754 1017/238/754 1019/239/754 1021/240/754 1023/241/754 1025/242/754 1027/243/754 1029/254/754 1031/252/754 1033/250/754 1035/248/754
f 873/190/755 872/192/755 862/212/755 861/214/755 860/216/755 874/188/755
f 1038/1/755 1036/1/755 1034/1/755 1032/1/755 1030/1/755 1028/1/755 1026/1/755 1024/1/755 1022/1/755 1020/1/755 1018/1/755 1016/1/755 1014/1/755 1012/1/755 1010/1/755 1008/1/755 1006/1/755 1004/1/755 1002/1/755 1000/1/755 998/1/755 996/1/755 994/1/755 992/1/755 990/1/755 988/1/755 986/1/755 984/1/755 982/1/755 1039/1/755
f 980/329/754 949/330/754 950/331/754 951/332/754 952/333/754 953/334/754 954/335/754 955/336/754 956/337/754 957/338/754 958/339/754 959/340/754 960/341/754 961/342/754 962/343/754 963/344/754 964/345/754 965/346/754 966/347/754 967/348/754 968/349/754 969/350/754 970/351/754 971/352/754 972/353/754 973/354/754 974/355/754 975/356/754 976/357/754 977/358/754 978/359/754 979/360/754
f 1075/289/754 1077/287/754 1085/287/754 1083/289/754
f 1079/1/749 1080/1/749 1088/1/749 1087/1/749
f 1078/222/755 1076/224/755 1084/224/755 1086/222/755
f 989/1/749 990/1/749 1080/1/749 1079/1/749
f 986/224/755 984/226/755 1074/226/755 1076/224/755
f 990/220/755 988/222/755 1078/222/755 1080/220/755
f 983/291/754 985/289/754 1075/289/754 1073/291/754
f 987/287/754 989/285/754 1079/285/754 1077/287/754
f 1086/222/726 1085/287/726 1087/285/726 1088/220/726
f 1084/224/796 1083/289/796 1085/287/796 1086/222/796
f 1082/226/756 1081/291/756 1083/289/756 1084/224/756
f 1076/224/755 1074/226/755 1082/226/755 1084/224/755
f 1080/220/755 1078/222/755 1086/222/755 1088/220/755
f 1074/1/733 1073/1/733 1081/1/733 1082/1/733
f 1073/291/754 1075/289/754 1083/289/754 1081/291/754
f 1077/287/754 1079/285/754 1087/285/754 1085/287/754
f 985/1/741 983/1/741 984/1/741 986/1/741 988/1/741 990/1/741 989/1/741 987/1/741
f 1094/184/745 1093/240/745 1095/241/745 1096/182/745
f 1092/186/744 1091/239/744 1093/240/744 1094/184/744
f 1090/188/743 1089/238/743 1091/239/743 1092/186/743
f 1017/238/754 1019/239/754 1091/239/754 1089/238/754
f 1018/1/752 1017/1/752 1089/1/752 1090/1/752
f 1021/240/754 1023/241/754 1095/241/754 1093/240/754
f 1023/1/797 1024/1/797 1096/1/797 1095/1/797
f 1022/184/798 1020/186/798 1092/186/798 1094/184/798
f 1019/1/759 1017/1/759 1018/1/759 1020/1/759 1022/1/759 1024/1/759 1023/1/759 1021/1/759
f 980/329/764 1128/361/764 1097/362/764 949/363/764
f 979/360/765 1127/364/765 1128/361/765 980/329/765
f 978/359/751 1126/365/751 1127/364/751 979/360/751
f 977/358/750 1125/366/750 1126/365/750 978/359/750
f 976/357/749 1124/367/749 1125/366/749 977/358/749
f 975/356/748 1123/368/748 1124/367/748 976/357/748
f 974/355/747 1122/369/747 1123/368/747 975/356/747
f 973/354/746 1121/370/746 1122/369/746 974/355/746
f 972/353/762 1120/371/762 1121/370/762 973/354/762
f 971/352/799 1119/372/799 1120/371/799 972/353/799
f 970/351/743 1118/373/743 1119/372/743 971/352/743
f 969/350/742 1117/374/742 1118/373/742 970/351/742
f 968/349/800 1116/375/800 1117/374/800 969/350/800
f 967/348/801 1115/376/801 1116/375/801 968/349/801
f 966/347/739 1114/377/739 1115/376/739 967/348/739
f 965/346/738 1113/378/738 1114/377/738 966/347/738
f 964/345/737 1112/379/737 1113/378/737 965/346/737
f 963/344/802 1111/380/802 1112/379/802 964/345/802
f 962/343/735 1110/381/735 1111/380/735 963/344/735
f 961/342/734 1109/382/734 1110/381/734 962/343/734
f 960/341/733 1108/383/733 1109/382/733 961/342/733
f 959/340/732 1107/384/732 1108/383/732 960/341/732
f 958/339/731 1106/385/731 1107/384/731 959/340/731
f 957/338/760 1105/386/760 1106/385/760 958/339/760
f 956/337/729 1104/387/729 1105/386/729 957/338/729
f 955/336/759 1103/388/759 1104/387/759 956/337/759
f 954/335/727 1102/389/727 1103/388/727 955/336/727
f 953/334/726 1101/390/726 1102/389/726 954/335/726
f 952/333/796 1100/391/796 1101/390/796 953/334/796
f 951/332/756 1099/392/756 1100/391/756 952/333/756
f 950/331/723 1098/393/723 1099/392/723 951/332/723
f 949/330/722 1097/394/722 1098/393/722 950/331/722
f 1147/41/754 1148/43/754 1173/43/754 1171/41/754
f 1117/374/755 1116/375/755 1174/375/755 1176/374/755
f 1115/376/755 1114/377/755 1170/377/755 1172/376/755
f 1134/15/754 1135/17/754 1165/17/754 1163/15/754
f 1104/387/755 1103/388/755 1166/388/755 1168/387/755
f 1101/1/735 1133/1/735 1161/1/735 1162/1/735
f 1128/1/755 1127/1/755 1126/1/755 1125/1/755 1124/1/755 1123/1/755 1122/1/755 1121/1/755 1120/1/755 1119/1/755 1118/1/755 1117/1/755 1116/1/755 1115/1/755 1114/1/755 1113/1/755 1112/1/755 1111/1/755 1110/1/755 1109/1/755 1108/1/755 1107/1/755 1106/1/755 1105/1/755 1104/1/755 1103/1/755 1102/1/755 1101/1/755 1100/1/755 1099/1/755 1098/1/755 1097/1/755
f 1159/1/754 1160/1/754 1129/1/754 1130/1/754 1131/1/754 1132/1/754 1133/1/754 1134/1/754 1135/1/754 1136/1/754 1137/1/754 1138/1/754 1139/1/754 1140/1/754 1141/1/754 1142/1/754 1143/1/754 1144/1/754 1145/1/754 1146/1/754 1147/1/754 1148/1/754 1149/1/754 1150/1/754 1151/1/754 1152/1/754 1153/1/754 1154/1/754 1155/1/754 1156/1/754 1157/1/754 1158/1/754
f 1166/388/728 1165/17/728 1167/19/728 1168/387/728
f 1164/389/758 1163/15/758 1165/17/758 1166/388/758
f 1162/390/803 1161/13/803 1163/15/803 1164/389/803
f 1136/1/804 1104/1/804 1168/1/804 1167/1/804
f 1103/388/755 1102/389/755 1164/389/755 1166/388/755
f 1133/13/754 1134/15/754 1163/15/754 1161/13/754
f 1135/17/754 1136/19/754 1167/19/754 1165/17/754
f 1102/389/755 1101/390/755 1162/390/755 1164/389/755
f 1134/1/781 1133/1/781 1101/1/781 1102/1/781 1103/1/781 1104/1/781 1136/1/781 1135/1/781
f 1174/375/741 1173/43/741 1175/45/741 1176/374/741
f 1172/376/805 1171/41/805 1173/43/805 1174/375/805
f 1170/377/739 1169/39/739 1171/41/739 1172/376/739
f 1149/1/732 1117/1/732 1176/1/732 1175/1/732
f 1116/375/755 1115/376/755 1172/376/755 1174/375/755
f 1146/39/754 1147/41/754 1171/41/754 1169/39/754
f 1148/43/754 1149/45/754 1175/45/754 1173/43/754
f 1114/1/748 1146/1/748 1169/1/748 1170/1/748
f 1147/1/756 1146/1/756 1114/1/756 1115/1/756 1116/1/756 1117/1/756 1149/1/756 1148/1/756
s 1
usemtl 材质.013
f 1177/1/2 1189/1/806 1200/1/4 1188/1/5
f 1178/1/6 1190/1/7 1189/1/806 1177/1/2
f 1179/1/8 1191/1/9 1190/1/7 1178/1/6
f 1180/1/10 1192/1/11 1191/1/9 1179/1/8
f 1181/1/807 1193/1/13 1192/1/11 1180/1/10
f 1182/1/14 1194/1/15 1193/1/13 1181/1/807
f 1183/1/808 1195/1/809 1194/1/15 1182/1/14
f 1184/1/18 1196/1/19 1195/1/809 1183/1/808
f 1185/1/20 1197/1/21 1196/1/19 1184/1/18
f 1186/1/22 1198/1/23 1197/1/21 1185/1/20
f 1187/1/24 1199/1/810 1198/1/23 1186/1/22
f 1188/1/5 1200/1/4 1199/1/810 1187/1/24
f 1189/1/806 1201/1/26 1212/1/27 1200/1/4
f 1190/1/7 1202/1/28 1201/1/26 1189/1/806
f 1191/1/9 1203/1/811 1202/1/28 1190/1/7
f 1192/1/11 1204/1/30 1203/1/811 1191/1/9
f 1193/1/13 1205/1/812 1204/1/30 1192/1/11
f 1194/1/15 1206/1/32 1205/1/812 1193/1/13
f 1195/1/809 1207/1/33 1206/1/32 1194/1/15
f 1196/1/19 1208/1/34 1207/1/33 1195/1/809
f 1197/1/21 1209/1/35 1208/1/34 1196/1/19
f 1198/1/23 1210/1/813 1209/1/35 1197/1/21
f 1199/1/810 1211/1/37 1210/1/813 1198/1/23
f 1200/1/4 1212/1/27 1211/1/37 1199/1/810
f 1201/1/26 1213/1/38 1224/1/39 1212/1/27
f 1202/1/28 1214/1/40 1213/1/38 1201/1/26
f 1203/1/811 1215/1/41 1214/1/40 1202/1/28
f 1204/1/30 1216/1/42 1215/1/41 1203/1/811
f 1205/1/812 1217/1/814 1216/1/42 1204/1/30
f 1206/1/32 1218/1/44 1217/1/814 1205/1/812
f 1207/1/33 1219/1/815 1218/1/44 1206/1/32
f 1208/1/34 1220/1/46 1219/1/815 1207/1/33
f 1209/1/35 1221/1/47 1220/1/46 1208/1/34
f 1210/1/813 1222/1/48 1221/1/47 1209/1/35
f 1211/1/37 1223/1/49 1222/1/48 1210/1/813
f 1212/1/27 1224/1/39 1223/1/49 1211/1/37
f 1213/1/38 1225/1/50 1236/1/51 1224/1/39
f 1214/1/40 1226/1/816 1225/1/50 1213/1/38
f 1215/1/41 1227/1/53 1226/1/816 1214/1/40
f 1216/1/42 1228/1/54 1227/1/53 1215/1/41
f 1217/1/814 1229/1/817 1228/1/54 1216/1/42
f 1218/1/44 1230/1/56 1229/1/817 1217/1/814
f 1219/1/815 1231/1/57 1230/1/56 1218/1/44
f 1220/1/46 1232/1/58 1231/1/57 1219/1/815
f 1221/1/47 1233/1/59 1232/1/58 1220/1/46
f 1222/1/48 1234/1/60 1233/1/59 1221/1/47
f 1223/1/49 1235/1/61 1234/1/60 1222/1/48
f 1224/1/39 1236/1/51 1235/1/61 1223/1/49
f 1225/1/50 1237/1/818 1248/1/63 1236/1/51
f 1226/1/816 1238/1/819 1237/1/818 1225/1/50
f 1227/1/53 1239/1/820 1238/1/819 1226/1/816
f 1228/1/54 1240/1/66 1239/1/820 1227/1/53
f 1229/1/817 1241/1/67 1240/1/66 1228/1/54
f 1230/1/56 1242/1/68 1241/1/67 1229/1/817
f 1231/1/57 1243/1/69 1242/1/68 1230/1/56
f 1232/1/58 1244/1/70 1243/1/69 1231/1/57
f 1233/1/59 1245/1/71 1244/1/70 1232/1/58
f 1234/1/60 1246/1/72 1245/1/71 1233/1/59
f 1235/1/61 1247/1/821 1246/1/72 1234/1/60
f 1236/1/51 1248/1/63 1247/1/821 1235/1/61
f 1237/1/818 1249/1/822 1260/1/75 1248/1/63
f 1238/1/819 1250/1/76 1249/1/822 1237/1/818
f 1239/1/820 1251/1/77 1250/1/76 1238/1/819
f 1240/1/66 1252/1/78 1251/1/77 1239/1/820
f 1241/1/67 1253/1/79 1252/1/78 1240/1/66
f 1242/1/68 1254/1/80 1253/1/79 1241/1/67
f 1243/1/69 1255/1/823 1254/1/80 1242/1/68
f 1244/1/70 1256/1/82 1255/1/823 1243/1/69
f 1245/1/71 1257/1/83 1256/1/82 1244/1/70
f 1246/1/72 1258/1/84 1257/1/83 1245/1/71
f 1247/1/821 1259/1/824 1258/1/84 1246/1/72
f 1248/1/63 1260/1/75 1259/1/824 1247/1/821
f 1249/1/822 1261/1/86 1272/1/825 1260/1/75
f 1250/1/76 1262/1/88 1261/1/86 1249/1/822
f 1251/1/77 1263/1/89 1262/1/88 1250/1/76
f 1252/1/78 1264/1/90 1263/1/89 1251/1/77
f 1253/1/79 1265/1/91 1264/1/90 1252/1/78
f 1254/1/80 1266/1/92 1265/1/91 1253/1/79
f 1255/1/823 1267/1/93 1266/1/92 1254/1/80
f 1256/1/82 1268/1/94 1267/1/93 1255/1/823
f 1257/1/83 1269/1/95 1268/1/94 1256/1/82
f 1258/1/84 1270/1/96 1269/1/95 1257/1/83
f 1259/1/824 1271/1/97 1270/1/96 1258/1/84
f 1260/1/75 1272/1/825 1271/1/97 1259/1/824
f 1261/1/86 1273/1/98 1284/1/99 1272/1/825
f 1262/1/88 1274/1/100 1273/1/98 1261/1/86
f 1263/1/89 1275/1/826 1274/1/100 1262/1/88
f 1264/1/90 1276/1/102 1275/1/826 1263/1/89
f 1265/1/91 1277/1/103 1276/1/102 1264/1/90
f 1266/1/92 1278/1/827 1277/1/103 1265/1/91
f 1267/1/93 1279/1/828 1278/1/827 1266/1/92
f 1268/1/94 1280/1/106 1279/1/828 1267/1/93
f 1269/1/95 1281/1/107 1280/1/106 1268/1/94
f 1270/1/96 1282/1/108 1281/1/107 1269/1/95
f 1271/1/97 1283/1/109 1282/1/108 1270/1/96
f 1272/1/825 1284/1/99 1283/1/109 1271/1/97
f 1273/1/98 1285/1/110 1296/1/829 1284/1/99
f 1274/1/100 1286/1/112 1285/1/110 1273/1/98
f 1275/1/826 1287/1/113 1286/1/112 1274/1/100
f 1276/1/102 1288/1/830 1287/1/113 1275/1/826
f 1277/1/103 1289/1/115 1288/1/830 1276/1/102
f 1278/1/827 1290/1/116 1289/1/115 1277/1/103
f 1279/1/828 1291/1/117 1290/1/116 1278/1/827
f 1280/1/106 1292/1/118 1291/1/117 1279/1/828
f 1281/1/107 1293/1/119 1292/1/118 1280/1/106
f 1282/1/108 1294/1/120 1293/1/119 1281/1/107
f 1283/1/109 1295/1/121 1294/1/120 1282/1/108
f 1284/1/99 1296/1/829 1295/1/121 1283/1/109
f 1285/1/110 1297/1/122 1308/1/123 1296/1/829
f 1286/1/112 1298/1/124 1297/1/122 1285/1/110
f 1287/1/113 1299/1/125 1298/1/124 1286/1/112
f 1288/1/830 1300/1/126 1299/1/125 1287/1/113
f 1289/1/115 1301/1/127 1300/1/126 1288/1/830
f 1290/1/116 1302/1/831 1301/1/127 1289/1/115
f 1291/1/117 1303/1/129 1302/1/831 1290/1/116
f 1292/1/118 1304/1/130 1303/1/129 1291/1/117
f 1293/1/119 1305/1/131 1304/1/130 1292/1/118
f 1294/1/120 1306/1/132 1305/1/131 1293/1/119
f 1295/1/121 1307/1/133 1306/1/132 1294/1/120
f 1296/1/829 1308/1/123 1307/1/133 1295/1/121
f 1297/1/122 1309/1/134 1320/1/135 1308/1/123
f 1298/1/124 1310/1/136 1309/1/134 1297/1/122
f 1299/1/125 1311/1/137 1310/1/136 1298/1/124
f 1300/1/126 1312/1/138 1311/1/137 1299/1/125
f 1301/1/127 1313/1/139 1312/1/138 1300/1/126
f 1302/1/831 1314/1/140 1313/1/139 1301/1/127
f 1303/1/129 1315/1/141 1314/1/140 1302/1/831
f 1304/1/130 1316/1/142 1315/1/141 1303/1/129
f 1305/1/131 1317/1/832 1316/1/142 1304/1/130
f 1306/1/132 1318/1/144 1317/1/832 1305/1/131
f 1307/1/133 1319/1/833 1318/1/144 1306/1/132
f 1308/1/123 1320/1/135 1319/1/833 1307/1/133
f 1309/1/134 1321/1/834 1332/1/147 1320/1/135
f 1310/1/136 1322/1/148 1321/1/834 1309/1/134
f 1311/1/137 1323/1/149 1322/1/148 1310/1/136
f 1312/1/138 1324/1/835 1323/1/149 1311/1/137
f 1313/1/139 1325/1/836 1324/1/835 1312/1/138
f 1314/1/140 1326/1/837 1325/1/836 1313/1/139
f 1315/1/141 1327/1/153 1326/1/837 1314/1/140
f 1316/1/142 1328/1/838 1327/1/153 1315/1/141
f 1317/1/832 1329/1/155 1328/1/838 1316/1/142
f 1318/1/144 1330/1/156 1329/1/155 1317/1/832
f 1319/1/833 1331/1/157 1330/1/156 1318/1/144
f 1320/1/135 1332/1/147 1331/1/157 1319/1/833
f 1321/1/834 1333/1/158 1344/1/839 1332/1/147
f 1322/1/148 1334/1/160 1333/1/158 1321/1/834
f 1323/1/149 1335/1/161 1334/1/160 1322/1/148
f 1324/1/835 1336/1/162 1335/1/161 1323/1/149
f 1325/1/836 1337/1/163 1336/1/162 1324/1/835
f 1326/1/837 1338/1/164 1337/1/163 1325/1/836
f 1327/1/153 1339/1/840 1338/1/164 1326/1/837
f 1328/1/838 1340/1/166 1339/1/840 1327/1/153
f 1329/1/155 1341/1/167 1340/1/166 1328/1/838
f 1330/1/156 1342/1/168 1341/1/167 1329/1/155
f 1331/1/157 1343/1/841 1342/1/168 1330/1/156
f 1332/1/147 1344/1/839 1343/1/841 1331/1/157
f 1333/1/158 1345/1/170 1356/1/171 1344/1/839
f 1334/1/160 1346/1/172 1345/1/170 1333/1/158
f 1335/1/161 1347/1/842 1346/1/172 1334/1/160
f 1336/1/162 1348/1/174 1347/1/842 1335/1/161
f 1337/1/163 1349/1/843 1348/1/174 1336/1/162
f 1338/1/164 1350/1/176 1349/1/843 1337/1/163
f 1339/1/840 1351/1/844 1350/1/176 1338/1/164
f 1340/1/166 1352/1/845 1351/1/844 1339/1/840
f 1341/1/167 1353/1/179 1352/1/845 1340/1/166
f 1342/1/168 1354/1/180 1353/1/179 1341/1/167
f 1343/1/841 1355/1/846 1354/1/180 1342/1/168
f 1344/1/839 1356/1/171 1355/1/846 1343/1/841
f 1345/1/170 1357/1/182 1368/1/847 1356/1/171
f 1346/1/172 1358/1/184 1357/1/182 1345/1/170
f 1347/1/842 1359/1/848 1358/1/184 1346/1/172
f 1348/1/174 1360/1/186 1359/1/848 1347/1/842
f 1349/1/843 1361/1/187 1360/1/186 1348/1/174
f 1350/1/176 1362/1/188 1361/1/187 1349/1/843
f 1351/1/844 1363/1/189 1362/1/188 1350/1/176
f 1352/1/845 1364/1/190 1363/1/189 1351/1/844
f 1353/1/179 1365/1/191 1364/1/190 1352/1/845
f 1354/1/180 1366/1/192 1365/1/191 1353/1/179
f 1355/1/846 1367/1/193 1366/1/192 1354/1/180
f 1356/1/171 1368/1/847 1367/1/193 1355/1/846
f 1357/1/182 1369/1/194 1380/1/849 1368/1/847
f 1358/1/184 1370/1/196 1369/1/194 1357/1/182
f 1359/1/848 1371/1/197 1370/1/196 1358/1/184
f 1360/1/186 1372/1/198 1371/1/197 1359/1/848
f 1361/1/187 1373/1/199 1372/1/198 1360/1/186
f 1362/1/188 1374/1/850 1373/1/199 1361/1/187
f 1363/1/189 1375/1/201 1374/1/850 1362/1/188
f 1364/1/190 1376/1/202 1375/1/201 1363/1/189
f 1365/1/191 1377/1/203 1376/1/202 1364/1/190
f 1366/1/192 1378/1/204 1377/1/203 1365/1/191
f 1367/1/193 1379/1/851 1378/1/204 1366/1/192
f 1368/1/847 1380/1/849 1379/1/851 1367/1/193
f 1369/1/194 1381/1/206 1392/1/207 1380/1/849
f 1370/1/196 1382/1/208 1381/1/206 1369/1/194
f 1371/1/197 1383/1/852 1382/1/208 1370/1/196
f 1372/1/198 1384/1/210 1383/1/852 1371/1/197
f 1373/1/199 1385/1/211 1384/1/210 1372/1/198
f 1374/1/850 1386/1/212 1385/1/211 1373/1/199
f 1375/1/201 1387/1/853 1386/1/212 1374/1/850
f 1376/1/202 1388/1/214 1387/1/853 1375/1/201
f 1377/1/203 1389/1/854 1388/1/214 1376/1/202
f 1378/1/204 1390/1/855 1389/1/854 1377/1/203
f 1379/1/851 1391/1/856 1390/1/855 1378/1/204
f 1380/1/849 1392/1/207 1391/1/856 1379/1/851
f 1381/1/206 1393/1/218 1404/1/857 1392/1/207
f 1382/1/208 1394/1/220 1393/1/218 1381/1/206
f 1383/1/852 1395/1/221 1394/1/220 1382/1/208
f 1384/1/210 1396/1/858 1395/1/221 1383/1/852
f 1385/1/211 1397/1/859 1396/1/858 1384/1/210
f 1386/1/212 1398/1/224 1397/1/859 1385/1/211
f 1387/1/853 1399/1/860 1398/1/224 1386/1/212
f 1388/1/214 1400/1/226 1399/1/860 1387/1/853
f 1389/1/854 1401/1/227 1400/1/226 1388/1/214
f 1390/1/855 1402/1/861 1401/1/227 1389/1/854
f 1391/1/856 1403/1/229 1402/1/861 1390/1/855
f 1392/1/207 1404/1/857 1403/1/229 1391/1/856
f 1393/1/218 1405/1/862 1416/1/231 1404/1/857
f 1394/1/220 1406/1/232 1405/1/862 1393/1/218
f 1395/1/221 1407/1/233 1406/1/232 1394/1/220
f 1396/1/858 1408/1/863 1407/1/233 1395/1/221
f 1397/1/859 1409/1/864 1408/1/863 1396/1/858
f 1398/1/224 1410/1/236 1409/1/864 1397/1/859
f 1399/1/860 1411/1/865 1410/1/236 1398/1/224
f 1400/1/226 1412/1/238 1411/1/865 1399/1/860
f 1401/1/227 1413/1/866 1412/1/238 1400/1/226
f 1402/1/861 1414/1/240 1413/1/866 1401/1/227
f 1403/1/229 1415/1/867 1414/1/240 1402/1/861
f 1404/1/857 1416/1/231 1415/1/867 1403/1/229
f 1405/1/862 1417/1/242 1428/1/243 1416/1/231
f 1406/1/232 1418/1/244 1417/1/242 1405/1/862
f 1407/1/233 1419/1/245 1418/1/244 1406/1/232
f 1408/1/863 1420/1/246 1419/1/245 1407/1/233
f 1409/1/864 1421/1/247 1420/1/246 1408/1/863
f 1410/1/236 1422/1/248 1421/1/247 1409/1/864
f 1411/1/865 1423/1/249 1422/1/248 1410/1/236
f 1412/1/238 1424/1/250 1423/1/249 1411/1/865
f 1413/1/866 1425/1/251 1424/1/250 1412/1/238
f 1414/1/240 1426/1/252 1425/1/251 1413/1/866
f 1415/1/867 1427/1/253 1426/1/252 1414/1/240
f 1416/1/231 1428/1/243 1427/1/253 1415/1/867
f 1417/1/242 1429/1/254 1440/1/255 1428/1/243
f 1418/1/244 1430/1/256 1429/1/254 1417/1/242
f 1419/1/245 1431/1/868 1430/1/256 1418/1/244
f 1420/1/246 1432/1/258 1431/1/868 1419/1/245
f 1421/1/247 1433/1/259 1432/1/258 1420/1/246
f 1422/1/248 1434/1/260 1433/1/259 1421/1/247
f 1423/1/249 1435/1/261 1434/1/260 1422/1/248
f 1424/1/250 1436/1/262 1435/1/261 1423/1/249
f 1425/1/251 1437/1/263 1436/1/262 1424/1/250
f 1426/1/252 1438/1/264 1437/1/263 1425/1/251
f 1427/1/253 1439/1/265 1438/1/264 1426/1/252
f 1428/1/243 1440/1/255 1439/1/265 1427/1/253
f 1429/1/254 1441/1/266 1452/1/267 1440/1/255
f 1430/1/256 1442/1/268 1441/1/266 1429/1/254
f 1431/1/868 1443/1/869 1442/1/268 1430/1/256
f 1432/1/258 1444/1/270 1443/1/869 1431/1/868
f 1433/1/259 1445/1/870 1444/1/270 1432/1/258
f 1434/1/260 1446/1/871 1445/1/870 1433/1/259
f 1435/1/261 1447/1/273 1446/1/871 1434/1/260
f 1436/1/262 1448/1/274 1447/1/273 1435/1/261
f 1437/1/263 1449/1/275 1448/1/274 1436/1/262
f 1438/1/264 1450/1/276 1449/1/275 1437/1/263
f 1439/1/265 1451/1/872 1450/1/276 1438/1/264
f 1440/1/255 1452/1/267 1451/1/872 1439/1/265
f 1441/1/266 1453/1/873 1464/1/874 1452/1/267
f 1442/1/268 1454/1/875 1453/1/873 1441/1/266
f 1443/1/869 1455/1/281 1454/1/875 1442/1/268
f 1444/1/270 1456/1/876 1455/1/281 1443/1/869
f 1445/1/870 1457/1/283 1456/1/876 1444/1/270
f 1446/1/871 1458/1/284 1457/1/283 1445/1/870
f 1447/1/273 1459/1/285 1458/1/284 1446/1/871
f 1448/1/274 1460/1/286 1459/1/285 1447/1/273
f 1449/1/275 1461/1/287 1460/1/286 1448/1/274
f 1450/1/276 1462/1/288 1461/1/287 1449/1/275
f 1451/1/872 1463/1/877 1462/1/288 1450/1/276
f 1452/1/267 1464/1/874 1463/1/877 1451/1/872
f 1453/1/873 1465/1/878 1476/1/291 1464/1/874
f 1454/1/875 1466/1/292 1465/1/878 1453/1/873
f 1455/1/281 1467/1/293 1466/1/292 1454/1/875
f 1456/1/876 1468/1/294 1467/1/293 1455/1/281
f 1457/1/283 1469/1/295 1468/1/294 1456/1/876
f 1458/1/284 1470/1/296 1469/1/295 1457/1/283
f 1459/1/285 1471/1/879 1470/1/296 1458/1/284
f 1460/1/286 1472/1/298 1471/1/879 1459/1/285
f 1461/1/287 1473/1/299 1472/1/298 1460/1/286
f 1462/1/288 1474/1/300 1473/1/299 1461/1/287
f 1463/1/877 1475/1/880 1474/1/300 1462/1/288
f 1464/1/874 1476/1/291 1475/1/880 1463/1/877
f 1465/1/878 1477/1/302 1488/1/881 1476/1/291
f 1466/1/292 1478/1/304 1477/1/302 1465/1/878
f 1467/1/293 1479/1/305 1478/1/304 1466/1/292
f 1468/1/294 1480/1/306 1479/1/305 1467/1/293
f 1469/1/295 1481/1/882 1480/1/306 1468/1/294
f 1470/1/296 1482/1/308 1481/1/882 1469/1/295
f 1471/1/879 1483/1/309 1482/1/308 1470/1/296
f 1472/1/298 1484/1/883 1483/1/309 1471/1/879
f 1473/1/299 1485/1/311 1484/1/883 1472/1/298
f 1474/1/300 1486/1/312 1485/1/311 1473/1/299
f 1475/1/880 1487/1/313 1486/1/312 1474/1/300
f 1476/1/291 1488/1/881 1487/1/313 1475/1/880
f 1477/1/302 1489/1/314 1500/1/315 1488/1/881
f 1478/1/304 1490/1/316 1489/1/314 1477/1/302
f 1479/1/305 1491/1/317 1490/1/316 1478/1/304
f 1480/1/306 1492/1/884 1491/1/317 1479/1/305
f 1481/1/882 1493/1/885 1492/1/884 1480/1/306
f 1482/1/308 1494/1/886 1493/1/885 1481/1/882
f 1483/1/309 1495/1/321 1494/1/886 1482/1/308
f 1484/1/883 1496/1/322 1495/1/321 1483/1/309
f 1485/1/311 1497/1/887 1496/1/322 1484/1/883
f 1486/1/312 1498/1/324 1497/1/887 1485/1/311
f 1487/1/313 1499/1/325 1498/1/324 1486/1/312
f 1488/1/881 1500/1/315 1499/1/325 1487/1/313
f 1489/1/314 1501/1/326 1512/1/888 1500/1/315
f 1490/1/316 1502/1/328 1501/1/326 1489/1/314
f 1491/1/317 1503/1/889 1502/1/328 1490/1/316
f 1492/1/884 1504/1/330 1503/1/889 1491/1/317
f 1493/1/885 1505/1/331 1504/1/330 1492/1/884
f 1494/1/886 1506/1/332 1505/1/331 1493/1/885
f 1495/1/321 1507/1/890 1506/1/332 1494/1/886
f 1496/1/322 1508/1/334 1507/1/890 1495/1/321
f 1497/1/887 1509/1/335 1508/1/334 1496/1/322
f 1498/1/324 1510/1/336 1509/1/335 1497/1/887
f 1499/1/325 1511/1/337 1510/1/336 1498/1/324
f 1500/1/315 1512/1/888 1511/1/337 1499/1/325
f 1501/1/326 1513/1/891 1524/1/339 1512/1/888
f 1502/1/328 1514/1/340 1513/1/891 1501/1/326
f 1503/1/889 1515/1/341 1514/1/340 1502/1/328
f 1504/1/330 1516/1/342 1515/1/341 1503/1/889
f 1505/1/331 1517/1/892 1516/1/342 1504/1/330
f 1506/1/332 1518/1/344 1517/1/892 1505/1/331
f 1507/1/890 1519/1/893 1518/1/344 1506/1/332
f 1508/1/334 1520/1/894 1519/1/893 1507/1/890
f 1509/1/335 1521/1/347 1520/1/894 1508/1/334
f 1510/1/336 1522/1/348 1521/1/347 1509/1/335
f 1511/1/337 1523/1/349 1522/1/348 1510/1/336
f 1512/1/888 1524/1/339 1523/1/349 1511/1/337
f 1513/1/891 1525/1/350 1536/1/895 1524/1/339
f 1514/1/340 1526/1/352 1525/1/350 1513/1/891
f 1515/1/341 1527/1/353 1526/1/352 1514/1/340
f 1516/1/342 1528/1/354 1527/1/353 1515/1/341
f 1517/1/892 1529/1/896 1528/1/354 1516/1/342
f 1518/1/344 1530/1/356 1529/1/896 1517/1/892
f 1519/1/893 1531/1/897 1530/1/356 1518/1/344
f 1520/1/894 1532/1/898 1531/1/897 1519/1/893
f 1521/1/347 1533/1/359 1532/1/898 1520/1/894
f 1522/1/348 1534/1/360 1533/1/359 1521/1/347
f 1523/1/349 1535/1/361 1534/1/360 1522/1/348
f 1524/1/339 1536/1/895 1535/1/361 1523/1/349
f 1525/1/350 1537/1/362 1548/1/363 1536/1/895
f 1526/1/352 1538/1/364 1537/1/362 1525/1/350
f 1527/1/353 1539/1/365 1538/1/364 1526/1/352
f 1528/1/354 1540/1/899 1539/1/365 1527/1/353
f 1529/1/896 1541/1/900 1540/1/899 1528/1/354
f 1530/1/356 1542/1/368 1541/1/900 1529/1/896
f 1531/1/897 1543/1/369 1542/1/368 1530/1/356
f 1532/1/898 1544/1/370 1543/1/369 1531/1/897
f 1533/1/359 1545/1/371 1544/1/370 1532/1/898
f 1534/1/360 1546/1/901 1545/1/371 1533/1/359
f 1535/1/361 1547/1/902 1546/1/901 1534/1/360
f 1536/1/895 1548/1/363 1547/1/902 1535/1/361
f 1537/1/362 1549/1/903 1560/1/904 1548/1/363
f 1538/1/364 1550/1/905 1549/1/903 1537/1/362
f 1539/1/365 1551/1/906 1550/1/905 1538/1/364
f 1540/1/899 1552/1/378 1551/1/906 1539/1/365
f 1541/1/900 1553/1/907 1552/1/378 1540/1/899
f 1542/1/368 1554/1/908 1553/1/907 1541/1/900
f 1543/1/369 1555/1/909 1554/1/908 1542/1/368
f 1544/1/370 1556/1/910 1555/1/909 1543/1/369
f 1545/1/371 1557/1/911 1556/1/910 1544/1/370
f 1546/1/901 1558/1/384 1557/1/911 1545/1/371
f 1547/1/902 1559/1/385 1558/1/384 1546/1/901
f 1548/1/363 1560/1/904 1559/1/385 1547/1/902
f 1549/1/903 1561/1/912 1572/1/913 1560/1/904
f 1550/1/905 1562/1/914 1561/1/912 1549/1/903
f 1551/1/906 1563/1/915 1562/1/914 1550/1/905
f 1552/1/378 1564/1/916 1563/1/915 1551/1/906
f 1553/1/907 1565/1/917 1564/1/916 1552/1/378
f 1554/1/908 1566/1/918 1565/1/917 1553/1/907
f 1555/1/909 1567/1/919 1566/1/918 1554/1/908
f 1556/1/910 1568/1/920 1567/1/919 1555/1/909
f 1557/1/911 1569/1/921 1568/1/920 1556/1/910
f 1558/1/384 1570/1/922 1569/1/921 1557/1/911
f 1559/1/385 1571/1/923 1570/1/922 1558/1/384
f 1560/1/904 1572/1/913 1571/1/923 1559/1/385
f 1561/1/912 1573/1/924 1584/1/925 1572/1/913
f 1562/1/914 1574/1/926 1573/1/924 1561/1/912
f 1563/1/915 1575/1/927 1574/1/926 1562/1/914
f 1564/1/916 1576/1/928 1575/1/927 1563/1/915
f 1565/1/917 1577/1/929 1576/1/928 1564/1/916
f 1566/1/918 1578/1/930 1577/1/929 1565/1/917
f 1567/1/919 1579/1/931 1578/1/930 1566/1/918
f 1568/1/920 1580/1/932 1579/1/931 1567/1/919
f 1569/1/921 1581/1/933 1580/1/932 1568/1/920
f 1570/1/922 1582/1/934 1581/1/933 1569/1/921
f 1571/1/923 1583/1/935 1582/1/934 1570/1/922
f 1572/1/913 1584/1/925 1583/1/935 1571/1/923
f 1573/1/924 1585/1/936 1596/1/937 1584/1/925
f 1574/1/926 1586/1/938 1585/1/936 1573/1/924
f 1575/1/927 1587/1/939 1586/1/938 1574/1/926
f 1576/1/928 1588/1/940 1587/1/939 1575/1/927
f 1577/1/929 1589/1/941 1588/1/940 1576/1/928
f 1578/1/930 1590/1/942 1589/1/941 1577/1/929
f 1579/1/931 1591/1/943 1590/1/942 1578/1/930
f 1580/1/932 1592/1/944 1591/1/943 1579/1/931
f 1581/1/933 1593/1/945 1592/1/944 1580/1/932
f 1582/1/934 1594/1/946 1593/1/945 1581/1/933
f 1583/1/935 1595/1/947 1594/1/946 1582/1/934
f 1584/1/925 1596/1/937 1595/1/947 1583/1/935
f 1585/1/936 1597/1/948 1608/1/949 1596/1/937
f 1586/1/938 1598/1/950 1597/1/948 1585/1/936
f 1587/1/939 1599/1/951 1598/1/950 1586/1/938
f 1588/1/940 1600/1/952 1599/1/951 1587/1/939
f 1589/1/941 1601/1/953 1600/1/952 1588/1/940
f 1590/1/942 1602/1/954 1601/1/953 1589/1/941
f 1591/1/943 1603/1/955 1602/1/954 1590/1/942
f 1592/1/944 1604/1/956 1603/1/955 1591/1/943
f 1593/1/945 1605/1/957 1604/1/956 1592/1/944
f 1594/1/946 1606/1/958 1605/1/957 1593/1/945
f 1595/1/947 1607/1/959 1606/1/958 1594/1/946
f 1596/1/937 1608/1/949 1607/1/959 1595/1/947
f 1597/1/948 1609/1/960 1620/1/961 1608/1/949
f 1598/1/950 1610/1/962 1609/1/960 1597/1/948
f 1599/1/951 1611/1/963 1610/1/962 1598/1/950
f 1600/1/952 1612/1/964 1611/1/963 1599/1/951
f 1601/1/953 1613/1/965 1612/1/964 1600/1/952
f 1602/1/954 1614/1/966 1613/1/965 1601/1/953
f 1603/1/955 1615/1/967 1614/1/966 1602/1/954
f 1604/1/956 1616/1/968 1615/1/967 1603/1/955
f 1605/1/957 1617/1/969 1616/1/968 1604/1/956
f 1606/1/958 1618/1/970 1617/1/969 1605/1/957
f 1607/1/959 1619/1/971 1618/1/970 1606/1/958
f 1608/1/949 1620/1/961 1619/1/971 1607/1/959
f 1609/1/960 1621/1/972 1632/1/973 1620/1/961
f 1610/1/962 1622/1/974 1621/1/972 1609/1/960
f 1611/1/963 1623/1/975 1622/1/974 1610/1/962
f 1612/1/964 1624/1/976 1623/1/975 1611/1/963
f 1613/1/965 1625/1/977 1624/1/976 1612/1/964
f 1614/1/966 1626/1/978 1625/1/977 1613/1/965
f 1615/1/967 1627/1/979 1626/1/978 1614/1/966
f 1616/1/968 1628/1/980 1627/1/979 1615/1/967
f 1617/1/969 1629/1/981 1628/1/980 1616/1/968
f 1618/1/970 1630/1/982 1629/1/981 1617/1/969
f 1619/1/971 1631/1/983 1630/1/982 1618/1/970
f 1620/1/961 1632/1/973 1631/1/983 1619/1/971
f 1621/1/972 1633/1/984 1644/1/985 1632/1/973
f 1622/1/974 1634/1/986 1633/1/984 1621/1/972
f 1623/1/975 1635/1/987 1634/1/986 1622/1/974
f 1624/1/976 1636/1/988 1635/1/987 1623/1/975
f 1625/1/977 1637/1/989 1636/1/988 1624/1/976
f 1626/1/978 1638/1/990 1637/1/989 1625/1/977
f 1627/1/979 1639/1/991 1638/1/990 1626/1/978
f 1628/1/980 1640/1/992 1639/1/991 1627/1/979
f 1629/1/981 1641/1/993 1640/1/992 1628/1/980
f 1630/1/982 1642/1/994 1641/1/993 1629/1/981
f 1631/1/983 1643/1/995 1642/1/994 1630/1/982
f 1632/1/973 1644/1/985 1643/1/995 1631/1/983
f 1633/1/984 1645/1/996 1656/1/997 1644/1/985
f 1634/1/986 1646/1/998 1645/1/996 1633/1/984
f 1635/1/987 1647/1/999 1646/1/998 1634/1/986
f 1636/1/988 1648/1/1000 1647/1/999 1635/1/987
f 1637/1/989 1649/1/1001 1648/1/1000 1636/1/988
f 1638/1/990 1650/1/1002 1649/1/1001 1637/1/989
f 1639/1/991 1651/1/1003 1650/1/1002 1638/1/990
f 1640/1/992 1652/1/1004 1651/1/1003 1639/1/991
f 1641/1/993 1653/1/1005 1652/1/1004 1640/1/992
f 1642/1/994 1654/1/1006 1653/1/1005 1641/1/993
f 1643/1/995 1655/1/1007 1654/1/1006 1642/1/994
f 1644/1/985 1656/1/997 1655/1/1007 1643/1/995
f 1645/1/996 1657/1/1008 1668/1/1009 1656/1/997
f 1646/1/998 1658/1/1010 1657/1/1008 1645/1/996
f 1647/1/999 1659/1/1011 1658/1/1010 1646/1/998
f 1648/1/1000 1660/1/1012 1659/1/1011 1647/1/999
f 1649/1/1001 1661/1/1013 1660/1/1012 1648/1/1000
f 1650/1/1002 1662/1/1014 1661/1/1013 1649/1/1001
f 1651/1/1003 1663/1/1015 1662/1/1014 1650/1/1002
f 1652/1/1004 1664/1/1016 1663/1/1015 1651/1/1003
f 1653/1/1005 1665/1/1017 1664/1/1016 1652/1/1004
f 1654/1/1006 1666/1/1018 1665/1/1017 1653/1/1005
f 1655/1/1007 1667/1/1019 1666/1/1018 1654/1/1006
f 1656/1/997 1668/1/1009 1667/1/1019 1655/1/1007
f 1657/1/1008 1669/1/1020 1680/1/1021 1668/1/1009
f 1658/1/1010 1670/1/1022 1669/1/1020 1657/1/1008
f 1659/1/1011 1671/1/1023 1670/1/1022 1658/1/1010
f 1660/1/1012 1672/1/1024 1671/1/1023 1659/1/1011
f 1661/1/1013 1673/1/1025 1672/1/1024 1660/1/1012
f 1662/1/1014 1674/1/1026 1673/1/1025 1661/1/1013
f 1663/1/1015 1675/1/1027 1674/1/1026 1662/1/1014
f 1664/1/1016 1676/1/1028 1675/1/1027 1663/1/1015
f 1665/1/1017 1677/1/1029 1676/1/1028 1664/1/1016
f 1666/1/1018 1678/1/1030 1677/1/1029 1665/1/1017
f 1667/1/1019 1679/1/1031 1678/1/1030 1666/1/1018
f 1668/1/1009 1680/1/1021 1679/1/1031 1667/1/1019
f 1669/1/1020 1681/1/1032 1692/1/1033 1680/1/1021
f 1670/1/1022 1682/1/1034 1681/1/1032 1669/1/1020
f 1671/1/1023 1683/1/1035 1682/1/1034 1670/1/1022
f 1672/1/1024 1684/1/1036 1683/1/1035 1671/1/1023
f 1673/1/1025 1685/1/1037 1684/1/1036 1672/1/1024
f 1674/1/1026 1686/1/1038 1685/1/1037 1673/1/1025
f 1675/1/1027 1687/1/1039 1686/1/1038 1674/1/1026
f 1676/1/1028 1688/1/1040 1687/1/1039 1675/1/1027
f 1677/1/1029 1689/1/1041 1688/1/1040 1676/1/1028
f 1678/1/1030 1690/1/1042 1689/1/1041 1677/1/1029
f 1679/1/1031 1691/1/1043 1690/1/1042 1678/1/1030
f 1680/1/1021 1692/1/1033 1691/1/1043 1679/1/1031
f 1681/1/1032 1693/1/1044 1704/1/1045 1692/1/1033
f 1682/1/1034 1694/1/1046 1693/1/1044 1681/1/1032
f 1683/1/1035 1695/1/1047 1694/1/1046 1682/1/1034
f 1684/1/1036 1696/1/1048 1695/1/1047 1683/1/1035
f 1685/1/1037 1697/1/1049 1696/1/1048 1684/1/1036
f 1686/1/1038 1698/1/1050 1697/1/1049 1685/1/1037
f 1687/1/1039 1699/1/1051 1698/1/1050 1686/1/1038
f 1688/1/1040 1700/1/1052 1699/1/1051 1687/1/1039
f 1689/1/1041 1701/1/1053 1700/1/1052 1688/1/1040
f 1690/1/1042 1702/1/1054 1701/1/1053 1689/1/1041
f 1691/1/1043 1703/1/1055 1702/1/1054 1690/1/1042
f 1692/1/1033 1704/1/1045 1703/1/1055 1691/1/1043
f 1693/1/1044 1705/1/1056 1716/1/1057 1704/1/1045
f 1694/1/1046 1706/1/1058 1705/1/1056 1693/1/1044
f 1695/1/1047 1707/1/1059 1706/1/1058 1694/1/1046
f 1696/1/1048 1708/1/1060 1707/1/1059 1695/1/1047
f 1697/1/1049 1709/1/1061 1708/1/1060 1696/1/1048
f 1698/1/1050 1710/1/1062 1709/1/1061 1697/1/1049
f 1699/1/1051 1711/1/1063 1710/1/1062 1698/1/1050
f 1700/1/1052 1712/1/1064 1711/1/1063 1699/1/1051
f 1701/1/1053 1713/1/1065 1712/1/1064 1700/1/1052
f 1702/1/1054 1714/1/1066 1713/1/1065 1701/1/1053
f 1703/1/1055 1715/1/1067 1714/1/1066 1702/1/1054
f 1704/1/1045 1716/1/1057 1715/1/1067 1703/1/1055
f 1705/1/1056 1717/1/1068 1728/1/1069 1716/1/1057
f 1706/1/1058 1718/1/1070 1717/1/1068 1705/1/1056
f 1707/1/1059 1719/1/1071 1718/1/1070 1706/1/1058
f 1708/1/1060 1720/1/1072 1719/1/1071 1707/1/1059
f 1709/1/1061 1721/1/1073 1720/1/1072 1708/1/1060
f 1710/1/1062 1722/1/1074 1721/1/1073 1709/1/1061
f 1711/1/1063 1723/1/1075 1722/1/1074 1710/1/1062
f 1712/1/1064 1724/1/1076 1723/1/1075 1711/1/1063
f 1713/1/1065 1725/1/1077 1724/1/1076 1712/1/1064
f 1714/1/1066 1726/1/1078 1725/1/1077 1713/1/1065
f 1715/1/1067 1727/1/1079 1726/1/1078 1714/1/1066
f 1716/1/1057 1728/1/1069 1727/1/1079 1715/1/1067
f 1717/1/1068 1729/1/1080 1740/1/1081 1728/1/1069
f 1718/1/1070 1730/1/1082 1729/1/1080 1717/1/1068
f 1719/1/1071 1731/1/1083 1730/1/1082 1718/1/1070
f 1720/1/1072 1732/1/1084 1731/1/1083 1719/1/1071
f 1721/1/1073 1733/1/1085 1732/1/1084 1720/1/1072
f 1722/1/1074 1734/1/1086 1733/1/1085 1721/1/1073
f 1723/1/1075 1735/1/1087 1734/1/1086 1722/1/1074
f 1724/1/1076 1736/1/1088 1735/1/1087 1723/1/1075
f 1725/1/1077 1737/1/1089 1736/1/1088 1724/1/1076
f 1726/1/1078 1738/1/1090 1737/1/1089 1725/1/1077
f 1727/1/1079 1739/1/1091 1738/1/1090 1726/1/1078
f 1728/1/1069 1740/1/1081 1739/1/1091 1727/1/1079
f 1729/1/1080 1741/1/1092 1752/1/1093 1740/1/1081
f 1730/1/1082 1742/1/1094 1741/1/1092 1729/1/1080
f 1731/1/1083 1743/1/1095 1742/1/1094 1730/1/1082
f 1732/1/1084 1744/1/1096 1743/1/1095 1731/1/1083
f 1733/1/1085 1745/1/1097 1744/1/1096 1732/1/1084
f 1734/1/1086 1746/1/1098 1745/1/1097 1733/1/1085
f 1735/1/1087 1747/1/1099 1746/1/1098 1734/1/1086
f 1736/1/1088 1748/1/1100 1747/1/1099 1735/1/1087
f 1737/1/1089 1749/1/1101 1748/1/1100 1736/1/1088
f 1738/1/1090 1750/1/1102 1749/1/1101 1737/1/1089
f 1739/1/1091 1751/1/1103 1750/1/1102 1738/1/1090
f 1740/1/1081 1752/1/1093 1751/1/1103 1739/1/1091
f 1741/1/1092 1753/1/1104 1764/1/1105 1752/1/1093
f 1742/1/1094 1754/1/1106 1753/1/1104 1741/1/1092
f 1743/1/1095 1755/1/1107 1754/1/1106 1742/1/1094
f 1744/1/1096 1756/1/1108 1755/1/1107 1743/1/1095
f 1745/1/1097 1757/1/1109 1756/1/1108 1744/1/1096
f 1746/1/1098 1758/1/1110 1757/1/1109 1745/1/1097
f 1747/1/1099 1759/1/1111 1758/1/1110 1746/1/1098
f 1748/1/1100 1760/1/1112 1759/1/1111 1747/1/1099
f 1749/1/1101 1761/1/1113 1760/1/1112 1748/1/1100
f 1750/1/1102 1762/1/1114 1761/1/1113 1749/1/1101
f 1751/1/1103 1763/1/1115 1762/1/1114 1750/1/1102
f 1752/1/1093 1764/1/1105 1763/1/1115 1751/1/1103
f 1753/1/1104 1765/1/1116 1776/1/1117 1764/1/1105
f 1754/1/1106 1766/1/1118 1765/1/1116 1753/1/1104
f 1755/1/1107 1767/1/1119 1766/1/1118 1754/1/1106
f 1756/1/1108 1768/1/1120 1767/1/1119 1755/1/1107
f 1757/1/1109 1769/1/1121 1768/1/1120 1756/1/1108
f 1758/1/1110 1770/1/1122 1769/1/1121 1757/1/1109
f 1759/1/1111 1771/1/1123 1770/1/1122 1758/1/1110
f 1760/1/1112 1772/1/1124 1771/1/1123 1759/1/1111
f 1761/1/1113 1773/1/1125 1772/1/1124 1760/1/1112
f 1762/1/1114 1774/1/1126 1773/1/1125 1761/1/1113
f 1763/1/1115 1775/1/1127 1774/1/1126 1762/1/1114
f 1764/1/1105 1776/1/1117 1775/1/1127 1763/1/1115
f 1765/1/1116 1777/1/1128 1788/1/1129 1776/1/1117
f 1766/1/1118 1778/1/1130 1777/1/1128 1765/1/1116
f 1767/1/1119 1779/1/1131 1778/1/1130 1766/1/1118
f 1768/1/1120 1780/1/1132 1779/1/1131 1767/1/1119
f 1769/1/1121 1781/1/1133 1780/1/1132 1768/1/1120
f 1770/1/1122 1782/1/1134 1781/1/1133 1769/1/1121
f 1771/1/1123 1783/1/1135 1782/1/1134 1770/1/1122
f 1772/1/1124 1784/1/1136 1783/1/1135 1771/1/1123
f 1773/1/1125 1785/1/1137 1784/1/1136 1772/1/1124
f 1774/1/1126 1786/1/1138 1785/1/1137 1773/1/1125
f 1775/1/1127 1787/1/1139 1786/1/1138 1774/1/1126
f 1776/1/1117 1788/1/1129 1787/1/1139 1775/1/1127
f 1777/1/1128 1789/1/1140 1800/1/1141 1788/1/1129
f 1778/1/1130 1790/1/1142 1789/1/1140 1777/1/1128
f 1779/1/1131 1791/1/1143 1790/1/1142 1778/1/1130
f 1780/1/1132 1792/1/1144 1791/1/1143 1779/1/1131
f 1781/1/1133 1793/1/1145 1792/1/1144 1780/1/1132
f 1782/1/1134 1794/1/1146 1793/1/1145 1781/1/1133
f 1783/1/1135 1795/1/1147 1794/1/1146 1782/1/1134
f 1784/1/1136 1796/1/1148 1795/1/1147 1783/1/1135
f 1785/1/1137 1797/1/1149 1796/1/1148 1784/1/1136
f 1786/1/1138 1798/1/1150 1797/1/1149 1785/1/1137
f 1787/1/1139 1799/1/1151 1798/1/1150 1786/1/1138
f 1788/1/1129 1800/1/1141 1799/1/1151 1787/1/1139
f 1789/1/1140 1801/1/1152 1812/1/1153 1800/1/1141
f 1790/1/1142 1802/1/1154 1801/1/1152 1789/1/1140
f 1791/1/1143 1803/1/1155 1802/1/1154 1790/1/1142
f 1792/1/1144 1804/1/1156 1803/1/1155 1791/1/1143
f 1793/1/1145 1805/1/1157 1804/1/1156 1792/1/1144
f 1794/1/1146 1806/1/1158 1805/1/1157 1793/1/1145
f 1795/1/1147 1807/1/1159 1806/1/1158 1794/1/1146
f 1796/1/1148 1808/1/1160 1807/1/1159 1795/1/1147
f 1797/1/1149 1809/1/1161 1808/1/1160 1796/1/1148
f 1798/1/1150 1810/1/1162 1809/1/1161 1797/1/1149
f 1799/1/1151 1811/1/1163 1810/1/1162 1798/1/1150
f 1800/1/1141 1812/1/1153 1811/1/1163 1799/1/1151
f 1801/1/1152 1813/1/1164 1824/1/1165 1812/1/1153
f 1802/1/1154 1814/1/1166 1813/1/1164 1801/1/1152
f 1803/1/1155 1815/1/1167 1814/1/1166 1802/1/1154
f 1804/1/1156 1816/1/1168 1815/1/1167 1803/1/1155
f 1805/1/1157 1817/1/1169 1816/1/1168 1804/1/1156
f 1806/1/1158 1818/1/1170 1817/1/1169 1805/1/1157
f 1807/1/1159 1819/1/1171 1818/1/1170 1806/1/1158
f 1808/1/1160 1820/1/1172 1819/1/1171 1807/1/1159
f 1809/1/1161 1821/1/1173 1820/1/1172 1808/1/1160
f 1810/1/1162 1822/1/1174 1821/1/1173 1809/1/1161
f 1811/1/1163 1823/1/1175 1822/1/1174 1810/1/1162
f 1812/1/1153 1824/1/1165 1823/1/1175 1811/1/1163
f 1813/1/1164 1825/1/1176 1836/1/1177 1824/1/1165
f 1814/1/1166 1826/1/1178 1825/1/1176 1813/1/1164
f 1815/1/1167 1827/1/1179 1826/1/1178 1814/1/1166
f 1816/1/1168 1828/1/1180 1827/1/1179 1815/1/1167
f 1817/1/1169 1829/1/1181 1828/1/1180 1816/1/1168
f 1818/1/1170 1830/1/1182 1829/1/1181 1817/1/1169
f 1819/1/1171 1831/1/1183 1830/1/1182 1818/1/1170
f 1820/1/1172 1832/1/1184 1831/1/1183 1819/1/1171
f 1821/1/1173 1833/1/1185 1832/1/1184 1820/1/1172
f 1822/1/1174 1834/1/1186 1833/1/1185 1821/1/1173
f 1823/1/1175 1835/1/1187 1834/1/1186 1822/1/1174
f 1824/1/1165 1836/1/1177 1835/1/1187 1823/1/1175
f 1825/1/1176 1837/1/1188 1848/1/1189 1836/1/1177
f 1826/1/1178 1838/1/1190 1837/1/1188 1825/1/1176
f 1827/1/1179 1839/1/1191 1838/1/1190 1826/1/1178
f 1828/1/1180 1840/1/1192 1839/1/1191 1827/1/1179
f 1829/1/1181 1841/1/1193 1840/1/1192 1828/1/1180
f 1830/1/1182 1842/1/1194 1841/1/1193 1829/1/1181
f 1831/1/1183 1843/1/1195 1842/1/1194 1830/1/1182
f 1832/1/1184 1844/1/1196 1843/1/1195 1831/1/1183
f 1833/1/1185 1845/1/1197 1844/1/1196 1832/1/1184
f 1834/1/1186 1846/1/1198 1845/1/1197 1833/1/1185
f 1835/1/1187 1847/1/1199 1846/1/1198 1834/1/1186
f 1836/1/1177 1848/1/1189 1847/1/1199 1835/1/1187
f 1837/1/1188 1849/1/1200 1860/1/1201 1848/1/1189
f 1838/1/1190 1850/1/1202 1849/1/1200 1837/1/1188
f 1839/1/1191 1851/1/1203 1850/1/1202 1838/1/1190
f 1840/1/1192 1852/1/1204 1851/1/1203 1839/1/1191
f 1841/1/1193 1853/1/1205 1852/1/1204 1840/1/1192
f 1842/1/1194 1854/1/1206 1853/1/1205 1841/1/1193
f 1843/1/1195 1855/1/1207 1854/1/1206 1842/1/1194
f 1844/1/1196 1856/1/1208 1855/1/1207 1843/1/1195
f 1845/1/1197 1857/1/1209 1856/1/1208 1844/1/1196
f 1846/1/1198 1858/1/1210 1857/1/1209 1845/1/1197
f 1847/1/1199 1859/1/1211 1858/1/1210 1846/1/1198
f 1848/1/1189 1860/1/1201 1859/1/1211 1847/1/1199
f 1849/1/1200 1861/1/1212 1872/1/1213 1860/1/1201
f 1850/1/1202 1862/1/1214 1861/1/1212 1849/1/1200
f 1851/1/1203 1863/1/1215 1862/1/1214 1850/1/1202
f 1852/1/1204 1864/1/1216 1863/1/1215 1851/1/1203
f 1853/1/1205 1865/1/1217 1864/1/1216 1852/1/1204
f 1854/1/1206 1866/1/1218 1865/1/1217 1853/1/1205
f 1855/1/1207 1867/1/1219 1866/1/1218 1854/1/1206
f 1856/1/1208 1868/1/1220 1867/1/1219 1855/1/1207
f 1857/1/1209 1869/1/1221 1868/1/1220 1856/1/1208
f 1858/1/1210 1870/1/1222 1869/1/1221 1857/1/1209
f 1859/1/1211 1871/1/1223 1870/1/1222 1858/1/1210
f 1860/1/1201 1872/1/1213 1871/1/1223 1859/1/1211
f 1861/1/1212 1873/1/1224 1884/1/1225 1872/1/1213
f 1862/1/1214 1874/1/1226 1873/1/1224 1861/1/1212
f 1863/1/1215 1875/1/1227 1874/1/1226 1862/1/1214
f 1864/1/1216 1876/1/1228 1875/1/1227 1863/1/1215
f 1865/1/1217 1877/1/1229 1876/1/1228 1864/1/1216
f 1866/1/1218 1878/1/1230 1877/1/1229 1865/1/1217
f 1867/1/1219 1879/1/1231 1878/1/1230 1866/1/1218
f 1868/1/1220 1880/1/1232 1879/1/1231 1867/1/1219
f 1869/1/1221 1881/1/1233 1880/1/1232 1868/1/1220
f 1870/1/1222 1882/1/1234 1881/1/1233 1869/1/1221
f 1871/1/1223 1883/1/1235 1882/1/1234 1870/1/1222
f 1872/1/1213 1884/1/1225 1883/1/1235 1871/1/1223
f 1873/1/1224 1885/1/1236 1896/1/1237 1884/1/1225
f 1874/1/1226 1886/1/1238 1885/1/1236 1873/1/1224
f 1875/1/1227 1887/1/1239 1886/1/1238 1874/1/1226
f 1876/1/1228 1888/1/1240 1887/1/1239 1875/1/1227
f 1877/1/1229 1889/1/1241 1888/1/1240 1876/1/1228
f 1878/1/1230 1890/1/1242 1889/1/1241 1877/1/1229
f 1879/1/1231 1891/1/1243 1890/1/1242 1878/1/1230
f 1880/1/1232 1892/1/1244 1891/1/1243 1879/1/1231
f 1881/1/1233 1893/1/1245 1892/1/1244 1880/1/1232
f 1882/1/1234 1894/1/1246 1893/1/1245 1881/1/1233
f 1883/1/1235 1895/1/1247 1894/1/1246 1882/1/1234
f 1884/1/1225 1896/1/1237 1895/1/1247 1883/1/1235
s 0
usemtl 材质.008
f 1897/395/1248 2334/396/1248 2333/397/1248 1898/398/1248
f 1899/399/755 1897/44/755 1898/28/755 1900/400/755
f 1901/395/1248 2330/396/1248 2328/397/1248 1902/398/1248
f 1903/399/755 1901/44/755 1902/28/755 1904/400/755
f 1905/395/1248 2325/396/1248 2326/397/1248 1906/398/1248
f 1907/399/755 1905/44/755 1906/28/755 1908/400/755
f 1909/395/1248 2322/401/1248 2320/402/1248 2321/403/1248 1910/398/1248
f 1911/399/755 1909/44/755 1910/28/755 1912/400/755
f 1913/395/1248 2319/401/1248 2316/403/1248 1914/398/1248
f 1915/399/755 1913/44/755 1914/28/755 1916/400/755
f 1917/395/1248 2313/401/1248 2312/403/1248 1918/398/1248
f 1919/399/755 1917/44/755 1918/28/755 1920/400/755
f 1921/395/1248 2311/401/1248 2306/403/1248 1922/398/1248
f 1923/399/755 1921/44/755 1922/28/755 1924/400/755
f 1925/395/1248 2305/404/1248 2303/405/1248 2304/406/1248 1926/398/1248
f 1927/399/755 1925/44/755 1926/28/755 1928/400/755
f 1929/395/1248 2301/404/1248 2302/407/1248 2297/406/1248 1930/398/1248
f 1931/399/755 1929/44/755 1930/28/755 1932/400/755
f 1933/395/1248 2292/404/1248 2293/408/1248 2291/406/1248 1934/398/1248
f 1935/399/755 1933/44/755 1934/28/755 1936/400/755
f 1937/395/1249 2290/404/1249 2286/409/1249 2282/406/1249 1938/398/1249
f 1939/399/755 1937/44/755 1938/28/755 1940/400/755
f 1941/395/1248 2279/396/1248 2278/410/1248 2274/397/1248 1942/398/1248
f 1943/399/755 1941/44/755 1942/28/755 1944/400/755
f 1945/395/1248 2275/396/1248 2281/397/1248 1946/398/1248
f 1947/399/755 1945/44/755 1946/28/755 1948/400/755
f 1949/395/1248 2271/404/1248 2263/411/1248 2264/406/1248 1950/398/1248
f 1951/399/755 1949/44/755 1950/28/755 1952/400/755
f 1953/395/1248 2270/404/1248 2268/406/1248 1954/398/1248
f 1955/399/755 1953/44/755 1954/28/755 1956/400/755
f 1957/395/1248 2267/404/1248 2259/406/1248 1958/398/1248
f 1959/399/755 1957/44/755 1958/28/755 1960/400/755
f 1961/395/1248 2258/401/1248 2257/403/1248 1962/398/1248
f 1963/399/755 1961/44/755 1962/28/755 1964/400/755
f 1965/395/1248 2254/401/1248 2252/403/1248 1966/398/1248
f 1967/399/755 1965/44/755 1966/28/755 1968/400/755
f 1969/395/1248 2249/401/1248 2250/403/1248 1970/398/1248
f 1971/399/755 1969/44/755 1970/28/755 1972/400/755
f 1973/395/1248 2247/401/1248 2245/403/1248 1974/398/1248
f 1975/399/755 1973/44/755 1974/28/755 1976/400/755
f 1977/395/1248 2240/401/1248 2242/403/1248 1978/398/1248
f 1979/399/755 1977/44/755 1978/28/755 1980/400/755
f 1981/395/1248 1982/398/1248 2199/412/1248 2200/413/1248
f 1988/399/755 1990/400/755 1982/28/755 1981/44/755
f 2195/414/1248 2196/415/1248 2193/416/1248 1995/398/1248 1993/395/1248 2194/417/1248
f 1997/399/755 1993/44/755 1995/28/755 1999/400/755
f 2190/414/1248 2191/415/1248 2186/416/1248 2002/398/1248 2001/395/1248 2182/417/1248
f 2003/399/755 2001/44/755 2002/28/755 2004/400/755
f 2179/418/1248 2180/419/1248 2177/416/1248 2006/398/1248 2005/395/1248 2178/417/1248
f 2007/399/755 2005/44/755 2006/28/755 2008/400/755
f 2175/420/1248 2176/415/1248 2170/416/1248 2010/398/1248 2009/395/1248 2166/417/1248
f 2011/399/755 2009/44/755 2010/28/755 2012/400/755
f 2163/418/1248 2164/419/1248 2161/416/1248 2014/398/1248 2013/395/1248 2162/417/1248
f 2015/399/755 2013/44/755 2014/28/755 2016/400/755
f 2159/414/1248 2160/415/1248 2153/416/1248 2018/398/1248 2017/395/1248 2157/417/1248
f 2019/399/755 2017/44/755 2018/28/755 2020/400/755
f 2145/414/1248 2146/415/1248 2144/416/1248 2022/398/1248 2021/395/1248 2143/417/1248
f 2023/399/755 2021/44/755 2022/28/755 2024/400/755
f 2140/414/1248 2141/415/1248 2137/416/1248 2026/398/1248 2025/395/1248 2142/417/1248
f 2027/399/755 2025/44/755 2026/28/755 2028/400/755
f 2131/414/1248 2132/415/1248 2128/416/1248 2030/398/1248 2029/395/1248 2125/417/1248
f 2031/399/755 2029/44/755 2030/28/755 2032/400/755
f 2126/414/1248 2127/415/1248 2122/416/1248 2034/398/1248 2033/395/1248 2118/417/1248
f 2035/399/755 2033/44/755 2034/28/755 2036/400/755
f 2115/414/1248 2116/415/1248 2113/416/1248 2038/398/1248 2037/395/1248 2114/417/1248
f 2039/399/755 2037/44/755 2038/28/755 2040/400/755
f 2106/414/1248 2107/415/1248 2105/416/1248 2042/398/1248 2041/395/1248 2103/417/1248
f 2043/399/755 2041/44/755 2042/28/755 2044/400/755
f 2100/414/1248 2101/415/1248 2097/416/1248 2046/398/1248 2045/395/1248 2102/417/1248
f 2047/399/755 2045/44/755 2046/28/755 2048/400/755
f 2091/414/1248 2092/415/1248 2089/416/1248 2050/398/1248 2049/395/1248 2090/417/1248
f 2051/399/755 2049/44/755 2050/28/755 2052/400/755
f 2085/414/1248 2086/415/1248 2077/416/1248 2054/398/1248 2053/395/1248 2087/417/1248
f 2055/399/755 2053/44/755 2054/28/755 2056/400/755
f 2105/421/755 2107/422/755 2109/423/755 2104/424/755 2113/425/755 2116/426/755 2121/427/755 2119/428/755 2122/429/755 2127/430/755 2130/431/755 2124/432/755 2128/433/755 2132/434/755 2134/435/755 2136/436/755 2137/437/755 2141/438/755 2148/439/755 2139/440/755 2144/441/755 2146/442/755 2150/443/755 2152/444/755 2153/445/755 2160/446/755 2155/447/755 2158/448/755 2161/449/755 2164/450/755 2169/451/755 2167/452/755 2170/453/755 2176/454/755 2172/455/755 2174/456/755 2177/457/755 2180/458/755 2185/459/755 2183/460/755 2186/461/755 2191/462/755 2188/463/755 2192/464/755 2193/465/755 2196/466/755 2058/467/755 2059/468/755 2062/469/755 2061/470/755 2080/471/755 2078/472/755 2077/473/755 2086/474/755 2083/475/755 2088/476/755 2089/477/755 2092/478/755 2094/479/755 2096/480/755 2097/481/755 2101/482/755 2112/483/755 2099/484/755
f 2063/173/1250 2064/189/1250 2060/399/1250 2057/485/1250
f 2066/486/755 2067/487/755 2064/189/755 2063/488/755
f 2066/486/1249 2065/489/1249 2069/489/1249 2070/486/1249
f 2061/470/1248 2062/469/1248 2076/469/1248 2075/470/1248
f 2065/489/1251 2068/490/1251 2072/490/1251 2069/489/1251
f 2059/468/1252 2058/467/1252 2074/467/1252 2073/468/1252
f 2073/468/755 2074/467/755 2070/486/755 2069/489/755
f 2081/491/755 2079/471/755 2075/470/755 2071/487/755 2070/486/755 2074/467/755 2195/466/755 2194/492/755 2189/493/755 2187/463/755 2190/462/755 2182/494/755 2181/495/755 2184/459/755 2179/458/755 2178/496/755 2173/497/755 2171/455/755 2175/454/755 2166/498/755 2165/499/755 2168/451/755 2163/450/755 2162/500/755 2156/501/755 2154/447/755 2159/446/755 2157/502/755 2151/503/755 2149/443/755 2145/442/755 2143/504/755 2138/505/755 2147/439/755 2140/438/755 2142/506/755 2135/507/755 2133/435/755 2131/434/755 2125/508/755 2123/509/755 2129/431/755 2126/430/755 2118/510/755 2117/511/755 2120/427/755 2115/426/755 2114/512/755 2110/513/755 2108/423/755 2106/422/755 2103/514/755 2098/515/755 2111/483/755 2100/482/755 2102/516/755 2095/517/755 2093/479/755 2091/478/755 2090/518/755 2084/519/755 2082/475/755 2085/474/755 2087/520/755
f 2076/469/755 2073/468/755 2069/489/755 2072/490/755
f 2075/470/755 2076/469/755 2072/490/755 2071/487/755
f 2058/467/1250 2196/466/1250 2195/466/1250 2074/467/1250
f 2068/490/1252 2067/487/1252 2071/487/1252 2072/490/1252
f 2067/487/1 2066/486/1 2070/486/1 2071/487/1
f 2062/469/1253 2059/468/1253 2073/468/1253 2076/469/1253
f 2088/521/1250 2052/400/1250 2050/522/1250 2089/523/1250
f 2143/524/1 2021/485/1 2023/399/1 2138/525/1
f 2093/526/1252 2095/525/1252 2047/399/1252 2048/400/1252 2096/521/1252 2094/527/1252
f 2096/521/1250 2048/400/1250 2046/522/1250 2097/523/1250
f 2192/521/1250 1999/400/1250 1995/522/1250 2193/523/1250
f 2149/528/1252 2151/525/1252 2019/399/1252 2020/400/1252 2152/521/1252 2150/529/1252
f 2162/524/1253 2013/485/1253 2015/399/1253 2156/525/1253
f 2171/530/1252 2173/525/1252 2007/399/1252 2008/400/1252 2174/521/1252 2172/531/1252
f 2090/524/1253 2049/485/1253 2051/399/1253 2084/525/1253
f 2187/463/1251 2188/463/1251 2191/462/1251 2190/462/1251
f 2184/459/1250 2185/459/1250 2180/458/1250 2179/458/1250
f 2171/455/1250 2172/455/1250 2176/454/1250 2175/454/1250
f 2168/451/1251 2169/451/1251 2164/450/1251 2163/450/1251
f 2154/447/1250 2155/447/1250 2160/446/1250 2159/446/1250
f 2149/443/1250 2150/443/1250 2146/442/1250 2145/442/1250
f 2147/439/1251 2148/439/1251 2141/438/1251 2140/438/1251
f 2133/435/1250 2134/435/1250 2132/434/1250 2131/434/1250
f 2129/431/1251 2130/431/1251 2127/430/1251 2126/430/1251
f 2120/427/1250 2121/427/1250 2116/426/1250 2115/426/1250
f 2108/423/1250 2109/423/1250 2107/422/1250 2106/422/1250
f 2111/483/1251 2112/483/1251 2101/482/1251 2100/482/1251
f 2093/479/1251 2094/479/1251 2092/478/1251 2091/478/1251
f 2082/475/1251 2083/475/1251 2086/474/1251 2085/474/1251
f 2079/471/1251 2080/471/1251 2061/470/1251 2075/470/1251
f 2142/524/1 2025/485/1 2027/399/1 2135/525/1
f 2166/524/1253 2009/485/1253 2011/399/1253 2165/525/1253
f 2119/521/1250 2036/400/1250 2034/522/1250 2122/523/1250
f 2158/521/1250 2016/400/1250 2014/522/1250 2161/523/1250
f 2174/521/1250 2008/400/1250 2006/522/1250 2177/523/1250
f 2099/521/1250 2044/400/1250 2042/522/1250 2105/523/1250
f 2087/524/1 2053/485/1 2055/399/1 2081/525/1
f 2178/524/1253 2005/485/1253 2007/399/1253 2173/525/1253
f 2157/524/1 2017/485/1 2019/399/1 2151/525/1
f 2125/524/1 2029/485/1 2031/399/1 2123/525/1
f 2168/528/1252 2165/525/1252 2011/399/1252 2012/400/1252 2167/521/1252 2169/529/1252
f 2103/524/1 2041/485/1 2043/399/1 2098/525/1
f 2139/521/1250 2024/400/1250 2022/522/1250 2144/523/1250
f 2078/521/1250 2056/400/1250 2054/522/1250 2077/523/1250
f 2079/528/1252 2081/525/1252 2055/399/1252 2056/400/1252 2078/521/1252 2080/529/1252
f 2104/521/1250 2040/400/1250 2038/522/1250 2113/523/1250
f 2133/528/1252 2135/525/1252 2027/399/1252 2028/400/1252 2136/521/1252 2134/529/1252
f 2111/528/1252 2098/525/1252 2043/399/1252 2044/400/1252 2099/521/1252 2112/529/1252
f 2118/524/1 2033/485/1 2035/399/1 2117/525/1
f 2194/524/1 1993/485/1 1997/399/1 2189/525/1
f 2182/524/1 2001/485/1 2003/399/1 2181/525/1
f 2183/521/1250 2004/400/1250 2002/522/1250 2186/523/1250
f 2152/521/1250 2020/400/1250 2018/522/1250 2153/523/1250
f 2124/521/1250 2032/400/1250 2030/522/1250 2128/523/1250
f 2184/528/1252 2181/525/1252 2003/399/1252 2004/400/1252 2183/521/1252 2185/529/1252
f 2154/528/1252 2156/525/1252 2015/399/1252 2016/400/1252 2158/521/1252 2155/529/1252
f 2129/528/1252 2123/525/1252 2031/399/1252 2032/400/1252 2124/521/1252 2130/529/1252
f 2102/524/1 2045/485/1 2047/399/1 2095/525/1
f 2187/528/1252 2189/525/1252 1997/399/1252 1999/400/1252 2192/521/1252 2188/529/1252
f 2147/526/1252 2138/525/1252 2023/399/1252 2024/400/1252 2139/521/1252 2148/527/1252
f 2108/528/1252 2110/525/1252 2039/399/1252 2040/400/1252 2104/521/1252 2109/529/1252
f 2114/524/1 2037/485/1 2039/399/1 2110/525/1
f 2167/521/1250 2012/400/1250 2010/522/1250 2170/523/1250
f 2082/528/1252 2084/525/1252 2051/399/1252 2052/400/1252 2088/521/1252 2083/529/1252
f 2136/521/1250 2028/400/1250 2026/522/1250 2137/523/1250
f 2120/528/1252 2117/525/1252 2035/399/1252 2036/400/1252 2119/521/1252 2121/529/1252
f 2198/532/1252 1990/400/1252 1988/399/1252 2197/533/1252
f 2199/534/755 2198/535/755 2066/486/755 2063/488/755 2200/536/755
f 2197/533/1250 1988/399/1250 1981/485/1250 2200/537/1250
f 2199/538/1 1982/522/1 1990/400/1 2198/532/1
f 2213/539/755 2216/540/755 2215/541/755
f 2216/540/755 2217/542/755 2215/541/755
f 2217/542/755 2218/543/755 2215/541/755
f 2218/543/755 2219/544/755 2215/541/755
f 2219/544/755 2214/545/755 2215/541/755
f 2220/546/755 2223/547/755 2222/548/755
f 2223/547/755 2224/549/755 2222/548/755
f 2224/549/755 2225/550/755 2222/548/755
f 2225/550/755 2226/551/755 2222/548/755
f 2226/551/755 2221/552/755 2222/548/755
f 2201/553/1254 2214/554/1254 2219/555/1254 2203/556/1254
f 2203/556/1255 2219/555/1255 2218/221/1255 2204/522/1255
f 2204/398/1256 2218/557/1256 2217/558/1256 2205/559/1256
f 2205/559/1257 2217/558/1257 2216/560/1257 2206/561/1257
f 2206/561/1258 2216/560/1258 2213/539/1258 2202/562/1258
f 2220/546/1259 2208/563/1259 2212/564/1259 2223/565/1259
f 2223/565/1260 2212/564/1260 2211/566/1260 2224/567/1260
f 2224/567/1261 2211/566/1261 2210/568/1261 2225/569/1261
f 2225/569/1262 2210/568/1262 2209/570/1262 2226/551/1262
f 2226/551/1263 2209/570/1263 2207/571/1263 2221/552/1263
f 2231/572/754 2209/570/754 2210/568/754 2211/566/754 2212/564/754 2208/563/754 2201/573/754 2203/574/754 2204/575/754 2205/576/754 2206/577/754 2230/578/754 2229/579/754 2228/580/754 2227/581/754 2057/44/754 2060/399/754 2234/582/754 2232/583/754 2235/584/754 2233/585/754
f 2234/582/754 2060/399/754 2207/571/754 2209/570/754 2231/572/754 2236/586/754
f 2230/578/754 2206/577/754 2202/587/754 2057/44/754 2227/581/754
f 2057/395/1252 2202/562/1252 2213/539/1252 2063/488/1252
f 2220/546/1 2214/554/1 2201/553/1 2208/563/1
f 2222/548/755 2068/490/755 2324/588/755 2323/589/755 2326/590/755 2325/591/755 2329/592/755 2327/593/755 2328/594/755 2330/595/755 2332/596/755 2331/597/755 2333/598/755 2308/599/755 2306/600/755 2311/601/755 2310/602/755 2309/603/755 2312/604/755 2313/605/755 2314/606/755 2315/607/755 2316/608/755 2319/609/755 2318/610/755 2317/611/755 2321/612/755 2320/613/755 2283/614/755 2284/615/755 2282/616/755 2286/617/755 2289/618/755 2285/619/755 2291/620/755 2293/621/755 2295/622/755 2296/623/755 2297/624/755 2302/625/755 2300/626/755 2298/627/755 2304/628/755 2303/629/755 2276/630/755 2272/631/755 2281/632/755 2275/633/755 2280/634/755 2273/635/755 2274/636/755 2278/637/755 2269/638/755 2266/639/755 2259/640/755 2267/641/755 2261/642/755 2260/643/755 2268/644/755 2270/645/755 2262/646/755 2265/647/755 2264/648/755 2263/649/755 2214/650/755 2220/546/755
f 2213/539/755 2215/541/755 2065/489/755 2066/486/755 2198/535/755 2197/651/755 2200/536/755 2063/488/755
f 2221/552/755 2064/189/755 2067/487/755 2068/490/755 2222/548/755
f 2227/652/1249 1984/488/1249 1992/557/1249 2230/653/1249
f 1984/488/754 1998/189/754 2000/205/754 1992/557/754
f 2000/205/1264 1998/189/1264 2228/654/1264 2229/655/1264
f 2228/654/1253 1998/189/1253 1984/173/1253 2227/656/1253
f 1992/221/1250 2000/205/1250 2229/655/1250 2230/657/1250
f 1983/658/1248 1986/488/1248 1987/557/1248 1985/659/1248
f 2233/660/1249 2235/661/1249 2237/662/1249
f 2235/661/1249 2232/663/1249 1983/658/1249 1985/659/1249 2233/660/1249 2237/662/1249
f 1986/488/754 1994/189/754 1996/205/754 1987/557/754
f 1996/205/1252 1994/189/1252 1989/664/1252 1991/665/1252
f 1989/664/1264 2234/666/1264 2238/667/1264 2236/668/1264 2231/669/1264 1991/665/1264
f 2236/668/1252 2238/667/1252 2234/666/1252
f 1989/664/1 1994/189/1 1986/173/1 1983/670/1
f 1983/670/1253 2232/671/1253 2234/666/1253 1989/664/1253
f 1987/221/1250 1996/205/1250 1991/665/1250 1985/672/1250
f 2233/673/1251 1985/672/1251 1991/665/1251 2231/669/1251
f 2255/674/1251 1964/400/1251 1962/522/1251 2257/675/1251
f 2256/676/1252 1963/399/1252 1964/400/1252 2255/674/1252
f 2243/676/1252 1975/399/1252 1976/400/1252 2244/674/1252
f 2240/677/1253 1977/485/1253 1979/399/1253 2241/676/1253
f 2253/676/1252 1967/399/1252 1968/400/1252 2251/674/1252
f 2254/677/1253 1965/485/1253 1967/399/1253 2253/676/1253
f 2246/674/1250 1972/400/1250 1970/522/1250 2250/675/1250
f 2239/674/1251 1980/400/1251 1978/522/1251 2242/675/1251
f 2251/674/1250 1968/400/1250 1966/522/1250 2252/675/1250
f 2247/677/1253 1973/485/1253 1975/399/1253 2243/676/1253
f 2248/676/1252 1971/399/1252 1972/400/1252 2246/674/1252
f 2065/489/755 2257/678/755 2258/679/755 2256/680/755 2254/681/755 2253/682/755 2249/683/755 2248/684/755 2247/685/755 2243/686/755 2240/687/755 2241/688/755 2068/490/755
f 2249/677/1 1969/485/1 1971/399/1 2248/676/1
f 2241/676/1252 1979/399/1252 1980/400/1252 2239/674/1252
f 2258/677/1 1961/485/1 1963/399/1 2256/676/1
f 2244/674/1250 1976/400/1250 1974/522/1250 2245/675/1250
f 2262/689/1252 1951/399/1252 1952/400/1252 2265/690/1252
f 2265/690/1250 1952/400/1250 1950/522/1250 2264/691/1250
f 2261/689/1252 1955/399/1252 1956/400/1252 2260/690/1252
f 2270/692/1 1953/485/1 1955/399/1 2261/689/1
f 2266/690/1251 1960/400/1251 1958/522/1251 2259/691/1251
f 2214/650/755 2263/649/755 2271/693/755 2262/646/755 2270/645/755 2261/642/755 2267/641/755 2269/638/755 2068/490/755 2241/688/755 2239/694/755 2242/695/755 2240/687/755 2243/686/755 2244/696/755 2245/697/755 2247/685/755 2248/684/755 2246/698/755 2250/699/755 2249/683/755 2253/682/755 2251/700/755 2252/701/755 2254/681/755 2256/680/755 2255/702/755 2257/678/755 2065/489/755 2215/541/755
f 2269/689/1252 1959/399/1252 1960/400/1252 2266/690/1252
f 2260/690/1250 1956/400/1250 1954/522/1250 2268/691/1250
f 2267/692/1 1957/485/1 1959/399/1 2269/689/1
f 2271/692/1 1949/485/1 1951/399/1 2262/689/1
f 2273/703/1251 1944/400/1251 1942/522/1251 2274/704/1251
f 2280/705/1252 1943/399/1252 1944/400/1252 2273/703/1252
f 2272/703/1250 1948/400/1250 1946/522/1250 2281/704/1250
f 2269/638/755 2278/637/755 2279/706/755 2280/634/755 2275/633/755 2277/707/755 2276/630/755 2303/629/755 2305/708/755 2299/709/755 2300/626/755 2302/625/755 2301/710/755 2294/711/755 2295/622/755 2293/621/755 2292/712/755 2287/713/755 2288/714/755 2068/490/755
f 2277/705/1252 1947/399/1252 1948/400/1252 2272/703/1252 2276/715/1252
f 2275/716/1253 1945/485/1253 1947/399/1253 2277/705/1253
f 2279/716/1 1941/485/1 1943/399/1 2280/705/1
f 2298/690/1251 1928/400/1251 1926/522/1251 2304/691/1251
f 2299/689/1252 1927/399/1252 1928/400/1252 2298/690/1252 2300/717/1252
f 2283/689/1252 1939/399/1252 1940/400/1252 2284/690/1252
f 2294/689/1252 1931/399/1252 1932/400/1252 2296/690/1252 2295/718/1252
f 2301/692/1253 1929/485/1253 1931/399/1253 2294/689/1253
f 2285/690/1250 1936/400/1250 1934/522/1250 2291/691/1250
f 2288/714/755 2289/618/755 2286/617/755 2290/719/755 2283/614/755 2068/490/755
f 2290/692/1 1937/485/1 1939/399/1 2283/689/1
f 2287/689/1252 1935/399/1252 1936/400/1252 2285/690/1252 2289/720/1252 2288/721/1252
f 2296/690/1251 1932/400/1251 1930/522/1251 2297/691/1251
f 2292/692/1 1933/485/1 1935/399/1 2287/689/1
f 2305/692/1 1925/485/1 1927/399/1 2299/689/1
f 2284/690/1251 1940/400/1251 1938/522/1251 2282/691/1251
f 2283/614/755 2320/613/755 2322/722/755 2318/610/755 2319/609/755 2314/606/755 2313/605/755 2310/602/755 2311/601/755 2307/723/755 2068/490/755
f 2317/674/1250 1912/400/1250 1910/522/1250 2321/675/1250
f 2318/676/1252 1911/399/1252 1912/400/1252 2317/674/1252
f 2307/676/1252 1923/399/1252 1924/400/1252 2308/674/1252
f 2314/676/1252 1915/399/1252 1916/400/1252 2315/674/1252
f 2319/677/1 1913/485/1 1915/399/1 2314/676/1
f 2309/674/1250 1920/400/1250 1918/522/1250 2312/675/1250
f 2311/677/1 1921/485/1 1923/399/1 2307/676/1
f 2310/676/1252 1919/399/1252 1920/400/1252 2309/674/1252
f 2315/674/1250 1916/400/1250 1914/522/1250 2316/675/1250
f 2313/677/1 1917/485/1 1919/399/1 2310/676/1
f 2322/677/1 1909/485/1 1911/399/1 2318/676/1
f 2308/674/1251 1924/400/1251 1922/522/1251 2306/675/1251
f 2332/705/1252 1899/399/1252 1900/400/1252 2331/703/1252
f 2331/703/1251 1900/400/1251 1898/522/1251 2333/704/1251
f 2329/705/1252 1903/399/1252 1904/400/1252 2327/703/1252
f 2330/716/1253 1901/485/1253 1903/399/1253 2329/705/1253
f 2323/703/1250 1908/400/1250 1906/522/1250 2326/704/1250
f 2324/705/1264 1907/399/1264 1908/400/1264 2323/703/1264
f 2327/703/1250 1904/400/1250 1902/522/1250 2328/704/1250
f 2308/599/755 2333/598/755 2334/724/755 2332/596/755 2330/595/755 2329/592/755 2325/591/755 2324/588/755 2068/490/755 2307/723/755
f 2325/716/1 1905/485/1 1907/399/1 2324/705/1
f 2334/716/1253 1897/485/1253 1899/399/1253 2332/705/1253
f 2338/213/1270 2337/735/1270 2345/736/1270 2346/211/1270
f 2346/211/1280 2345/736/1280 2353/747/1280 2354/209/1280
f 2354/209/1284 2353/747/1284 2361/751/1284 2362/207/1284
f 2362/207/1295 2361/751/1295 2369/763/1295 2370/205/1295
f 2370/205/1299 2369/763/1299 2377/768/1299 2378/203/1299
f 2378/203/1310 2377/768/1310 2386/779/1310 2387/201/1310
f 2387/201/1314 2386/779/1314 2394/783/1314 2395/199/1314
f 2395/199/1326 2394/783/1326 2402/795/1326 2403/796/1326
f 2403/796/1330 2402/795/1330 2410/800/1330 2411/801/1330
f 2411/801/1341 2410/800/1341 2418/812/1341 2419/813/1341
f 2419/813/1345 2418/812/1345 2426/817/1345 2427/818/1345
f 2427/818/1357 2426/817/1357 2434/831/1357 2435/832/1357
f 2435/832/1361 2434/831/1361 2442/836/1361 2443/837/1361
f 2443/837/1372 2442/836/1372 2450/848/1372 2451/849/1372
f 2451/849/1383 2450/848/1383 2458/860/1383 2459/861/1383
f 2459/861/1387 2458/860/1387 2466/865/1387 2467/866/1387
f 2467/866/1399 2466/865/1399 2474/878/1399 2475/879/1399
f 2475/879/1403 2474/878/1403 2482/883/1403 2483/884/1403
f 2483/884/1414 2482/883/1414 2490/893/1414 2491/894/1414
f 2491/894/1418 2490/893/1418 2498/897/1418 2499/898/1418
f 2499/898/1430 2498/897/1430 2506/906/1430 2507/907/1430
f 2507/907/1434 2506/906/1434 2514/911/1434 2515/912/1434
f 2515/912/1445 2514/911/1445 2522/923/1445 2523/924/1445
f 2523/924/1449 2522/923/1449 2530/928/1449 2531/168/1449
f 2531/229/1460 2530/942/1460 2538/943/1460 2539/944/1460
f 2539/944/1472 2538/943/1472 2546/959/1472 2547/960/1472
f 2547/960/1476 2546/959/1476 2554/964/1476 2555/965/1476
f 2555/965/1487 2554/964/1487 2562/975/1487 2563/976/1487
f 2563/976/1491 2562/975/1491 2570/980/1491 2571/981/1491
f 2571/981/1503 2570/980/1503 2578/993/1503 2579/994/1503
f 2579/994/1507 2578/993/1507 2586/998/1507 2587/999/1507
f 2587/999/1518 2586/998/1518 2337/735/1518 2338/213/1518
f 2346/211/1520 2354/209/1520 2362/207/1520 2370/205/1520 2378/203/1520 2387/201/1520 2395/199/1520 2403/796/1520 2411/801/1520 2419/813/1520 2427/818/1520 2435/832/1520 2443/837/1520 2451/849/1520 2459/861/1520 2467/866/1520 2475/879/1520 2483/884/1520 2491/894/1520 2499/898/1520 2507/907/1520 2515/912/1520 2523/924/1520 2531/168/1520 2539/944/1520 2547/960/1520 2555/965/1520 2563/976/1520 2571/981/1520 2579/994/1520 2587/999/1520 2338/213/1520
f 2604/822/1528 2616/1008/1528 2607/756/1528
f 2550/966/1545 2542/955/1545 2612/955/1545 2615/966/1545
f 2620/213/1270 2619/735/1270 2627/736/1270 2628/211/1270
f 2628/211/1280 2627/736/1280 2635/747/1280 2636/209/1280
f 2636/209/1564 2635/747/1564 2643/751/1564 2644/207/1564
f 2644/207/1572 2643/751/1572 2651/763/1572 2652/205/1572
f 2652/205/1576 2651/763/1576 2659/768/1576 2660/203/1576
f 2660/203/1587 2659/768/1587 2668/779/1587 2669/201/1587
f 2669/201/1590 2668/779/1590 2676/783/1590 2677/199/1590
f 2677/199/1601 2676/783/1601 2684/795/1601 2685/796/1601
f 2685/796/1603 2684/795/1603 2692/800/1603 2693/801/1603
f 2693/801/1612 2692/800/1612 2700/812/1612 2701/813/1612
f 2701/813/1616 2700/812/1616 2708/817/1616 2709/818/1616
f 2709/818/1625 2708/817/1625 2716/831/1625 2717/832/1625
f 2717/832/1629 2716/831/1629 2724/836/1629 2725/837/1629
f 2725/837/1372 2724/836/1372 2732/848/1372 2733/849/1372
f 2733/849/1383 2732/848/1383 2740/860/1383 2741/861/1383
f 2741/861/1387 2740/860/1387 2748/865/1387 2749/866/1387
f 2749/866/1658 2748/865/1658 2756/878/1658 2757/879/1658
f 2757/879/1403 2756/878/1403 2764/883/1403 2765/884/1403
f 2765/884/1670 2764/883/1670 2772/893/1670 2773/894/1670
f 2773/894/1674 2772/893/1674 2780/897/1674 2781/898/1674
f 2781/898/1683 2780/897/1683 2788/906/1683 2789/907/1683
f 2789/907/1687 2788/906/1687 2796/911/1687 2797/912/1687
f 2797/912/1698 2796/911/1698 2804/923/1698 2805/924/1698
f 2805/924/1701 2804/923/1701 2812/928/1701 2813/168/1701
f 2813/229/1710 2812/942/1710 2820/943/1710 2821/944/1710
f 2821/944/1472 2820/943/1472 2828/959/1472 2829/960/1472
f 2829/960/1476 2828/959/1476 2836/964/1476 2837/965/1476
f 2837/965/1732 2836/964/1732 2844/975/1732 2845/976/1732
f 2845/976/1736 2844/975/1736 2852/980/1736 2853/981/1736
f 2853/981/1745 2852/980/1745 2860/993/1745 2861/994/1745
f 2861/994/1748 2860/993/1748 2868/998/1748 2869/999/1748
f 2869/999/1757 2868/998/1757 2619/735/1757 2620/213/1757
f 2628/211/1520 2636/209/1520 2644/207/1520 2652/205/1520 2660/203/1520 2669/201/1520 2677/199/1520 2685/796/1520 2693/801/1520 2701/813/1520 2709/818/1520 2717/832/1520 2725/837/1520 2733/849/1520 2741/861/1520 2749/866/1520 2757/879/1520 2765/884/1520 2773/894/1520 2781/898/1520 2789/907/1520 2797/912/1520 2805/924/1520 2813/168/1520 2821/944/1520 2829/960/1520 2837/965/1520 2845/976/1520 2853/981/1520 2861/994/1520 2869/999/1520 2620/213/1520
f 2704/823/1774 2696/808/1774 2882/808/1774 2885/823/1774
f 2832/966/1778 2824/955/1778 2894/955/1778 2897/966/1778
f 2902/213/1270 2901/735/1270 2909/736/1270 2910/211/1270
f 2910/211/1280 2909/736/1280 2917/747/1280 2918/209/1280
f 2918/209/1284 2917/747/1284 2925/751/1284 2926/207/1284
f 2926/207/1798 2925/751/1798 2933/763/1798 2934/205/1798
f 2934/205/1800 2933/763/1800 2941/768/1800 2942/203/1800
f 2942/203/1809 2941/768/1809 2950/779/1809 2951/201/1809
f 2951/201/1811 2950/779/1811 2958/783/1811 2959/199/1811
f 2959/199/1818 2958/783/1818 2966/795/1818 2967/796/1818
f 2967/796/1821 2966/795/1821 2974/800/1821 2975/801/1821
f 2975/801/1829 2974/800/1829 2982/812/1829 2983/813/1829
f 2983/813/1832 2982/812/1832 2990/817/1832 2991/818/1832
f 2991/818/1625 2990/817/1625 2998/831/1625 2999/832/1625
f 2999/832/1361 2998/831/1361 3006/836/1361 3007/837/1361
f 3007/837/1848 3006/836/1848 3014/848/1848 3015/849/1848
f 3015/849/1383 3014/848/1383 3022/860/1383 3023/861/1383
f 3023/861/1387 3022/860/1387 3030/865/1387 3031/866/1387
f 3031/866/1399 3030/865/1399 3038/878/1399 3039/879/1399
f 3039/879/1860 3038/878/1860 3046/883/1860 3047/884/1860
f 3047/884/1414 3046/883/1414 3054/893/1414 3055/894/1414
f 3055/894/1418 3054/893/1418 3062/897/1418 3063/898/1418
f 2929/760/1868 2921/755/1868 3158/755/1868 3161/760/1868
f 2976/815/1869 2943/814/1869 3180/814/1869 3162/815/1869
f 3063/898/1875 3062/897/1875 3070/906/1875 3071/907/1875
f 3071/907/1434 3070/906/1434 3078/911/1434 3079/912/1434
f 3079/912/1883 3078/911/1883 3086/923/1883 3087/924/1883
f 3087/924/1886 3086/923/1886 3094/928/1886 3095/168/1886
f 3095/229/1710 3094/942/1710 3102/943/1710 3103/944/1710
f 3103/944/1899 3102/943/1899 3110/959/1899 3111/960/1899
f 3111/960/1901 3110/959/1901 3118/964/1901 3119/965/1901
f 3119/965/1909 3118/964/1909 3126/975/1909 3127/976/1909
f 3127/976/1491 3126/975/1491 3134/980/1491 3135/981/1491
f 3135/981/1745 3134/980/1745 3142/993/1745 3143/994/1745
f 3143/994/1507 3142/993/1507 3150/998/1507 3151/999/1507
f 3151/999/1518 3150/998/1518 2901/735/1518 2902/213/1518
f 2910/211/1520 2918/209/1520 2926/207/1520 2934/205/1520 2942/203/1520 2951/201/1520 2959/199/1520 2967/796/1520 2975/801/1520 2983/813/1520 2991/818/1520 2999/832/1520 3007/837/1520 3015/849/1520 3023/861/1520 3031/866/1520 3039/879/1520 3047/884/1520 3055/894/1520 3063/898/1520 3071/907/1520 3079/912/1520 3087/924/1520 3095/168/1520 3103/944/1520 3111/960/1520 3119/965/1520 3127/976/1520 3135/981/1520 3143/994/1520 3151/999/1520 2902/213/1520
f 3174/953/1936 3180/1009/1936 3177/968/1936
f 2986/823/1774 2978/808/1774 3164/808/1774 3167/823/1774
f 3184/213/1270 3183/735/1270 3191/736/1270 3192/211/1270
f 3192/211/1960 3191/736/1960 3199/747/1960 3200/209/1960
f 3200/209/1284 3199/747/1284 3207/751/1284 3208/207/1284
f 3193/741/1962 3225/752/1962 3201/753/1962
f 3338/756/1963 3339/757/1963 3454/757/1963 3453/756/1963
f 3208/207/1572 3207/751/1572 3215/763/1572 3216/205/1572
f 3216/205/1968 3215/763/1968 3223/768/1968 3224/203/1968
f 3209/765/1969 3225/764/1969 3217/769/1969
f 3224/203/1809 3223/768/1809 3232/779/1809 3233/201/1809
f 3233/201/1811 3232/779/1811 3240/783/1811 3241/199/1811
f 3241/199/1979 3240/783/1979 3248/795/1979 3249/796/1979
f 3249/796/1981 3248/795/1981 3256/800/1981 3257/801/1981
f 3257/801/1987 3256/800/1987 3264/812/1987 3265/813/1987
f 3250/803/1988 3225/814/1988 3258/815/1988
f 3265/813/1832 3264/812/1832 3272/817/1832 3273/818/1832
f 3340/819/1990 3332/758/1990 3452/758/1990 3455/819/1990
f 3225/820/1991 3266/821/1991 3447/821/1991 3462/820/1991
f 3273/818/1357 3272/817/1357 3280/831/1357 3281/832/1357
f 3281/832/1629 3280/831/1629 3288/836/1629 3289/837/1629
f 3289/837/1372 3288/836/1372 3296/848/1372 3297/849/1372
f 3297/849/1383 3296/848/1383 3304/860/1383 3305/861/1383
f 3305/861/1387 3304/860/1387 3312/865/1387 3313/866/1387
f 3313/866/1658 3312/865/1658 3320/878/1658 3321/879/1658
f 3321/879/1860 3320/878/1860 3328/883/1860 3329/884/1860
f 3329/884/2024 3328/883/2024 3336/893/2024 3337/894/2024
f 3337/894/2027 3336/893/2027 3344/897/2027 3345/898/2027
f 3201/753/2028 3225/752/2028 3462/752/2028 3438/753/2028
f 3345/898/1875 3344/897/1875 3352/906/1875 3353/907/1875
f 3338/756/2036 3225/908/2036 3346/909/2036
f 3353/907/2038 3352/906/2038 3360/911/2038 3361/912/2038
f 3346/909/2039 3225/913/2039 3354/914/2039
f 3361/912/2048 3360/911/2048 3368/923/2048 3369/924/2048
f 3369/924/2051 3368/923/2051 3376/928/2051 3377/168/2051
f 3362/926/2052 3225/929/2052 3370/930/2052
f 3377/229/2057 3376/942/2057 3384/943/2057 3385/944/2057
f 3385/944/2061 3384/943/2061 3392/959/2061 3393/960/2061
f 3393/960/1476 3392/959/1476 3400/964/1476 3401/965/1476
f 3267/834/1477 3268/823/1477 3449/823/1477 3448/834/1477
f 3266/821/1478 3267/834/1478 3448/834/1478 3447/821/1478
f 3401/965/2068 3400/964/2068 3408/975/2068 3409/976/2068
f 3409/976/1736 3408/975/1736 3416/980/1736 3417/981/1736
f 3417/981/2076 3416/980/2076 3424/993/2076 3425/994/2076
f 3425/994/1507 3424/993/1507 3432/998/1507 3433/999/1507
f 3418/987/2078 3225/1000/2078 3426/1001/2078
f 3433/999/1518 3432/998/1518 3183/735/1518 3184/213/1518
f 3192/211/1520 3200/209/1520 3208/207/1520 3216/205/1520 3224/203/1520 3233/201/1520 3241/199/1520 3249/796/1520 3257/801/1520 3265/813/1520 3273/818/1520 3281/832/1520 3289/837/1520 3297/849/1520 3305/861/1520 3313/866/1520 3321/879/1520 3329/884/1520 3337/894/1520 3345/898/1520 3353/907/1520 3361/912/1520 3369/924/1520 3377/168/1520 3385/944/1520 3393/960/1520 3401/965/1520 3409/976/1520 3417/981/1520 3425/994/1520 3433/999/1520 3184/213/1520
f 3456/953/2087 3462/1009/2087 3459/968/2087
f 3386/953/2090 3225/952/2090 3462/952/2090 3456/953/2090
f 3387/954/2092 3386/953/2092 3456/953/2092 3457/954/2092
f 3339/757/2093 3340/819/2093 3455/819/2093 3454/757/2093
f 3202/754/1942 3201/753/1942 3438/753/1942 3439/754/1942
f 3388/955/1773 3387/954/1773 3457/954/1773 3458/955/1773
f 3203/755/2096 3202/754/2096 3439/754/2096 3440/755/2096
f 3396/966/2098 3388/955/2098 3458/955/2098 3461/966/2098
f 3622/819/2183 3614/758/2183 3734/758/2183 3737/819/2183
f 3595/866/2236 3594/865/2236 3602/878/2236 3603/879/2236
f 3603/879/2240 3602/878/2240 3610/883/2240 3611/884/2240
f 3474/211/2357 3482/209/2357 3490/207/2357 3498/205/2357 3506/203/2357 3515/201/2357 3523/199/2357 3531/796/2357 3539/801/2357 3547/813/2357 3555/818/2357 3563/832/2357 3571/837/2357 3579/849/2357 3587/861/2357 3595/866/2357 3603/879/2357 3611/884/2357 3619/894/2357 3627/898/2357 3635/907/2357 3643/912/2357 3651/924/2357 3659/168/2357 3667/944/2357 3675/960/2357 3683/965/2357 3691/976/2357 3699/981/2357 3707/994/2357 3715/999/2357 3466/213/2357
f 3621/757/2374 3622/819/2374 3737/819/2374 3736/757/2374
f 3678/966/2382 3670/955/2382 3740/955/2382 3743/966/2382
f 3904/819/2452 3896/758/2452 4016/758/2452 4019/819/2452
f 3775/760/2510 3767/755/2510 4004/755/2510 4007/760/2510
f 3824/808/2556 3823/816/2556 4009/816/2556 4010/808/2556
f 3756/211/2357 3764/209/2357 3772/207/2357 3780/205/2357 3788/203/2357 3797/201/2357 3805/199/2357 3813/796/2357 3821/801/2357 3829/813/2357 3837/818/2357 3845/832/2357 3853/837/2357 3861/849/2357 3869/861/2357 3877/866/2357 3885/879/2357 3893/884/2357 3901/894/2357 3909/898/2357 3917/907/2357 3925/912/2357 3933/924/2357 3941/168/2357 3949/944/2357 3957/960/2357 3965/965/2357 3973/976/2357 3981/981/2357 3989/994/2357 3997/999/2357 3748/213/2357
f 3789/977/2598 3958/968/2598 4023/968/2598 4026/977/2598
f 3832/823/2599 3824/808/2599 4010/808/2599 4013/823/2599
f 4087/199/2644 4086/783/2644 4094/795/2644 4095/796/2644
f 4095/796/2648 4094/795/2648 4102/800/2648 4103/801/2648
f 4103/801/2658 4102/800/2658 4110/812/2658 4111/813/2658
f 4111/813/2182 4110/812/2182 4118/817/2182 4119/818/2182
f 4186/819/2661 4178/758/2661 4298/758/2661 4301/819/2661
f 4038/211/2357 4046/209/2357 4054/207/2357 4062/205/2357 4070/203/2357 4079/201/2357 4087/199/2357 4095/796/2357 4103/801/2357 4111/813/2357 4119/818/2357 4127/832/2357 4135/837/2357 4143/849/2357 4151/861/2357 4159/866/2357 4167/879/2357 4175/884/2357 4183/894/2357 4191/898/2357 4199/907/2357 4207/912/2357 4215/924/2357 4223/168/2357 4231/944/2357 4239/960/2357 4247/965/2357 4255/976/2357 4263/981/2357 4271/994/2357 4279/999/2357 4030/213/2357
f 4242/966/2775 4234/955/2775 4304/955/2775 4307/966/2775
f 4460/758/2791 4459/759/2791 4579/759/2791 4580/758/2791
f 4468/819/2821 4460/758/2821 4580/758/2821 4583/819/2821
f 4329/753/2862 4353/752/2862 4590/752/2862 4566/753/2862
f 4339/760/2863 4331/755/2863 4568/755/2863 4571/760/2863
f 4466/756/2869 4353/908/2869 4474/909/2869
f 4497/924/2878 4496/923/2878 4504/928/2878 4505/168/2878
f 4506/947/2889 4353/952/2889 4514/953/2889
f 4320/211/2357 4328/209/2357 4336/207/2357 4344/205/2357 4352/203/2357 4361/201/2357 4369/199/2357 4377/796/2357 4385/801/2357 4393/813/2357 4401/818/2357 4409/832/2357 4417/837/2357 4425/849/2357 4433/861/2357 4441/866/2357 4449/879/2357 4457/884/2357 4465/894/2357 4473/898/2357 4481/907/2357 4489/912/2357 4497/924/2357 4505/168/2357 4513/944/2357 4521/960/2357 4529/965/2357 4537/976/2357 4545/981/2357 4553/994/2357 4561/999/2357 4312/213/2357
f 4572/815/2584 4590/1007/2584 4575/821/2584
f 4330/754/2596 4329/753/2596 4566/753/2596 4567/754/2596
f 4516/955/2928 4515/954/2928 4585/954/2928 4586/955/2928
usemtl 材质.015
f 2064/189/1248 2221/552/1248 2207/571/1248 2060/399/1248
f 2335/725/1265 2589/726/1265 2340/727/1265 2341/728/1265
f 2590/729/1266 2335/725/1266 2341/728/1266 2342/730/1266
f 2336/731/1267 2590/729/1267 2342/730/1267 2343/732/1267
f 2591/733/1268 2336/731/1268 2343/732/1268 2344/734/1268
f 2337/735/1269 2591/733/1269 2344/734/1269 2345/736/1269
f 2588/737/1271 2379/738/1271 2339/739/1271
f 2589/726/1272 2588/737/1272 2339/739/1272 2340/727/1272
f 2339/739/1273 2379/740/1273 2347/741/1273
f 2340/727/1274 2339/739/1274 2347/741/1274 2348/742/1274
f 2341/728/1275 2340/727/1275 2348/742/1275 2349/743/1275
f 2342/730/1276 2341/728/1276 2349/743/1276 2350/744/1276
f 2343/732/1277 2342/730/1277 2350/744/1277 2351/745/1277
f 2344/734/1278 2343/732/1278 2351/745/1278 2352/746/1278
f 2345/736/1279 2344/734/1279 2352/746/1279 2353/747/1279
f 2351/745/1281 2350/744/1281 2358/748/1281 2359/749/1281
f 2352/746/1282 2351/745/1282 2359/749/1282 2360/750/1282
f 2353/747/1283 2352/746/1283 2360/750/1283 2361/751/1283
f 2347/741/1285 2379/752/1285 2355/753/1285
f 2348/742/1286 2347/741/1286 2355/753/1286 2356/754/1286
f 2349/743/1287 2348/742/1287 2356/754/1287 2357/755/1287
f 2350/744/1288 2349/743/1288 2357/755/1288 2358/748/1288
f 2492/756/1289 2493/757/1289 2608/757/1289 2607/756/1289
f 2486/758/1290 2485/759/1290 2605/759/1290 2606/758/1290
f 2358/748/1291 2357/755/1291 2365/760/1291 2366/400/1291
f 2359/749/1292 2358/748/1292 2366/400/1292 2367/761/1292
f 2360/750/1293 2359/749/1293 2367/761/1293 2368/762/1293
f 2361/751/1294 2360/750/1294 2368/762/1294 2369/763/1294
f 2379/764/1296 2363/765/1296 2595/765/1296 2616/764/1296
f 2368/762/1297 2367/761/1297 2375/766/1297 2376/767/1297
f 2369/763/1298 2368/762/1298 2376/767/1298 2377/768/1298
f 2363/765/1300 2379/764/1300 2371/769/1300
f 2364/770/1301 2363/765/1301 2371/769/1301 2372/771/1301
f 2365/760/1302 2364/770/1302 2372/771/1302 2373/772/1302
f 2366/400/1303 2365/760/1303 2373/772/1303 2374/773/1303
f 2367/761/1304 2366/400/1304 2374/773/1304 2375/766/1304
f 2373/772/1305 2372/771/1305 2381/774/1305 2382/775/1305
f 2374/773/1306 2373/772/1306 2382/775/1306 2383/776/1306
f 2375/766/1307 2374/773/1307 2383/776/1307 2384/777/1307
f 2376/767/1308 2375/766/1308 2384/777/1308 2385/778/1308
f 2377/768/1309 2376/767/1309 2385/778/1309 2386/779/1309
f 2371/769/1311 2379/780/1311 2380/781/1311
f 2372/771/1312 2371/769/1312 2380/781/1312 2381/774/1312
f 2386/779/1313 2385/778/1313 2393/782/1313 2394/783/1313
f 2380/781/1315 2379/784/1315 2388/785/1315
f 2381/774/1316 2380/781/1316 2388/785/1316 2389/786/1316
f 2382/775/1317 2381/774/1317 2389/786/1317 2390/787/1317
f 2383/776/1318 2382/775/1318 2390/787/1318 2391/788/1318
f 2384/777/1319 2383/776/1319 2391/788/1319 2392/789/1319
f 2385/778/1320 2384/777/1320 2392/789/1320 2393/782/1320
f 2390/787/1321 2389/786/1321 2397/790/1321 2398/791/1321
f 2391/788/1322 2390/787/1322 2398/791/1322 2399/792/1322
f 2392/789/1323 2391/788/1323 2399/792/1323 2400/793/1323
f 2393/782/1324 2392/789/1324 2400/793/1324 2401/794/1324
f 2394/783/1325 2393/782/1325 2401/794/1325 2402/795/1325
f 2388/785/1327 2379/797/1327 2396/798/1327
f 2389/786/1328 2388/785/1328 2396/798/1328 2397/790/1328
f 2402/795/1329 2401/794/1329 2409/799/1329 2410/800/1329
f 2396/798/1331 2379/802/1331 2404/803/1331
f 2397/790/1332 2396/798/1332 2404/803/1332 2405/804/1332
f 2398/791/1333 2397/790/1333 2405/804/1333 2406/805/1333
f 2399/792/1334 2398/791/1334 2406/805/1334 2407/806/1334
f 2400/793/1335 2399/792/1335 2407/806/1335 2408/807/1335
f 2401/794/1336 2400/793/1336 2408/807/1336 2409/799/1336
f 2407/806/1337 2406/805/1337 2414/808/1337 2415/809/1337
f 2408/807/1338 2407/806/1338 2415/809/1338 2416/810/1338
f 2409/799/1339 2408/807/1339 2416/810/1339 2417/811/1339
f 2410/800/1340 2409/799/1340 2417/811/1340 2418/812/1340
f 2404/803/1342 2379/814/1342 2412/815/1342
f 2405/804/1343 2404/803/1343 2412/815/1343 2413/816/1343
f 2406/805/1344 2405/804/1344 2413/816/1344 2414/808/1344
f 2494/819/1346 2486/758/1346 2606/758/1346 2609/819/1346
f 2379/820/1347 2420/821/1347 2601/821/1347 2616/820/1347
f 2485/759/1348 2484/822/1348 2604/822/1348 2605/759/1348
f 2415/809/1349 2414/808/1349 2422/823/1349 2423/824/1349
f 2416/810/1350 2415/809/1350 2423/824/1350 2424/825/1350
f 2417/811/1351 2416/810/1351 2424/825/1351 2425/826/1351
f 2418/812/1352 2417/811/1352 2425/826/1352 2426/817/1352
f 2423/824/1353 2422/823/1353 2430/827/1353 2431/828/1353
f 2424/825/1354 2423/824/1354 2431/828/1354 2432/829/1354
f 2425/826/1355 2424/825/1355 2432/829/1355 2433/830/1355
f 2426/817/1356 2425/826/1356 2433/830/1356 2434/831/1356
f 2420/821/1358 2379/820/1358 2428/833/1358
f 2421/834/1359 2420/821/1359 2428/833/1359 2429/835/1359
f 2422/823/1360 2421/834/1360 2429/835/1360 2430/827/1360
f 2428/833/1362 2379/838/1362 2436/839/1362
f 2429/835/1363 2428/833/1363 2436/839/1363 2437/840/1363
f 2430/827/1364 2429/835/1364 2437/840/1364 2438/841/1364
f 2431/828/1365 2430/827/1365 2438/841/1365 2439/842/1365
f 2432/829/1366 2431/828/1366 2439/842/1366 2440/843/1366
f 2433/830/1367 2432/829/1367 2440/843/1367 2441/844/1367
f 2434/831/1368 2433/830/1368 2441/844/1368 2442/836/1368
f 2440/843/1369 2439/842/1369 2447/845/1369 2448/846/1369
f 2441/844/1370 2440/843/1370 2448/846/1370 2449/847/1370
f 2442/836/1371 2441/844/1371 2449/847/1371 2450/848/1371
f 2436/839/1373 2379/850/1373 2444/851/1373
f 2437/840/1374 2436/839/1374 2444/851/1374 2445/852/1374
f 2438/841/1375 2437/840/1375 2445/852/1375 2446/853/1375
f 2439/842/1376 2438/841/1376 2446/853/1376 2447/845/1376
f 2445/852/1377 2444/851/1377 2452/854/1377 2453/855/1377
f 2446/853/1378 2445/852/1378 2453/855/1378 2454/856/1378
f 2447/845/1379 2446/853/1379 2454/856/1379 2455/857/1379
f 2448/846/1380 2447/845/1380 2455/857/1380 2456/858/1380
f 2449/847/1381 2448/846/1381 2456/858/1381 2457/859/1381
f 2450/848/1382 2449/847/1382 2457/859/1382 2458/860/1382
f 2444/851/1384 2379/862/1384 2452/854/1384
f 2457/859/1385 2456/858/1385 2464/863/1385 2465/864/1385
f 2458/860/1386 2457/859/1386 2465/864/1386 2466/865/1386
f 2452/854/1388 2379/867/1388 2460/868/1388
f 2453/855/1389 2452/854/1389 2460/868/1389 2461/869/1389
f 2454/856/1390 2453/855/1390 2461/869/1390 2462/870/1390
f 2455/857/1391 2454/856/1391 2462/870/1391 2463/871/1391
f 2456/858/1392 2455/857/1392 2463/871/1392 2464/863/1392
f 2461/869/1393 2460/868/1393 2468/872/1393 2469/873/1393
f 2462/870/1394 2461/869/1394 2469/873/1394 2470/874/1394
f 2463/871/1395 2462/870/1395 2470/874/1395 2471/875/1395
f 2464/863/1396 2463/871/1396 2471/875/1396 2472/876/1396
f 2465/864/1397 2464/863/1397 2472/876/1397 2473/877/1397
f 2466/865/1398 2465/864/1398 2473/877/1398 2474/878/1398
f 2460/868/1400 2379/880/1400 2468/872/1400
f 2473/877/1401 2472/876/1401 2480/881/1401 2481/882/1401
f 2474/878/1402 2473/877/1402 2481/882/1402 2482/883/1402
f 2468/872/1404 2379/885/1404 2476/886/1404
f 2469/873/1405 2468/872/1405 2476/886/1405 2477/887/1405
f 2470/874/1406 2469/873/1406 2477/887/1406 2478/888/1406
f 2471/875/1407 2470/874/1407 2478/888/1407 2479/889/1407
f 2472/876/1408 2471/875/1408 2479/889/1408 2480/881/1408
f 2478/888/1409 2477/887/1409 2485/759/1409 2486/758/1409
f 2479/889/1410 2478/888/1410 2486/758/1410 2487/890/1410
f 2480/881/1411 2479/889/1411 2487/890/1411 2488/891/1411
f 2481/882/1412 2480/881/1412 2488/891/1412 2489/892/1412
f 2482/883/1413 2481/882/1413 2489/892/1413 2490/893/1413
f 2476/886/1415 2379/895/1415 2484/822/1415
f 2477/887/1416 2476/886/1416 2484/822/1416 2485/759/1416
f 2490/893/1417 2489/892/1417 2497/896/1417 2498/897/1417
f 2355/753/1419 2379/752/1419 2616/752/1419 2592/753/1419
f 2365/760/1420 2357/755/1420 2594/755/1420 2597/760/1420
f 2412/815/1421 2379/814/1421 2616/814/1421 2598/815/1421
f 2487/890/1422 2486/758/1422 2494/819/1422 2495/899/1422
f 2488/891/1423 2487/890/1423 2495/899/1423 2496/900/1423
f 2489/892/1424 2488/891/1424 2496/900/1424 2497/896/1424
f 2494/819/1425 2493/757/1425 2501/901/1425 2502/902/1425
f 2495/899/1426 2494/819/1426 2502/902/1426 2503/903/1426
f 2496/900/1427 2495/899/1427 2503/903/1427 2504/904/1427
f 2497/896/1428 2496/900/1428 2504/904/1428 2505/905/1428
f 2498/897/1429 2497/896/1429 2505/905/1429 2506/906/1429
f 2492/756/1431 2379/908/1431 2500/909/1431
f 2493/757/1432 2492/756/1432 2500/909/1432 2501/901/1432
f 2506/906/1433 2505/905/1433 2513/910/1433 2514/911/1433
f 2500/909/1435 2379/913/1435 2508/914/1435
f 2501/901/1436 2500/909/1436 2508/914/1436 2509/915/1436
f 2502/902/1437 2501/901/1437 2509/915/1437 2510/916/1437
f 2503/903/1438 2502/902/1438 2510/916/1438 2511/917/1438
f 2504/904/1439 2503/903/1439 2511/917/1439 2512/918/1439
f 2505/905/1440 2504/904/1440 2512/918/1440 2513/910/1440
f 2511/917/1441 2510/916/1441 2518/919/1441 2519/920/1441
f 2512/918/1442 2511/917/1442 2519/920/1442 2520/921/1442
f 2513/910/1443 2512/918/1443 2520/921/1443 2521/922/1443
f 2514/911/1444 2513/910/1444 2521/922/1444 2522/923/1444
f 2508/914/1446 2379/925/1446 2516/926/1446
f 2509/915/1447 2508/914/1447 2516/926/1447 2517/927/1447
f 2510/916/1448 2509/915/1448 2517/927/1448 2518/919/1448
f 2516/926/1450 2379/929/1450 2524/930/1450
f 2517/927/1451 2516/926/1451 2524/930/1451 2525/931/1451
f 2518/919/1452 2517/927/1452 2525/931/1452 2526/932/1452
f 2519/920/1453 2518/919/1453 2526/932/1453 2527/933/1453
f 2520/921/1454 2519/920/1454 2527/933/1454 2528/934/1454
f 2521/922/1455 2520/921/1455 2528/934/1455 2529/935/1455
f 2522/923/1456 2521/922/1456 2529/935/1456 2530/928/1456
f 2528/936/1457 2527/937/1457 2535/938/1457 2536/939/1457
f 2529/940/1458 2528/936/1458 2536/939/1458 2537/941/1458
f 2530/942/1459 2529/940/1459 2537/941/1459 2538/943/1459
f 2524/945/1461 2379/946/1461 2532/947/1461
f 2525/948/1462 2524/945/1462 2532/947/1462 2533/949/1462
f 2526/950/1463 2525/948/1463 2533/949/1463 2534/951/1463
f 2527/937/1464 2526/950/1464 2534/951/1464 2535/938/1464
f 2532/947/1465 2379/952/1465 2540/953/1465
f 2533/949/1466 2532/947/1466 2540/953/1466 2541/954/1466
f 2534/951/1467 2533/949/1467 2541/954/1467 2542/955/1467
f 2535/938/1468 2534/951/1468 2542/955/1468 2543/956/1468
f 2536/939/1469 2535/938/1469 2543/956/1469 2544/957/1469
f 2537/941/1470 2536/939/1470 2544/957/1470 2545/958/1470
f 2538/943/1471 2537/941/1471 2545/958/1471 2546/959/1471
f 2544/957/1473 2543/956/1473 2551/961/1473 2552/962/1473
f 2545/958/1474 2544/957/1474 2552/962/1474 2553/963/1474
f 2546/959/1475 2545/958/1475 2553/963/1475 2554/964/1475
f 2421/834/1477 2422/823/1477 2603/823/1477 2602/834/1477
f 2420/821/1478 2421/834/1478 2602/834/1478 2601/821/1478
f 2414/808/1479 2413/816/1479 2599/816/1479 2600/808/1479
f 2543/956/1480 2542/955/1480 2550/966/1480 2551/961/1480
f 2549/967/1481 2548/968/1481 2556/969/1481 2557/970/1481
f 2550/966/1482 2549/967/1482 2557/970/1482 2558/971/1482
f 2551/961/1483 2550/966/1483 2558/971/1483 2559/972/1483
f 2552/962/1484 2551/961/1484 2559/972/1484 2560/973/1484
f 2553/963/1485 2552/962/1485 2560/973/1485 2561/974/1485
f 2554/964/1486 2553/963/1486 2561/974/1486 2562/975/1486
f 2548/968/1488 2379/977/1488 2556/969/1488
f 2561/974/1489 2560/973/1489 2568/978/1489 2569/979/1489
f 2562/975/1490 2561/974/1490 2569/979/1490 2570/980/1490
f 2556/969/1492 2379/982/1492 2564/983/1492
f 2557/970/1493 2556/969/1493 2564/983/1493 2565/984/1493
f 2558/971/1494 2557/970/1494 2565/984/1494 2566/985/1494
f 2559/972/1495 2558/971/1495 2566/985/1495 2567/986/1495
f 2560/973/1496 2559/972/1496 2567/986/1496 2568/978/1496
f 2565/984/1497 2564/983/1497 2572/987/1497 2573/988/1497
f 2566/985/1498 2565/984/1498 2573/988/1498 2574/989/1498
f 2567/986/1499 2566/985/1499 2574/989/1499 2575/990/1499
f 2568/978/1500 2567/986/1500 2575/990/1500 2576/991/1500
f 2569/979/1501 2568/978/1501 2576/991/1501 2577/992/1501
f 2570/980/1502 2569/979/1502 2577/992/1502 2578/993/1502
f 2564/983/1504 2379/995/1504 2572/987/1504
f 2577/992/1505 2576/991/1505 2584/996/1505 2585/997/1505
f 2578/993/1506 2577/992/1506 2585/997/1506 2586/998/1506
f 2572/987/1508 2379/1000/1508 2580/1001/1508
f 2573/988/1509 2572/987/1509 2580/1001/1509 2581/1002/1509
f 2574/989/1510 2573/988/1510 2581/1002/1510 2582/1003/1510
f 2575/990/1511 2574/989/1511 2582/1003/1511 2583/1004/1511
f 2576/991/1512 2575/990/1512 2583/1004/1512 2584/996/1512
f 2582/1003/1513 2581/1002/1513 2589/726/1513 2335/725/1513
f 2583/1004/1514 2582/1003/1514 2335/725/1514 2590/729/1514
f 2584/996/1515 2583/1004/1515 2590/729/1515 2336/731/1515
f 2585/997/1516 2584/996/1516 2336/731/1516 2591/733/1516
f 2586/998/1517 2585/997/1517 2591/733/1517 2337/735/1517
f 2580/1001/1519 2379/1005/1519 2588/737/1519
f 2581/1002/1521 2580/1001/1521 2588/737/1521 2589/726/1521
f 2593/754/1522 2592/753/1522 2595/765/1522 2596/770/1522
f 2594/755/1523 2593/754/1523 2596/770/1523 2597/760/1523
f 2592/753/1524 2616/1006/1524 2595/765/1524
f 2598/815/1525 2616/1007/1525 2601/821/1525
f 2599/816/1526 2598/815/1526 2601/821/1526 2602/834/1526
f 2600/808/1527 2599/816/1527 2602/834/1527 2603/823/1527
f 2605/759/1529 2604/822/1529 2607/756/1529 2608/757/1529
f 2606/758/1530 2605/759/1530 2608/757/1530 2609/819/1530
f 2610/953/1531 2616/1009/1531 2613/968/1531
f 2611/954/1532 2610/953/1532 2613/968/1532 2614/967/1532
f 2612/955/1533 2611/954/1533 2614/967/1533 2615/966/1533
f 2540/953/1534 2379/952/1534 2616/952/1534 2610/953/1534
f 2484/822/1535 2379/895/1535 2616/895/1535 2604/822/1535
f 2541/954/1536 2540/953/1536 2610/953/1536 2611/954/1536
f 2493/757/1537 2494/819/1537 2609/819/1537 2608/757/1537
f 2356/754/1538 2355/753/1538 2592/753/1538 2593/754/1538
f 2542/955/1539 2541/954/1539 2611/954/1539 2612/955/1539
f 2379/977/1540 2548/968/1540 2613/968/1540 2616/977/1540
f 2422/823/1541 2414/808/1541 2600/808/1541 2603/823/1541
f 2379/908/1542 2492/756/1542 2607/756/1542 2616/908/1542
f 2357/755/1543 2356/754/1543 2593/754/1543 2594/755/1543
f 2548/968/1544 2549/967/1544 2614/967/1544 2613/968/1544
f 2363/765/1546 2364/770/1546 2596/770/1546 2595/765/1546
f 2549/967/1547 2550/966/1547 2615/966/1547 2614/967/1547
f 2413/816/1548 2412/815/1548 2598/815/1548 2599/816/1548
f 2364/770/1549 2365/760/1549 2597/760/1549 2596/770/1549
f 2617/725/1550 2871/726/1550 2622/727/1550 2623/728/1550
f 2872/729/1551 2617/725/1551 2623/728/1551 2624/730/1551
f 2618/731/1552 2872/729/1552 2624/730/1552 2625/732/1552
f 2873/733/1553 2618/731/1553 2625/732/1553 2626/734/1553
f 2619/735/1554 2873/733/1554 2626/734/1554 2627/736/1554
f 2870/737/1555 2661/738/1555 2621/739/1555
f 2871/726/1556 2870/737/1556 2621/739/1556 2622/727/1556
f 2621/739/1557 2661/740/1557 2629/741/1557
f 2622/727/1558 2621/739/1558 2629/741/1558 2630/742/1558
f 2623/728/1559 2622/727/1559 2630/742/1559 2631/743/1559
f 2624/730/1276 2623/728/1276 2631/743/1276 2632/744/1276
f 2625/732/1560 2624/730/1560 2632/744/1560 2633/745/1560
f 2626/734/1278 2625/732/1278 2633/745/1278 2634/746/1278
f 2627/736/1279 2626/734/1279 2634/746/1279 2635/747/1279
f 2633/745/1561 2632/744/1561 2640/748/1561 2641/749/1561
f 2634/746/1562 2633/745/1562 2641/749/1562 2642/750/1562
f 2635/747/1563 2634/746/1563 2642/750/1563 2643/751/1563
f 2629/741/1565 2661/752/1565 2637/753/1565
f 2630/742/1566 2629/741/1566 2637/753/1566 2638/754/1566
f 2631/743/1567 2630/742/1567 2638/754/1567 2639/755/1567
f 2632/744/1568 2631/743/1568 2639/755/1568 2640/748/1568
f 2774/756/1569 2775/757/1569 2890/757/1569 2889/756/1569
f 2768/758/1570 2767/759/1570 2887/759/1570 2888/758/1570
f 2640/748/1291 2639/755/1291 2647/760/1291 2648/400/1291
f 2641/749/1292 2640/748/1292 2648/400/1292 2649/761/1292
f 2642/750/1293 2641/749/1293 2649/761/1293 2650/762/1293
f 2643/751/1571 2642/750/1571 2650/762/1571 2651/763/1571
f 2661/764/1573 2645/765/1573 2877/765/1573 2898/764/1573
f 2650/762/1574 2649/761/1574 2657/766/1574 2658/767/1574
f 2651/763/1575 2650/762/1575 2658/767/1575 2659/768/1575
f 2645/765/1577 2661/764/1577 2653/769/1577
f 2646/770/1578 2645/765/1578 2653/769/1578 2654/771/1578
f 2647/760/1579 2646/770/1579 2654/771/1579 2655/772/1579
f 2648/400/1580 2647/760/1580 2655/772/1580 2656/773/1580
f 2649/761/1581 2648/400/1581 2656/773/1581 2657/766/1581
f 2655/772/1582 2654/771/1582 2663/774/1582 2664/775/1582
f 2656/773/1583 2655/772/1583 2664/775/1583 2665/776/1583
f 2657/766/1584 2656/773/1584 2665/776/1584 2666/777/1584
f 2658/767/1585 2657/766/1585 2666/777/1585 2667/778/1585
f 2659/768/1586 2658/767/1586 2667/778/1586 2668/779/1586
f 2653/769/1588 2661/780/1588 2662/781/1588
f 2654/771/1312 2653/769/1312 2662/781/1312 2663/774/1312
f 2668/779/1589 2667/778/1589 2675/782/1589 2676/783/1589
f 2662/781/1591 2661/784/1591 2670/785/1591
f 2663/774/1592 2662/781/1592 2670/785/1592 2671/786/1592
f 2664/775/1593 2663/774/1593 2671/786/1593 2672/787/1593
f 2665/776/1594 2664/775/1594 2672/787/1594 2673/788/1594
f 2666/777/1595 2665/776/1595 2673/788/1595 2674/789/1595
f 2667/778/1596 2666/777/1596 2674/789/1596 2675/782/1596
f 2672/787/1321 2671/786/1321 2679/790/1321 2680/791/1321
f 2673/788/1597 2672/787/1597 2680/791/1597 2681/792/1597
f 2674/789/1598 2673/788/1598 2681/792/1598 2682/793/1598
f 2675/782/1599 2674/789/1599 2682/793/1599 2683/794/1599
f 2676/783/1600 2675/782/1600 2683/794/1600 2684/795/1600
f 2670/785/1327 2661/797/1327 2678/798/1327
f 2671/786/1328 2670/785/1328 2678/798/1328 2679/790/1328
f 2684/795/1602 2683/794/1602 2691/799/1602 2692/800/1602
f 2678/798/1604 2661/802/1604 2686/803/1604
f 2679/790/1332 2678/798/1332 2686/803/1332 2687/804/1332
f 2680/791/1605 2679/790/1605 2687/804/1605 2688/805/1605
f 2681/792/1606 2680/791/1606 2688/805/1606 2689/806/1606
f 2682/793/1335 2681/792/1335 2689/806/1335 2690/807/1335
f 2683/794/1607 2682/793/1607 2690/807/1607 2691/799/1607
f 2689/806/1608 2688/805/1608 2696/808/1608 2697/809/1608
f 2690/807/1609 2689/806/1609 2697/809/1609 2698/810/1609
f 2691/799/1610 2690/807/1610 2698/810/1610 2699/811/1610
f 2692/800/1611 2691/799/1611 2699/811/1611 2700/812/1611
f 2686/803/1613 2661/814/1613 2694/815/1613
f 2687/804/1614 2686/803/1614 2694/815/1614 2695/816/1614
f 2688/805/1615 2687/804/1615 2695/816/1615 2696/808/1615
f 2776/819/1617 2768/758/1617 2888/758/1617 2891/819/1617
f 2661/820/1618 2702/821/1618 2883/821/1618 2898/820/1618
f 2767/759/1619 2766/822/1619 2886/822/1619 2887/759/1619
f 2697/809/1620 2696/808/1620 2704/823/1620 2705/824/1620
f 2698/810/1621 2697/809/1621 2705/824/1621 2706/825/1621
f 2699/811/1351 2698/810/1351 2706/825/1351 2707/826/1351
f 2700/812/1622 2699/811/1622 2707/826/1622 2708/817/1622
f 2705/824/1623 2704/823/1623 2712/827/1623 2713/828/1623
f 2706/825/1624 2705/824/1624 2713/828/1624 2714/829/1624
f 2707/826/1355 2706/825/1355 2714/829/1355 2715/830/1355
f 2708/817/1356 2707/826/1356 2715/830/1356 2716/831/1356
f 2702/821/1626 2661/820/1626 2710/833/1626
f 2703/834/1627 2702/821/1627 2710/833/1627 2711/835/1627
f 2704/823/1628 2703/834/1628 2711/835/1628 2712/827/1628
f 2710/833/1630 2661/838/1630 2718/839/1630
f 2711/835/1631 2710/833/1631 2718/839/1631 2719/840/1631
f 2712/827/1632 2711/835/1632 2719/840/1632 2720/841/1632
f 2713/828/1365 2712/827/1365 2720/841/1365 2721/842/1365
f 2714/829/1633 2713/828/1633 2721/842/1633 2722/843/1633
f 2715/830/1367 2714/829/1367 2722/843/1367 2723/844/1367
f 2716/831/1634 2715/830/1634 2723/844/1634 2724/836/1634
f 2722/843/1635 2721/842/1635 2729/845/1635 2730/846/1635
f 2723/844/1636 2722/843/1636 2730/846/1636 2731/847/1636
f 2724/836/1637 2723/844/1637 2731/847/1637 2732/848/1637
f 2718/839/1638 2661/850/1638 2726/851/1638
f 2719/840/1639 2718/839/1639 2726/851/1639 2727/852/1639
f 2720/841/1640 2719/840/1640 2727/852/1640 2728/853/1640
f 2721/842/1641 2720/841/1641 2728/853/1641 2729/845/1641
f 2727/852/1642 2726/851/1642 2734/854/1642 2735/855/1642
f 2728/853/1643 2727/852/1643 2735/855/1643 2736/856/1643
f 2729/845/1644 2728/853/1644 2736/856/1644 2737/857/1644
f 2730/846/1645 2729/845/1645 2737/857/1645 2738/858/1645
f 2731/847/1646 2730/846/1646 2738/858/1646 2739/859/1646
f 2732/848/1647 2731/847/1647 2739/859/1647 2740/860/1647
f 2726/851/1648 2661/862/1648 2734/854/1648
f 2739/859/1649 2738/858/1649 2746/863/1649 2747/864/1649
f 2740/860/1386 2739/859/1386 2747/864/1386 2748/865/1386
f 2734/854/1650 2661/867/1650 2742/868/1650
f 2735/855/1389 2734/854/1389 2742/868/1389 2743/869/1389
f 2736/856/1390 2735/855/1390 2743/869/1390 2744/870/1390
f 2737/857/1651 2736/856/1651 2744/870/1651 2745/871/1651
f 2738/858/1392 2737/857/1392 2745/871/1392 2746/863/1392
f 2743/869/1652 2742/868/1652 2750/872/1652 2751/873/1652
f 2744/870/1653 2743/869/1653 2751/873/1653 2752/874/1653
f 2745/871/1654 2744/870/1654 2752/874/1654 2753/875/1654
f 2746/863/1655 2745/871/1655 2753/875/1655 2754/876/1655
f 2747/864/1656 2746/863/1656 2754/876/1656 2755/877/1656
f 2748/865/1657 2747/864/1657 2755/877/1657 2756/878/1657
f 2742/868/1659 2661/880/1659 2750/872/1659
f 2755/877/1660 2754/876/1660 2762/881/1660 2763/882/1660
f 2756/878/1661 2755/877/1661 2763/882/1661 2764/883/1661
f 2750/872/1662 2661/885/1662 2758/886/1662
f 2751/873/1663 2750/872/1663 2758/886/1663 2759/887/1663
f 2752/874/1664 2751/873/1664 2759/887/1664 2760/888/1664
f 2753/875/1665 2752/874/1665 2760/888/1665 2761/889/1665
f 2754/876/1666 2753/875/1666 2761/889/1666 2762/881/1666
f 2760/888/1667 2759/887/1667 2767/759/1667 2768/758/1667
f 2761/889/1668 2760/888/1668 2768/758/1668 2769/890/1668
f 2762/881/1411 2761/889/1411 2769/890/1411 2770/891/1411
f 2763/882/1669 2762/881/1669 2770/891/1669 2771/892/1669
f 2764/883/1413 2763/882/1413 2771/892/1413 2772/893/1413
f 2758/886/1671 2661/895/1671 2766/822/1671
f 2759/887/1672 2758/886/1672 2766/822/1672 2767/759/1672
f 2772/893/1673 2771/892/1673 2779/896/1673 2780/897/1673
f 2637/753/1675 2661/752/1675 2898/752/1675 2874/753/1675
f 2647/760/1676 2639/755/1676 2876/755/1676 2879/760/1676
f 2694/815/1677 2661/814/1677 2898/814/1677 2880/815/1677
f 2769/890/1422 2768/758/1422 2776/819/1422 2777/899/1422
f 2770/891/1423 2769/890/1423 2777/899/1423 2778/900/1423
f 2771/892/1678 2770/891/1678 2778/900/1678 2779/896/1678
f 2776/819/1679 2775/757/1679 2783/901/1679 2784/902/1679
f 2777/899/1680 2776/819/1680 2784/902/1680 2785/903/1680
f 2778/900/1681 2777/899/1681 2785/903/1681 2786/904/1681
f 2779/896/1428 2778/900/1428 2786/904/1428 2787/905/1428
f 2780/897/1682 2779/896/1682 2787/905/1682 2788/906/1682
f 2774/756/1684 2661/908/1684 2782/909/1684
f 2775/757/1685 2774/756/1685 2782/909/1685 2783/901/1685
f 2788/906/1686 2787/905/1686 2795/910/1686 2796/911/1686
f 2782/909/1688 2661/913/1688 2790/914/1688
f 2783/901/1689 2782/909/1689 2790/914/1689 2791/915/1689
f 2784/902/1690 2783/901/1690 2791/915/1690 2792/916/1690
f 2785/903/1691 2784/902/1691 2792/916/1691 2793/917/1691
f 2786/904/1692 2785/903/1692 2793/917/1692 2794/918/1692
f 2787/905/1693 2786/904/1693 2794/918/1693 2795/910/1693
f 2793/917/1694 2792/916/1694 2800/919/1694 2801/920/1694
f 2794/918/1695 2793/917/1695 2801/920/1695 2802/921/1695
f 2795/910/1696 2794/918/1696 2802/921/1696 2803/922/1696
f 2796/911/1697 2795/910/1697 2803/922/1697 2804/923/1697
f 2790/914/1699 2661/925/1699 2798/926/1699
f 2791/915/1700 2790/914/1700 2798/926/1700 2799/927/1700
f 2792/916/1448 2791/915/1448 2799/927/1448 2800/919/1448
f 2798/926/1702 2661/929/1702 2806/930/1702
f 2799/927/1451 2798/926/1451 2806/930/1451 2807/931/1451
f 2800/919/1452 2799/927/1452 2807/931/1452 2808/932/1452
f 2801/920/1703 2800/919/1703 2808/932/1703 2809/933/1703
f 2802/921/1704 2801/920/1704 2809/933/1704 2810/934/1704
f 2803/922/1705 2802/921/1705 2810/934/1705 2811/935/1705
f 2804/923/1706 2803/922/1706 2811/935/1706 2812/928/1706
f 2810/936/1707 2809/937/1707 2817/938/1707 2818/939/1707
f 2811/940/1708 2810/936/1708 2818/939/1708 2819/941/1708
f 2812/942/1709 2811/940/1709 2819/941/1709 2820/943/1709
f 2806/945/1711 2661/946/1711 2814/947/1711
f 2807/948/1462 2806/945/1462 2814/947/1462 2815/949/1462
f 2808/950/1712 2807/948/1712 2815/949/1712 2816/951/1712
f 2809/937/1713 2808/950/1713 2816/951/1713 2817/938/1713
f 2814/947/1714 2661/952/1714 2822/953/1714
f 2815/949/1715 2814/947/1715 2822/953/1715 2823/954/1715
f 2816/951/1716 2815/949/1716 2823/954/1716 2824/955/1716
f 2817/938/1717 2816/951/1717 2824/955/1717 2825/956/1717
f 2818/939/1718 2817/938/1718 2825/956/1718 2826/957/1718
f 2819/941/1719 2818/939/1719 2826/957/1719 2827/958/1719
f 2820/943/1720 2819/941/1720 2827/958/1720 2828/959/1720
f 2826/957/1721 2825/956/1721 2833/961/1721 2834/962/1721
f 2827/958/1722 2826/957/1722 2834/962/1722 2835/963/1722
f 2828/959/1723 2827/958/1723 2835/963/1723 2836/964/1723
f 2703/834/1724 2704/823/1724 2885/823/1724 2884/834/1724
f 2702/821/1725 2703/834/1725 2884/834/1725 2883/821/1725
f 2696/808/1726 2695/816/1726 2881/816/1726 2882/808/1726
f 2825/956/1727 2824/955/1727 2832/966/1727 2833/961/1727
f 2831/967/1728 2830/968/1728 2838/969/1728 2839/970/1728
f 2832/966/1729 2831/967/1729 2839/970/1729 2840/971/1729
f 2833/961/1483 2832/966/1483 2840/971/1483 2841/972/1483
f 2834/962/1730 2833/961/1730 2841/972/1730 2842/973/1730
f 2835/963/1485 2834/962/1485 2842/973/1485 2843/974/1485
f 2836/964/1731 2835/963/1731 2843/974/1731 2844/975/1731
f 2830/968/1733 2661/977/1733 2838/969/1733
f 2843/974/1734 2842/973/1734 2850/978/1734 2851/979/1734
f 2844/975/1735 2843/974/1735 2851/979/1735 2852/980/1735
f 2838/969/1737 2661/982/1737 2846/983/1737
f 2839/970/1493 2838/969/1493 2846/983/1493 2847/984/1493
f 2840/971/1494 2839/970/1494 2847/984/1494 2848/985/1494
f 2841/972/1738 2840/971/1738 2848/985/1738 2849/986/1738
f 2842/973/1739 2841/972/1739 2849/986/1739 2850/978/1739
f 2847/984/1740 2846/983/1740 2854/987/1740 2855/988/1740
f 2848/985/1741 2847/984/1741 2855/988/1741 2856/989/1741
f 2849/986/1742 2848/985/1742 2856/989/1742 2857/990/1742
f 2850/978/1743 2849/986/1743 2857/990/1743 2858/991/1743
f 2851/979/1501 2850/978/1501 2858/991/1501 2859/992/1501
f 2852/980/1744 2851/979/1744 2859/992/1744 2860/993/1744
f 2846/983/1746 2661/995/1746 2854/987/1746
f 2859/992/1747 2858/991/1747 2866/996/1747 2867/997/1747
f 2860/993/1506 2859/992/1506 2867/997/1506 2868/998/1506
f 2854/987/1508 2661/1000/1508 2862/1001/1508
f 2855/988/1749 2854/987/1749 2862/1001/1749 2863/1002/1749
f 2856/989/1510 2855/988/1510 2863/1002/1510 2864/1003/1510
f 2857/990/1750 2856/989/1750 2864/1003/1750 2865/1004/1750
f 2858/991/1751 2857/990/1751 2865/1004/1751 2866/996/1751
f 2864/1003/1752 2863/1002/1752 2871/726/1752 2617/725/1752
f 2865/1004/1753 2864/1003/1753 2617/725/1753 2872/729/1753
f 2866/996/1754 2865/1004/1754 2872/729/1754 2618/731/1754
f 2867/997/1755 2866/996/1755 2618/731/1755 2873/733/1755
f 2868/998/1756 2867/997/1756 2873/733/1756 2619/735/1756
f 2862/1001/1758 2661/1005/1758 2870/737/1758
f 2863/1002/1759 2862/1001/1759 2870/737/1759 2871/726/1759
f 2875/754/1522 2874/753/1522 2877/765/1522 2878/770/1522
f 2876/755/1523 2875/754/1523 2878/770/1523 2879/760/1523
f 2874/753/1760 2898/1006/1760 2877/765/1760
f 2880/815/1761 2898/1007/1761 2883/821/1761
f 2881/816/1762 2880/815/1762 2883/821/1762 2884/834/1762
f 2882/808/1763 2881/816/1763 2884/834/1763 2885/823/1763
f 2886/822/1764 2898/1008/1764 2889/756/1764
f 2887/759/1765 2886/822/1765 2889/756/1765 2890/757/1765
f 2888/758/1766 2887/759/1766 2890/757/1766 2891/819/1766
f 2892/953/1767 2898/1009/1767 2895/968/1767
f 2893/954/1768 2892/953/1768 2895/968/1768 2896/967/1768
f 2894/955/1769 2893/954/1769 2896/967/1769 2897/966/1769
f 2822/953/1770 2661/952/1770 2898/952/1770 2892/953/1770
f 2766/822/1535 2661/895/1535 2898/895/1535 2886/822/1535
f 2823/954/1536 2822/953/1536 2892/953/1536 2893/954/1536
f 2775/757/1771 2776/819/1771 2891/819/1771 2890/757/1771
f 2638/754/1772 2637/753/1772 2874/753/1772 2875/754/1772
f 2824/955/1773 2823/954/1773 2893/954/1773 2894/955/1773
f 2661/977/1540 2830/968/1540 2895/968/1540 2898/977/1540
f 2661/908/1775 2774/756/1775 2889/756/1775 2898/908/1775
f 2639/755/1776 2638/754/1776 2875/754/1776 2876/755/1776
f 2830/968/1777 2831/967/1777 2896/967/1777 2895/968/1777
f 2645/765/1779 2646/770/1779 2878/770/1779 2877/765/1779
f 2831/967/1547 2832/966/1547 2897/966/1547 2896/967/1547
f 2695/816/1780 2694/815/1780 2880/815/1780 2881/816/1780
f 2646/770/1781 2647/760/1781 2879/760/1781 2878/770/1781
f 2899/725/1265 3153/726/1265 2904/727/1265 2905/728/1265
f 3154/729/1782 2899/725/1782 2905/728/1782 2906/730/1782
f 2900/731/1552 3154/729/1552 2906/730/1552 2907/732/1552
f 3155/733/1268 2900/731/1268 2907/732/1268 2908/734/1268
f 2901/735/1783 3155/733/1783 2908/734/1783 2909/736/1783
f 3152/737/1784 2943/738/1784 2903/739/1784
f 3153/726/1785 3152/737/1785 2903/739/1785 2904/727/1785
f 2903/739/1786 2943/740/1786 2911/741/1786
f 2904/727/1787 2903/739/1787 2911/741/1787 2912/742/1787
f 2905/728/1275 2904/727/1275 2912/742/1275 2913/743/1275
f 2906/730/1788 2905/728/1788 2913/743/1788 2914/744/1788
f 2907/732/1560 2906/730/1560 2914/744/1560 2915/745/1560
f 2908/734/1278 2907/732/1278 2915/745/1278 2916/746/1278
f 2909/736/1279 2908/734/1279 2916/746/1279 2917/747/1279
f 2915/745/1789 2914/744/1789 2922/748/1789 2923/749/1789
f 2916/746/1282 2915/745/1282 2923/749/1282 2924/750/1282
f 2917/747/1283 2916/746/1283 2924/750/1283 2925/751/1283
f 2911/741/1790 2943/752/1790 2919/753/1790
f 2912/742/1791 2911/741/1791 2919/753/1791 2920/754/1791
f 2913/743/1792 2912/742/1792 2920/754/1792 2921/755/1792
f 2914/744/1793 2913/743/1793 2921/755/1793 2922/748/1793
f 3056/756/1794 3057/757/1794 3172/757/1794 3171/756/1794
f 3050/758/1795 3049/759/1795 3169/759/1795 3170/758/1795
f 2922/748/1796 2921/755/1796 2929/760/1796 2930/400/1796
f 2923/749/1292 2922/748/1292 2930/400/1292 2931/761/1292
f 2924/750/1797 2923/749/1797 2931/761/1797 2932/762/1797
f 2925/751/1294 2924/750/1294 2932/762/1294 2933/763/1294
f 2943/764/1799 2927/765/1799 3159/765/1799 3180/764/1799
f 2932/762/1297 2931/761/1297 2939/766/1297 2940/767/1297
f 2933/763/1298 2932/762/1298 2940/767/1298 2941/768/1298
f 2927/765/1801 2943/764/1801 2935/769/1801
f 2928/770/1802 2927/765/1802 2935/769/1802 2936/771/1802
f 2929/760/1803 2928/770/1803 2936/771/1803 2937/772/1803
f 2930/400/1580 2929/760/1580 2937/772/1580 2938/773/1580
f 2931/761/1304 2930/400/1304 2938/773/1304 2939/766/1304
f 2937/772/1804 2936/771/1804 2945/774/1804 2946/775/1804
f 2938/773/1805 2937/772/1805 2946/775/1805 2947/776/1805
f 2939/766/1806 2938/773/1806 2947/776/1806 2948/777/1806
f 2940/767/1807 2939/766/1807 2948/777/1807 2949/778/1807
f 2941/768/1808 2940/767/1808 2949/778/1808 2950/779/1808
f 2935/769/1810 2943/780/1810 2944/781/1810
f 2936/771/1312 2935/769/1312 2944/781/1312 2945/774/1312
f 2950/779/1313 2949/778/1313 2957/782/1313 2958/783/1313
f 2944/781/1591 2943/784/1591 2952/785/1591
f 2945/774/1812 2944/781/1812 2952/785/1812 2953/786/1812
f 2946/775/1317 2945/774/1317 2953/786/1317 2954/787/1317
f 2947/776/1318 2946/775/1318 2954/787/1318 2955/788/1318
f 2948/777/1813 2947/776/1813 2955/788/1813 2956/789/1813
f 2949/778/1814 2948/777/1814 2956/789/1814 2957/782/1814
f 2954/787/1815 2953/786/1815 2961/790/1815 2962/791/1815
f 2955/788/1816 2954/787/1816 2962/791/1816 2963/792/1816
f 2956/789/1817 2955/788/1817 2963/792/1817 2964/793/1817
f 2957/782/1324 2956/789/1324 2964/793/1324 2965/794/1324
f 2958/783/1325 2957/782/1325 2965/794/1325 2966/795/1325
f 2952/785/1819 2943/797/1819 2960/798/1819
f 2953/786/1328 2952/785/1328 2960/798/1328 2961/790/1328
f 2966/795/1820 2965/794/1820 2973/799/1820 2974/800/1820
f 2960/798/1822 2943/802/1822 2968/803/1822
f 2961/790/1823 2960/798/1823 2968/803/1823 2969/804/1823
f 2962/791/1824 2961/790/1824 2969/804/1824 2970/805/1824
f 2963/792/1825 2962/791/1825 2970/805/1825 2971/806/1825
f 2964/793/1826 2963/792/1826 2971/806/1826 2972/807/1826
f 2965/794/1336 2964/793/1336 2972/807/1336 2973/799/1336
f 2971/806/1827 2970/805/1827 2978/808/1827 2979/809/1827
f 2972/807/1828 2971/806/1828 2979/809/1828 2980/810/1828
f 2973/799/1339 2972/807/1339 2980/810/1339 2981/811/1339
f 2974/800/1611 2973/799/1611 2981/811/1611 2982/812/1611
f 2968/803/1830 2943/814/1830 2976/815/1830
f 2969/804/1831 2968/803/1831 2976/815/1831 2977/816/1831
f 2970/805/1615 2969/804/1615 2977/816/1615 2978/808/1615
f 3058/819/1833 3050/758/1833 3170/758/1833 3173/819/1833
f 2943/820/1834 2984/821/1834 3165/821/1834 3180/820/1834
f 3049/759/1835 3048/822/1835 3168/822/1835 3169/759/1835
f 2979/809/1836 2978/808/1836 2986/823/1836 2987/824/1836
f 2980/810/1837 2979/809/1837 2987/824/1837 2988/825/1837
f 2981/811/1351 2980/810/1351 2988/825/1351 2989/826/1351
f 2982/812/1352 2981/811/1352 2989/826/1352 2990/817/1352
f 2987/824/1838 2986/823/1838 2994/827/1838 2995/828/1838
f 2988/825/1839 2987/824/1839 2995/828/1839 2996/829/1839
f 2989/826/1355 2988/825/1355 2996/829/1355 2997/830/1355
f 2990/817/1356 2989/826/1356 2997/830/1356 2998/831/1356
f 2984/821/1840 2943/820/1840 2992/833/1840
f 2985/834/1627 2984/821/1627 2992/833/1627 2993/835/1627
f 2986/823/1360 2985/834/1360 2993/835/1360 2994/827/1360
f 2992/833/1841 2943/838/1841 3000/839/1841
f 2993/835/1842 2992/833/1842 3000/839/1842 3001/840/1842
f 2994/827/1632 2993/835/1632 3001/840/1632 3002/841/1632
f 2995/828/1843 2994/827/1843 3002/841/1843 3003/842/1843
f 2996/829/1844 2995/828/1844 3003/842/1844 3004/843/1844
f 2997/830/1845 2996/829/1845 3004/843/1845 3005/844/1845
f 2998/831/1846 2997/830/1846 3005/844/1846 3006/836/1846
f 3004/843/1369 3003/842/1369 3011/845/1369 3012/846/1369
f 3005/844/1847 3004/843/1847 3012/846/1847 3013/847/1847
f 3006/836/1637 3005/844/1637 3013/847/1637 3014/848/1637
f 3000/839/1849 2943/850/1849 3008/851/1849
f 3001/840/1374 3000/839/1374 3008/851/1374 3009/852/1374
f 3002/841/1850 3001/840/1850 3009/852/1850 3010/853/1850
f 3003/842/1376 3002/841/1376 3010/853/1376 3011/845/1376
f 3009/852/1851 3008/851/1851 3016/854/1851 3017/855/1851
f 3010/853/1378 3009/852/1378 3017/855/1378 3018/856/1378
f 3011/845/1852 3010/853/1852 3018/856/1852 3019/857/1852
f 3012/846/1380 3011/845/1380 3019/857/1380 3020/858/1380
f 3013/847/1646 3012/846/1646 3020/858/1646 3021/859/1646
f 3014/848/1647 3013/847/1647 3021/859/1647 3022/860/1647
f 3008/851/1384 2943/862/1384 3016/854/1384
f 3021/859/1853 3020/858/1853 3028/863/1853 3029/864/1853
f 3022/860/1854 3021/859/1854 3029/864/1854 3030/865/1854
f 3016/854/1650 2943/867/1650 3024/868/1650
f 3017/855/1389 3016/854/1389 3024/868/1389 3025/869/1389
f 3018/856/1855 3017/855/1855 3025/869/1855 3026/870/1855
f 3019/857/1391 3018/856/1391 3026/870/1391 3027/871/1391
f 3020/858/1392 3019/857/1392 3027/871/1392 3028/863/1392
f 3025/869/1856 3024/868/1856 3032/872/1856 3033/873/1856
f 3026/870/1394 3025/869/1394 3033/873/1394 3034/874/1394
f 3027/871/1654 3026/870/1654 3034/874/1654 3035/875/1654
f 3028/863/1655 3027/871/1655 3035/875/1655 3036/876/1655
f 3029/864/1397 3028/863/1397 3036/876/1397 3037/877/1397
f 3030/865/1857 3029/864/1857 3037/877/1857 3038/878/1857
f 3024/868/1659 2943/880/1659 3032/872/1659
f 3037/877/1858 3036/876/1858 3044/881/1858 3045/882/1858
f 3038/878/1859 3037/877/1859 3045/882/1859 3046/883/1859
f 3032/872/1861 2943/885/1861 3040/886/1861
f 3033/873/1862 3032/872/1862 3040/886/1862 3041/887/1862
f 3034/874/1406 3033/873/1406 3041/887/1406 3042/888/1406
f 3035/875/1863 3034/874/1863 3042/888/1863 3043/889/1863
f 3036/876/1666 3035/875/1666 3043/889/1666 3044/881/1666
f 3042/888/1409 3041/887/1409 3049/759/1409 3050/758/1409
f 3043/889/1864 3042/888/1864 3050/758/1864 3051/890/1864
f 3044/881/1411 3043/889/1411 3051/890/1411 3052/891/1411
f 3045/882/1669 3044/881/1669 3052/891/1669 3053/892/1669
f 3046/883/1413 3045/882/1413 3053/892/1413 3054/893/1413
f 3040/886/1865 2943/895/1865 3048/822/1865
f 3041/887/1866 3040/886/1866 3048/822/1866 3049/759/1866
f 3054/893/1417 3053/892/1417 3061/896/1417 3062/897/1417
f 2919/753/1867 2943/752/1867 3180/752/1867 3156/753/1867
f 3051/890/1870 3050/758/1870 3058/819/1870 3059/899/1870
f 3052/891/1423 3051/890/1423 3059/899/1423 3060/900/1423
f 3053/892/1871 3052/891/1871 3060/900/1871 3061/896/1871
f 3058/819/1425 3057/757/1425 3065/901/1425 3066/902/1425
f 3059/899/1872 3058/819/1872 3066/902/1872 3067/903/1872
f 3060/900/1427 3059/899/1427 3067/903/1427 3068/904/1427
f 3061/896/1873 3060/900/1873 3068/904/1873 3069/905/1873
f 3062/897/1874 3061/896/1874 3069/905/1874 3070/906/1874
f 3056/756/1876 2943/908/1876 3064/909/1876
f 3057/757/1877 3056/756/1877 3064/909/1877 3065/901/1877
f 3070/906/1686 3069/905/1686 3077/910/1686 3078/911/1686
f 3064/909/1878 2943/913/1878 3072/914/1878
f 3065/901/1879 3064/909/1879 3072/914/1879 3073/915/1879
f 3066/902/1690 3065/901/1690 3073/915/1690 3074/916/1690
f 3067/903/1880 3066/902/1880 3074/916/1880 3075/917/1880
f 3068/904/1881 3067/903/1881 3075/917/1881 3076/918/1881
f 3069/905/1440 3068/904/1440 3076/918/1440 3077/910/1440
f 3075/917/1882 3074/916/1882 3082/919/1882 3083/920/1882
f 3076/918/1695 3075/917/1695 3083/920/1695 3084/921/1695
f 3077/910/1443 3076/918/1443 3084/921/1443 3085/922/1443
f 3078/911/1444 3077/910/1444 3085/922/1444 3086/923/1444
f 3072/914/1446 2943/925/1446 3080/926/1446
f 3073/915/1884 3072/914/1884 3080/926/1884 3081/927/1884
f 3074/916/1885 3073/915/1885 3081/927/1885 3082/919/1885
f 3080/926/1887 2943/929/1887 3088/930/1887
f 3081/927/1451 3080/926/1451 3088/930/1451 3089/931/1451
f 3082/919/1888 3081/927/1888 3089/931/1888 3090/932/1888
f 3083/920/1889 3082/919/1889 3090/932/1889 3091/933/1889
f 3084/921/1890 3083/920/1890 3091/933/1890 3092/934/1890
f 3085/922/1891 3084/921/1891 3092/934/1891 3093/935/1891
f 3086/923/1456 3085/922/1456 3093/935/1456 3094/928/1456
f 3092/936/1707 3091/937/1707 3099/938/1707 3100/939/1707
f 3093/940/1708 3092/936/1708 3100/939/1708 3101/941/1708
f 3094/942/1892 3093/940/1892 3101/941/1892 3102/943/1892
f 3088/945/1461 2943/946/1461 3096/947/1461
f 3089/948/1462 3088/945/1462 3096/947/1462 3097/949/1462
f 3090/950/1893 3089/948/1893 3097/949/1893 3098/951/1893
f 3091/937/1713 3090/950/1713 3098/951/1713 3099/938/1713
f 3096/947/1894 2943/952/1894 3104/953/1894
f 3097/949/1895 3096/947/1895 3104/953/1895 3105/954/1895
f 3098/951/1896 3097/949/1896 3105/954/1896 3106/955/1896
f 3099/938/1717 3098/951/1717 3106/955/1717 3107/956/1717
f 3100/939/1897 3099/938/1897 3107/956/1897 3108/957/1897
f 3101/941/1719 3100/939/1719 3108/957/1719 3109/958/1719
f 3102/943/1898 3101/941/1898 3109/958/1898 3110/959/1898
f 3108/957/1900 3107/956/1900 3115/961/1900 3116/962/1900
f 3109/958/1722 3108/957/1722 3116/962/1722 3117/963/1722
f 3110/959/1723 3109/958/1723 3117/963/1723 3118/964/1723
f 2985/834/1902 2986/823/1902 3167/823/1902 3166/834/1902
f 2984/821/1903 2985/834/1903 3166/834/1903 3165/821/1903
f 2978/808/1479 2977/816/1479 3163/816/1479 3164/808/1479
f 3107/956/1904 3106/955/1904 3114/966/1904 3115/961/1904
f 3113/967/1905 3112/968/1905 3120/969/1905 3121/970/1905
f 3114/966/1906 3113/967/1906 3121/970/1906 3122/971/1906
f 3115/961/1483 3114/966/1483 3122/971/1483 3123/972/1483
f 3116/962/1907 3115/961/1907 3123/972/1907 3124/973/1907
f 3117/963/1908 3116/962/1908 3124/973/1908 3125/974/1908
f 3118/964/1486 3117/963/1486 3125/974/1486 3126/975/1486
f 3112/968/1910 2943/977/1910 3120/969/1910
f 3125/974/1911 3124/973/1911 3132/978/1911 3133/979/1911
f 3126/975/1490 3125/974/1490 3133/979/1490 3134/980/1490
f 3120/969/1912 2943/982/1912 3128/983/1912
f 3121/970/1913 3120/969/1913 3128/983/1913 3129/984/1913
f 3122/971/1914 3121/970/1914 3129/984/1914 3130/985/1914
f 3123/972/1915 3122/971/1915 3130/985/1915 3131/986/1915
f 3124/973/1739 3123/972/1739 3131/986/1739 3132/978/1739
f 3129/984/1916 3128/983/1916 3136/987/1916 3137/988/1916
f 3130/985/1917 3129/984/1917 3137/988/1917 3138/989/1917
f 3131/986/1918 3130/985/1918 3138/989/1918 3139/990/1918
f 3132/978/1743 3131/986/1743 3139/990/1743 3140/991/1743
f 3133/979/1919 3132/978/1919 3140/991/1919 3141/992/1919
f 3134/980/1502 3133/979/1502 3141/992/1502 3142/993/1502
f 3128/983/1920 2943/995/1920 3136/987/1920
f 3141/992/1505 3140/991/1505 3148/996/1505 3149/997/1505
f 3142/993/1506 3141/992/1506 3149/997/1506 3150/998/1506
f 3136/987/1921 2943/1000/1921 3144/1001/1921
f 3137/988/1922 3136/987/1922 3144/1001/1922 3145/1002/1922
f 3138/989/1923 3137/988/1923 3145/1002/1923 3146/1003/1923
f 3139/990/1924 3138/989/1924 3146/1003/1924 3147/1004/1924
f 3140/991/1751 3139/990/1751 3147/1004/1751 3148/996/1751
f 3146/1003/1752 3145/1002/1752 3153/726/1752 2899/725/1752
f 3147/1004/1514 3146/1003/1514 2899/725/1514 3154/729/1514
f 3148/996/1925 3147/1004/1925 3154/729/1925 2900/731/1925
f 3149/997/1516 3148/996/1516 2900/731/1516 3155/733/1516
f 3150/998/1517 3149/997/1517 3155/733/1517 2901/735/1517
f 3144/1001/1926 2943/1005/1926 3152/737/1926
f 3145/1002/1759 3144/1001/1759 3152/737/1759 3153/726/1759
f 3157/754/1927 3156/753/1927 3159/765/1927 3160/770/1927
f 3158/755/1928 3157/754/1928 3160/770/1928 3161/760/1928
f 3156/753/1929 3180/1006/1929 3159/765/1929
f 3162/815/1930 3180/1007/1930 3165/821/1930
f 3163/816/1931 3162/815/1931 3165/821/1931 3166/834/1931
f 3164/808/1932 3163/816/1932 3166/834/1932 3167/823/1932
f 3168/822/1933 3180/1008/1933 3171/756/1933
f 3169/759/1934 3168/822/1934 3171/756/1934 3172/757/1934
f 3170/758/1935 3169/759/1935 3172/757/1935 3173/819/1935
f 3175/954/1768 3174/953/1768 3177/968/1768 3178/967/1768
f 3176/955/1937 3175/954/1937 3178/967/1937 3179/966/1937
f 3104/953/1938 2943/952/1938 3180/952/1938 3174/953/1938
f 3048/822/1939 2943/895/1939 3180/895/1939 3168/822/1939
f 3105/954/1940 3104/953/1940 3174/953/1940 3175/954/1940
f 3057/757/1941 3058/819/1941 3173/819/1941 3172/757/1941
f 2920/754/1942 2919/753/1942 3156/753/1942 3157/754/1942
f 3106/955/1943 3105/954/1943 3175/954/1943 3176/955/1943
f 2943/977/1944 3112/968/1944 3177/968/1944 3180/977/1944
f 2943/908/1945 3056/756/1945 3171/756/1945 3180/908/1945
f 2921/755/1946 2920/754/1946 3157/754/1946 3158/755/1946
f 3112/968/1947 3113/967/1947 3178/967/1947 3177/968/1947
f 3114/966/1948 3106/955/1948 3176/955/1948 3179/966/1948
f 2927/765/1949 2928/770/1949 3160/770/1949 3159/765/1949
f 3113/967/1950 3114/966/1950 3179/966/1950 3178/967/1950
f 2977/816/1951 2976/815/1951 3162/815/1951 3163/816/1951
f 2928/770/1549 2929/760/1549 3161/760/1549 3160/770/1549
f 3181/725/1952 3435/726/1952 3186/727/1952 3187/728/1952
f 3436/729/1953 3181/725/1953 3187/728/1953 3188/730/1953
f 3182/731/1954 3436/729/1954 3188/730/1954 3189/732/1954
f 3437/733/1268 3182/731/1268 3189/732/1268 3190/734/1268
f 3183/735/1783 3437/733/1783 3190/734/1783 3191/736/1783
f 3434/737/1955 3225/738/1955 3185/739/1955
f 3435/726/1956 3434/737/1956 3185/739/1956 3186/727/1956
f 3185/739/1957 3225/740/1957 3193/741/1957
f 3186/727/1958 3185/739/1958 3193/741/1958 3194/742/1958
f 3187/728/1959 3186/727/1959 3194/742/1959 3195/743/1959
f 3188/730/1276 3187/728/1276 3195/743/1276 3196/744/1276
f 3189/732/1277 3188/730/1277 3196/744/1277 3197/745/1277
f 3190/734/1278 3189/732/1278 3197/745/1278 3198/746/1278
f 3191/736/1279 3190/734/1279 3198/746/1279 3199/747/1279
f 3197/745/1281 3196/744/1281 3204/748/1281 3205/749/1281
f 3198/746/1961 3197/745/1961 3205/749/1961 3206/750/1961
f 3199/747/1283 3198/746/1283 3206/750/1283 3207/751/1283
f 3194/742/1286 3193/741/1286 3201/753/1286 3202/754/1286
f 3195/743/1287 3194/742/1287 3202/754/1287 3203/755/1287
f 3196/744/1288 3195/743/1288 3203/755/1288 3204/748/1288
f 3332/758/1290 3331/759/1290 3451/759/1290 3452/758/1290
f 3204/748/1964 3203/755/1964 3211/760/1964 3212/400/1964
f 3205/749/1292 3204/748/1292 3212/400/1292 3213/761/1292
f 3206/750/1797 3205/749/1797 3213/761/1797 3214/762/1797
f 3207/751/1965 3206/750/1965 3214/762/1965 3215/763/1965
f 3225/764/1966 3209/765/1966 3441/765/1966 3462/764/1966
f 3214/762/1297 3213/761/1297 3221/766/1297 3222/767/1297
f 3215/763/1967 3214/762/1967 3222/767/1967 3223/768/1967
f 3210/770/1802 3209/765/1802 3217/769/1802 3218/771/1802
f 3211/760/1803 3210/770/1803 3218/771/1803 3219/772/1803
f 3212/400/1970 3211/760/1970 3219/772/1970 3220/773/1970
f 3213/761/1581 3212/400/1581 3220/773/1581 3221/766/1581
f 3219/772/1804 3218/771/1804 3227/774/1804 3228/775/1804
f 3220/773/1306 3219/772/1306 3228/775/1306 3229/776/1306
f 3221/766/1971 3220/773/1971 3229/776/1971 3230/777/1971
f 3222/767/1972 3221/766/1972 3230/777/1972 3231/778/1972
f 3223/768/1808 3222/767/1808 3231/778/1808 3232/779/1808
f 3217/769/1973 3225/780/1973 3226/781/1973
f 3218/771/1974 3217/769/1974 3226/781/1974 3227/774/1974
f 3232/779/1975 3231/778/1975 3239/782/1975 3240/783/1975
f 3226/781/1591 3225/784/1591 3234/785/1591
f 3227/774/1316 3226/781/1316 3234/785/1316 3235/786/1316
f 3228/775/1317 3227/774/1317 3235/786/1317 3236/787/1317
f 3229/776/1594 3228/775/1594 3236/787/1594 3237/788/1594
f 3230/777/1319 3229/776/1319 3237/788/1319 3238/789/1319
f 3231/778/1976 3230/777/1976 3238/789/1976 3239/782/1976
f 3236/787/1321 3235/786/1321 3243/790/1321 3244/791/1321
f 3237/788/1597 3236/787/1597 3244/791/1597 3245/792/1597
f 3238/789/1598 3237/788/1598 3245/792/1598 3246/793/1598
f 3239/782/1977 3238/789/1977 3246/793/1977 3247/794/1977
f 3240/783/1978 3239/782/1978 3247/794/1978 3248/795/1978
f 3234/785/1327 3225/797/1327 3242/798/1327
f 3235/786/1980 3234/785/1980 3242/798/1980 3243/790/1980
f 3248/795/1820 3247/794/1820 3255/799/1820 3256/800/1820
f 3242/798/1982 3225/802/1982 3250/803/1982
f 3243/790/1823 3242/798/1823 3250/803/1823 3251/804/1823
f 3244/791/1605 3243/790/1605 3251/804/1605 3252/805/1605
f 3245/792/1983 3244/791/1983 3252/805/1983 3253/806/1983
f 3246/793/1335 3245/792/1335 3253/806/1335 3254/807/1335
f 3247/794/1984 3246/793/1984 3254/807/1984 3255/799/1984
f 3253/806/1985 3252/805/1985 3260/808/1985 3261/809/1985
f 3254/807/1609 3253/806/1609 3261/809/1609 3262/810/1609
f 3255/799/1986 3254/807/1986 3262/810/1986 3263/811/1986
f 3256/800/1611 3255/799/1611 3263/811/1611 3264/812/1611
f 3251/804/1989 3250/803/1989 3258/815/1989 3259/816/1989
f 3252/805/1344 3251/804/1344 3259/816/1344 3260/808/1344
f 3331/759/1992 3330/822/1992 3450/822/1992 3451/759/1992
f 3261/809/1993 3260/808/1993 3268/823/1993 3269/824/1993
f 3262/810/1994 3261/809/1994 3269/824/1994 3270/825/1994
f 3263/811/1995 3262/810/1995 3270/825/1995 3271/826/1995
f 3264/812/1996 3263/811/1996 3271/826/1996 3272/817/1996
f 3269/824/1997 3268/823/1997 3276/827/1997 3277/828/1997
f 3270/825/1354 3269/824/1354 3277/828/1354 3278/829/1354
f 3271/826/1998 3270/825/1998 3278/829/1998 3279/830/1998
f 3272/817/1999 3271/826/1999 3279/830/1999 3280/831/1999
f 3266/821/2000 3225/820/2000 3274/833/2000
f 3267/834/2001 3266/821/2001 3274/833/2001 3275/835/2001
f 3268/823/1360 3267/834/1360 3275/835/1360 3276/827/1360
f 3274/833/2002 3225/838/2002 3282/839/2002
f 3275/835/1842 3274/833/1842 3282/839/1842 3283/840/1842
f 3276/827/1632 3275/835/1632 3283/840/1632 3284/841/1632
f 3277/828/1365 3276/827/1365 3284/841/1365 3285/842/1365
f 3278/829/1366 3277/828/1366 3285/842/1366 3286/843/1366
f 3279/830/2003 3278/829/2003 3286/843/2003 3287/844/2003
f 3280/831/2004 3279/830/2004 3287/844/2004 3288/836/2004
f 3286/843/1369 3285/842/1369 3293/845/1369 3294/846/1369
f 3287/844/1370 3286/843/1370 3294/846/1370 3295/847/1370
f 3288/836/1371 3287/844/1371 3295/847/1371 3296/848/1371
f 3282/839/2005 3225/850/2005 3290/851/2005
f 3283/840/2006 3282/839/2006 3290/851/2006 3291/852/2006
f 3284/841/1640 3283/840/1640 3291/852/1640 3292/853/1640
f 3285/842/2007 3284/841/2007 3292/853/2007 3293/845/2007
f 3291/852/2008 3290/851/2008 3298/854/2008 3299/855/2008
f 3292/853/2009 3291/852/2009 3299/855/2009 3300/856/2009
f 3293/845/1644 3292/853/1644 3300/856/1644 3301/857/1644
f 3294/846/1645 3293/845/1645 3301/857/1645 3302/858/1645
f 3295/847/2010 3294/846/2010 3302/858/2010 3303/859/2010
f 3296/848/1647 3295/847/1647 3303/859/1647 3304/860/1647
f 3290/851/2011 3225/862/2011 3298/854/2011
f 3303/859/1649 3302/858/1649 3310/863/1649 3311/864/1649
f 3304/860/1854 3303/859/1854 3311/864/1854 3312/865/1854
f 3298/854/2012 3225/867/2012 3306/868/2012
f 3299/855/2013 3298/854/2013 3306/868/2013 3307/869/2013
f 3300/856/2014 3299/855/2014 3307/869/2014 3308/870/2014
f 3301/857/1651 3300/856/1651 3308/870/1651 3309/871/1651
f 3302/858/2015 3301/857/2015 3309/871/2015 3310/863/2015
f 3307/869/1856 3306/868/1856 3314/872/1856 3315/873/1856
f 3308/870/1394 3307/869/1394 3315/873/1394 3316/874/1394
f 3309/871/1654 3308/870/1654 3316/874/1654 3317/875/1654
f 3310/863/2016 3309/871/2016 3317/875/2016 3318/876/2016
f 3311/864/1397 3310/863/1397 3318/876/1397 3319/877/1397
f 3312/865/1657 3311/864/1657 3319/877/1657 3320/878/1657
f 3306/868/2017 3225/880/2017 3314/872/2017
f 3319/877/1858 3318/876/1858 3326/881/1858 3327/882/1858
f 3320/878/1402 3319/877/1402 3327/882/1402 3328/883/1402
f 3314/872/1404 3225/885/1404 3322/886/1404
f 3315/873/2018 3314/872/2018 3322/886/2018 3323/887/2018
f 3316/874/1406 3315/873/1406 3323/887/1406 3324/888/1406
f 3317/875/2019 3316/874/2019 3324/888/2019 3325/889/2019
f 3318/876/1666 3317/875/1666 3325/889/1666 3326/881/1666
f 3324/888/2020 3323/887/2020 3331/759/2020 3332/758/2020
f 3325/889/2021 3324/888/2021 3332/758/2021 3333/890/2021
f 3326/881/2022 3325/889/2022 3333/890/2022 3334/891/2022
f 3327/882/2023 3326/881/2023 3334/891/2023 3335/892/2023
f 3328/883/1413 3327/882/1413 3335/892/1413 3336/893/1413
f 3322/886/2025 3225/895/2025 3330/822/2025
f 3323/887/2026 3322/886/2026 3330/822/2026 3331/759/2026
f 3336/893/1673 3335/892/1673 3343/896/1673 3344/897/1673
f 3211/760/2029 3203/755/2029 3440/755/2029 3443/760/2029
f 3258/815/2030 3225/814/2030 3462/814/2030 3444/815/2030
f 3333/890/2031 3332/758/2031 3340/819/2031 3341/899/2031
f 3334/891/2032 3333/890/2032 3341/899/2032 3342/900/2032
f 3335/892/2033 3334/891/2033 3342/900/2033 3343/896/2033
f 3340/819/1425 3339/757/1425 3347/901/1425 3348/902/1425
f 3341/899/2034 3340/819/2034 3348/902/2034 3349/903/2034
f 3342/900/1681 3341/899/1681 3349/903/1681 3350/904/1681
f 3343/896/1428 3342/900/1428 3350/904/1428 3351/905/1428
f 3344/897/2035 3343/896/2035 3351/905/2035 3352/906/2035
f 3339/757/2037 3338/756/2037 3346/909/2037 3347/901/2037
f 3352/906/1686 3351/905/1686 3359/910/1686 3360/911/1686
f 3347/901/2040 3346/909/2040 3354/914/2040 3355/915/2040
f 3348/902/1690 3347/901/1690 3355/915/1690 3356/916/1690
f 3349/903/2041 3348/902/2041 3356/916/2041 3357/917/2041
f 3350/904/2042 3349/903/2042 3357/917/2042 3358/918/2042
f 3351/905/2043 3350/904/2043 3358/918/2043 3359/910/2043
f 3357/917/2044 3356/916/2044 3364/919/2044 3365/920/2044
f 3358/918/2045 3357/917/2045 3365/920/2045 3366/921/2045
f 3359/910/2046 3358/918/2046 3366/921/2046 3367/922/2046
f 3360/911/2047 3359/910/2047 3367/922/2047 3368/923/2047
f 3354/914/2049 3225/925/2049 3362/926/2049
f 3355/915/1700 3354/914/1700 3362/926/1700 3363/927/1700
f 3356/916/2050 3355/915/2050 3363/927/2050 3364/919/2050
f 3363/927/1451 3362/926/1451 3370/930/1451 3371/931/1451
f 3364/919/1888 3363/927/1888 3371/931/1888 3372/932/1888
f 3365/920/1453 3364/919/1453 3372/932/1453 3373/933/1453
f 3366/921/1704 3365/920/1704 3373/933/1704 3374/934/1704
f 3367/922/2053 3366/921/2053 3374/934/2053 3375/935/2053
f 3368/923/2054 3367/922/2054 3375/935/2054 3376/928/2054
f 3374/936/2055 3373/937/2055 3381/938/2055 3382/939/2055
f 3375/940/1708 3374/936/1708 3382/939/1708 3383/941/1708
f 3376/942/2056 3375/940/2056 3383/941/2056 3384/943/2056
f 3370/945/1461 3225/946/1461 3378/947/1461
f 3371/948/1462 3370/945/1462 3378/947/1462 3379/949/1462
f 3372/950/1893 3371/948/1893 3379/949/1893 3380/951/1893
f 3373/937/2058 3372/950/2058 3380/951/2058 3381/938/2058
f 3378/947/1465 3225/952/1465 3386/953/1465
f 3379/949/2059 3378/947/2059 3386/953/2059 3387/954/2059
f 3380/951/1467 3379/949/1467 3387/954/1467 3388/955/1467
f 3381/938/2060 3380/951/2060 3388/955/2060 3389/956/2060
f 3382/939/1718 3381/938/1718 3389/956/1718 3390/957/1718
f 3383/941/1719 3382/939/1719 3390/957/1719 3391/958/1719
f 3384/943/1471 3383/941/1471 3391/958/1471 3392/959/1471
f 3390/957/1721 3389/956/1721 3397/961/1721 3398/962/1721
f 3391/958/2062 3390/957/2062 3398/962/2062 3399/963/2062
f 3392/959/2063 3391/958/2063 3399/963/2063 3400/964/2063
f 3260/808/1479 3259/816/1479 3445/816/1479 3446/808/1479
f 3389/956/2064 3388/955/2064 3396/966/2064 3397/961/2064
f 3395/967/1481 3394/968/1481 3402/969/1481 3403/970/1481
f 3396/966/2065 3395/967/2065 3403/970/2065 3404/971/2065
f 3397/961/2066 3396/966/2066 3404/971/2066 3405/972/2066
f 3398/962/2067 3397/961/2067 3405/972/2067 3406/973/2067
f 3399/963/1485 3398/962/1485 3406/973/1485 3407/974/1485
f 3400/964/1731 3399/963/1731 3407/974/1731 3408/975/1731
f 3394/968/2069 3225/977/2069 3402/969/2069
f 3407/974/2070 3406/973/2070 3414/978/2070 3415/979/2070
f 3408/975/1735 3407/974/1735 3415/979/1735 3416/980/1735
f 3402/969/1912 3225/982/1912 3410/983/1912
f 3403/970/2071 3402/969/2071 3410/983/2071 3411/984/2071
f 3404/971/2072 3403/970/2072 3411/984/2072 3412/985/2072
f 3405/972/2073 3404/971/2073 3412/985/2073 3413/986/2073
f 3406/973/1496 3405/972/1496 3413/986/1496 3414/978/1496
f 3411/984/1916 3410/983/1916 3418/987/1916 3419/988/1916
f 3412/985/1741 3411/984/1741 3419/988/1741 3420/989/1741
f 3413/986/1499 3412/985/1499 3420/989/1499 3421/990/1499
f 3414/978/2074 3413/986/2074 3421/990/2074 3422/991/2074
f 3415/979/2075 3414/978/2075 3422/991/2075 3423/992/2075
f 3416/980/1744 3415/979/1744 3423/992/1744 3424/993/1744
f 3410/983/2077 3225/995/2077 3418/987/2077
f 3423/992/1505 3422/991/1505 3430/996/1505 3431/997/1505
f 3424/993/1506 3423/992/1506 3431/997/1506 3432/998/1506
f 3419/988/2079 3418/987/2079 3426/1001/2079 3427/1002/2079
f 3420/989/1923 3419/988/1923 3427/1002/1923 3428/1003/1923
f 3421/990/2080 3420/989/2080 3428/1003/2080 3429/1004/2080
f 3422/991/2081 3421/990/2081 3429/1004/2081 3430/996/2081
f 3428/1003/1752 3427/1002/1752 3435/726/1752 3181/725/1752
f 3429/1004/2082 3428/1003/2082 3181/725/2082 3436/729/2082
f 3430/996/1925 3429/1004/1925 3436/729/1925 3182/731/1925
f 3431/997/1516 3430/996/1516 3182/731/1516 3437/733/1516
f 3432/998/1517 3431/997/1517 3437/733/1517 3183/735/1517
f 3426/1001/1519 3225/1005/1519 3434/737/1519
f 3427/1002/1521 3426/1001/1521 3434/737/1521 3435/726/1521
f 3439/754/1522 3438/753/1522 3441/765/1522 3442/770/1522
f 3440/755/1523 3439/754/1523 3442/770/1523 3443/760/1523
f 3438/753/2083 3462/1006/2083 3441/765/2083
f 3444/815/2084 3462/1007/2084 3447/821/2084
f 3445/816/2085 3444/815/2085 3447/821/2085 3448/834/2085
f 3446/808/1932 3445/816/1932 3448/834/1932 3449/823/1932
f 3450/822/1528 3462/1008/1528 3453/756/1528
f 3451/759/1529 3450/822/1529 3453/756/1529 3454/757/1529
f 3452/758/2086 3451/759/2086 3454/757/2086 3455/819/2086
f 3457/954/2088 3456/953/2088 3459/968/2088 3460/967/2088
f 3458/955/2089 3457/954/2089 3460/967/2089 3461/966/2089
f 3330/822/2091 3225/895/2091 3462/895/2091 3450/822/2091
f 3225/977/2094 3394/968/2094 3459/968/2094 3462/977/2094
f 3268/823/2095 3260/808/2095 3446/808/2095 3449/823/2095
f 3225/908/1542 3338/756/1542 3453/756/1542 3462/908/1542
f 3394/968/2097 3395/967/2097 3460/967/2097 3459/968/2097
f 3209/765/2099 3210/770/2099 3442/770/2099 3441/765/2099
f 3395/967/1547 3396/966/1547 3461/966/1547 3460/967/1547
f 3259/816/2100 3258/815/2100 3444/815/2100 3445/816/2100
f 3210/770/2101 3211/760/2101 3443/760/2101 3442/770/2101
f 3463/725/2102 3717/726/2102 3468/727/2102 3469/728/2102
f 3718/729/2103 3463/725/2103 3469/728/2103 3470/730/2103
f 3464/731/2104 3718/729/2104 3470/730/2104 3471/732/2104
f 3719/733/2105 3464/731/2105 3471/732/2105 3472/734/2105
f 3465/735/2106 3719/733/2106 3472/734/2106 3473/736/2106
f 3466/213/2107 3465/735/2107 3473/736/2107 3474/211/2107
f 3716/737/2108 3507/738/2108 3467/739/2108
f 3717/726/2109 3716/737/2109 3467/739/2109 3468/727/2109
f 3467/739/2110 3507/740/2110 3475/741/2110
f 3468/727/2111 3467/739/2111 3475/741/2111 3476/742/2111
f 3469/728/2112 3468/727/2112 3476/742/2112 3477/743/2112
f 3470/730/2113 3469/728/2113 3477/743/2113 3478/744/2113
f 3471/732/2114 3470/730/2114 3478/744/2114 3479/745/2114
f 3472/734/2115 3471/732/2115 3479/745/2115 3480/746/2115
f 3473/736/2116 3472/734/2116 3480/746/2116 3481/747/2116
f 3474/211/2117 3473/736/2117 3481/747/2117 3482/209/2117
f 3479/745/2118 3478/744/2118 3486/748/2118 3487/749/2118
f 3480/746/2119 3479/745/2119 3487/749/2119 3488/750/2119
f 3481/747/2120 3480/746/2120 3488/750/2120 3489/751/2120
f 3482/209/2121 3481/747/2121 3489/751/2121 3490/207/2121
f 3475/741/2122 3507/752/2122 3483/753/2122
f 3476/742/2123 3475/741/2123 3483/753/2123 3484/754/2123
f 3477/743/2124 3476/742/2124 3484/754/2124 3485/755/2124
f 3478/744/2125 3477/743/2125 3485/755/2125 3486/748/2125
f 3620/756/2126 3621/757/2126 3736/757/2126 3735/756/2126
f 3614/758/2127 3613/759/2127 3733/759/2127 3734/758/2127
f 3486/748/2128 3485/755/2128 3493/760/2128 3494/400/2128
f 3487/749/2129 3486/748/2129 3494/400/2129 3495/761/2129
f 3488/750/2130 3487/749/2130 3495/761/2130 3496/762/2130
f 3489/751/2131 3488/750/2131 3496/762/2131 3497/763/2131
f 3490/207/2132 3489/751/2132 3497/763/2132 3498/205/2132
f 3507/764/2133 3491/765/2133 3723/765/2133 3744/764/2133
f 3496/762/2134 3495/761/2134 3503/766/2134 3504/767/2134
f 3497/763/2135 3496/762/2135 3504/767/2135 3505/768/2135
f 3498/205/2136 3497/763/2136 3505/768/2136 3506/203/2136
f 3491/765/2137 3507/764/2137 3499/769/2137
f 3492/770/2138 3491/765/2138 3499/769/2138 3500/771/2138
f 3493/760/2139 3492/770/2139 3500/771/2139 3501/772/2139
f 3494/400/2140 3493/760/2140 3501/772/2140 3502/773/2140
f 3495/761/2141 3494/400/2141 3502/773/2141 3503/766/2141
f 3501/772/2142 3500/771/2142 3509/774/2142 3510/775/2142
f 3502/773/2143 3501/772/2143 3510/775/2143 3511/776/2143
f 3503/766/2144 3502/773/2144 3511/776/2144 3512/777/2144
f 3504/767/2145 3503/766/2145 3512/777/2145 3513/778/2145
f 3505/768/2146 3504/767/2146 3513/778/2146 3514/779/2146
f 3506/203/2147 3505/768/2147 3514/779/2147 3515/201/2147
f 3499/769/2148 3507/780/2148 3508/781/2148
f 3500/771/2149 3499/769/2149 3508/781/2149 3509/774/2149
f 3514/779/2150 3513/778/2150 3521/782/2150 3522/783/2150
f 3515/201/2151 3514/779/2151 3522/783/2151 3523/199/2151
f 3508/781/2152 3507/784/2152 3516/785/2152
f 3509/774/2153 3508/781/2153 3516/785/2153 3517/786/2153
f 3510/775/2154 3509/774/2154 3517/786/2154 3518/787/2154
f 3511/776/2155 3510/775/2155 3518/787/2155 3519/788/2155
f 3512/777/2156 3511/776/2156 3519/788/2156 3520/789/2156
f 3513/778/2157 3512/777/2157 3520/789/2157 3521/782/2157
f 3518/787/2158 3517/786/2158 3525/790/2158 3526/791/2158
f 3519/788/2159 3518/787/2159 3526/791/2159 3527/792/2159
f 3520/789/2160 3519/788/2160 3527/792/2160 3528/793/2160
f 3521/782/2161 3520/789/2161 3528/793/2161 3529/794/2161
f 3522/783/2162 3521/782/2162 3529/794/2162 3530/795/2162
f 3523/199/2163 3522/783/2163 3530/795/2163 3531/796/2163
f 3516/785/2164 3507/797/2164 3524/798/2164
f 3517/786/2165 3516/785/2165 3524/798/2165 3525/790/2165
f 3530/795/2166 3529/794/2166 3537/799/2166 3538/800/2166
f 3531/796/2167 3530/795/2167 3538/800/2167 3539/801/2167
f 3524/798/2168 3507/802/2168 3532/803/2168
f 3525/790/2169 3524/798/2169 3532/803/2169 3533/804/2169
f 3526/791/2170 3525/790/2170 3533/804/2170 3534/805/2170
f 3527/792/2171 3526/791/2171 3534/805/2171 3535/806/2171
f 3528/793/2172 3527/792/2172 3535/806/2172 3536/807/2172
f 3529/794/2173 3528/793/2173 3536/807/2173 3537/799/2173
f 3535/806/2174 3534/805/2174 3542/808/2174 3543/809/2174
f 3536/807/2175 3535/806/2175 3543/809/2175 3544/810/2175
f 3537/799/2176 3536/807/2176 3544/810/2176 3545/811/2176
f 3538/800/2177 3537/799/2177 3545/811/2177 3546/812/2177
f 3539/801/2178 3538/800/2178 3546/812/2178 3547/813/2178
f 3532/803/2179 3507/814/2179 3540/815/2179
f 3533/804/2180 3532/803/2180 3540/815/2180 3541/816/2180
f 3534/805/2181 3533/804/2181 3541/816/2181 3542/808/2181
f 3547/813/2182 3546/812/2182 3554/817/2182 3555/818/2182
f 3507/820/2184 3548/821/2184 3729/821/2184 3744/820/2184
f 3613/759/2185 3612/822/2185 3732/822/2185 3733/759/2185
f 3543/809/2186 3542/808/2186 3550/823/2186 3551/824/2186
f 3544/810/2187 3543/809/2187 3551/824/2187 3552/825/2187
f 3545/811/2188 3544/810/2188 3552/825/2188 3553/826/2188
f 3546/812/2189 3545/811/2189 3553/826/2189 3554/817/2189
f 3551/824/2190 3550/823/2190 3558/827/2190 3559/828/2190
f 3552/825/2191 3551/824/2191 3559/828/2191 3560/829/2191
f 3553/826/2192 3552/825/2192 3560/829/2192 3561/830/2192
f 3554/817/2193 3553/826/2193 3561/830/2193 3562/831/2193
f 3555/818/2194 3554/817/2194 3562/831/2194 3563/832/2194
f 3548/821/2195 3507/820/2195 3556/833/2195
f 3549/834/2196 3548/821/2196 3556/833/2196 3557/835/2196
f 3550/823/2197 3549/834/2197 3557/835/2197 3558/827/2197
f 3563/832/2198 3562/831/2198 3570/836/2198 3571/837/2198
f 3556/833/2199 3507/838/2199 3564/839/2199
f 3557/835/2200 3556/833/2200 3564/839/2200 3565/840/2200
f 3558/827/2201 3557/835/2201 3565/840/2201 3566/841/2201
f 3559/828/2202 3558/827/2202 3566/841/2202 3567/842/2202
f 3560/829/2203 3559/828/2203 3567/842/2203 3568/843/2203
f 3561/830/2204 3560/829/2204 3568/843/2204 3569/844/2204
f 3562/831/2205 3561/830/2205 3569/844/2205 3570/836/2205
f 3568/843/2206 3567/842/2206 3575/845/2206 3576/846/2206
f 3569/844/2207 3568/843/2207 3576/846/2207 3577/847/2207
f 3570/836/2208 3569/844/2208 3577/847/2208 3578/848/2208
f 3571/837/2209 3570/836/2209 3578/848/2209 3579/849/2209
f 3564/839/2210 3507/850/2210 3572/851/2210
f 3565/840/2211 3564/839/2211 3572/851/2211 3573/852/2211
f 3566/841/2212 3565/840/2212 3573/852/2212 3574/853/2212
f 3567/842/2213 3566/841/2213 3574/853/2213 3575/845/2213
f 3573/852/2214 3572/851/2214 3580/854/2214 3581/855/2214
f 3574/853/2215 3573/852/2215 3581/855/2215 3582/856/2215
f 3575/845/2216 3574/853/2216 3582/856/2216 3583/857/2216
f 3576/846/2217 3575/845/2217 3583/857/2217 3584/858/2217
f 3577/847/2218 3576/846/2218 3584/858/2218 3585/859/2218
f 3578/848/2219 3577/847/2219 3585/859/2219 3586/860/2219
f 3579/849/2220 3578/848/2220 3586/860/2220 3587/861/2220
f 3572/851/2221 3507/862/2221 3580/854/2221
f 3585/859/2222 3584/858/2222 3592/863/2222 3593/864/2222
f 3586/860/2223 3585/859/2223 3593/864/2223 3594/865/2223
f 3587/861/2224 3586/860/2224 3594/865/2224 3595/866/2224
f 3580/854/2225 3507/867/2225 3588/868/2225
f 3581/855/2226 3580/854/2226 3588/868/2226 3589/869/2226
f 3582/856/2227 3581/855/2227 3589/869/2227 3590/870/2227
f 3583/857/2228 3582/856/2228 3590/870/2228 3591/871/2228
f 3584/858/2229 3583/857/2229 3591/871/2229 3592/863/2229
f 3589/869/2230 3588/868/2230 3596/872/2230 3597/873/2230
f 3590/870/2231 3589/869/2231 3597/873/2231 3598/874/2231
f 3591/871/2232 3590/870/2232 3598/874/2232 3599/875/2232
f 3592/863/2233 3591/871/2233 3599/875/2233 3600/876/2233
f 3593/864/2234 3592/863/2234 3600/876/2234 3601/877/2234
f 3594/865/2235 3593/864/2235 3601/877/2235 3602/878/2235
f 3588/868/2237 3507/880/2237 3596/872/2237
f 3601/877/2238 3600/876/2238 3608/881/2238 3609/882/2238
f 3602/878/2239 3601/877/2239 3609/882/2239 3610/883/2239
f 3596/872/2241 3507/885/2241 3604/886/2241
f 3597/873/2242 3596/872/2242 3604/886/2242 3605/887/2242
f 3598/874/2243 3597/873/2243 3605/887/2243 3606/888/2243
f 3599/875/2244 3598/874/2244 3606/888/2244 3607/889/2244
f 3600/876/2245 3599/875/2245 3607/889/2245 3608/881/2245
f 3606/888/2246 3605/887/2246 3613/759/2246 3614/758/2246
f 3607/889/2247 3606/888/2247 3614/758/2247 3615/890/2247
f 3608/881/2248 3607/889/2248 3615/890/2248 3616/891/2248
f 3609/882/2249 3608/881/2249 3616/891/2249 3617/892/2249
f 3610/883/2250 3609/882/2250 3617/892/2250 3618/893/2250
f 3611/884/2251 3610/883/2251 3618/893/2251 3619/894/2251
f 3604/886/2252 3507/895/2252 3612/822/2252
f 3605/887/2253 3604/886/2253 3612/822/2253 3613/759/2253
f 3618/893/2254 3617/892/2254 3625/896/2254 3626/897/2254
f 3619/894/2255 3618/893/2255 3626/897/2255 3627/898/2255
f 3483/753/2256 3507/752/2256 3744/752/2256 3720/753/2256
f 3493/760/2257 3485/755/2257 3722/755/2257 3725/760/2257
f 3540/815/2258 3507/814/2258 3744/814/2258 3726/815/2258
f 3615/890/2259 3614/758/2259 3622/819/2259 3623/899/2259
f 3616/891/2260 3615/890/2260 3623/899/2260 3624/900/2260
f 3617/892/2261 3616/891/2261 3624/900/2261 3625/896/2261
f 3622/819/2262 3621/757/2262 3629/901/2262 3630/902/2262
f 3623/899/2263 3622/819/2263 3630/902/2263 3631/903/2263
f 3624/900/2264 3623/899/2264 3631/903/2264 3632/904/2264
f 3625/896/2265 3624/900/2265 3632/904/2265 3633/905/2265
f 3626/897/2266 3625/896/2266 3633/905/2266 3634/906/2266
f 3627/898/2267 3626/897/2267 3634/906/2267 3635/907/2267
f 3620/756/2268 3507/908/2268 3628/909/2268
f 3621/757/2269 3620/756/2269 3628/909/2269 3629/901/2269
f 3634/906/2270 3633/905/2270 3641/910/2270 3642/911/2270
f 3635/907/2271 3634/906/2271 3642/911/2271 3643/912/2271
f 3628/909/2272 3507/913/2272 3636/914/2272
f 3629/901/2273 3628/909/2273 3636/914/2273 3637/915/2273
f 3630/902/2274 3629/901/2274 3637/915/2274 3638/916/2274
f 3631/903/2275 3630/902/2275 3638/916/2275 3639/917/2275
f 3632/904/2276 3631/903/2276 3639/917/2276 3640/918/2276
f 3633/905/2277 3632/904/2277 3640/918/2277 3641/910/2277
f 3639/917/2278 3638/916/2278 3646/919/2278 3647/920/2278
f 3640/918/2279 3639/917/2279 3647/920/2279 3648/921/2279
f 3641/910/2280 3640/918/2280 3648/921/2280 3649/922/2280
f 3642/911/2281 3641/910/2281 3649/922/2281 3650/923/2281
f 3643/912/2282 3642/911/2282 3650/923/2282 3651/924/2282
f 3636/914/2283 3507/925/2283 3644/926/2283
f 3637/915/2284 3636/914/2284 3644/926/2284 3645/927/2284
f 3638/916/2285 3637/915/2285 3645/927/2285 3646/919/2285
f 3651/924/2286 3650/923/2286 3658/928/2286 3659/168/2286
f 3644/926/2287 3507/929/2287 3652/930/2287
f 3645/927/2288 3644/926/2288 3652/930/2288 3653/931/2288
f 3646/919/2289 3645/927/2289 3653/931/2289 3654/932/2289
f 3647/920/2290 3646/919/2290 3654/932/2290 3655/933/2290
f 3648/921/2291 3647/920/2291 3655/933/2291 3656/934/2291
f 3649/922/2292 3648/921/2292 3656/934/2292 3657/935/2292
f 3650/923/2293 3649/922/2293 3657/935/2293 3658/928/2293
f 3656/936/2294 3655/937/2294 3663/938/2294 3664/939/2294
f 3657/940/2295 3656/936/2295 3664/939/2295 3665/941/2295
f 3658/942/2296 3657/940/2296 3665/941/2296 3666/943/2296
f 3659/229/2297 3658/942/2297 3666/943/2297 3667/944/2297
f 3652/945/2298 3507/946/2298 3660/947/2298
f 3653/948/2299 3652/945/2299 3660/947/2299 3661/949/2299
f 3654/950/2300 3653/948/2300 3661/949/2300 3662/951/2300
f 3655/937/2301 3654/950/2301 3662/951/2301 3663/938/2301
f 3660/947/2302 3507/952/2302 3668/953/2302
f 3661/949/2303 3660/947/2303 3668/953/2303 3669/954/2303
f 3662/951/2304 3661/949/2304 3669/954/2304 3670/955/2304
f 3663/938/2305 3662/951/2305 3670/955/2305 3671/956/2305
f 3664/939/2306 3663/938/2306 3671/956/2306 3672/957/2306
f 3665/941/2307 3664/939/2307 3672/957/2307 3673/958/2307
f 3666/943/2308 3665/941/2308 3673/958/2308 3674/959/2308
f 3667/944/2309 3666/943/2309 3674/959/2309 3675/960/2309
f 3672/957/2310 3671/956/2310 3679/961/2310 3680/962/2310
f 3673/958/2311 3672/957/2311 3680/962/2311 3681/963/2311
f 3674/959/2312 3673/958/2312 3681/963/2312 3682/964/2312
f 3675/960/2313 3674/959/2313 3682/964/2313 3683/965/2313
f 3549/834/2314 3550/823/2314 3731/823/2314 3730/834/2314
f 3548/821/2315 3549/834/2315 3730/834/2315 3729/821/2315
f 3542/808/2316 3541/816/2316 3727/816/2316 3728/808/2316
f 3671/956/2317 3670/955/2317 3678/966/2317 3679/961/2317
f 3677/967/2318 3676/968/2318 3684/969/2318 3685/970/2318
f 3678/966/2319 3677/967/2319 3685/970/2319 3686/971/2319
f 3679/961/2320 3678/966/2320 3686/971/2320 3687/972/2320
f 3680/962/2321 3679/961/2321 3687/972/2321 3688/973/2321
f 3681/963/2322 3680/962/2322 3688/973/2322 3689/974/2322
f 3682/964/2323 3681/963/2323 3689/974/2323 3690/975/2323
f 3683/965/2324 3682/964/2324 3690/975/2324 3691/976/2324
f 3676/968/2325 3507/977/2325 3684/969/2325
f 3689/974/2326 3688/973/2326 3696/978/2326 3697/979/2326
f 3690/975/2327 3689/974/2327 3697/979/2327 3698/980/2327
f 3691/976/2328 3690/975/2328 3698/980/2328 3699/981/2328
f 3684/969/2329 3507/982/2329 3692/983/2329
f 3685/970/2330 3684/969/2330 3692/983/2330 3693/984/2330
f 3686/971/2331 3685/970/2331 3693/984/2331 3694/985/2331
f 3687/972/2332 3686/971/2332 3694/985/2332 3695/986/2332
f 3688/973/2333 3687/972/2333 3695/986/2333 3696/978/2333
f 3693/984/2334 3692/983/2334 3700/987/2334 3701/988/2334
f 3694/985/2335 3693/984/2335 3701/988/2335 3702/989/2335
f 3695/986/2336 3694/985/2336 3702/989/2336 3703/990/2336
f 3696/978/2337 3695/986/2337 3703/990/2337 3704/991/2337
f 3697/979/2338 3696/978/2338 3704/991/2338 3705/992/2338
f 3698/980/2339 3697/979/2339 3705/992/2339 3706/993/2339
f 3699/981/2340 3698/980/2340 3706/993/2340 3707/994/2340
f 3692/983/2341 3507/995/2341 3700/987/2341
f 3705/992/2342 3704/991/2342 3712/996/2342 3713/997/2342
f 3706/993/2343 3705/992/2343 3713/997/2343 3714/998/2343
f 3707/994/2344 3706/993/2344 3714/998/2344 3715/999/2344
f 3700/987/2345 3507/1000/2345 3708/1001/2345
f 3701/988/2346 3700/987/2346 3708/1001/2346 3709/1002/2346
f 3702/989/2347 3701/988/2347 3709/1002/2347 3710/1003/2347
f 3703/990/2348 3702/989/2348 3710/1003/2348 3711/1004/2348
f 3704/991/2349 3703/990/2349 3711/1004/2349 3712/996/2349
f 3710/1003/2350 3709/1002/2350 3717/726/2350 3463/725/2350
f 3711/1004/2351 3710/1003/2351 3463/725/2351 3718/729/2351
f 3712/996/2352 3711/1004/2352 3718/729/2352 3464/731/2352
f 3713/997/2353 3712/996/2353 3464/731/2353 3719/733/2353
f 3714/998/2354 3713/997/2354 3719/733/2354 3465/735/2354
f 3715/999/2355 3714/998/2355 3465/735/2355 3466/213/2355
f 3708/1001/2356 3507/1005/2356 3716/737/2356
f 3709/1002/2358 3708/1001/2358 3716/737/2358 3717/726/2358
f 3721/754/2359 3720/753/2359 3723/765/2359 3724/770/2359
f 3722/755/2360 3721/754/2360 3724/770/2360 3725/760/2360
f 3720/753/2361 3744/1006/2361 3723/765/2361
f 3726/815/2362 3744/1007/2362 3729/821/2362
f 3727/816/2363 3726/815/2363 3729/821/2363 3730/834/2363
f 3728/808/2364 3727/816/2364 3730/834/2364 3731/823/2364
f 3732/822/2365 3744/1008/2365 3735/756/2365
f 3733/759/2366 3732/822/2366 3735/756/2366 3736/757/2366
f 3734/758/2367 3733/759/2367 3736/757/2367 3737/819/2367
f 3738/953/2368 3744/1009/2368 3741/968/2368
f 3739/954/2369 3738/953/2369 3741/968/2369 3742/967/2369
f 3740/955/2370 3739/954/2370 3742/967/2370 3743/966/2370
f 3668/953/2371 3507/952/2371 3744/952/2371 3738/953/2371
f 3612/822/2372 3507/895/2372 3744/895/2372 3732/822/2372
f 3669/954/2373 3668/953/2373 3738/953/2373 3739/954/2373
f 3484/754/2375 3483/753/2375 3720/753/2375 3721/754/2375
f 3670/955/2376 3669/954/2376 3739/954/2376 3740/955/2376
f 3507/977/2377 3676/968/2377 3741/968/2377 3744/977/2377
f 3550/823/2378 3542/808/2378 3728/808/2378 3731/823/2378
f 3507/908/2379 3620/756/2379 3735/756/2379 3744/908/2379
f 3485/755/2380 3484/754/2380 3721/754/2380 3722/755/2380
f 3676/968/2381 3677/967/2381 3742/967/2381 3741/968/2381
f 3491/765/2383 3492/770/2383 3724/770/2383 3723/765/2383
f 3677/967/2384 3678/966/2384 3743/966/2384 3742/967/2384
f 3541/816/2385 3540/815/2385 3726/815/2385 3727/816/2385
f 3492/770/2386 3493/760/2386 3725/760/2386 3724/770/2386
f 3745/725/2387 3999/726/2387 3750/727/2387 3751/728/2387
f 4000/729/2388 3745/725/2388 3751/728/2388 3752/730/2388
f 3746/731/2389 4000/729/2389 3752/730/2389 3753/732/2389
f 4001/733/2390 3746/731/2390 3753/732/2390 3754/734/2390
f 3747/735/2106 4001/733/2106 3754/734/2106 3755/736/2106
f 3748/213/2107 3747/735/2107 3755/736/2107 3756/211/2107
f 3998/737/2391 3789/738/2391 3749/739/2391
f 3999/726/2392 3998/737/2392 3749/739/2392 3750/727/2392
f 3749/739/2393 3789/740/2393 3757/741/2393
f 3750/727/2394 3749/739/2394 3757/741/2394 3758/742/2394
f 3751/728/2112 3750/727/2112 3758/742/2112 3759/743/2112
f 3752/730/2113 3751/728/2113 3759/743/2113 3760/744/2113
f 3753/732/2114 3752/730/2114 3760/744/2114 3761/745/2114
f 3754/734/2115 3753/732/2115 3761/745/2115 3762/746/2115
f 3755/736/2116 3754/734/2116 3762/746/2116 3763/747/2116
f 3756/211/2395 3755/736/2395 3763/747/2395 3764/209/2395
f 3761/745/2396 3760/744/2396 3768/748/2396 3769/749/2396
f 3762/746/2397 3761/745/2397 3769/749/2397 3770/750/2397
f 3763/747/2398 3762/746/2398 3770/750/2398 3771/751/2398
f 3764/209/2121 3763/747/2121 3771/751/2121 3772/207/2121
f 3757/741/2399 3789/752/2399 3765/753/2399
f 3758/742/2400 3757/741/2400 3765/753/2400 3766/754/2400
f 3759/743/2401 3758/742/2401 3766/754/2401 3767/755/2401
f 3760/744/2402 3759/743/2402 3767/755/2402 3768/748/2402
f 3902/756/2403 3903/757/2403 4018/757/2403 4017/756/2403
f 3896/758/2404 3895/759/2404 4015/759/2404 4016/758/2404
f 3768/748/2405 3767/755/2405 3775/760/2405 3776/400/2405
f 3769/749/2406 3768/748/2406 3776/400/2406 3777/761/2406
f 3770/750/2130 3769/749/2130 3777/761/2130 3778/762/2130
f 3771/751/2407 3770/750/2407 3778/762/2407 3779/763/2407
f 3772/207/2408 3771/751/2408 3779/763/2408 3780/205/2408
f 3789/764/2409 3773/765/2409 4005/765/2409 4026/764/2409
f 3778/762/2410 3777/761/2410 3785/766/2410 3786/767/2410
f 3779/763/2411 3778/762/2411 3786/767/2411 3787/768/2411
f 3780/205/2412 3779/763/2412 3787/768/2412 3788/203/2412
f 3773/765/2413 3789/764/2413 3781/769/2413
f 3774/770/2138 3773/765/2138 3781/769/2138 3782/771/2138
f 3775/760/2139 3774/770/2139 3782/771/2139 3783/772/2139
f 3776/400/2140 3775/760/2140 3783/772/2140 3784/773/2140
f 3777/761/2414 3776/400/2414 3784/773/2414 3785/766/2414
f 3783/772/2415 3782/771/2415 3791/774/2415 3792/775/2415
f 3784/773/2143 3783/772/2143 3792/775/2143 3793/776/2143
f 3785/766/2416 3784/773/2416 3793/776/2416 3794/777/2416
f 3786/767/2417 3785/766/2417 3794/777/2417 3795/778/2417
f 3787/768/2418 3786/767/2418 3795/778/2418 3796/779/2418
f 3788/203/2419 3787/768/2419 3796/779/2419 3797/201/2419
f 3781/769/2420 3789/780/2420 3790/781/2420
f 3782/771/2149 3781/769/2149 3790/781/2149 3791/774/2149
f 3796/779/2421 3795/778/2421 3803/782/2421 3804/783/2421
f 3797/201/2422 3796/779/2422 3804/783/2422 3805/199/2422
f 3790/781/2423 3789/784/2423 3798/785/2423
f 3791/774/2424 3790/781/2424 3798/785/2424 3799/786/2424
f 3792/775/2425 3791/774/2425 3799/786/2425 3800/787/2425
f 3793/776/2426 3792/775/2426 3800/787/2426 3801/788/2426
f 3794/777/2427 3793/776/2427 3801/788/2427 3802/789/2427
f 3795/778/2428 3794/777/2428 3802/789/2428 3803/782/2428
f 3800/787/2429 3799/786/2429 3807/790/2429 3808/791/2429
f 3801/788/2430 3800/787/2430 3808/791/2430 3809/792/2430
f 3802/789/2431 3801/788/2431 3809/792/2431 3810/793/2431
f 3803/782/2432 3802/789/2432 3810/793/2432 3811/794/2432
f 3804/783/2433 3803/782/2433 3811/794/2433 3812/795/2433
f 3805/199/2434 3804/783/2434 3812/795/2434 3813/796/2434
f 3798/785/2435 3789/797/2435 3806/798/2435
f 3799/786/2436 3798/785/2436 3806/798/2436 3807/790/2436
f 3812/795/2166 3811/794/2166 3819/799/2166 3820/800/2166
f 3813/796/2437 3812/795/2437 3820/800/2437 3821/801/2437
f 3806/798/2438 3789/802/2438 3814/803/2438
f 3807/790/2439 3806/798/2439 3814/803/2439 3815/804/2439
f 3808/791/2440 3807/790/2440 3815/804/2440 3816/805/2440
f 3809/792/2441 3808/791/2441 3816/805/2441 3817/806/2441
f 3810/793/2442 3809/792/2442 3817/806/2442 3818/807/2442
f 3811/794/2443 3810/793/2443 3818/807/2443 3819/799/2443
f 3817/806/2444 3816/805/2444 3824/808/2444 3825/809/2444
f 3818/807/2445 3817/806/2445 3825/809/2445 3826/810/2445
f 3819/799/2176 3818/807/2176 3826/810/2176 3827/811/2176
f 3820/800/2446 3819/799/2446 3827/811/2446 3828/812/2446
f 3821/801/2447 3820/800/2447 3828/812/2447 3829/813/2447
f 3814/803/2448 3789/814/2448 3822/815/2448
f 3815/804/2449 3814/803/2449 3822/815/2449 3823/816/2449
f 3816/805/2450 3815/804/2450 3823/816/2450 3824/808/2450
f 3829/813/2451 3828/812/2451 3836/817/2451 3837/818/2451
f 3789/820/2453 3830/821/2453 4011/821/2453 4026/820/2453
f 3895/759/2185 3894/822/2185 4014/822/2185 4015/759/2185
f 3825/809/2454 3824/808/2454 3832/823/2454 3833/824/2454
f 3826/810/2455 3825/809/2455 3833/824/2455 3834/825/2455
f 3827/811/2456 3826/810/2456 3834/825/2456 3835/826/2456
f 3828/812/2457 3827/811/2457 3835/826/2457 3836/817/2457
f 3833/824/2458 3832/823/2458 3840/827/2458 3841/828/2458
f 3834/825/2459 3833/824/2459 3841/828/2459 3842/829/2459
f 3835/826/2460 3834/825/2460 3842/829/2460 3843/830/2460
f 3836/817/2461 3835/826/2461 3843/830/2461 3844/831/2461
f 3837/818/2462 3836/817/2462 3844/831/2462 3845/832/2462
f 3830/821/2463 3789/820/2463 3838/833/2463
f 3831/834/2464 3830/821/2464 3838/833/2464 3839/835/2464
f 3832/823/2465 3831/834/2465 3839/835/2465 3840/827/2465
f 3845/832/2198 3844/831/2198 3852/836/2198 3853/837/2198
f 3838/833/2466 3789/838/2466 3846/839/2466
f 3839/835/2200 3838/833/2200 3846/839/2200 3847/840/2200
f 3840/827/2201 3839/835/2201 3847/840/2201 3848/841/2201
f 3841/828/2467 3840/827/2467 3848/841/2467 3849/842/2467
f 3842/829/2468 3841/828/2468 3849/842/2468 3850/843/2468
f 3843/830/2469 3842/829/2469 3850/843/2469 3851/844/2469
f 3844/831/2205 3843/830/2205 3851/844/2205 3852/836/2205
f 3850/843/2470 3849/842/2470 3857/845/2470 3858/846/2470
f 3851/844/2471 3850/843/2471 3858/846/2471 3859/847/2471
f 3852/836/2208 3851/844/2208 3859/847/2208 3860/848/2208
f 3853/837/2472 3852/836/2472 3860/848/2472 3861/849/2472
f 3846/839/2473 3789/850/2473 3854/851/2473
f 3847/840/2211 3846/839/2211 3854/851/2211 3855/852/2211
f 3848/841/2474 3847/840/2474 3855/852/2474 3856/853/2474
f 3849/842/2475 3848/841/2475 3856/853/2475 3857/845/2475
f 3855/852/2476 3854/851/2476 3862/854/2476 3863/855/2476
f 3856/853/2477 3855/852/2477 3863/855/2477 3864/856/2477
f 3857/845/2216 3856/853/2216 3864/856/2216 3865/857/2216
f 3858/846/2478 3857/845/2478 3865/857/2478 3866/858/2478
f 3859/847/2218 3858/846/2218 3866/858/2218 3867/859/2218
f 3860/848/2479 3859/847/2479 3867/859/2479 3868/860/2479
f 3861/849/2220 3860/848/2220 3868/860/2220 3869/861/2220
f 3854/851/2480 3789/862/2480 3862/854/2480
f 3867/859/2481 3866/858/2481 3874/863/2481 3875/864/2481
f 3868/860/2482 3867/859/2482 3875/864/2482 3876/865/2482
f 3869/861/2224 3868/860/2224 3876/865/2224 3877/866/2224
f 3862/854/2483 3789/867/2483 3870/868/2483
f 3863/855/2484 3862/854/2484 3870/868/2484 3871/869/2484
f 3864/856/2485 3863/855/2485 3871/869/2485 3872/870/2485
f 3865/857/2486 3864/856/2486 3872/870/2486 3873/871/2486
f 3866/858/2487 3865/857/2487 3873/871/2487 3874/863/2487
f 3871/869/2488 3870/868/2488 3878/872/2488 3879/873/2488
f 3872/870/2489 3871/869/2489 3879/873/2489 3880/874/2489
f 3873/871/2490 3872/870/2490 3880/874/2490 3881/875/2490
f 3874/863/2491 3873/871/2491 3881/875/2491 3882/876/2491
f 3875/864/2492 3874/863/2492 3882/876/2492 3883/877/2492
f 3876/865/2235 3875/864/2235 3883/877/2235 3884/878/2235
f 3877/866/2236 3876/865/2236 3884/878/2236 3885/879/2236
f 3870/868/2493 3789/880/2493 3878/872/2493
f 3883/877/2494 3882/876/2494 3890/881/2494 3891/882/2494
f 3884/878/2495 3883/877/2495 3891/882/2495 3892/883/2495
f 3885/879/2240 3884/878/2240 3892/883/2240 3893/884/2240
f 3878/872/2496 3789/885/2496 3886/886/2496
f 3879/873/2497 3878/872/2497 3886/886/2497 3887/887/2497
f 3880/874/2498 3879/873/2498 3887/887/2498 3888/888/2498
f 3881/875/2499 3880/874/2499 3888/888/2499 3889/889/2499
f 3882/876/2245 3881/875/2245 3889/889/2245 3890/881/2245
f 3888/888/2246 3887/887/2246 3895/759/2246 3896/758/2246
f 3889/889/2500 3888/888/2500 3896/758/2500 3897/890/2500
f 3890/881/2501 3889/889/2501 3897/890/2501 3898/891/2501
f 3891/882/2502 3890/881/2502 3898/891/2502 3899/892/2502
f 3892/883/2503 3891/882/2503 3899/892/2503 3900/893/2503
f 3893/884/2504 3892/883/2504 3900/893/2504 3901/894/2504
f 3886/886/2505 3789/895/2505 3894/822/2505
f 3887/887/2506 3886/886/2506 3894/822/2506 3895/759/2506
f 3900/893/2507 3899/892/2507 3907/896/2507 3908/897/2507
f 3901/894/2508 3900/893/2508 3908/897/2508 3909/898/2508
f 3765/753/2509 3789/752/2509 4026/752/2509 4002/753/2509
f 3822/815/2511 3789/814/2511 4026/814/2511 4008/815/2511
f 3897/890/2512 3896/758/2512 3904/819/2512 3905/899/2512
f 3898/891/2513 3897/890/2513 3905/899/2513 3906/900/2513
f 3899/892/2514 3898/891/2514 3906/900/2514 3907/896/2514
f 3904/819/2515 3903/757/2515 3911/901/2515 3912/902/2515
f 3905/899/2516 3904/819/2516 3912/902/2516 3913/903/2516
f 3906/900/2517 3905/899/2517 3913/903/2517 3914/904/2517
f 3907/896/2518 3906/900/2518 3914/904/2518 3915/905/2518
f 3908/897/2519 3907/896/2519 3915/905/2519 3916/906/2519
f 3909/898/2520 3908/897/2520 3916/906/2520 3917/907/2520
f 3902/756/2521 3789/908/2521 3910/909/2521
f 3903/757/2522 3902/756/2522 3910/909/2522 3911/901/2522
f 3916/906/2523 3915/905/2523 3923/910/2523 3924/911/2523
f 3917/907/2524 3916/906/2524 3924/911/2524 3925/912/2524
f 3910/909/2525 3789/913/2525 3918/914/2525
f 3911/901/2273 3910/909/2273 3918/914/2273 3919/915/2273
f 3912/902/2274 3911/901/2274 3919/915/2274 3920/916/2274
f 3913/903/2275 3912/902/2275 3920/916/2275 3921/917/2275
f 3914/904/2526 3913/903/2526 3921/917/2526 3922/918/2526
f 3915/905/2527 3914/904/2527 3922/918/2527 3923/910/2527
f 3921/917/2278 3920/916/2278 3928/919/2278 3929/920/2278
f 3922/918/2528 3921/917/2528 3929/920/2528 3930/921/2528
f 3923/910/2529 3922/918/2529 3930/921/2529 3931/922/2529
f 3924/911/2530 3923/910/2530 3931/922/2530 3932/923/2530
f 3925/912/2531 3924/911/2531 3932/923/2531 3933/924/2531
f 3918/914/2532 3789/925/2532 3926/926/2532
f 3919/915/2533 3918/914/2533 3926/926/2533 3927/927/2533
f 3920/916/2285 3919/915/2285 3927/927/2285 3928/919/2285
f 3933/924/2286 3932/923/2286 3940/928/2286 3941/168/2286
f 3926/926/2534 3789/929/2534 3934/930/2534
f 3927/927/2535 3926/926/2535 3934/930/2535 3935/931/2535
f 3928/919/2536 3927/927/2536 3935/931/2536 3936/932/2536
f 3929/920/2537 3928/919/2537 3936/932/2537 3937/933/2537
f 3930/921/2538 3929/920/2538 3937/933/2538 3938/934/2538
f 3931/922/2292 3930/921/2292 3938/934/2292 3939/935/2292
f 3932/923/2539 3931/922/2539 3939/935/2539 3940/928/2539
f 3938/936/2294 3937/937/2294 3945/938/2294 3946/939/2294
f 3939/940/2295 3938/936/2295 3946/939/2295 3947/941/2295
f 3940/942/2296 3939/940/2296 3947/941/2296 3948/943/2296
f 3941/229/2540 3940/942/2540 3948/943/2540 3949/944/2540
f 3934/945/2541 3789/946/2541 3942/947/2541
f 3935/948/2299 3934/945/2299 3942/947/2299 3943/949/2299
f 3936/950/2542 3935/948/2542 3943/949/2542 3944/951/2542
f 3937/937/2543 3936/950/2543 3944/951/2543 3945/938/2543
f 3942/947/2544 3789/952/2544 3950/953/2544
f 3943/949/2303 3942/947/2303 3950/953/2303 3951/954/2303
f 3944/951/2304 3943/949/2304 3951/954/2304 3952/955/2304
f 3945/938/2545 3944/951/2545 3952/955/2545 3953/956/2545
f 3946/939/2546 3945/938/2546 3953/956/2546 3954/957/2546
f 3947/941/2547 3946/939/2547 3954/957/2547 3955/958/2547
f 3948/943/2548 3947/941/2548 3955/958/2548 3956/959/2548
f 3949/944/2549 3948/943/2549 3956/959/2549 3957/960/2549
f 3954/957/2550 3953/956/2550 3961/961/2550 3962/962/2550
f 3955/958/2551 3954/957/2551 3962/962/2551 3963/963/2551
f 3956/959/2552 3955/958/2552 3963/963/2552 3964/964/2552
f 3957/960/2553 3956/959/2553 3964/964/2553 3965/965/2553
f 3831/834/2554 3832/823/2554 4013/823/2554 4012/834/2554
f 3830/821/2555 3831/834/2555 4012/834/2555 4011/821/2555
f 3953/956/2557 3952/955/2557 3960/966/2557 3961/961/2557
f 3959/967/2318 3958/968/2318 3966/969/2318 3967/970/2318
f 3960/966/2319 3959/967/2319 3967/970/2319 3968/971/2319
f 3961/961/2558 3960/966/2558 3968/971/2558 3969/972/2558
f 3962/962/2559 3961/961/2559 3969/972/2559 3970/973/2559
f 3963/963/2560 3962/962/2560 3970/973/2560 3971/974/2560
f 3964/964/2561 3963/963/2561 3971/974/2561 3972/975/2561
f 3965/965/2562 3964/964/2562 3972/975/2562 3973/976/2562
f 3958/968/2325 3789/977/2325 3966/969/2325
f 3971/974/2326 3970/973/2326 3978/978/2326 3979/979/2326
f 3972/975/2327 3971/974/2327 3979/979/2327 3980/980/2327
f 3973/976/2563 3972/975/2563 3980/980/2563 3981/981/2563
f 3966/969/2564 3789/982/2564 3974/983/2564
f 3967/970/2330 3966/969/2330 3974/983/2330 3975/984/2330
f 3968/971/2331 3967/970/2331 3975/984/2331 3976/985/2331
f 3969/972/2565 3968/971/2565 3976/985/2565 3977/986/2565
f 3970/973/2566 3969/972/2566 3977/986/2566 3978/978/2566
f 3975/984/2567 3974/983/2567 3982/987/2567 3983/988/2567
f 3976/985/2568 3975/984/2568 3983/988/2568 3984/989/2568
f 3977/986/2569 3976/985/2569 3984/989/2569 3985/990/2569
f 3978/978/2570 3977/986/2570 3985/990/2570 3986/991/2570
f 3979/979/2571 3978/978/2571 3986/991/2571 3987/992/2571
f 3980/980/2339 3979/979/2339 3987/992/2339 3988/993/2339
f 3981/981/2572 3980/980/2572 3988/993/2572 3989/994/2572
f 3974/983/2573 3789/995/2573 3982/987/2573
f 3987/992/2574 3986/991/2574 3994/996/2574 3995/997/2574
f 3988/993/2343 3987/992/2343 3995/997/2343 3996/998/2343
f 3989/994/2344 3988/993/2344 3996/998/2344 3997/999/2344
f 3982/987/2575 3789/1000/2575 3990/1001/2575
f 3983/988/2576 3982/987/2576 3990/1001/2576 3991/1002/2576
f 3984/989/2347 3983/988/2347 3991/1002/2347 3992/1003/2347
f 3985/990/2348 3984/989/2348 3992/1003/2348 3993/1004/2348
f 3986/991/2577 3985/990/2577 3993/1004/2577 3994/996/2577
f 3992/1003/2350 3991/1002/2350 3999/726/2350 3745/725/2350
f 3993/1004/2351 3992/1003/2351 3745/725/2351 4000/729/2351
f 3994/996/2578 3993/1004/2578 4000/729/2578 3746/731/2578
f 3995/997/2579 3994/996/2579 3746/731/2579 4001/733/2579
f 3996/998/2354 3995/997/2354 4001/733/2354 3747/735/2354
f 3997/999/2355 3996/998/2355 3747/735/2355 3748/213/2355
f 3990/1001/2580 3789/1005/2580 3998/737/2580
f 3991/1002/2581 3990/1001/2581 3998/737/2581 3999/726/2581
f 4003/754/2359 4002/753/2359 4005/765/2359 4006/770/2359
f 4004/755/2582 4003/754/2582 4006/770/2582 4007/760/2582
f 4002/753/2583 4026/1006/2583 4005/765/2583
f 4008/815/2584 4026/1007/2584 4011/821/2584
f 4009/816/2585 4008/815/2585 4011/821/2585 4012/834/2585
f 4010/808/2586 4009/816/2586 4012/834/2586 4013/823/2586
f 4014/822/2587 4026/1008/2587 4017/756/2587
f 4015/759/2588 4014/822/2588 4017/756/2588 4018/757/2588
f 4016/758/2589 4015/759/2589 4018/757/2589 4019/819/2589
f 4020/953/2590 4026/1009/2590 4023/968/2590
f 4021/954/2591 4020/953/2591 4023/968/2591 4024/967/2591
f 4022/955/2592 4021/954/2592 4024/967/2592 4025/966/2592
f 3950/953/2593 3789/952/2593 4026/952/2593 4020/953/2593
f 3894/822/2594 3789/895/2594 4026/895/2594 4014/822/2594
f 3951/954/2595 3950/953/2595 4020/953/2595 4021/954/2595
f 3903/757/2374 3904/819/2374 4019/819/2374 4018/757/2374
f 3766/754/2596 3765/753/2596 4002/753/2596 4003/754/2596
f 3952/955/2597 3951/954/2597 4021/954/2597 4022/955/2597
f 3789/908/2600 3902/756/2600 4017/756/2600 4026/908/2600
f 3767/755/2601 3766/754/2601 4003/754/2601 4004/755/2601
f 3958/968/2381 3959/967/2381 4024/967/2381 4023/968/2381
f 3960/966/2602 3952/955/2602 4022/955/2602 4025/966/2602
f 3773/765/2603 3774/770/2603 4006/770/2603 4005/765/2603
f 3959/967/2604 3960/966/2604 4025/966/2604 4024/967/2604
f 3823/816/2385 3822/815/2385 4008/815/2385 4009/816/2385
f 3774/770/2605 3775/760/2605 4007/760/2605 4006/770/2605
f 4027/725/2102 4281/726/2102 4032/727/2102 4033/728/2102
f 4282/729/2388 4027/725/2388 4033/728/2388 4034/730/2388
f 4028/731/2389 4282/729/2389 4034/730/2389 4035/732/2389
f 4283/733/2390 4028/731/2390 4035/732/2390 4036/734/2390
f 4029/735/2106 4283/733/2106 4036/734/2106 4037/736/2106
f 4030/213/2107 4029/735/2107 4037/736/2107 4038/211/2107
f 4280/737/2606 4071/738/2606 4031/739/2606
f 4281/726/2607 4280/737/2607 4031/739/2607 4032/727/2607
f 4031/739/2393 4071/740/2393 4039/741/2393
f 4032/727/2394 4031/739/2394 4039/741/2394 4040/742/2394
f 4033/728/2608 4032/727/2608 4040/742/2608 4041/743/2608
f 4034/730/2609 4033/728/2609 4041/743/2609 4042/744/2609
f 4035/732/2114 4034/730/2114 4042/744/2114 4043/745/2114
f 4036/734/2115 4035/732/2115 4043/745/2115 4044/746/2115
f 4037/736/2116 4036/734/2116 4044/746/2116 4045/747/2116
f 4038/211/2395 4037/736/2395 4045/747/2395 4046/209/2395
f 4043/745/2396 4042/744/2396 4050/748/2396 4051/749/2396
f 4044/746/2397 4043/745/2397 4051/749/2397 4052/750/2397
f 4045/747/2398 4044/746/2398 4052/750/2398 4053/751/2398
f 4046/209/2610 4045/747/2610 4053/751/2610 4054/207/2610
f 4039/741/2611 4071/752/2611 4047/753/2611
f 4040/742/2612 4039/741/2612 4047/753/2612 4048/754/2612
f 4041/743/2613 4040/742/2613 4048/754/2613 4049/755/2613
f 4042/744/2614 4041/743/2614 4049/755/2614 4050/748/2614
f 4184/756/2615 4185/757/2615 4300/757/2615 4299/756/2615
f 4178/758/2616 4177/759/2616 4297/759/2616 4298/758/2616
f 4050/748/2405 4049/755/2405 4057/760/2405 4058/400/2405
f 4051/749/2617 4050/748/2617 4058/400/2617 4059/761/2617
f 4052/750/2618 4051/749/2618 4059/761/2618 4060/762/2618
f 4053/751/2619 4052/750/2619 4060/762/2619 4061/763/2619
f 4054/207/2408 4053/751/2408 4061/763/2408 4062/205/2408
f 4071/764/2620 4055/765/2620 4287/765/2620 4308/764/2620
f 4060/762/2410 4059/761/2410 4067/766/2410 4068/767/2410
f 4061/763/2621 4060/762/2621 4068/767/2621 4069/768/2621
f 4062/205/2622 4061/763/2622 4069/768/2622 4070/203/2622
f 4055/765/2623 4071/764/2623 4063/769/2623
f 4056/770/2624 4055/765/2624 4063/769/2624 4064/771/2624
f 4057/760/2625 4056/770/2625 4064/771/2625 4065/772/2625
f 4058/400/2626 4057/760/2626 4065/772/2626 4066/773/2626
f 4059/761/2627 4058/400/2627 4066/773/2627 4067/766/2627
f 4065/772/2415 4064/771/2415 4073/774/2415 4074/775/2415
f 4066/773/2628 4065/772/2628 4074/775/2628 4075/776/2628
f 4067/766/2629 4066/773/2629 4075/776/2629 4076/777/2629
f 4068/767/2630 4067/766/2630 4076/777/2630 4077/778/2630
f 4069/768/2631 4068/767/2631 4077/778/2631 4078/779/2631
f 4070/203/2632 4069/768/2632 4078/779/2632 4079/201/2632
f 4063/769/2633 4071/780/2633 4072/781/2633
f 4064/771/2634 4063/769/2634 4072/781/2634 4073/774/2634
f 4078/779/2635 4077/778/2635 4085/782/2635 4086/783/2635
f 4079/201/2636 4078/779/2636 4086/783/2636 4087/199/2636
f 4072/781/2637 4071/784/2637 4080/785/2637
f 4073/774/2424 4072/781/2424 4080/785/2424 4081/786/2424
f 4074/775/2425 4073/774/2425 4081/786/2425 4082/787/2425
f 4075/776/2638 4074/775/2638 4082/787/2638 4083/788/2638
f 4076/777/2639 4075/776/2639 4083/788/2639 4084/789/2639
f 4077/778/2640 4076/777/2640 4084/789/2640 4085/782/2640
f 4082/787/2429 4081/786/2429 4089/790/2429 4090/791/2429
f 4083/788/2641 4082/787/2641 4090/791/2641 4091/792/2641
f 4084/789/2160 4083/788/2160 4091/792/2160 4092/793/2160
f 4085/782/2642 4084/789/2642 4092/793/2642 4093/794/2642
f 4086/783/2643 4085/782/2643 4093/794/2643 4094/795/2643
f 4080/785/2645 4071/797/2645 4088/798/2645
f 4081/786/2646 4080/785/2646 4088/798/2646 4089/790/2646
f 4094/795/2647 4093/794/2647 4101/799/2647 4102/800/2647
f 4088/798/2649 4071/802/2649 4096/803/2649
f 4089/790/2650 4088/798/2650 4096/803/2650 4097/804/2650
f 4090/791/2651 4089/790/2651 4097/804/2651 4098/805/2651
f 4091/792/2652 4090/791/2652 4098/805/2652 4099/806/2652
f 4092/793/2653 4091/792/2653 4099/806/2653 4100/807/2653
f 4093/794/2654 4092/793/2654 4100/807/2654 4101/799/2654
f 4099/806/2655 4098/805/2655 4106/808/2655 4107/809/2655
f 4100/807/2656 4099/806/2656 4107/809/2656 4108/810/2656
f 4101/799/2176 4100/807/2176 4108/810/2176 4109/811/2176
f 4102/800/2657 4101/799/2657 4109/811/2657 4110/812/2657
f 4096/803/2659 4071/814/2659 4104/815/2659
f 4097/804/2660 4096/803/2660 4104/815/2660 4105/816/2660
f 4098/805/2450 4097/804/2450 4105/816/2450 4106/808/2450
f 4071/820/2662 4112/821/2662 4293/821/2662 4308/820/2662
f 4177/759/2663 4176/822/2663 4296/822/2663 4297/759/2663
f 4107/809/2664 4106/808/2664 4114/823/2664 4115/824/2664
f 4108/810/2665 4107/809/2665 4115/824/2665 4116/825/2665
f 4109/811/2666 4108/810/2666 4116/825/2666 4117/826/2666
f 4110/812/2457 4109/811/2457 4117/826/2457 4118/817/2457
f 4115/824/2667 4114/823/2667 4122/827/2667 4123/828/2667
f 4116/825/2459 4115/824/2459 4123/828/2459 4124/829/2459
f 4117/826/2668 4116/825/2668 4124/829/2668 4125/830/2668
f 4118/817/2461 4117/826/2461 4125/830/2461 4126/831/2461
f 4119/818/2669 4118/817/2669 4126/831/2669 4127/832/2669
f 4112/821/2670 4071/820/2670 4120/833/2670
f 4113/834/2671 4112/821/2671 4120/833/2671 4121/835/2671
f 4114/823/2672 4113/834/2672 4121/835/2672 4122/827/2672
f 4127/832/2198 4126/831/2198 4134/836/2198 4135/837/2198
f 4120/833/2673 4071/838/2673 4128/839/2673
f 4121/835/2674 4120/833/2674 4128/839/2674 4129/840/2674
f 4122/827/2675 4121/835/2675 4129/840/2675 4130/841/2675
f 4123/828/2202 4122/827/2202 4130/841/2202 4131/842/2202
f 4124/829/2676 4123/828/2676 4131/842/2676 4132/843/2676
f 4125/830/2677 4124/829/2677 4132/843/2677 4133/844/2677
f 4126/831/2205 4125/830/2205 4133/844/2205 4134/836/2205
f 4132/843/2678 4131/842/2678 4139/845/2678 4140/846/2678
f 4133/844/2679 4132/843/2679 4140/846/2679 4141/847/2679
f 4134/836/2680 4133/844/2680 4141/847/2680 4142/848/2680
f 4135/837/2209 4134/836/2209 4142/848/2209 4143/849/2209
f 4128/839/2681 4071/850/2681 4136/851/2681
f 4129/840/2682 4128/839/2682 4136/851/2682 4137/852/2682
f 4130/841/2474 4129/840/2474 4137/852/2474 4138/853/2474
f 4131/842/2683 4130/841/2683 4138/853/2683 4139/845/2683
f 4137/852/2684 4136/851/2684 4144/854/2684 4145/855/2684
f 4138/853/2477 4137/852/2477 4145/855/2477 4146/856/2477
f 4139/845/2216 4138/853/2216 4146/856/2216 4147/857/2216
f 4140/846/2685 4139/845/2685 4147/857/2685 4148/858/2685
f 4141/847/2218 4140/846/2218 4148/858/2218 4149/859/2218
f 4142/848/2686 4141/847/2686 4149/859/2686 4150/860/2686
f 4143/849/2220 4142/848/2220 4150/860/2220 4151/861/2220
f 4136/851/2687 4071/862/2687 4144/854/2687
f 4149/859/2222 4148/858/2222 4156/863/2222 4157/864/2222
f 4150/860/2482 4149/859/2482 4157/864/2482 4158/865/2482
f 4151/861/2224 4150/860/2224 4158/865/2224 4159/866/2224
f 4144/854/2688 4071/867/2688 4152/868/2688
f 4145/855/2689 4144/854/2689 4152/868/2689 4153/869/2689
f 4146/856/2690 4145/855/2690 4153/869/2690 4154/870/2690
f 4147/857/2691 4146/856/2691 4154/870/2691 4155/871/2691
f 4148/858/2692 4147/857/2692 4155/871/2692 4156/863/2692
f 4153/869/2693 4152/868/2693 4160/872/2693 4161/873/2693
f 4154/870/2231 4153/869/2231 4161/873/2231 4162/874/2231
f 4155/871/2694 4154/870/2694 4162/874/2694 4163/875/2694
f 4156/863/2695 4155/871/2695 4163/875/2695 4164/876/2695
f 4157/864/2234 4156/863/2234 4164/876/2234 4165/877/2234
f 4158/865/2235 4157/864/2235 4165/877/2235 4166/878/2235
f 4159/866/2236 4158/865/2236 4166/878/2236 4167/879/2236
f 4152/868/2696 4071/880/2696 4160/872/2696
f 4165/877/2697 4164/876/2697 4172/881/2697 4173/882/2697
f 4166/878/2698 4165/877/2698 4173/882/2698 4174/883/2698
f 4167/879/2240 4166/878/2240 4174/883/2240 4175/884/2240
f 4160/872/2699 4071/885/2699 4168/886/2699
f 4161/873/2242 4160/872/2242 4168/886/2242 4169/887/2242
f 4162/874/2498 4161/873/2498 4169/887/2498 4170/888/2498
f 4163/875/2244 4162/874/2244 4170/888/2244 4171/889/2244
f 4164/876/2700 4163/875/2700 4171/889/2700 4172/881/2700
f 4170/888/2701 4169/887/2701 4177/759/2701 4178/758/2701
f 4171/889/2247 4170/888/2247 4178/758/2247 4179/890/2247
f 4172/881/2702 4171/889/2702 4179/890/2702 4180/891/2702
f 4173/882/2703 4172/881/2703 4180/891/2703 4181/892/2703
f 4174/883/2503 4173/882/2503 4181/892/2503 4182/893/2503
f 4175/884/2704 4174/883/2704 4182/893/2704 4183/894/2704
f 4168/886/2705 4071/895/2705 4176/822/2705
f 4169/887/2253 4168/886/2253 4176/822/2253 4177/759/2253
f 4182/893/2706 4181/892/2706 4189/896/2706 4190/897/2706
f 4183/894/2255 4182/893/2255 4190/897/2255 4191/898/2255
f 4047/753/2707 4071/752/2707 4308/752/2707 4284/753/2707
f 4057/760/2510 4049/755/2510 4286/755/2510 4289/760/2510
f 4104/815/2708 4071/814/2708 4308/814/2708 4290/815/2708
f 4179/890/2709 4178/758/2709 4186/819/2709 4187/899/2709
f 4180/891/2260 4179/890/2260 4187/899/2260 4188/900/2260
f 4181/892/2514 4180/891/2514 4188/900/2514 4189/896/2514
f 4186/819/2262 4185/757/2262 4193/901/2262 4194/902/2262
f 4187/899/2516 4186/819/2516 4194/902/2516 4195/903/2516
f 4188/900/2710 4187/899/2710 4195/903/2710 4196/904/2710
f 4189/896/2711 4188/900/2711 4196/904/2711 4197/905/2711
f 4190/897/2712 4189/896/2712 4197/905/2712 4198/906/2712
f 4191/898/2713 4190/897/2713 4198/906/2713 4199/907/2713
f 4184/756/2714 4071/908/2714 4192/909/2714
f 4185/757/2715 4184/756/2715 4192/909/2715 4193/901/2715
f 4198/906/2523 4197/905/2523 4205/910/2523 4206/911/2523
f 4199/907/2716 4198/906/2716 4206/911/2716 4207/912/2716
f 4192/909/2717 4071/913/2717 4200/914/2717
f 4193/901/2273 4192/909/2273 4200/914/2273 4201/915/2273
f 4194/902/2274 4193/901/2274 4201/915/2274 4202/916/2274
f 4195/903/2718 4194/902/2718 4202/916/2718 4203/917/2718
f 4196/904/2526 4195/903/2526 4203/917/2526 4204/918/2526
f 4197/905/2719 4196/904/2719 4204/918/2719 4205/910/2719
f 4203/917/2278 4202/916/2278 4210/919/2278 4211/920/2278
f 4204/918/2720 4203/917/2720 4211/920/2720 4212/921/2720
f 4205/910/2721 4204/918/2721 4212/921/2721 4213/922/2721
f 4206/911/2722 4205/910/2722 4213/922/2722 4214/923/2722
f 4207/912/2723 4206/911/2723 4214/923/2723 4215/924/2723
f 4200/914/2532 4071/925/2532 4208/926/2532
f 4201/915/2284 4200/914/2284 4208/926/2284 4209/927/2284
f 4202/916/2285 4201/915/2285 4209/927/2285 4210/919/2285
f 4215/924/2724 4214/923/2724 4222/928/2724 4223/168/2724
f 4208/926/2534 4071/929/2534 4216/930/2534
f 4209/927/2535 4208/926/2535 4216/930/2535 4217/931/2535
f 4210/919/2536 4209/927/2536 4217/931/2536 4218/932/2536
f 4211/920/2725 4210/919/2725 4218/932/2725 4219/933/2725
f 4212/921/2726 4211/920/2726 4219/933/2726 4220/934/2726
f 4213/922/2727 4212/921/2727 4220/934/2727 4221/935/2727
f 4214/923/2539 4213/922/2539 4221/935/2539 4222/928/2539
f 4220/936/2728 4219/937/2728 4227/938/2728 4228/939/2728
f 4221/940/2295 4220/936/2295 4228/939/2295 4229/941/2295
f 4222/942/2729 4221/940/2729 4229/941/2729 4230/943/2729
f 4223/229/2730 4222/942/2730 4230/943/2730 4231/944/2730
f 4216/945/2541 4071/946/2541 4224/947/2541
f 4217/948/2731 4216/945/2731 4224/947/2731 4225/949/2731
f 4218/950/2732 4217/948/2732 4225/949/2732 4226/951/2732
f 4219/937/2543 4218/950/2543 4226/951/2543 4227/938/2543
f 4224/947/2302 4071/952/2302 4232/953/2302
f 4225/949/2733 4224/947/2733 4232/953/2733 4233/954/2733
f 4226/951/2734 4225/949/2734 4233/954/2734 4234/955/2734
f 4227/938/2735 4226/951/2735 4234/955/2735 4235/956/2735
f 4228/939/2736 4227/938/2736 4235/956/2736 4236/957/2736
f 4229/941/2737 4228/939/2737 4236/957/2737 4237/958/2737
f 4230/943/2548 4229/941/2548 4237/958/2548 4238/959/2548
f 4231/944/2549 4230/943/2549 4238/959/2549 4239/960/2549
f 4236/957/2310 4235/956/2310 4243/961/2310 4244/962/2310
f 4237/958/2738 4236/957/2738 4244/962/2738 4245/963/2738
f 4238/959/2739 4237/958/2739 4245/963/2739 4246/964/2739
f 4239/960/2553 4238/959/2553 4246/964/2553 4247/965/2553
f 4113/834/2740 4114/823/2740 4295/823/2740 4294/834/2740
f 4112/821/2555 4113/834/2555 4294/834/2555 4293/821/2555
f 4106/808/2741 4105/816/2741 4291/816/2741 4292/808/2741
f 4235/956/2742 4234/955/2742 4242/966/2742 4243/961/2742
f 4241/967/2743 4240/968/2743 4248/969/2743 4249/970/2743
f 4242/966/2744 4241/967/2744 4249/970/2744 4250/971/2744
f 4243/961/2558 4242/966/2558 4250/971/2558 4251/972/2558
f 4244/962/2745 4243/961/2745 4251/972/2745 4252/973/2745
f 4245/963/2746 4244/962/2746 4252/973/2746 4253/974/2746
f 4246/964/2323 4245/963/2323 4253/974/2323 4254/975/2323
f 4247/965/2747 4246/964/2747 4254/975/2747 4255/976/2747
f 4240/968/2748 4071/977/2748 4248/969/2748
f 4253/974/2326 4252/973/2326 4260/978/2326 4261/979/2326
f 4254/975/2749 4253/974/2749 4261/979/2749 4262/980/2749
f 4255/976/2328 4254/975/2328 4262/980/2328 4263/981/2328
f 4248/969/2750 4071/982/2750 4256/983/2750
f 4249/970/2751 4248/969/2751 4256/983/2751 4257/984/2751
f 4250/971/2752 4249/970/2752 4257/984/2752 4258/985/2752
f 4251/972/2753 4250/971/2753 4258/985/2753 4259/986/2753
f 4252/973/2566 4251/972/2566 4259/986/2566 4260/978/2566
f 4257/984/2754 4256/983/2754 4264/987/2754 4265/988/2754
f 4258/985/2335 4257/984/2335 4265/988/2335 4266/989/2335
f 4259/986/2569 4258/985/2569 4266/989/2569 4267/990/2569
f 4260/978/2337 4259/986/2337 4267/990/2337 4268/991/2337
f 4261/979/2755 4260/978/2755 4268/991/2755 4269/992/2755
f 4262/980/2339 4261/979/2339 4269/992/2339 4270/993/2339
f 4263/981/2756 4262/980/2756 4270/993/2756 4271/994/2756
f 4256/983/2757 4071/995/2757 4264/987/2757
f 4269/992/2342 4268/991/2342 4276/996/2342 4277/997/2342
f 4270/993/2343 4269/992/2343 4277/997/2343 4278/998/2343
f 4271/994/2344 4270/993/2344 4278/998/2344 4279/999/2344
f 4264/987/2758 4071/1000/2758 4272/1001/2758
f 4265/988/2346 4264/987/2346 4272/1001/2346 4273/1002/2346
f 4266/989/2347 4265/988/2347 4273/1002/2347 4274/1003/2347
f 4267/990/2348 4266/989/2348 4274/1003/2348 4275/1004/2348
f 4268/991/2759 4267/990/2759 4275/1004/2759 4276/996/2759
f 4274/1003/2760 4273/1002/2760 4281/726/2760 4027/725/2760
f 4275/1004/2351 4274/1003/2351 4027/725/2351 4282/729/2351
f 4276/996/2578 4275/1004/2578 4282/729/2578 4028/731/2578
f 4277/997/2761 4276/996/2761 4028/731/2761 4283/733/2761
f 4278/998/2354 4277/997/2354 4283/733/2354 4029/735/2354
f 4279/999/2355 4278/998/2355 4029/735/2355 4030/213/2355
f 4272/1001/2762 4071/1005/2762 4280/737/2762
f 4273/1002/2763 4272/1001/2763 4280/737/2763 4281/726/2763
f 4285/754/2359 4284/753/2359 4287/765/2359 4288/770/2359
f 4286/755/2360 4285/754/2360 4288/770/2360 4289/760/2360
f 4284/753/2764 4308/1006/2764 4287/765/2764
f 4290/815/2584 4308/1007/2584 4293/821/2584
f 4291/816/2363 4290/815/2363 4293/821/2363 4294/834/2363
f 4292/808/2586 4291/816/2586 4294/834/2586 4295/823/2586
f 4296/822/2765 4308/1008/2765 4299/756/2765
f 4297/759/2766 4296/822/2766 4299/756/2766 4300/757/2766
f 4298/758/2767 4297/759/2767 4300/757/2767 4301/819/2767
f 4302/953/2590 4308/1009/2590 4305/968/2590
f 4303/954/2591 4302/953/2591 4305/968/2591 4306/967/2591
f 4304/955/2768 4303/954/2768 4306/967/2768 4307/966/2768
f 4232/953/2371 4071/952/2371 4308/952/2371 4302/953/2371
f 4176/822/2769 4071/895/2769 4308/895/2769 4296/822/2769
f 4233/954/2595 4232/953/2595 4302/953/2595 4303/954/2595
f 4185/757/2770 4186/819/2770 4301/819/2770 4300/757/2770
f 4048/754/2771 4047/753/2771 4284/753/2771 4285/754/2771
f 4234/955/2772 4233/954/2772 4303/954/2772 4304/955/2772
f 4071/977/2773 4240/968/2773 4305/968/2773 4308/977/2773
f 4114/823/2599 4106/808/2599 4292/808/2599 4295/823/2599
f 4071/908/2379 4184/756/2379 4299/756/2379 4308/908/2379
f 4049/755/2774 4048/754/2774 4285/754/2774 4286/755/2774
f 4240/968/2381 4241/967/2381 4306/967/2381 4305/968/2381
f 4055/765/2776 4056/770/2776 4288/770/2776 4287/765/2776
f 4241/967/2777 4242/966/2777 4307/966/2777 4306/967/2777
f 4105/816/2778 4104/815/2778 4290/815/2778 4291/816/2778
f 4056/770/2779 4057/760/2779 4289/760/2779 4288/770/2779
f 4309/725/2387 4563/726/2387 4314/727/2387 4315/728/2387
f 4564/729/2780 4309/725/2780 4315/728/2780 4316/730/2780
f 4310/731/2781 4564/729/2781 4316/730/2781 4317/732/2781
f 4565/733/2105 4310/731/2105 4317/732/2105 4318/734/2105
f 4311/735/2782 4565/733/2782 4318/734/2782 4319/736/2782
f 4312/213/2107 4311/735/2107 4319/736/2107 4320/211/2107
f 4562/737/2783 4353/738/2783 4313/739/2783
f 4563/726/2784 4562/737/2784 4313/739/2784 4314/727/2784
f 4313/739/2785 4353/740/2785 4321/741/2785
f 4314/727/2786 4313/739/2786 4321/741/2786 4322/742/2786
f 4315/728/2112 4314/727/2112 4322/742/2112 4323/743/2112
f 4316/730/2609 4315/728/2609 4323/743/2609 4324/744/2609
f 4317/732/2114 4316/730/2114 4324/744/2114 4325/745/2114
f 4318/734/2787 4317/732/2787 4325/745/2787 4326/746/2787
f 4319/736/2116 4318/734/2116 4326/746/2116 4327/747/2116
f 4320/211/2395 4319/736/2395 4327/747/2395 4328/209/2395
f 4325/745/2788 4324/744/2788 4332/748/2788 4333/749/2788
f 4326/746/2119 4325/745/2119 4333/749/2119 4334/750/2119
f 4327/747/2398 4326/746/2398 4334/750/2398 4335/751/2398
f 4328/209/2610 4327/747/2610 4335/751/2610 4336/207/2610
f 4321/741/2789 4353/752/2789 4329/753/2789
f 4322/742/2400 4321/741/2400 4329/753/2400 4330/754/2400
f 4323/743/2401 4322/742/2401 4330/754/2401 4331/755/2401
f 4324/744/2614 4323/743/2614 4331/755/2614 4332/748/2614
f 4466/756/2790 4467/757/2790 4582/757/2790 4581/756/2790
f 4332/748/2405 4331/755/2405 4339/760/2405 4340/400/2405
f 4333/749/2792 4332/748/2792 4340/400/2792 4341/761/2792
f 4334/750/2130 4333/749/2130 4341/761/2130 4342/762/2130
f 4335/751/2793 4334/750/2793 4342/762/2793 4343/763/2793
f 4336/207/2794 4335/751/2794 4343/763/2794 4344/205/2794
f 4353/764/2795 4337/765/2795 4569/765/2795 4590/764/2795
f 4342/762/2796 4341/761/2796 4349/766/2796 4350/767/2796
f 4343/763/2797 4342/762/2797 4350/767/2797 4351/768/2797
f 4344/205/2412 4343/763/2412 4351/768/2412 4352/203/2412
f 4337/765/2798 4353/764/2798 4345/769/2798
f 4338/770/2799 4337/765/2799 4345/769/2799 4346/771/2799
f 4339/760/2139 4338/770/2139 4346/771/2139 4347/772/2139
f 4340/400/2800 4339/760/2800 4347/772/2800 4348/773/2800
f 4341/761/2801 4340/400/2801 4348/773/2801 4349/766/2801
f 4347/772/2802 4346/771/2802 4355/774/2802 4356/775/2802
f 4348/773/2803 4347/772/2803 4356/775/2803 4357/776/2803
f 4349/766/2629 4348/773/2629 4357/776/2629 4358/777/2629
f 4350/767/2804 4349/766/2804 4358/777/2804 4359/778/2804
f 4351/768/2418 4350/767/2418 4359/778/2418 4360/779/2418
f 4352/203/2805 4351/768/2805 4360/779/2805 4361/201/2805
f 4345/769/2806 4353/780/2806 4354/781/2806
f 4346/771/2807 4345/769/2807 4354/781/2807 4355/774/2807
f 4360/779/2808 4359/778/2808 4367/782/2808 4368/783/2808
f 4361/201/2151 4360/779/2151 4368/783/2151 4369/199/2151
f 4354/781/2809 4353/784/2809 4362/785/2809
f 4355/774/2153 4354/781/2153 4362/785/2153 4363/786/2153
f 4356/775/2154 4355/774/2154 4363/786/2154 4364/787/2154
f 4357/776/2810 4356/775/2810 4364/787/2810 4365/788/2810
f 4358/777/2427 4357/776/2427 4365/788/2427 4366/789/2427
f 4359/778/2811 4358/777/2811 4366/789/2811 4367/782/2811
f 4364/787/2812 4363/786/2812 4371/790/2812 4372/791/2812
f 4365/788/2430 4364/787/2430 4372/791/2430 4373/792/2430
f 4366/789/2431 4365/788/2431 4373/792/2431 4374/793/2431
f 4367/782/2813 4366/789/2813 4374/793/2813 4375/794/2813
f 4368/783/2643 4367/782/2643 4375/794/2643 4376/795/2643
f 4369/199/2163 4368/783/2163 4376/795/2163 4377/796/2163
f 4362/785/2814 4353/797/2814 4370/798/2814
f 4363/786/2815 4362/785/2815 4370/798/2815 4371/790/2815
f 4376/795/2166 4375/794/2166 4383/799/2166 4384/800/2166
f 4377/796/2437 4376/795/2437 4384/800/2437 4385/801/2437
f 4370/798/2649 4353/802/2649 4378/803/2649
f 4371/790/2816 4370/798/2816 4378/803/2816 4379/804/2816
f 4372/791/2817 4371/790/2817 4379/804/2817 4380/805/2817
f 4373/792/2171 4372/791/2171 4380/805/2171 4381/806/2171
f 4374/793/2653 4373/792/2653 4381/806/2653 4382/807/2653
f 4375/794/2173 4374/793/2173 4382/807/2173 4383/799/2173
f 4381/806/2444 4380/805/2444 4388/808/2444 4389/809/2444
f 4382/807/2818 4381/806/2818 4389/809/2818 4390/810/2818
f 4383/799/2176 4382/807/2176 4390/810/2176 4391/811/2176
f 4384/800/2446 4383/799/2446 4391/811/2446 4392/812/2446
f 4385/801/2447 4384/800/2447 4392/812/2447 4393/813/2447
f 4378/803/2819 4353/814/2819 4386/815/2819
f 4379/804/2660 4378/803/2660 4386/815/2660 4387/816/2660
f 4380/805/2450 4379/804/2450 4387/816/2450 4388/808/2450
f 4393/813/2820 4392/812/2820 4400/817/2820 4401/818/2820
f 4353/820/2822 4394/821/2822 4575/821/2822 4590/820/2822
f 4459/759/2185 4458/822/2185 4578/822/2185 4579/759/2185
f 4389/809/2823 4388/808/2823 4396/823/2823 4397/824/2823
f 4390/810/2824 4389/809/2824 4397/824/2824 4398/825/2824
f 4391/811/2825 4390/810/2825 4398/825/2825 4399/826/2825
f 4392/812/2826 4391/811/2826 4399/826/2826 4400/817/2826
f 4397/824/2827 4396/823/2827 4404/827/2827 4405/828/2827
f 4398/825/2459 4397/824/2459 4405/828/2459 4406/829/2459
f 4399/826/2828 4398/825/2828 4406/829/2828 4407/830/2828
f 4400/817/2829 4399/826/2829 4407/830/2829 4408/831/2829
f 4401/818/2669 4400/817/2669 4408/831/2669 4409/832/2669
f 4394/821/2830 4353/820/2830 4402/833/2830
f 4395/834/2831 4394/821/2831 4402/833/2831 4403/835/2831
f 4396/823/2465 4395/834/2465 4403/835/2465 4404/827/2465
f 4409/832/2198 4408/831/2198 4416/836/2198 4417/837/2198
f 4402/833/2832 4353/838/2832 4410/839/2832
f 4403/835/2200 4402/833/2200 4410/839/2200 4411/840/2200
f 4404/827/2833 4403/835/2833 4411/840/2833 4412/841/2833
f 4405/828/2834 4404/827/2834 4412/841/2834 4413/842/2834
f 4406/829/2835 4405/828/2835 4413/842/2835 4414/843/2835
f 4407/830/2836 4406/829/2836 4414/843/2836 4415/844/2836
f 4408/831/2205 4407/830/2205 4415/844/2205 4416/836/2205
f 4414/843/2837 4413/842/2837 4421/845/2837 4422/846/2837
f 4415/844/2679 4414/843/2679 4422/846/2679 4423/847/2679
f 4416/836/2208 4415/844/2208 4423/847/2208 4424/848/2208
f 4417/837/2472 4416/836/2472 4424/848/2472 4425/849/2472
f 4410/839/2838 4353/850/2838 4418/851/2838
f 4411/840/2839 4410/839/2839 4418/851/2839 4419/852/2839
f 4412/841/2474 4411/840/2474 4419/852/2474 4420/853/2474
f 4413/842/2840 4412/841/2840 4420/853/2840 4421/845/2840
f 4419/852/2841 4418/851/2841 4426/854/2841 4427/855/2841
f 4420/853/2477 4419/852/2477 4427/855/2477 4428/856/2477
f 4421/845/2842 4420/853/2842 4428/856/2842 4429/857/2842
f 4422/846/2843 4421/845/2843 4429/857/2843 4430/858/2843
f 4423/847/2218 4422/846/2218 4430/858/2218 4431/859/2218
f 4424/848/2219 4423/847/2219 4431/859/2219 4432/860/2219
f 4425/849/2220 4424/848/2220 4432/860/2220 4433/861/2220
f 4418/851/2844 4353/862/2844 4426/854/2844
f 4431/859/2481 4430/858/2481 4438/863/2481 4439/864/2481
f 4432/860/2482 4431/859/2482 4439/864/2482 4440/865/2482
f 4433/861/2224 4432/860/2224 4440/865/2224 4441/866/2224
f 4426/854/2845 4353/867/2845 4434/868/2845
f 4427/855/2484 4426/854/2484 4434/868/2484 4435/869/2484
f 4428/856/2690 4427/855/2690 4435/869/2690 4436/870/2690
f 4429/857/2691 4428/856/2691 4436/870/2691 4437/871/2691
f 4430/858/2487 4429/857/2487 4437/871/2487 4438/863/2487
f 4435/869/2488 4434/868/2488 4442/872/2488 4443/873/2488
f 4436/870/2489 4435/869/2489 4443/873/2489 4444/874/2489
f 4437/871/2846 4436/870/2846 4444/874/2846 4445/875/2846
f 4438/863/2847 4437/871/2847 4445/875/2847 4446/876/2847
f 4439/864/2848 4438/863/2848 4446/876/2848 4447/877/2848
f 4440/865/2849 4439/864/2849 4447/877/2849 4448/878/2849
f 4441/866/2236 4440/865/2236 4448/878/2236 4449/879/2236
f 4434/868/2850 4353/880/2850 4442/872/2850
f 4447/877/2851 4446/876/2851 4454/881/2851 4455/882/2851
f 4448/878/2852 4447/877/2852 4455/882/2852 4456/883/2852
f 4449/879/2853 4448/878/2853 4456/883/2853 4457/884/2853
f 4442/872/2854 4353/885/2854 4450/886/2854
f 4443/873/2855 4442/872/2855 4450/886/2855 4451/887/2855
f 4444/874/2498 4443/873/2498 4451/887/2498 4452/888/2498
f 4445/875/2856 4444/874/2856 4452/888/2856 4453/889/2856
f 4446/876/2857 4445/875/2857 4453/889/2857 4454/881/2857
f 4452/888/2701 4451/887/2701 4459/759/2701 4460/758/2701
f 4453/889/2247 4452/888/2247 4460/758/2247 4461/890/2247
f 4454/881/2501 4453/889/2501 4461/890/2501 4462/891/2501
f 4455/882/2703 4454/881/2703 4462/891/2703 4463/892/2703
f 4456/883/2858 4455/882/2858 4463/892/2858 4464/893/2858
f 4457/884/2859 4456/883/2859 4464/893/2859 4465/894/2859
f 4450/886/2860 4353/895/2860 4458/822/2860
f 4451/887/2253 4450/886/2253 4458/822/2253 4459/759/2253
f 4464/893/2507 4463/892/2507 4471/896/2507 4472/897/2507
f 4465/894/2861 4464/893/2861 4472/897/2861 4473/898/2861
f 4386/815/2258 4353/814/2258 4590/814/2258 4572/815/2258
f 4461/890/2864 4460/758/2864 4468/819/2864 4469/899/2864
f 4462/891/2865 4461/890/2865 4469/899/2865 4470/900/2865
f 4463/892/2514 4462/891/2514 4470/900/2514 4471/896/2514
f 4468/819/2262 4467/757/2262 4475/901/2262 4476/902/2262
f 4469/899/2516 4468/819/2516 4476/902/2516 4477/903/2516
f 4470/900/2866 4469/899/2866 4477/903/2866 4478/904/2866
f 4471/896/2265 4470/900/2265 4478/904/2265 4479/905/2265
f 4472/897/2867 4471/896/2867 4479/905/2867 4480/906/2867
f 4473/898/2868 4472/897/2868 4480/906/2868 4481/907/2868
f 4467/757/2870 4466/756/2870 4474/909/2870 4475/901/2870
f 4480/906/2871 4479/905/2871 4487/910/2871 4488/911/2871
f 4481/907/2524 4480/906/2524 4488/911/2524 4489/912/2524
f 4474/909/2872 4353/913/2872 4482/914/2872
f 4475/901/2273 4474/909/2273 4482/914/2273 4483/915/2273
f 4476/902/2274 4475/901/2274 4483/915/2274 4484/916/2274
f 4477/903/2275 4476/902/2275 4484/916/2275 4485/917/2275
f 4478/904/2526 4477/903/2526 4485/917/2526 4486/918/2526
f 4479/905/2719 4478/904/2719 4486/918/2719 4487/910/2719
f 4485/917/2873 4484/916/2873 4492/919/2873 4493/920/2873
f 4486/918/2528 4485/917/2528 4493/920/2528 4494/921/2528
f 4487/910/2874 4486/918/2874 4494/921/2874 4495/922/2874
f 4488/911/2875 4487/910/2875 4495/922/2875 4496/923/2875
f 4489/912/2876 4488/911/2876 4496/923/2876 4497/924/2876
f 4482/914/2877 4353/925/2877 4490/926/2877
f 4483/915/2284 4482/914/2284 4490/926/2284 4491/927/2284
f 4484/916/2285 4483/915/2285 4491/927/2285 4492/919/2285
f 4490/926/2879 4353/929/2879 4498/930/2879
f 4491/927/2535 4490/926/2535 4498/930/2535 4499/931/2535
f 4492/919/2880 4491/927/2880 4499/931/2880 4500/932/2880
f 4493/920/2881 4492/919/2881 4500/932/2881 4501/933/2881
f 4494/921/2538 4493/920/2538 4501/933/2538 4502/934/2538
f 4495/922/2882 4494/921/2882 4502/934/2882 4503/935/2882
f 4496/923/2883 4495/922/2883 4503/935/2883 4504/928/2883
f 4502/936/2884 4501/937/2884 4509/938/2884 4510/939/2884
f 4503/940/2885 4502/936/2885 4510/939/2885 4511/941/2885
f 4504/942/2886 4503/940/2886 4511/941/2886 4512/943/2886
f 4505/229/2887 4504/942/2887 4512/943/2887 4513/944/2887
f 4498/945/2298 4353/946/2298 4506/947/2298
f 4499/948/2888 4498/945/2888 4506/947/2888 4507/949/2888
f 4500/950/2732 4499/948/2732 4507/949/2732 4508/951/2732
f 4501/937/2543 4500/950/2543 4508/951/2543 4509/938/2543
f 4507/949/2890 4506/947/2890 4514/953/2890 4515/954/2890
f 4508/951/2304 4507/949/2304 4515/954/2304 4516/955/2304
f 4509/938/2305 4508/951/2305 4516/955/2305 4517/956/2305
f 4510/939/2891 4509/938/2891 4517/956/2891 4518/957/2891
f 4511/941/2892 4510/939/2892 4518/957/2892 4519/958/2892
f 4512/943/2893 4511/941/2893 4519/958/2893 4520/959/2893
f 4513/944/2894 4512/943/2894 4520/959/2894 4521/960/2894
f 4518/957/2550 4517/956/2550 4525/961/2550 4526/962/2550
f 4519/958/2895 4518/957/2895 4526/962/2895 4527/963/2895
f 4520/959/2896 4519/958/2896 4527/963/2896 4528/964/2896
f 4521/960/2897 4520/959/2897 4528/964/2897 4529/965/2897
f 4395/834/2898 4396/823/2898 4577/823/2898 4576/834/2898
f 4394/821/2899 4395/834/2899 4576/834/2899 4575/821/2899
f 4388/808/2556 4387/816/2556 4573/816/2556 4574/808/2556
f 4517/956/2742 4516/955/2742 4524/966/2742 4525/961/2742
f 4523/967/2900 4522/968/2900 4530/969/2900 4531/970/2900
f 4524/966/2901 4523/967/2901 4531/970/2901 4532/971/2901
f 4525/961/2558 4524/966/2558 4532/971/2558 4533/972/2558
f 4526/962/2745 4525/961/2745 4533/972/2745 4534/973/2745
f 4527/963/2902 4526/962/2902 4534/973/2902 4535/974/2902
f 4528/964/2903 4527/963/2903 4535/974/2903 4536/975/2903
f 4529/965/2324 4528/964/2324 4536/975/2324 4537/976/2324
f 4522/968/2748 4353/977/2748 4530/969/2748
f 4535/974/2326 4534/973/2326 4542/978/2326 4543/979/2326
f 4536/975/2904 4535/974/2904 4543/979/2904 4544/980/2904
f 4537/976/2328 4536/975/2328 4544/980/2328 4545/981/2328
f 4530/969/2905 4353/982/2905 4538/983/2905
f 4531/970/2906 4530/969/2906 4538/983/2906 4539/984/2906
f 4532/971/2907 4531/970/2907 4539/984/2907 4540/985/2907
f 4533/972/2908 4532/971/2908 4540/985/2908 4541/986/2908
f 4534/973/2566 4533/972/2566 4541/986/2566 4542/978/2566
f 4539/984/2334 4538/983/2334 4546/987/2334 4547/988/2334
f 4540/985/2909 4539/984/2909 4547/988/2909 4548/989/2909
f 4541/986/2569 4540/985/2569 4548/989/2569 4549/990/2569
f 4542/978/2337 4541/986/2337 4549/990/2337 4550/991/2337
f 4543/979/2755 4542/978/2755 4550/991/2755 4551/992/2755
f 4544/980/2910 4543/979/2910 4551/992/2910 4552/993/2910
f 4545/981/2572 4544/980/2572 4552/993/2572 4553/994/2572
f 4538/983/2911 4353/995/2911 4546/987/2911
f 4551/992/2574 4550/991/2574 4558/996/2574 4559/997/2574
f 4552/993/2912 4551/992/2912 4559/997/2912 4560/998/2912
f 4553/994/2344 4552/993/2344 4560/998/2344 4561/999/2344
f 4546/987/2913 4353/1000/2913 4554/1001/2913
f 4547/988/2346 4546/987/2346 4554/1001/2346 4555/1002/2346
f 4548/989/2347 4547/988/2347 4555/1002/2347 4556/1003/2347
f 4549/990/2348 4548/989/2348 4556/1003/2348 4557/1004/2348
f 4550/991/2914 4549/990/2914 4557/1004/2914 4558/996/2914
f 4556/1003/2915 4555/1002/2915 4563/726/2915 4309/725/2915
f 4557/1004/2916 4556/1003/2916 4309/725/2916 4564/729/2916
f 4558/996/2578 4557/1004/2578 4564/729/2578 4310/731/2578
f 4559/997/2579 4558/996/2579 4310/731/2579 4565/733/2579
f 4560/998/2354 4559/997/2354 4565/733/2354 4311/735/2354
f 4561/999/2355 4560/998/2355 4311/735/2355 4312/213/2355
f 4554/1001/2917 4353/1005/2917 4562/737/2917
f 4555/1002/2918 4554/1001/2918 4562/737/2918 4563/726/2918
f 4567/754/2359 4566/753/2359 4569/765/2359 4570/770/2359
f 4568/755/2919 4567/754/2919 4570/770/2919 4571/760/2919
f 4566/753/2920 4590/1006/2920 4569/765/2920
f 4573/816/2921 4572/815/2921 4575/821/2921 4576/834/2921
f 4574/808/2922 4573/816/2922 4576/834/2922 4577/823/2922
f 4578/822/2923 4590/1008/2923 4581/756/2923
f 4579/759/2588 4578/822/2588 4581/756/2588 4582/757/2588
f 4580/758/2924 4579/759/2924 4582/757/2924 4583/819/2924
f 4584/953/2590 4590/1009/2590 4587/968/2590
f 4585/954/2591 4584/953/2591 4587/968/2591 4588/967/2591
f 4586/955/2925 4585/954/2925 4588/967/2925 4589/966/2925
f 4514/953/2926 4353/952/2926 4590/952/2926 4584/953/2926
f 4458/822/2769 4353/895/2769 4590/895/2769 4578/822/2769
f 4515/954/2595 4514/953/2595 4584/953/2595 4585/954/2595
f 4467/757/2927 4468/819/2927 4583/819/2927 4582/757/2927
f 4353/977/2929 4522/968/2929 4587/968/2929 4590/977/2929
f 4396/823/2930 4388/808/2930 4574/808/2930 4577/823/2930
f 4353/908/2600 4466/756/2600 4581/756/2600 4590/908/2600
f 4331/755/2601 4330/754/2601 4567/754/2601 4568/755/2601
f 4522/968/2381 4523/967/2381 4588/967/2381 4587/968/2381
f 4524/966/2602 4516/955/2602 4586/955/2602 4589/966/2602
f 4337/765/2931 4338/770/2931 4570/770/2931 4569/765/2931
f 4523/967/2384 4524/966/2384 4589/966/2384 4588/967/2384
f 4387/816/2932 4386/815/2932 4572/815/2932 4573/816/2932
f 4338/770/2933 4339/760/2933 4571/760/2933 4570/770/2933
usemtl 材质.047
f 4594/213/2934 4593/735/2934 4601/736/2934 4602/211/2934
f 4844/737/2935 4635/738/2935 4595/739/2935
f 4845/726/2936 4844/737/2936 4595/739/2936 4596/727/2936
f 4591/725/2937 4845/726/2937 4596/727/2937 4597/728/2937
f 4846/729/2938 4591/725/2938 4597/728/2938 4598/730/2938
f 4592/731/2939 4846/729/2939 4598/730/2939 4599/732/2939
f 4847/733/2940 4592/731/2940 4599/732/2940 4600/734/2940
f 4593/735/2941 4847/733/2941 4600/734/2941 4601/736/2941
f 4601/736/2942 4600/734/2942 4608/746/2942 4609/747/2942
f 4602/211/2943 4601/736/2943 4609/747/2943 4610/209/2943
f 4595/739/2944 4635/740/2944 4603/741/2944
f 4596/727/2945 4595/739/2945 4603/741/2945 4604/742/2945
f 4597/728/2946 4596/727/2946 4604/742/2946 4605/743/2946
f 4598/730/2947 4597/728/2947 4605/743/2947 4606/744/2947
f 4599/732/2948 4598/730/2948 4606/744/2948 4607/745/2948
f 4600/734/2949 4599/732/2949 4607/745/2949 4608/746/2949
f 4605/743/2950 4604/742/2950 4612/754/2950 4613/755/2950
f 4606/744/2951 4605/743/2951 4613/755/2951 4614/748/2951
f 4607/745/2952 4606/744/2952 4614/748/2952 4615/749/2952
f 4608/746/2953 4607/745/2953 4615/749/2953 4616/750/2953
f 4609/747/2954 4608/746/2954 4616/750/2954 4617/751/2954
f 4610/209/2955 4609/747/2955 4617/751/2955 4618/207/2955
f 4603/741/2956 4635/752/2956 4611/753/2956
f 4604/742/2957 4603/741/2957 4611/753/2957 4612/754/2957
f 4617/751/2958 4616/750/2958 4624/762/2958 4625/763/2958
f 4618/207/2959 4617/751/2959 4625/763/2959 4626/205/2959
f 4611/753/2960 4635/1006/2960 4619/765/2960
f 4612/754/2961 4611/753/2961 4619/765/2961 4620/770/2961
f 4613/755/2962 4612/754/2962 4620/770/2962 4621/760/2962
f 4614/748/2963 4613/755/2963 4621/760/2963 4622/400/2963
f 4615/749/2964 4614/748/2964 4622/400/2964 4623/761/2964
f 4616/750/2965 4615/749/2965 4623/761/2965 4624/762/2965
f 4622/400/2966 4621/760/2966 4629/772/2966 4630/773/2966
f 4623/761/2967 4622/400/2967 4630/773/2967 4631/766/2967
f 4624/762/2968 4623/761/2968 4631/766/2968 4632/767/2968
f 4625/763/2969 4624/762/2969 4632/767/2969 4633/768/2969
f 4626/205/2970 4625/763/2970 4633/768/2970 4634/203/2970
f 4619/765/2971 4635/764/2971 4627/769/2971
f 4620/770/2972 4619/765/2972 4627/769/2972 4628/771/2972
f 4621/760/2973 4620/770/2973 4628/771/2973 4629/772/2973
f 4634/203/2974 4633/768/2974 4642/779/2974 4643/201/2974
f 4627/769/2975 4635/780/2975 4636/781/2975
f 4628/771/2976 4627/769/2976 4636/781/2976 4637/774/2976
f 4629/772/2977 4628/771/2977 4637/774/2977 4638/775/2977
f 4630/773/2978 4629/772/2978 4638/775/2978 4639/776/2978
f 4631/766/2979 4630/773/2979 4639/776/2979 4640/777/2979
f 4632/767/2980 4631/766/2980 4640/777/2980 4641/778/2980
f 4633/768/2981 4632/767/2981 4641/778/2981 4642/779/2981
f 4640/777/2982 4639/776/2982 4647/788/2982 4648/789/2982
f 4641/778/2983 4640/777/2983 4648/789/2983 4649/782/2983
f 4642/779/2984 4641/778/2984 4649/782/2984 4650/783/2984
f 4643/201/2985 4642/779/2985 4650/783/2985 4651/199/2985
f 4636/781/2986 4635/784/2986 4644/785/2986
f 4637/774/2987 4636/781/2987 4644/785/2987 4645/786/2987
f 4638/775/2988 4637/774/2988 4645/786/2988 4646/787/2988
f 4639/776/2989 4638/775/2989 4646/787/2989 4647/788/2989
f 4644/785/2990 4635/797/2990 4652/798/2990
f 4645/786/2991 4644/785/2991 4652/798/2991 4653/790/2991
f 4646/787/2992 4645/786/2992 4653/790/2992 4654/791/2992
f 4647/788/2993 4646/787/2993 4654/791/2993 4655/792/2993
f 4648/789/2994 4647/788/2994 4655/792/2994 4656/793/2994
f 4649/782/2995 4648/789/2995 4656/793/2995 4657/794/2995
f 4650/783/2996 4649/782/2996 4657/794/2996 4658/795/2996
f 4651/199/2997 4650/783/2997 4658/795/2997 4659/796/2997
f 4656/793/2998 4655/792/2998 4663/806/2998 4664/807/2998
f 4657/794/2999 4656/793/2999 4664/807/2999 4665/799/2999
f 4658/795/3000 4657/794/3000 4665/799/3000 4666/800/3000
f 4659/796/3001 4658/795/3001 4666/800/3001 4667/801/3001
f 4652/798/3002 4635/802/3002 4660/803/3002
f 4653/790/3003 4652/798/3003 4660/803/3003 4661/804/3003
f 4654/791/3004 4653/790/3004 4661/804/3004 4662/805/3004
f 4655/792/3005 4654/791/3005 4662/805/3005 4663/806/3005
f 4661/804/3006 4660/803/3006 4668/815/3006 4669/816/3006
f 4662/805/3007 4661/804/3007 4669/816/3007 4670/808/3007
f 4663/806/3008 4662/805/3008 4670/808/3008 4671/809/3008
f 4664/807/3009 4663/806/3009 4671/809/3009 4672/810/3009
f 4665/799/3010 4664/807/3010 4672/810/3010 4673/811/3010
f 4666/800/3011 4665/799/3011 4673/811/3011 4674/812/3011
f 4667/801/3012 4666/800/3012 4674/812/3012 4675/813/3012
f 4660/803/3013 4635/814/3013 4668/815/3013
f 4673/811/3014 4672/810/3014 4680/825/3014 4681/826/3014
f 4674/812/3015 4673/811/3015 4681/826/3015 4682/817/3015
f 4675/813/3016 4674/812/3016 4682/817/3016 4683/818/3016
f 4668/815/3017 4635/1007/3017 4676/821/3017
f 4669/816/3018 4668/815/3018 4676/821/3018 4677/834/3018
f 4670/808/3019 4669/816/3019 4677/834/3019 4678/823/3019
f 4671/809/3020 4670/808/3020 4678/823/3020 4679/824/3020
f 4672/810/3021 4671/809/3021 4679/824/3021 4680/825/3021
f 4677/834/3022 4676/821/3022 4684/833/3022 4685/835/3022
f 4678/823/3023 4677/834/3023 4685/835/3023 4686/827/3023
f 4679/824/3024 4678/823/3024 4686/827/3024 4687/828/3024
f 4680/825/3025 4679/824/3025 4687/828/3025 4688/829/3025
f 4681/826/3026 4680/825/3026 4688/829/3026 4689/830/3026
f 4682/817/3027 4681/826/3027 4689/830/3027 4690/831/3027
f 4683/818/3028 4682/817/3028 4690/831/3028 4691/832/3028
f 4676/821/3029 4635/820/3029 4684/833/3029
f 4689/830/3030 4688/829/3030 4696/843/3030 4697/844/3030
f 4690/831/3031 4689/830/3031 4697/844/3031 4698/836/3031
f 4691/832/3032 4690/831/3032 4698/836/3032 4699/837/3032
f 4684/833/3033 4635/838/3033 4692/839/3033
f 4685/835/3034 4684/833/3034 4692/839/3034 4693/840/3034
f 4686/827/3035 4685/835/3035 4693/840/3035 4694/841/3035
f 4687/828/3036 4686/827/3036 4694/841/3036 4695/842/3036
f 4688/829/3037 4687/828/3037 4695/842/3037 4696/843/3037
f 4694/841/3038 4693/840/3038 4701/852/3038 4702/853/3038
f 4695/842/3039 4694/841/3039 4702/853/3039 4703/845/3039
f 4696/843/3040 4695/842/3040 4703/845/3040 4704/846/3040
f 4697/844/3041 4696/843/3041 4704/846/3041 4705/847/3041
f 4698/836/3042 4697/844/3042 4705/847/3042 4706/848/3042
f 4699/837/3043 4698/836/3043 4706/848/3043 4707/849/3043
f 4692/839/3044 4635/850/3044 4700/851/3044
f 4693/840/3045 4692/839/3045 4700/851/3045 4701/852/3045
f 4706/848/3046 4705/847/3046 4713/859/3046 4714/860/3046
f 4707/849/3047 4706/848/3047 4714/860/3047 4715/861/3047
f 4700/851/3048 4635/862/3048 4708/854/3048
f 4701/852/3049 4700/851/3049 4708/854/3049 4709/855/3049
f 4702/853/3050 4701/852/3050 4709/855/3050 4710/856/3050
f 4703/845/3051 4702/853/3051 4710/856/3051 4711/857/3051
f 4704/846/3052 4703/845/3052 4711/857/3052 4712/858/3052
f 4705/847/3053 4704/846/3053 4712/858/3053 4713/859/3053
f 4711/857/3054 4710/856/3054 4718/870/3054 4719/871/3054
f 4712/858/3055 4711/857/3055 4719/871/3055 4720/863/3055
f 4713/859/3056 4712/858/3056 4720/863/3056 4721/864/3056
f 4714/860/3057 4713/859/3057 4721/864/3057 4722/865/3057
f 4715/861/3058 4714/860/3058 4722/865/3058 4723/866/3058
f 4708/854/3059 4635/867/3059 4716/868/3059
f 4709/855/3060 4708/854/3060 4716/868/3060 4717/869/3060
f 4710/856/3061 4709/855/3061 4717/869/3061 4718/870/3061
f 4723/866/3062 4722/865/3062 4730/878/3062 4731/879/3062
f 4716/868/3063 4635/880/3063 4724/872/3063
f 4717/869/3064 4716/868/3064 4724/872/3064 4725/873/3064
f 4718/870/3065 4717/869/3065 4725/873/3065 4726/874/3065
f 4719/871/3066 4718/870/3066 4726/874/3066 4727/875/3066
f 4720/863/3067 4719/871/3067 4727/875/3067 4728/876/3067
f 4721/864/3068 4720/863/3068 4728/876/3068 4729/877/3068
f 4722/865/3069 4721/864/3069 4729/877/3069 4730/878/3069
f 4727/875/3070 4726/874/3070 4734/888/3070 4735/889/3070
f 4728/876/3071 4727/875/3071 4735/889/3071 4736/881/3071
f 4729/877/3072 4728/876/3072 4736/881/3072 4737/882/3072
f 4730/878/3073 4729/877/3073 4737/882/3073 4738/883/3073
f 4731/879/3074 4730/878/3074 4738/883/3074 4739/884/3074
f 4724/872/3075 4635/885/3075 4732/886/3075
f 4725/873/3076 4724/872/3076 4732/886/3076 4733/887/3076
f 4726/874/3077 4725/873/3077 4733/887/3077 4734/888/3077
f 4739/884/3078 4738/883/3078 4746/893/3078 4747/894/3078
f 4732/886/3079 4635/895/3079 4740/822/3079
f 4733/887/3080 4732/886/3080 4740/822/3080 4741/759/3080
f 4734/888/3081 4733/887/3081 4741/759/3081 4742/758/3081
f 4735/889/3082 4734/888/3082 4742/758/3082 4743/890/3082
f 4736/881/3083 4735/889/3083 4743/890/3083 4744/891/3083
f 4737/882/3084 4736/881/3084 4744/891/3084 4745/892/3084
f 4738/883/3085 4737/882/3085 4745/892/3085 4746/893/3085
f 4744/891/3086 4743/890/3086 4751/899/3086 4752/900/3086
f 4745/892/3087 4744/891/3087 4752/900/3087 4753/896/3087
f 4746/893/3088 4745/892/3088 4753/896/3088 4754/897/3088
f 4747/894/3089 4746/893/3089 4754/897/3089 4755/898/3089
f 4740/822/3090 4635/1008/3090 4748/756/3090
f 4741/759/3091 4740/822/3091 4748/756/3091 4749/757/3091
f 4742/758/3092 4741/759/3092 4749/757/3092 4750/819/3092
f 4743/890/3093 4742/758/3093 4750/819/3093 4751/899/3093
f 4748/756/3094 4635/908/3094 4756/909/3094
f 4749/757/3095 4748/756/3095 4756/909/3095 4757/901/3095
f 4750/819/3096 4749/757/3096 4757/901/3096 4758/902/3096
f 4751/899/3097 4750/819/3097 4758/902/3097 4759/903/3097
f 4752/900/3098 4751/899/3098 4759/903/3098 4760/904/3098
f 4753/896/3099 4752/900/3099 4760/904/3099 4761/905/3099
f 4754/897/3100 4753/896/3100 4761/905/3100 4762/906/3100
f 4755/898/3101 4754/897/3101 4762/906/3101 4763/907/3101
f 4760/904/3102 4759/903/3102 4767/917/3102 4768/918/3102
f 4761/905/3103 4760/904/3103 4768/918/3103 4769/910/3103
f 4762/906/3104 4761/905/3104 4769/910/3104 4770/911/3104
f 4763/907/3105 4762/906/3105 4770/911/3105 4771/912/3105
f 4756/909/3106 4635/913/3106 4764/914/3106
f 4757/901/3107 4756/909/3107 4764/914/3107 4765/915/3107
f 4758/902/3108 4757/901/3108 4765/915/3108 4766/916/3108
f 4759/903/3109 4758/902/3109 4766/916/3109 4767/917/3109
f 4765/915/3110 4764/914/3110 4772/926/3110 4773/927/3110
f 4766/916/3111 4765/915/3111 4773/927/3111 4774/919/3111
f 4767/917/3112 4766/916/3112 4774/919/3112 4775/920/3112
f 4768/918/3113 4767/917/3113 4775/920/3113 4776/921/3113
f 4769/910/3114 4768/918/3114 4776/921/3114 4777/922/3114
f 4770/911/3115 4769/910/3115 4777/922/3115 4778/923/3115
f 4771/912/3116 4770/911/3116 4778/923/3116 4779/924/3116
f 4764/914/3117 4635/925/3117 4772/926/3117
f 4777/922/3118 4776/921/3118 4784/934/3118 4785/935/3118
f 4778/923/3119 4777/922/3119 4785/935/3119 4786/928/3119
f 4779/924/3120 4778/923/3120 4786/928/3120 4787/168/3120
f 4772/926/3121 4635/929/3121 4780/930/3121
f 4773/927/3122 4772/926/3122 4780/930/3122 4781/931/3122
f 4774/919/3123 4773/927/3123 4781/931/3123 4782/932/3123
f 4775/920/3124 4774/919/3124 4782/932/3124 4783/933/3124
f 4776/921/3125 4775/920/3125 4783/933/3125 4784/934/3125
f 4782/950/3126 4781/948/3126 4789/949/3126 4790/951/3126
f 4783/937/3127 4782/950/3127 4790/951/3127 4791/938/3127
f 4784/936/3128 4783/937/3128 4791/938/3128 4792/939/3128
f 4785/940/3129 4784/936/3129 4792/939/3129 4793/941/3129
f 4786/942/3130 4785/940/3130 4793/941/3130 4794/943/3130
f 4787/229/3131 4786/942/3131 4794/943/3131 4795/944/3131
f 4780/945/3132 4635/946/3132 4788/947/3132
f 4781/948/3133 4780/945/3133 4788/947/3133 4789/949/3133
f 4794/943/3134 4793/941/3134 4801/958/3134 4802/959/3134
f 4795/944/3135 4794/943/3135 4802/959/3135 4803/960/3135
f 4788/947/3136 4635/952/3136 4796/953/3136
f 4789/949/3137 4788/947/3137 4796/953/3137 4797/954/3137
f 4790/951/3138 4789/949/3138 4797/954/3138 4798/955/3138
f 4791/938/3139 4790/951/3139 4798/955/3139 4799/956/3139
f 4792/939/3140 4791/938/3140 4799/956/3140 4800/957/3140
f 4793/941/3141 4792/939/3141 4800/957/3141 4801/958/3141
f 4798/955/3142 4797/954/3142 4805/967/3142 4806/966/3142
f 4799/956/3143 4798/955/3143 4806/966/3143 4807/961/3143
f 4800/957/3144 4799/956/3144 4807/961/3144 4808/962/3144
f 4801/958/3145 4800/957/3145 4808/962/3145 4809/963/3145
f 4802/959/3146 4801/958/3146 4809/963/3146 4810/964/3146
f 4803/960/3147 4802/959/3147 4810/964/3147 4811/965/3147
f 4796/953/3148 4635/1009/3148 4804/968/3148
f 4797/954/3149 4796/953/3149 4804/968/3149 4805/967/3149
f 4810/964/3150 4809/963/3150 4817/974/3150 4818/975/3150
f 4811/965/3151 4810/964/3151 4818/975/3151 4819/976/3151
f 4804/968/3152 4635/977/3152 4812/969/3152
f 4805/967/3153 4804/968/3153 4812/969/3153 4813/970/3153
f 4806/966/3154 4805/967/3154 4813/970/3154 4814/971/3154
f 4807/961/3155 4806/966/3155 4814/971/3155 4815/972/3155
f 4808/962/3156 4807/961/3156 4815/972/3156 4816/973/3156
f 4809/963/3157 4808/962/3157 4816/973/3157 4817/974/3157
f 4815/972/3158 4814/971/3158 4822/985/3158 4823/986/3158
f 4816/973/3159 4815/972/3159 4823/986/3159 4824/978/3159
f 4817/974/3160 4816/973/3160 4824/978/3160 4825/979/3160
f 4818/975/3161 4817/974/3161 4825/979/3161 4826/980/3161
f 4819/976/3162 4818/975/3162 4826/980/3162 4827/981/3162
f 4812/969/3163 4635/982/3163 4820/983/3163
f 4813/970/3164 4812/969/3164 4820/983/3164 4821/984/3164
f 4814/971/3165 4813/970/3165 4821/984/3165 4822/985/3165
f 4827/981/3166 4826/980/3166 4834/993/3166 4835/994/3166
f 4820/983/3167 4635/995/3167 4828/987/3167
f 4821/984/3168 4820/983/3168 4828/987/3168 4829/988/3168
f 4822/985/3169 4821/984/3169 4829/988/3169 4830/989/3169
f 4823/986/3170 4822/985/3170 4830/989/3170 4831/990/3170
f 4824/978/3171 4823/986/3171 4831/990/3171 4832/991/3171
f 4825/979/3172 4824/978/3172 4832/991/3172 4833/992/3172
f 4826/980/3173 4825/979/3173 4833/992/3173 4834/993/3173
f 4831/990/3174 4830/989/3174 4838/1003/3174 4839/1004/3174
f 4832/991/3175 4831/990/3175 4839/1004/3175 4840/996/3175
f 4833/992/3176 4832/991/3176 4840/996/3176 4841/997/3176
f 4834/993/3177 4833/992/3177 4841/997/3177 4842/998/3177
f 4835/994/3178 4834/993/3178 4842/998/3178 4843/999/3178
f 4828/987/3179 4635/1000/3179 4836/1001/3179
f 4829/988/3180 4828/987/3180 4836/1001/3180 4837/1002/3180
f 4830/989/3181 4829/988/3181 4837/1002/3181 4838/1003/3181
f 4843/999/3182 4842/998/3182 4593/735/3182 4594/213/3182
f 4836/1001/3183 4635/1005/3183 4844/737/3183
f 4837/1002/3184 4836/1001/3184 4844/737/3184 4845/726/3184
f 4838/1003/3185 4837/1002/3185 4845/726/3185 4591/725/3185
f 4839/1004/3186 4838/1003/3186 4591/725/3186 4846/729/3186
f 4840/996/3187 4839/1004/3187 4846/729/3187 4592/731/3187
f 4841/997/3188 4840/996/3188 4592/731/3188 4847/733/3188
f 4842/998/3189 4841/997/3189 4847/733/3189 4593/735/3189
f 4851/1027/755 4853/1029/755 4862/1030/755 4860/1028/755
f 4853/1029/755 4855/1031/755 4863/134/755 4862/1030/755
f 4855/1031/755 4857/1019/755 4864/1032/755 4863/134/755
f 4857/1019/755 4859/1018/755 4865/1033/755 4864/1032/755
f 4866/1045/755 4868/1046/755 4886/1029/755 4884/1027/755
f 4868/1046/755 4869/1047/755 4887/1031/755 4886/1029/755
f 4869/1047/755 4870/1035/755 4888/1019/755 4887/1031/755
f 4870/1035/755 4871/1034/755 4889/1018/755 4888/1019/755
f 4890/1045/755 4891/1044/755 4895/1034/755 4894/1035/755 4893/1047/755 4892/1046/755
f 4904/229/3196 4905/3/3196 4907/6/3196 4906/227/3196
f 4906/227/3197 4907/6/3197 4909/8/3197 4908/225/3197
f 4908/225/3198 4909/8/3198 4911/10/3198 4910/223/3198
f 4910/223/3199 4911/10/3199 4913/12/3199 4912/221/3199
f 4912/221/3200 4913/12/3200 4915/14/3200 4914/219/3200
f 4914/219/3201 4915/14/3201 4917/16/3201 4916/217/3201
f 4916/217/3202 4917/16/3202 4919/18/3202 4918/215/3202
f 4918/215/3203 4919/18/3203 4921/20/3203 4920/213/3203
f 4920/213/3204 4921/20/3204 4923/22/3204 4922/211/3204
f 4922/211/3205 4923/22/3205 4925/24/3205 4924/209/3205
f 4924/209/3206 4925/24/3206 4927/26/3206 4926/207/3206
f 4926/207/3207 4927/26/3207 4929/28/3207 4928/205/3207
f 4928/205/3208 4929/28/3208 4931/30/3208 4930/203/3208
f 4930/203/3209 4931/30/3209 4933/32/3209 4932/201/3209
f 4932/201/3210 4933/32/3210 4935/34/3210 4934/199/3210
f 4934/199/3211 4935/34/3211 4937/36/3211 4936/197/3211
f 4936/197/3212 4937/36/3212 4939/38/3212 4938/195/3212
f 4938/195/3213 4939/38/3213 4941/40/3213 4940/193/3213
f 4940/193/3214 4941/40/3214 4943/42/3214 4942/191/3214
f 4942/191/3215 4943/42/3215 4945/44/3215 4944/189/3215
f 4944/189/3216 4945/44/3216 4947/46/3216 4946/187/3216
f 4946/187/3217 4947/46/3217 4949/48/3217 4948/185/3217
f 4948/185/3218 4949/48/3218 4951/50/3218 4950/183/3218
f 4950/183/3219 4951/50/3219 4953/52/3219 4952/181/3219
f 4952/181/3220 4953/52/3220 4955/54/3220 4954/179/3220
f 4954/179/3221 4955/54/3221 4957/56/3221 4956/177/3221
f 4956/177/3222 4957/56/3222 4959/58/3222 4958/175/3222
f 4958/175/3223 4959/58/3223 4961/60/3223 4960/173/3223
f 4960/173/3224 4961/60/3224 4963/62/3224 4962/171/3224
f 4962/171/3225 4963/62/3225 4965/64/3225 4964/169/3225
f 4964/169/3226 4965/64/3226 4967/68/3226 4966/165/3226
f 4966/165/3227 4967/68/3227 4905/4/3227 4904/168/3227
f 4904/297/1250 4906/298/1250 4908/299/1250 4910/300/1250 4912/301/1250 4914/302/1250 4916/303/1250 4918/304/1250 4920/305/1250 4922/306/1250 4924/307/1250 4926/308/1250 4928/309/1250 4930/310/1250 4932/311/1250 4934/312/1250 4936/313/1250 4938/314/1250 4940/315/1250 4942/316/1250 4944/317/1250 4946/318/1250 4948/319/1250 4950/320/1250 4952/321/1250 4954/322/1250 4956/323/1250 4958/324/1250 4960/325/1250 4962/326/1250 4964/327/1250 4966/328/1250
usemtl 材质.016
f 4872/229/3190 4861/3/3190 4860/1010/3190 4873/1011/3190
f 4873/1011/1 4860/1010/1 4862/1012/1 4874/1013/1
f 4874/1013/3191 4862/1012/3191 4863/1014/3191 4875/1015/3191
f 4875/1015/3192 4863/1014/3192 4864/1016/3192 4876/1017/3192
f 4859/1018/1250 4857/1019/1250 4888/1019/1250 4889/1018/1250
f 4876/1017/1250 4864/1016/1250 4865/1020/1250 4877/1021/1250
f 4877/1021/3193 4865/1020/3193 4861/1022/3193 4872/1023/3193
f 4856/1024/1250 4858/1025/1250 4883/1025/1250 4882/1024/1250
f 4849/1026/755 4851/1027/755 4860/1028/755 4861/104/755
f 4859/1018/755 4849/1026/755 4861/104/755 4865/1033/755
f 4871/1034/1250 4870/1035/1250 4894/1035/1250 4895/1034/1250
f 4855/1031/3191 4853/1029/3191 4886/1029/3191 4887/1031/3191
f 4851/1027/3190 4849/1026/3190 4885/1026/3190 4884/1027/3190
f 4849/1026/3193 4859/1018/3193 4889/1018/3193 4885/1026/3193
f 4857/1019/3192 4855/1031/3192 4887/1031/3192 4888/1019/3192
f 4853/1029/1 4851/1027/1 4884/1027/1 4886/1029/1
f 4850/1036/754 4848/1037/754 4872/297/754 4873/1038/754
f 4852/1039/754 4850/1036/754 4873/1038/754 4874/1040/754
f 4854/1041/754 4852/1039/754 4874/1040/754 4875/313/754
f 4856/1024/754 4854/1041/754 4875/313/754 4876/1042/754
f 4858/1025/754 4856/1024/754 4876/1042/754 4877/1043/754
f 4848/1037/754 4858/1025/754 4877/1043/754 4872/297/754
f 4878/1037/754 4879/1036/754 4880/1039/754 4881/1041/754 4882/1024/754 4883/1025/754
f 4852/1039/3194 4854/1041/3194 4881/1041/3194 4880/1039/3194
f 4848/1037/3190 4850/1036/3190 4879/1036/3190 4878/1037/3190
f 4858/1025/3195 4848/1037/3195 4878/1037/3195 4883/1025/3195
f 4854/1041/3192 4856/1024/3192 4882/1024/3192 4881/1041/3192
f 4850/1036/1 4852/1039/1 4880/1039/1 4879/1036/1
f 4867/1044/755 4866/1045/755 4884/1027/755 4885/1026/755
f 4871/1034/755 4867/1044/755 4885/1026/755 4889/1018/755
f 4869/1047/3191 4868/1046/3191 4892/1046/3191 4893/1047/3191
f 4866/1045/3190 4867/1044/3190 4891/1044/3190 4890/1045/3190
f 4867/1044/3193 4871/1034/3193 4895/1034/3193 4891/1044/3193
f 4870/1035/3192 4869/1047/3192 4893/1047/3192 4894/1035/3192
f 4868/1046/1 4866/1045/1 4890/1045/1 4892/1046/1
f 4896/395/1252 4897/398/1252 4899/557/1252 4898/488/1252
f 4898/488/755 4899/557/755 4903/205/755 4902/189/755
f 4902/189/1248 4903/205/1248 4901/400/1248 4900/399/1248
f 4900/399/754 4901/400/754 4897/28/754 4896/44/754
f 4898/173/1250 4902/189/1250 4900/399/1250 4896/485/1250
f 4903/205/1 4899/221/1 4897/522/1 4901/400/1
usemtl 材质.041
f 4968/395/1264 4969/398/1264 4971/557/1264 4970/488/1264
f 4974/189/1248 4975/205/1248 4973/400/1248 4972/399/1248
f 4970/173/1251 4974/189/1251 4972/399/1251 4968/485/1251
f 4975/205/1 4971/221/1 4969/522/1 4973/400/1
f 4968/485/754 4972/399/754 4973/400/754 4969/522/754
f 4970/173/755 4971/221/755 4975/205/755 4974/189/755
f 4976/395/1252 4977/398/1252 4979/557/1252 4978/488/1252
f 4982/189/1248 4983/205/1248 4981/400/1248 4980/399/1248
f 4978/173/1250 4982/189/1250 4980/399/1250 4976/485/1250
f 4983/205/1253 4979/221/1253 4977/522/1253 4981/400/1253
f 4976/485/754 4980/399/754 4981/400/754 4977/522/754
f 4978/173/755 4979/221/755 4983/205/755 4982/189/755
f 4984/395/1252 4985/398/1252 4987/557/1252 4986/488/1252
f 4990/189/1249 4991/205/1249 4989/400/1249 4988/399/1249
f 4986/173/1251 4990/189/1251 4988/399/1251 4984/485/1251
f 4991/205/1 4987/221/1 4985/522/1 4989/400/1
f 4984/485/754 4988/399/754 4989/400/754 4985/522/754
f 4986/173/755 4987/221/755 4991/205/755 4990/189/755
usemtl 材质.009
f 5000/1048/1252 4993/398/1252 4995/557/1252 5001/1049/1252
f 5001/1049/3228 4995/557/3228 4999/205/3228 5002/1050/3228 5043/1051/3228 5042/1052/3228 5041/1053/3228 5040/1054/3228 5039/1055/3228 5038/1056/3228 5037/1057/3228 5036/1058/3228 5035/1059/3228 5034/1060/3228
f 5002/1050/1248 4999/205/1248 4997/400/1248 5003/1061/1248
f 5003/1061/754 4997/400/754 4993/28/754 5000/1062/754
f 4994/173/1250 5023/1063/1250 5022/1064/1250 5021/1065/1250 5020/1066/1250 5019/1067/1250 5018/1068/1250 5017/1069/1250 5016/1070/1250 5015/1071/1250 5014/1072/1250 4998/189/1250 4996/399/1250 4992/485/1250
f 4999/205/1 4995/221/1 4993/522/1 4997/400/1
f 4996/399/754 5003/1061/754 5000/1062/754 4992/44/754
f 4998/189/3229 5033/1073/3229 5032/1074/3229 5031/1075/3229 5030/1076/3229 5029/1077/3229 5028/1078/3229 5027/1079/3229 5026/1080/3229 5025/1081/3229 5024/1082/3229 5002/1050/3229 5003/1061/3229 4996/399/3229
f 5143/1083/3230 5043/1051/3230 5002/1050/3230 5024/1082/3230
f 4992/395/3231 5000/1048/3231 5001/1049/3231 5004/1084/3231 5005/1085/3231 5006/1086/3231 5007/1087/3231 5008/1088/3231 5009/1089/3231 5010/1090/3231 5011/1091/3231 5012/1092/3231 5013/1093/3231 4994/488/3231
f 5014/1094/755 5053/1095/755 5033/1073/755 4998/189/755
f 5053/1095/755 5063/1096/755 5032/1074/755 5033/1073/755
f 5063/1096/755 5073/1097/755 5031/1075/755 5032/1074/755
f 5073/1097/755 5083/1098/755 5030/1076/755 5031/1075/755
f 5083/1098/755 5093/1099/755 5029/1077/755 5030/1076/755
f 5093/1099/755 5103/1100/755 5028/1078/755 5029/1077/755
f 5103/1100/755 5113/1101/755 5027/1079/755 5028/1078/755
f 5113/1101/755 5123/1102/755 5026/1080/755 5027/1079/755
f 5123/1102/755 5133/1103/755 5025/1081/755 5026/1080/755
f 5133/1103/755 5143/1083/755 5024/1082/755 5025/1081/755
f 4994/488/755 5013/1093/755 5044/1104/755 5023/1105/755
f 5023/1105/755 5044/1104/755 5045/1106/755 5022/1107/755
f 5022/1107/755 5045/1106/755 5046/1108/755 5021/1109/755
f 5021/1109/755 5046/1108/755 5047/1110/755 5020/1111/755
f 5020/1111/755 5047/1110/755 5048/1112/755 5019/1113/755
f 5019/1113/755 5048/1112/755 5049/1114/755 5018/1115/755
f 5018/1115/755 5049/1114/755 5050/1116/755 5017/1117/755
f 5017/1117/755 5050/1116/755 5051/1118/755 5016/1119/755
f 5016/1119/755 5051/1118/755 5052/1120/755 5015/1121/755
f 5015/1121/755 5052/1120/755 5053/1095/755 5014/1094/755
f 5013/1093/755 5012/1092/755 5054/1122/755 5044/1104/755
f 5044/1104/755 5054/1122/755 5055/1123/755 5045/1106/755
f 5045/1106/755 5055/1123/755 5056/1124/755 5046/1108/755
f 5046/1108/755 5056/1124/755 5057/1125/755 5047/1110/755
f 5047/1110/755 5057/1125/755 5058/1126/755 5048/1112/755
f 5048/1112/755 5058/1126/755 5059/1127/755 5049/1114/755
f 5049/1114/755 5059/1127/755 5060/1128/755 5050/1116/755
f 5050/1116/755 5060/1128/755 5061/1129/755 5051/1118/755
f 5051/1118/755 5061/1129/755 5062/1130/755 5052/1120/755
f 5052/1120/755 5062/1130/755 5063/1096/755 5053/1095/755
f 5012/1092/755 5011/1091/755 5064/1131/755 5054/1122/755
f 5072/1132/3232 5082/1133/3232 5172/1133/3232 5162/1132/3232
f 5055/1123/755 5065/1134/755 5066/1135/755 5056/1124/755
f 5059/1127/1253 5058/1126/1253 5148/1126/1253 5149/1127/1253
f 5057/1125/755 5067/1136/755 5068/1137/755 5058/1126/755
f 5098/1138/3233 5108/1139/3233 5198/1139/3233 5188/1138/3233
f 5059/1127/755 5069/1140/755 5070/1141/755 5060/1128/755
f 5081/1142/3234 5071/1143/3234 5161/1143/3234 5171/1142/3234
f 5061/1129/755 5071/1143/755 5072/1132/755 5062/1130/755
f 5107/1144/3235 5097/1145/3235 5187/1145/3235 5197/1144/3235
f 5011/1091/755 5010/1090/755 5074/1146/755 5064/1131/755
f 5133/1103/3235 5123/1102/3235 5213/1102/3235 5223/1103/3235
f 5065/1134/755 5075/1147/755 5076/1148/755 5066/1135/755
f 5128/1149/1251 5129/1150/1251 5219/1150/1251 5218/1149/1251
f 5067/1136/755 5077/1151/755 5078/1152/755 5068/1137/755
f 5070/1141/3236 5080/1153/3236 5170/1153/3236 5160/1141/3236
f 5069/1140/755 5079/1154/755 5080/1153/755 5070/1141/755
f 5057/1125/1253 5056/1124/1253 5146/1124/1253 5147/1125/1253
f 5071/1143/755 5081/1142/755 5082/1133/755 5072/1132/755
f 5096/1155/3233 5106/1156/3233 5196/1156/3233 5186/1155/3233
f 5010/1090/755 5009/1089/755 5084/1157/755 5074/1146/755
f 5122/1158/3236 5132/1159/3236 5222/1159/3236 5212/1158/3236
f 5075/1147/755 5085/1160/755 5086/1161/755 5076/1148/755
f 5079/1154/3235 5069/1140/3235 5159/1140/3235 5169/1154/3235
f 5077/1151/755 5087/1162/755 5088/1163/755 5078/1152/755
f 5105/1164/3234 5095/1165/3234 5185/1165/3234 5195/1164/3234
f 5079/1154/755 5089/1166/755 5090/1167/755 5080/1153/755
f 5131/1168/3237 5121/1169/3237 5211/1169/3237 5221/1168/3237
f 5081/1142/755 5091/1170/755 5092/1171/755 5082/1133/755
f 5126/1172/1251 5127/1173/1251 5217/1173/1251 5216/1172/1251
f 5009/1089/755 5008/1088/755 5094/1174/755 5084/1157/755
f 5068/1137/3236 5078/1152/3236 5168/1152/3236 5158/1137/3236
f 5085/1160/755 5095/1165/755 5096/1155/755 5086/1161/755
f 5055/1123/1 5054/1122/1 5144/1122/1 5145/1123/1
f 5087/1162/755 5097/1145/755 5098/1138/755 5088/1163/755
f 5094/1174/3238 5104/1175/3238 5194/1175/3238 5184/1174/3238
f 5089/1166/755 5099/1176/755 5100/1177/755 5090/1167/755
f 5120/1178/3238 5130/1179/3238 5220/1179/3238 5210/1178/3238
f 5091/1170/755 5101/1180/755 5102/1181/755 5092/1171/755
f 5077/1151/3237 5067/1136/3237 5157/1136/3237 5167/1151/3237
f 5008/1088/755 5007/1087/755 5104/1175/755 5094/1174/755
f 5103/1100/3237 5093/1099/3237 5183/1099/3237 5193/1100/3237
f 5095/1165/755 5105/1164/755 5106/1156/755 5096/1155/755
f 5129/1150/3234 5119/1182/3234 5209/1182/3234 5219/1150/3234
f 5097/1145/755 5107/1144/755 5108/1139/755 5098/1138/755
f 5124/1183/1251 5125/1184/1251 5215/1184/1251 5214/1183/1251
f 5099/1176/755 5109/1185/755 5110/1186/755 5100/1177/755
f 5066/1135/3238 5076/1148/3238 5166/1148/3238 5156/1135/3238
f 5101/1180/755 5111/1187/755 5112/1188/755 5102/1181/755
f 5092/1171/3238 5102/1181/3238 5192/1181/3238 5182/1171/3238
f 5007/1087/755 5006/1086/755 5114/1189/755 5104/1175/755
f 5118/1190/3236 5128/1149/3236 5218/1149/3236 5208/1190/3236
f 5105/1164/755 5115/1191/755 5116/1192/755 5106/1156/755
f 5075/1147/3234 5065/1134/3234 5155/1134/3234 5165/1147/3234
f 5107/1144/755 5117/1193/755 5118/1190/755 5108/1139/755
f 5101/1180/3237 5091/1170/3237 5181/1170/3237 5191/1180/3237
f 5109/1185/755 5119/1182/755 5120/1178/755 5110/1186/755
f 5127/1173/3235 5117/1193/3235 5207/1193/3235 5217/1173/3235
f 5111/1187/755 5121/1169/755 5122/1158/755 5112/1188/755
f 5064/1131/3236 5074/1146/3236 5164/1146/3236 5154/1131/3236
f 5006/1086/755 5005/1085/755 5124/1183/755 5114/1189/755
f 5090/1167/3236 5100/1177/3236 5190/1177/3236 5180/1167/3236
f 5115/1191/755 5125/1184/755 5126/1172/755 5116/1192/755
f 5116/1192/3236 5126/1172/3236 5216/1172/3236 5206/1192/3236
f 5117/1193/755 5127/1173/755 5128/1149/755 5118/1190/755
f 5073/1097/3234 5063/1096/3234 5153/1096/3234 5163/1097/3234
f 5119/1182/755 5129/1150/755 5130/1179/755 5120/1178/755
f 5099/1176/3235 5089/1166/3235 5179/1166/3235 5189/1176/3235
f 5121/1169/755 5131/1168/755 5132/1159/755 5122/1158/755
f 5125/1184/3237 5115/1191/3237 5205/1191/3237 5215/1184/3237
f 5005/1085/755 5004/1084/755 5134/1194/755 5124/1183/755
f 5124/1183/755 5134/1194/755 5135/1195/755 5125/1184/755
f 5125/1184/755 5135/1195/755 5136/1196/755 5126/1172/755
f 5126/1172/755 5136/1196/755 5137/1197/755 5127/1173/755
f 5127/1173/755 5137/1197/755 5138/1198/755 5128/1149/755
f 5128/1149/755 5138/1198/755 5139/1199/755 5129/1150/755
f 5129/1150/755 5139/1199/755 5140/1200/755 5130/1179/755
f 5130/1179/755 5140/1200/755 5141/1201/755 5131/1168/755
f 5131/1168/755 5141/1201/755 5142/1202/755 5132/1159/755
f 5132/1159/755 5142/1202/755 5143/1083/755 5133/1103/755
f 5004/1084/3230 5001/1049/3230 5034/1060/3230 5134/1194/3230
f 5134/1194/3230 5034/1060/3230 5035/1059/3230 5135/1195/3230
f 5135/1195/3230 5035/1059/3230 5036/1058/3230 5136/1196/3230
f 5136/1196/3230 5036/1058/3230 5037/1057/3230 5137/1197/3230
f 5137/1197/3230 5037/1057/3230 5038/1056/3230 5138/1198/3230
f 5138/1198/3230 5038/1056/3230 5039/1055/3230 5139/1199/3230
f 5139/1199/3230 5039/1055/3230 5040/1054/3230 5140/1200/3230
f 5140/1200/3230 5040/1054/3230 5041/1053/3230 5141/1201/3230
f 5141/1201/3230 5041/1053/3230 5042/1052/3230 5142/1202/3230
f 5142/1202/3230 5042/1052/3230 5043/1051/3230 5143/1083/3230
f 5144/1122/755 5154/1131/755 5155/1134/755 5145/1123/755
f 5146/1124/755 5156/1135/755 5157/1136/755 5147/1125/755
f 5148/1126/755 5158/1137/755 5159/1140/755 5149/1127/755
f 5150/1128/755 5160/1141/755 5161/1143/755 5151/1129/755
f 5152/1130/755 5162/1132/755 5163/1097/755 5153/1096/755
f 5154/1131/755 5164/1146/755 5165/1147/755 5155/1134/755
f 5156/1135/755 5166/1148/755 5167/1151/755 5157/1136/755
f 5158/1137/755 5168/1152/755 5169/1154/755 5159/1140/755
f 5160/1141/755 5170/1153/755 5171/1142/755 5161/1143/755
f 5162/1132/755 5172/1133/755 5173/1098/755 5163/1097/755
f 5164/1146/755 5174/1157/755 5175/1160/755 5165/1147/755
f 5166/1148/755 5176/1161/755 5177/1162/755 5167/1151/755
f 5168/1152/755 5178/1163/755 5179/1166/755 5169/1154/755
f 5170/1153/755 5180/1167/755 5181/1170/755 5171/1142/755
f 5172/1133/755 5182/1171/755 5183/1099/755 5173/1098/755
f 5174/1157/755 5184/1174/755 5185/1165/755 5175/1160/755
f 5176/1161/755 5186/1155/755 5187/1145/755 5177/1162/755
f 5178/1163/755 5188/1138/755 5189/1176/755 5179/1166/755
f 5180/1167/755 5190/1177/755 5191/1180/755 5181/1170/755
f 5182/1171/755 5192/1181/755 5193/1100/755 5183/1099/755
f 5184/1174/755 5194/1175/755 5195/1164/755 5185/1165/755
f 5186/1155/755 5196/1156/755 5197/1144/755 5187/1145/755
f 5188/1138/755 5198/1139/755 5199/1185/755 5189/1176/755
f 5190/1177/755 5200/1186/755 5201/1187/755 5191/1180/755
f 5192/1181/755 5202/1188/755 5203/1101/755 5193/1100/755
f 5194/1175/755 5204/1189/755 5205/1191/755 5195/1164/755
f 5196/1156/755 5206/1192/755 5207/1193/755 5197/1144/755
f 5198/1139/755 5208/1190/755 5209/1182/755 5199/1185/755
f 5200/1186/755 5210/1178/755 5211/1169/755 5201/1187/755
f 5202/1188/755 5212/1158/755 5213/1102/755 5203/1101/755
f 5204/1189/755 5214/1183/755 5215/1184/755 5205/1191/755
f 5206/1192/755 5216/1172/755 5217/1173/755 5207/1193/755
f 5208/1190/755 5218/1149/755 5219/1150/755 5209/1182/755
f 5210/1178/755 5220/1179/755 5221/1168/755 5211/1169/755
f 5212/1158/755 5222/1159/755 5223/1103/755 5213/1102/755
f 5130/1179/1250 5131/1168/1250 5221/1168/1250 5220/1179/1250
f 5109/1185/3234 5099/1176/3234 5189/1176/3234 5199/1185/3234
f 5083/1098/3234 5073/1097/3234 5163/1097/3234 5173/1098/3234
f 5100/1177/3238 5110/1186/3238 5200/1186/3238 5190/1177/3238
f 5074/1146/3232 5084/1157/3232 5174/1157/3232 5164/1146/3232
f 5061/1129/1253 5060/1128/1253 5150/1128/1253 5151/1129/1253
f 5132/1159/1250 5133/1103/1250 5223/1103/1250 5222/1159/1250
f 5111/1187/3234 5101/1180/3234 5191/1180/3234 5201/1187/3234
f 5085/1160/3234 5075/1147/3234 5165/1147/3234 5175/1160/3234
f 5102/1181/3236 5112/1188/3236 5202/1188/3236 5192/1181/3236
f 5076/1148/3233 5086/1161/3233 5176/1161/3233 5166/1148/3233
f 5063/1096/1 5062/1130/1 5152/1130/1 5153/1096/1
f 5113/1101/3235 5103/1100/3235 5193/1100/3235 5203/1101/3235
f 5087/1162/3235 5077/1151/3235 5167/1151/3235 5177/1162/3235
f 5104/1175/3236 5114/1189/3236 5204/1189/3236 5194/1175/3236
f 5078/1152/3236 5088/1163/3236 5178/1163/3236 5168/1152/3236
f 5115/1191/3235 5105/1164/3235 5195/1164/3235 5205/1191/3235
f 5089/1166/3234 5079/1154/3234 5169/1154/3234 5179/1166/3234
f 5106/1156/3233 5116/1192/3233 5206/1192/3233 5196/1156/3233
f 5080/1153/3233 5090/1167/3233 5180/1167/3233 5170/1153/3233
f 5054/1122/3238 5064/1131/3238 5154/1131/3238 5144/1122/3238
f 5117/1193/3237 5107/1144/3237 5197/1144/3237 5207/1193/3237
f 5091/1170/3234 5081/1142/3234 5171/1142/3234 5181/1170/3234
f 5065/1134/3237 5055/1123/3237 5145/1123/3237 5155/1134/3237
f 5108/1139/3236 5118/1190/3236 5208/1190/3236 5198/1139/3236
f 5082/1133/3236 5092/1171/3236 5182/1171/3236 5172/1133/3236
f 5056/1124/3236 5066/1135/3236 5156/1135/3236 5146/1124/3236
f 5119/1182/3237 5109/1185/3237 5199/1185/3237 5209/1182/3237
f 5093/1099/3237 5083/1098/3237 5173/1098/3237 5183/1099/3237
f 5067/1136/3239 5057/1125/3239 5147/1125/3239 5157/1136/3239
f 5110/1186/3236 5120/1178/3236 5210/1178/3236 5200/1186/3236
f 5084/1157/3233 5094/1174/3233 5184/1174/3233 5174/1157/3233
f 5058/1126/3238 5068/1137/3238 5158/1137/3238 5148/1126/3238
f 5121/1169/3234 5111/1187/3234 5201/1187/3234 5211/1169/3234
f 5095/1165/3237 5085/1160/3237 5175/1160/3237 5185/1165/3237
f 5069/1140/3234 5059/1127/3234 5149/1127/3234 5159/1140/3234
f 5112/1188/3233 5122/1158/3233 5212/1158/3233 5202/1188/3233
f 5086/1161/3233 5096/1155/3233 5186/1155/3233 5176/1161/3233
f 5060/1128/3238 5070/1141/3238 5160/1141/3238 5150/1128/3238
f 5123/1102/3234 5113/1101/3234 5203/1101/3234 5213/1102/3234
f 5097/1145/3234 5087/1162/3234 5177/1162/3234 5187/1145/3234
f 5071/1143/3237 5061/1129/3237 5151/1129/3237 5161/1143/3237
f 5114/1189/3238 5124/1183/3238 5214/1183/3238 5204/1189/3238
f 5088/1163/3233 5098/1138/3233 5188/1138/3233 5178/1163/3233
f 5062/1130/3236 5072/1132/3236 5162/1132/3236 5152/1130/3236
f 5232/1048/1252 5225/398/1252 5227/557/1252 5233/1049/1252
f 5233/1049/3228 5227/557/3228 5231/205/3228 5234/1050/3228 5275/1051/3228 5274/1052/3228 5273/1053/3228 5272/1054/3228 5271/1055/3228 5270/1056/3228 5269/1057/3228 5268/1058/3228 5267/1059/3228 5266/1060/3228
f 5234/1050/1248 5231/205/1248 5229/400/1248 5235/1061/1248
f 5235/1061/754 5229/400/754 5225/28/754 5232/1062/754
f 5226/173/1250 5255/1063/1250 5254/1064/1250 5253/1065/1250 5252/1066/1250 5251/1067/1250 5250/1068/1250 5249/1069/1250 5248/1070/1250 5247/1071/1250 5246/1072/1250 5230/189/1250 5228/399/1250 5224/485/1250
f 5231/205/1 5227/221/1 5225/522/1 5229/400/1
f 5228/399/754 5235/1061/754 5232/1062/754 5224/44/754
f 5230/189/3229 5265/1073/3229 5264/1074/3229 5263/1075/3229 5262/1076/3229 5261/1077/3229 5260/1078/3229 5259/1079/3229 5258/1080/3229 5257/1081/3229 5256/1082/3229 5234/1050/3229 5235/1061/3229 5228/399/3229
f 5375/1083/3230 5275/1051/3230 5234/1050/3230 5256/1082/3230
f 5224/395/3231 5232/1048/3231 5233/1049/3231 5236/1084/3231 5237/1085/3231 5238/1086/3231 5239/1087/3231 5240/1088/3231 5241/1089/3231 5242/1090/3231 5243/1091/3231 5244/1092/3231 5245/1093/3231 5226/488/3231
f 5246/1094/755 5285/1095/755 5265/1073/755 5230/189/755
f 5285/1095/755 5295/1096/755 5264/1074/755 5265/1073/755
f 5295/1096/755 5305/1097/755 5263/1075/755 5264/1074/755
f 5305/1097/755 5315/1098/755 5262/1076/755 5263/1075/755
f 5315/1098/755 5325/1099/755 5261/1077/755 5262/1076/755
f 5325/1099/755 5335/1100/755 5260/1078/755 5261/1077/755
f 5335/1100/755 5345/1101/755 5259/1079/755 5260/1078/755
f 5345/1101/755 5355/1102/755 5258/1080/755 5259/1079/755
f 5355/1102/755 5365/1103/755 5257/1081/755 5258/1080/755
f 5365/1103/755 5375/1083/755 5256/1082/755 5257/1081/755
f 5226/488/755 5245/1093/755 5276/1104/755 5255/1105/755
f 5255/1105/755 5276/1104/755 5277/1106/755 5254/1107/755
f 5254/1107/755 5277/1106/755 5278/1108/755 5253/1109/755
f 5253/1109/755 5278/1108/755 5279/1110/755 5252/1111/755
f 5252/1111/755 5279/1110/755 5280/1112/755 5251/1113/755
f 5251/1113/755 5280/1112/755 5281/1114/755 5250/1115/755
f 5250/1115/755 5281/1114/755 5282/1116/755 5249/1117/755
f 5249/1117/755 5282/1116/755 5283/1118/755 5248/1119/755
f 5248/1119/755 5283/1118/755 5284/1120/755 5247/1121/755
f 5247/1121/755 5284/1120/755 5285/1095/755 5246/1094/755
f 5245/1093/755 5244/1092/755 5286/1122/755 5276/1104/755
f 5276/1104/755 5286/1122/755 5287/1123/755 5277/1106/755
f 5277/1106/755 5287/1123/755 5288/1124/755 5278/1108/755
f 5278/1108/755 5288/1124/755 5289/1125/755 5279/1110/755
f 5279/1110/755 5289/1125/755 5290/1126/755 5280/1112/755
f 5280/1112/755 5290/1126/755 5291/1127/755 5281/1114/755
f 5281/1114/755 5291/1127/755 5292/1128/755 5282/1116/755
f 5282/1116/755 5292/1128/755 5293/1129/755 5283/1118/755
f 5283/1118/755 5293/1129/755 5294/1130/755 5284/1120/755
f 5284/1120/755 5294/1130/755 5295/1096/755 5285/1095/755
f 5244/1092/755 5243/1091/755 5296/1131/755 5286/1122/755
f 5304/1132/3238 5314/1133/3238 5404/1133/3238 5394/1132/3238
f 5287/1123/755 5297/1134/755 5298/1135/755 5288/1124/755
f 5291/1127/1 5290/1126/1 5380/1126/1 5381/1127/1
f 5289/1125/755 5299/1136/755 5300/1137/755 5290/1126/755
f 5330/1138/3236 5340/1139/3236 5430/1139/3236 5420/1138/3236
f 5291/1127/755 5301/1140/755 5302/1141/755 5292/1128/755
f 5313/1142/3237 5303/1143/3237 5393/1143/3237 5403/1142/3237
f 5293/1129/755 5303/1143/755 5304/1132/755 5294/1130/755
f 5339/1144/3239 5329/1145/3239 5419/1145/3239 5429/1144/3239
f 5243/1091/755 5242/1090/755 5306/1146/755 5296/1131/755
f 5365/1103/3235 5355/1102/3235 5445/1102/3235 5455/1103/3235
f 5297/1134/755 5307/1147/755 5308/1148/755 5298/1135/755
f 5360/1149/1251 5361/1150/1251 5451/1150/1251 5450/1149/1251
f 5299/1136/755 5309/1151/755 5310/1152/755 5300/1137/755
f 5302/1141/3236 5312/1153/3236 5402/1153/3236 5392/1141/3236
f 5301/1140/755 5311/1154/755 5312/1153/755 5302/1141/755
f 5289/1125/1253 5288/1124/1253 5378/1124/1253 5379/1125/1253
f 5303/1143/755 5313/1142/755 5314/1133/755 5304/1132/755
f 5328/1155/3233 5338/1156/3233 5428/1156/3233 5418/1155/3233
f 5242/1090/755 5241/1089/755 5316/1157/755 5306/1146/755
f 5354/1158/3233 5364/1159/3233 5454/1159/3233 5444/1158/3233
f 5307/1147/755 5317/1160/755 5318/1161/755 5308/1148/755
f 5311/1154/3235 5301/1140/3235 5391/1140/3235 5401/1154/3235
f 5309/1151/755 5319/1162/755 5320/1163/755 5310/1152/755
f 5337/1164/3237 5327/1165/3237 5417/1165/3237 5427/1164/3237
f 5311/1154/755 5321/1166/755 5322/1167/755 5312/1153/755
f 5363/1168/3237 5353/1169/3237 5443/1169/3237 5453/1168/3237
f 5313/1142/755 5323/1170/755 5324/1171/755 5314/1133/755
f 5358/1172/1251 5359/1173/1251 5449/1173/1251 5448/1172/1251
f 5241/1089/755 5240/1088/755 5326/1174/755 5316/1157/755
f 5300/1137/3233 5310/1152/3233 5400/1152/3233 5390/1137/3233
f 5317/1160/755 5327/1165/755 5328/1155/755 5318/1161/755
f 5287/1123/1 5286/1122/1 5376/1122/1 5377/1123/1
f 5319/1162/755 5329/1145/755 5330/1138/755 5320/1163/755
f 5326/1174/3232 5336/1175/3232 5426/1175/3232 5416/1174/3232
f 5321/1166/755 5331/1176/755 5332/1177/755 5322/1167/755
f 5352/1178/3238 5362/1179/3238 5452/1179/3238 5442/1178/3238
f 5323/1170/755 5333/1180/755 5334/1181/755 5324/1171/755
f 5309/1151/3234 5299/1136/3234 5389/1136/3234 5399/1151/3234
f 5240/1088/755 5239/1087/755 5336/1175/755 5326/1174/755
f 5335/1100/3234 5325/1099/3234 5415/1099/3234 5425/1100/3234
f 5327/1165/755 5337/1164/755 5338/1156/755 5328/1155/755
f 5361/1150/3237 5351/1182/3237 5441/1182/3237 5451/1150/3237
f 5329/1145/755 5339/1144/755 5340/1139/755 5330/1138/755
f 5356/1183/1250 5357/1184/1250 5447/1184/1250 5446/1183/1250
f 5331/1176/755 5341/1185/755 5342/1186/755 5332/1177/755
f 5298/1135/3238 5308/1148/3238 5398/1148/3238 5388/1135/3238
f 5333/1180/755 5343/1187/755 5344/1188/755 5334/1181/755
f 5324/1171/3233 5334/1181/3233 5424/1181/3233 5414/1171/3233
f 5239/1087/755 5238/1086/755 5346/1189/755 5336/1175/755
f 5350/1190/3236 5360/1149/3236 5450/1149/3236 5440/1190/3236
f 5337/1164/755 5347/1191/755 5348/1192/755 5338/1156/755
f 5307/1147/3237 5297/1134/3237 5387/1134/3237 5397/1147/3237
f 5339/1144/755 5349/1193/755 5350/1190/755 5340/1139/755
f 5333/1180/3235 5323/1170/3235 5413/1170/3235 5423/1180/3235
f 5341/1185/755 5351/1182/755 5352/1178/755 5342/1186/755
f 5359/1173/3235 5349/1193/3235 5439/1193/3235 5449/1173/3235
f 5343/1187/755 5353/1169/755 5354/1158/755 5344/1188/755
f 5296/1131/3233 5306/1146/3233 5396/1146/3233 5386/1131/3233
f 5238/1086/755 5237/1085/755 5356/1183/755 5346/1189/755
f 5322/1167/3233 5332/1177/3233 5422/1177/3233 5412/1167/3233
f 5347/1191/755 5357/1184/755 5358/1172/755 5348/1192/755
f 5348/1192/3233 5358/1172/3233 5448/1172/3233 5438/1192/3233
f 5349/1193/755 5359/1173/755 5360/1149/755 5350/1190/755
f 5305/1097/3235 5295/1096/3235 5385/1096/3235 5395/1097/3235
f 5351/1182/755 5361/1150/755 5362/1179/755 5352/1178/755
f 5331/1176/3237 5321/1166/3237 5411/1166/3237 5421/1176/3237
f 5353/1169/755 5363/1168/755 5364/1159/755 5354/1158/755
f 5357/1184/3234 5347/1191/3234 5437/1191/3234 5447/1184/3234
f 5237/1085/755 5236/1084/755 5366/1194/755 5356/1183/755
f 5356/1183/755 5366/1194/755 5367/1195/755 5357/1184/755
f 5357/1184/755 5367/1195/755 5368/1196/755 5358/1172/755
f 5358/1172/755 5368/1196/755 5369/1197/755 5359/1173/755
f 5359/1173/755 5369/1197/755 5370/1198/755 5360/1149/755
f 5360/1149/755 5370/1198/755 5371/1199/755 5361/1150/755
f 5361/1150/755 5371/1199/755 5372/1200/755 5362/1179/755
f 5362/1179/755 5372/1200/755 5373/1201/755 5363/1168/755
f 5363/1168/755 5373/1201/755 5374/1202/755 5364/1159/755
f 5364/1159/755 5374/1202/755 5375/1083/755 5365/1103/755
f 5236/1084/3230 5233/1049/3230 5266/1060/3230 5366/1194/3230
f 5366/1194/3230 5266/1060/3230 5267/1059/3230 5367/1195/3230
f 5367/1195/3230 5267/1059/3230 5268/1058/3230 5368/1196/3230
f 5368/1196/3230 5268/1058/3230 5269/1057/3230 5369/1197/3230
f 5369/1197/3230 5269/1057/3230 5270/1056/3230 5370/1198/3230
f 5370/1198/3230 5270/1056/3230 5271/1055/3230 5371/1199/3230
f 5371/1199/3230 5271/1055/3230 5272/1054/3230 5372/1200/3230
f 5372/1200/3230 5272/1054/3230 5273/1053/3230 5373/1201/3230
f 5373/1201/3230 5273/1053/3230 5274/1052/3230 5374/1202/3230
f 5374/1202/3230 5274/1052/3230 5275/1051/3230 5375/1083/3230
f 5376/1122/755 5386/1131/755 5387/1134/755 5377/1123/755
f 5378/1124/755 5388/1135/755 5389/1136/755 5379/1125/755
f 5380/1126/755 5390/1137/755 5391/1140/755 5381/1127/755
f 5382/1128/755 5392/1141/755 5393/1143/755 5383/1129/755
f 5384/1130/755 5394/1132/755 5395/1097/755 5385/1096/755
f 5386/1131/755 5396/1146/755 5397/1147/755 5387/1134/755
f 5388/1135/755 5398/1148/755 5399/1151/755 5389/1136/755
f 5390/1137/755 5400/1152/755 5401/1154/755 5391/1140/755
f 5392/1141/755 5402/1153/755 5403/1142/755 5393/1143/755
f 5394/1132/755 5404/1133/755 5405/1098/755 5395/1097/755
f 5396/1146/755 5406/1157/755 5407/1160/755 5397/1147/755
f 5398/1148/755 5408/1161/755 5409/1162/755 5399/1151/755
f 5400/1152/755 5410/1163/755 5411/1166/755 5401/1154/755
f 5402/1153/755 5412/1167/755 5413/1170/755 5403/1142/755
f 5404/1133/755 5414/1171/755 5415/1099/755 5405/1098/755
f 5406/1157/755 5416/1174/755 5417/1165/755 5407/1160/755
f 5408/1161/755 5418/1155/755 5419/1145/755 5409/1162/755
f 5410/1163/755 5420/1138/755 5421/1176/755 5411/1166/755
f 5412/1167/755 5422/1177/755 5423/1180/755 5413/1170/755
f 5414/1171/755 5424/1181/755 5425/1100/755 5415/1099/755
f 5416/1174/755 5426/1175/755 5427/1164/755 5417/1165/755
f 5418/1155/755 5428/1156/755 5429/1144/755 5419/1145/755
f 5420/1138/755 5430/1139/755 5431/1185/755 5421/1176/755
f 5422/1177/755 5432/1186/755 5433/1187/755 5423/1180/755
f 5424/1181/755 5434/1188/755 5435/1101/755 5425/1100/755
f 5426/1175/755 5436/1189/755 5437/1191/755 5427/1164/755
f 5428/1156/755 5438/1192/755 5439/1193/755 5429/1144/755
f 5430/1139/755 5440/1190/755 5441/1182/755 5431/1185/755
f 5432/1186/755 5442/1178/755 5443/1169/755 5433/1187/755
f 5434/1188/755 5444/1158/755 5445/1102/755 5435/1101/755
f 5436/1189/755 5446/1183/755 5447/1184/755 5437/1191/755
f 5438/1192/755 5448/1172/755 5449/1173/755 5439/1193/755
f 5440/1190/755 5450/1149/755 5451/1150/755 5441/1182/755
f 5442/1178/755 5452/1179/755 5453/1168/755 5443/1169/755
f 5444/1158/755 5454/1159/755 5455/1103/755 5445/1102/755
f 5362/1179/1251 5363/1168/1251 5453/1168/1251 5452/1179/1251
f 5341/1185/3234 5331/1176/3234 5421/1176/3234 5431/1185/3234
f 5315/1098/3234 5305/1097/3234 5395/1097/3234 5405/1098/3234
f 5332/1177/3238 5342/1186/3238 5432/1186/3238 5422/1177/3238
f 5306/1146/3232 5316/1157/3232 5406/1157/3232 5396/1146/3232
f 5293/1129/1253 5292/1128/1253 5382/1128/1253 5383/1129/1253
f 5364/1159/1250 5365/1103/1250 5455/1103/1250 5454/1159/1250
f 5343/1187/3234 5333/1180/3234 5423/1180/3234 5433/1187/3234
f 5317/1160/3234 5307/1147/3234 5397/1147/3234 5407/1160/3234
f 5334/1181/3236 5344/1188/3236 5434/1188/3236 5424/1181/3236
f 5308/1148/3236 5318/1161/3236 5408/1161/3236 5398/1148/3236
f 5295/1096/1253 5294/1130/1253 5384/1130/1253 5385/1096/1253
f 5345/1101/3235 5335/1100/3235 5425/1100/3235 5435/1101/3235
f 5319/1162/3235 5309/1151/3235 5399/1151/3235 5409/1162/3235
f 5336/1175/3236 5346/1189/3236 5436/1189/3236 5426/1175/3236
f 5310/1152/3233 5320/1163/3233 5410/1163/3233 5400/1152/3233
f 5347/1191/3235 5337/1164/3235 5427/1164/3235 5437/1191/3235
f 5321/1166/3234 5311/1154/3234 5401/1154/3234 5411/1166/3234
f 5338/1156/3236 5348/1192/3236 5438/1192/3236 5428/1156/3236
f 5312/1153/3238 5322/1167/3238 5412/1167/3238 5402/1153/3238
f 5286/1122/3238 5296/1131/3238 5386/1131/3238 5376/1122/3238
f 5349/1193/3234 5339/1144/3234 5429/1144/3234 5439/1193/3234
f 5323/1170/3234 5313/1142/3234 5403/1142/3234 5413/1170/3234
f 5297/1134/3234 5287/1123/3234 5377/1123/3234 5387/1134/3234
f 5340/1139/3232 5350/1190/3232 5440/1190/3232 5430/1139/3232
f 5314/1133/3233 5324/1171/3233 5414/1171/3233 5404/1133/3233
f 5288/1124/3236 5298/1135/3236 5388/1135/3236 5378/1124/3236
f 5351/1182/3237 5341/1185/3237 5431/1185/3237 5441/1182/3237
f 5325/1099/3235 5315/1098/3235 5405/1098/3235 5415/1099/3235
f 5299/1136/3235 5289/1125/3235 5379/1125/3235 5389/1136/3235
f 5342/1186/3236 5352/1178/3236 5442/1178/3236 5432/1186/3236
f 5316/1157/3236 5326/1174/3236 5416/1174/3236 5406/1157/3236
f 5290/1126/3236 5300/1137/3236 5390/1137/3236 5380/1126/3236
f 5353/1169/3235 5343/1187/3235 5433/1187/3235 5443/1169/3235
f 5327/1165/3235 5317/1160/3235 5407/1160/3235 5417/1165/3235
f 5301/1140/3237 5291/1127/3237 5381/1127/3237 5391/1140/3237
f 5344/1188/3236 5354/1158/3236 5444/1158/3236 5434/1188/3236
f 5318/1161/3233 5328/1155/3233 5418/1155/3233 5408/1161/3233
f 5292/1128/3238 5302/1141/3238 5392/1141/3238 5382/1128/3238
f 5355/1102/3237 5345/1101/3237 5435/1101/3237 5445/1102/3237
f 5329/1145/3234 5319/1162/3234 5409/1162/3234 5419/1145/3234
f 5303/1143/3234 5293/1129/3234 5383/1129/3234 5393/1143/3234
f 5346/1189/3236 5356/1183/3236 5446/1183/3236 5436/1189/3236
f 5320/1163/3236 5330/1138/3236 5420/1138/3236 5410/1163/3236
f 5294/1130/3236 5304/1132/3236 5394/1132/3236 5384/1130/3236
l 905 894
l 983 892
